Scenario,Distance_m,SNR_dB,Trial,Seed,Baseline_m,Candidate_m,V3_m,V4_m,BaselineError_m,CandidateError_m,V3Error_m,V4Error_m,SelectedTwoPath,V4Selected,GateReason,V4Reason,PhaseNoise_rad,SplitRange_m,RelativeImprovement,EstimatedEchoAmplitude,ExcessDelay_ns,SingleCost,TwoPathCost
LOS,1,0,1,20261209,0.902881902049372,0.89476538380064,0.902881902049372,0.902881902049372,-0.0971180979506275,-0.10523461619936,-0.0971180979506275,-0.0971180979506275,0,0,candidate_invalid,candidate_invalid,NaN,NaN,0.0498521727238047,0.0113942008676059,84.4644720559797,0.00521859604284258,0.00495843769153903
LOS,1,0,2,20261209,0.922322410644945,3.12565983637625e-07,0.922322410644945,0.922322410644945,-0.0776775893550551,-0.999999687434016,-0.0776775893550551,-0.0776775893550551,0,0,insufficient_gain,insufficient_gain,NaN,NaN,0.140028722848754,0.260773478904541,19.2256691676865,0.00629846258353384,0.00541649691205093
LOS,1,0,3,20261209,0.811830364012042,0.803705724733826,0.811830364012042,0.811830364012042,-0.188169635987958,-0.196294275266174,-0.188169635987958,-0.188169635987958,0,0,candidate_invalid,candidate_invalid,NaN,NaN,0.0608479732518858,0.00921399624327935,95.9673264657786,0.00264111128137245,0.00248040501276825
LOS,1,0,4,20261209,0.875932702774887,0.764495335595258,0.875932702774887,0.875932702774887,-0.124067297225113,-0.235504664404742,-0.124067297225113,-0.124067297225113,0,0,insufficient_gain,insufficient_gain,NaN,NaN,0.229681937217249,0.0281110233513198,65.6966279469331,0.00408007960993495,0.00314295902112449
LOS,1,0,5,20261209,0.835836718202579,2.26976902633148,0.835836718202579,0.835836718202579,-0.164163281797421,1.26976902633148,-0.164163281797421,-0.164163281797421,0,0,insufficient_gain,insufficient_gain,NaN,NaN,0.141165864209629,0.24971586174705,17.1571747445783,0.00341458412323092,0.00293256140455855
LOS,1,0,6,20261209,1.11840894945306,1.07057495383949,1.11840894945306,1.11840894945306,0.118408949453058,0.070574953839488,0.118408949453058,0.118408949453058,0,0,candidate_invalid,candidate_invalid,NaN,NaN,0.0659607181643431,0.0111322196402286,53.6521251643797,0.00300273282957164,0.00280467041567745
LOS,1,0,7,20261209,1.0738561081656,2.41025901403483e-06,1.0738561081656,1.0738561081656,0.0738561081655982,-0.999997589740986,0.0738561081655982,0.0738561081655982,0,0,insufficient_gain,insufficient_gain,NaN,NaN,0.355347996393078,0.155450748573747,34.1762834555171,0.00418238574927154,0.00269618335312494
LOS,1,0,8,20261209,0.900005278982292,0.0237651821542358,0.900005278982292,0.900005278982292,-0.0999947210177078,-0.976234817845764,-0.0999947210177078,-0.0999947210177078,0,0,insufficient_gain,insufficient_gain,NaN,NaN,0.330972033697077,0.156473638178936,27.4419779663555,0.00296229564820605,0.00198185863310729
LOS,1,0,9,20261209,1.17024370628184,1.4441809990417,1.17024370628184,1.17024370628184,0.170243706281845,0.444180999041696,0.170243706281845,0.170243706281845,0,0,insufficient_gain,insufficient_gain,NaN,NaN,0.0321785125829864,0.354340960538772,5.00000288378824,0.00403335925597892,0.0039035717544087
LOS,1,0,10,20261209,1.14309493175148,2.17900570883189,1.14309493175148,1.14309493175148,0.143094931751476,1.17900570883189,0.143094931751476,0.143094931751476,0,0,insufficient_gain,insufficient_gain,NaN,NaN,0.0341084147173115,0.208608556217896,14.3799244841613,0.00303223299367095,0.0029288083332033
LOS,1,0,11,20261209,1.1352122788978,1.13272460695972,1.1352122788978,1.1352122788978,0.135212278897804,0.132724606959717,0.135212278897804,0.135212278897804,0,0,candidate_invalid,candidate_invalid,NaN,NaN,0.331997141884553,0.0188373833970835,90.0953077461492,0.00195052112548821,0.00130295368664068
LOS,1,0,12,20261209,0.946029204811101,0.966182271628737,0.946029204811101,0.946029204811101,-0.0539707951888992,-0.0338177283712626,-0.0539707951888992,-0.0539707951888992,0,0,candidate_invalid,candidate_invalid,NaN,NaN,0.0636093344146003,0.0128237261381639,99.6557716380421,0.00492154962188862,0.00460849312615186
LOS,1,0,13,20261209,1.15607964092678,1.14647758943518,1.15607964092678,1.15607964092678,0.156079640926781,0.146477589435182,0.156079640926781,0.156079640926781,0,0,candidate_invalid,candidate_invalid,NaN,NaN,0.0143206202933872,0.00676877829280116,99.9999995553475,0.00545619350087057,0.00537805742549735
LOS,1,0,14,20261209,1.07211954212836,0.504909770508011,1.07211954212836,1.07211954212836,0.0721195421283629,-0.495090229491989,0.0721195421283629,0.0721195421283629,0,0,insufficient_gain,insufficient_gain,NaN,NaN,0.0736437234431056,0.109201555441821,23.750123065175,0.0040740367491956,0.00377400951354079
LOS,1,0,15,20261209,0.836580384007217,1.22097761172089,0.836580384007217,0.836580384007217,-0.163419615992783,0.220977611720886,-0.163419615992783,-0.163419615992783,0,0,insufficient_gain,insufficient_gain,NaN,NaN,0.0548733278909734,0.0740054893402437,20.5087995292834,0.00438581610191502,0.00414515177688513
LOS,1,0,16,20261209,0.890658649694486,0.865987886059219,0.890658649694486,0.890658649694486,-0.109341350305514,-0.134012113940781,-0.109341350305514,-0.109341350305514,0,0,candidate_invalid,candidate_invalid,NaN,NaN,0.10970912398567,0.0135222521369609,99.2629657779131,0.00799952086915745,0.0071219004422971
LOS,1,0,17,20261209,0.903807552522746,0.309244756053087,0.903807552522746,0.903807552522746,-0.0961924474772539,-0.690755243946913,-0.0961924474772539,-0.0961924474772539,0,0,insufficient_gain,insufficient_gain,NaN,NaN,0.147074244899971,0.0884427205618583,34.2273296239546,0.00338343435487132,0.00288581830196
LOS,1,0,18,20261209,1.32307397642737,0.803573219455972,1.32307397642737,1.32307397642737,0.32307397642737,-0.196426780544028,0.32307397642737,0.32307397642737,0,0,insufficient_gain,insufficient_gain,NaN,NaN,0.266778471683909,0.100088746986884,29.3721246825014,0.00379479794517024,0.00278242754900848
LOS,1,0,19,20261209,0.831064623087893,1.04145430668984e-05,0.831064623087893,0.831064623087893,-0.168935376912107,-0.999989585456933,-0.168935376912107,-0.168935376912107,0,0,insufficient_gain,insufficient_gain,NaN,NaN,0.198224334238289,0.124694614702232,33.6115339189154,0.00498670075954832,0.00399821532144129
LOS,1,0,20,20261209,1.19171867251785,1.17765971136446,1.19171867251785,1.19171867251785,0.191718672517849,0.177659711364463,0.191718672517849,0.191718672517849,0,0,candidate_invalid,candidate_invalid,NaN,NaN,0,1.57364411384056e-11,31.9207717407174,0.00415275143813076,0.00415275143817895
LOS,1,0,21,20261209,1.17244224277567,1.1837717697084,1.17244224277567,1.17244224277567,0.172442242775672,0.183771769708395,0.172442242775672,0.172442242775672,0,0,insufficient_gain,insufficient_gain,NaN,NaN,0.142860852181785,0.0214092414444515,99.9720084326441,0.00525098937290358,0.00450082855629308
LOS,1,0,22,20261209,0.923184380711448,0.927478203584509,0.923184380711448,0.923184380711448,-0.0768156192885516,-0.0725217964154905,-0.0768156192885516,-0.0768156192885516,0,0,candidate_invalid,candidate_invalid,NaN,NaN,0.00548531504335804,0.00379102318768348,36.4848710653073,0.00192911785115535,0.001918536031986
LOS,1,0,23,20261209,0.701792624732861,0.735820335242327,0.701792624732861,0.701792624732861,-0.298207375267139,-0.264179664757673,-0.298207375267139,-0.298207375267139,0,0,insufficient_gain,insufficient_gain,NaN,NaN,0.195182442833928,0.0209414050574668,99.6308566794067,0.00446928633892685,0.0035969601135708
LOS,1,0,24,20261209,0.999727282908707,1.92912757045752,0.999727282908707,0.999727282908707,-0.000272717091293173,0.929127570457521,-0.000272717091293173,-0.000272717091293173,0,0,insufficient_gain,insufficient_gain,NaN,NaN,0.0330711916946261,0.165365193399993,18.3277220450109,0.00514696924723079,0.00497675284060928
LOS,1,0,25,20261209,1.1501482454345,1.14044980014087,1.1501482454345,1.1501482454345,0.150148245434504,0.14044980014087,0.150148245434504,0.150148245434504,0,0,candidate_invalid,candidate_invalid,NaN,NaN,0.275010169745493,0.019992248497295,99.9999994323192,0.00246440976272155,0.00178667201555305
LOS,1,0,26,20261209,0.773181641341607,0.560194621118546,0.773181641341607,0.773181641341607,-0.226818358658393,-0.439805378881454,-0.226818358658393,-0.226818358658393,0,0,insufficient_gain,insufficient_gain,NaN,NaN,0.091764938230308,0.0312621510601411,40.816748896332,0.00373763264629967,0.0033946490173844
LOS,1,0,27,20261209,0.995693545687511,1.02889269081186,0.995693545687511,0.995693545687511,-0.00430645431248911,0.0288926908118574,-0.00430645431248911,-0.00430645431248911,0,0,candidate_invalid,candidate_invalid,NaN,NaN,0.168072124993523,0.0130145993204108,99.6082276416376,0.00196512144878169,0.0016348393110146
LOS,1,0,28,20261209,0.987651556451762,1.19236346014969,0.987651556451762,0.987651556451762,-0.0123484435482379,0.19236346014969,-0.0123484435482379,-0.0123484435482379,0,0,insufficient_gain,insufficient_gain,NaN,NaN,0.0146247949504927,0.209189309928525,5.00000566364631,0.00358216058539162,0.00352977222135054
LOS,1,0,29,20261209,1.13308063967988,1.18867110489843,1.13308063967988,1.13308063967988,0.133080639679878,0.188671104898429,0.133080639679878,0.133080639679878,0,0,insufficient_gain,insufficient_gain,NaN,NaN,0.277651746368666,0.0243326833686881,99.9999921404839,0.00399855614099009,0.00288835004549104
LOS,1,0,30,20261209,1.05170220439701,1.07640498855323,1.05170220439701,1.05170220439701,0.0517022043970059,0.0764049885532327,0.0517022043970059,0.0517022043970059,0,0,candidate_invalid,candidate_invalid,NaN,NaN,0.279597330165753,0.0182012137146907,64.1331085070609,0.00236242570145451,0.00170189778261287
LOS,1,0,31,20261209,0.991074341198789,0.675245019066876,0.991074341198789,0.991074341198789,-0.00892565880121077,-0.324754980933124,-0.00892565880121077,-0.00892565880121077,0,0,insufficient_gain,insufficient_gain,NaN,NaN,0.0404407628247389,0.0566442884004788,25.3076133266833,0.00224768042461121,0.0021567825136537
LOS,1,0,32,20261209,0.992270129217258,0.961755330055006,0.992270129217258,0.992270129217258,-0.00772987078274212,-0.0382446699449936,-0.00772987078274212,-0.00772987078274212,0,0,candidate_invalid,candidate_invalid,NaN,NaN,0.186935745404285,0.0119598001225556,99.523479515911,0.00191475059609147,0.00155681526614782
LOS,1,0,33,20261209,1.00428726347233,1.0768646813836,1.00428726347233,1.00428726347233,0.00428726347232611,0.0768646813836034,0.00428726347232611,0.00428726347232611,0,0,insufficient_gain,insufficient_gain,NaN,NaN,0.50256916508294,0.0356127202819937,74.5352279840091,0.00403906488897365,0.00200915542000635
LOS,1,0,34,20261209,0.988171095818443,1.11959678467813,0.988171095818443,0.988171095818443,-0.0118289041815567,0.119596784678135,-0.0118289041815567,-0.0118289041815567,0,0,insufficient_gain,insufficient_gain,NaN,NaN,0.00655995327165737,0.0878056145835759,8.74314470715568,0.00387073917713465,0.00384534730900588
LOS,1,0,35,20261209,0.692367337909033,0.706946789828245,0.692367337909033,0.692367337909033,-0.307632662090967,-0.293053210171755,-0.307632662090967,-0.307632662090967,0,0,insufficient_gain,insufficient_gain,NaN,NaN,0.292868344329257,0.0210916638288525,99.9999545590529,0.00276810072714029,0.0019574116502461
LOS,1,0,36,20261209,0.982631940490382,1.00597461571234,0.982631940490382,0.982631940490382,-0.0173680595096183,0.00597461571233771,-0.0173680595096183,-0.0173680595096183,0,0,candidate_invalid,candidate_invalid,NaN,NaN,0.127696583721784,0.0177904988883786,99.9612214344529,0.00650606133817044,0.0056752595318017
LOS,1,0,37,20261209,0.92033820904925,0.00133225714283304,0.92033820904925,0.92033820904925,-0.0796617909507497,-0.998667742857167,-0.0796617909507497,-0.0796617909507497,0,0,insufficient_gain,insufficient_gain,NaN,NaN,0.421311702106472,0.134232912121443,35.6537999917735,0.00224770179253331,0.00130071872449333
LOS,1,0,38,20261209,0.983251383707284,0.811076201132372,0.983251383707284,0.983251383707284,-0.0167486162927158,-0.188923798867628,-0.0167486162927158,-0.0167486162927158,0,0,insufficient_gain,insufficient_gain,NaN,NaN,0.00424386137205438,0.190129782877078,5.90793445264047,0.00370256749595432,0.00368685431278082
LOS,1,0,39,20261209,1.08888059596948,0.7220939850165,1.08888059596948,1.08888059596948,0.0888805959694796,-0.2779060149835,0.0888805959694796,0.0888805959694796,0,0,insufficient_gain,insufficient_gain,NaN,NaN,0.102950812302527,0.0710448446935302,27.593947474713,0.00400971566961728,0.003596912184328
LOS,1,0,40,20261209,1.08620134043722,1.40781651499863,1.08620134043722,1.08620134043722,0.0862013404372224,0.407816514998629,0.0862013404372224,0.0862013404372224,0,0,insufficient_gain,insufficient_gain,NaN,NaN,0.529420377417568,0.0519916046897377,46.9986840712219,0.00275410006972177,0.00129602337136392
LOS,1,0,41,20261209,0.98988127523293,0.790212658319999,0.98988127523293,0.98988127523293,-0.0101187247670704,-0.209787341680001,-0.0101187247670704,-0.0101187247670704,0,0,insufficient_gain,insufficient_gain,NaN,NaN,0.113535273250793,0.0310337682197591,40.8912183781324,0.00210917376486863,0.00186970814514087
LOS,1,0,42,20261209,1.10415663288815,1.09851746883271,1.10415663288815,1.10415663288815,0.104156632888149,0.0985174688327128,0.104156632888149,0.104156632888149,0,0,insufficient_gain,insufficient_gain,NaN,NaN,0.212002231544319,0.0231463162485753,89.2770447978476,0.00462947122453317,0.00364801299406192
LOS,1,0,43,20261209,1.01194557140101,0.19090325762028,1.01194557140101,1.01194557140101,0.0119455714010117,-0.80909674237972,0.0119455714010117,0.0119455714010117,0,0,insufficient_gain,insufficient_gain,NaN,NaN,0.144359811461144,0.11676624582263,34.0615790768965,0.00352267887631919,0.00301414561789559
LOS,1,0,44,20261209,1.06691697372814,1.08528108551655,1.06691697372814,1.06691697372814,0.0669169737281421,0.0852810855165493,0.0669169737281421,0.0669169737281421,0,0,candidate_invalid,candidate_invalid,NaN,NaN,0.118811194542386,0.0181817104149527,74.3173826641058,0.00564514694161145,0.00497444029011129
LOS,1,0,45,20261209,1.13091286124677,1.09697325093093,1.13091286124677,1.13091286124677,0.130912861246774,0.0969732509309251,0.130912861246774,0.130912861246774,0,0,insufficient_gain,insufficient_gain,NaN,NaN,0.16694258243104,0.0212109650952903,90.5966975107033,0.00525277337771679,0.00437586182511573
LOS,1,0,46,20261209,1.09635662823325,1.09127130388687,1.09635662823325,1.09635662823325,0.0963566282332509,0.0912713038868729,0.0963566282332509,0.0963566282332509,0,0,candidate_invalid,candidate_invalid,NaN,NaN,0.0804283397813606,0.010334690416227,99.9813970061053,0.00509897383706837,0.00468887183676436
LOS,1,0,47,20261209,1.05253654955343,1.04694294081836,1.05253654955343,1.05253654955343,0.0525365495534336,0.0469429408183624,0.0525365495534336,0.0525365495534336,0,0,candidate_invalid,candidate_invalid,NaN,NaN,0.0532509216333087,0.00904612454653843,99.9785004058574,0.0025156436261764,0.00238168328458155
LOS,1,0,48,20261209,0.976803588853679,0.000312767939773381,0.976803588853679,0.976803588853679,-0.0231964111463214,-0.999687232060227,-0.0231964111463214,-0.0231964111463214,0,0,insufficient_gain,insufficient_gain,NaN,NaN,0.170416999759809,0.191169135399888,23.5319124706563,0.00311403772091046,0.00258335275537402
LOS,1,0,49,20261209,0.855872112568052,0.918935940422721,0.855872112568052,0.855872112568052,-0.144127887431948,-0.0810640595772789,-0.144127887431948,-0.144127887431948,0,0,insufficient_gain,insufficient_gain,NaN,NaN,0.457620524819941,0.030602025695243,99.9998536237819,0.00341705823158067,0.00185334225030442
LOS,1,0,50,20261209,0.776224289751533,0.778654907867271,0.776224289751533,0.776224289751533,-0.223775710248467,-0.221345092132729,-0.223775710248467,-0.223775710248467,0,0,insufficient_gain,insufficient_gain,NaN,NaN,0.0494312602326683,0.1122940876953,8.78016365167487,0.00107747641640721,0.00102421539927322
LOS,3,0,1,20261209,3.14285924212777,3.13395385330002,3.14285924212777,3.14285924212777,0.142859242127768,0.133953853300016,0.142859242127768,0.142859242127768,0,0,candidate_invalid,candidate_invalid,NaN,NaN,0,2.15163216284154e-13,90.6252045001434,0.00375307688189053,0.0037530768818943
LOS,3,0,2,20261209,2.91526226881569,3.54823940571835,2.91526226881569,2.91526226881569,-0.0847377311843096,0.548239405718354,-0.0847377311843096,-0.0847377311843096,0,0,insufficient_gain,insufficient_gain,NaN,NaN,0.0254382993281133,0.115440918250603,18.4663118693503,0.00295184993753894,0.00287675989525615
LOS,3,0,3,20261209,2.82101374981776,1.61903623970637,2.82101374981776,2.82101374981776,-0.178986250182244,-1.38096376029363,-0.178986250182244,-0.178986250182244,0,0,insufficient_gain,insufficient_gain,NaN,NaN,0.0597216660484805,0.20917029111027,26.0198486926437,0.00505442947043644,0.00475257052153744
LOS,3,0,4,20261209,3.24831650955206,3.24462194552776,3.24831650955206,3.24831650955206,0.248316509552063,0.244621945527765,0.248316509552063,0.248316509552063,0,0,insufficient_gain,insufficient_gain,NaN,NaN,0.387516854965735,0.02932362035977,86.5599573580597,0.00428148068634204,0.00262233475617424
LOS,3,0,5,20261209,2.87996902927489,2.46473680871271,2.87996902927489,2.87996902927489,-0.120030970725113,-0.53526319128729,-0.120030970725113,-0.120030970725113,0,0,insufficient_gain,insufficient_gain,NaN,NaN,0.0314719481130604,0.0657088910265912,26.8228480178761,0.00379882367419793,0.0036792672926329
LOS,3,0,6,20261209,3.02647137345611,3.041064612069,3.02647137345611,3.02647137345611,0.0264713734561086,0.0410646120689986,0.0264713734561086,0.0264713734561086,0,0,candidate_invalid,candidate_invalid,NaN,NaN,0.122389015018759,0.01423271553545,98.5349604888701,0.00284220095337839,0.00249434677820903
LOS,3,0,7,20261209,2.90026087722759,2.3008300897649,2.90026087722759,2.90026087722759,-0.0997391227724069,-0.699169910235105,-0.0997391227724069,-0.0997391227724069,0,0,insufficient_gain,insufficient_gain,NaN,NaN,0.0207815861393008,0.117820660075952,19.9090583169394,0.00381872032856534,0.00373936126311536
LOS,3,0,8,20261209,2.84424201187255,3.8361893858462,2.84424201187255,2.84424201187255,-0.155757988127452,0.836189385846197,-0.155757988127452,-0.155757988127452,0,0,insufficient_gain,insufficient_gain,NaN,NaN,0.0271629598268739,0.174400091456515,18.2032264962639,0.00834173261335902,0.00811514646549583
LOS,3,0,9,20261209,3.32476462397824,3.37029816499079,3.32476462397824,3.32476462397824,0.324764623978245,0.370298164990793,0.324764623978245,0.324764623978245,0,0,insufficient_gain,insufficient_gain,NaN,NaN,0.40690657476451,0.0291253196464304,92.7895203572099,0.00379612958444264,0.00225145949787486
LOS,3,0,10,20261209,2.99009042224011,1.66390841474405,2.99009042224011,2.99009042224011,-0.00990957775988699,-1.33609158525595,-0.00990957775988699,-0.00990957775988699,0,0,insufficient_gain,insufficient_gain,NaN,NaN,0.265915080702347,0.209534359196537,30.4121015229514,0.00324510164833702,0.00238218018163217
LOS,3,0,11,20261209,3.0707742611641,1.96121849760602,3.0707742611641,3.0707742611641,0.0707742611640989,-1.03878150239398,0.0707742611640989,0.0707742611640989,0,0,insufficient_gain,insufficient_gain,NaN,NaN,0.14126828368971,0.164985136315618,32.0190433514979,0.00374057615468337,0.0032121513813006
LOS,3,0,12,20261209,3.1351519571429,2.95665651845239,3.1351519571429,3.1351519571429,0.1351519571429,-0.0433434815476064,0.1351519571429,0.1351519571429,0,0,insufficient_gain,insufficient_gain,NaN,NaN,0.40462076847525,0.0400380818190049,61.4459819147782,0.00405527440643416,0.00241442615972476
LOS,3,0,13,20261209,3.08866833180808,2.21522264295712,3.08866833180808,3.08866833180808,0.0886683318080821,-0.784777357042875,0.0886683318080821,0.0886683318080821,0,0,insufficient_gain,insufficient_gain,NaN,NaN,0.0404932427608136,0.149836291255955,26.2437248580524,0.005521405033172,0.00529782543878299
LOS,3,0,14,20261209,3.25259647976515,3.94607238874333,3.25259647976515,3.25259647976515,0.252596479765146,0.94607238874333,0.252596479765146,0.252596479765146,0,0,insufficient_gain,insufficient_gain,NaN,NaN,0.0314565228245747,0.152416777131818,14.6118156089243,0.00244571476369471,0.00236878108140814
LOS,3,0,15,20261209,2.96869700920309,2.95438447866057,2.96869700920309,2.96869700920309,-0.0313029907969056,-0.0456155213394283,-0.0313029907969056,-0.0313029907969056,0,0,candidate_invalid,candidate_invalid,NaN,NaN,0.0825513673217425,0.0154542400557076,99.9956626598503,0.00486334379709596,0.00446186811688998
LOS,3,0,16,20261209,2.67115238189457,2.26103592151369,2.67115238189457,2.67115238189457,-0.328847618105425,-0.738964078486307,-0.328847618105425,-0.328847618105425,0,0,insufficient_gain,insufficient_gain,NaN,NaN,0.0617237645248486,0.0867294850927232,21.3229521369212,0.00315723644198806,0.00296235992329352
LOS,3,0,17,20261209,3.16559383588937,0.815545678596881,3.16559383588937,3.16559383588937,0.165593835889366,-2.18445432140312,0.165593835889366,0.165593835889366,0,0,insufficient_gain,insufficient_gain,NaN,NaN,0.165769061643134,0.436872535069414,28.3289103419726,0.00506538060677331,0.00422569721672317
LOS,3,0,18,20261209,3.34775501647656,3.31304934101167,3.34775501647656,3.34775501647656,0.347755016476557,0.313049341011674,0.347755016476557,0.347755016476557,0,0,candidate_invalid,candidate_invalid,NaN,NaN,0.0223907490533693,0.00604995344276174,99.9742652143423,0.00289581814603657,0.00283097860862447
LOS,3,0,19,20261209,2.81597543430113,2.76841656361686,2.81597543430113,2.81597543430113,-0.184024565698872,-0.231583436383142,-0.184024565698872,-0.184024565698872,0,0,weak_echo,weak_echo,NaN,NaN,0.628296831300118,0.0343993924373574,76.1993413821874,0.00315354415817404,0.00117218235622829
LOS,3,0,20,20261209,3.04293495767272,3.0347641282112,3.04293495767272,3.04293495767272,0.04293495767272,0.0347641282112008,0.04293495767272,0.04293495767272,0,0,candidate_invalid,candidate_invalid,NaN,NaN,0.0424993887831399,0.00722618936857791,99.9997190479039,0.00214591689236499,0.00205471673606006
LOS,3,0,21,20261209,3.10139323807477,2.72751188122524,3.10139323807477,3.10139323807477,0.101393238074774,-0.272488118774755,0.101393238074774,0.101393238074774,0,0,insufficient_gain,insufficient_gain,NaN,NaN,0.300522200442807,0.0746732277442546,30.845939379039,0.00366912692043253,0.00256647282460021
LOS,3,0,22,20261209,2.94338511575596,2.59393118753828,2.94338511575596,2.94338511575596,-0.0566148842440395,-0.406068812461725,-0.0566148842440395,-0.0566148842440395,0,0,insufficient_gain,insufficient_gain,NaN,NaN,0.356422894200341,0.0550884987099588,53.7926336285878,0.00304819108727972,0.0019617459978758
LOS,3,0,23,20261209,2.92322958013422,2.88553580096462,2.92322958013422,2.92322958013422,-0.0767704198657806,-0.114464199035377,-0.0767704198657806,-0.0767704198657806,0,0,insufficient_gain,insufficient_gain,NaN,NaN,0.16191236555431,0.0216527448455331,99.9488565360763,0.00524074131200236,0.00439220048891786
LOS,3,0,24,20261209,3.00315349936358,4.01874331952203,3.00315349936358,3.00315349936358,0.00315349936358489,1.01874331952203,0.00315349936358489,0.00315349936358489,0,0,insufficient_gain,insufficient_gain,NaN,NaN,0.0179216876502665,0.216091867580632,13.5216117050555,0.00538413799002857,0.00528764515070534
LOS,3,0,25,20261209,3.27071016301938,2.71039499736082,3.27071016301938,3.27071016301938,0.270710163019381,-0.289605002639179,0.270710163019381,0.270710163019381,0,0,insufficient_gain,insufficient_gain,NaN,NaN,0.0579744283088958,0.0837946993521516,30.638082286444,0.00385439978677415,0.00363094316266199
LOS,3,0,26,20261209,2.7800479997614,5.16822774108366,2.7800479997614,2.7800479997614,-0.219952000238604,2.16822774108366,-0.219952000238604,-0.219952000238604,0,0,insufficient_gain,insufficient_gain,NaN,NaN,0.344339196746252,0.484898431623236,9.66879043000343,0.00240149739681184,0.00157456771220543
LOS,3,0,27,20261209,3.05432769713105,3.81059058816288,3.05432769713105,3.05432769713105,0.0543276971310522,0.81059058816288,0.0543276971310522,0.0543276971310522,0,0,insufficient_gain,insufficient_gain,NaN,NaN,0.103048775571932,0.145520170133309,18.1263853775331,0.00298669552125741,0.00267892020478566
LOS,3,0,28,20261209,2.98757493234176,3.66290362827944,2.98757493234176,2.98757493234176,-0.0124250676582438,0.662903628279444,-0.0124250676582438,-0.0124250676582438,0,0,insufficient_gain,insufficient_gain,NaN,NaN,0.0695032673557033,0.19322203925532,11.0499956989003,0.00303837117281613,0.00282719444886603
LOS,3,0,29,20261209,2.98340809285886,2.13842936980434,2.98340809285886,2.98340809285886,-0.016591907141144,-0.861570630195659,-0.016591907141144,-0.016591907141144,0,0,insufficient_gain,insufficient_gain,NaN,NaN,0.068522487167801,0.139671171345231,26.8623418382003,0.0030114936701584,0.00280513863378906
LOS,3,0,30,20261209,2.97296353859036,2.92810020587329,2.97296353859036,2.97296353859036,-0.0270364614096383,-0.071899794126713,-0.0270364614096383,-0.0270364614096383,0,0,insufficient_gain,insufficient_gain,NaN,NaN,0.00121969876530714,0.144324874198767,5.19388641080555,0.00234332349907707,0.00234046535029853
LOS,3,0,31,20261209,3.07205933668782,1.89441475791456,3.07205933668782,3.07205933668782,0.0720593366878202,-1.10558524208544,0.0720593366878202,0.0720593366878202,0,0,insufficient_gain,insufficient_gain,NaN,NaN,0.21672602883835,0.571435109703682,14.8850772576592,0.00585540857456501,0.00458638912697351
LOS,3,0,32,20261209,3.03710657557857,3.3496505359979,3.03710657557857,3.03710657557857,0.0371065755785653,0.349650535997901,0.0371065755785653,0.0371065755785653,0,0,insufficient_gain,insufficient_gain,NaN,NaN,0.0232059810047404,0.0515153980360961,22.703287366103,0.00310066081371763,0.00302870693777235
LOS,3,0,33,20261209,3.11158325049472,3.99323825249482,3.11158325049472,3.11158325049472,0.111583250494721,0.99323825249482,0.111583250494721,0.111583250494721,0,0,insufficient_gain,insufficient_gain,NaN,NaN,0.196659299435519,0.159445831254426,19.3161300952558,0.00316844094019442,0.00254533756459296
LOS,3,0,34,20261209,2.93918367835998,4.05644079357275,2.93918367835998,2.93918367835998,-0.0608163216400186,1.05644079357275,-0.0608163216400186,-0.0608163216400186,0,0,insufficient_gain,insufficient_gain,NaN,NaN,0.195036705473481,0.22993370816488,15.0898094836305,0.00373330565529417,0.00300517401976008
LOS,3,0,35,20261209,3.00831978323439,2.0994882315967,3.00831978323439,3.00831978323439,0.00831978323438598,-0.9005117684033,0.00831978323438598,0.00831978323438598,0,0,insufficient_gain,insufficient_gain,NaN,NaN,0.110014282683055,0.130028308943519,34.4179537935118,0.00545683980259759,0.00485650948599847
LOS,3,0,36,20261209,3.00004528461032,2.9692802907528,3.00004528461032,3.00004528461032,4.52846103171645e-05,-0.0307197092471965,4.52846103171645e-05,4.52846103171645e-05,0,0,insufficient_gain,insufficient_gain,NaN,NaN,0.404955563232273,0.0306392113653594,75.181795169413,0.00440657504437714,0.00262210796535611
LOS,3,0,37,20261209,2.86246847931731,2.28857294573067,2.86246847931731,2.86246847931731,-0.137531520682689,-0.711427054269333,-0.137531520682689,-0.137531520682689,0,0,insufficient_gain,insufficient_gain,NaN,NaN,0.160191325112505,0.0770714959875621,37.4902752140424,0.0027669249480553,0.00232368757413948
LOS,3,0,38,20261209,2.90307436500982,2.96950188193875,2.90307436500982,2.90307436500982,-0.0969256349901819,-0.0304981180612476,-0.0969256349901819,-0.0969256349901819,0,0,insufficient_gain,insufficient_gain,NaN,NaN,0.276715979269005,0.0297514648051152,98.1339258996561,0.00568485539971819,0.00411176507078248
LOS,3,0,39,20261209,2.85243907880613,2.65981646469458,2.85243907880613,2.85243907880613,-0.147560921193868,-0.340183535305421,-0.147560921193868,-0.147560921193868,0,0,insufficient_gain,insufficient_gain,NaN,NaN,0.0241344564130707,0.0287794860554666,25.4959251559429,0.00425797746793855,0.00415521349633075
LOS,3,0,40,20261209,3.02708028432955,2.40327926445567,3.02708028432955,3.02708028432955,0.0270802843295521,-0.596720735544327,0.0270802843295521,0.0270802843295521,0,0,insufficient_gain,insufficient_gain,NaN,NaN,0.263474401005819,0.228131987485645,18.0774403013326,0.00462374102822904,0.00340550363041037
LOS,3,0,41,20261209,3.12750189188513,1.92617026818032,3.12750189188513,3.12750189188513,0.127501891885126,-1.07382973181968,0.127501891885126,0.127501891885126,0,0,insufficient_gain,insufficient_gain,NaN,NaN,0.20423752043055,0.169148313504448,35.7763891750623,0.00651315045910805,0.00518292075914872
LOS,3,0,42,20261209,3.1099510258148,3.12764834950751,3.1099510258148,3.1099510258148,0.109951025814798,0.127648349507508,0.109951025814798,0.109951025814798,0,0,insufficient_gain,insufficient_gain,NaN,NaN,0.403395775677528,0.0280982347397159,91.6064837078511,0.00371095571366253,0.00221397185504468
LOS,3,0,43,20261209,2.85334871374583,2.79487547346948,2.85334871374583,2.85334871374583,-0.146651286254166,-0.205124526530522,-0.146651286254166,-0.146651286254166,0,0,insufficient_gain,insufficient_gain,NaN,NaN,0.293252583557509,0.0346872966870163,37.6520338893525,0.00323904396425934,0.00228918595348393
LOS,3,0,44,20261209,3.0090018172097,3.21170214339686,3.0090018172097,3.0090018172097,0.00900181720969595,0.211702143396862,0.00900181720969595,0.00900181720969595,0,0,insufficient_gain,insufficient_gain,NaN,NaN,0.190047427458587,0.0355990202126999,48.5737802145072,0.00431203724531137,0.00349254565973434
LOS,3,0,45,20261209,3.20268293730106,4.1631167413988,3.20268293730106,3.20268293730106,0.202682937301064,1.1631167413988,0.202682937301064,0.202682937301064,0,0,insufficient_gain,insufficient_gain,NaN,NaN,0.0600571813801106,0.321850693017701,7.57261467880678,0.00222347894005792,0.00208994306206001
LOS,3,0,46,20261209,2.99466503272993,3.73645545658027,2.99466503272993,2.99466503272993,-0.00533496727007332,0.736455456580274,-0.00533496727007332,-0.00533496727007332,0,0,insufficient_gain,insufficient_gain,NaN,NaN,0.066580722456842,0.16914240132648,13.9977880272939,0.00237000273685295,0.00221220624240859
LOS,3,0,47,20261209,2.91812123023231,2.97216946842557,2.91812123023231,2.91812123023231,-0.0818787697676875,-0.0278305315744332,-0.0818787697676875,-0.0818787697676875,0,0,insufficient_gain,insufficient_gain,NaN,NaN,0.334077364498194,0.0250176140846806,99.999926609447,0.00354911996285945,0.00236343931937943
LOS,3,0,48,20261209,2.87292839991468,2.19133346249773,2.87292839991468,2.87292839991468,-0.127071600085316,-0.808666537502271,-0.127071600085316,-0.127071600085316,0,0,insufficient_gain,insufficient_gain,NaN,NaN,0.170421434757186,0.0995323463322193,32.6812761355416,0.00215510021012832,0.00178782494027274
LOS,3,0,49,20261209,3.04592361918592,4.11074344842819,3.04592361918592,3.04592361918592,0.04592361918592,1.11074344842819,0.04592361918592,0.04592361918592,0,0,insufficient_gain,insufficient_gain,NaN,NaN,0.0372531136257283,0.220355733335002,14.0352584142207,0.00568653612004555,0.00547469494382868
LOS,3,0,50,20261209,2.87750928293078,2.90698512040412,2.87750928293078,2.87750928293078,-0.122490717069221,-0.0930148795958772,-0.122490717069221,-0.122490717069221,0,0,insufficient_gain,insufficient_gain,NaN,NaN,0.049221299484989,0.0305841414936537,25.1559080630882,0.00423482361970517,0.00402638009805356
LOS,5,0,1,20261209,5.06982749198416,2.55739019136947,5.06982749198416,5.06982749198416,0.0698274919841575,-2.44260980863053,0.0698274919841575,0.0698274919841575,0,0,insufficient_gain,insufficient_gain,NaN,NaN,0.273087235658494,0.449699780171108,29.4835441715414,0.00257442052101675,0.00187137913750979
LOS,5,0,2,20261209,5.08315859418528,4.84899944867736,5.08315859418528,5.08315859418528,0.0831585941852797,-0.151000551322635,0.0831585941852797,0.0831585941852797,0,0,insufficient_gain,insufficient_gain,NaN,NaN,0.0867573671119085,0.0706069014132449,20.5276706120516,0.00315655525055547,0.00288270082787401
LOS,5,0,3,20261209,4.93541444236173,4.9259450896683,4.93541444236173,4.93541444236173,-0.0645855576382672,-0.0740549103317001,-0.0645855576382672,-0.0645855576382672,0,0,insufficient_gain,insufficient_gain,NaN,NaN,0.395233003418303,0.0217905516770382,85.8201492405713,0.00224987373609342,0.00136064938206526
LOS,5,0,4,20261209,4.91574149892918,6.26867789424618,4.91574149892918,4.91574149892918,-0.0842585010708179,1.26867789424618,-0.0842585010708179,-0.0842585010708179,0,0,insufficient_gain,insufficient_gain,NaN,NaN,0.329319756783136,0.292166707547565,13.1370082994579,0.00330468616494239,0.00221638772085897
LOS,5,0,5,20261209,4.96801841015457,4.9818167504778,4.96801841015457,4.96801841015457,-0.0319815898454303,-0.0181832495222007,-0.0319815898454303,-0.0319815898454303,0,0,candidate_invalid,candidate_invalid,NaN,NaN,1.2556570683485e-05,0.00454816035916456,7.23259149895396,0.00204365945301554,0.00204363379166117
LOS,5,0,6,20261209,4.98015630144122,4.98144300818147,4.98015630144122,4.98015630144122,-0.0198436985587769,-0.0185569918185333,-0.0198436985587769,-0.0198436985587769,0,0,insufficient_gain,insufficient_gain,NaN,NaN,0.211633100384789,0.0212202200727557,99.9999635661192,0.0029191322804194,0.00230134726548092
LOS,5,0,7,20261209,5.1194775314649,5.48782576381144,5.1194775314649,5.1194775314649,0.119477531464905,0.487825763811436,0.119477531464905,0.119477531464905,0,0,insufficient_gain,insufficient_gain,NaN,NaN,0.00509702728430435,0.0894106654523567,13.961909093894,0.00200616607385329,0.00199594059063801
LOS,5,0,8,20261209,4.90886303314962,5.11888431094471,4.90886303314962,4.90886303314962,-0.0911369668503772,0.11888431094471,-0.0911369668503772,-0.0911369668503772,0,0,candidate_invalid,candidate_invalid,NaN,NaN,0,0.126422892304578,5.00001946486125,0.0030433082060668,0.00304922998151747
LOS,5,0,9,20261209,4.9575777892182,5.85335512169873,4.9575777892182,4.9575777892182,-0.0424222107817966,0.853355121698733,-0.0424222107817966,-0.0424222107817966,0,0,insufficient_gain,insufficient_gain,NaN,NaN,0.09779015999481,0.153195169103602,20.2671222250164,0.00398437726180467,0.00359474437189311
LOS,5,0,10,20261209,4.81095107727401,5.30105377024932,4.81095107727401,4.81095107727401,-0.189048922725985,0.301053770249316,-0.189048922725985,-0.189048922725985,0,0,insufficient_gain,insufficient_gain,NaN,NaN,0.0984384770566819,0.102333616853476,16.5023431075247,0.000975275083980875,0.000879270490002471
LOS,5,0,11,20261209,4.93747771559673,4.53381563529992,4.93747771559673,4.93747771559673,-0.0625222844032702,-0.466184364700077,-0.0625222844032702,-0.0625222844032702,0,0,insufficient_gain,insufficient_gain,NaN,NaN,0.106675963310276,0.0596025139008827,30.9917143567843,0.00363057666667843,0.0032432814033887
LOS,5,0,12,20261209,5.0441251022729,5.08246839638061,5.0441251022729,5.0441251022729,0.0441251022729041,0.0824683963806123,0.0441251022729041,0.0441251022729041,0,0,candidate_invalid,candidate_invalid,NaN,NaN,0.171290651080787,0.0187051680723596,99.9359125435977,0.00390128388769884,0.00323303043052392
LOS,5,0,13,20261209,5.00260808308099,5.22054233059572,5.00260808308099,5.00260808308099,0.00260808308098515,0.22054233059572,0.00260808308098515,0.00260808308098515,0,0,insufficient_gain,insufficient_gain,NaN,NaN,0.102150392658524,0.0338077915829718,47.6455003484116,0.00369046894071801,0.00331348608932958
LOS,5,0,14,20261209,5.27326196400539,5.15890847778108,5.27326196400539,5.27326196400539,0.273261964005393,0.158908477781084,0.273261964005393,0.273261964005393,0,0,insufficient_gain,insufficient_gain,NaN,NaN,0.127038451275612,0.0510278692139431,25.4229969909076,0.00373900442070862,0.00326400708978913
LOS,5,0,15,20261209,4.85849429773327,4.88393960903515,4.85849429773327,4.85849429773327,-0.141505702266732,-0.116060390964851,-0.141505702266732,-0.141505702266732,0,0,insufficient_gain,insufficient_gain,NaN,NaN,0.28422564428795,0.0242952100030735,99.9998635792292,0.00356520025901474,0.00255187891838071
LOS,5,0,16,20261209,5.08073532747945,3.69280363555904,5.08073532747945,5.08073532747945,0.080735327479446,-1.30719636444096,0.080735327479446,0.080735327479446,0,0,insufficient_gain,insufficient_gain,NaN,NaN,0.149367686225407,0.356194428820674,19.7710136569534,0.00333808266211322,0.00283948097844422
LOS,5,0,17,20261209,5.01746659639481,3.20855556877896,5.01746659639481,5.01746659639481,0.0174665963948062,-1.79144443122104,0.0174665963948062,0.0174665963948062,0,0,insufficient_gain,insufficient_gain,NaN,NaN,0.0613442587009846,0.371090096032053,24.2753231536825,0.00614902134483852,0.00577181418870287
LOS,5,0,18,20261209,4.84125523565726,4.87634905779543,4.84125523565726,4.84125523565726,-0.158744764342744,-0.123650942204566,-0.158744764342744,-0.158744764342744,0,0,candidate_invalid,candidate_invalid,NaN,NaN,0.226422817760661,0.0158276961123787,99.9999743246343,0.00195303027425919,0.00151081965638955
LOS,5,0,19,20261209,5.03293777916882,4.32929422930097,5.03293777916882,5.03293777916882,0.0329377791688161,-0.670705770699028,0.0329377791688161,0.0329377791688161,0,0,insufficient_gain,insufficient_gain,NaN,NaN,0.0788108269450734,0.189740957488716,17.2080679206318,0.00269546323849634,0.0024830315516704
LOS,5,0,20,20261209,4.99594194337013,5.95939557628281,4.99594194337013,4.99594194337013,-0.00405805662986847,0.959395576282812,-0.00405805662986847,-0.00405805662986847,0,0,insufficient_gain,insufficient_gain,NaN,NaN,0.0585764485885161,0.192246042201844,15.6432476097809,0.00594924888817161,0.00560076301653334
LOS,5,0,21,20261209,4.97329626459321,3.56951420986447,4.97329626459321,4.97329626459321,-0.0267037354067892,-1.43048579013553,-0.0267037354067892,-0.0267037354067892,0,0,insufficient_gain,insufficient_gain,NaN,NaN,0.277765401606046,0.208933667724275,33.2267941726369,0.00365131018255904,0.00263710254331229
LOS,5,0,22,20261209,4.86337912077988,6.14031746598799,4.86337912077988,4.86337912077988,-0.136620879220119,1.14031746598799,-0.136620879220119,-0.136620879220119,0,0,insufficient_gain,insufficient_gain,NaN,NaN,0.0277294798359767,0.428292173827214,6.05147220589769,0.00322247207825588,0.00313311460373988
LOS,5,0,23,20261209,5.09301946408895,4.63802007290953,5.09301946408895,5.09301946408895,0.0930194640889512,-0.361979927090471,0.0930194640889512,0.0930194640889512,0,0,insufficient_gain,insufficient_gain,NaN,NaN,0.0124842130206352,0.176562105870413,11.1242110047201,0.00419970350384102,0.00414727351067556
LOS,5,0,24,20261209,5.07349165465722,6.2094767704131,5.07349165465722,5.07349165465722,0.0734916546572197,1.2094767704131,0.0734916546572197,0.0734916546572197,0,0,insufficient_gain,insufficient_gain,NaN,NaN,0.325608640919032,0.210036124385702,18.8568817508759,0.0049757923460636,0.00335563136276651
LOS,5,0,25,20261209,4.99727168257028,2.68645926011913,4.99727168257028,4.99727168257028,-0.00272831742972368,-2.31354073988087,-0.00272831742972368,-0.00272831742972368,0,0,insufficient_gain,insufficient_gain,NaN,NaN,0.25802043270691,0.344821112801312,35.472449721608,0.00585208938720339,0.00434213075127765
LOS,5,0,26,20261209,4.83756259735267,5.0455882198719,4.83756259735267,4.83756259735267,-0.162437402647332,0.0455882198719024,-0.162437402647332,-0.162437402647332,0,0,insufficient_gain,insufficient_gain,NaN,NaN,0.0128920744041441,0.0291827094388184,28.6925974628899,0.0021700395168549,0.00214206320594368
LOS,5,0,27,20261209,4.82779832710836,4.71480016206737,4.82779832710836,4.82779832710836,-0.17220167289164,-0.28519983793263,-0.17220167289164,-0.17220167289164,0,0,insufficient_gain,insufficient_gain,NaN,NaN,0.00458979487878738,0.0372744947340287,14.2882611149012,0.00348020495718915,0.00346423153029951
LOS,5,0,28,20261209,4.96787394027306,4.95015276926516,4.96787394027306,4.96787394027306,-0.0321260597269415,-0.0498472307348425,-0.0321260597269415,-0.0321260597269415,0,0,candidate_invalid,candidate_invalid,NaN,NaN,0.0782767066870776,0.0149021689663589,82.7597895116582,0.00549020948358381,0.00506045396618671
LOS,5,0,29,20261209,4.89050154639812,4.81714460537691,4.89050154639812,4.89050154639812,-0.109498453601877,-0.182855394623093,-0.109498453601877,-0.109498453601877,0,0,candidate_invalid,candidate_invalid,NaN,NaN,0.126778749144018,0.0147381690784372,59.8237424665542,0.00312057667005328,0.00272495386321592
LOS,5,0,30,20261209,5.06083162432309,5.02428567020616,5.06083162432309,5.06083162432309,0.0608316243230886,0.0242856702061554,0.0608316243230886,0.0608316243230886,0,0,insufficient_gain,insufficient_gain,NaN,NaN,0.479410663337061,0.0277138939385684,91.5540403073193,0.00301936804812519,0.00157185080931477
LOS,5,0,31,20261209,4.89669307332727,5.69354814041414,4.89669307332727,4.89669307332727,-0.103306926672734,0.693548140414142,-0.103306926672734,-0.103306926672734,0,0,insufficient_gain,insufficient_gain,NaN,NaN,0.0599071230568341,0.186936225015268,13.2310221353015,0.00324625892249775,0.00305178488975333
LOS,5,0,32,20261209,5.02961930595931,4.93508858936809,5.02961930595931,5.02961930595931,0.0296193059593115,-0.0649114106319093,0.0296193059593115,0.0296193059593115,0,0,candidate_invalid,candidate_invalid,NaN,NaN,0.184094475205832,0.0174644485035493,58.0822091696656,0.00137875728081993,0.00112493568277117
LOS,5,0,33,20261209,5.07959611829623,5.13467625792357,5.07959611829623,5.07959611829623,0.0795961182962319,0.134676257923575,0.0795961182962319,0.0795961182962319,0,0,insufficient_gain,insufficient_gain,NaN,NaN,0.3257723718681,0.0292200266728226,79.3608507709679,0.00478378988101635,0.00322536330495904
LOS,5,0,34,20261209,5.08276389716,4.99380439515302,5.08276389716,5.08276389716,0.0827638971600022,-0.00619560484698489,0.0827638971600022,0.0827638971600022,0,0,insufficient_gain,insufficient_gain,NaN,NaN,0.00486408480229824,0.0443148767351065,11.7321641266448,0.00245554184466124,0.00244359788089321
LOS,5,0,35,20261209,4.90914594887293,4.62553813519107,4.90914594887293,4.90914594887293,-0.0908540511270655,-0.374461864808934,-0.0908540511270655,-0.0908540511270655,0,0,insufficient_gain,insufficient_gain,NaN,NaN,0.0202109533570266,0.0432093490399228,31.4119803126417,0.00460464861055776,0.00451158427226428
LOS,5,0,36,20261209,4.88336181697436,4.85758484792868,4.88336181697436,4.88336181697436,-0.116638183025643,-0.142415152071317,-0.116638183025643,-0.116638183025643,0,0,candidate_invalid,candidate_invalid,NaN,NaN,0.181508526919377,0.0167815265131446,99.9927878288295,0.00346152101937003,0.00283322543824371
LOS,5,0,37,20261209,4.97394650792507,4.61976577474862,4.97394650792507,4.97394650792507,-0.0260534920749347,-0.380234225251382,-0.0260534920749347,-0.0260534920749347,0,0,insufficient_gain,insufficient_gain,NaN,NaN,0.0222604388059526,0.114562351541914,14.6956968719868,0.00439194709887869,0.00429418042924512
LOS,5,0,38,20261209,5.08639780431106,2.71660681966417,5.08639780431106,5.08639780431106,0.0863978043110594,-2.28339318033583,0.0863978043110594,0.0863978043110594,0,0,insufficient_gain,insufficient_gain,NaN,NaN,0.295375469849173,0.566161331902345,23.9549880903213,0.00305877073812555,0.00215528489419081
LOS,5,0,39,20261209,5.17683602612881,4.46630129953835,5.17683602612881,5.17683602612881,0.176836026128806,-0.533698700461651,0.176836026128806,0.176836026128806,0,0,insufficient_gain,insufficient_gain,NaN,NaN,0.0272653814332679,0.143313253239905,21.1757497183333,0.00408753432208253,0.00397608613966938
LOS,5,0,40,20261209,4.87228472101544,4.93448281026073,4.87228472101544,4.87228472101544,-0.127715278984556,-0.0655171897392695,-0.127715278984556,-0.127715278984556,0,0,insufficient_gain,insufficient_gain,NaN,NaN,0.425888334426161,0.0287452626056825,99.7835370720686,0.00347067234556286,0.00199255348097216
LOS,5,0,41,20261209,5.02702538439482,5.37659647452198,5.02702538439482,5.02702538439482,0.0270253843948201,0.376596474521982,0.0270253843948201,0.0270253843948201,0,0,insufficient_gain,insufficient_gain,NaN,NaN,0.00919948268604603,0.136059149952342,8.86543443359599,0.00246033620869301,0.00243770238833929
LOS,5,0,42,20261209,4.82617322792706,3.99177529946575,4.82617322792706,4.82617322792706,-0.173826772072939,-1.00822470053425,-0.173826772072939,-0.173826772072939,0,0,insufficient_gain,insufficient_gain,NaN,NaN,0.0662107350722611,0.172720129197806,21.8922112267811,0.00371860869609342,0.00347239688087897
LOS,5,0,43,20261209,5.12683936209888,4.86444160333217,5.12683936209888,5.12683936209888,0.126839362098878,-0.135558396667831,0.126839362098878,0.126839362098878,0,0,insufficient_gain,insufficient_gain,NaN,NaN,0.076061520555885,0.467520627289714,7.04500036893845,0.00244481913907157,0.00225886247786966
LOS,5,0,44,20261209,5.04647168246237,4.85879080900343,5.04647168246237,5.04647168246237,0.0464716824623661,-0.141209190996568,0.0464716824623661,0.0464716824623661,0,0,insufficient_gain,insufficient_gain,NaN,NaN,0.310030051175051,0.0392388363896288,65.2682577476476,0.00548220728357718,0.00378255827889751
LOS,5,0,45,20261209,4.81386056680619,4.80768166708034,4.81386056680619,4.81386056680619,-0.186139433193806,-0.192318332919656,-0.186139433193806,-0.186139433193806,0,0,candidate_invalid,candidate_invalid,NaN,NaN,0.209304366363092,0.019492323224435,99.9983628409351,0.00319867065084423,0.00252917491706506
LOS,5,0,46,20261209,4.81509603911802,4.21997620951418,4.81509603911802,4.81509603911802,-0.184903960881983,-0.780023790485817,-0.184903960881983,-0.184903960881983,0,0,insufficient_gain,insufficient_gain,NaN,NaN,0.176235972320119,0.212550619130645,16.9672973526441,0.00377871332896018,0.00311276811131189
LOS,5,0,47,20261209,5.04941193844229,4.49362706037284,5.04941193844229,5.04941193844229,0.0494119384422929,-0.506372939627159,0.0494119384422929,0.0494119384422929,0,0,insufficient_gain,insufficient_gain,NaN,NaN,0.120899817566351,0.0916632575104041,28.283561875828,0.0033634344766551,0.00295679586203113
LOS,5,0,48,20261209,4.92105065129739,5.76677549151656,4.92105065129739,4.92105065129739,-0.0789493487026141,0.766775491516563,-0.0789493487026141,-0.0789493487026141,0,0,insufficient_gain,insufficient_gain,NaN,NaN,0.186029429486798,0.197438963381865,13.5677273262057,0.00189256299313656,0.00154049057925554
LOS,5,0,49,20261209,4.98831677722931,5.3124836968493,4.98831677722931,4.98831677722931,-0.0116832227706913,0.3124836968493,-0.0116832227706913,-0.0116832227706913,0,0,insufficient_gain,insufficient_gain,NaN,NaN,0.0155138905644287,0.161599252866133,7.23198869518189,0.00285381226482295,0.00280953853365506
LOS,5,0,50,20261209,4.97284843598349,3.64729015332802,4.97284843598349,4.97284843598349,-0.0271515640165134,-1.35270984667198,-0.0271515640165134,-0.0271515640165134,0,0,insufficient_gain,insufficient_gain,NaN,NaN,0.0864981325421829,0.279948360355449,21.6119575539942,0.00312105223695069,0.00285108704688786
LOS,10,0,1,20261209,10.092029190618,10.0449767855688,10.092029190618,10.092029190618,0.0920291906180264,0.0449767855687853,0.0920291906180264,0.0920291906180264,0,0,candidate_invalid,candidate_invalid,NaN,NaN,0.222791188143951,0.0164200207374224,66.5947791881279,0.00198603887740467,0.00154356691620761
LOS,10,0,2,20261209,9.95630578665301,7.99818457159093,9.95630578665301,9.95630578665301,-0.0436942133469937,-2.00181542840907,-0.0436942133469937,-0.0436942133469937,0,0,insufficient_gain,insufficient_gain,NaN,NaN,0.485792452671955,0.364169999516328,28.2716065124597,0.00359385994546435,0.00184798990799773
LOS,10,0,3,20261209,9.87392836138747,7.89150523414335,9.87392836138747,9.87392836138747,-0.126071638612528,-2.10849476585665,-0.126071638612528,-0.126071638612528,0,0,insufficient_gain,insufficient_gain,NaN,NaN,0.149818002860084,0.347843408170105,28.0438180703818,0.00282971594135306,0.0024057735503582
LOS,10,0,4,20261209,9.93402709737438,9.63227266070205,9.93402709737438,9.93402709737438,-0.0659729026256226,-0.367727339297954,-0.0659729026256226,-0.0659729026256226,0,0,insufficient_gain,insufficient_gain,NaN,NaN,0.00817685259289568,0.169422329044254,7.9015260177812,0.00219475163480354,0.00217680547420773
LOS,10,0,5,20261209,10.2966154387623,10.3688451101606,10.2966154387623,10.2966154387623,0.296615438762315,0.368845110160599,0.296615438762315,0.296615438762315,0,0,insufficient_gain,insufficient_gain,NaN,NaN,0.415330492579973,0.0314550145054024,70.9677319934192,0.00336179154532101,0.00196553700685165
LOS,10,0,6,20261209,10.2538427263638,9.39243246524884,10.2538427263638,10.2538427263638,0.253842726363812,-0.607567534751162,0.253842726363812,0.253842726363812,0,0,insufficient_gain,insufficient_gain,NaN,NaN,0.0971543900837768,0.129379908563033,30.159468739789,0.00450335119515999,0.00406583085646117
LOS,10,0,7,20261209,9.93498423358092,9.81131237715919,9.93498423358092,9.93498423358092,-0.06501576641908,-0.188687622840808,-0.06501576641908,-0.06501576641908,0,0,candidate_invalid,candidate_invalid,NaN,NaN,0.0078594445000337,0.0177331443585022,26.2394527224533,0.00379907852981365,0.00376921988295731
LOS,10,0,8,20261209,9.94210653398154,9.92124369166581,9.94210653398154,9.94210653398154,-0.0578934660184629,-0.0787563083341851,-0.0578934660184629,-0.0578934660184629,0,0,insufficient_gain,insufficient_gain,NaN,NaN,0.383740105619749,0.0268673033252865,63.7209042502132,0.00405224564273765,0.00249723647179634
LOS,10,0,9,20261209,10.2388566738648,9.58342642595504,10.2388566738648,10.2388566738648,0.238856673864836,-0.416573574044961,0.238856673864836,0.238856673864836,0,0,insufficient_gain,insufficient_gain,NaN,NaN,0.0881585673524597,0.110025130181047,26.4033936810708,0.00212340959768609,0.00193621284965162
LOS,10,0,10,20261209,9.82744186118121,10.7057848424275,9.82744186118121,9.82744186118121,-0.172558138818786,0.705784842427505,-0.172558138818786,-0.172558138818786,0,0,insufficient_gain,insufficient_gain,NaN,NaN,0.338156709176838,0.226893608557644,13.6691429097153,0.00327906119408583,0.00217022465150429
LOS,10,0,11,20261209,10.3231760955646,10.5862584743322,10.3231760955646,10.3231760955646,0.32317609556463,0.58625847433219,0.32317609556463,0.32317609556463,0,0,insufficient_gain,insufficient_gain,NaN,NaN,0.0429537666472182,0.0353866054636029,32.6209232456388,0.00275038472926092,0.00263224534541018
LOS,10,0,12,20261209,9.83965483678994,9.84925092483373,9.83965483678994,9.83965483678994,-0.160345163210064,-0.150749075166267,-0.160345163210064,-0.160345163210064,0,0,candidate_invalid,candidate_invalid,NaN,NaN,0.165736975895445,0.0185097932494468,92.4635790441232,0.00378081484137538,0.00315419402314521
LOS,10,0,13,20261209,9.89738208378191,8.12533733806683,9.89738208378191,9.89738208378191,-0.10261791621809,-1.87466266193317,-0.10261791621809,-0.10261791621809,0,0,insufficient_gain,insufficient_gain,NaN,NaN,0.15235364307785,0.322358416687879,26.9379620772468,0.00313221684654841,0.00265501219906694
LOS,10,0,14,20261209,10.0985269019927,10.5726054520702,10.0985269019927,10.0985269019927,0.0985269019926687,0.572605452070224,0.0985269019926687,0.0985269019926687,0,0,insufficient_gain,insufficient_gain,NaN,NaN,0.0482906117739011,0.0842108820430384,20.5607721972787,0.00321752198550218,0.0030621458804263
LOS,10,0,15,20261209,10.0017926693149,8.4044936636823,10.0017926693149,10.0017926693149,0.00179266931491817,-1.5955063363177,0.00179266931491817,0.00179266931491817,0,0,insufficient_gain,insufficient_gain,NaN,NaN,0.0388310630910363,0.699395775580967,14.5358807221043,0.00630834446119444,0.00606338473942181
LOS,10,0,16,20261209,10.053271210706,10.0485866233377,10.053271210706,10.053271210706,0.053271210705983,0.0485866233377372,0.053271210705983,0.053271210705983,0,0,candidate_invalid,candidate_invalid,NaN,NaN,0.0557557952150024,0.00896539539032738,99.9999982439059,0.00232677023015304,0.00219703930568826
LOS,10,0,17,20261209,9.86760822354996,9.63462232354684,9.86760822354996,9.86760822354996,-0.132391776450042,-0.365377676453161,-0.132391776450042,-0.132391776450042,0,0,insufficient_gain,insufficient_gain,NaN,NaN,0.0916046450449617,0.189338582912396,11.9097277402336,0.00321208907552872,0.00291784679591212
LOS,10,0,18,20261209,9.83329740460111,9.82057511993676,9.83329740460111,9.83329740460111,-0.16670259539889,-0.179424880063241,-0.16670259539889,-0.16670259539889,0,0,candidate_invalid,candidate_invalid,NaN,NaN,0.19596833646984,0.0166675551887275,96.7281378743555,0.00276455310183343,0.0022227882293846
LOS,10,0,19,20261209,9.99052310798322,9.79082754760914,9.99052310798322,9.99052310798322,-0.00947689201678337,-0.209172452390856,-0.00947689201678337,-0.00947689201678337,0,0,insufficient_gain,insufficient_gain,NaN,NaN,0.115650659652347,0.0318514842496616,47.7548275851912,0.003601977323761,0.00318540627021524
LOS,10,0,20,20261209,10.0383370653327,9.88454534535659,10.0383370653327,10.0383370653327,0.0383370653327315,-0.115454654643408,0.0383370653327315,0.0383370653327315,0,0,insufficient_gain,insufficient_gain,NaN,NaN,0.15522992811466,0.0341402477415709,62.1376725539298,0.00780620872387749,0.00659445150482196
LOS,10,0,21,20261209,9.89298140557501,9.95486306871291,9.89298140557501,9.89298140557501,-0.107018594424995,-0.0451369312870895,-0.107018594424995,-0.107018594424995,0,0,insufficient_gain,insufficient_gain,NaN,NaN,0.243065629130328,0.023694751552195,99.771310302672,0.00352557077164795,0.00266862569399384
LOS,10,0,22,20261209,10.0553330546794,10.0313864922927,10.0553330546794,10.0553330546794,0.0553330546793642,0.0313864922927358,0.0553330546793642,0.0553330546793642,0,0,candidate_invalid,candidate_invalid,NaN,NaN,0.0228935663779559,0.00788906232111701,99.9999974802431,0.00527943531148312,0.00515857020874155
LOS,10,0,23,20261209,9.96493121574317,9.47407649276117,9.96493121574317,9.96493121574317,-0.0350687842568256,-0.525923507238829,-0.0350687842568256,-0.0350687842568256,0,0,insufficient_gain,insufficient_gain,NaN,NaN,0.0143251117737435,0.196367943095676,11.5920713736069,0.00361225991710667,0.00356051389003831
LOS,10,0,24,20261209,10.043474316212,9.60671731345968,10.043474316212,10.043474316212,0.0434743162119844,-0.393282686540321,0.0434743162119844,0.0434743162119844,0,0,insufficient_gain,insufficient_gain,NaN,NaN,0.585819258488961,0.0685773022779095,48.0363022758402,0.00373120359827661,0.00154539267306286
LOS,10,0,25,20261209,10.0789780562907,10.8434926049225,10.0789780562907,10.0789780562907,0.0789780562907367,0.843492604922549,0.0789780562907367,0.0789780562907367,0,0,insufficient_gain,insufficient_gain,NaN,NaN,0.014086554350096,0.182615857333329,12.501196535752,0.00220087640568178,0.0021698736405753
LOS,10,0,26,20261209,10.0877163032462,11.2739529457694,10.0877163032462,10.0877163032462,0.0877163032461574,1.27395294576942,0.0877163032461574,0.0877163032461574,0,0,insufficient_gain,insufficient_gain,NaN,NaN,0.128669434790912,0.227761397497699,15.7680162560869,0.00361047390123836,0.00314591626503868
LOS,10,0,27,20261209,9.94186378198649,8.54748846906458,9.94186378198649,9.94186378198649,-0.0581362180135141,-1.45251153093542,-0.0581362180135141,-0.0581362180135141,0,0,insufficient_gain,insufficient_gain,NaN,NaN,0.178853553239756,0.210924018214388,31.9746772919123,0.00494625933660942,0.00406160327901151
LOS,10,0,28,20261209,9.98902468586559,9.69657817412981,9.98902468586559,9.98902468586559,-0.0109753141344093,-0.303421825870188,-0.0109753141344093,-0.0109753141344093,0,0,insufficient_gain,insufficient_gain,NaN,NaN,0.12361666541096,0.0480373107937323,26.3615507295847,0.00324092352963423,0.00284029137004893
LOS,10,0,29,20261209,10.0534331189527,9.44498236486556,10.0534331189527,10.0534331189527,0.0534331189526664,-0.555017635134444,0.0534331189526664,0.0534331189526664,0,0,insufficient_gain,insufficient_gain,NaN,NaN,0.126282580079183,0.0841207944563125,36.9207281649549,0.00383661412313585,0.00335211659289802
LOS,10,0,30,20261209,10.0820172916872,10.7602090980989,10.0820172916872,10.0820172916872,0.0820172916871957,0.760209098098869,0.0820172916871957,0.0820172916871957,0,0,insufficient_gain,insufficient_gain,NaN,NaN,0.00404301774383886,0.216600520813915,8.48848262780182,0.00226795949628467,0.00225879009579888
LOS,10,0,31,20261209,10.1164650131832,10.4480265073522,10.1164650131832,10.1164650131832,0.116465013183152,0.448026507352179,0.116465013183152,0.116465013183152,0,0,insufficient_gain,insufficient_gain,NaN,NaN,0.0260689622923841,0.0587359727459084,21.840087296894,0.00210234886976535,0.002047542816354
LOS,10,0,32,20261209,10.0119392545469,11.0701708026086,10.0119392545469,10.0119392545469,0.0119392545468973,1.0701708026086,0.0119392545468973,0.0119392545468973,0,0,insufficient_gain,insufficient_gain,NaN,NaN,0.312265356497611,0.159021797127879,24.1164502630981,0.00211531025855538,0.00145477214656453
LOS,10,0,33,20261209,9.9671285738453,9.94444562616306,9.9671285738453,9.9671285738453,-0.0328714261547045,-0.0555543738369444,-0.0328714261547045,-0.0328714261547045,0,0,insufficient_gain,insufficient_gain,NaN,NaN,0.000150340293288405,0.0224250150820383,5.05997575828873,0.00273371249685805,0.00273330150971951
LOS,10,0,34,20261209,10.0862444086193,10.7726419715182,10.0862444086193,10.0862444086193,0.086244408619347,0.772641971518155,0.086244408619347,0.086244408619347,0,0,insufficient_gain,insufficient_gain,NaN,NaN,0.0692397276726945,0.218667148676543,10.4269853979676,0.00441568808593651,0.0041099470453787
LOS,10,0,35,20261209,10.0223071405315,11.2285021692152,10.0223071405315,10.0223071405315,0.0223071405314546,1.22850216921517,0.0223071405314546,0.0223071405314546,0,0,insufficient_gain,insufficient_gain,NaN,NaN,0.369602765564215,0.222514258371367,18.6683010774233,0.00511616076066757,0.00322521359445371
LOS,10,0,36,20261209,10.0595138789734,9.51549449134048,10.0595138789734,10.0595138789734,0.0595138789734317,-0.48450550865952,0.0595138789734317,0.0595138789734317,0,0,insufficient_gain,insufficient_gain,NaN,NaN,0.170267778039855,0.0803676212358747,30.6393153346279,0.00508538030498573,0.00421950389996817
LOS,10,0,37,20261209,10.090547986922,10.0894711681194,10.090547986922,10.090547986922,0.0905479869220116,0.0894711681194238,0.0905479869220116,0.0905479869220116,0,0,insufficient_gain,insufficient_gain,NaN,NaN,0.218987390112246,0.0208939240843101,90.8634145863795,0.0036883316915306,0.00288063356053403
LOS,10,0,38,20261209,9.83249198995561,10.3546921698492,9.83249198995561,9.83249198995561,-0.167508010044394,0.354692169849244,-0.167508010044394,-0.167508010044394,0,0,insufficient_gain,insufficient_gain,NaN,NaN,0.146021410960719,0.0686291770312302,34.4424978943164,0.00289464748767032,0.0024719669772868
LOS,10,0,39,20261209,9.89588850424616,9.92779350569184,9.89588850424616,9.89588850424616,-0.104111495753841,-0.072206494308162,-0.104111495753841,-0.104111495753841,0,0,candidate_invalid,candidate_invalid,NaN,NaN,0.0829190765094987,0.0114065766356785,70.9033261692246,0.00223999114596385,0.00205425314875107
LOS,10,0,40,20261209,9.76720349337509,10.1601641678055,9.76720349337509,9.76720349337509,-0.232796506624906,0.160164167805526,-0.232796506624906,-0.232796506624906,0,0,insufficient_gain,insufficient_gain,NaN,NaN,0.301380125128103,0.318351972978055,8.86856070943789,0.00289870506108536,0.00202509296706599
LOS,10,0,41,20261209,9.86217960420304,10.2174133923763,9.86217960420304,9.86217960420304,-0.137820395796956,0.21741339237634,-0.137820395796956,-0.137820395796956,0,0,insufficient_gain,insufficient_gain,NaN,NaN,0.0268551206640004,0.176769031524475,8.60330821621632,0.00460402318881536,0.00448038159053987
LOS,10,0,42,20261209,10.030548242378,10.0327133230506,10.030548242378,10.030548242378,0.0305482423779786,0.0327133230506256,0.0305482423779786,0.0305482423779786,0,0,candidate_invalid,candidate_invalid,NaN,NaN,0.0730651829124525,0.0101974005434359,77.747169579199,0.00300059698941468,0.00278135782153655
LOS,10,0,43,20261209,10.1576476529914,9.80488341404789,10.1576476529914,10.1576476529914,0.157647652991351,-0.195116585952114,0.157647652991351,0.157647652991351,0,0,insufficient_gain,insufficient_gain,NaN,NaN,0.0356311957969025,0.0504971663312672,30.9940926942534,0.00244861684058395,0.00236136969450551
LOS,10,0,44,20261209,10.0058104950624,9.89381465315562,10.0058104950624,10.0058104950624,0.00581049506237186,-0.106185346844377,0.00581049506237186,0.00581049506237186,0,0,insufficient_gain,insufficient_gain,NaN,NaN,0.044444259748427,0.212078190917317,8.08150514560177,0.00217496168718845,0.00207829712502017
LOS,10,0,45,20261209,9.78555794733506,9.81422604151418,9.78555794733506,9.78555794733506,-0.214442052664936,-0.185773958485818,-0.214442052664936,-0.214442052664936,0,0,insufficient_gain,insufficient_gain,NaN,NaN,0.144293783184317,0.020798247301387,80.7894415546826,0.00548808101929432,0.0046961850465983
LOS,10,0,46,20261209,10.0634562922706,8.72204857519971,10.0634562922706,10.0634562922706,0.0634562922706454,-1.27795142480029,0.0634562922706454,0.0634562922706454,0,0,insufficient_gain,insufficient_gain,NaN,NaN,0.132403402862024,0.576904667763792,14.6256132648807,0.00326718630113976,0.00283459971708466
LOS,10,0,47,20261209,10.0719781655697,10.6751028608436,10.0719781655697,10.0719781655697,0.0719781655696696,0.675102860843646,0.0719781655696696,0.0719781655696696,0,0,insufficient_gain,insufficient_gain,NaN,NaN,0.300425467656596,0.353407779890552,7.5839442002556,0.00254892487121494,0.00178316292475866
LOS,10,0,48,20261209,9.87885602835689,8.4989633559284,9.87885602835689,9.87885602835689,-0.121143971643114,-1.5010366440716,-0.121143971643114,-0.121143971643114,0,0,insufficient_gain,insufficient_gain,NaN,NaN,0.213017943370674,0.224015183473815,29.8851049685856,0.00257765272623511,0.0020285664437687
LOS,10,0,49,20261209,9.93177057798927,11.2266084233357,9.93177057798927,9.93177057798927,-0.0682294220107291,1.22660842333574,-0.0682294220107291,-0.0682294220107291,0,0,insufficient_gain,insufficient_gain,NaN,NaN,0.216583496074915,0.226865740798063,17.5312504303709,0.00177514112853028,0.00139067485688682
LOS,10,0,50,20261209,9.87993764631791,10.6689827089982,9.87993764631791,9.87993764631791,-0.120062353682087,0.668982708998193,-0.120062353682087,-0.120062353682087,0,0,insufficient_gain,insufficient_gain,NaN,NaN,0.0879167295596831,0.162485270766001,16.1026459805068,0.00367191322731819,0.00334909062514543
LOS,15,0,1,20261209,14.8263370244097,14.5879916244481,14.8263370244097,14.8263370244097,-0.173662975590283,-0.412008375551942,-0.173662975590283,-0.173662975590283,0,0,insufficient_gain,insufficient_gain,NaN,NaN,0.0218586416816613,0.11301204569853,9.36029180196394,0.000793825161456096,0.000776473221693941
LOS,15,0,2,20261209,14.9901647232266,15.7089024414649,14.9901647232266,14.9901647232266,-0.00983527677337825,0.708902441464879,-0.00983527677337825,-0.00983527677337825,0,0,insufficient_gain,insufficient_gain,NaN,NaN,0.0650305023187527,0.212880119039978,10.0756175393277,0.00244878946256288,0.00228954345373955
LOS,15,0,3,20261209,15.0179923398823,14.2288424793343,15.0179923398823,15.0179923398823,0.017992339882273,-0.771157520665682,0.017992339882273,0.017992339882273,0,0,insufficient_gain,insufficient_gain,NaN,NaN,0.0132871640557381,0.308071328052882,11.6398635330678,0.00557554192562826,0.00550145878536279
LOS,15,0,4,20261209,15.2829559669736,13.8765496533435,15.2829559669736,15.2829559669736,0.282955966973596,-1.12345034665651,0.282955966973596,0.282955966973596,0,0,insufficient_gain,insufficient_gain,NaN,NaN,0.0944095228103179,0.364403389108807,19.2315378179018,0.00255755329730478,0.00231609591094428
LOS,15,0,5,20261209,15.0630615383207,15.1993124241839,15.0630615383207,15.0630615383207,0.0630615383206941,0.199312424183937,0.0630615383206941,0.0630615383206941,0,0,insufficient_gain,insufficient_gain,NaN,NaN,0.0862355504671862,0.0342814669508606,31.3517541534416,0.00493661745616714,0.00451090553238864
LOS,15,0,6,20261209,15.0365914614113,13.8955608771913,15.0365914614113,15.0365914614113,0.0365914614113088,-1.10443912280872,0.0365914614113088,0.0365914614113088,0,0,insufficient_gain,insufficient_gain,NaN,NaN,0.0611122124967881,0.197287566332515,26.7210764553246,0.00564162698791559,0.00529685468060248
LOS,15,0,7,20261209,14.8610764705617,14.829447484649,14.8610764705617,14.8610764705617,-0.138923529438275,-0.170552515350993,-0.138923529438275,-0.138923529438275,0,0,candidate_invalid,candidate_invalid,NaN,NaN,0.169777754518889,0.0133599749583027,90.196066628409,0.00206383553991762,0.00171344217625413
LOS,15,0,8,20261209,15.0352053553181,14.3676480623918,15.0352053553181,15.0352053553181,0.0352053553180891,-0.632351937608174,0.0352053553180891,0.0352053553180891,0,0,insufficient_gain,insufficient_gain,NaN,NaN,0.105605998549566,0.12720378427004,22.9591605860418,0.00207190144362257,0.00185309622277252
LOS,15,0,9,20261209,15.0643075446042,16.062307492879,15.0643075446042,15.0643075446042,0.0643075446042349,1.06230749287896,0.0643075446042349,0.0643075446042349,0,0,insufficient_gain,insufficient_gain,NaN,NaN,0.134945492599411,0.24706782313375,12.2635009208826,0.00420492389065474,0.00363748836488731
LOS,15,0,10,20261209,14.9853389838534,14.6666838096143,14.9853389838534,14.9853389838534,-0.0146610161465848,-0.333316190385663,-0.0146610161465848,-0.0146610161465848,0,0,insufficient_gain,insufficient_gain,NaN,NaN,0.0127685207163226,0.119218314123675,12.9310423353915,0.00523203103336312,0.00516522573672518
LOS,15,0,11,20261209,15.0021751189772,14.1666672176188,15.0021751189772,15.0021751189772,0.00217511897724698,-0.833332782381191,0.00217511897724698,0.00217511897724698,0,0,insufficient_gain,insufficient_gain,NaN,NaN,0.1710219657537,0.123819809463394,33.2020421865534,0.00420100485971986,0.00348254075046972
LOS,15,0,12,20261209,15.0229534633717,14.6917822246155,15.0229534633717,15.0229534633717,0.0229534633717492,-0.30821777538447,0.0229534633717492,0.0229534633717492,0,0,insufficient_gain,insufficient_gain,NaN,NaN,0.0379865797156686,0.0802354823067876,17.9231665985592,0.00317578562752274,0.00305514839362298
LOS,15,0,13,20261209,14.9629621620505,14.9532031414157,14.9629621620505,14.9629621620505,-0.0370378379494571,-0.0467968585842655,-0.0370378379494571,-0.0370378379494571,0,0,insufficient_gain,insufficient_gain,NaN,NaN,0.174078970647691,0.020490286309428,96.7343584020672,0.00416804796298287,0.00344247846397661
LOS,15,0,14,20261209,15.0309635366402,15.8346186897557,15.0309635366402,15.0309635366402,0.0309635366402272,0.834618689755729,0.0309635366402272,0.0309635366402272,0,0,insufficient_gain,insufficient_gain,NaN,NaN,0.113702974102901,0.14808340229111,18.3339033393866,0.00201931807290112,0.00178971560235253
LOS,15,0,15,20261209,14.8484758405459,14.6301216704598,14.8484758405459,14.8484758405459,-0.151524159454132,-0.369878329540171,-0.151524159454132,-0.151524159454132,0,0,insufficient_gain,insufficient_gain,NaN,NaN,0.0901877289800614,0.028251294351054,36.0660885660009,0.00363317773562821,0.00330550968667098
LOS,15,0,16,20261209,15.1731948924382,15.16200496212,15.1731948924382,15.1731948924382,0.173194892438165,0.162004962120019,0.173194892438165,0.173194892438165,0,0,candidate_invalid,candidate_invalid,NaN,NaN,3.83154809377369e-13,2.52145996445331e-13,41.0398186274126,0.00289758342438473,0.00289758342438362
LOS,15,0,17,20261209,14.8384666829397,14.9146257279667,14.8384666829397,14.8384666829397,-0.161533317060279,-0.0853742720333042,-0.161533317060279,-0.161533317060279,0,0,insufficient_gain,insufficient_gain,NaN,NaN,0.154482245689111,0.0206433730764297,54.7949648086301,0.00346231624762972,0.00292744985840998
LOS,15,0,18,20261209,14.9876132940663,14.9903079083741,14.9876132940663,14.9876132940663,-0.01238670593367,-0.00969209162592399,-0.01238670593367,-0.01238670593367,0,0,candidate_invalid,candidate_invalid,NaN,NaN,0.129598918071068,0.0184892084712137,93.1921057995019,0.00462301717468283,0.00402387915061997
LOS,15,0,19,20261209,14.7724686774502,13.6653276478932,14.7724686774502,14.7724686774502,-0.227531322549812,-1.33467235210681,-0.227531322549812,-0.227531322549812,0,0,insufficient_gain,insufficient_gain,NaN,NaN,0.107173540995706,0.227135127465292,22.9397544841194,0.00436032446579304,0.00389301305290379
LOS,15,0,20,20261209,14.7823522900746,14.7479965239501,14.7823522900746,14.7823522900746,-0.217647709925432,-0.252003476049884,-0.217647709925432,-0.217647709925432,0,0,insufficient_gain,insufficient_gain,NaN,NaN,0.433460763385329,0.0277588519548671,92.5042851485926,0.00326344624604213,0.00184887034496573
LOS,15,0,21,20261209,14.7806014244283,15.1490432861421,14.7806014244283,14.7806014244283,-0.219398575571702,0.149043286142103,-0.219398575571702,-0.219398575571702,0,0,insufficient_gain,insufficient_gain,NaN,NaN,0.00238506653746971,0.210465043292351,5.00013354827812,0.000880941076420116,0.000878839973337264
LOS,15,0,22,20261209,15.0308165814036,14.1197927682769,15.0308165814036,15.0308165814036,0.030816581403629,-0.880207231723119,0.030816581403629,0.030816581403629,0,0,insufficient_gain,insufficient_gain,NaN,NaN,0.101786364748975,0.206858517547668,19.9195582176463,0.00288157020447422,0.00258826564859183
LOS,15,0,23,20261209,15.1256265285922,14.4342867193238,15.1256265285922,15.1256265285922,0.125626528592232,-0.565713280676196,0.125626528592232,0.125626528592232,0,0,insufficient_gain,insufficient_gain,NaN,NaN,0.372177998954649,0.0979734486786426,39.1465837539788,0.00279543027308371,0.00175503262783017
LOS,15,0,24,20261209,14.9880033259527,13.7615329144832,14.9880033259527,14.9880033259527,-0.0119966740472837,-1.23846708551684,-0.0119966740472837,-0.0119966740472837,0,0,insufficient_gain,insufficient_gain,NaN,NaN,0.19049797210467,0.206582638976709,27.6197078634261,0.00238062994025956,0.00192712476430845
LOS,15,0,25,20261209,14.8329735706566,14.8489979859401,14.8329735706566,14.8329735706566,-0.167026429343419,-0.151002014059912,-0.167026429343419,-0.167026429343419,0,0,insufficient_gain,insufficient_gain,NaN,NaN,0.435610535779596,0.0241973391813856,82.9071773426108,0.00254716520393572,0.00143759320473014
LOS,15,0,26,20261209,14.7317287359063,13.5802353433161,14.7317287359063,14.7317287359063,-0.268271264093714,-1.41976465668388,-0.268271264093714,-0.268271264093714,0,0,insufficient_gain,insufficient_gain,NaN,NaN,0.294744580367078,0.159046133755292,38.507211396728,0.00531577732817889,0.00374898077025998
LOS,15,0,27,20261209,14.8941822191644,14.835619798247,14.8941822191644,14.8941822191644,-0.105817780835583,-0.164380201752998,-0.105817780835583,-0.105817780835583,0,0,insufficient_gain,insufficient_gain,NaN,NaN,0.34935315210173,0.0310823576191566,73.8197287867829,0.00474250614273908,0.00308569667291136
LOS,15,0,28,20261209,14.8121556884794,13.2155197285105,14.8121556884794,14.8121556884794,-0.187844311520637,-1.78448027148955,-0.187844311520637,-0.187844311520637,0,0,insufficient_gain,insufficient_gain,NaN,NaN,0.195316842437633,0.235852689920638,33.7088016809449,0.00485508779379029,0.00390680737614968
LOS,15,0,29,20261209,15.1463011274656,14.9293842788995,15.1463011274656,15.1463011274656,0.14630112746557,-0.0706157211005376,0.14630112746557,0.14630112746557,0,0,insufficient_gain,insufficient_gain,NaN,NaN,0.0251875035712967,0.217604476867046,8.07202749343049,0.00269374724864213,0.00262589848019679
LOS,15,0,30,20261209,14.9943105878943,13.5502618458767,14.9943105878943,14.9943105878943,-0.00568941210571339,-1.4497381541233,-0.00568941210571339,-0.00568941210571339,0,0,insufficient_gain,insufficient_gain,NaN,NaN,0.101944382076426,0.234564822399024,29.1529572875546,0.00679559762710213,0.00610282462616718
LOS,15,0,31,20261209,14.9430148099902,14.6885301164275,14.9430148099902,14.9430148099902,-0.0569851900098062,-0.311469883572499,-0.0569851900098062,-0.0569851900098062,0,0,insufficient_gain,insufficient_gain,NaN,NaN,0.0371923947663562,0.0455190719992251,24.1414298249982,0.00345971292971181,0.0033310379206517
LOS,15,0,32,20261209,15.0149195864605,15.5714520037311,15.0149195864605,15.0149195864605,0.0149195864604703,0.571452003731121,0.0149195864604703,0.0149195864604703,0,0,insufficient_gain,insufficient_gain,NaN,NaN,0.0932339114665915,0.0863813675722048,26.0549908941255,0.00188992990656911,0.00171372434898198
LOS,15,0,33,20261209,14.8548904946892,16.1935032736708,14.8548904946892,14.8548904946892,-0.145109505310806,1.19350327367077,-0.145109505310806,-0.145109505310806,0,0,insufficient_gain,insufficient_gain,NaN,NaN,0.162309356923774,0.241247109658618,16.3572206499571,0.00263114902848871,0.00220408892170409
LOS,15,0,34,20261209,15.1682020048628,15.0324555791364,15.1682020048628,15.1682020048628,0.168202004862813,0.0324555791364389,0.168202004862813,0.168202004862813,0,0,insufficient_gain,insufficient_gain,NaN,NaN,0.054419920190158,0.148306385263597,11.909937019851,0.00412579275165381,0.00390126743938768
LOS,15,0,35,20261209,15.0605672756732,15.0601033322257,15.0605672756732,15.0605672756732,0.0605672756731543,0.0601033322256512,0.0605672756731543,0.0605672756731543,0,0,insufficient_gain,insufficient_gain,NaN,NaN,0.322740174478192,0.0240329554514678,98.6043793920558,0.00308548269199349,0.00208967346963007
LOS,15,0,36,20261209,15.2080132941712,15.2667322869074,15.2080132941712,15.2080132941712,0.208013294171195,0.266732286907425,0.208013294171195,0.208013294171195,0,0,candidate_invalid,candidate_invalid,NaN,NaN,0.181619959829864,0.0159193933399352,98.1971787299486,0.00273951562568842,0.0022419649077976
LOS,15,0,37,20261209,15.0529209658873,14.4730878508952,15.0529209658873,15.0529209658873,0.0529209658872851,-0.526912149104803,0.0529209658872851,0.0529209658872851,0,0,insufficient_gain,insufficient_gain,NaN,NaN,0.242214287551714,0.0793705892463693,40.3030621824084,0.00642895878542382,0.00487177311351306
LOS,15,0,38,20261209,15.0573717545831,14.2336525950146,15.0573717545831,15.0573717545831,0.057371754583146,-0.766347404985368,0.057371754583146,0.057371754583146,0,0,insufficient_gain,insufficient_gain,NaN,NaN,0.256545844575085,0.298543392330387,15.800148686216,0.00242419534077865,0.0018022780996636
LOS,15,0,39,20261209,15.056221134409,15.0370657515325,15.056221134409,15.056221134409,0.0562211344090073,0.0370657515324702,0.0562211344090073,0.0562211344090073,0,0,candidate_invalid,candidate_invalid,NaN,NaN,0.0710455050388881,0.0119743378533183,99.4205229337649,0.00376543608987756,0.00349791878118055
LOS,15,0,40,20261209,15.1214555093992,13.4215644057032,15.1214555093992,15.1214555093992,0.121455509399155,-1.57843559429683,0.121455509399155,0.121455509399155,0,0,insufficient_gain,insufficient_gain,NaN,NaN,0.192052190141236,0.272740590726355,31.1363760162991,0.00541643388788637,0.00437619589696259
LOS,15,0,41,20261209,15.0049843286848,14.967811848916,15.0049843286848,15.0049843286848,0.00498432868477394,-0.032188151083993,0.00498432868477394,0.00498432868477394,0,0,insufficient_gain,insufficient_gain,NaN,NaN,0.00485285311146464,0.0367748454593666,9.57692819373839,0.00304900217584736,0.00303420581615144
LOS,15,0,42,20261209,14.8843501105273,15.0604386455208,14.8843501105273,14.8843501105273,-0.115649889472717,0.0604386455207901,-0.115649889472717,-0.115649889472717,0,0,insufficient_gain,insufficient_gain,NaN,NaN,0.0294774339043969,0.267981042542627,5.97796314617685,0.00368591285907227,0.0035772616063916
LOS,15,0,43,20261209,15.0638508320303,15.9270070815112,15.0638508320303,15.0638508320303,0.063850832030262,0.927007081511221,0.063850832030262,0.063850832030262,0,0,insufficient_gain,insufficient_gain,NaN,NaN,0.0131897873682035,0.194620288078272,13.3353960350451,0.00445601950124375,0.00439724555151377
LOS,15,0,44,20261209,15.0046738154516,12.933240868479,15.0046738154516,15.0046738154516,0.0046738154515733,-2.06675913152099,0.0046738154515733,0.0046738154515733,0,0,insufficient_gain,insufficient_gain,NaN,NaN,0.507228355630041,0.313138777973005,35.4952905598926,0.00547487248014988,0.00269786191475929
LOS,15,0,45,20261209,14.9577774872268,15.7647289328437,14.9577774872268,14.9577774872268,-0.0422225127731544,0.764728932843724,-0.0422225127731544,-0.0422225127731544,0,0,insufficient_gain,insufficient_gain,NaN,NaN,0.0248947669045093,0.172098930291901,14.348828155857,0.00205439317903289,0.00200324953971065
LOS,15,0,46,20261209,14.9551649928305,16.0136636853854,14.9551649928305,14.9551649928305,-0.0448350071694747,1.01366368538545,-0.0448350071694747,-0.0448350071694747,0,0,insufficient_gain,insufficient_gain,NaN,NaN,0.119850315293307,0.169839586062336,21.0764661743855,0.00337333240144866,0.00296903744954591
LOS,15,0,47,20261209,14.8337005745048,15.2746343697945,14.8337005745048,14.8337005745048,-0.166299425495202,0.274634369794502,-0.166299425495202,-0.166299425495202,0,0,insufficient_gain,insufficient_gain,NaN,NaN,0.0411542001584847,0.0628088577920296,28.1894564546907,0.00320057511348515,0.00306885800464252
LOS,15,0,48,20261209,14.8734212517007,14.6389265578767,14.8734212517007,14.8734212517007,-0.126578748299259,-0.361073442123313,-0.126578748299259,-0.126578748299259,0,0,insufficient_gain,insufficient_gain,NaN,NaN,0.00156270813689749,0.232354279545465,5.2547691796253,0.00615167220746837,0.00614205893925424
LOS,15,0,49,20261209,15.0350193608821,15.0298640572271,15.0350193608821,15.0350193608821,0.0350193608821279,0.0298640572271314,0.0350193608821279,0.0350193608821279,0,0,candidate_invalid,candidate_invalid,NaN,NaN,0.141466195071858,0.0131551522127871,91.903874013438,0.00222325613536745,0.00190874054922685
LOS,15,0,50,20261209,14.9126176121703,14.9542119823111,14.9126176121703,14.9126176121703,-0.0873823878296509,-0.0457880176888938,-0.0873823878296509,-0.0873823878296509,0,0,candidate_invalid,candidate_invalid,NaN,NaN,0.073791741086349,0.014154042650495,99.9999139745867,0.00493083339737321,0.00456697861597433
LOS,20,0,1,20261209,19.9925444242712,19.9986348060291,19.9925444242712,19.9925444242712,-0.00745557572880173,-0.00136519397087653,-0.00745557572880173,-0.00745557572880173,0,0,insufficient_gain,insufficient_gain,NaN,NaN,0.000128751699675855,0.0307102457008913,5.01119158614776,0.00288913945215885,0.00288876747054378
LOS,20,0,2,20261209,19.7823271217374,18.9042637385378,19.7823271217374,19.7823271217374,-0.217672878262594,-1.09573626146223,-0.217672878262594,-0.217672878262594,0,0,insufficient_gain,insufficient_gain,NaN,NaN,0.317656494032152,0.12092839652833,37.2845060177034,0.00293714895160635,0.00200414451318887
LOS,20,0,3,20261209,20.0709157375526,20.0747329811294,20.0709157375526,20.0709157375526,0.0709157375526246,0.0747329811294364,0.0709157375526246,0.0709157375526246,0,0,candidate_invalid,candidate_invalid,NaN,NaN,0.187445452752684,0.0161128816721475,77.7942223122563,0.00293556619202873,0.00238530765807843
LOS,20,0,4,20261209,19.9726135754843,19.8274367412676,19.9726135754843,19.9726135754843,-0.027386424515651,-0.172563258732417,-0.027386424515651,-0.027386424515651,0,0,insufficient_gain,insufficient_gain,NaN,NaN,0.0695000807162411,0.0245902433583922,51.7288626977911,0.0054615369770159,0.00508195971627856
LOS,20,0,5,20261209,20.0025852435072,19.1500168827328,20.0025852435072,20.0025852435072,0.00258524350721601,-0.849983117267236,0.00258524350721601,0.00258524350721601,0,0,insufficient_gain,insufficient_gain,NaN,NaN,0.283370445317978,0.351572975155368,15.9019916355788,0.00397563560945913,0.00284905797638468
LOS,20,0,6,20261209,20.0399825016214,20.039183541687,20.0399825016214,20.0399825016214,0.0399825016213846,0.0391835416869739,0.0399825016213846,0.0399825016213846,0,0,candidate_invalid,candidate_invalid,NaN,NaN,0.129012860877541,0.0180647281544533,97.5481831433442,0.00445502175790158,0.00388026665564301
LOS,20,0,7,20261209,20.1742781956815,21.2468149661209,20.1742781956815,20.1742781956815,0.174278195681506,1.24681496612088,0.174278195681506,0.174278195681506,0,0,insufficient_gain,insufficient_gain,NaN,NaN,0.452812958999629,0.24949190407269,13.4438499013442,0.00196307450648492,0.00107416893046675
LOS,20,0,8,20261209,20.0829428592306,19.1320527394032,20.0829428592306,20.0829428592306,0.0829428592306236,-0.867947260596836,0.0829428592306236,0.0829428592306236,0,0,insufficient_gain,insufficient_gain,NaN,NaN,0.0472108286146255,0.225910815704466,19.6072651271904,0.00594965983459406,0.00566877146382772
LOS,20,0,9,20261209,20.1716610001364,21.222147564604,20.1716610001364,20.1716610001364,0.171661000136371,1.22214756460396,0.171661000136371,0.171661000136371,0,0,insufficient_gain,insufficient_gain,NaN,NaN,0.276296331746137,0.217630277452068,16.4852923037572,0.0050206926104075,0.00363349365932697
LOS,20,0,10,20261209,20.0910297616768,18.3351863866452,20.0910297616768,20.0910297616768,0.0910297616768432,-1.66481361335481,0.0910297616768432,0.0910297616768432,0,0,insufficient_gain,insufficient_gain,NaN,NaN,0.325709025615204,0.269313140300311,33.5299247059502,0.0057207581264116,0.00385745557127781
LOS,20,0,11,20261209,19.8979633375147,20.6027755945319,19.8979633375147,19.8979633375147,-0.102036662485297,0.602775594531863,-0.102036662485297,-0.102036662485297,0,0,insufficient_gain,insufficient_gain,NaN,NaN,0.133359170584903,0.117408099632845,22.1711437625445,0.00292204786122885,0.00253236598204598
LOS,20,0,12,20261209,19.8547626522206,21.5096361461435,19.8547626522206,19.8547626522206,-0.145237347779442,1.50963614614354,-0.145237347779442,-0.145237347779442,0,0,insufficient_gain,insufficient_gain,NaN,NaN,0.241893465101278,0.263286874750972,19.4009555306526,0.00472862978355648,0.0035848051400309
LOS,20,0,13,20261209,19.9751634953021,19.9658938920159,19.9751634953021,19.9751634953021,-0.0248365046979302,-0.034106107984087,-0.0248365046979302,-0.0248365046979302,0,0,candidate_invalid,candidate_invalid,NaN,NaN,0.359799051803179,0.0187727411244248,99.9999792842608,0.00172945873960817,0.00110720112496443
LOS,20,0,14,20261209,20.1137133935474,20.0827494937998,20.1137133935474,20.1137133935474,0.113713393547407,0.082749493799767,0.113713393547407,0.113713393547407,0,0,candidate_invalid,candidate_invalid,NaN,NaN,0.0879411892682691,0.0132465224289039,99.9999994512362,0.00375133242134118,0.00342143578686782
LOS,20,0,15,20261209,19.7317486439243,19.1768819976927,19.7317486439243,19.7317486439243,-0.268251356075737,-0.823118002307304,-0.268251356075737,-0.268251356075737,0,0,insufficient_gain,insufficient_gain,NaN,NaN,0.125573047456501,0.11012504746043,23.805917140682,0.0031261239855791,0.00273356706998307
LOS,20,0,16,20261209,19.9314607169287,20.0748496300367,19.9314607169287,19.9314607169287,-0.0685392830713489,0.074849630036681,-0.0685392830713489,-0.0685392830713489,0,0,insufficient_gain,insufficient_gain,NaN,NaN,0.0113023975084456,0.196323435357227,5.06277048021263,0.00220490075323831,0.00217998008845854
LOS,20,0,17,20261209,19.9069734456273,19.1871537076672,19.9069734456273,19.9069734456273,-0.0930265543727025,-0.8128462923328,-0.0930265543727025,-0.0930265543727025,0,0,insufficient_gain,insufficient_gain,NaN,NaN,0.101714171484975,0.121611546174107,28.7384691130721,0.00506587175418916,0.00455060080586267
LOS,20,0,18,20261209,20.2965412591864,20.3652734221733,20.2965412591864,20.2965412591864,0.29654125918643,0.365273422173267,0.29654125918643,0.29654125918643,0,0,candidate_invalid,candidate_invalid,NaN,NaN,0.0497722310883835,0.0119332957499071,52.017924970003,0.00291606075687167,0.00277092190701289
LOS,20,0,19,20261209,19.9249254674247,19.918197893286,19.9249254674247,19.9249254674247,-0.0750745325753108,-0.0818021067140435,-0.0750745325753108,-0.0750745325753108,0,0,candidate_invalid,candidate_invalid,NaN,NaN,4.48993194348193e-12,7.29906873193298e-13,15.2050072378181,0.00395631127990481,0.00395631127988705
LOS,20,0,20,20261209,20.0726793485488,20.7724295686942,20.0726793485488,20.0726793485488,0.0726793485488422,0.772429568694186,0.0726793485488422,0.0726793485488422,0,0,insufficient_gain,insufficient_gain,NaN,NaN,0.077611977297073,0.155672380464445,15.0702578857157,0.00333657200109294,0.00307761405069407
LOS,20,0,21,20261209,19.8579742780344,20.564760593656,19.8579742780344,19.8579742780344,-0.142025721965606,0.564760593656004,-0.142025721965606,-0.142025721965606,0,0,insufficient_gain,insufficient_gain,NaN,NaN,0.149227027838155,0.193677594407571,13.0935766245218,0.00341680994883831,0.00290692955548533
LOS,20,0,22,20261209,20.1765746531989,19.4745828646359,20.1765746531989,20.1765746531989,0.17657465319888,-0.525417135364052,0.17657465319888,0.17657465319888,0,0,insufficient_gain,insufficient_gain,NaN,NaN,0.164222872016114,0.244464111816574,15.2498735022431,0.00204717526886289,0.00171098226668986
LOS,20,0,23,20261209,20.2002521709234,20.2098934720308,20.2002521709234,20.2002521709234,0.20025217092341,0.209893472030803,0.20025217092341,0.20025217092341,0,0,candidate_invalid,candidate_invalid,NaN,NaN,1.69015111746081e-11,3.68218351713519e-13,8.03716694457357,0.00348145320836957,0.00348145320831073
LOS,20,0,24,20261209,19.95895256223,19.9848137839411,19.95895256223,19.95895256223,-0.0410474377700076,-0.0151862160589289,-0.0410474377700076,-0.0410474377700076,0,0,candidate_invalid,candidate_invalid,NaN,NaN,0.0531497856165915,0.00735780462917434,94.6767441644695,0.00405296420877699,0.00383755002996877
LOS,20,0,25,20261209,20.0501414644284,20.0402193541759,20.0501414644284,20.0501414644284,0.0501414644284424,0.0402193541758962,0.0501414644284424,0.0501414644284424,0,0,candidate_invalid,candidate_invalid,NaN,NaN,0.408746474762433,0.0162596144418822,99.9998643081091,0.00173040761565191,0.00102310960285212
LOS,20,0,26,20261209,20.1320757473652,21.2520377185171,20.1320757473652,20.1320757473652,0.132075747365224,1.25203771851711,0.132075747365224,0.132075747365224,0,0,insufficient_gain,insufficient_gain,NaN,NaN,0.0269046904317881,0.254858606724674,12.0838874033701,0.00503974224224524,0.00490414953736162
LOS,20,0,27,20261209,20.1502319810868,19.6907798405272,20.1502319810868,20.1502319810868,0.150231981086801,-0.309220159472829,0.150231981086801,0.150231981086801,0,0,insufficient_gain,insufficient_gain,NaN,NaN,0.10374982232946,0.060571234728977,37.2206712160655,0.00303429881550676,0.00271949085250345
LOS,20,0,28,20261209,19.9363213208547,19.0962894866009,19.9363213208547,19.9363213208547,-0.0636786791453332,-0.903710513399069,-0.0636786791453332,-0.0636786791453332,0,0,insufficient_gain,insufficient_gain,NaN,NaN,0.285098513017827,0.125427768324377,32.9333946618229,0.00233014997088365,0.00166582767907619
LOS,20,0,29,20261209,19.8935816610815,19.8449912168735,19.8935816610815,19.8935816610815,-0.106418338918505,-0.155008783126476,-0.106418338918505,-0.106418338918505,0,0,insufficient_gain,insufficient_gain,NaN,NaN,0.311534315278052,0.0324173566616726,92.1442410045519,0.00632658957413001,0.00435563982310816
LOS,20,0,30,20261209,20.1558156998118,20.1412786469138,20.1558156998118,20.1558156998118,0.155815699811761,0.141278646913761,0.155815699811761,0.155815699811761,0,0,insufficient_gain,insufficient_gain,NaN,NaN,0.000513416778721969,0.0718132798275791,5.0725891271451,0.00312843317933131,0.00312682698924593
LOS,20,0,31,20261209,20.1466895194689,19.3994688106778,20.1466895194689,20.1466895194689,0.146689519468946,-0.600531189322204,0.146689519468946,0.146689519468946,0,0,insufficient_gain,insufficient_gain,NaN,NaN,0.0797418221650327,0.11341591906984,29.8836657545675,0.00326529005930376,0.00300490988007751
LOS,20,0,32,20261209,20.0563039420059,20.0812068017782,20.0563039420059,20.0563039420059,0.0563039420059219,0.0812068017781939,0.0563039420059219,0.0563039420059219,0,0,candidate_invalid,candidate_invalid,NaN,NaN,0.0443218713679244,0.00865639175124645,99.9960863746815,0.00358500538614104,0.00342611123856318
LOS,20,0,33,20261209,20.0938509024346,18.9471890032595,20.0938509024346,20.0938509024346,0.0938509024345926,-1.05281099674053,0.0938509024345926,0.0938509024345926,0,0,insufficient_gain,insufficient_gain,NaN,NaN,0.0848763684738162,0.699778975951313,12.1439139092242,0.00557729062222334,0.00510391044828595
LOS,20,0,34,20261209,19.8785217397559,19.2141508869143,19.8785217397559,19.8785217397559,-0.121478260244068,-0.785849113085654,-0.121478260244068,-0.121478260244068,0,0,insufficient_gain,insufficient_gain,NaN,NaN,0.096799474491738,0.159777485192637,19.3450567636011,0.00294272815353125,0.00265787361469738
LOS,20,0,35,20261209,20.0606033876694,20.0941383959398,20.0606033876694,20.0606033876694,0.0606033876694418,0.0941383959397974,0.0606033876694418,0.0606033876694418,0,0,candidate_invalid,candidate_invalid,NaN,NaN,0.107807363660118,0.0139221745590996,62.4971309442955,0.00341133981391062,0.00304357226202412
LOS,20,0,36,20261209,20.0222285056231,20.438423041001,20.0222285056231,20.0222285056231,0.0222285056230902,0.438423041001016,0.0222285056230902,0.0222285056230902,0,0,insufficient_gain,insufficient_gain,NaN,NaN,0.000708740807182842,0.226187607169633,5.00004618766356,0.00275250174577168,0.00275055093546261
LOS,20,0,37,20261209,20.0018764560641,17.3480595298616,20.0018764560641,20.0018764560641,0.00187645606412801,-2.65194047013838,0.00187645606412801,0.00187645606412801,0,0,insufficient_gain,insufficient_gain,NaN,NaN,0.20684481663487,0.69967612796643,23.1893547079664,0.0032135435517231,0.00254883872501876
LOS,20,0,38,20261209,20.1627566284019,18.4044673342778,20.1627566284019,20.1627566284019,0.162756628401922,-1.59553266572217,0.162756628401922,0.162756628401922,0,0,insufficient_gain,insufficient_gain,NaN,NaN,0.107532433264328,0.299567977027153,28.8681514257064,0.00424667822892788,0.00379002258568062
LOS,20,0,39,20261209,20.2594202163533,20.3070391089322,20.2594202163533,20.2594202163533,0.259420216353348,0.307039108932244,0.259420216353348,0.259420216353348,0,0,insufficient_gain,insufficient_gain,NaN,NaN,0.155571591669278,0.0212662291655729,99.9785480039473,0.00485789044778473,0.00410214069866788
LOS,20,0,40,20261209,20.0232350213497,18.8657076524203,20.0232350213497,20.0232350213497,0.0232350213496773,-1.1342923475797,0.0232350213496773,0.0232350213496773,0,0,insufficient_gain,insufficient_gain,NaN,NaN,0.197441449184509,0.275493770645382,20.8159923545596,0.00316329123085834,0.00253872642604502
LOS,20,0,41,20261209,20.0807063914934,19.2475887564065,20.0807063914934,20.0807063914934,0.0807063914933757,-0.752411243593514,0.0807063914933757,0.0807063914933757,0,0,insufficient_gain,insufficient_gain,NaN,NaN,0.0830243230976148,0.131452091372789,29.0147225510837,0.00334052183508105,0.00306317727093064
LOS,20,0,42,20261209,19.7809114889705,19.7250655394078,19.7809114889705,19.7809114889705,-0.219088511029522,-0.274934460592185,-0.219088511029522,-0.219088511029522,0,0,candidate_invalid,candidate_invalid,NaN,NaN,0.0523205380630015,0.0136489294473804,64.1703244519213,0.00401045234956277,0.00380062332475761
LOS,20,0,43,20261209,19.9805443802345,20.6353435582554,19.9805443802345,19.9805443802345,-0.0194556197655409,0.635343558255443,-0.0194556197655409,-0.0194556197655409,0,0,insufficient_gain,insufficient_gain,NaN,NaN,0.04367568882487,0.149336841156435,13.5817943400787,0.0029782143121746,0.00284813875062229
LOS,20,0,44,20261209,20.0225626272232,20.0064956007688,20.0225626272232,20.0225626272232,0.0225626272232411,0.00649560076877265,0.0225626272232411,0.0225626272232411,0,0,insufficient_gain,insufficient_gain,NaN,NaN,0.000628646660435994,0.0431904839967118,5.82410060364516,0.00190078980842934,0.00189959488326408
LOS,20,0,45,20261209,19.9227125607124,20.2477173797806,19.9227125607124,19.9227125607124,-0.0772874392875629,0.247717379780561,-0.0772874392875629,-0.0772874392875629,0,0,insufficient_gain,insufficient_gain,NaN,NaN,0.170178685565679,0.104372595185928,18.5857935706042,0.00429842578037087,0.00356692533106573
LOS,20,0,46,20261209,19.9780534249512,20.5959432858599,19.9780534249512,19.9780534249512,-0.0219465750488048,0.595943285859946,-0.0219465750488048,-0.0219465750488048,0,0,insufficient_gain,insufficient_gain,NaN,NaN,0.00844112431144377,0.146542954604169,12.9534749554775,0.00255759171510661,0.00253600276550148
LOS,20,0,47,20261209,19.957009770951,18.9089697945633,19.957009770951,19.957009770951,-0.0429902290489501,-1.09103020543669,-0.0429902290489501,-0.0429902290489501,0,0,insufficient_gain,insufficient_gain,NaN,NaN,0.223899940986622,0.158395629722229,30.9873196128535,0.00285364363136242,0.00221471299070353
LOS,20,0,48,20261209,19.9752660637879,19.9563773041647,19.9752660637879,19.9752660637879,-0.024733936212094,-0.0436226958352606,-0.024733936212094,-0.024733936212094,0,0,candidate_invalid,candidate_invalid,NaN,NaN,0.236104437561514,0.0190134098043722,99.9983774725206,0.00312795648851449,0.00238943208107689
LOS,20,0,49,20261209,19.9048709147933,20.6197334461182,19.9048709147933,19.9048709147933,-0.0951290852067004,0.619733446118161,-0.0951290852067004,-0.0951290852067004,0,0,insufficient_gain,insufficient_gain,NaN,NaN,0.0854730999445036,0.162451025858043,14.3877100888837,0.00234010028488552,0.00214008465935533
LOS,20,0,50,20261209,20.1739129856438,20.1776394024962,20.1739129856438,20.1739129856438,0.173912985643849,0.177639402496226,0.173912985643849,0.173912985643849,0,0,candidate_invalid,candidate_invalid,NaN,NaN,5.39953639945806e-06,0.00665093748914225,5.00000758443631,0.00252157927183894,0.00252156565647987
LOS,1,10,1,20261209,0.96205036587064,0.929244593164766,0.96205036587064,0.96205036587064,-0.0379496341293599,-0.070755406835234,-0.0379496341293599,-0.0379496341293599,0,0,candidate_invalid,candidate_invalid,NaN,NaN,0.547570831375734,0.0131095669372542,99.999729092622,0.000608781628345323,0.000275430565986001
LOS,1,10,2,20261209,0.996141808755567,1.00803149590208,0.996141808755567,0.996141808755567,-0.00385819124443321,0.00803149590208152,-0.00385819124443321,-0.00385819124443321,0,0,candidate_invalid,candidate_invalid,NaN,NaN,0.155237964958048,0.00566918980813451,99.9996854094664,0.00036373320389016,0.000307268001530581
LOS,1,10,3,20261209,1.07124380094104,1.07201124015892,1.07124380094104,1.07124380094104,0.0712438009410432,0.0720112401589192,0.0712438009410432,0.0712438009410432,0,0,candidate_invalid,candidate_invalid,NaN,NaN,0,2.60756446561494e-12,98.231956278769,0.000206040801739027,0.000206040801764784
LOS,1,10,4,20261209,1.04542543765557,1.00930703735352,1.04542543765557,1.04542543765557,0.0454254376555674,0.00930703735351912,0.0454254376555674,0.0454254376555674,0,0,insufficient_gain,insufficient_gain,NaN,NaN,0.00876420045757789,0.0224955474147202,8.55353655901868,0.00040685341063007,0.000403287665782459
LOS,1,10,5,20261209,0.990844742614563,1.59272846373887,0.990844742614563,0.990844742614563,-0.00915525738543654,0.592728463738868,-0.00915525738543654,-0.00915525738543654,0,0,insufficient_gain,insufficient_gain,NaN,NaN,0.454680485582576,0.10041889356009,22.3853371004341,0.000530078080750673,0.000289061921598277
LOS,1,10,6,20261209,1.01906555268867,1.01756022001097,1.01906555268867,1.01906555268867,0.019065552688674,0.0175602200109704,0.019065552688674,0.019065552688674,0,0,candidate_invalid,candidate_invalid,NaN,NaN,0.00382239964131883,0.000796047134355093,99.9999528417918,0.000322807918566648,0.000321574017694504
LOS,1,10,7,20261209,0.975883451246533,0.981889752631083,0.975883451246533,0.975883451246533,-0.0241165487534671,-0.0181102473689171,-0.0241165487534671,-0.0241165487534671,0,0,candidate_invalid,candidate_invalid,NaN,NaN,0.166179444359609,0.00563623778222705,84.7698119476425,0.000358488830046744,0.00029891535546045
LOS,1,10,8,20261209,0.99629846215321,0.997924546846982,0.99629846215321,0.99629846215321,-0.00370153784679039,-0.00207545315301849,-0.00370153784679039,-0.00370153784679039,0,0,candidate_invalid,candidate_invalid,NaN,NaN,0,2.54129800100528e-13,97.8975883033653,0.000524912489979101,0.000524912489981322
LOS,1,10,9,20261209,1.04254782244097,1.0453240485974,1.04254782244097,1.04254782244097,0.0425478224409708,0.0453240485974042,0.0425478224409708,0.0425478224409708,0,0,candidate_invalid,candidate_invalid,NaN,NaN,0.0108816439237983,0.00162912130173261,89.2338313437727,0.000462245781089887,0.000457215787094789
LOS,1,10,10,20261209,1.02723908311748,1.02638693899198,1.02723908311748,1.02723908311748,0.0272390831174769,0.0263869389919758,0.0272390831174769,0.0272390831174769,0,0,candidate_invalid,candidate_invalid,NaN,NaN,0.200939009350612,0.00797188188344318,69.7262329672919,0.000676444233245199,0.000540520199135974
LOS,1,10,11,20261209,1.01448687494817,1.56149219638943,1.01448687494817,1.01448687494817,0.014486874948173,0.561492196389425,0.014486874948173,0.014486874948173,0,0,insufficient_gain,insufficient_gain,NaN,NaN,0.117222379726066,0.147877724425323,11.4894498845265,0.000327540737200316,0.000289145632528465
LOS,1,10,12,20261209,0.983175002063446,1.53269360932926,0.983175002063446,0.983175002063446,-0.016824997936554,0.532693609329257,-0.016824997936554,-0.016824997936554,0,0,insufficient_gain,insufficient_gain,NaN,NaN,0.0740348665945269,0.117506200533622,15.1874685297256,0.000347735394789161,0.000321990851225751
LOS,1,10,13,20261209,1.05499099061967,0.93958318854888,1.05499099061967,1.05499099061967,0.0549909906196711,-0.0604168114511201,0.0549909906196711,0.0549909906196711,0,0,insufficient_gain,insufficient_gain,NaN,NaN,0.449851216936765,0.0335583159827646,25.7496356202053,0.000386454197254249,0.000212607306329105
LOS,1,10,14,20261209,0.965534450210491,0.977455183689237,0.965534450210491,0.965534450210491,-0.0344655497895091,-0.0225448163107631,-0.0344655497895091,-0.0344655497895091,0,0,candidate_invalid,candidate_invalid,NaN,NaN,0.230923251622424,0.00748082090560737,95.8151414366601,0.000443735950001578,0.000341267001565448
LOS,1,10,15,20261209,1.00872665212829,2.23581080693413,1.00872665212829,1.00872665212829,0.00872665212828583,1.23581080693413,0.00872665212828583,0.00872665212828583,0,0,insufficient_gain,insufficient_gain,NaN,NaN,0.143793711951068,0.400409350947033,6.49911957243781,0.00055991392577126,0.000479401824011516
LOS,1,10,16,20261209,1.04509793701789,0.19770317466966,1.04509793701789,1.04509793701789,0.0450979370178897,-0.80229682533034,0.0450979370178897,0.0450979370178897,0,0,insufficient_gain,insufficient_gain,NaN,NaN,0.117854297765962,0.241525756426086,15.5119228272259,0.000497806115635102,0.000439137525453326
LOS,1,10,17,20261209,1.04144658542261,0.626174801611862,1.04144658542261,1.04144658542261,0.0414465854226076,-0.373825198388138,0.0414465854226076,0.0414465854226076,0,0,insufficient_gain,insufficient_gain,NaN,NaN,0.170296025126131,0.0627241565785561,29.720547752818,0.000644674566794956,0.000534889050569864
LOS,1,10,18,20261209,1.04027764748101,1.5131427166564,1.04027764748101,1.04027764748101,0.0402776474810087,0.513142716656405,0.0402776474810087,0.0402776474810087,0,0,insufficient_gain,insufficient_gain,NaN,NaN,0.218644626971367,0.11196976293956,15.0643961782767,0.000638603789385295,0.000498976502072646
LOS,1,10,19,20261209,0.967793748280612,0.97898822685394,0.967793748280612,0.967793748280612,-0.0322062517193883,-0.0210117731460602,-0.0322062517193883,-0.0322062517193883,0,0,candidate_invalid,candidate_invalid,NaN,NaN,0.0797137468351384,0.00372737336084345,68.6963281202023,0.000573839773615914,0.000528096855177962
LOS,1,10,20,20261209,0.958619339504736,1.41929835972357,0.958619339504736,0.958619339504736,-0.0413806604952636,0.419298359723566,-0.0413806604952636,-0.0413806604952636,0,0,insufficient_gain,insufficient_gain,NaN,NaN,0.06645459105697,0.0959403983824695,15.879353811438,0.000360335769164832,0.000336389802981785
LOS,1,10,21,20261209,1.03513809212842,1.42713796578881,1.03513809212842,1.03513809212842,0.0351380921284248,0.427137965788806,0.0351380921284248,0.0351380921284248,0,0,insufficient_gain,insufficient_gain,NaN,NaN,0.0666559548945866,0.0902207383950803,14.6346872771313,0.000449145589542788,0.000419207361385121
LOS,1,10,22,20261209,1.02193594451747,1.02267722383887,1.02193594451747,1.02193594451747,0.0219359445174747,0.0226772238388682,0.0219359445174747,0.0219359445174747,0,0,candidate_invalid,candidate_invalid,NaN,NaN,0,1.86969785070617e-13,98.6239880783839,0.000382106725216769,0.000382106725220988
LOS,1,10,23,20261209,0.916009968827734,0.906290158644812,0.916009968827734,0.916009968827734,-0.0839900311722657,-0.0937098413551879,-0.0839900311722657,-0.0839900311722657,0,0,candidate_invalid,candidate_invalid,NaN,NaN,0.144987646830049,0.0047662464919855,99.8352503032979,0.000345060242190831,0.000295030769660976
LOS,1,10,24,20261209,0.9747744396366,0.823360283405453,0.9747744396366,0.9747744396366,-0.0252255603634002,-0.176639716594547,-0.0252255603634002,-0.0252255603634002,0,0,insufficient_gain,insufficient_gain,NaN,NaN,0.0377044413099486,0.225957816336745,5.40300687060705,0.000515792841355944,0.000496345160440947
LOS,1,10,25,20261209,1.02093425469752,0.784413020629821,1.02093425469752,1.02093425469752,0.0209342546975213,-0.215586979370179,0.0209342546975213,0.0209342546975213,0,0,insufficient_gain,insufficient_gain,NaN,NaN,0.0563422668951764,0.0364984357636174,27.6209884956471,0.000711496754936203,0.000671409414874535
LOS,1,10,26,20261209,1.00366906968431,1.56888581895805,1.00366906968431,1.00366906968431,0.00366906968430736,0.568885818958045,0.00366906968430736,0.00366906968430736,0,0,insufficient_gain,insufficient_gain,NaN,NaN,0.466872476689096,0.104147178072593,20.0262601733594,0.000495522803494186,0.000264176844970931
LOS,1,10,27,20261209,0.972062010314879,0.776423067049311,0.972062010314879,0.972062010314879,-0.0279379896851212,-0.223576932950689,-0.0279379896851212,-0.0279379896851212,0,0,insufficient_gain,insufficient_gain,NaN,NaN,0.453737284893421,0.0273353092747511,38.3237261950444,0.000248558674175836,0.000135778336218584
LOS,1,10,28,20261209,0.975929026046719,0.969972496507477,0.975929026046719,0.975929026046719,-0.0240709739532805,-0.030027503492523,-0.0240709739532805,-0.0240709739532805,0,0,candidate_invalid,candidate_invalid,NaN,NaN,0.28960617623221,0.0102221581387936,79.4417780160508,0.000705145302477117,0.000500930867738614
LOS,1,10,29,20261209,1.05166119560783,1.05412383875978,1.05166119560783,1.05166119560783,0.0516611956078306,0.0541238387597804,0.0516611956078306,0.0516611956078306,0,0,candidate_invalid,candidate_invalid,NaN,NaN,0.0294649849900651,0.00226277327721353,99.9999995053425,0.000307096249821726,0.000298047663430223
LOS,1,10,30,20261209,0.99686026435856,0.986650322492182,0.99686026435856,0.99686026435856,-0.00313973564144021,-0.0133496775078183,-0.00313973564144021,-0.00313973564144021,0,0,candidate_invalid,candidate_invalid,NaN,NaN,0.519984264606489,0.0127479054499867,88.6583358439831,0.000618100981236269,0.000296698197055578
LOS,1,10,31,20261209,0.964590358166076,0.779522232132394,0.964590358166076,0.964590358166076,-0.035409641833924,-0.220477767867606,-0.035409641833924,-0.035409641833924,0,0,insufficient_gain,insufficient_gain,NaN,NaN,0.0400754451242971,0.175050999706966,6.42802404504729,0.000375731135842994,0.000360673543327028
LOS,1,10,32,20261209,0.967329220052682,0.96696974982156,0.967329220052682,0.967329220052682,-0.0326707799473184,-0.0330302501784399,-0.0326707799473184,-0.0326707799473184,0,0,candidate_invalid,candidate_invalid,NaN,NaN,0.0330981454638376,0.0022469410642981,45.4451081550312,0.00020849402683365,0.000201593261205169
LOS,1,10,33,20261209,0.942618840145305,0.00146610372883102,0.942618840145305,0.942618840145305,-0.0573811598546947,-0.998533896271169,-0.0573811598546947,-0.0573811598546947,0,0,insufficient_gain,insufficient_gain,NaN,NaN,0.223750443459913,0.416114839945111,11.5438895402105,0.000258267419620983,0.000200479969949541
LOS,1,10,34,20261209,1.00254369712207,0.83941366477709,1.00254369712207,1.00254369712207,0.0025436971220687,-0.16058633522291,0.0025436971220687,0.0025436971220687,0,0,insufficient_gain,insufficient_gain,NaN,NaN,0.255159764459525,0.0240271152288852,36.5772307324489,0.00029570214226915,0.000220250853297577
LOS,1,10,35,20261209,0.973023903728249,0.968514135896667,0.973023903728249,0.973023903728249,-0.026976096271751,-0.0314858641033333,-0.026976096271751,-0.026976096271751,0,0,candidate_invalid,candidate_invalid,NaN,NaN,0.197053769167656,0.00562022471001947,99.9999946645057,0.000285086884384445,0.000228909439276226
LOS,1,10,36,20261209,0.957718132489849,0.546825748305765,0.957718132489849,0.957718132489849,-0.0422818675101513,-0.453174251694235,-0.0422818675101513,-0.0422818675101513,0,0,insufficient_gain,insufficient_gain,NaN,NaN,0.494288519656818,0.0744480262721714,25.6737850521337,0.000532463358962065,0.000269272833489209
LOS,1,10,37,20261209,1.03375825907281,0.873218735123581,1.03375825907281,1.03375825907281,0.0337582590728069,-0.126781264876419,0.0337582590728069,0.0337582590728069,0,0,insufficient_gain,insufficient_gain,NaN,NaN,0.475434344994798,0.0251957117436201,49.9249809687852,0.000718123601900045,0.000376702977605392
LOS,1,10,38,20261209,0.968306094039441,0.922793507734998,0.968306094039441,0.968306094039441,-0.0316939059605589,-0.0772064922650015,-0.0316939059605589,-0.0316939059605589,0,0,insufficient_gain,insufficient_gain,NaN,NaN,0.0366402978145779,0.0836123758581472,7.94373999397854,0.000485516668328412,0.000467727193006917
LOS,1,10,39,20261209,0.919289824069939,1.57883629262308,0.919289824069939,0.919289824069939,-0.0807101759300607,0.57883629262308,-0.0807101759300607,-0.0807101759300607,0,0,insufficient_gain,insufficient_gain,NaN,NaN,0.167204581469209,0.108294715391835,21.5345788906534,0.000763949255579766,0.000636213440036837
LOS,1,10,40,20261209,1.03168704316419,1.32367479931673,1.03168704316419,1.03168704316419,0.0316870431641878,0.32367479931673,0.0316870431641878,0.0316870431641878,0,0,insufficient_gain,insufficient_gain,NaN,NaN,0.000161564425991711,0.171352414030764,5.00000239016184,0.000393080269679658,0.000393016761891518
LOS,1,10,41,20261209,1.01332584256615,1.7312450079208,1.01332584256615,1.01332584256615,0.0133258425661475,0.731245007920798,0.0133258425661475,0.0133258425661475,0,0,insufficient_gain,insufficient_gain,NaN,NaN,0.227864785426748,0.133602448579082,18.1171279122506,0.000432593125016645,0.000334020385407641
LOS,1,10,42,20261209,1.06385477975336,1.57129675636557,1.06385477975336,1.06385477975336,0.0638547797533588,0.571296756365568,0.0638547797533588,0.0638547797533588,0,0,insufficient_gain,insufficient_gain,NaN,NaN,0.0424973862799233,0.123565710230196,13.0163688053178,0.000244710343094257,0.000234310793117087
LOS,1,10,43,20261209,0.972515106351158,0.969971978246331,0.972515106351158,0.972515106351158,-0.027484893648842,-0.0300280217536688,-0.027484893648842,-0.027484893648842,0,0,candidate_invalid,candidate_invalid,NaN,NaN,0.143838229334607,0.00650812853449566,82.6945805385979,0.000570136937604993,0.000488129450021635
LOS,1,10,44,20261209,1.04684913025386,1.04600333418167,1.04684913025386,1.04684913025386,0.0468491302538629,0.0460033341816706,0.0468491302538629,0.0468491302538629,0,0,candidate_invalid,candidate_invalid,NaN,NaN,0.0396779771959094,0.00301504196461701,99.9999959227191,0.000420608078733675,0.000403919200977265
LOS,1,10,45,20261209,0.935751108276976,0.934256521329007,0.935751108276976,0.935751108276976,-0.0642488917230238,-0.0657434786709929,-0.0642488917230238,-0.0642488917230238,0,0,candidate_invalid,candidate_invalid,NaN,NaN,0.0337022560525256,0.00301642996823951,99.9999994358673,0.00048622818836086,0.000469841201456767
LOS,1,10,46,20261209,0.948147052661075,0.933107071726346,0.948147052661075,0.948147052661075,-0.0518529473389253,-0.0668929282736543,-0.0518529473389253,-0.0518529473389253,0,0,candidate_invalid,candidate_invalid,NaN,NaN,0.316565603004225,0.00695399769887475,99.7936587931561,0.000287472990647242,0.00019646893001557
LOS,1,10,47,20261209,1.03890036188951,0.873136048700918,1.03890036188951,1.03890036188951,0.0389003618895112,-0.126863951299082,0.0389003618895112,0.0389003618895112,0,0,insufficient_gain,insufficient_gain,NaN,NaN,0.272828303965186,0.0759400096881634,16.1140948022223,0.000559126550448541,0.00040658100198776
LOS,1,10,48,20261209,0.977496570338892,0.97150469873182,0.977496570338892,0.977496570338892,-0.0225034296611083,-0.0284953012681797,-0.0225034296611083,-0.0225034296611083,0,0,candidate_invalid,candidate_invalid,NaN,NaN,0.697528975030178,0.0121219136440587,81.6986373528397,0.00040847724534343,0.000123552531075877
LOS,1,10,49,20261209,1.03890700562457,1.23496386737134,1.03890700562457,1.03890700562457,0.0389070056245719,0.234963867371336,0.0389070056245719,0.0389070056245719,0,0,insufficient_gain,insufficient_gain,NaN,NaN,0.130431527588632,0.229382733235038,5.63208288090471,0.00047217296805635,0.000410586726546702
LOS,1,10,50,20261209,1.00247823913975,1.22107897695027,1.00247823913975,1.00247823913975,0.00247823913975065,0.221078976950272,0.00247823913975065,0.00247823913975065,0,0,insufficient_gain,insufficient_gain,NaN,NaN,0.178628522087694,0.0311814327459281,32.9444556567652,0.000450597425310839,0.000370107873171044
LOS,3,10,1,20261209,2.98333803631984,2.09970744484862,2.98333803631984,2.98333803631984,-0.0166619636801588,-0.900292555151383,-0.0166619636801588,-0.0166619636801588,0,0,insufficient_gain,insufficient_gain,NaN,NaN,0.396748336789696,0.1775513084444,21.4510628841252,0.000191723249145959,0.000115657368923383
LOS,3,10,2,20261209,2.96840021110152,2.91224847357988,2.96840021110152,2.96840021110152,-0.0315997888984803,-0.0877515264201225,-0.0315997888984803,-0.0315997888984803,0,0,insufficient_gain,insufficient_gain,NaN,NaN,0.0172564642201091,0.0396209970121288,9.4491238407427,0.000453702816687773,0.000445873510265038
LOS,3,10,3,20261209,2.95749845545127,3.54817713556822,2.95749845545127,2.95749845545127,-0.0425015445487276,0.548177135568222,-0.0425015445487276,-0.0425015445487276,0,0,insufficient_gain,insufficient_gain,NaN,NaN,0.20150652704158,0.109407912619044,18.1056950502977,0.000264867020452808,0.000211494587033512
LOS,3,10,4,20261209,3.04572870496481,3.54549809260628,3.04572870496481,3.04572870496481,0.0457287049648114,0.545498092606277,0.0457287049648114,0.0457287049648114,0,0,insufficient_gain,insufficient_gain,NaN,NaN,0.0965671102341194,0.1035568917941,16.1932118984231,0.000372337421026492,0.000336381872245939
LOS,3,10,5,20261209,3.05543318658524,3.06277549173339,3.05543318658524,3.05543318658524,0.0554331865852444,0.062775491733392,0.0554331865852444,0.0554331865852444,0,0,candidate_invalid,candidate_invalid,NaN,NaN,0.45494051856946,0.0113169408618172,99.9999992122982,0.000403115948075294,0.0002197221696143
LOS,3,10,6,20261209,2.98725380186922,3.07374759483255,2.98725380186922,2.98725380186922,-0.012746198130781,0.0737475948325468,-0.012746198130781,-0.012746198130781,0,0,insufficient_gain,insufficient_gain,NaN,NaN,0.00167843214064755,0.0706460879501898,5.00006412975556,0.000343807081417236,0.000343230024561603
LOS,3,10,7,20261209,3.01078587565839,2.81011204416285,3.01078587565839,3.01078587565839,0.0107858756583936,-0.189887955837151,0.0107858756583936,0.0107858756583936,0,0,insufficient_gain,insufficient_gain,NaN,NaN,0.0169419344765358,0.0925841842047333,9.6291859094193,0.000775654447621621,0.000762513360793582
LOS,3,10,8,20261209,2.96694663672662,3.45723348085472,2.96694663672662,2.96694663672662,-0.03305336327338,0.457233480854721,-0.03305336327338,-0.03305336327338,0,0,insufficient_gain,insufficient_gain,NaN,NaN,0.0812142662779949,0.151591246235878,10.0477207023659,0.000480756024808349,0.000441711776994813
LOS,3,10,9,20261209,3.01542554014796,3.280924288622,3.01542554014796,3.01542554014796,0.0154255401479571,0.280924288622003,0.0154255401479571,0.0154255401479571,0,0,insufficient_gain,insufficient_gain,NaN,NaN,0.103389637616917,0.11026201945271,9.47562597903401,0.000405872464981805,0.000363909457908651
LOS,3,10,10,20261209,3.00945591831384,3.0208857798643,3.00945591831384,3.00945591831384,0.00945591831383608,0.0208857798643001,0.00945591831383608,0.00945591831383608,0,0,insufficient_gain,insufficient_gain,NaN,NaN,0.0122380728355744,0.0796252333736306,5.00257010377551,0.000221845039984681,0.000219130084227137
LOS,3,10,11,20261209,3.00563261936666,3.61757807395255,3.00563261936666,3.00563261936666,0.00563261936665649,0.617578073952545,0.00563261936665649,0.00563261936665649,0,0,insufficient_gain,insufficient_gain,NaN,NaN,0.483738419946753,0.15272726801258,14.2122856758445,0.000649788882030267,0.000335461034937978
LOS,3,10,12,20261209,3.00533550966779,3.09031341690645,3.00533550966779,3.00533550966779,0.00533550966779428,0.090313416906449,0.00533550966779428,0.00533550966779428,0,0,insufficient_gain,insufficient_gain,NaN,NaN,0.00126553529659682,0.0886594857241907,5.00120957419701,0.000550092649479916,0.000549396487815601
LOS,3,10,13,20261209,3.03596761096018,2.98618422320645,3.03596761096018,3.03596761096018,0.0359676109601827,-0.0138157767935496,0.0359676109601827,0.0359676109601827,0,0,insufficient_gain,insufficient_gain,NaN,NaN,0.00586183412366688,0.0609890868162171,5.4667092816349,0.000219569412436282,0.00021828233296195
LOS,3,10,14,20261209,2.98511184391324,3.04605150674343,2.98511184391324,2.98511184391324,-0.014888156086756,0.0460515067434262,-0.014888156086756,-0.014888156086756,0,0,insufficient_gain,insufficient_gain,NaN,NaN,0.00302274509301911,0.0653804050807934,5.01180095073688,0.000513743167655401,0.000512190253016298
LOS,3,10,15,20261209,3.02648972539988,3.03715541602604,3.02648972539988,3.02648972539988,0.0264897253998835,0.037155416026045,0.0264897253998835,0.0264897253998835,0,0,candidate_invalid,candidate_invalid,NaN,NaN,0.00451641379434531,0.0117775963979843,11.5202215534798,0.000358078179614862,0.000356460950384996
LOS,3,10,16,20261209,2.99932272401442,2.7931796568962,2.99932272401442,2.99932272401442,-0.000677275985583758,-0.206820343103804,-0.000677275985583758,-0.000677275985583758,0,0,insufficient_gain,insufficient_gain,NaN,NaN,0.302278107135614,0.093246574104086,14.6706188894986,0.000440942360072416,0.000307655138113816
LOS,3,10,17,20261209,3.00873680251005,3.00296564719414,3.00873680251005,3.00873680251005,0.00873680251004982,0.00296564719414327,0.00873680251004982,0.00873680251004982,0,0,candidate_invalid,candidate_invalid,NaN,NaN,0.0504880962239254,0.0028076843577711,99.99999952847,0.000284759431040449,0.000270382469485408
LOS,3,10,18,20261209,3.02803325384767,3.0203165946618,3.02803325384767,3.02803325384767,0.0280332538476671,0.0203165946618,0.0280332538476671,0.0280332538476671,0,0,candidate_invalid,candidate_invalid,NaN,NaN,0.365353771911651,0.00918788265683349,93.4491068992429,0.000463493995277009,0.000294154715844153
LOS,3,10,19,20261209,3.06250454751077,3.07178556693408,3.06250454751077,3.06250454751077,0.0625045475107746,0.0717855669340772,0.0625045475107746,0.0625045475107746,0,0,candidate_invalid,candidate_invalid,NaN,NaN,0.0568630908986294,0.00457867679252751,99.9987574851712,0.000619041085968774,0.000583840496427346
LOS,3,10,20,20261209,2.92843413040103,3.39818065593451,2.92843413040103,2.92843413040103,-0.0715658695989689,0.398180655934507,-0.0715658695989689,-0.0715658695989689,0,0,insufficient_gain,insufficient_gain,NaN,NaN,0.0195963142767004,0.116324357178249,12.7185988703302,0.000481931111561584,0.000472487038039704
LOS,3,10,21,20261209,2.96790833952741,2.7525781765549,2.96790833952741,2.96790833952741,-0.0320916604725894,-0.2474218234451,-0.0320916604725894,-0.0320916604725894,0,0,insufficient_gain,insufficient_gain,NaN,NaN,0.371329753407052,0.0300609771852641,32.670055226948,0.000183217674495806,0.000115183500605465
LOS,3,10,22,20261209,3.03908403979404,3.03424593020879,3.03908403979404,3.03908403979404,0.0390840397940444,0.0342459302087912,0.0390840397940444,0.0390840397940444,0,0,candidate_invalid,candidate_invalid,NaN,NaN,0,2.9291344264943e-13,94.4713397067204,0.000416049209145841,0.00041604920914784
LOS,3,10,23,20261209,3.03964682260626,3.15407846910412,3.03964682260626,3.03964682260626,0.039646822606263,0.154078469104117,0.039646822606263,0.039646822606263,0,0,insufficient_gain,insufficient_gain,NaN,NaN,0.0309450518991934,0.081784799804076,6.30838218197498,0.000169794913593924,0.000164540601180541
LOS,3,10,24,20261209,2.98926326452357,3.81518477324339,2.98926326452357,2.98926326452357,-0.0107367354764309,0.815184773243389,-0.0107367354764309,-0.0107367354764309,0,0,insufficient_gain,insufficient_gain,NaN,NaN,0.0910458459583682,0.191151047462335,12.5357865963304,0.000399231734925509,0.000362883343885789
LOS,3,10,25,20261209,3.04956221211718,3.55394511663338,3.04956221211718,3.04956221211718,0.0495622121171815,0.553945116633377,0.0495622121171815,0.0495622121171815,0,0,insufficient_gain,insufficient_gain,NaN,NaN,0.111628812027118,0.102111420626763,16.6380995790823,0.000435727027916277,0.000387087337421876
LOS,3,10,26,20261209,2.94069782310555,2.9470329807169,2.94069782310555,2.94069782310555,-0.0593021768944517,-0.0529670192830975,-0.0593021768944517,-0.0593021768944517,0,0,candidate_invalid,candidate_invalid,NaN,NaN,0.0389749970511412,0.00351134763572017,99.9999994044476,0.000561742794594977,0.000539848870832138
LOS,3,10,27,20261209,2.97986957845667,2.97487081695344,2.97986957845667,2.97986957845667,-0.0201304215433278,-0.0251291830465639,-0.0201304215433278,-0.0201304215433278,0,0,candidate_invalid,candidate_invalid,NaN,NaN,0.0874707161504972,0.00391294435715016,69.0972691376026,0.000352385965873836,0.000321562513077467
LOS,3,10,28,20261209,3.02549330004888,3.8136295225408,3.02549330004888,3.02549330004888,0.025493300048876,0.813629522540801,0.025493300048876,0.025493300048876,0,0,insufficient_gain,insufficient_gain,NaN,NaN,0.0702625610702432,0.186587126823732,12.4597624360202,0.000443118118391927,0.000411983504537083
LOS,3,10,29,20261209,2.97501159201963,2.96999958116155,2.97501159201963,2.97501159201963,-0.0249884079803739,-0.030000418838446,-0.0249884079803739,-0.0249884079803739,0,0,candidate_invalid,candidate_invalid,NaN,NaN,0.204922258531182,0.00873636885534151,99.9999998870262,0.000775207344488438,0.000616350104625907
LOS,3,10,30,20261209,3.02494079922021,3.01714216366958,3.02494079922021,3.02494079922021,0.0249407992202122,0.0171421636695839,0.0249407992202122,0.0249407992202122,0,0,candidate_invalid,candidate_invalid,NaN,NaN,7.44102635037845e-12,1.4816051543209e-14,86.071197845166,0.000387927649776243,0.000387927649773356
LOS,3,10,31,20261209,3.00675448269717,3.00053685666272,3.00675448269717,3.00675448269717,0.00675448269716661,0.000536856662717966,0.00675448269716661,0.00675448269716661,0,0,candidate_invalid,candidate_invalid,NaN,NaN,0.0150271267384217,0.00220794747734393,99.9996268865252,0.000560113296294462,0.00055169640280317
LOS,3,10,32,20261209,2.98833816554491,2.6236058896637,2.98833816554491,2.98833816554491,-0.0116618344550852,-0.376394110336301,-0.0116618344550852,-0.0116618344550852,0,0,insufficient_gain,insufficient_gain,NaN,NaN,0.0942879763151597,0.098250689648055,15.0955568670405,0.000317887556387619,0.000287914582000059
LOS,3,10,33,20261209,2.94858319322092,3.51951428827071,2.94858319322092,2.94858319322092,-0.0514168067790761,0.519514288270705,-0.0514168067790761,-0.0514168067790761,0,0,insufficient_gain,insufficient_gain,NaN,NaN,0.152300515759108,0.100988513591437,19.395882495002,0.000382362870040565,0.000324128807726254
LOS,3,10,34,20261209,3.05305905935667,2.5229250970378,3.05305905935667,3.05305905935667,0.053059059356674,-0.477074902962201,0.053059059356674,0.053059059356674,0,0,insufficient_gain,insufficient_gain,NaN,NaN,0.0908794058040211,0.0970083596611233,23.0053624577734,0.000614610597079013,0.000558755151215617
LOS,3,10,35,20261209,3.06583450787959,2.77858483129629,3.06583450787959,3.06583450787959,0.0658345078795919,-0.221415168703709,0.0658345078795919,0.0658345078795919,0,0,insufficient_gain,insufficient_gain,NaN,NaN,0.0598800003055927,0.198767054455106,7.00698424331091,0.000249065464735132,0.00023415142463068
LOS,3,10,36,20261209,3.03683991617724,3.03263390392518,3.03683991617724,3.03683991617724,0.0368399161772435,0.0326339039251806,0.0368399161772435,0.0368399161772435,0,0,candidate_invalid,candidate_invalid,NaN,NaN,0,1.09771012947787e-12,87.8874037425906,0.000427875906551689,0.000427875906578556
LOS,3,10,37,20261209,3.03644046786007,2.87147780747298,3.03644046786007,3.03644046786007,0.0364404678600661,-0.128522192527021,0.0364404678600661,0.0364404678600661,0,0,insufficient_gain,insufficient_gain,NaN,NaN,0.0364273048390327,0.122314675367605,6.85366173332693,0.000229806901809848,0.000221435655743507
LOS,3,10,38,20261209,3.03752456451857,2.71428522009483,3.03752456451857,3.03752456451857,0.0375245645185651,-0.285714779905174,0.0375245645185651,0.0375245645185651,0,0,insufficient_gain,insufficient_gain,NaN,NaN,0.289837484639044,0.140126789124013,13.6715838959303,0.000624668932246442,0.000443616460191976
LOS,3,10,39,20261209,3.01250648259854,3.50733867989514,3.01250648259854,3.01250648259854,0.012506482598539,0.507338679895142,0.012506482598539,0.012506482598539,0,0,insufficient_gain,insufficient_gain,NaN,NaN,0.0879300510841901,0.100689998485321,16.5385260621509,0.000370679656903405,0.000338085775736019
LOS,3,10,40,20261209,3.00335863164759,3.18814928958366,3.00335863164759,3.00335863164759,0.00335863164758798,0.188149289583658,0.00335863164758798,0.00335863164758798,0,0,insufficient_gain,insufficient_gain,NaN,NaN,0.00100532012052244,0.117281040773257,5.00000181502957,0.00048546288222151,0.000484974836618246
LOS,3,10,41,20261209,2.96490741863605,3.4144122815284,2.96490741863605,2.96490741863605,-0.0350925813639495,0.414412281528396,-0.0350925813639495,-0.0350925813639495,0,0,insufficient_gain,insufficient_gain,NaN,NaN,0.0578887939855935,0.0980928614170711,14.9056263733607,0.000329621974170635,0.000310540555614747
LOS,3,10,42,20261209,2.99646989649691,3.44997165102384,2.99646989649691,2.99646989649691,-0.00353010350309191,0.449971651023841,-0.00353010350309191,-0.00353010350309191,0,0,insufficient_gain,insufficient_gain,NaN,NaN,0.341583627883733,0.0841247806947543,20.0644723104543,0.000403214433158272,0.000265482984264986
LOS,3,10,43,20261209,3.01344407829351,3.01604823246017,3.01344407829351,3.01344407829351,0.0134440782935146,0.0160482324601672,0.0134440782935146,0.0134440782935146,0,0,insufficient_gain,insufficient_gain,NaN,NaN,0.00307627139073514,0.0358755155901023,5.26960010177838,0.000222560895896562,0.000221876238179819
LOS,3,10,44,20261209,2.95904891216503,2.6778388315246,2.95904891216503,2.95904891216503,-0.0409510878349741,-0.322161168475396,-0.0409510878349741,-0.0409510878349741,0,0,insufficient_gain,insufficient_gain,NaN,NaN,0.0387442681293482,0.16309841227988,8.12694831823562,0.000404253740455163,0.000388591225142676
LOS,3,10,45,20261209,3.01245875718915,3.62278696041589,3.01245875718915,3.01245875718915,0.0124587571891528,0.622786960415894,0.0124587571891528,0.0124587571891528,0,0,insufficient_gain,insufficient_gain,NaN,NaN,0.0824977807104823,0.137081237224849,14.1189800726094,0.000550819437332706,0.000505378056180561
LOS,3,10,46,20261209,3.01301455038984,3.00070241362967,3.01301455038984,3.01301455038984,0.0130145503898373,0.000702413629667387,0.0130145503898373,0.0130145503898373,0,0,candidate_invalid,candidate_invalid,NaN,NaN,0.263209122693112,0.00811170116743341,94.6492304613339,0.000465115711553166,0.000342693013164475
LOS,3,10,47,20261209,3.01746449527275,3.81868625077043,3.01746449527275,3.01746449527275,0.0174644952727476,0.818686250770433,0.0174644952727476,0.0174644952727476,0,0,insufficient_gain,insufficient_gain,NaN,NaN,0.0545012988776025,0.197986525232337,11.623118974588,0.000519351927058986,0.000491046572459686
LOS,3,10,48,20261209,2.96065642593386,2.56037612378605,2.96065642593386,2.96065642593386,-0.0393435740661401,-0.439623876213947,-0.0393435740661401,-0.0393435740661401,0,0,insufficient_gain,insufficient_gain,NaN,NaN,0.0272656538735698,0.14548950741128,11.1148408460364,0.000640776696520184,0.000623305500902616
LOS,3,10,49,20261209,3.02953770009928,3.42712672314202,3.02953770009928,3.02953770009928,0.0295377000992847,0.427126723142022,0.0295377000992847,0.0295377000992847,0,0,insufficient_gain,insufficient_gain,NaN,NaN,0.00158434521364148,0.155765109731684,7.46397189383753,0.000653007501272063,0.00065197291196295
LOS,3,10,50,20261209,2.88921837746407,2.55434367096449,2.88921837746407,2.88921837746407,-0.110781622535928,-0.445656329035511,-0.110781622535928,-0.110781622535928,0,0,insufficient_gain,insufficient_gain,NaN,NaN,0.0343498322663235,0.116070987411432,11.7264181671858,0.000660334433584042,0.000637652056550753
LOS,5,10,1,20261209,5.04708013479459,5.85500726051545,5.04708013479459,5.04708013479459,0.0470801347945926,0.855007260515446,0.0470801347945926,0.0470801347945926,0,0,insufficient_gain,insufficient_gain,NaN,NaN,0.0344532905827767,0.270804784809727,7.5148216958598,0.00034438723325203,0.0003325219598318
LOS,5,10,2,20261209,5.01233376273395,4.50469722739062,5.01233376273395,5.01233376273395,0.0123337627339533,-0.495302772609375,0.0123337627339533,0.0123337627339533,0,0,insufficient_gain,insufficient_gain,NaN,NaN,0.18733733055594,0.0882670444785906,23.7260465913988,0.000582206716293721,0.000473137664231515
LOS,5,10,3,20261209,4.97109390067317,4.97484461459249,4.97109390067317,4.97109390067317,-0.0289060993268277,-0.0251553854075119,-0.0289060993268277,-0.0289060993268277,0,0,candidate_invalid,candidate_invalid,NaN,NaN,1.90500916257002e-11,1.39838223045424e-13,86.5920053178313,0.00038464234747515,0.000384642347467823
LOS,5,10,4,20261209,5.08419744649965,5.62797832923126,5.08419744649965,5.08419744649965,0.084197446499652,0.627978329231255,0.084197446499652,0.084197446499652,0,0,insufficient_gain,insufficient_gain,NaN,NaN,0.262612564069395,0.0996312853813995,19.1928485003859,0.000363578671179532,0.000268098344100132
LOS,5,10,5,20261209,4.94872544842165,4.73702563266567,4.94872544842165,4.94872544842165,-0.0512745515783495,-0.262974367334326,-0.0512745515783495,-0.0512745515783495,0,0,insufficient_gain,insufficient_gain,NaN,NaN,0.0726938997069061,0.126517099757303,8.9029183525634,0.000330891826141544,0.000306838008918175
LOS,5,10,6,20261209,5.02126304182799,4.93996362317542,5.02126304182799,5.02126304182799,0.0212630418279947,-0.0600363768245753,0.0212630418279947,0.0212630418279947,0,0,candidate_invalid,candidate_invalid,NaN,NaN,0.0554631255552302,0.0157075861752061,27.377825935822,0.000566659705970363,0.000535230987551039
LOS,5,10,7,20261209,4.93863236046189,4.5240937075414,4.93863236046189,4.93863236046189,-0.0613676395381075,-0.475906292458595,-0.0613676395381075,-0.0613676395381075,0,0,insufficient_gain,insufficient_gain,NaN,NaN,0.0701845785430647,0.0870050437079805,19.5083536896726,0.000594988785057593,0.000553229747940476
LOS,5,10,8,20261209,5.01902298310742,4.98140667611437,5.01902298310742,5.01902298310742,0.01902298310742,-0.0185933238856322,0.01902298310742,0.01902298310742,0,0,insufficient_gain,insufficient_gain,NaN,NaN,0.115673097756805,0.0448409547024177,13.9203093878261,0.000417341507872759,0.000369066322834621
LOS,5,10,9,20261209,5.03641312984507,5.05538371562818,5.03641312984507,5.03641312984507,0.0364131298450712,0.0553837156281762,0.0364131298450712,0.0364131298450712,0,0,candidate_invalid,candidate_invalid,NaN,NaN,0.0586385100304235,0.00450118856173471,65.8073703608466,0.000449505330935684,0.000423147008078884
LOS,5,10,10,20261209,4.94004082990584,4.94130614115538,4.94004082990584,4.94004082990584,-0.0599591700941629,-0.0586938588446202,-0.0599591700941629,-0.0599591700941629,0,0,candidate_invalid,candidate_invalid,NaN,NaN,0.175043548338473,0.00625150576467774,76.4082416976467,0.000262175930149544,0.000216283725047228
LOS,5,10,11,20261209,4.99230365910576,4.97953210494713,4.99230365910576,4.99230365910576,-0.00769634089424187,-0.0204678950528745,-0.00769634089424187,-0.00769634089424187,0,0,candidate_invalid,candidate_invalid,NaN,NaN,0.000279099633327371,0.0126201920695935,6.90033667213456,0.000283311000237818,0.000283231928241534
LOS,5,10,12,20261209,5.01606096440091,5.50870333847694,5.01606096440091,5.01606096440091,0.0160609644009133,0.508703338476938,0.0160609644009133,0.0160609644009133,0,0,insufficient_gain,insufficient_gain,NaN,NaN,0.0457117749275214,0.109242727133121,14.7342141423738,0.00048113401458072,0.000459140524796231
LOS,5,10,13,20261209,4.9988647984,5.74806393766591,4.9988647984,4.9988647984,-0.0011352015999968,0.748063937665911,-0.0011352015999968,-0.0011352015999968,0,0,insufficient_gain,insufficient_gain,NaN,NaN,0.0868953021486423,0.157977417664443,14.5587025398517,0.000524324630290174,0.000478763283117134
LOS,5,10,14,20261209,5.00814734227974,4.93978991694759,5.00814734227974,5.00814734227974,0.00814734227974068,-0.0602100830524108,0.00814734227974068,0.00814734227974068,0,0,insufficient_gain,insufficient_gain,NaN,NaN,0.0199726528305497,0.0450049526295904,9.02859589170045,0.000281269684374807,0.000275651982617031
LOS,5,10,15,20261209,5.0601366023497,4.71304315195878,5.0601366023497,5.0601366023497,0.0601366023496981,-0.286956848041221,0.0601366023496981,0.0601366023496981,0,0,insufficient_gain,insufficient_gain,NaN,NaN,0.118874774913587,0.0797822834948682,17.9374418331007,0.000331369259570558,0.000291977813425826
LOS,5,10,16,20261209,5.07092500385309,4.40315522319979,5.07092500385309,5.07092500385309,0.0709250038530937,-0.596844776800213,0.0709250038530937,0.0709250038530937,0,0,insufficient_gain,insufficient_gain,NaN,NaN,0.159085152933269,0.118594938087519,23.6389394384771,0.000367428506695244,0.000308976086515589
LOS,5,10,17,20261209,4.94980868915508,4.92533607174603,4.94980868915508,4.94980868915508,-0.0501913108449248,-0.0746639282539707,-0.0501913108449248,-0.0501913108449248,0,0,candidate_invalid,candidate_invalid,NaN,NaN,0.00245120541861421,0.0106518879252844,9.37438403055767,0.000513908737778568,0.000512649041895852
LOS,5,10,18,20261209,4.97461009785597,4.9064486277067,4.97461009785597,4.97461009785597,-0.025389902144032,-0.0935513722932955,-0.025389902144032,-0.025389902144032,0,0,insufficient_gain,insufficient_gain,NaN,NaN,0.110610492498796,0.0740979757260702,8.88728820672928,0.000177715498074882,0.00015805829930815
LOS,5,10,19,20261209,5.00199452804087,4.91458546050288,5.00199452804087,5.00199452804087,0.00199452804087485,-0.0854145394971226,0.00199452804087485,0.00199452804087485,0,0,insufficient_gain,insufficient_gain,NaN,NaN,0.0722436320451871,0.0684170707680436,10.3195475357273,0.000343299158998223,0.000318497980874133
LOS,5,10,20,20261209,4.98978208992706,4.76084963047666,4.98978208992706,4.98978208992706,-0.0102179100729369,-0.239150369523337,-0.0102179100729369,-0.0102179100729369,0,0,insufficient_gain,insufficient_gain,NaN,NaN,0.0445840044250968,0.0783942514566439,12.4083202399037,0.000372657931540177,0.000356043348671342
LOS,5,10,21,20261209,5.03512430159598,5.6150858027883,5.03512430159598,5.03512430159598,0.0351243015959772,0.6150858027883,0.0351243015959772,0.0351243015959772,0,0,insufficient_gain,insufficient_gain,NaN,NaN,0.0187239179915138,0.166326188049468,10.21988132102,0.000417552670655796,0.0004097344486933
LOS,5,10,22,20261209,5.02911495780377,5.0638532923963,5.02911495780377,5.02911495780377,0.0291149578037748,0.0638532923963,0.0291149578037748,0.0291149578037748,0,0,candidate_invalid,candidate_invalid,NaN,NaN,0.143946219409005,0.00866731073465663,59.9328701308705,0.000594294733268219,0.000508748253199576
LOS,5,10,23,20261209,5.02480203670834,5.02704328907661,5.02480203670834,5.02480203670834,0.0248020367083415,0.027043289076607,0.0248020367083415,0.0248020367083415,0,0,candidate_invalid,candidate_invalid,NaN,NaN,0,1.92656831378079e-08,10.9341030692924,0.000174912132895555,0.000174912132993921
LOS,5,10,24,20261209,5.0375470386592,4.86101634547263,5.0375470386592,5.0375470386592,0.0375470386591994,-0.138983654527365,0.0375470386591994,0.0375470386591994,0,0,insufficient_gain,insufficient_gain,NaN,NaN,0.0351782478656104,0.0408472255358078,16.7109400776242,0.000292429658106164,0.000282142495110049
LOS,5,10,25,20261209,5.02576796264407,4.81529747653894,5.02576796264407,5.02576796264407,0.0257679626440659,-0.184702523461063,0.0257679626440659,0.0257679626440659,0,0,insufficient_gain,insufficient_gain,NaN,NaN,0.122221551972954,0.0283484834361369,32.6957967422084,0.000462925609347353,0.000406346122924894
LOS,5,10,26,20261209,5.00612190866476,5.52168224733959,5.00612190866476,5.00612190866476,0.0061219086647597,0.521682247339591,0.0061219086647597,0.0061219086647597,0,0,insufficient_gain,insufficient_gain,NaN,NaN,0.0237354744921132,0.175053661948874,8.55336657135316,0.000455551119899145,0.000444738397912925
LOS,5,10,27,20261209,4.9859026786459,4.46266720017499,4.9859026786459,4.9859026786459,-0.0140973213540976,-0.537332799825014,-0.0140973213540976,-0.0140973213540976,0,0,insufficient_gain,insufficient_gain,NaN,NaN,0.0705235638254429,0.155309701824829,14.1748244252244,0.000467375616141963,0.000434414622046519
LOS,5,10,28,20261209,5.00145886943663,5.73779971024734,5.00145886943663,5.00145886943663,0.00145886943662532,0.737799710247341,0.00145886943662532,0.00145886943662532,0,0,insufficient_gain,insufficient_gain,NaN,NaN,0.0764000320368237,0.187468725671134,11.3850831922878,0.000236788829582002,0.000218698155415975
LOS,5,10,29,20261209,5.04035124283074,5.05175812545164,5.04035124283074,5.04035124283074,0.0403512428307433,0.0517581254516362,0.0403512428307433,0.0403512428307433,0,0,candidate_invalid,candidate_invalid,NaN,NaN,0.000136087067350198,0.0117722254268069,5.00955254271395,0.000299952425167671,0.000299911605521785
LOS,5,10,30,20261209,5.0335066487088,5.02665471590642,5.0335066487088,5.0335066487088,0.033506648708804,0.0266547159064219,0.033506648708804,0.033506648708804,0,0,candidate_invalid,candidate_invalid,NaN,NaN,0.180936040080073,0.00383814355016445,76.1070805674205,0.000166341048052354,0.000136243957514992
LOS,5,10,31,20261209,5.03461126436458,5.66248521599082,5.03461126436458,5.03461126436458,0.0346112643645835,0.662485215990824,0.0346112643645835,0.0346112643645835,0,0,insufficient_gain,insufficient_gain,NaN,NaN,0.0490785007306777,0.150878217777222,12.7469218424217,0.000382626122369834,0.000363847405943529
LOS,5,10,32,20261209,5.04601488191519,5.08233363785576,5.04601488191519,5.04601488191519,0.0460148819151929,0.0823336378557595,0.0460148819151929,0.0460148819151929,0,0,insufficient_gain,insufficient_gain,NaN,NaN,0.00367169463570637,0.0466993142784976,5.42575854374089,0.000323463416989966,0.000322275758096957
LOS,5,10,33,20261209,4.91537850202505,4.84944548989968,4.91537850202505,4.91537850202505,-0.0846214979749549,-0.150554510100315,-0.0846214979749549,-0.0846214979749549,0,0,candidate_invalid,candidate_invalid,NaN,NaN,0.0936037941204592,0.0106565890388888,41.484193301126,0.000300257379454161,0.000272152149524585
LOS,5,10,34,20261209,5.03654379034074,5.39635778182413,5.03654379034074,5.03654379034074,0.0365437903407368,0.396357781824129,0.0365437903407368,0.0365437903407368,0,0,insufficient_gain,insufficient_gain,NaN,NaN,0.441894482692974,0.0888937197394226,15.5681077311417,0.000277673738544815,0.00015497124549313
LOS,5,10,35,20261209,5.02898888413601,5.02313392352262,5.02898888413601,5.02898888413601,0.0289888841360062,0.0231339235226198,0.0289888841360062,0.0289888841360062,0,0,candidate_invalid,candidate_invalid,NaN,NaN,0.114621104155853,0.0049295978696716,81.8803227679232,0.000457618406519922,0.000405165679482566
LOS,5,10,36,20261209,5.03815356372119,5.13136552772598,5.03815356372119,5.03815356372119,0.0381535637211936,0.131365527725984,0.0381535637211936,0.0381535637211936,0,0,insufficient_gain,insufficient_gain,NaN,NaN,0.00599320123311173,0.08548941117035,5.00001263604757,0.000351893728576247,0.000349784758648219
LOS,5,10,37,20261209,5.03049615321192,4.99505188097383,5.03049615321192,5.03049615321192,0.0304961532119199,-0.00494811902616732,0.0304961532119199,0.0304961532119199,0,0,insufficient_gain,insufficient_gain,NaN,NaN,0.020785008466677,0.0921932720807914,5.65351767438216,0.000282490080823594,0.000276618522101924
LOS,5,10,38,20261209,5.0159681703473,5.01096887211405,5.0159681703473,5.0159681703473,0.0159681703472963,0.0109688721140468,0.0159681703472963,0.0159681703472963,0,0,candidate_invalid,candidate_invalid,NaN,NaN,0.246229573903503,0.00792179974937488,78.760700913506,0.000501949165865989,0.000378354436633588
LOS,5,10,39,20261209,4.98848841856245,4.94109869959238,4.98848841856245,4.98848841856245,-0.0115115814375466,-0.0589013004076229,-0.0115115814375466,-0.0115115814375466,0,0,candidate_invalid,candidate_invalid,NaN,NaN,0.061277658677438,0.00756025211933684,50.1976751131559,0.000500247118617958,0.000469593146428915
LOS,5,10,40,20261209,4.9624339695189,4.90916375698767,4.9624339695189,4.9624339695189,-0.0375660304811021,-0.0908362430123315,-0.0375660304811021,-0.0375660304811021,0,0,candidate_invalid,candidate_invalid,NaN,NaN,0.12140610510763,0.00934069568346127,41.5351527990289,0.000314085935214869,0.000275953985151345
LOS,5,10,41,20261209,4.98403789900045,5.09456406844103,4.98403789900045,4.98403789900045,-0.015962100999551,0.0945640684410272,-0.015962100999551,-0.015962100999551,0,0,insufficient_gain,insufficient_gain,NaN,NaN,0.271949862339967,0.0888947939484577,11.0121681393449,0.000300723556515115,0.000218941826718444
LOS,5,10,42,20261209,5.02252165497722,6.08727966929709,5.02252165497722,5.02252165497722,0.0225216549772185,1.08727966929709,0.0225216549772185,0.0225216549772185,0,0,insufficient_gain,insufficient_gain,NaN,NaN,0.0936294215477546,0.282522285776474,9.64167461016445,0.000484838501773499,0.000439443353308366
LOS,5,10,43,20261209,4.99955152943371,4.99278888575245,4.99955152943371,4.99955152943371,-0.000448470566285941,-0.0072111142475535,-0.000448470566285941,-0.000448470566285941,0,0,candidate_invalid,candidate_invalid,NaN,NaN,0.258546388798169,0.00617168779782611,89.418324985344,0.000274347677272413,0.000203416076038465
LOS,5,10,44,20261209,5.07254758952872,4.40617298173411,5.07254758952872,5.07254758952872,0.0725475895287246,-0.593827018265888,0.0725475895287246,0.0725475895287246,0,0,insufficient_gain,insufficient_gain,NaN,NaN,0.506376837179541,0.102177234373835,29.5249977303023,0.000437600750752498,0.000216009866639055
LOS,5,10,45,20261209,5.04146468921849,5.05378685815218,5.04146468921849,5.04146468921849,0.0414646892184853,0.0537868581521757,0.0414646892184853,0.0414646892184853,0,0,candidate_invalid,candidate_invalid,NaN,NaN,0.381062355458348,0.00753507422620835,99.7851740837609,0.000303155579373993,0.000187634400227399
LOS,5,10,46,20261209,4.97758560312861,5.51988632574569,4.97758560312861,4.97758560312861,-0.0224143968713859,0.519886325745688,-0.0224143968713859,-0.0224143968713859,0,0,insufficient_gain,insufficient_gain,NaN,NaN,0.300635186647011,0.0860682033096277,23.3642670945547,0.000387187963797775,0.000270785638033955
LOS,5,10,47,20261209,5.01963822905352,4.77705580166053,5.01963822905352,5.01963822905352,0.0196382290535162,-0.222944198339471,0.0196382290535162,0.0196382290535162,0,0,insufficient_gain,insufficient_gain,NaN,NaN,0.103614028165638,0.0536332523385119,19.5371501695589,0.000457972458018485,0.000410520086854271
LOS,5,10,48,20261209,5.03785267021554,5.43943148117012,5.03785267021554,5.03785267021554,0.0378526702155417,0.439431481170125,0.0378526702155417,0.0378526702155417,0,0,insufficient_gain,insufficient_gain,NaN,NaN,0.0269747768161285,0.0897776349054281,14.8228597165584,0.000490161904069808,0.000476939896103756
LOS,5,10,49,20261209,5.02047791586655,4.96374163942683,5.02047791586655,5.02047791586655,0.0204779158665493,-0.0362583605731661,0.0204779158665493,0.0204779158665493,0,0,insufficient_gain,insufficient_gain,NaN,NaN,0.12249944743841,0.0635670205986148,11.9058133318599,0.000383571538788763,0.000336584237234039
LOS,5,10,50,20261209,5.0111672302341,5.64289953694383,5.0111672302341,5.0111672302341,0.0111672302340953,0.642899536943833,0.0111672302340953,0.0111672302340953,0,0,insufficient_gain,insufficient_gain,NaN,NaN,0.330556121800789,0.191395785162357,9.77663398101723,0.000178220640238314,0.000119308716576283
LOS,10,10,1,20261209,10.0821086290731,10.7034339152824,10.0821086290731,10.0821086290731,0.0821086290730548,0.703433915282353,0.0821086290730548,0.0821086290730548,0,0,insufficient_gain,insufficient_gain,NaN,NaN,0.0754972656341401,0.15094329020186,12.485932283773,0.000225263000902309,0.000208256260285644
LOS,10,10,2,20261209,9.98346379589456,10.7237867331289,9.98346379589456,9.98346379589456,-0.0165362041054351,0.723786733128939,-0.0165362041054351,-0.0165362041054351,0,0,insufficient_gain,insufficient_gain,NaN,NaN,0.0970188916788559,0.171656307393715,12.9507926582875,0.000305757915916027,0.000276093621791818
LOS,10,10,3,20261209,10.0136927454309,9.82211703444046,10.0136927454309,10.0136927454309,0.0136927454309248,-0.177882965559537,0.0136927454309248,0.0136927454309248,0,0,insufficient_gain,insufficient_gain,NaN,NaN,0.310427042106321,0.0268955229909859,43.2500713938088,0.000451186215821631,0.000311125813404978
LOS,10,10,4,20261209,10.006335343412,10.4800213239109,10.006335343412,10.006335343412,0.00633534341202946,0.480021323910872,0.00633534341202946,0.00633534341202946,0,0,insufficient_gain,insufficient_gain,NaN,NaN,0.0182885786386487,0.150861408266386,9.31842912706053,0.000313428559106876,0.000307696396256052
LOS,10,10,5,20261209,9.99712865311012,9.57667563169674,9.99712865311012,9.99712865311012,-0.00287134688987578,-0.423324368303259,-0.00287134688987578,-0.00287134688987578,0,0,insufficient_gain,insufficient_gain,NaN,NaN,0.127797890866345,0.11547489935399,14.5755750994354,0.000453321313481858,0.000395387805734115
LOS,10,10,6,20261209,9.94388272537741,9.92399984868377,9.94388272537741,9.94388272537741,-0.05611727462259,-0.0760001513162258,-0.05611727462259,-0.05611727462259,0,0,candidate_invalid,candidate_invalid,NaN,NaN,0.0248685684076105,0.00330016317022609,52.6007932246577,0.000249926931302991,0.000243711606314978
LOS,10,10,7,20261209,9.97820549701999,9.65829389082603,9.97820549701999,9.97820549701999,-0.0217945029800113,-0.341706109173971,-0.0217945029800113,-0.0217945029800113,0,0,insufficient_gain,insufficient_gain,NaN,NaN,0.128600896595087,0.0617789123057972,22.2975862962589,0.00073908532553002,0.000644038290006588
LOS,10,10,8,20261209,10.0392541193052,9.58263165140737,10.0392541193052,10.0392541193052,0.0392541193052178,-0.417368348592628,0.0392541193052178,0.0392541193052178,0,0,insufficient_gain,insufficient_gain,NaN,NaN,0.0996052785912714,0.0770020979600219,25.1109507725499,0.000566016904331779,0.000509638632888443
LOS,10,10,9,20261209,9.9768716195034,9.73961630954123,9.9768716195034,9.9768716195034,-0.0231283804966047,-0.26038369045877,-0.0231283804966047,-0.0231283804966047,0,0,insufficient_gain,insufficient_gain,NaN,NaN,0.17666906489783,0.0340231952393838,31.393504382786,0.000289905280963509,0.000238687986066743
LOS,10,10,10,20261209,9.97979787429449,10.6726385767328,9.97979787429449,9.97979787429449,-0.0202021257055076,0.67263857673279,-0.0202021257055076,-0.0202021257055076,0,0,insufficient_gain,insufficient_gain,NaN,NaN,0.161185686640328,0.130743609574073,17.4702061294967,0.000423113858829316,0.000354913960966874
LOS,10,10,11,20261209,9.95383986301815,9.8369123910331,9.95383986301815,9.95383986301815,-0.0461601369818467,-0.163087608966897,-0.0461601369818467,-0.0461601369818467,0,0,insufficient_gain,insufficient_gain,NaN,NaN,0.09184263350495,0.254250269908588,6.02027889018249,0.000412190916551536,0.000374334217268624
LOS,10,10,12,20261209,10.0109714879319,10.2826949885524,10.0109714879319,10.0109714879319,0.0109714879319274,0.282694988552386,0.0109714879319274,0.0109714879319274,0,0,insufficient_gain,insufficient_gain,NaN,NaN,0.0102622003261007,0.107502802241719,8.38040072483367,0.000969406495083591,0.00095945825143362
LOS,10,10,13,20261209,10.0313629344003,10.6651194009516,10.0313629344003,10.0313629344003,0.0313629344002564,0.665119400951639,0.0313629344002564,0.0313629344002564,0,0,insufficient_gain,insufficient_gain,NaN,NaN,0.0288158802280775,0.145545145303597,13.3589344419391,0.000642348173477192,0.000623838345445549
LOS,10,10,14,20261209,9.93498675075927,9.18744800857241,9.93498675075927,9.93498675075927,-0.0650132492407316,-0.81255199142759,-0.0650132492407316,-0.0650132492407316,0,0,insufficient_gain,insufficient_gain,NaN,NaN,0.163964686975103,0.142257513383083,22.2063920601603,0.000326064659130321,0.000272601569362374
LOS,10,10,15,20261209,9.98363925316928,8.94171921087016,9.98363925316928,9.98363925316928,-0.0163607468307223,-1.05828078912984,-0.0163607468307223,-0.0163607468307223,0,0,insufficient_gain,insufficient_gain,NaN,NaN,0.143043968182329,0.294398885700186,16.0632938489619,0.000340362687853535,0.000291675858361762
LOS,10,10,16,20261209,10.0832555128478,10.143808755886,10.0832555128478,10.0832555128478,0.0832555128477992,0.143808755885985,0.0832555128477992,0.0832555128477992,0,0,insufficient_gain,insufficient_gain,NaN,NaN,0.102302783830571,0.240847003088484,5.13561207456213,0.000376621847718805,0.000338092384245758
LOS,10,10,17,20261209,9.97620754442536,9.84486529955804,9.97620754442536,9.97620754442536,-0.0237924555746396,-0.155134700441957,-0.0237924555746396,-0.0237924555746396,0,0,insufficient_gain,insufficient_gain,NaN,NaN,0.423439220327412,0.198177269247812,9.01165642114627,0.000296033334719725,0.000170681210275081
LOS,10,10,18,20261209,9.96987511283833,9.91464153492009,9.96987511283833,9.96987511283833,-0.0301248871616675,-0.0853584650799064,-0.0301248871616675,-0.0301248871616675,0,0,candidate_invalid,candidate_invalid,NaN,NaN,0.106704858838948,0.00806841723589356,55.7338327945099,0.000376400939590571,0.000336237130464712
LOS,10,10,19,20261209,10.0375558895208,9.88615322078068,10.0375558895208,10.0375558895208,0.0375558895207675,-0.113846779219319,0.0375558895207675,0.0375558895207675,0,0,insufficient_gain,insufficient_gain,NaN,NaN,0.0172196181629995,0.0446060709457359,13.9884929935855,0.000440271556056082,0.000432690247972767
LOS,10,10,20,20261209,9.98627658039586,10.525021391149,9.98627658039586,9.98627658039586,-0.0137234196041387,0.525021391149032,-0.0137234196041387,-0.0137234196041387,0,0,insufficient_gain,insufficient_gain,NaN,NaN,0.0345159308511088,0.138397050287043,11.885244751899,0.000425107728435847,0.000410434739476884
LOS,10,10,21,20261209,9.88836897792942,10.5149372735606,9.88836897792942,9.88836897792942,-0.111631022070585,0.514937273560577,-0.111631022070585,-0.111631022070585,0,0,insufficient_gain,insufficient_gain,NaN,NaN,0.128822643228536,0.18983555030918,9.79903483888923,0.000427319683323102,0.000372271232213839
LOS,10,10,22,20261209,10.0371635026808,10.0358274712313,10.0371635026808,10.0371635026808,0.0371635026807855,0.0358274712312756,0.0371635026807855,0.0371635026807855,0,0,candidate_invalid,candidate_invalid,NaN,NaN,0.499058441224414,0.0142294525916996,85.3330144000861,0.000764292909213982,0.00038286608130278
LOS,10,10,23,20261209,9.97727654716548,10.8458918714898,9.97727654716548,9.97727654716548,-0.022723452834521,0.845891871489805,-0.022723452834521,-0.022723452834521,0,0,insufficient_gain,insufficient_gain,NaN,NaN,0.28589914395581,0.223844537362129,11.1718345443701,0.000491357727730568,0.000350878973996327
LOS,10,10,24,20261209,10.0387352435005,10.1862698673219,10.0387352435005,10.0387352435005,0.0387352435005219,0.186269867321936,0.0387352435005219,0.0387352435005219,0,0,insufficient_gain,insufficient_gain,NaN,NaN,0.0973312275145572,0.0222453281517307,32.2425150126757,0.000339767233899169,0.000306697271954537
LOS,10,10,25,20261209,9.94303201160239,10.3197948907914,9.94303201160239,9.94303201160239,-0.0569679883976075,0.319794890791428,-0.0569679883976075,-0.0569679883976075,0,0,insufficient_gain,insufficient_gain,NaN,NaN,0.0474808632306505,0.0749922090229026,17.4876351270106,0.000293257375798328,0.000279333262446668
LOS,10,10,26,20261209,10.0020405359802,9.99406907771914,10.0020405359802,10.0020405359802,0.0020405359801785,-0.00593092228086434,0.0020405359801785,0.0020405359801785,0,0,candidate_invalid,candidate_invalid,NaN,NaN,0.127144868905813,0.00450722046362627,74.6795165647517,0.000333856806278066,0.000291408626410528
LOS,10,10,27,20261209,9.98436162646223,10.9251228514427,9.98436162646223,9.98436162646223,-0.0156383735377741,0.925122851442715,-0.0156383735377741,-0.0156383735377741,0,0,insufficient_gain,insufficient_gain,NaN,NaN,0.168870762461045,0.182002413938305,15.9748805443849,0.000631368350777928,0.000524748695988286
LOS,10,10,28,20261209,10.0263346688046,10.2908178411602,10.0263346688046,10.0263346688046,0.0263346688046191,0.290817841160171,0.0263346688046191,0.0263346688046191,0,0,insufficient_gain,insufficient_gain,NaN,NaN,0.0877453979256926,0.0418053493568871,24.6915838310717,0.000267869140473387,0.000244364856150536
LOS,10,10,29,20261209,9.94968198342477,10.4481487665657,9.94968198342477,9.94968198342477,-0.0503180165752308,0.448148766565673,-0.0503180165752308,-0.0503180165752308,0,0,insufficient_gain,insufficient_gain,NaN,NaN,0.0132183122057729,0.143401132278109,10.4306536559447,0.000461167370875426,0.000455071516588079
LOS,10,10,30,20261209,9.95882290979735,9.6959877012667,9.95882290979735,9.95882290979735,-0.0411770902026536,-0.304012298733298,-0.0411770902026536,-0.0411770902026536,0,0,insufficient_gain,insufficient_gain,NaN,NaN,0.0381584202558805,0.162998622459265,7.96150016304548,0.000554813418055966,0.000533642614486185
LOS,10,10,31,20261209,9.96264141845466,10.9940522638558,9.96264141845466,9.96264141845466,-0.0373585815453357,0.994052263855831,-0.0373585815453357,-0.0373585815453357,0,0,insufficient_gain,insufficient_gain,NaN,NaN,0.158364244276698,0.208471989085449,14.6384704335047,0.00071692035234272,0.000603385802537382
LOS,10,10,32,20261209,10.015675432624,10.6231986620434,10.015675432624,10.015675432624,0.0156754326240218,0.623198662043409,0.0156754326240218,0.0156754326240218,0,0,insufficient_gain,insufficient_gain,NaN,NaN,0.149117545113317,0.115187771191282,17.9201142436755,0.000579521617662948,0.000493104776696951
LOS,10,10,33,20261209,9.98084006262482,10.2644033443091,9.98084006262482,9.98084006262482,-0.0191599373751821,0.264403344309059,-0.0191599373751821,-0.0191599373751821,0,0,insufficient_gain,insufficient_gain,NaN,NaN,0.0203393658247518,0.0536960539966195,18.9294065120495,0.000443517291701445,0.000434496431255926
LOS,10,10,34,20261209,9.98569319591374,10.3246378714445,9.98569319591374,9.98569319591374,-0.0143068040862637,0.3246378714445,-0.0143068040862637,-0.0143068040862637,0,0,insufficient_gain,insufficient_gain,NaN,NaN,0.0204840682542121,0.201083155022609,5.00008054711252,0.000400339570209907,0.000392138987128865
LOS,10,10,35,20261209,10.0675847492701,10.0673389135862,10.0675847492701,10.0675847492701,0.0675847492701127,0.0673389135861839,0.0675847492701127,0.0675847492701127,0,0,candidate_invalid,candidate_invalid,NaN,NaN,0.489224902801085,0.0108518116009723,84.0875551387115,0.000457443860161444,0.000233650932137008
LOS,10,10,36,20261209,9.98664238571371,10.3208771055108,9.98664238571371,9.98664238571371,-0.0133576142862939,0.320877105510824,-0.0133576142862939,-0.0133576142862939,0,0,insufficient_gain,insufficient_gain,NaN,NaN,0.314222968861255,0.0666398529315506,20.0967658281228,0.000397276424146664,0.000272443046692716
LOS,10,10,37,20261209,9.94959224595213,10.9203678276427,9.94959224595213,9.94959224595213,-0.0504077540478676,0.920367827642679,-0.0504077540478676,-0.0504077540478676,0,0,insufficient_gain,insufficient_gain,NaN,NaN,0.376837698143277,0.223021582729161,12.2840863118279,0.000196992586819267,0.000122758353851005
LOS,10,10,38,20261209,9.96374423252525,10.7332240687336,9.96374423252525,9.96374423252525,-0.0362557674747492,0.733224068733641,-0.0362557674747492,-0.0362557674747492,0,0,insufficient_gain,insufficient_gain,NaN,NaN,0.115774339771706,0.241082030835945,8.56363997549183,0.000267423225102759,0.000236462477776866
LOS,10,10,39,20261209,10.0153161212518,10.0579160110162,10.0153161212518,10.0153161212518,0.0153161212518267,0.0579160110161858,0.0153161212518267,0.0153161212518267,0,0,candidate_invalid,candidate_invalid,NaN,NaN,0.0169559524704996,0.00565052516015107,35.2203738484613,0.000293571625701317,0.000288593839169238
LOS,10,10,40,20261209,10.0162441922919,10.0170846812761,10.0162441922919,10.0162441922919,0.0162441922918735,0.0170846812760885,0.0162441922918735,0.0162441922918735,0,0,candidate_invalid,candidate_invalid,NaN,NaN,0.10865573677413,0.00617905998351517,90.9611674998343,0.000628779765496246,0.000560459236807587
LOS,10,10,41,20261209,9.97234322200204,11.6640593309192,9.97234322200204,9.97234322200204,-0.027656777997958,1.66405933091916,-0.027656777997958,-0.027656777997958,0,0,insufficient_gain,insufficient_gain,NaN,NaN,0.260506687585984,0.460919626562615,7.13819445413943,0.000651842429213234,0.000482033117150893
LOS,10,10,42,20261209,9.98115694714327,10.2359691087497,9.98115694714327,9.98115694714327,-0.0188430528567327,0.235969108749719,-0.0188430528567327,-0.0188430528567327,0,0,insufficient_gain,insufficient_gain,NaN,NaN,0.0169316576219484,0.170067319333752,5.00000225523364,0.000359650395089561,0.000353560917736306
LOS,10,10,43,20261209,9.99350057158915,10.1299204951027,9.99350057158915,9.99350057158915,-0.00649942841085327,0.129920495102695,-0.00649942841085327,-0.00649942841085327,0,0,insufficient_gain,insufficient_gain,NaN,NaN,0.0739411057413363,0.152031587533637,7.3779016187628,0.000808096052163698,0.000748344536521506
LOS,10,10,44,20261209,10.0016383065881,9.57771382667284,10.0016383065881,10.0016383065881,0.00163830658805786,-0.422286173327159,0.00163830658805786,0.00163830658805786,0,0,insufficient_gain,insufficient_gain,NaN,NaN,0.0722137320252729,0.214194148337986,9.53879495850357,0.00051518770199066,0.000477984075336391
LOS,10,10,45,20261209,10.0197831146187,9.91624723812325,10.0197831146187,10.0197831146187,0.0197831146186882,-0.0837527618767488,0.0197831146186882,0.0197831146186882,0,0,insufficient_gain,insufficient_gain,NaN,NaN,0.0396858277610716,0.0950121072678774,6.99132384071412,0.000243905540074696,0.00023422594682132
LOS,10,10,46,20261209,10.0213653368872,10.7914524752834,10.0213653368872,10.0213653368872,0.0213653368872269,0.791452475283421,0.0213653368872269,0.0213653368872269,0,0,insufficient_gain,insufficient_gain,NaN,NaN,0.0348328010074169,0.220410368557239,9.56859863528775,0.000377830946659774,0.00036467003648033
LOS,10,10,47,20261209,9.99538401225007,9.15076501403179,9.99538401225007,9.99538401225007,-0.00461598774992744,-0.849234985968206,-0.00461598774992744,-0.00461598774992744,0,0,insufficient_gain,insufficient_gain,NaN,NaN,0.149033918184307,0.259624461149653,15.0517024496156,0.000563625400916923,0.000479626099030073
LOS,10,10,48,20261209,10.0276881516075,10.4255949507523,10.0276881516075,10.0276881516075,0.0276881516074852,0.425594950752252,0.0276881516074852,0.0276881516074852,0,0,insufficient_gain,insufficient_gain,NaN,NaN,0.0220530958520987,0.123801972181711,9.96940272433084,0.000447646619462061,0.000437774625655196
LOS,10,10,49,20261209,9.99171605150605,9.26764222588736,9.99171605150605,9.99171605150605,-0.00828394849395231,-0.732357774112636,-0.00828394849395231,-0.00828394849395231,0,0,insufficient_gain,insufficient_gain,NaN,NaN,0.0133939550542563,0.209570929546924,14.4947216245661,0.000446992738547758,0.00044100573789807
LOS,10,10,50,20261209,10.0554024288859,10.1058548737667,10.0554024288859,10.0554024288859,0.0554024288858699,0.105854873766667,0.0554024288858699,0.0554024288858699,0,0,insufficient_gain,insufficient_gain,NaN,NaN,0.0163676158061634,0.0740918316229479,5.06504132132001,0.000213816945669576,0.000210317272050009
LOS,15,10,1,20261209,15.0027475917629,15.2603401229697,15.0027475917629,15.0027475917629,0.00274759176286921,0.260340122969684,0.00274759176286921,0.00274759176286921,0,0,insufficient_gain,insufficient_gain,NaN,NaN,0.0087248547279191,0.158709224305834,5.00000949070935,0.000415018806075418,0.000411397827283055
LOS,15,10,2,20261209,15.0243096369332,15.5539340711474,15.0243096369332,15.0243096369332,0.0243096369331965,0.553934071147431,0.0243096369331965,0.0243096369331965,0,0,insufficient_gain,insufficient_gain,NaN,NaN,0.152187441613195,0.107164203232626,16.5241295983962,0.00020169233262668,0.000170997292531228
LOS,15,10,3,20261209,15.0647979733738,14.2984347476389,15.0647979733738,15.0647979733738,0.0647979733738282,-0.701565252361071,0.0647979733738282,0.0647979733738282,0,0,insufficient_gain,insufficient_gain,NaN,NaN,0.354803026537501,0.227118458772684,15.646227548106,0.000386138681742088,0.000249135508796794
LOS,15,10,4,20261209,15.0339536901385,15.9117279135695,15.0339536901385,15.0339536901385,0.0339536901384996,0.911727913569472,0.0339536901384996,0.0339536901384996,0,0,insufficient_gain,insufficient_gain,NaN,NaN,0.0549464576475881,0.214226355461156,11.5189972267603,0.000683058537504611,0.00064552689050279
LOS,15,10,5,20261209,15.0153947872058,14.3761630372917,15.0153947872058,15.0153947872058,0.0153947872057643,-0.623836962708339,0.0153947872057643,0.0153947872057643,0,0,insufficient_gain,insufficient_gain,NaN,NaN,0.182413218430769,0.145496029064334,18.9713763264789,0.000693044884330529,0.000566624336462818
LOS,15,10,6,20261209,15.0554332432037,15.061235454044,15.0554332432037,15.0554332432037,0.0554332432037157,0.0612354540439526,0.0554332432037157,0.0554332432037157,0,0,insufficient_gain,insufficient_gain,NaN,NaN,0.00560102107908151,0.0356836908386612,6.82502772703761,0.000338195313271727,0.000336301074193246
LOS,15,10,7,20261209,14.9933089743472,14.9834930002691,14.9933089743472,14.9933089743472,-0.00669102565282209,-0.0165069997308827,-0.00669102565282209,-0.00669102565282209,0,0,candidate_invalid,candidate_invalid,NaN,NaN,0.136200624454078,0.00411106022915948,64.5312387204417,0.000237645749489479,0.000205278250010155
LOS,15,10,8,20261209,15.0217233795976,15.6288098577913,15.0217233795976,15.0217233795976,0.0217233795975833,0.628809857791325,0.0217233795975833,0.0217233795975833,0,0,insufficient_gain,insufficient_gain,NaN,NaN,0.0297275073406885,0.211211442506388,7.9818133619577,0.000604291955780045,0.000586327862228675
LOS,15,10,9,20261209,14.9880358739586,15.6863786371994,14.9880358739586,14.9880358739586,-0.0119641260414252,0.686378637199443,-0.0119641260414252,-0.0119641260414252,0,0,insufficient_gain,insufficient_gain,NaN,NaN,0.0576603174170567,0.201384605562889,9.80843886023777,0.000472928589724253,0.000445659377125152
LOS,15,10,10,20261209,15.0044725752847,15.5592000155838,15.0044725752847,15.0044725752847,0.00447257528471745,0.559200015583777,0.00447257528471745,0.00447257528471745,0,0,insufficient_gain,insufficient_gain,NaN,NaN,0.257151797225454,0.15195380947365,11.7823089180155,0.000329935127164616,0.000245091716246426
LOS,15,10,11,20261209,14.9807751430519,14.8233579062555,14.9807751430519,14.9807751430519,-0.0192248569481386,-0.176642093744547,-0.0192248569481386,-0.0192248569481386,0,0,insufficient_gain,insufficient_gain,NaN,NaN,0.16990698370132,0.0215249980851595,39.6084814430795,0.000423177056382951,0.00035127631916132
LOS,15,10,12,20261209,15.0140334819106,14.9581155830162,15.0140334819106,15.0140334819106,0.01403348191063,-0.0418844169838142,0.01403348191063,0.01403348191063,0,0,candidate_invalid,candidate_invalid,NaN,NaN,0.0798769450583994,0.00887407229007367,46.3643618371169,0.000442372082012366,0.000407036751522094
LOS,15,10,13,20261209,15.0044866371613,14.4475900701327,15.0044866371613,15.0044866371613,0.0044866371612855,-0.552409929867316,0.0044866371612855,0.0044866371612855,0,0,insufficient_gain,insufficient_gain,NaN,NaN,0.0626701986817855,0.158021369017601,14.1996776680082,0.000531639979793885,0.000498321996633022
LOS,15,10,14,20261209,14.9675710563441,15.6262921990154,14.9675710563441,14.9675710563441,-0.0324289436559404,0.626292199015428,-0.0324289436559404,-0.0324289436559404,0,0,insufficient_gain,insufficient_gain,NaN,NaN,0.0196287280276205,0.232930162583234,7.57070150255642,0.000637183560252552,0.000624676457444684
LOS,15,10,15,20261209,14.9761005794931,14.9626823693825,14.9761005794931,14.9761005794931,-0.0238994205069449,-0.0373176306174692,-0.0238994205069449,-0.0238994205069449,0,0,insufficient_gain,insufficient_gain,NaN,NaN,0.0438674352424553,0.106803682199828,7.11877717364036,0.000471634396429277,0.000450945005085801
LOS,15,10,16,20261209,15.0078758572654,15.8327761526979,15.0078758572654,15.0078758572654,0.00787585726536655,0.832776152697939,0.00787585726536655,0.00787585726536655,0,0,insufficient_gain,insufficient_gain,NaN,NaN,0.171426515222236,0.216284079185934,10.9189782300259,0.000539884294021187,0.000447333810873918
LOS,15,10,17,20261209,15.000317950653,14.9995047891886,15.000317950653,15.000317950653,0.000317950653032639,-0.000495210811401137,0.000317950653032639,0.000317950653032639,0,0,candidate_invalid,candidate_invalid,NaN,NaN,0,9.61376219423741e-13,45.2130474946972,0.000397514412256106,0.00039751441225877
LOS,15,10,18,20261209,14.9771208713745,14.9794228509382,14.9771208713745,14.9771208713745,-0.0228791286255436,-0.0205771490618218,-0.0228791286255436,-0.0228791286255436,0,0,candidate_invalid,candidate_invalid,NaN,NaN,0.210228498876001,0.00591222194595749,78.1995999472863,0.000394173641282691,0.000311307108379344
LOS,15,10,19,20261209,14.9861434467063,15.2243609030251,14.9861434467063,14.9861434467063,-0.0138565532937243,0.224360903025119,-0.0138565532937243,-0.0138565532937243,0,0,insufficient_gain,insufficient_gain,NaN,NaN,0.0317329542671594,0.193649314298411,5.00094307501546,0.000645555892857308,0.000625070497232372
LOS,15,10,20,20261209,15.0643203225517,15.0083370866293,15.0643203225517,15.0643203225517,0.0643203225516729,0.00833708662925403,0.0643203225516729,0.0643203225516729,0,0,candidate_invalid,candidate_invalid,NaN,NaN,0.626028850389351,0.0181343803987847,66.9863335293198,0.000825932024008491,0.000308874748518706
LOS,15,10,21,20261209,14.9782188244856,15.3577709526818,14.9782188244856,14.9782188244856,-0.0217811755143611,0.357770952681799,-0.0217811755143611,-0.0217811755143611,0,0,insufficient_gain,insufficient_gain,NaN,NaN,0.0968614297348305,0.0855914814304235,15.4068306102047,0.000447924195431382,0.000404537617449074
LOS,15,10,22,20261209,15.0407905006254,15.3311984997423,15.0407905006254,15.0407905006254,0.0407905006253984,0.331198499742349,0.0407905006253984,0.0407905006253984,0,0,insufficient_gain,insufficient_gain,NaN,NaN,0.0216284292773039,0.108140943962192,9.09538351795283,0.000649759812666462,0.000635706528510971
LOS,15,10,23,20261209,14.9570639180665,15.4998040160962,14.9570639180665,14.9570639180665,-0.0429360819335205,0.499804016096245,-0.0429360819335205,-0.0429360819335205,0,0,insufficient_gain,insufficient_gain,NaN,NaN,0.0596576525407512,0.176530673109316,9.26267124763717,0.000605797653616902,0.000569657187687422
LOS,15,10,24,20261209,15.0352134827565,15.494660695583,15.0352134827565,15.0352134827565,0.035213482756479,0.494660695583006,0.035213482756479,0.035213482756479,0,0,insufficient_gain,insufficient_gain,NaN,NaN,0.104669427652794,0.16564328229984,8.73993468833278,0.000382113543782037,0.00034211793785599
LOS,15,10,25,20261209,15.0294264048246,14.9751750893793,15.0294264048246,15.0294264048246,0.0294264048246262,-0.0248249106206657,0.0294264048246262,0.0294264048246262,0,0,insufficient_gain,insufficient_gain,NaN,NaN,0.062811143861541,0.214367890172881,5.1488923278173,0.000336836503410431,0.0003156794173369
LOS,15,10,26,20261209,15.0353720306165,15.0306040058563,15.0353720306165,15.0353720306165,0.0353720306164931,0.0306040058562989,0.0353720306164931,0.0353720306164931,0,0,candidate_invalid,candidate_invalid,NaN,NaN,0.187157381233698,0.00632753167573803,78.8062079497558,0.000434318939710909,0.000353032944334419
LOS,15,10,27,20261209,14.978826897162,14.6953762906711,14.978826897162,14.978826897162,-0.0211731028380395,-0.304623709328869,-0.0211731028380395,-0.0211731028380395,0,0,insufficient_gain,insufficient_gain,NaN,NaN,0.0741693305246063,0.0532533759934966,21.7422595626441,0.000395723033795203,0.000366372521305447
LOS,15,10,28,20261209,15.0635137207768,15.6822558998348,15.0635137207768,15.0635137207768,0.0635137207767986,0.6822558998348,0.0635137207767986,0.0635137207767986,0,0,insufficient_gain,insufficient_gain,NaN,NaN,0.0544810455313111,0.133359181180895,14.7132442542421,0.000605809327976825,0.000572804202396027
LOS,15,10,29,20261209,14.9778580077261,15.3981344882687,14.9778580077261,14.9778580077261,-0.0221419922738892,0.398134488268681,-0.0221419922738892,-0.0221419922738892,0,0,insufficient_gain,insufficient_gain,NaN,NaN,0.0044181081034218,0.159911627397324,7.75366556115137,0.000554742917861173,0.000552292003680455
LOS,15,10,30,20261209,15.0203982672456,15.6428608326975,15.0203982672456,15.0203982672456,0.0203982672456231,0.642860832697533,0.0203982672456231,0.0203982672456231,0,0,insufficient_gain,insufficient_gain,NaN,NaN,0.0788225228628933,0.146074739178607,13.4576074329825,0.000630233016057691,0.000580556459740533
LOS,15,10,31,20261209,14.980490451203,15.5327103607252,14.980490451203,14.980490451203,-0.0195095487969752,0.532710360725201,-0.0195095487969752,-0.0195095487969752,0,0,insufficient_gain,insufficient_gain,NaN,NaN,0.184278377840198,0.0951045020567521,20.5683464563092,0.000381530084736736,0.000311222339624218
LOS,15,10,32,20261209,14.9708034246477,14.9346617901644,14.9708034246477,14.9708034246477,-0.0291965753522572,-0.0653382098355522,-0.0291965753522572,-0.0291965753522572,0,0,candidate_invalid,candidate_invalid,NaN,NaN,0.280547690423501,0.00892051512023642,63.8219399819277,0.00029318796802702,0.00021093476073708
LOS,15,10,33,20261209,15.0064415909862,14.2900724123287,15.0064415909862,15.0064415909862,0.00644159098619745,-0.709927587671316,0.00644159098619745,0.00644159098619745,0,0,insufficient_gain,insufficient_gain,NaN,NaN,0.149068759496071,0.1617329179847,18.5755363648421,0.000573704898532368,0.000488183420991328
LOS,15,10,34,20261209,15.0152331920767,15.0111084291303,15.0152331920767,15.0152331920767,0.0152331920766695,0.0111084291302603,0.0152331920766695,0.0152331920766695,0,0,candidate_invalid,candidate_invalid,NaN,NaN,0.0116520394974607,0.00934597568483741,15.4428808953989,0.000286915407179622,0.000283572257522735
LOS,15,10,35,20261209,15.0223855401197,15.5893401068545,15.0223855401197,15.0223855401197,0.0223855401196946,0.589340106854451,0.0223855401196946,0.0223855401196946,0,0,insufficient_gain,insufficient_gain,NaN,NaN,0.165055271768427,0.150435288013588,12.025293910303,0.000461920976587482,0.000385678484261298
LOS,15,10,36,20261209,15.0217114894282,15.2834853580612,15.0217114894282,15.0217114894282,0.0217114894282204,0.283485358061242,0.0217114894282204,0.0217114894282204,0,0,insufficient_gain,insufficient_gain,NaN,NaN,0.0698885030134342,0.210122356297403,5.0001073352948,0.000350332651299246,0.000325848426743214
LOS,15,10,37,20261209,14.9761179541073,14.8047624566037,14.9761179541073,14.9761179541073,-0.02388204589273,-0.195237543396292,-0.02388204589273,-0.02388204589273,0,0,insufficient_gain,insufficient_gain,NaN,NaN,0.0453528321015657,0.054281808903103,13.7841130484756,0.000561546013174485,0.000536078311121679
LOS,15,10,38,20261209,15.0239994990955,15.8084164451323,15.0239994990955,15.0239994990955,0.0239994990955292,0.80841644513233,0.0239994990955292,0.0239994990955292,0,0,insufficient_gain,insufficient_gain,NaN,NaN,0.123834563625404,0.1811807242218,12.832522825523,0.00026610545374961,0.000233152401006187
LOS,15,10,39,20261209,14.9955964327407,14.8898799782206,14.9955964327407,14.9955964327407,-0.00440356725925106,-0.110120021779423,-0.00440356725925106,-0.00440356725925106,0,0,insufficient_gain,insufficient_gain,NaN,NaN,0.00807924462926908,0.0693371941291587,7.19965859552866,0.000386907563137084,0.000383781642285586
LOS,15,10,40,20261209,14.9441805598591,15.6286988513168,14.9441805598591,14.9441805598591,-0.0558194401409207,0.628698851316834,-0.0558194401409207,-0.0558194401409207,0,0,insufficient_gain,insufficient_gain,NaN,NaN,0.161549234848653,0.167069282558098,12.546847997664,0.000343184390017237,0.000287743214397951
LOS,15,10,41,20261209,14.9625010393416,15.0654246553948,14.9625010393416,14.9625010393416,-0.0374989606584251,0.0654246553947893,-0.0374989606584251,-0.0374989606584251,0,0,insufficient_gain,insufficient_gain,NaN,NaN,0.003898767146163,0.0747798618731878,5.24766910080672,0.0004172027677527,0.000415576191308498
LOS,15,10,42,20261209,15.0541902341249,15.6621929819591,15.0541902341249,15.0541902341249,0.0541902341249401,0.662192981959059,0.0541902341249401,0.0541902341249401,0,0,insufficient_gain,insufficient_gain,NaN,NaN,0.0511336668981058,0.146628519126308,12.5792242753803,0.000379399318352069,0.000359999239986086
LOS,15,10,43,20261209,14.9877865911514,14.4241131724144,14.9877865911514,14.9877865911514,-0.0122134088486021,-0.575886827585588,-0.0122134088486021,-0.0122134088486021,0,0,insufficient_gain,insufficient_gain,NaN,NaN,0.219158024966362,0.0971242894463983,24.7382918160526,0.000515849091596632,0.000402796623501622
LOS,15,10,44,20261209,15.0880249569414,15.0899011542441,15.0880249569414,15.0880249569414,0.0880249569413589,0.0899011542440711,0.0880249569413589,0.0880249569413589,0,0,candidate_invalid,candidate_invalid,NaN,NaN,0.153899335606905,0.00485573648622084,88.9188785740088,0.000281663848344049,0.000238315969219416
LOS,15,10,45,20261209,15.0460692123618,15.7038370649252,15.0460692123618,15.0460692123618,0.0460692123618038,0.703837064925246,0.0460692123618038,0.0460692123618038,0,0,insufficient_gain,insufficient_gain,NaN,NaN,0.192483126834426,0.159705684244111,13.0909057749567,0.000563286587827561,0.000454863424098617
LOS,15,10,46,20261209,15.0508206922204,15.5746858836242,15.0508206922204,15.0508206922204,0.0508206922203787,0.574685883624234,0.0508206922203787,0.0508206922203787,0,0,insufficient_gain,insufficient_gain,NaN,NaN,0.16425055601291,0.187692390795088,8.6569467443899,0.000373132492839989,0.000311845273424538
LOS,15,10,47,20261209,15.0201498341273,15.7834211850999,15.0201498341273,15.0201498341273,0.0201498341272561,0.78342118509986,0.0201498341272561,0.0201498341272561,0,0,insufficient_gain,insufficient_gain,NaN,NaN,0.106742348553367,0.193904638068993,11.323050553791,0.000190714832307259,0.000170357483202821
LOS,15,10,48,20261209,14.980355612091,15.2485141586601,14.980355612091,14.980355612091,-0.0196443879090005,0.248514158660068,-0.0196443879090005,-0.0196443879090005,0,0,insufficient_gain,insufficient_gain,NaN,NaN,0.010279340213904,0.1678108068046,5.00039802244379,0.000474516665016633,0.00046963894677976
LOS,15,10,49,20261209,14.9818338066715,14.9716370755381,14.9818338066715,14.9818338066715,-0.0181661933285326,-0.0283629244618879,-0.0181661933285326,-0.0181661933285326,0,0,candidate_invalid,candidate_invalid,NaN,NaN,0.0739446337665248,0.00277048193152808,99.8479765702921,0.000198346447908282,0.000183679792458813
LOS,15,10,50,20261209,14.9795358392093,15.5131649551636,14.9795358392093,14.9795358392093,-0.0204641607906648,0.513164955163557,-0.0204641607906648,-0.0204641607906648,0,0,insufficient_gain,insufficient_gain,NaN,NaN,0.0459385798567878,0.124418714269394,13.8524953644821,0.000490627615836958,0.000468088879926887
LOS,20,10,1,20261209,19.9847554927327,19.6750156200813,19.9847554927327,19.9847554927327,-0.0152445072672904,-0.324984379918742,-0.0152445072672904,-0.0152445072672904,0,0,insufficient_gain,insufficient_gain,NaN,NaN,0.145208222137377,0.0464184350314698,30.1743371362915,0.000512154366593132,0.000437785341560248
LOS,20,10,2,20261209,19.9959962570144,19.9128168462313,19.9959962570144,19.9959962570144,-0.00400374298558859,-0.087183153768656,-0.00400374298558859,-0.00400374298558859,0,0,insufficient_gain,insufficient_gain,NaN,NaN,0.0234552953933823,0.0214714605387425,16.4512100881172,0.000372432535457046,0.000363697020323794
LOS,20,10,3,20261209,19.96772436461,19.791264403234,19.96772436461,19.96772436461,-0.0322756353900253,-0.208735596765965,-0.0322756353900253,-0.0322756353900253,0,0,insufficient_gain,insufficient_gain,NaN,NaN,0.158864603594685,0.0411821562892668,17.9308027956948,0.000153986091793845,0.000129523152361921
LOS,20,10,4,20261209,20.0115200646135,20.5155812919561,20.0115200646135,20.0115200646135,0.0115200646134568,0.51558129195606,0.0115200646134568,0.0115200646134568,0,0,insufficient_gain,insufficient_gain,NaN,NaN,0.0102179086282475,0.182731143329705,7.83907594068757,0.000305262076830459,0.000302142936821737
LOS,20,10,5,20261209,19.9902062175208,20.8218501685701,19.9902062175208,19.9902062175208,-0.0097937824791785,0.821850168570052,-0.0097937824791785,-0.0097937824791785,0,0,insufficient_gain,insufficient_gain,NaN,NaN,0.142927830841893,0.19955893226177,12.1269693534206,0.000417502758973232,0.000357829995262682
LOS,20,10,6,20261209,19.9996277861914,19.8456889500538,19.9996277861914,19.9996277861914,-0.000372213808649491,-0.154311049946173,-0.000372213808649491,-0.000372213808649491,0,0,insufficient_gain,insufficient_gain,NaN,NaN,0.11748571012412,0.0283277592051135,24.7788630113775,0.000398777177422316,0.000351926557551563
LOS,20,10,7,20261209,19.9869448685853,19.9555918412655,19.9869448685853,19.9869448685853,-0.0130551314146601,-0.044408158734548,-0.0130551314146601,-0.0130551314146601,0,0,candidate_invalid,candidate_invalid,NaN,NaN,0.0386253477121551,0.0178680487436417,18.2788838885648,0.000518915072796444,0.000498871797676603
LOS,20,10,8,20261209,19.9806549170083,19.9805098130561,19.9806549170083,19.9806549170083,-0.0193450829916664,-0.0194901869438695,-0.0193450829916664,-0.0193450829916664,0,0,candidate_invalid,candidate_invalid,NaN,NaN,0.146414277754185,0.00628581288805954,86.755765874102,0.000517359156747332,0.000441610389472658
LOS,20,10,9,20261209,20.0588532034502,19.6597718747602,20.0588532034502,20.0588532034502,0.0588532034502336,-0.340228125239811,0.0588532034502336,0.0588532034502336,0,0,insufficient_gain,insufficient_gain,NaN,NaN,0.026006909540384,0.128690786993647,12.8452762329042,0.000497151204285284,0.000484221837887544
LOS,20,10,10,20261209,19.9458631235811,20.2685148316018,19.9458631235811,19.9458631235811,-0.0541368764188981,0.268514831601763,-0.0541368764188981,-0.0541368764188981,0,0,insufficient_gain,insufficient_gain,NaN,NaN,0.0424768330563296,0.196788176849577,5.00002434453098,0.000209624030518274,0.000200719865569354
LOS,20,10,11,20261209,19.9577519314605,19.9582790183776,19.9577519314605,19.9577519314605,-0.042248068539454,-0.0417209816224329,-0.042248068539454,-0.042248068539454,0,0,candidate_invalid,candidate_invalid,NaN,NaN,0.224190925920715,0.0067001377385887,52.1151254027752,0.000338066387356006,0.000262274970951992
LOS,20,10,12,20261209,20.0537547550865,20.7091328216808,20.0537547550865,20.0537547550865,0.0537547550864979,0.709132821680775,0.0537547550864979,0.0537547550864979,0,0,insufficient_gain,insufficient_gain,NaN,NaN,0.189108696515294,0.219376875052371,8.53194575217132,0.000283661593660556,0.000230018719431957
LOS,20,10,13,20261209,19.999893870061,20.0045881649436,19.999893870061,19.999893870061,-0.000106129938952648,0.00458816494358416,-0.000106129938952648,-0.000106129938952648,0,0,candidate_invalid,candidate_invalid,NaN,NaN,0.0120006211327837,0.00223750312161573,99.3989873602697,0.00063298001478973,0.000625383861447615
LOS,20,10,14,20261209,20.0113597065079,19.9828632267075,20.0113597065079,20.0113597065079,0.011359706507875,-0.0171367732924708,0.011359706507875,0.011359706507875,0,0,candidate_invalid,candidate_invalid,NaN,NaN,0.122390276549796,0.00617621613102315,50.8323986980475,0.000300819202905034,0.000264001857469998
LOS,20,10,15,20261209,20.0215004381229,19.7294119331546,20.0215004381229,20.0215004381229,0.0215004381228887,-0.270588066845413,0.0215004381228887,0.0215004381228887,0,0,insufficient_gain,insufficient_gain,NaN,NaN,0.163935003853344,0.0489188025518211,26.1493938101167,0.000521120339096681,0.000435690474298811
LOS,20,10,16,20261209,19.9517788178851,19.9426941339232,19.9517788178851,19.9517788178851,-0.048221182114915,-0.0573058660767671,-0.048221182114915,-0.048221182114915,0,0,candidate_invalid,candidate_invalid,NaN,NaN,0.0753065109543884,0.00435861360249251,99.9975719065527,0.000445646808203692,0.000412086701959913
LOS,20,10,17,20261209,19.970356945646,19.9653330989902,19.970356945646,19.970356945646,-0.0296430543539934,-0.0346669010098068,-0.0296430543539934,-0.0296430543539934,0,0,candidate_invalid,candidate_invalid,NaN,NaN,0.0622373920414487,0.00400230815856605,99.9999576140909,0.000994590357818792,0.000932689647798579
LOS,20,10,18,20261209,19.9510638089126,19.9283972680897,19.9510638089126,19.9510638089126,-0.0489361910873747,-0.0716027319102963,-0.0489361910873747,-0.0489361910873747,0,0,candidate_invalid,candidate_invalid,NaN,NaN,0.0267230949502509,0.0070294489365687,22.0798016552668,0.00043776715271715,0.000426068659528989
LOS,20,10,19,20261209,20.0441352777032,20.2430058240981,20.0441352777032,20.0441352777032,0.0441352777031803,0.243005824098113,0.0441352777031803,0.0441352777031803,0,0,insufficient_gain,insufficient_gain,NaN,NaN,0.0201137051420092,0.0338027758017891,22.945041183373,0.000469981415929688,0.000460528348307454
LOS,20,10,20,20261209,20.0328766179632,20.0328052786823,20.0328766179632,20.0328766179632,0.0328766179631508,0.0328052786822504,0.0328766179631508,0.0328766179631508,0,0,candidate_invalid,candidate_invalid,NaN,NaN,0.0672784382949082,0.00346090794790545,99.9935515781877,0.000388710143264248,0.000362558331876039
LOS,20,10,21,20261209,20.0114652198653,20.4750796286607,20.0114652198653,20.0114652198653,0.0114652198653253,0.475079628660659,0.0114652198653253,0.0114652198653253,0,0,insufficient_gain,insufficient_gain,NaN,NaN,0.168091134647967,0.0877760079671101,18.0647174266065,0.000210209093924885,0.00017487480881373
LOS,20,10,22,20261209,20.0468378323116,20.2095215375232,20.0468378323116,20.0468378323116,0.0468378323116063,0.209521537523152,0.0468378323116063,0.0468378323116063,0,0,insufficient_gain,insufficient_gain,NaN,NaN,0.0142134276934639,0.123798318272044,5.00036122255027,0.000251192555157598,0.000247622247937729
LOS,20,10,23,20261209,20.0546273028069,20.5498147621377,20.0546273028069,20.0546273028069,0.0546273028068534,0.549814762137672,0.0546273028068534,0.0546273028068534,0,0,insufficient_gain,insufficient_gain,NaN,NaN,0.106051532459757,0.0880431528063336,20.1033099914919,0.000450624288869106,0.000402834892470949
LOS,20,10,24,20261209,19.9686249168678,19.8736492059228,19.9686249168678,19.9686249168678,-0.0313750831321826,-0.12635079407718,-0.0313750831321826,-0.0313750831321826,0,0,candidate_invalid,candidate_invalid,NaN,NaN,0.266586632489322,0.0156003670913012,48.0601411905599,0.000419331400510536,0.000307543254551401
LOS,20,10,25,20261209,20.0084582837789,19.9879556064269,20.0084582837789,20.0084582837789,0.00845828377887159,-0.0120443935730954,0.00845828377887159,0.00845828377887159,0,0,candidate_invalid,candidate_invalid,NaN,NaN,0.406187952154406,0.0129009611274442,99.9999372495674,0.000750262788887346,0.000445515083091541
LOS,20,10,26,20261209,20.0270062178201,20.0334169500021,20.0270062178201,20.0270062178201,0.0270062178201478,0.0334169500021346,0.0270062178201478,0.0270062178201478,0,0,candidate_invalid,candidate_invalid,NaN,NaN,0.190192729432205,0.00584247273175426,78.8010182401019,0.000355850869394603,0.00028817062127362
LOS,20,10,27,20261209,20.0429842923597,19.9435102426507,20.0429842923597,20.0429842923597,0.042984292359737,-0.0564897573493397,0.042984292359737,0.042984292359737,0,0,insufficient_gain,insufficient_gain,NaN,NaN,0.0685887228410698,0.0506332421348034,12.1247599387909,0.000307386580302937,0.000286303327341475
LOS,20,10,28,20261209,19.9677046163624,19.9168714686153,19.9677046163624,19.9677046163624,-0.0322953836375675,-0.0831285313846877,-0.0322953836375675,-0.0322953836375675,0,0,insufficient_gain,insufficient_gain,NaN,NaN,0.16141786773706,0.0303064545315388,19.8216249913732,0.00047978709368679,0.000402340884056107
LOS,20,10,29,20261209,20.0202867989627,19.9952225528882,20.0202867989627,20.0202867989627,0.0202867989627258,-0.00477744711180605,0.0202867989627258,0.0202867989627258,0,0,insufficient_gain,insufficient_gain,NaN,NaN,0.0137260934376128,0.103851807450966,5.0000046539064,0.000276699068978647,0.000272901071703746
LOS,20,10,30,20261209,19.9766385080795,19.9749064179531,19.9766385080795,19.9766385080795,-0.0233614919204967,-0.0250935820469422,-0.0233614919204967,-0.0233614919204967,0,0,candidate_invalid,candidate_invalid,NaN,NaN,0,3.76661810168085e-11,18.0330683538331,0.000389308619925144,0.00038930861993447
LOS,20,10,31,20261209,20.0510772176827,19.9975261283302,20.0510772176827,20.0510772176827,0.0510772176827352,-0.00247387166978541,0.0510772176827352,0.0510772176827352,0,0,insufficient_gain,insufficient_gain,NaN,NaN,0.120280527860119,0.100023130310457,8.40397894284912,0.000241031428358518,0.000212040040924677
LOS,20,10,32,20261209,19.9309153947236,21.174674787316,19.9309153947236,19.9309153947236,-0.0690846052763554,1.17467478731602,-0.0690846052763554,-0.0690846052763554,0,0,insufficient_gain,insufficient_gain,NaN,NaN,0.139940788963177,0.305174057422417,10.2688341309164,0.0005445200328833,0.000468319469875356
LOS,20,10,33,20261209,19.9798517005005,20.553770520753,19.9798517005005,19.9798517005005,-0.0201482994995104,0.55377052075297,-0.0201482994995104,-0.0201482994995104,0,0,insufficient_gain,insufficient_gain,NaN,NaN,0.275121219608712,0.114402415066014,17.9861085237783,0.000688322948048103,0.000498950699096445
LOS,20,10,34,20261209,19.996552113956,19.987323339349,19.996552113956,19.996552113956,-0.00344788604398261,-0.0126766606509676,-0.00344788604398261,-0.00344788604398261,0,0,candidate_invalid,candidate_invalid,NaN,NaN,0.295635694645787,0.00661188106770094,91.4755610907857,0.000243525809202616,0.000171530887434823
LOS,20,10,35,20261209,20.0142689627019,20.5078485956413,20.0142689627019,20.0142689627019,0.0142689627019053,0.507848595641264,0.0142689627019053,0.0142689627019053,0,0,insufficient_gain,insufficient_gain,NaN,NaN,0.0973831980887622,0.151028138671089,10.2057353939693,0.000379191728114403,0.000342264824941818
LOS,20,10,36,20261209,20.0811223197234,20.6553940472971,20.0811223197234,20.0811223197234,0.0811223197234305,0.655394047297122,0.0811223197234305,0.0811223197234305,0,0,insufficient_gain,insufficient_gain,NaN,NaN,0.200842656374675,0.246967754557782,6.70016623636131,0.000288096679258665,0.000230234576903632
LOS,20,10,37,20261209,19.9762903659738,20.4184048861603,19.9762903659738,19.9762903659738,-0.0237096340262433,0.41840488616031,-0.0237096340262433,-0.0237096340262433,0,0,insufficient_gain,insufficient_gain,NaN,NaN,0.372364035677755,0.099143096113696,16.7073692421975,0.000409456955241527,0.000256989910951466
LOS,20,10,38,20261209,20.0141943673332,20.016267845713,20.0141943673332,20.0141943673332,0.0141943673332392,0.0162678457130276,0.0141943673332392,0.0141943673332392,0,0,candidate_invalid,candidate_invalid,NaN,NaN,0.11267947980806,0.00551660852043788,91.2551067224954,0.000477294924908334,0.000423513581054635
LOS,20,10,39,20261209,20.0031668837409,19.8658730404501,20.0031668837409,20.0031668837409,0.00316688374092067,-0.134126959549938,0.00316688374092067,0.00316688374092067,0,0,insufficient_gain,insufficient_gain,NaN,NaN,0.0376003741872591,0.0525269463273772,12.9108414567099,0.000587600644816888,0.000565506640699098
LOS,20,10,40,20261209,20.0138988958081,19.8698842386915,20.0138988958081,20.0138988958081,0.0138988958081292,-0.130115761308467,0.0138988958081292,0.0138988958081292,0,0,insufficient_gain,insufficient_gain,NaN,NaN,0.0672224006392892,0.0444663359854684,14.9871943777872,0.0003217538041973,0.000300124741064334
LOS,20,10,41,20261209,19.9318405214655,20.3938563028913,19.9318405214655,19.9318405214655,-0.0681594785344721,0.393856302891255,-0.0681594785344721,-0.0681594785344721,0,0,insufficient_gain,insufficient_gain,NaN,NaN,0.125286968265053,0.0961632171412836,16.1991880493754,0.000192272262930837,0.000168183054026771
LOS,20,10,42,20261209,19.8974639729733,20.1337531573921,19.8974639729733,19.8974639729733,-0.102536027026684,0.13375315739215,-0.102536027026684,-0.102536027026684,0,0,insufficient_gain,insufficient_gain,NaN,NaN,0.0558565319227649,0.0373601994277036,26.8739634394805,0.000522303422006987,0.000493129364242284
LOS,20,10,43,20261209,19.9977787974237,19.9951126956904,19.9977787974237,19.9977787974237,-0.00222120257626912,-0.00488730430958384,-0.00222120257626912,-0.00222120257626912,0,0,candidate_invalid,candidate_invalid,NaN,NaN,0.140615868222329,0.00602025962675263,51.7480667547911,0.000431508795317281,0.000370831811418171
LOS,20,10,44,20261209,19.9729032921464,19.9797828569414,19.9729032921464,19.9729032921464,-0.0270967078535875,-0.0202171430586304,-0.0270967078535875,-0.0270967078535875,0,0,candidate_invalid,candidate_invalid,NaN,NaN,0.232489381716038,0.00623308806458693,92.5555334740662,0.000292646347693548,0.000224609179256818
LOS,20,10,45,20261209,19.9851107166322,20.793209629225,19.9851107166322,19.9851107166322,-0.0148892833677756,0.793209629225039,-0.0148892833677756,-0.0148892833677756,0,0,insufficient_gain,insufficient_gain,NaN,NaN,0.470123307805181,0.196622552569104,11.9814085767956,0.000115550537068465,6.12275363631731e-05
LOS,20,10,46,20261209,20.0306990437482,21.0893704772461,20.0306990437482,20.0306990437482,0.0306990437482249,1.08937047724611,0.0306990437482249,0.0306990437482249,0,0,insufficient_gain,insufficient_gain,NaN,NaN,0.461192841080569,0.177498741594694,19.4828515407927,0.000657913773945973,0.00035448865135379
LOS,20,10,47,20261209,19.9986997812036,20.6307228937247,19.9986997812036,19.9986997812036,-0.00130021879635578,0.630722893724652,-0.00130021879635578,-0.00130021879635578,0,0,insufficient_gain,insufficient_gain,NaN,NaN,0.116338508278599,0.123535049525824,16.7126795140619,0.00037441649234049,0.000330857436146692
LOS,20,10,48,20261209,20.0725301115785,20.158569735631,20.0725301115785,20.0725301115785,0.0725301115785442,0.158569735631048,0.0725301115785442,0.0725301115785442,0,0,insufficient_gain,insufficient_gain,NaN,NaN,0.0171999716937318,0.0587288894888662,7.60347339088831,0.000348347567256546,0.000342355998960153
LOS,20,10,49,20261209,20.0397830312622,19.7374459392033,20.0397830312622,20.0397830312622,0.0397830312621785,-0.262554060796667,0.0397830312621785,0.0397830312621785,0,0,insufficient_gain,insufficient_gain,NaN,NaN,0.0847585910228098,0.0633426547375748,19.8205886207537,0.000548400021603834,0.000501918408455815
LOS,20,10,50,20261209,19.965208420424,20.0573593572671,19.965208420424,19.965208420424,-0.0347915795760443,0.0573593572671349,-0.0347915795760443,-0.0347915795760443,0,0,insufficient_gain,insufficient_gain,NaN,NaN,0.00211704480804821,0.0639310180306591,5.43725516644325,0.000321007271101292,0.000320327684324662
LOS,1,20,1,20261209,0.997200449067397,0.997653060981778,0.997200449067397,0.997200449067397,-0.0027995509326032,-0.00234693901822181,-0.0027995509326032,-0.0027995509326032,0,0,candidate_invalid,candidate_invalid,NaN,NaN,0.0222463742093106,0.00121770640823282,99.999968516936,0.000101130074063427,9.88802965919966e-05
LOS,1,20,2,20261209,0.980750989390832,0.861604659289132,0.980750989390832,0.980750989390832,-0.0192490106091681,-0.138395340710868,-0.0192490106091681,-0.0192490106091681,0,0,insufficient_gain,insufficient_gain,NaN,NaN,0.0944730168660716,0.179727082231953,5.37394030200927,0.000115991899872325,0.000105033795159359
LOS,1,20,3,20261209,1.01938481661945,1.04006630197069,1.01938481661945,1.01938481661945,0.0193848166194512,0.0400663019706897,0.0193848166194512,0.0193848166194512,0,0,candidate_invalid,candidate_invalid,NaN,NaN,0.0197406861692977,0.00288555255089729,44.1675155908648,0.000138293595023598,0.000135563584565013
LOS,1,20,4,20261209,0.986032002017672,0.991763399241947,0.986032002017672,0.986032002017672,-0.0139679979823283,-0.00823660075805277,-0.0139679979823283,-0.0139679979823283,0,0,candidate_invalid,candidate_invalid,NaN,NaN,0.144520283176666,0.00298949170128919,67.8070140157241,0.000136646458632761,0.000116898273736066
LOS,1,20,5,20261209,0.99539337157978,0.99594664405777,0.99539337157978,0.99539337157978,-0.00460662842022008,-0.00405335594223044,-0.00460662842022008,-0.00460662842022008,0,0,candidate_invalid,candidate_invalid,NaN,NaN,0.162782055830327,0.00478757118653099,83.3108525481222,0.000270692383903759,0.000226628521154293
LOS,1,20,6,20261209,1.01347775240773,1.012836157326,1.01347775240773,1.01347775240773,0.0134777524077347,0.0128361573259999,0.0134777524077347,0.0134777524077347,0,0,candidate_invalid,candidate_invalid,NaN,NaN,0.498842304777704,0.00490929894044083,85.3556762778748,9.08093054903247e-05,4.55097822442685e-05
LOS,1,20,7,20261209,1.01746355068024,1.21500129329354,1.01746355068024,1.01746355068024,0.017463550680241,0.215001293293542,0.017463550680241,0.017463550680241,0,0,insufficient_gain,insufficient_gain,NaN,NaN,0.0136067530037856,0.125053787637534,5.00001809664007,0.000102775001382449,0.000101376567323674
LOS,1,20,8,20261209,0.998088362179466,0.997490235004834,0.998088362179466,0.998088362179466,-0.00191163782053372,-0.00250976499516598,-0.00191163782053372,-0.00191163782053372,0,0,candidate_invalid,candidate_invalid,NaN,NaN,0.101204792350633,0.00199431424622054,99.9999999482901,6.6085790675352e-05,5.93975919527256e-05
LOS,1,20,9,20261209,1.01432981380575,1.01979247808716,1.01432981380575,1.01432981380575,0.0143298138057486,0.0197924780871617,0.0143298138057486,0.0143298138057486,0,0,candidate_invalid,candidate_invalid,NaN,NaN,0.105949764683218,0.00256525898156,73.3553386407649,0.000116584007039622,0.000104231958927947
LOS,1,20,10,20261209,0.992665596789507,0.893907000176865,0.992665596789507,0.992665596789507,-0.00733440321049317,-0.106092999823135,-0.00733440321049317,-0.00733440321049317,0,0,insufficient_gain,insufficient_gain,NaN,NaN,0.107940247633356,0.105723155490796,7.19568646653568,0.000126669035348526,0.000112996348305527
LOS,1,20,11,20261209,0.992133416061556,0.988125166999712,0.992133416061556,0.992133416061556,-0.00786658393844408,-0.011874833000288,-0.00786658393844408,-0.00786658393844408,0,0,candidate_invalid,candidate_invalid,NaN,NaN,0.302224717431804,0.00442089773236022,98.7553062968101,0.00019718253864931,0.000137589101623536
LOS,1,20,12,20261209,1.00688997967345,1.34192034514349,1.00688997967345,1.00688997967345,0.00688997967344873,0.341920345143489,0.00688997967344873,0.00688997967344873,0,0,insufficient_gain,insufficient_gain,NaN,NaN,0.0460702917178252,0.122012043363652,8.40186426952263,9.50418729264157e-05,9.06632661152873e-05
LOS,1,20,13,20261209,0.980433067428253,1.21719852386536,0.980433067428253,0.980433067428253,-0.0195669325717475,0.217198523865362,-0.0195669325717475,-0.0195669325717475,0,0,insufficient_gain,insufficient_gain,NaN,NaN,0.0170550699578858,0.143961408052998,5.00001821026624,9.36238154420899e-05,9.20270547200008e-05
LOS,1,20,14,20261209,0.987763110902259,0.985596283176511,0.987763110902259,0.987763110902259,-0.0122368890977411,-0.014403716823489,-0.0122368890977411,-0.0122368890977411,0,0,candidate_invalid,candidate_invalid,NaN,NaN,0.0210260109684542,0.000969622996894819,99.9999986581599,8.05228540701197e-05,7.88297796572301e-05
LOS,1,20,15,20261209,1.00848083793798,1.01216162917603,1.00848083793798,1.00848083793798,0.00848083793798438,0.0121616291760307,0.00848083793798438,0.00848083793798438,0,0,candidate_invalid,candidate_invalid,NaN,NaN,0.0679275058842334,0.00167802479692719,99.6143705177973,6.29646458181199e-05,5.86876144688109e-05
LOS,1,20,16,20261209,0.996405109159326,1.00802473821878,0.996405109159326,0.996405109159326,-0.0035948908406741,0.00802473821878458,-0.0035948908406741,-0.0035948908406741,0,0,candidate_invalid,candidate_invalid,NaN,NaN,0.0754863778715635,0.00487294388119319,27.8358265043101,8.40015770973146e-05,7.76606023067394e-05
LOS,1,20,17,20261209,1.0129847749591,1.09375841074589,1.0129847749591,1.0129847749591,0.0129847749590963,0.0937584107458895,0.0129847749590963,0.0129847749590963,0,0,insufficient_gain,insufficient_gain,NaN,NaN,0.0198435958414265,0.0794188951268398,5.00265690515674,0.000112326633452176,0.000110097669135722
LOS,1,20,18,20261209,0.975808468228695,0.975010166057069,0.975808468228695,0.975808468228695,-0.0241915317713051,-0.0249898339429311,-0.0241915317713051,-0.0241915317713051,0,0,candidate_invalid,candidate_invalid,NaN,NaN,0.131010138680455,0.00266155137985545,99.9999995027737,8.8252144938572e-05,7.66902191913221e-05
LOS,1,20,19,20261209,0.995621939645784,0.723939561147444,0.995621939645784,0.995621939645784,-0.00437806035421562,-0.276060438852556,-0.00437806035421562,-0.00437806035421562,0,0,insufficient_gain,insufficient_gain,NaN,NaN,0.168552127984736,0.0610622220116756,16.9947669396275,0.000186884557636713,0.000155384767759559
LOS,1,20,20,20261209,1.01272902214552,1.23179473013499,1.01272902214552,1.01272902214552,0.012729022145525,0.23179473013499,0.012729022145525,0.012729022145525,0,0,insufficient_gain,insufficient_gain,NaN,NaN,7.45878708888593e-05,0.129317251537661,5.00000323770627,8.1425920112066e-05,8.14198467260496e-05
LOS,1,20,21,20261209,1.00806975381374,0.975011491226791,1.00806975381374,1.00806975381374,0.00806975381374198,-0.0249885087732089,0.00806975381374198,0.00806975381374198,0,0,insufficient_gain,insufficient_gain,NaN,NaN,0.012548568390479,0.0430723876175768,6.16658444007737,0.000162415915453185,0.000160377828230418
LOS,1,20,22,20261209,1.02294746172809,0.887166908772314,1.02294746172809,1.02294746172809,0.0229474617280936,-0.112833091227686,0.0229474617280936,0.0229474617280936,0,0,insufficient_gain,insufficient_gain,NaN,NaN,0.199534542734244,0.0220311637335343,27.1863216224431,0.000112270770028511,8.98688732684505e-05
LOS,1,20,23,20261209,1.02706933341032,1.05763039505249,1.02706933341032,1.02706933341032,0.0270693334103171,0.0576303950524855,0.0270693334103171,0.0270693334103171,0,0,candidate_invalid,candidate_invalid,NaN,NaN,0.215880211056207,0.00517987596566896,52.0071002485801,7.62647975718345e-05,5.9800736975868e-05
LOS,1,20,24,20261209,0.978446547100035,0.327957558123155,0.978446547100035,0.978446547100035,-0.0215534528999647,-0.672042441876845,-0.0215534528999647,-0.0215534528999647,0,0,insufficient_gain,insufficient_gain,NaN,NaN,0.364461375833139,0.150767683117564,18.0751169433514,0.000148364522154054,9.42913842849613e-05
LOS,1,20,25,20261209,1.00586403833441,0.99892485620484,1.00586403833441,1.00586403833441,0.00586403833441085,-0.00107514379515994,0.00586403833441085,0.00586403833441085,0,0,candidate_invalid,candidate_invalid,NaN,NaN,0.0393860278585802,0.00236104795517549,65.2843303882437,0.000178542733339837,0.000171510644270567
LOS,1,20,26,20261209,1.00399355966235,1.0257071713956,1.00399355966235,1.00399355966235,0.00399355966234682,0.025707171395605,0.00399355966234682,0.00399355966234682,0,0,candidate_invalid,candidate_invalid,NaN,NaN,0.0448805677309138,0.00379298200765055,35.276420831995,0.000113414549933966,0.000108324440543983
LOS,1,20,27,20261209,0.998828278866924,0.942308257865573,0.998828278866924,0.998828278866924,-0.00117172113307629,-0.057691742134427,-0.00117172113307629,-0.00117172113307629,0,0,candidate_invalid,candidate_invalid,NaN,NaN,0.18793104722632,0.00846161451168206,47.5704859727546,0.000131875904348489,0.000107092327540359
LOS,1,20,28,20261209,1.01125101955105,1.06063528607215,1.01125101955105,1.01125101955105,0.0112510195510456,0.0606352860721491,0.0112510195510456,0.0112510195510456,0,0,candidate_invalid,candidate_invalid,NaN,NaN,0.0202122833865679,0.00695046755151722,32.0085878218869,0.00010380052864889,0.000101702482948163
LOS,1,20,29,20261209,0.994770338349516,0.932482340055922,0.994770338349516,0.994770338349516,-0.00522966165048389,-0.0675176599440777,-0.00522966165048389,-0.00522966165048389,0,0,candidate_invalid,candidate_invalid,NaN,NaN,0.28078468065688,0.00872869986782423,43.6773943974351,6.85748935824737e-05,4.93201139868393e-05
LOS,1,20,30,20261209,0.993316239991487,1.00433567397046,0.993316239991487,0.993316239991487,-0.00668376000851267,0.00433567397046009,-0.00668376000851267,-0.00668376000851267,0,0,candidate_invalid,candidate_invalid,NaN,NaN,0.0319192270128847,0.0132185707117547,12.5092604573337,9.83816327384535e-05,9.52413670691765e-05
LOS,1,20,31,20261209,0.970584877656576,0.972238758649407,0.970584877656576,0.970584877656576,-0.029415122343424,-0.0277612413505925,-0.029415122343424,-0.029415122343424,0,0,candidate_invalid,candidate_invalid,NaN,NaN,0.316336033464747,0.00368083462694928,65.5786737570607,0.000115740311141144,7.91274802027786e-05
LOS,1,20,32,20261209,0.994879112194221,1.57349060249209,0.994879112194221,0.994879112194221,-0.00512088780577891,0.57349060249209,-0.00512088780577891,-0.00512088780577891,0,0,insufficient_gain,insufficient_gain,NaN,NaN,0.317570297895426,0.130235028513527,13.937118728528,5.49177369268961e-05,3.7477494851279e-05
LOS,1,20,33,20261209,0.989335844127672,1.01493080179862,0.989335844127672,0.989335844127672,-0.0106641558723276,0.0149308017986178,-0.0106641558723276,-0.0106641558723276,0,0,candidate_invalid,candidate_invalid,NaN,NaN,0.242773434994752,0.00651751097727959,64.3013124356849,0.000166445903484691,0.000126037259754908
LOS,1,20,34,20261209,0.999903389146294,1.03547012220301,0.999903389146294,0.999903389146294,-9.66108537057142e-05,0.0354701222030069,-9.66108537057142e-05,-9.66108537057142e-05,0,0,candidate_invalid,candidate_invalid,NaN,NaN,0.157417792273026,0.00712450219672245,35.7036039274612,0.000141763362183855,0.000119447286683672
LOS,1,20,35,20261209,0.975351421570225,1.15981372030428,0.975351421570225,0.975351421570225,-0.0246485784297753,0.159813720304277,-0.0246485784297753,-0.0246485784297753,0,0,insufficient_gain,insufficient_gain,NaN,NaN,0.234441962751226,0.0309028467513226,23.4031633295912,7.36149379314543e-05,5.63565073949945e-05
LOS,1,20,36,20261209,1.01039226584157,1.01044417468911,1.01039226584157,1.01039226584157,0.0103922658415727,0.0104441746891055,0.0103922658415727,0.0103922658415727,0,0,candidate_invalid,candidate_invalid,NaN,NaN,0.0751721438960065,0.00248391707791631,99.9999999277469,0.000140982026695546,0.000130384105498038
LOS,1,20,37,20261209,1.0225937232489,0.969748534445286,1.0225937232489,1.0225937232489,0.0225937232488969,-0.0302514655547144,0.0225937232488969,0.0225937232488969,0,0,candidate_invalid,candidate_invalid,NaN,NaN,0.0278045846922381,0.00867151359860194,26.4566167803329,0.0001070140500814,0.000104038568862652
LOS,1,20,38,20261209,1.00293307494137,0.984858512760332,1.00293307494137,1.00293307494137,0.00293307494137296,-0.0151414872396677,0.00293307494137296,0.00293307494137296,0,0,candidate_invalid,candidate_invalid,NaN,NaN,0.00810674400597458,0.003225802947691,24.5435012832851,6.85784611598184e-05,6.8022513130872e-05
LOS,1,20,39,20261209,1.00087220213645,0.796350247958287,1.00087220213645,1.00087220213645,0.00087220213644823,-0.203649752041713,0.00087220213644823,0.00087220213644823,0,0,insufficient_gain,insufficient_gain,NaN,NaN,0.0750299282392771,0.0808802833992716,10.9753891582524,0.000181086233655314,0.000167499346539035
LOS,1,20,40,20261209,0.995821347531409,1.01677489878892,0.995821347531409,0.995821347531409,-0.00417865246859139,0.0167748987889236,-0.00417865246859139,-0.00417865246859139,0,0,candidate_invalid,candidate_invalid,NaN,NaN,0.15052729548293,0.00476061426595939,45.1182074833584,0.000146792224478665,0.000124695987929968
LOS,1,20,41,20261209,0.96645464980563,0.986562430993864,0.96645464980563,0.96645464980563,-0.0335453501943702,-0.0134375690061361,-0.0335453501943702,-0.0335453501943702,0,0,insufficient_gain,insufficient_gain,NaN,NaN,0.202202332384357,0.181908722630342,5.29898549495488,9.9090769039023e-05,7.9054384421573e-05
LOS,1,20,42,20261209,0.989778901549477,0.783016892139192,0.989778901549477,0.989778901549477,-0.0102210984505233,-0.216983107860808,-0.0102210984505233,-0.0102210984505233,0,0,insufficient_gain,insufficient_gain,NaN,NaN,0.185068550941973,0.0854399048480315,10.4711079731303,6.64684633704393e-05,5.41672411711325e-05
LOS,1,20,43,20261209,0.984861416043856,1.12825703973021,0.984861416043856,0.984861416043856,-0.0151385839561441,0.12825703973021,-0.0151385839561441,-0.0151385839561441,0,0,candidate_invalid,candidate_invalid,NaN,NaN,0.205123467192725,0.0194781300015852,34.631515940733,0.000136337399003095,0.000108371399011542
LOS,1,20,44,20261209,0.982428979356493,0.980485905830116,0.982428979356493,0.982428979356493,-0.0175710206435075,-0.0195140941698839,-0.0175710206435075,-0.0175710206435075,0,0,candidate_invalid,candidate_invalid,NaN,NaN,0.0616826167568376,0.00195980607996227,99.9999989417123,0.000113714226235073,0.000106700035198415
LOS,1,20,45,20261209,0.969570387870445,0.970143568231228,0.969570387870445,0.969570387870445,-0.0304296121295545,-0.0298564317687722,-0.0304296121295545,-0.0304296121295545,0,0,candidate_invalid,candidate_invalid,NaN,NaN,0,3.80332431841414e-13,98.7427887131333,0.000148984283239173,0.000148984283247389
LOS,1,20,46,20261209,0.968166975501436,0.970037947566469,0.968166975501436,0.968166975501436,-0.0318330244985635,-0.0299620524335311,-0.0318330244985635,-0.0318330244985635,0,0,candidate_invalid,candidate_invalid,NaN,NaN,0.236211336396288,0.00409729930043334,93.8083072741116,0.000118690710666947,9.0654619282482e-05
LOS,1,20,47,20261209,1.03407653822415,1.10637610834882,1.03407653822415,1.03407653822415,0.034076538224153,0.106376108348818,0.034076538224153,0.034076538224153,0,0,candidate_invalid,candidate_invalid,NaN,NaN,0.0263821007344401,0.0103354916019871,29.95264969001,0.000134313249219753,0.000130769783548867
LOS,1,20,48,20261209,1.02237590983842,1.02273243472081,1.02237590983842,1.02237590983842,0.0223759098384155,0.0227324347208131,0.0223759098384155,0.0223759098384155,0,0,candidate_invalid,candidate_invalid,NaN,NaN,0,2.40491124571617e-12,31.9465954721663,5.02183378836563e-05,5.02183378858767e-05
LOS,1,20,49,20261209,1.00246022450807,1.1230799320937,1.00246022450807,1.00246022450807,0.00246022450807382,0.123079932093704,0.00246022450807382,0.00246022450807382,0,0,insufficient_gain,insufficient_gain,NaN,NaN,0.00556979033084672,0.0811511833401133,5.04807321312084,0.000112119101644881,0.000111494621756636
LOS,1,20,50,20261209,0.985205583099234,0.971086249711666,0.985205583099234,0.985205583099234,-0.014794416900766,-0.0289137502883339,-0.014794416900766,-0.014794416900766,0,0,candidate_invalid,candidate_invalid,NaN,NaN,0.12533928525722,0.00472231993727421,71.102593944332,0.000238991513061615,0.000209036487631931
LOS,3,20,1,20261209,2.99292797216215,2.99084300220257,2.99292797216215,2.99292797216215,-0.00707202783785066,-0.00915699779742507,-0.00707202783785066,-0.00707202783785066,0,0,candidate_invalid,candidate_invalid,NaN,NaN,0,1.67802812744483e-13,89.8972254443049,6.52165848125108e-05,6.52165848145092e-05
LOS,3,20,2,20261209,2.99886245256052,3.30601842594975,2.99886245256052,2.99886245256052,-0.00113754743947903,0.306018425949747,-0.00113754743947903,-0.00113754743947903,0,0,insufficient_gain,insufficient_gain,NaN,NaN,0.0155157511153611,0.0967561974087585,10.0009012890226,0.000157825896294872,0.000155377108968402
LOS,3,20,3,20261209,3.00181590390864,3.02810122047029,3.00181590390864,3.00181590390864,0.00181590390863695,0.0281012204702913,0.00181590390863695,0.00181590390863695,0,0,insufficient_gain,insufficient_gain,NaN,NaN,0.000425264409858758,0.0203679758997551,5.06423806650757,0.000147150731587553,0.000147088153618524
LOS,3,20,4,20261209,2.99919158664266,2.99653484549588,2.99919158664266,2.99919158664266,-0.000808413357339166,-0.00346515450411822,-0.000808413357339166,-0.000808413357339166,0,0,candidate_invalid,candidate_invalid,NaN,NaN,0.00710697491332939,0.000400409159055566,45.6888961226287,6.47432027383044e-05,6.42830744206346e-05
LOS,3,20,5,20261209,2.99573848292646,2.99666561115526,2.99573848292646,2.99573848292646,-0.00426151707354361,-0.00333438884474369,-0.00426151707354361,-0.00426151707354361,0,0,candidate_invalid,candidate_invalid,NaN,NaN,0.0674693508095193,0.00266242558135357,99.9999988035897,0.000180152349196216,0.000167997587149138
LOS,3,20,6,20261209,2.97382901693397,3.10701529117818,2.97382901693397,2.97382901693397,-0.0261709830660322,0.107015291178178,-0.0261709830660322,-0.0261709830660322,0,0,insufficient_gain,insufficient_gain,NaN,NaN,0.0578150266690027,0.13667849401246,5.0003608330231,0.000140611925718348,0.000132482443482962
LOS,3,20,7,20261209,2.99605756191617,2.86497809408221,2.99605756191617,2.99605756191617,-0.00394243808383266,-0.135021905917788,-0.00394243808383266,-0.00394243808383266,0,0,insufficient_gain,insufficient_gain,NaN,NaN,0.0576330750206975,0.114759463942182,7.34622296046916,0.000223446362478397,0.000210568461506577
LOS,3,20,8,20261209,2.99096326316238,2.86774205846291,2.99096326316238,2.99096326316238,-0.00903673683761763,-0.132257941537086,-0.00903673683761763,-0.00903673683761763,0,0,insufficient_gain,insufficient_gain,NaN,NaN,0.116271879358581,0.0576002547353127,9.85807666815234,7.44944830910477e-05,6.58328695402055e-05
LOS,3,20,9,20261209,2.99282160886091,2.98820338638726,2.99282160886091,2.99282160886091,-0.00717839113908747,-0.0117966136127432,-0.00717839113908747,-0.00717839113908747,0,0,candidate_invalid,candidate_invalid,NaN,NaN,0.066451811828162,0.00196693402279174,99.9999982985776,0.000104743451486922,9.77830593584805e-05
LOS,3,20,10,20261209,2.9858512919248,2.98715449974502,2.9858512919248,2.9858512919248,-0.0141487080751959,-0.0128455002549845,-0.0141487080751959,-0.0141487080751959,0,0,candidate_invalid,candidate_invalid,NaN,NaN,0,8.74920024671039e-13,89.1592126290802,0.000111878888970907,0.00011187888898001
LOS,3,20,11,20261209,3.02235266355095,3.32923804663708,3.02235266355095,3.02235266355095,0.0223526635509481,0.329238046637083,0.0223526635509481,0.0223526635509481,0,0,insufficient_gain,insufficient_gain,NaN,NaN,0.158638408748362,0.0717459636870887,15.1903540975804,0.00017318681542533,0.00014571273461006
LOS,3,20,12,20261209,2.975770237609,2.95872757775542,2.975770237609,2.975770237609,-0.0242297623910037,-0.0412724222445782,-0.0242297623910037,-0.0242297623910037,0,0,candidate_invalid,candidate_invalid,NaN,NaN,0.102288403647413,0.00374825081321629,51.5698125085353,0.0001294955344322,0.000116249642935662
LOS,3,20,13,20261209,3.02297137284676,4.1376367629383,3.02297137284676,3.02297137284676,0.0229713728467571,1.1376367629383,0.0229713728467571,0.0229713728467571,0,0,insufficient_gain,insufficient_gain,NaN,NaN,0.16337749089053,0.408921283535759,5.62475101457532,0.000230236812017282,0.000192621299359264
LOS,3,20,14,20261209,3.00169130935656,2.79768758304065,3.00169130935656,3.00169130935656,0.00169130935656492,-0.20231241695935,0.00169130935656492,0.00169130935656492,0,0,insufficient_gain,insufficient_gain,NaN,NaN,0.102770589263977,0.140452480330015,7.51457694776838,0.000133087067731186,0.000119409631357037
LOS,3,20,15,20261209,2.99133441894324,3.11278950697629,2.99133441894324,2.99133441894324,-0.00866558105676241,0.112789506976294,-0.00866558105676241,-0.00866558105676241,0,0,insufficient_gain,insufficient_gain,NaN,NaN,0.035884345158218,0.10678704213949,5.00010019881605,0.000104838063186508,0.000101076017941404
LOS,3,20,16,20261209,2.99036157406031,3.42204546010563,2.99036157406031,2.99036157406031,-0.00963842593968911,0.422045460105625,-0.00963842593968911,-0.00963842593968911,0,0,insufficient_gain,insufficient_gain,NaN,NaN,0.215896308254153,0.081978610076295,18.6963824369194,0.000241747383650237,0.000189555015990051
LOS,3,20,17,20261209,3.01406872839794,3.4995575930187,3.01406872839794,3.01406872839794,0.0140687283979437,0.499557593018703,0.0140687283979437,0.0140687283979437,0,0,insufficient_gain,insufficient_gain,NaN,NaN,0.369717963621433,0.108641157380724,14.655312209934,7.04146486596446e-05,4.43810881480822e-05
LOS,3,20,18,20261209,3.01259278624721,3.00578135596294,3.01259278624721,3.01259278624721,0.0125927862472066,0.00578135596293539,0.0125927862472066,0.0125927862472066,0,0,candidate_invalid,candidate_invalid,NaN,NaN,0.0655909738288008,0.00160132422599818,63.513821587384,5.37346107818415e-05,5.02101053323489e-05
LOS,3,20,19,20261209,2.99358024909525,3.00872410159996,2.99358024909525,2.99358024909525,-0.00641975090475499,0.00872410159995951,-0.00641975090475499,-0.00641975090475499,0,0,candidate_invalid,candidate_invalid,NaN,NaN,0.0251403694440304,0.0114802085734061,14.2806605942592,0.000134185874095971,0.000130812391647028
LOS,3,20,20,20261209,3.00480909650762,3.0012693154288,3.00480909650762,3.00480909650762,0.00480909650761907,0.00126931542880104,0.00480909650761907,0.00480909650761907,0,0,candidate_invalid,candidate_invalid,NaN,NaN,0.151444797926795,0.00349998690360696,99.9962785466398,0.000143020990541087,0.000121361205529302
LOS,3,20,21,20261209,3.00789067356973,3.0050892636723,3.00789067356973,3.00789067356973,0.00789067356972639,0.00508926367230433,0.00789067356972639,0.00789067356972639,0,0,candidate_invalid,candidate_invalid,NaN,NaN,0.0350790646044223,0.00202247298469192,99.9999979882615,0.000199085417615708,0.000192101687389368
LOS,3,20,22,20261209,2.98445350452506,2.94132484681235,2.98445350452506,2.98445350452506,-0.015546495474942,-0.0586751531876519,-0.015546495474942,-0.015546495474942,0,0,candidate_invalid,candidate_invalid,NaN,NaN,0.0297793367603621,0.0150289589509759,12.3522664821245,9.73419867298375e-05,9.4443206926087e-05
LOS,3,20,23,20261209,3.01674469758862,3.0167141377167,3.01674469758862,3.01674469758862,0.0167446975886216,0.0167141377166953,0.0167446975886216,0.0167446975886216,0,0,candidate_invalid,candidate_invalid,NaN,NaN,0.281547616061866,0.00493067469117684,89.2070377670907,0.000155609672682688,0.00011179814030271
LOS,3,20,24,20261209,2.99107439593822,2.9810230442817,2.99107439593822,2.99107439593822,-0.00892560406178022,-0.0189769557182977,-0.00892560406178022,-0.00892560406178022,0,0,candidate_invalid,candidate_invalid,NaN,NaN,0.217540775195385,0.00426950753963305,99.9063971681676,0.000162902524735165,0.000127464583222991
LOS,3,20,25,20261209,2.97766589622356,2.68910077025577,2.97766589622356,2.97766589622356,-0.0223341037764353,-0.310899229744233,-0.0223341037764353,-0.0223341037764353,0,0,insufficient_gain,insufficient_gain,NaN,NaN,0.0838036192628496,0.0794664106776876,14.3125900995043,0.00014474843322998,0.000132617990642681
LOS,3,20,26,20261209,3.01082794947763,3.01127011004218,3.01082794947763,3.01082794947763,0.0108279494776329,0.0112701100421813,0.0108279494776329,0.0108279494776329,0,0,candidate_invalid,candidate_invalid,NaN,NaN,0.0713703986726479,0.0018716649629022,99.9996253777077,8.61089437409479e-05,7.99633140968758e-05
LOS,3,20,27,20261209,2.99931171092537,2.99531291071528,2.99931171092537,2.99931171092537,-0.00068828907463292,-0.00468708928472061,-0.00068828907463292,-0.00068828907463292,0,0,candidate_invalid,candidate_invalid,NaN,NaN,0.0439451668263481,0.0018361192038347,99.9997882327847,0.000137597008962764,0.000131550285449089
LOS,3,20,28,20261209,3.00020303916438,3.21445540399512,3.00020303916438,3.00020303916438,0.000203039164383689,0.214455403995125,0.000203039164383689,0.000203039164383689,0,0,insufficient_gain,insufficient_gain,NaN,NaN,0.00268010707128505,0.133477212689588,5.00009872646878,8.5352153012197e-05,8.51234001033596e-05
LOS,3,20,29,20261209,2.99975430762297,2.99772998883702,2.99975430762297,2.99975430762297,-0.000245692377027318,-0.00227001116298009,-0.000245692377027318,-0.000245692377027318,0,0,candidate_invalid,candidate_invalid,NaN,NaN,0.0386830548896543,0.00150701180726204,99.9999986627494,9.30929785161183e-05,8.94918577183379e-05
LOS,3,20,30,20261209,2.97184582579738,2.96758648294925,2.97184582579738,2.97184582579738,-0.0281541742026152,-0.0324135170507525,-0.0281541742026152,-0.0281541742026152,0,0,candidate_invalid,candidate_invalid,NaN,NaN,0.106470098315905,0.00188128757818162,99.9879589392581,5.67506969215703e-05,5.07084446408346e-05
LOS,3,20,31,20261209,2.97946361483602,3.39505881435201,2.97946361483602,2.97946361483602,-0.0205363851639775,0.395058814352014,-0.0205363851639775,-0.0205363851639775,0,0,insufficient_gain,insufficient_gain,NaN,NaN,0.0231641130791062,0.134500030631615,9.35457464096647,0.000106985126119286,0.000104506910560076
LOS,3,20,32,20261209,3.00194837095459,3.00389264574438,3.00194837095459,3.00194837095459,0.00194837095459155,0.00389264574437664,0.00194837095459155,0.00194837095459155,0,0,candidate_invalid,candidate_invalid,NaN,NaN,0.175961206301768,0.00234997066112158,90.8992731021577,5.59833679290023e-05,4.61324669753793e-05
LOS,3,20,33,20261209,2.97012093434912,2.96799343359868,2.97012093434912,2.97012093434912,-0.0298790656508796,-0.0320065664013249,-0.0298790656508796,-0.0298790656508796,0,0,candidate_invalid,candidate_invalid,NaN,NaN,0,1.3240587027533e-13,93.8669977257995,0.000207560656908079,0.000207560656908079
LOS,3,20,34,20261209,2.97443981806225,2.97115272642288,2.97443981806225,2.97443981806225,-0.0255601819377547,-0.0288472735771181,-0.0255601819377547,-0.0255601819377547,0,0,candidate_invalid,candidate_invalid,NaN,NaN,0.181709502046061,0.00256145280404118,99.9999655459082,6.32355356089409e-05,5.17450379218243e-05
LOS,3,20,35,20261209,3.00449289567161,3.46002877636501,3.00449289567161,3.00449289567161,0.00449289567160527,0.460028776365005,0.00449289567160527,0.00449289567160527,0,0,insufficient_gain,insufficient_gain,NaN,NaN,0.0499703240217711,0.141797726039107,9.68685515923689,0.000156084890290398,0.000148285277747684
LOS,3,20,36,20261209,3.01562196807461,3.35423702209451,3.01562196807461,3.01562196807461,0.0156219680746141,0.354237022094514,0.0156219680746141,0.0156219680746141,0,0,insufficient_gain,insufficient_gain,NaN,NaN,0.0215180888103408,0.171151038270721,5.64326517944115,6.87317200978033e-05,6.72527448406512e-05
LOS,3,20,37,20261209,3.00082684208722,2.89571900051156,3.00082684208722,3.00082684208722,0.000826842087219948,-0.104280999488439,0.000826842087219948,0.000826842087219948,0,0,insufficient_gain,insufficient_gain,NaN,NaN,0.0537763004969134,0.062141897081688,8.33878144531846,8.31064985189478e-05,7.86373384813466e-05
LOS,3,20,38,20261209,2.96685671476434,3.32401109304336,2.96685671476434,2.96685671476434,-0.0331432852356648,0.324011093043362,-0.0331432852356648,-0.0331432852356648,0,0,insufficient_gain,insufficient_gain,NaN,NaN,0.043953629895289,0.137326413781716,8.03383542608469,0.000174435407696238,0.000166768338345724
LOS,3,20,39,20261209,3.02052796752494,3.01823610183505,3.02052796752494,3.02052796752494,0.0205279675249388,0.0182361018350541,0.0205279675249388,0.0205279675249388,0,0,candidate_invalid,candidate_invalid,NaN,NaN,0.249589525541732,0.00326976631843556,91.4081657161212,7.7987253062517e-05,5.85224515723404e-05
LOS,3,20,40,20261209,2.98728199741433,2.97775075826576,2.98728199741433,2.98728199741433,-0.0127180025856695,-0.0222492417342401,-0.0127180025856695,-0.0127180025856695,0,0,candidate_invalid,candidate_invalid,NaN,NaN,0.205659522663054,0.00413443902991185,71.6436678819336,0.000149429278055058,0.00011869772405837
LOS,3,20,41,20261209,3.03996436986824,3.51982748592353,3.03996436986824,3.03996436986824,0.0399643698682421,0.519827485923527,0.0399643698682421,0.0399643698682421,0,0,insufficient_gain,insufficient_gain,NaN,NaN,0.0789458482772537,0.11910894681875,12.6412400905007,9.90509783522775e-05,9.12313148435651e-05
LOS,3,20,42,20261209,2.98481493316843,2.76800701579266,2.98481493316843,2.98481493316843,-0.0151850668315654,-0.231992984207336,-0.0151850668315654,-0.0151850668315654,0,0,insufficient_gain,insufficient_gain,NaN,NaN,0.0685201298756129,0.0638738295453516,13.930070850644,0.000285694847172113,0.000266118999139087
LOS,3,20,43,20261209,3.00254557694357,3.76420101990998,3.00254557694357,3.00254557694357,0.00254557694356894,0.764201019909976,0.00254557694356894,0.00254557694356894,0,0,insufficient_gain,insufficient_gain,NaN,NaN,0.273848786464993,0.216691850014233,9.8641291389052,0.000160060878277024,0.00011622840100034
LOS,3,20,44,20261209,3.00114460103954,3.12802419936096,3.00114460103954,3.00114460103954,0.00114460103953906,0.128024199360961,0.00114460103953906,0.00114460103953906,0,0,insufficient_gain,insufficient_gain,NaN,NaN,0.00928318150332342,0.0885608670039745,5.03103362756474,0.000116474478873307,0.000115393225145421
LOS,3,20,45,20261209,2.97163931117923,2.97278395699009,2.97163931117923,2.97163931117923,-0.0283606888207699,-0.0272160430099131,-0.0283606888207699,-0.0283606888207699,0,0,candidate_invalid,candidate_invalid,NaN,NaN,0.000877720172270402,0.000347868829684308,41.6300084096791,0.000147589664161618,0.000147460121736165
LOS,3,20,46,20261209,2.99298850307605,2.97535778431248,2.99298850307605,2.99298850307605,-0.0070114969239472,-0.0246422156875195,-0.0070114969239472,-0.0070114969239472,0,0,insufficient_gain,insufficient_gain,NaN,NaN,0.0320553171563431,0.0220780785243919,10.79528329742,0.000162561523860294,0.000157350562655534
LOS,3,20,47,20261209,2.95836456264771,2.65271325108223,2.95836456264771,2.95836456264771,-0.0416354373522925,-0.347286748917767,-0.0416354373522925,-0.0416354373522925,0,0,insufficient_gain,insufficient_gain,NaN,NaN,0.207640936557708,0.0538096216581299,23.4279093057012,0.000164559132358244,0.000130389919996254
LOS,3,20,48,20261209,2.99345350085267,3.60150004574987,2.99345350085267,2.99345350085267,-0.00654649914733296,0.601500045749873,-0.00654649914733296,-0.00654649914733296,0,0,insufficient_gain,insufficient_gain,NaN,NaN,0.0892659234051299,0.164564715059935,10.9417595865876,0.000138749763820112,0.000126364138030466
LOS,3,20,49,20261209,3.01290251783728,3.00627704667444,3.01290251783728,3.01290251783728,0.0129025178372797,0.00627704667444462,0.0129025178372797,0.0129025178372797,0,0,insufficient_gain,insufficient_gain,NaN,NaN,0.131463154702794,0.170449832131307,5.37818026883399,0.000137708564878603,0.000119604962510067
LOS,3,20,50,20261209,3.00184927535658,3.32419483829589,3.00184927535658,3.00184927535658,0.00184927535658241,0.324194838295892,0.00184927535658241,0.00184927535658241,0,0,insufficient_gain,insufficient_gain,NaN,NaN,0.0357495866167859,0.110436550522328,8.97425389700891,9.48856570552881e-05,9.14935340396994e-05
LOS,5,20,1,20261209,4.99627873993207,5.12072473825099,4.99627873993207,4.99627873993207,-0.00372126006793483,0.120724738250992,-0.00372126006793483,-0.00372126006793483,0,0,insufficient_gain,insufficient_gain,NaN,NaN,0.13117553817707,0.0837315434635075,7.28480154901435,8.16834100723085e-05,7.09685447959352e-05
LOS,5,20,2,20261209,5.01799667101969,5.1984732575817,5.01799667101969,5.01799667101969,0.0179966710196879,0.198473257581698,0.0179966710196879,0.0179966710196879,0,0,insufficient_gain,insufficient_gain,NaN,NaN,0.247060284924005,0.0921824606534219,8.02610989027896,5.93376079978114e-05,4.46776416591632e-05
LOS,5,20,3,20261209,4.98611656034238,4.95076284576388,4.98611656034238,4.98611656034238,-0.0138834396576213,-0.0492371542361187,-0.0138834396576213,-0.0138834396576213,0,0,insufficient_gain,insufficient_gain,NaN,NaN,0.00162243858773971,0.0346016408548286,5.17308392823644,0.000179263346434588,0.000178972502663965
LOS,5,20,4,20261209,5.01886183569243,4.98653976137015,5.01886183569243,5.01886183569243,0.0188618356924284,-0.013460238629845,0.0188618356924284,0.0188618356924284,0,0,insufficient_gain,insufficient_gain,NaN,NaN,0.00540857801004141,0.0358381189455533,5.7627067449424,0.00012099363163065,0.000120339228135258
LOS,5,20,5,20261209,4.97290560382203,5.72874126967133,4.97290560382203,4.97290560382203,-0.0270943961779677,0.728741269671328,-0.0270943961779677,-0.0270943961779677,0,0,insufficient_gain,insufficient_gain,NaN,NaN,0.347288177450117,0.182030465687709,12.2595981622722,0.000108127076670961,7.05758212808938e-05
LOS,5,20,6,20261209,5.01853069897055,4.81755113370888,5.01853069897055,5.01853069897055,0.0185306989705492,-0.182448866291118,0.0185306989705492,0.0185306989705492,0,0,insufficient_gain,insufficient_gain,NaN,NaN,0.196508923034742,0.146565728982319,8.07785294934888,0.000135588027020184,0.000108943769854042
LOS,5,20,7,20261209,5.00919032539182,5.52299548115428,5.00919032539182,5.00919032539182,0.00919032539182485,0.52299548115428,0.00919032539182485,0.00919032539182485,0,0,insufficient_gain,insufficient_gain,NaN,NaN,0.0439777586561313,0.195887563186643,7.33378303903429,0.000177420505658388,0.000169617949479894
LOS,5,20,8,20261209,5.01302623570633,5.02771775537543,5.01302623570633,5.01302623570633,0.0130262357063282,0.0277177553754306,0.0130262357063282,0.0130262357063282,0,0,insufficient_gain,insufficient_gain,NaN,NaN,0.0566273967036901,0.0205739038633371,10.12430880419,6.59921201997538e-05,6.22551582298847e-05
LOS,5,20,9,20261209,5.00752014697023,5.00774472145741,5.00752014697023,5.00752014697023,0.00752014697023284,0.00774472145741356,0.00752014697023284,0.00752014697023284,0,0,candidate_invalid,candidate_invalid,NaN,NaN,0.336233290643864,0.00470020125706847,93.8316129031976,6.90672841232587e-05,4.58445639066607e-05
LOS,5,20,10,20261209,4.98512527901918,5.72656118950838,4.98512527901918,4.98512527901918,-0.0148747209808242,0.726561189508375,-0.0148747209808242,-0.0148747209808242,0,0,insufficient_gain,insufficient_gain,NaN,NaN,0.288980966932773,0.167612966794327,13.3689622403573,0.000108895487926253,7.74267645307081e-05
LOS,5,20,11,20261209,5.00582661238909,5.70177032640318,5.00582661238909,5.00582661238909,0.00582661238909132,0.701770326403178,0.00582661238909132,0.00582661238909132,0,0,insufficient_gain,insufficient_gain,NaN,NaN,0.24689999996166,0.169145499551939,12.2134958349208,7.86483496550971e-05,5.9230072128269e-05
LOS,5,20,12,20261209,4.99463390742251,5.91876872325299,4.99463390742251,4.99463390742251,-0.0053660925774901,0.918768723252987,-0.0053660925774901,-0.0053660925774901,0,0,insufficient_gain,insufficient_gain,NaN,NaN,0.384114786617873,0.249050086584605,9.93468523750755,0.000127841693750685,7.87358088347734e-05
LOS,5,20,13,20261209,4.97726440957692,5.45083195925838,4.97726440957692,4.97726440957692,-0.022735590423081,0.450831959258377,-0.022735590423081,-0.022735590423081,0,0,insufficient_gain,insufficient_gain,NaN,NaN,0.0450587820998767,0.127782323928225,11.4206942435046,0.000141754319404441,0.00013536704241468
LOS,5,20,14,20261209,4.99194107186457,4.404866810083,4.99194107186457,4.99194107186457,-0.00805892813542641,-0.595133189917,-0.00805892813542641,-0.00805892813542641,0,0,insufficient_gain,insufficient_gain,NaN,NaN,0.379506963563777,0.103451554819745,23.7716994934512,0.000179155194325764,0.000111164550520515
LOS,5,20,15,20261209,5.01040373788284,5.12416346167728,5.01040373788284,5.01040373788284,0.0104037378828448,0.124163461677281,0.0104037378828448,0.0104037378828448,0,0,insufficient_gain,insufficient_gain,NaN,NaN,0.00965695113067994,0.079083960742882,5.00006622287339,4.15986299484583e-05,4.11969140119428e-05
LOS,5,20,16,20261209,5.0308917614952,5.03364952198187,5.0308917614952,5.0308917614952,0.0308917614951962,0.0336495219818662,0.0308917614951962,0.0308917614951962,0,0,candidate_invalid,candidate_invalid,NaN,NaN,0.0967340538988373,0.0021427646263344,82.4795483716029,0.00013909219204522,0.000125637240443011
LOS,5,20,17,20261209,4.99993853572713,5.58647672782745,4.99993853572713,4.99993853572713,-6.14642728713477e-05,0.586476727827455,-6.14642728713477e-05,-6.14642728713477e-05,0,0,insufficient_gain,insufficient_gain,NaN,NaN,0.14559321074401,0.177796452913991,9.56958609026183,9.66642367576931e-05,8.25905801640214e-05
LOS,5,20,18,20261209,5.00095691906394,5.00237520844203,5.00095691906394,5.00095691906394,0.000956919063940909,0.00237520844202521,0.000956919063940909,0.000956919063940909,0,0,candidate_invalid,candidate_invalid,NaN,NaN,0,1.66130520797425e-09,5.63998027678616,6.54092822087726e-05,6.54092822298669e-05
LOS,5,20,19,20261209,5.00566537011788,4.94975276557972,5.00566537011788,5.00566537011788,0.00566537011788348,-0.0502472344202758,0.00566537011788348,0.00566537011788348,0,0,insufficient_gain,insufficient_gain,NaN,NaN,0.0124258384384622,0.0327145453989264,8.11020817263015,0.000117999974185157,0.000116533725570189
LOS,5,20,20,20261209,5.01509234182416,4.93848889163516,5.01509234182416,5.01509234182416,0.0150923418241575,-0.0615111083648436,0.0150923418241575,0.0150923418241575,0,0,candidate_invalid,candidate_invalid,NaN,NaN,0.0955518809302457,0.0165597822118457,22.9412668990082,0.000187464631822287,0.000169552033643772
LOS,5,20,21,20261209,4.98853087901158,5.00570541956732,4.98853087901158,4.98853087901158,-0.0114691209884192,0.00570541956732029,-0.0114691209884192,-0.0114691209884192,0,0,candidate_invalid,candidate_invalid,NaN,NaN,0.366113736670421,0.00479723035985889,64.136752071427,8.36307673350856e-05,5.30123946054228e-05
LOS,5,20,22,20261209,5.00633886673103,5.32162297422621,5.00633886673103,5.00633886673103,0.00633886673102513,0.321622974226212,0.00633886673102513,0.00633886673102513,0,0,insufficient_gain,insufficient_gain,NaN,NaN,0.0158780364525328,0.117658784060262,8.111987603612,8.31485953649569e-05,8.18283589367752e-05
LOS,5,20,23,20261209,4.993511196086,4.98854873952865,4.993511196086,4.993511196086,-0.00648880391400297,-0.0114512604713486,-0.00648880391400297,-0.00648880391400297,0,0,candidate_invalid,candidate_invalid,NaN,NaN,0.291293519786116,0.00183223200478697,87.1366071974008,4.58077123408618e-05,3.24642225797422e-05
LOS,5,20,24,20261209,5.01294723022061,5.0530949921875,5.01294723022061,5.01294723022061,0.0129472302206057,0.0530949921874981,0.0129472302206057,0.0129472302206057,0,0,insufficient_gain,insufficient_gain,NaN,NaN,0.0160861250042214,0.0567454889441973,5.00548903943205,0.000104182933478691,0.000102507033787447
LOS,5,20,25,20261209,4.99264019053205,4.73103565859462,4.99264019053205,4.99264019053205,-0.00735980946795411,-0.268964341405377,-0.00735980946795411,-0.00735980946795411,0,0,insufficient_gain,insufficient_gain,NaN,NaN,0.142518599091296,0.05520402635954,19.792772367999,0.000256742450095881,0.00022015187578095
LOS,5,20,26,20261209,4.999719592079,5.16932616774613,4.999719592079,4.999719592079,-0.000280407920998371,0.169326167746132,-0.000280407920998371,-0.000280407920998371,0,0,insufficient_gain,insufficient_gain,NaN,NaN,0.00351265237006653,0.10698964800908,5.00000046502128,0.0001397637091054,0.000139272767781362
LOS,5,20,27,20261209,4.99641803499983,4.9455469117092,4.99641803499983,4.99641803499983,-0.0035819650001665,-0.0544530882908028,-0.0035819650001665,-0.0035819650001665,0,0,insufficient_gain,insufficient_gain,NaN,NaN,0.0026776464595951,0.0286625756382914,7.93929797979825,0.000239546324915407,0.000238904904546589
LOS,5,20,28,20261209,5.02109469115502,4.90371371195236,5.02109469115502,5.02109469115502,0.0210946911550174,-0.0962862880476436,0.0210946911550174,0.0210946911550174,0,0,insufficient_gain,insufficient_gain,NaN,NaN,0.131784761941775,0.0413270018685037,13.0319096197808,8.43152252167911e-05,7.32037633335292e-05
LOS,5,20,29,20261209,4.99216315013151,4.94916654055023,4.99216315013151,4.99216315013151,-0.00783684986848954,-0.0508334594497732,-0.00783684986848954,-0.00783684986848954,0,0,insufficient_gain,insufficient_gain,NaN,NaN,0.0174538353417697,0.047504338978346,5.43789530886583,4.59046291652054e-05,4.51034173263309e-05
LOS,5,20,30,20261209,5.01957323772244,4.71381578726944,5.01957323772244,5.01957323772244,0.0195732377224394,-0.286184212730562,0.0195732377224394,0.0195732377224394,0,0,insufficient_gain,insufficient_gain,NaN,NaN,0.253538488286404,0.118676418574058,11.035680810648,9.18496569604077e-05,6.85622337850411e-05
LOS,5,20,31,20261209,5.00500803998357,4.94763107113969,5.00500803998357,5.00500803998357,0.00500803998356769,-0.0523689288603109,0.00500803998356769,0.00500803998356769,0,0,insufficient_gain,insufficient_gain,NaN,NaN,0.0669869406060764,0.0314594481636165,9.99063166968503,6.38178572853754e-05,5.95428942697929e-05
LOS,5,20,32,20261209,5.00801791675396,5.01867558089711,5.00801791675396,5.00801791675396,0.0080179167539649,0.0186755808971135,0.0080179167539649,0.0080179167539649,0,0,candidate_invalid,candidate_invalid,NaN,NaN,0.103416552684687,0.00324403067226195,64.9936272012056,0.000124242024737153,0.000111393342840271
LOS,5,20,33,20261209,4.98548963994462,5.05363586283934,4.98548963994462,4.98548963994462,-0.0145103600553842,0.0536358628393447,-0.0145103600553842,-0.0145103600553842,0,0,candidate_invalid,candidate_invalid,NaN,NaN,0.021167018247148,0.0112521656104622,24.4868984087948,0.000110602292645146,0.000108261171898549
LOS,5,20,34,20261209,4.97879460684173,5.28296812735083,4.97879460684173,4.97879460684173,-0.0212053931582732,0.282968127350825,-0.0212053931582732,-0.0212053931582732,0,0,insufficient_gain,insufficient_gain,NaN,NaN,0.183970467467295,0.192975534983373,5.00017751176871,5.37743897770504e-05,4.38814901519979e-05
LOS,5,20,35,20261209,5.01402166496342,5.10296087462086,5.01402166496342,5.01402166496342,0.0140216649634217,0.102960874620857,0.0140216649634217,0.0140216649634217,0,0,insufficient_gain,insufficient_gain,NaN,NaN,0.0125297439261626,0.0776840852221685,5.00001365142113,0.000118728332192397,0.000117240696593246
LOS,5,20,36,20261209,4.98463376515569,5.24104405234759,4.98463376515569,4.98463376515569,-0.0153662348443095,0.241044052347586,-0.0153662348443095,-0.0153662348443095,0,0,insufficient_gain,insufficient_gain,NaN,NaN,0.0517817967838762,0.0716712018967107,11.9526599771655,0.000129125085378101,0.000122438756447352
LOS,5,20,37,20261209,4.96885746174934,5.02880760214557,4.96885746174934,4.96885746174934,-0.0311425382506556,0.0288076021455712,-0.0311425382506556,-0.0311425382506556,0,0,insufficient_gain,insufficient_gain,NaN,NaN,0.00511625144176963,0.0553269133119967,5.00047083333106,8.50638758136402e-05,8.46286676363661e-05
LOS,5,20,38,20261209,4.98071583355881,4.71724708147868,4.98071583355881,4.98071583355881,-0.0192841664411931,-0.282752918521316,-0.0192841664411931,-0.0192841664411931,0,0,insufficient_gain,insufficient_gain,NaN,NaN,0.154867765607611,0.0715029071203369,14.475969369129,0.000105548148981338,8.92021429845791e-05
LOS,5,20,39,20261209,4.98169600829556,5.026898484711,4.98169600829556,4.98169600829556,-0.0183039917044425,0.0268984847109994,-0.0183039917044425,-0.0183039917044425,0,0,insufficient_gain,insufficient_gain,NaN,NaN,0.0310044035548138,0.0386500633881529,7.91883913145862,0.000106284063153606,0.000102988789168146
LOS,5,20,40,20261209,5.0090483073774,5.01269309182177,5.0090483073774,5.0090483073774,0.00904830737740081,0.0126930918217685,0.00904830737740081,0.00904830737740081,0,0,candidate_invalid,candidate_invalid,NaN,NaN,0.000154288808959423,0.00236920731804158,10.5535374746734,0.000106854078321117,0.00010683759193264
LOS,5,20,41,20261209,4.98256139694525,5.52545388250279,4.98256139694525,4.98256139694525,-0.0174386030547495,0.525453882502788,-0.0174386030547495,-0.0174386030547495,0,0,insufficient_gain,insufficient_gain,NaN,NaN,0.241856924257498,0.206712279484817,7.81211832429955,0.000199261214606894,0.000151068510118257
LOS,5,20,42,20261209,4.97603075235518,4.97092896451209,4.97603075235518,4.97603075235518,-0.0239692476448212,-0.0290710354879131,-0.0239692476448212,-0.0239692476448212,0,0,candidate_invalid,candidate_invalid,NaN,NaN,0.440949391283518,0.0059514003487116,76.8652944338707,0.000156974422552247,8.77566464807522e-05
LOS,5,20,43,20261209,5.03488156854978,5.3483624290746,5.03488156854978,5.03488156854978,0.034881568549781,0.3483624290746,0.034881568549781,0.034881568549781,0,0,insufficient_gain,insufficient_gain,NaN,NaN,0.371063166344208,0.0463057569346166,28.3797828747396,0.000172781425124446,0.000108668602432305
LOS,5,20,44,20261209,5.00710851056565,4.96839841673158,5.00710851056565,5.00710851056565,0.00710851056565165,-0.0316015832684222,0.00710851056565165,0.00710851056565165,0,0,insufficient_gain,insufficient_gain,NaN,NaN,0.00121127053963201,0.032940329679028,5.0212510171359,0.000133708650186914,0.000133546692838049
LOS,5,20,45,20261209,4.99654121318024,4.99562260095148,4.99654121318024,4.99654121318024,-0.00345878681976242,-0.0043773990485203,-0.00345878681976242,-0.00345878681976242,0,0,candidate_invalid,candidate_invalid,NaN,NaN,0.266911559473644,0.00435903461086808,90.419478512279,0.000130201737768454,9.54493888944974e-05
LOS,5,20,46,20261209,4.98977100910277,5.27914425196906,4.98977100910277,4.98977100910277,-0.0102289908972262,0.279144251969055,-0.0102289908972262,-0.0102289908972262,0,0,insufficient_gain,insufficient_gain,NaN,NaN,0.200248130623291,0.129384512491416,7.55921009899692,7.52639315657611e-05,6.01924699663581e-05
LOS,5,20,47,20261209,4.99854764405292,4.90944453264079,4.99854764405292,4.99854764405292,-0.00145235594707671,-0.0905554673592084,-0.00145235594707671,-0.00145235594707671,0,0,insufficient_gain,insufficient_gain,NaN,NaN,0.39210502429756,0.0852807747424705,10.4731015606784,0.000114767427772833,6.97665427173977e-05
LOS,5,20,48,20261209,4.9870409434898,5.00369917589957,4.9870409434898,4.9870409434898,-0.0129590565102005,0.00369917589956792,-0.0129590565102005,-0.0129590565102005,0,0,candidate_invalid,candidate_invalid,NaN,NaN,0.0311004707190467,0.018588575576456,11.6343315749474,0.000139985827630085,0.000135632202496794
LOS,5,20,49,20261209,4.9908392103611,5.32839432381042,4.9908392103611,4.9908392103611,-0.00916078963889788,0.328394323810425,-0.00916078963889788,-0.00916078963889788,0,0,insufficient_gain,insufficient_gain,NaN,NaN,0.0744617791396498,0.0971833140351234,11.0297516288272,3.95899459759708e-05,3.66420081625574e-05
LOS,5,20,50,20261209,4.99149029399388,4.99080302168951,4.99149029399388,4.99149029399388,-0.008509706006123,-0.00919697831048616,-0.008509706006123,-0.008509706006123,0,0,candidate_invalid,candidate_invalid,NaN,NaN,0,2.00460448139581e-08,5.1096332955507,0.000172022358207125,0.000172022358490453
LOS,10,20,1,20261209,10.0136302644932,10.1097162122281,10.0136302644932,10.0136302644932,0.01363026449323,0.109716212228083,0.01363026449323,0.01363026449323,0,0,insufficient_gain,insufficient_gain,NaN,NaN,0.0131174612927751,0.0492166566927484,6.91761015579837,7.72104069426405e-05,7.6197602418171e-05
LOS,10,20,2,20261209,10.0182777914906,10.1487090750615,10.0182777914906,10.0182777914906,0.0182777914905703,0.148709075061511,0.0182777914905703,0.0182777914905703,0,0,insufficient_gain,insufficient_gain,NaN,NaN,0.00477807348902739,0.0866257930635547,5.00048843249153,0.000111244555771162,0.000110713021108433
LOS,10,20,3,20261209,9.98967307545121,10.3737251677431,9.98967307545121,9.98967307545121,-0.0103269245487887,0.373725167743068,-0.0103269245487887,-0.0103269245487887,0,0,insufficient_gain,insufficient_gain,NaN,NaN,0.179774455734419,0.0818248733422652,15.6809342474931,5.5023868591908e-05,4.51319825633956e-05
LOS,10,20,4,20261209,9.99823326966785,10.2415392981571,9.99823326966785,9.99823326966785,-0.0017667303321538,0.241539298157146,-0.0017667303321538,-0.0017667303321538,0,0,insufficient_gain,insufficient_gain,NaN,NaN,0.144507488929659,0.0469747498316038,19.1252804491031,0.000120835217334747,0.000103373623503433
LOS,10,20,5,20261209,10.0091066253781,10.3891736920608,10.0091066253781,10.0091066253781,0.00910662537807561,0.389173692060758,0.00910662537807561,0.00910662537807561,0,0,insufficient_gain,insufficient_gain,NaN,NaN,0.0967413365377633,0.0744409082985211,17.5727503430258,0.000143107094590089,0.000129262722991408
LOS,10,20,6,20261209,9.99636742348488,10.1232364132334,9.99636742348488,9.99636742348488,-0.0036325765151215,0.123236413233407,-0.0036325765151215,-0.0036325765151215,0,0,insufficient_gain,insufficient_gain,NaN,NaN,0.000820385748466994,0.0808199410431501,5.0000158802111,0.000105063232152425,0.000104977039774079
LOS,10,20,7,20261209,9.99067782062306,10.0389196013458,9.99067782062306,9.99067782062306,-0.00932217937693913,0.0389196013458211,-0.00932217937693913,-0.00932217937693913,0,0,insufficient_gain,insufficient_gain,NaN,NaN,0.0238464041643862,0.0750118951593407,5.00897672316135,9.22938088010472e-05,9.00929333345069e-05
LOS,10,20,8,20261209,9.97626117745761,10.2353287911711,9.97626117745761,9.97626117745761,-0.0237388225423896,0.23532879117106,-0.0237388225423896,-0.0237388225423896,0,0,insufficient_gain,insufficient_gain,NaN,NaN,0.00190653948572095,0.127780896039387,6.04484355285845,6.99510654547097e-05,6.98177009863521e-05
LOS,10,20,9,20261209,10.0062324521532,10.0152363668701,10.0062324521532,10.0062324521532,0.00623245215321155,0.0152363668700737,0.00623245215321155,0.00623245215321155,0,0,insufficient_gain,insufficient_gain,NaN,NaN,0.0204706261873285,0.0374740249300868,7.50134645105765,0.000136496146151854,0.000133701984567969
LOS,10,20,10,20261209,9.98520002436759,9.8175272922943,9.98520002436759,9.98520002436759,-0.0147999756324104,-0.182472707705699,-0.0147999756324104,-0.0147999756324104,0,0,insufficient_gain,insufficient_gain,NaN,NaN,0.365635812088273,0.0231736335749285,35.4095112676748,0.000107608557500471,6.8263015191139e-05
LOS,10,20,11,20261209,9.98406982210527,10.6874107981356,9.98406982210527,9.98406982210527,-0.0159301778947274,0.687410798135566,-0.0159301778947274,-0.0159301778947274,0,0,insufficient_gain,insufficient_gain,NaN,NaN,0.0786960417654513,0.19477737031201,10.228878457526,0.000149704169154274,0.000137923043606047
LOS,10,20,12,20261209,9.99275108610098,9.73721970729286,9.99275108610098,9.99275108610098,-0.0072489138990175,-0.262780292707138,-0.0072489138990175,-0.0072489138990175,0,0,insufficient_gain,insufficient_gain,NaN,NaN,0.193071895852911,0.0692573928756026,14.951528464896,0.000158194611724616,0.000127651678125229
LOS,10,20,13,20261209,10.0067177142938,10.0076630864765,10.0067177142938,10.0067177142938,0.00671771429382062,0.0076630864765086,0.00671771429382062,0.00671771429382062,0,0,candidate_invalid,candidate_invalid,NaN,NaN,0.10462649521322,0.00284616152025577,99.9999587447751,0.000145468337956256,0.000130248495591401
LOS,10,20,14,20261209,10.0287831641134,10.0267538334798,10.0287831641134,10.0287831641134,0.0287831641133849,0.026753833479777,0.0287831641133849,0.0287831641133849,0,0,candidate_invalid,candidate_invalid,NaN,NaN,0.356156720767645,0.00470899927110659,99.6521190016257,0.000110183524186125,7.09409215293721e-05
LOS,10,20,15,20261209,9.99968992347607,10.6067066146279,9.99968992347607,9.99968992347607,-0.000310076523929226,0.606706614627907,-0.000310076523929226,-0.000310076523929226,0,0,insufficient_gain,insufficient_gain,NaN,NaN,0.102070522792198,0.16941800126791,10.4801305110951,0.000113613116184741,0.000102016566019714
LOS,10,20,16,20261209,10.0058033245529,10.697036744426,10.0058033245529,10.0058033245529,0.00580332455293764,0.697036744425994,0.00580332455293764,0.00580332455293764,0,0,insufficient_gain,insufficient_gain,NaN,NaN,0.142253868506211,0.221294548101498,8.58824895968081,0.000157318937715978,0.000134939710236592
LOS,10,20,17,20261209,10.0241442337565,10.0210940205574,10.0241442337565,10.0241442337565,0.0241442337565179,0.0210940205573635,0.0241442337565179,0.0241442337565179,0,0,candidate_invalid,candidate_invalid,NaN,NaN,0.0926347363017372,0.00276483847190728,93.7874266490043,0.000149266543014726,0.000135439276163885
LOS,10,20,18,20261209,10.0351836643458,9.93731147094859,10.0351836643458,10.0351836643458,0.0351836643458387,-0.0626885290514103,0.0351836643458387,0.0351836643458387,0,0,insufficient_gain,insufficient_gain,NaN,NaN,0.0416969871673567,0.0490999066353316,9.67546868984116,0.000168704757810945,0.00016167027768943
LOS,10,20,19,20261209,9.99988484297131,10.4102530305175,9.99988484297131,9.99988484297131,-0.000115157028693247,0.410253030517456,-0.000115157028693247,-0.000115157028693247,0,0,insufficient_gain,insufficient_gain,NaN,NaN,0.0961916424658967,0.0959882054800077,13.9901429588192,0.000144817576244405,0.000130887335727525
LOS,10,20,20,20261209,10.0310673200982,10.0712579493235,10.0310673200982,10.0310673200982,0.031067320098229,0.0712579493234546,0.031067320098229,0.031067320098229,0,0,insufficient_gain,insufficient_gain,NaN,NaN,0.0999234458504026,0.0521552067898,8.89836735604834,0.000119247017650537,0.000107331444739511
LOS,10,20,21,20261209,9.99445447413573,10.1168332981379,9.99445447413573,9.99445447413573,-0.00554552586427448,0.116833298137891,-0.00554552586427448,-0.00554552586427448,0,0,insufficient_gain,insufficient_gain,NaN,NaN,0.0445943370203822,0.0811550187298991,6.70648078021683,0.00012981736964579,0.000124028250112707
LOS,10,20,22,20261209,9.98431094027016,10.3157358195381,9.98431094027016,9.98431094027016,-0.0156890597298425,0.315735819538062,-0.0156890597298425,-0.0156890597298425,0,0,insufficient_gain,insufficient_gain,NaN,NaN,0.126255747636823,0.0887095091136046,12.2614777125297,7.66672087735287e-05,6.69875330105985e-05
LOS,10,20,23,20261209,9.98142148382122,10.0043442674252,9.98142148382122,9.98142148382122,-0.0185785161787813,0.00434426742521765,-0.0185785161787813,-0.0185785161787813,0,0,candidate_invalid,candidate_invalid,NaN,NaN,0,0.0151362524891009,5.12786675418828,0.000110614959852651,0.000110723348926145
LOS,10,20,24,20261209,9.95861201685816,10.3260582332716,9.95861201685816,9.95861201685816,-0.0413879831418438,0.326058233271581,-0.0413879831418438,-0.0413879831418438,0,0,insufficient_gain,insufficient_gain,NaN,NaN,0.0918093884413915,0.172926181085368,6.23948750019534,6.57112671624827e-05,5.96783559105862e-05
LOS,10,20,25,20261209,10.0145482227399,10.6167996495515,10.0145482227399,10.0145482227399,0.0145482227398688,0.616799649551517,0.0145482227398688,0.0145482227398688,0,0,insufficient_gain,insufficient_gain,NaN,NaN,0.0443509475424562,0.195545390527657,8.59865251862059,0.000132598848944898,0.000126717964351153
LOS,10,20,26,20261209,9.96689324043382,10.0699200766736,9.96689324043382,9.96689324043382,-0.0331067595661789,0.0699200766735508,-0.0331067595661789,-0.0331067595661789,0,0,insufficient_gain,insufficient_gain,NaN,NaN,0.187229551708972,0.0288180009211082,19.271381120719,0.000227682862337764,0.000185053902090448
LOS,10,20,27,20261209,9.99431029465154,9.82007020164941,9.99431029465154,9.99431029465154,-0.00568970534846436,-0.179929798350589,-0.00568970534846436,-0.00568970534846436,0,0,insufficient_gain,insufficient_gain,NaN,NaN,0.303790687991252,0.0386507936067758,19.4984325432703,0.000100108238334284,6.96962877371199e-05
LOS,10,20,28,20261209,10.0016928078432,9.88648346406579,10.0016928078432,10.0016928078432,0.0016928078431544,-0.113516535934206,0.0016928078431544,0.0016928078431544,0,0,insufficient_gain,insufficient_gain,NaN,NaN,0.0969647469008155,0.0208694031778352,22.8467038685047,0.000170952102386712,0.000154375775046622
LOS,10,20,29,20261209,9.98064600524723,10.305168702467,9.98064600524723,9.98064600524723,-0.0193539947527732,0.305168702467025,-0.0193539947527732,-0.0193539947527732,0,0,insufficient_gain,insufficient_gain,NaN,NaN,0.0571685931801638,0.201428517233617,5.00001863049505,0.000143733453078498,0.000135516413773074
LOS,10,20,30,20261209,10.0114204681774,10.0133516307642,10.0114204681774,10.0114204681774,0.0114204681773771,0.0133516307642338,0.0114204681773771,0.0114204681773771,0,0,candidate_invalid,candidate_invalid,NaN,NaN,0.104701243179896,0.00139215186653943,99.8701771972995,8.57871728172643e-05,7.68051491744082e-05
LOS,10,20,31,20261209,9.99342931144637,9.99308876483472,9.99342931144637,9.99342931144637,-0.0065706885536283,-0.00691123516527625,-0.0065706885536283,-0.0065706885536283,0,0,candidate_invalid,candidate_invalid,NaN,NaN,0.216888569172361,0.00409040930267054,99.9953133710505,0.000129837758717777,0.000101677433004932
LOS,10,20,32,20261209,9.98106621166697,10.7621889237681,9.98106621166697,9.98106621166697,-0.0189337883330261,0.762188923768051,-0.0189337883330261,-0.0189337883330261,0,0,insufficient_gain,insufficient_gain,NaN,NaN,0.128051859389091,0.246225727919849,8.39677082782767,0.000142472770520818,0.000124228867343312
LOS,10,20,33,20261209,9.98953018577856,10.2509507455688,9.98953018577856,9.98953018577856,-0.0104698142214374,0.250950745568769,-0.0104698142214374,-0.0104698142214374,0,0,insufficient_gain,insufficient_gain,NaN,NaN,0.0925320603526094,0.196903039733004,5.00080685474992,0.000203096086310195,0.000184303186994361
LOS,10,20,34,20261209,9.98133902372625,10.5580192639349,9.98133902372625,9.98133902372625,-0.0186609762737451,0.558019263934874,-0.0186609762737451,-0.0186609762737451,0,0,insufficient_gain,insufficient_gain,NaN,NaN,0.0552279883603134,0.261923803887988,5.57063815672495,9.51627897680662e-05,8.99071403224205e-05
LOS,10,20,35,20261209,9.97061173327214,9.97033701771366,9.97061173327214,9.97061173327214,-0.029388266727862,-0.029662982286343,-0.029388266727862,-0.029388266727862,0,0,candidate_invalid,candidate_invalid,NaN,NaN,0.346922610706395,0.00666461688509291,99.9999485338416,0.000246959109329925,0.000161283410383462
LOS,10,20,36,20261209,10.0018057300727,10.0772008247154,10.0018057300727,10.0018057300727,0.00180573007274631,0.0772008247153515,0.00180573007274631,0.00180573007274631,0,0,insufficient_gain,insufficient_gain,NaN,NaN,0.00157238194712829,0.0530596426707647,5.00055846830223,0.00010501360626658,0.000104848484767883
LOS,10,20,37,20261209,9.98958058958481,10.1336918613025,9.98958058958481,9.98958058958481,-0.0104194104151922,0.133691861302488,-0.0104194104151922,-0.0104194104151922,0,0,candidate_invalid,candidate_invalid,NaN,NaN,0,0.0884904317848302,5.00107896013499,0.000126237450890132,0.000126429798601224
LOS,10,20,38,20261209,9.98524477559033,9.99468688609549,9.98524477559033,9.98524477559033,-0.0147552244096705,-0.0053131139045135,-0.0147552244096705,-0.0147552244096705,0,0,candidate_invalid,candidate_invalid,NaN,NaN,0.432654620768168,0.0048151490652051,99.6480288961845,9.78239171511852e-05,5.54999473740825e-05
LOS,10,20,39,20261209,10.0222903667905,10.1559985181179,10.0222903667905,10.0222903667905,0.0222903667904539,0.155998518117876,0.0222903667904539,0.0222903667904539,0,0,insufficient_gain,insufficient_gain,NaN,NaN,0.107385395026674,0.0244880218495116,23.0700245737425,0.00020599146750433,0.000183870992394253
LOS,10,20,40,20261209,10.0030282503339,10.3636056725766,10.0030282503339,10.0030282503339,0.00302825033390519,0.363605672576563,0.00302825033390519,0.00302825033390519,0,0,insufficient_gain,insufficient_gain,NaN,NaN,0.300416312275156,0.0697710838116809,18.2097147301577,6.89423248805277e-05,4.82309258802438e-05
LOS,10,20,41,20261209,10.0217317869408,10.5364477590466,10.0217317869408,10.0217317869408,0.0217317869407765,0.536447759046592,0.0217317869407765,0.0217317869407765,0,0,insufficient_gain,insufficient_gain,NaN,NaN,0.0135991251001582,0.227502760220633,5.94838208548806,6.35067158023528e-05,6.26430800294564e-05
LOS,10,20,42,20261209,10.0084679215077,10.0849816398199,10.0084679215077,10.0084679215077,0.00846792150768394,0.0849816398199348,0.00846792150768394,0.00846792150768394,0,0,insufficient_gain,insufficient_gain,NaN,NaN,0.233861983468815,0.175695984771386,5.87722807286867,0.000137620128966454,0.000105436012641125
LOS,10,20,43,20261209,9.99682227341284,10.2216663000833,9.99682227341284,9.99682227341284,-0.00317772658715754,0.221666300083285,-0.00317772658715754,-0.00317772658715754,0,0,insufficient_gain,insufficient_gain,NaN,NaN,0.0626725886492575,0.16054830638836,5.00740206178825,0.00012598213500925,0.000118086508484661
LOS,10,20,44,20261209,10.0111311401742,10.3275333061371,10.0111311401742,10.0111311401742,0.0111311401742284,0.327533306137099,0.0111311401742284,0.0111311401742284,0,0,insufficient_gain,insufficient_gain,NaN,NaN,0.069001436248838,0.0760937911228154,13.9107583107132,0.000144381414213024,0.000134418889264687
LOS,10,20,45,20261209,9.98627058132219,10.7804177419483,9.98627058132219,9.98627058132219,-0.0137294186778103,0.78041774194832,-0.0137294186778103,-0.0137294186778103,0,0,insufficient_gain,insufficient_gain,NaN,NaN,0.13099439726579,0.211946657602184,10.5415697352335,0.000252121134896255,0.000219094678792553
LOS,10,20,46,20261209,9.99703946629649,9.83119211797233,9.99703946629649,9.99703946629649,-0.00296053370350791,-0.168807882027671,-0.00296053370350791,-0.00296053370350791,0,0,insufficient_gain,insufficient_gain,NaN,NaN,0.291477836440167,0.0280612686343711,25.59216734554,7.40268193260007e-05,5.24496421903109e-05
LOS,10,20,47,20261209,10.0001659461894,10.6139893203099,10.0001659461894,10.0001659461894,0.000165946189428112,0.613989320309948,0.000165946189428112,0.000165946189428112,0,0,insufficient_gain,insufficient_gain,NaN,NaN,0.0425891052096685,0.227749139655636,7.17904813840317,0.000123258611153476,0.000118009137195063
LOS,10,20,48,20261209,9.99808769601879,10.2604828906982,9.99808769601879,9.99808769601879,-0.00191230398120901,0.26048289069818,-0.00191230398120901,-0.00191230398120901,0,0,insufficient_gain,insufficient_gain,NaN,NaN,0.0121979858077853,0.152803374172751,5.00009624725054,5.25925032606178e-05,5.19509806522489e-05
LOS,10,20,49,20261209,10.0249161490677,9.97037876054664,10.0249161490677,10.0249161490677,0.0249161490676624,-0.0296212394533555,0.0249161490676624,0.0249161490676624,0,0,insufficient_gain,insufficient_gain,NaN,NaN,0.0492734269859303,0.099246934744624,5.73008197548451,0.000132089861859752,0.000125581341695824
LOS,10,20,50,20261209,10.0111217687513,10.0621266658036,10.0111217687513,10.0111217687513,0.0111217687512895,0.0621266658035893,0.0111217687512895,0.0111217687512895,0,0,insufficient_gain,insufficient_gain,NaN,NaN,0.0196982804521108,0.0857012527974023,5.06241123805379,0.00011709168559948,0.000114785180737931
LOS,15,20,1,20261209,15.0030289583203,15.7742445178993,15.0030289583203,15.0030289583203,0.00302895832031425,0.774244517899263,0.00302895832031425,0.00302895832031425,0,0,insufficient_gain,insufficient_gain,NaN,NaN,0.364786036772443,0.149281239395558,16.4967622778121,0.000185296898796317,0.000117703177458184
LOS,15,20,2,20261209,15.0039702365499,15.3300753585064,15.0039702365499,15.0039702365499,0.00397023654987905,0.330075358506374,0.00397023654987905,0.00397023654987905,0,0,insufficient_gain,insufficient_gain,NaN,NaN,0.032946343967606,0.186144965099096,5.00000605378216,6.82609261986045e-05,6.60119782445179e-05
LOS,15,20,3,20261209,14.9954485954285,15.8026324683353,14.9954485954285,14.9954485954285,-0.00455140457151693,0.802632468335299,-0.00455140457151693,-0.00455140457151693,0,0,insufficient_gain,insufficient_gain,NaN,NaN,0.348078301468198,0.181599870769545,13.167219430928,0.000108227152612272,7.05556291582532e-05
LOS,15,20,4,20261209,14.9873882289745,15.4959369876654,14.9873882289745,14.9873882289745,-0.012611771025524,0.495936987665441,-0.012611771025524,-0.012611771025524,0,0,insufficient_gain,insufficient_gain,NaN,NaN,0.384023458342997,0.249444896322362,5.77009469668241,8.27235355007616e-05,5.09557573113995e-05
LOS,15,20,5,20261209,14.983790721025,15.2845099926232,14.983790721025,14.983790721025,-0.0162092789749551,0.28450999262316,-0.0162092789749551,-0.0162092789749551,0,0,insufficient_gain,insufficient_gain,NaN,NaN,0.0194318677349559,0.176819286932563,5.00002217739185,0.000145426412540894,0.000142600505727231
LOS,15,20,6,20261209,14.9918636577546,14.6385402745479,14.9918636577546,14.9918636577546,-0.00813634224536486,-0.361459725452065,-0.00813634224536486,-0.00813634224536486,0,0,insufficient_gain,insufficient_gain,NaN,NaN,0.109357208278206,0.133007681716387,10.6165296888496,0.000105271180592892,9.37590181711023e-05
LOS,15,20,7,20261209,14.9859913469018,14.7381756055794,14.9859913469018,14.9859913469018,-0.0140086530982444,-0.2618243944206,-0.0140086530982444,-0.0140086530982444,0,0,insufficient_gain,insufficient_gain,NaN,NaN,0.178503651621422,0.22503613382273,7.23718459140991,0.000198546629934571,0.000163105331474123
LOS,15,20,8,20261209,14.9934924610258,14.99528030363,14.9934924610258,14.9934924610258,-0.00650753897417999,-0.00471969637004754,-0.00650753897417999,-0.00650753897417999,0,0,candidate_invalid,candidate_invalid,NaN,NaN,5.2926577625023e-12,3.9477564276025e-13,33.3976312970983,0.000125859982766041,0.000125859982765375
LOS,15,20,9,20261209,15.0070323432674,14.9963416087175,15.0070323432674,15.0070323432674,0.00703234326743818,-0.00365839128249945,0.00703234326743818,0.00703234326743818,0,0,insufficient_gain,insufficient_gain,NaN,NaN,0.0644065023876028,0.071524805170132,7.49344021110152,0.000165948807791194,0.000155260625505971
LOS,15,20,10,20261209,14.988672771528,15.3945281191586,14.988672771528,14.988672771528,-0.0113272284720249,0.394528119158558,-0.0113272284720249,-0.0113272284720249,0,0,insufficient_gain,insufficient_gain,NaN,NaN,0.0194772699346782,0.221261794144897,5.00129198783706,0.000153665353543886,0.000150672371973304
LOS,15,20,11,20261209,15.0031208638086,14.9188106523931,15.0031208638086,15.0031208638086,0.0031208638085598,-0.0811893476068626,0.0031208638085598,0.0031208638085598,0,0,candidate_invalid,candidate_invalid,NaN,NaN,0.0477117493489259,0.0146170409266691,22.8763513331372,6.4230047020386e-05,6.11655191162797e-05
LOS,15,20,12,20261209,15.0290611402368,15.4121160621429,15.0290611402368,15.0290611402368,0.0290611402368253,0.412116062142935,0.0290611402368253,0.0290611402368253,0,0,insufficient_gain,insufficient_gain,NaN,NaN,0.10407909719668,0.118130760312258,10.1555360185274,8.7473414343453e-05,7.83692603498753e-05
LOS,15,20,13,20261209,15.013771116408,15.0152781561033,15.013771116408,15.013771116408,0.0137711164080248,0.0152781561032604,0.0137711164080248,0.0137711164080248,0,0,candidate_invalid,candidate_invalid,NaN,NaN,0.245827405614621,0.00394505199440385,82.7051322566033,0.000122510120636132,9.23937755186177e-05
LOS,15,20,14,20261209,14.9924401044257,15.0659988777893,14.9924401044257,14.9924401044257,-0.00755989557430325,0.0659988777892835,-0.00755989557430325,-0.00755989557430325,0,0,insufficient_gain,insufficient_gain,NaN,NaN,0.00102503235796413,0.0428311181863819,5.914059716672,0.000145280718973906,0.000145131801535969
LOS,15,20,15,20261209,14.9986052493125,15.4086206055019,14.9986052493125,14.9986052493125,-0.00139475068752049,0.408620605501859,-0.00139475068752049,-0.00139475068752049,0,0,insufficient_gain,insufficient_gain,NaN,NaN,0.0082365062057785,0.152848980827822,7.79683871631309,0.000127448199859437,0.000126398471970379
LOS,15,20,16,20261209,15.0058999441244,15.2955462771959,15.0058999441244,15.0058999441244,0.00589994412442429,0.295546277195918,0.00589994412442429,0.00589994412442429,0,0,insufficient_gain,insufficient_gain,NaN,NaN,0.299558554668101,0.212643528336742,5.00004810129238,6.77767963142006e-05,4.74736771702844e-05
LOS,15,20,17,20261209,15.0298748494155,15.523121286375,15.0298748494155,15.0298748494155,0.029874849415549,0.523121286375009,0.029874849415549,0.029874849415549,0,0,insufficient_gain,insufficient_gain,NaN,NaN,0.177168891062361,0.144641913941164,10.3355643820518,6.59053160625422e-05,5.42289443006272e-05
LOS,15,20,18,20261209,15.0066695939616,15.0066032649937,15.0066695939616,15.0066695939616,0.00666959396163769,0.00660326499374442,0.00666959396163769,0.00666959396163769,0,0,candidate_invalid,candidate_invalid,NaN,NaN,0,1.11165203733576e-13,45.4909585497034,0.000183900398761816,0.000183900398765591
LOS,15,20,19,20261209,15.0039633402105,15.8197579219383,15.0039633402105,15.0039633402105,0.00396334021051459,0.81975792193828,0.00396334021051459,0.00396334021051459,0,0,insufficient_gain,insufficient_gain,NaN,NaN,0.17949923454611,0.237536040789092,9.17587362712228,8.01934475627153e-05,6.57987851095942e-05
LOS,15,20,20,20261209,14.9782879638807,15.7939914656724,14.9782879638807,14.9782879638807,-0.0217120361192702,0.793991465672377,-0.0217120361192702,-0.0217120361192702,0,0,insufficient_gain,insufficient_gain,NaN,NaN,0.196329145027354,0.29471235716207,6.76978815009133,5.3525714921232e-05,4.30170570737687e-05
LOS,15,20,21,20261209,15.012362544772,15.5232059733564,15.012362544772,15.012362544772,0.0123625447720226,0.523205973356408,0.0123625447720226,0.0123625447720226,0,0,insufficient_gain,insufficient_gain,NaN,NaN,0.0351132089123475,0.18367992644114,7.82684107884321,8.7505335804039e-05,8.44327426670066e-05
LOS,15,20,22,20261209,15.0182435308284,15.5262132567048,15.0182435308284,15.0182435308284,0.0182435308283608,0.526213256704793,0.0182435308283608,0.0182435308283608,0,0,insufficient_gain,insufficient_gain,NaN,NaN,0.182592902650254,0.114323668485264,14.3731615585015,0.000115359581687624,9.42957408187617e-05
LOS,15,20,23,20261209,14.996777850987,14.9969940305319,14.996777850987,14.996777850987,-0.00322214901302509,-0.00300596946813414,-0.00322214901302509,-0.00322214901302509,0,0,candidate_invalid,candidate_invalid,NaN,NaN,0,2.42007633737379e-12,45.8219946824183,7.17576217710292e-05,7.17576217743598e-05
LOS,15,20,24,20261209,14.9501887052344,15.5014017917721,14.9501887052344,14.9501887052344,-0.0498112947655684,0.501401791772057,-0.0498112947655684,-0.0498112947655684,0,0,insufficient_gain,insufficient_gain,NaN,NaN,0.295250750138549,0.108188515299692,17.0096207280545,0.000112951363961056,7.96023890223818e-05
LOS,15,20,25,20261209,14.9773770188504,14.9735458609496,14.9773770188504,14.9773770188504,-0.0226229811496079,-0.0264541390504043,-0.0226229811496079,-0.0226229811496079,0,0,candidate_invalid,candidate_invalid,NaN,NaN,0,4.23303998450972e-14,69.8570493130258,0.000168106751666564,0.000168106751668118
LOS,15,20,26,20261209,15.0187372554832,15.3542028675399,15.0187372554832,15.0187372554832,0.0187372554831651,0.354202867539886,0.0187372554831651,0.0187372554831651,0,0,insufficient_gain,insufficient_gain,NaN,NaN,0.0293744828817401,0.190269530010721,5.0005513553051,6.25708841746064e-05,6.07328968085241e-05
LOS,15,20,27,20261209,15.0217654616848,15.0908895161823,15.0217654616848,15.0217654616848,0.0217654616847689,0.0908895161822798,0.0217654616847689,0.0217654616847689,0,0,candidate_invalid,candidate_invalid,NaN,NaN,0.0308118702048511,0.00980532511668167,28.8215288682733,9.01006998534903e-05,8.73245287842384e-05
LOS,15,20,28,20261209,14.9694352766318,15.3556550387654,14.9694352766318,14.9694352766318,-0.0305647233682169,0.355655038765381,-0.0305647233682169,-0.0305647233682169,0,0,insufficient_gain,insufficient_gain,NaN,NaN,0.00270966369792082,0.212650109549572,5.0001650971959,0.000156256927695608,0.000155833523971083
LOS,15,20,29,20261209,14.9963883115801,15.3725820547194,14.9963883115801,14.9963883115801,-0.00361168841991066,0.37258205471943,-0.00361168841991066,-0.00361168841991066,0,0,insufficient_gain,insufficient_gain,NaN,NaN,0.104860452123609,0.16195250123742,6.98331212471231,8.77464765480784e-05,7.85453413449932e-05
LOS,15,20,30,20261209,14.9765473082303,14.9744011946503,14.9765473082303,14.9765473082303,-0.0234526917697018,-0.025598805349702,-0.0234526917697018,-0.0234526917697018,0,0,candidate_invalid,candidate_invalid,NaN,NaN,0.00635376893481419,0.0135600169797451,9.19978781616852,0.00014516898523298,0.000144246615044308
LOS,15,20,31,20261209,14.9791603087031,15.6244160883852,14.9791603087031,14.9791603087031,-0.0208396912969349,0.624416088385182,-0.0208396912969349,-0.0208396912969349,0,0,insufficient_gain,insufficient_gain,NaN,NaN,0.151286785033869,0.173835034618935,10.8622183900198,7.42644219409172e-05,6.30291963030771e-05
LOS,15,20,32,20261209,14.9607568930839,15.1849687109282,14.9607568930839,14.9607568930839,-0.0392431069160981,0.184968710928167,-0.0392431069160981,-0.0392431069160981,0,0,insufficient_gain,insufficient_gain,NaN,NaN,0.0439430356968484,0.0388764136165786,21.0743921667107,0.000186737174688645,0.000178531376355373
LOS,15,20,33,20261209,15.0273757650063,15.0276788931213,15.0273757650063,15.0273757650063,0.0273757650062922,0.0276788931212764,0.0273757650062922,0.0273757650062922,0,0,candidate_invalid,candidate_invalid,NaN,NaN,2.51491755427923e-12,1.79957419270346e-13,39.1209534882722,0.000176582015221305,0.000176582015220861
LOS,15,20,34,20261209,15.0115708869409,15.7634394755475,15.0115708869409,15.0115708869409,0.0115708869409179,0.76343947554755,0.0115708869409179,0.0115708869409179,0,0,insufficient_gain,insufficient_gain,NaN,NaN,0.0628862979929317,0.243955308110482,8.08227250112654,0.000155766545061109,0.000145970963691067
LOS,15,20,35,20261209,14.9974948615387,15.4293222947997,14.9974948615387,14.9974948615387,-0.0025051384613306,0.42932229479975,-0.0025051384613306,-0.0025051384613306,0,0,insufficient_gain,insufficient_gain,NaN,NaN,0.196760373498458,0.113466429493021,12.09467602019,8.61759809425156e-05,6.92199627456702e-05
LOS,15,20,36,20261209,15.0184670483404,15.5276150696396,15.0184670483404,15.0184670483404,0.0184670483404403,0.527615069639609,0.0184670483404403,0.0184670483404403,0,0,insufficient_gain,insufficient_gain,NaN,NaN,0.19183680217774,0.112476777040889,14.6754882978303,0.000129517335460738,0.000104671143999369
LOS,15,20,37,20261209,14.9918446198122,14.9395679201916,14.9918446198122,14.9918446198122,-0.00815538018779272,-0.0604320798084252,-0.00815538018779272,-0.00815538018779272,0,0,candidate_invalid,candidate_invalid,NaN,NaN,0.0984252244053252,0.0116879681845096,24.2894223943935,0.000119309793404909,0.000107566700215278
LOS,15,20,38,20261209,15.0019366196335,15.4103302685275,15.0019366196335,15.0019366196335,0.00193661963347402,0.410330268527549,0.00193661963347402,0.00193661963347402,0,0,insufficient_gain,insufficient_gain,NaN,NaN,0.274182228562949,0.0759132239115561,19.0424641586127,0.00015326664121873,0.000111243651965021
LOS,15,20,39,20261209,15.0069121131043,15.701088250094,15.0069121131043,15.0069121131043,0.0069121131043417,0.701088250093996,0.0069121131043417,0.0069121131043417,0,0,insufficient_gain,insufficient_gain,NaN,NaN,0.0798861876467451,0.197989309241582,9.86830652320663,0.000122029929088718,0.000112281423275018
LOS,15,20,40,20261209,14.976762793864,15.5489031739558,14.976762793864,14.976762793864,-0.0232372061359545,0.548903173955813,-0.0232372061359545,-0.0232372061359545,0,0,insufficient_gain,insufficient_gain,NaN,NaN,0.484755387317211,0.236877042128408,7.08375706713319,0.000132540280501914,6.82906654920767e-05
LOS,15,20,41,20261209,14.951094899672,15.8331127830453,14.951094899672,14.951094899672,-0.0489051003280121,0.833112783045337,-0.0489051003280121,-0.0489051003280121,0,0,insufficient_gain,insufficient_gain,NaN,NaN,0.152000524555003,0.239308233076301,9.97584195880069,0.000163369281124703,0.000138537064697575
LOS,15,20,42,20261209,14.9799347793379,14.9585280830593,14.9799347793379,14.9799347793379,-0.0200652206621044,-0.0414719169406723,-0.0200652206621044,-0.0200652206621044,0,0,insufficient_gain,insufficient_gain,NaN,NaN,0.14494626253082,0.202740919809447,5.23334513761793,0.000169697910947342,0.000145100832996237
LOS,15,20,43,20261209,15.0131651061057,15.0027361291039,15.0131651061057,15.0131651061057,0.0131651061056601,0.00273612910390497,0.0131651061056601,0.0131651061056601,0,0,candidate_invalid,candidate_invalid,NaN,NaN,0.0773035573381905,0.00889822492369068,18.2427671628958,6.77627602141406e-05,6.25244577945328e-05
LOS,15,20,44,20261209,14.993926237407,15.4274852065154,14.993926237407,14.993926237407,-0.00607376259297254,0.427485206515371,-0.00607376259297254,-0.00607376259297254,0,0,insufficient_gain,insufficient_gain,NaN,NaN,0.468976910282362,0.183609043390365,7.73076883819593,0.000111528914485071,5.92244287627164e-05
LOS,15,20,45,20261209,14.9771578005722,15.4965573746408,14.9771578005722,14.9771578005722,-0.0228421994277639,0.49655737464083,-0.0228421994277639,-0.0228421994277639,0,0,insufficient_gain,insufficient_gain,NaN,NaN,0.00649060972455287,0.256599255136119,5.1192480274414,0.000128497773929981,0.000127663745028928
LOS,15,20,46,20261209,15.0122047331221,15.5585109789317,15.0122047331221,15.0122047331221,0.0122047331220756,0.558510978931707,0.0122047331220756,0.0122047331220756,0,0,insufficient_gain,insufficient_gain,NaN,NaN,0.0375353066771904,0.169944655271435,9.28653400696799,0.000129226811938388,0.000124376243921365
LOS,15,20,47,20261209,14.9939536052591,15.8368977117031,14.9939536052591,14.9939536052591,-0.00604639474087776,0.836897711703116,-0.00604639474087776,-0.00604639474087776,0,0,insufficient_gain,insufficient_gain,NaN,NaN,0.176799853054834,0.220835287774997,10.5767892095472,0.000128945294913807,0.000106147785720934
LOS,15,20,48,20261209,14.9954483533316,15.416308762985,14.9954483533316,14.9954483533316,-0.00455164666843366,0.41630876298499,-0.00455164666843366,-0.00455164666843366,0,0,insufficient_gain,insufficient_gain,NaN,NaN,0.00472448320525183,0.221063466262446,5.00005081117699,6.89635506041508e-05,6.8637733467547e-05
LOS,15,20,49,20261209,15.0154352671762,15.0009981605471,15.0154352671762,15.0154352671762,0.0154352671761693,0.0009981605471161,0.0154352671761693,0.0154352671761693,0,0,insufficient_gain,insufficient_gain,NaN,NaN,0.00673053840733491,0.0266199044170813,7.17782963420868,0.000173776443619822,0.000172606834591749
LOS,15,20,50,20261209,14.9910698587358,15.3661710603642,14.9910698587358,14.9910698587358,-0.00893014126421399,0.366171060364161,-0.00893014126421399,-0.00893014126421399,0,0,insufficient_gain,insufficient_gain,NaN,NaN,0.104116396338296,0.228559737074841,5.00015714479969,0.000126156720853698,0.000113021737704555
LOS,20,20,1,20261209,19.9710605162223,20.2463866321221,19.9710605162223,19.9710605162223,-0.0289394837777017,0.2463866321221,-0.0289394837777017,-0.0289394837777017,0,0,insufficient_gain,insufficient_gain,NaN,NaN,0.0222994565932956,0.165341947205184,5.00005448741348,9.08404463915158e-05,8.88147538002926e-05
LOS,20,20,2,20261209,20.0256819578605,19.9298812059071,20.0256819578605,20.0256819578605,0.0256819578605203,-0.0701187940929131,0.0256819578605203,0.0256819578605203,0,0,insufficient_gain,insufficient_gain,NaN,NaN,0.0379832122593341,0.0209214000715815,17.5849723985031,8.98197067746853e-05,8.64080657871913e-05
LOS,20,20,3,20261209,20.0065285225051,20.7350826230659,20.0065285225051,20.0065285225051,0.00652852250507863,0.735082623065853,0.00652852250507863,0.00652852250507863,0,0,insufficient_gain,insufficient_gain,NaN,NaN,0.34541570369739,0.150656550606248,15.2078920113903,0.000137372900175237,8.99221431922559e-05
LOS,20,20,4,20261209,19.9865739233081,19.9653760241962,19.9865739233081,19.9865739233081,-0.0134260766919425,-0.0346239758038109,-0.0134260766919425,-0.0134260766919425,0,0,candidate_invalid,candidate_invalid,NaN,NaN,0.228459570516436,0.00622695515845917,38.0572575908471,0.000117260883373715,9.04715123197786e-05
LOS,20,20,5,20261209,20.0524037786392,20.3515190644671,20.0524037786392,20.0524037786392,0.05240377863921,0.351519064467126,0.05240377863921,0.05240377863921,0,0,insufficient_gain,insufficient_gain,NaN,NaN,0.172797510936591,0.0541684200536585,19.9849777830779,9.85237543300599e-05,8.14990948136973e-05
LOS,20,20,6,20261209,20.0134034596018,20.3005594738283,20.0134034596018,20.0134034596018,0.0134034596018466,0.300559473828272,0.0134034596018466,0.0134034596018466,0,0,insufficient_gain,insufficient_gain,NaN,NaN,0.177357942301228,0.197166933088057,5.0017974512567,8.34659639383784e-05,6.8662612322079e-05
LOS,20,20,7,20261209,19.9915422347291,20.1609943680744,19.9915422347291,19.9915422347291,-0.00845776527092923,0.160994368074441,-0.00845776527092923,-0.00845776527092923,0,0,insufficient_gain,insufficient_gain,NaN,NaN,0.0648171795902344,0.0328463358079557,19.2480994727076,6.07343886793732e-05,5.67977569010392e-05
LOS,20,20,8,20261209,20.0286218159908,20.2176155830631,20.0286218159908,20.0286218159908,0.0286218159907605,0.217615583063122,0.0286218159907605,0.0286218159907605,0,0,insufficient_gain,insufficient_gain,NaN,NaN,0.100273096389528,0.0301369310485104,24.6085685322219,0.000107804320750304,9.69944477045015e-05
LOS,20,20,9,20261209,19.9821661990945,19.9807238114079,19.9821661990945,19.9821661990945,-0.0178338009055103,-0.0192761885920838,-0.0178338009055103,-0.0178338009055103,0,0,candidate_invalid,candidate_invalid,NaN,NaN,0.277331741310414,0.00363721652535341,86.9315621970671,8.84191888030905e-05,6.38977412070751e-05
LOS,20,20,10,20261209,19.9931600554684,19.8744707222413,19.9931600554684,19.9931600554684,-0.00683994453160253,-0.125529277758709,-0.00683994453160253,-0.00683994453160253,0,0,insufficient_gain,insufficient_gain,NaN,NaN,0.0953522761758219,0.0373196808529577,12.7506691552517,6.7740213294476e-05,6.1281029768212e-05
LOS,20,20,11,20261209,19.9881753387442,19.989611505286,19.9881753387442,19.9881753387442,-0.0118246612557833,-0.0103884947140394,-0.0118246612557833,-0.0118246612557833,0,0,candidate_invalid,candidate_invalid,NaN,NaN,0.219471423316224,0.00264723007424229,89.7290702573688,5.73800397629665e-05,4.47867607662467e-05
LOS,20,20,12,20261209,20.0022111762566,20.3601954860532,20.0022111762566,20.0022111762566,0.00221117625659062,0.3601954860532,0.00221117625659062,0.00221117625659062,0,0,insufficient_gain,insufficient_gain,NaN,NaN,0.242733511326164,0.181407944472887,6.69340849013528,0.000140239590268987,0.000106198742096053
LOS,20,20,13,20261209,19.9891867985784,20.0720002867583,19.9891867985784,19.9891867985784,-0.010813201421648,0.0720002867582821,-0.010813201421648,-0.010813201421648,0,0,insufficient_gain,insufficient_gain,NaN,NaN,0.020427284286659,0.080522048769934,5.39193876092389,0.000153825397976703,0.000150683162841725
LOS,20,20,14,20261209,20.0221372976911,20.0226819932847,20.0221372976911,20.0221372976911,0.0221372976911027,0.0226819932847491,0.0221372976911027,0.0221372976911027,0,0,candidate_invalid,candidate_invalid,NaN,NaN,0.0261538156164013,0.00154918634342122,92.4548155148559,0.000160203491015531,0.000156013558450407
LOS,20,20,15,20261209,19.9706746678841,20.3195626126959,19.9706746678841,19.9706746678841,-0.0293253321159241,0.319562612695947,-0.0293253321159241,-0.0293253321159241,0,0,insufficient_gain,insufficient_gain,NaN,NaN,0.0602280121679847,0.075332094980026,15.788621442423,0.0001522837742165,0.000143112025210002
LOS,20,20,16,20261209,19.9886484112198,19.9912867167596,19.9886484112198,19.9886484112198,-0.0113515887802045,-0.00871328324039311,-0.0113515887802045,-0.0113515887802045,0,0,candidate_invalid,candidate_invalid,NaN,NaN,0.253262961491663,0.00463934864782289,71.670514093053,0.000180137833556859,0.000134515592353557
LOS,20,20,17,20261209,19.9893800266725,19.8370986058003,19.9893800266725,19.9893800266725,-0.010619973327465,-0.162901394199679,-0.010619973327465,-0.010619973327465,0,0,insufficient_gain,insufficient_gain,NaN,NaN,0.212299218493275,0.0228612336290947,30.1808137756183,0.000220484611586969,0.000173675900857262
LOS,20,20,18,20261209,19.9904686070473,20.1043450676973,19.9904686070473,19.9904686070473,-0.00953139295266681,0.104345067697288,-0.00953139295266681,-0.00953139295266681,0,0,insufficient_gain,insufficient_gain,NaN,NaN,0.00657008105241806,0.0391650620328646,10.0262117991726,0.000111088333211384,0.000110358473858208
LOS,20,20,19,20261209,20.0003456419685,20.0660738160033,20.0003456419685,20.0003456419685,0.000345641968454657,0.0660738160032679,0.000345641968454657,0.000345641968454657,0,0,candidate_invalid,candidate_invalid,NaN,NaN,0.0129214710289784,0.0185360412157125,13.3427660951029,9.98747937797084e-05,9.85842645253587e-05
LOS,20,20,20,20261209,20.0010238735576,20.0912785419107,20.0010238735576,20.0010238735576,0.00102387355756406,0.0912785419107323,0.00102387355756406,0.00102387355756406,0,0,candidate_invalid,candidate_invalid,NaN,NaN,0.106491822886029,0.0135446487191668,30.6595778060054,0.000134008044442524,0.000119737283508448
LOS,20,20,21,20261209,20.0169969089615,20.6247963236767,20.0169969089615,20.0169969089615,0.0169969089615201,0.624796323676691,0.0169969089615201,0.0169969089615201,0,0,insufficient_gain,insufficient_gain,NaN,NaN,0.278476917578608,0.132499836507335,14.6838572430376,0.000168424742704731,0.000121522339512348
LOS,20,20,22,20261209,19.9884135994573,20.2643280166773,19.9884135994573,19.9884135994573,-0.0115864005427397,0.264328016677254,-0.0115864005427397,-0.0115864005427397,0,0,insufficient_gain,insufficient_gain,NaN,NaN,0.15146128898812,0.0467563509130014,22.2798087646078,0.00016130374070622,0.00013687246822025
LOS,20,20,23,20261209,20.0016883106354,20.066391022567,20.0016883106354,20.0016883106354,0.00168831063539088,0.0663910225669824,0.00168831063539088,0.00168831063539088,0,0,insufficient_gain,insufficient_gain,NaN,NaN,0.00167204859561586,0.0520836605674843,5.15672689621641,0.000128987497107547,0.000128771823744156
LOS,20,20,24,20261209,19.9713689956736,19.9701951820895,19.9713689956736,19.9713689956736,-0.0286310043263605,-0.0298048179104917,-0.0286310043263605,-0.0286310043263605,0,0,candidate_invalid,candidate_invalid,NaN,NaN,8.95626227396564e-10,1.23258882483656e-11,19.4951747237808,5.55343177564005e-05,5.55343177066625e-05
LOS,20,20,25,20261209,19.9953517174521,20.2601259933747,19.9953517174521,19.9953517174521,-0.00464828254785132,0.260125993374686,-0.00464828254785132,-0.00464828254785132,0,0,insufficient_gain,insufficient_gain,NaN,NaN,0.0323459982233609,0.0506327538339548,18.4036062744256,0.000242143054121735,0.000234310695323314
LOS,20,20,26,20261209,19.9989744804902,19.9991542370073,19.9989744804902,19.9989744804902,-0.00102551950982033,-0.000845762992724985,-0.00102551950982033,-0.00102551950982033,0,0,candidate_invalid,candidate_invalid,NaN,NaN,0.141988720822595,0.00368256969519435,95.0279328719352,0.000165276889126931,0.00014180943505826
LOS,20,20,27,20261209,19.9880620239205,19.9904483892347,19.9880620239205,19.9880620239205,-0.0119379760795368,-0.00955161076525002,-0.0119379760795368,-0.0119379760795368,0,0,candidate_invalid,candidate_invalid,NaN,NaN,0.221088339310438,0.00423168594435001,98.7606452808674,0.000143077147185533,0.000111444458321008
LOS,20,20,28,20261209,20.0095377711859,20.475714060756,20.0095377711859,20.0095377711859,0.00953777118588306,0.475714060756047,0.00953777118588306,0.00953777118588306,0,0,insufficient_gain,insufficient_gain,NaN,NaN,0.290023014444171,0.0940372552681775,16.6477885490811,8.43596956294768e-05,5.98934424054232e-05
LOS,20,20,29,20261209,20.0074332299751,20.0049560781411,20.0074332299751,20.0074332299751,0.00743322997513474,0.0049560781411202,0.00743322997513474,0.00743322997513474,0,0,candidate_invalid,candidate_invalid,NaN,NaN,0.298831893406074,0.00479740185366803,94.4547662006219,0.000132972432729472,9.32360288861123e-05
LOS,20,20,30,20261209,19.9647026034277,19.8818860508206,19.9647026034277,19.9647026034277,-0.0352973965722718,-0.118113949179431,-0.0352973965722718,-0.0352973965722718,0,0,candidate_invalid,candidate_invalid,NaN,NaN,0.13292866698335,0.0164291316434275,22.453707094743,0.000104087778914908,9.02515292144912e-05
LOS,20,20,31,20261209,20.0147700014601,20.0166358618033,20.0147700014601,20.0147700014601,0.0147700014601462,0.01663586180333,0.0147700014601462,0.0147700014601462,0,0,candidate_invalid,candidate_invalid,NaN,NaN,0.172006593143854,0.00247972037787969,69.2807637247156,7.64028462207911e-05,6.3261052935859e-05
LOS,20,20,32,20261209,20.0140416434611,19.9639037705381,20.0140416434611,20.0140416434611,0.0140416434611126,-0.0360962294618687,0.0140416434611126,0.0140416434611126,0,0,candidate_invalid,candidate_invalid,NaN,NaN,0.0646497287860624,0.00912875638458911,24.2381055226792,6.13329549576935e-05,5.73677960540309e-05
LOS,20,20,33,20261209,19.9648197018427,20.0513753843255,19.9648197018427,19.9648197018427,-0.0351802981572895,0.0513753843254818,-0.0351802981572895,-0.0351802981572895,0,0,insufficient_gain,insufficient_gain,NaN,NaN,0.0245438280431178,0.0790203542030898,5.00042853870331,7.37473782408404e-05,7.19373352706665e-05
LOS,20,20,34,20261209,20.0004184883471,20.2090417112711,20.0004184883471,20.0004184883471,0.000418488347136758,0.209041711271077,0.000418488347136758,0.000418488347136758,0,0,insufficient_gain,insufficient_gain,NaN,NaN,0.045594728362169,0.035771395663187,21.9285088872237,0.000202422065660679,0.000193192686562371
LOS,20,20,35,20261209,20.0127491922123,19.9821097647347,20.0127491922123,20.0127491922123,0.0127491922123113,-0.0178902352652699,0.0127491922123113,0.0127491922123113,0,0,candidate_invalid,candidate_invalid,NaN,NaN,0.034873298208626,0.00429245120140223,38.6241767208317,7.74758374941786e-05,7.47739995092811e-05
LOS,20,20,36,20261209,19.980691500435,19.954454603415,19.980691500435,19.980691500435,-0.0193084995649677,-0.045545396585041,-0.0193084995649677,-0.0193084995649677,0,0,candidate_invalid,candidate_invalid,NaN,NaN,0.0234692348441311,0.0102446118419359,13.8370493369889,8.13480924710674e-05,7.94389149847419e-05
LOS,20,20,37,20261209,19.9846371295565,20.0780527144034,19.9846371295565,19.9846371295565,-0.0153628704435178,0.0780527144033911,-0.0153628704435178,-0.0153628704435178,0,0,insufficient_gain,insufficient_gain,NaN,NaN,0.329396726365809,0.0215472981054761,23.6225481233989,0.000133360990267173,8.94323166482636e-05
LOS,20,20,38,20261209,20.0194526695466,20.1424905320021,20.0194526695466,20.0194526695466,0.019452669546645,0.142490532002057,0.019452669546645,0.019452669546645,0,0,insufficient_gain,insufficient_gain,NaN,NaN,0.00152428528894586,0.0366251887042318,11.2183459823948,0.000135220420472759,0.000135014305975067
LOS,20,20,39,20261209,20.0345670111064,20.1086332707371,20.0345670111064,20.0345670111064,0.0345670111064429,0.108633270737066,0.0345670111064429,0.0345670111064429,0,0,insufficient_gain,insufficient_gain,NaN,NaN,0.0153189180922102,0.0572056198273518,6.2468619833069,0.000104988546831386,0.000103380235881856
LOS,20,20,40,20261209,20.0335437256022,20.0168465660275,20.0335437256022,20.0335437256022,0.0335437256021578,0.0168465660275388,0.0335437256021578,0.0335437256021578,0,0,candidate_invalid,candidate_invalid,NaN,NaN,0.0277805571463269,0.0199035810021147,11.0246377880308,0.00013223844294652,0.000128564785325302
LOS,20,20,41,20261209,19.9977654805915,19.9977428511359,19.9977654805915,19.9977654805915,-0.00223451940847141,-0.00225714886414607,-0.00223451940847141,-0.00223451940847141,0,0,candidate_invalid,candidate_invalid,NaN,NaN,0.168082874998222,0.00334269723169207,85.4467048882983,0.000126062877889854,0.000104873866943578
LOS,20,20,42,20261209,20.0052205675241,20.0102130141184,20.0052205675241,20.0052205675241,0.00522056752413746,0.0102130141184098,0.00522056752413746,0.00522056752413746,0,0,candidate_invalid,candidate_invalid,NaN,NaN,0.209691661943868,0.00300541198916359,69.941766331608,7.49285135421829e-05,5.92166290105389e-05
LOS,20,20,43,20261209,19.9963563765944,19.978117699108,19.9963563765944,19.9963563765944,-0.00364362340558344,-0.02188230089196,-0.00364362340558344,-0.00364362340558344,0,0,candidate_invalid,candidate_invalid,NaN,NaN,0.0794745790115835,0.0052373940612126,35.5549211420293,0.000237225163298271,0.000218371793314187
LOS,20,20,44,20261209,19.9916956412295,19.9842942677504,19.9916956412295,19.9916956412295,-0.00830435877054114,-0.0157057322495859,-0.00830435877054114,-0.00830435877054114,0,0,candidate_invalid,candidate_invalid,NaN,NaN,0.119686919406017,0.00336460477510726,99.9961045649979,0.000179381194242323,0.000157911611704087
LOS,20,20,45,20261209,19.9821856749605,19.6926512634249,19.9821856749605,19.9821856749605,-0.0178143250395308,-0.307348736575094,-0.0178143250395308,-0.0178143250395308,0,0,insufficient_gain,insufficient_gain,NaN,NaN,0.0978674589843892,0.0809478488496826,13.8615052870337,0.000141701104513947,0.000127833177479886
LOS,20,20,46,20261209,19.9748951570825,20.2175160647213,19.9748951570825,19.9748951570825,-0.0251048429175107,0.217516064721252,-0.0251048429175107,-0.0251048429175107,0,0,insufficient_gain,insufficient_gain,NaN,NaN,0.118083875876792,0.037598691205946,25.3852181021814,0.000184978250278078,0.000163135301532336
LOS,20,20,47,20261209,19.9976532454195,20.1042949003991,19.9976532454195,19.9976532454195,-0.00234675458053601,0.104294900399054,-0.00234675458053601,-0.00234675458053601,0,0,candidate_invalid,candidate_invalid,NaN,NaN,0.0718205162225103,0.0157496153778791,29.7393845184446,0.000161410971788456,0.000149818352470632
LOS,20,20,48,20261209,19.9672465803563,20.1272083821641,19.9672465803563,19.9672465803563,-0.0327534196437362,0.127208382164099,-0.0327534196437362,-0.0327534196437362,0,0,insufficient_gain,insufficient_gain,NaN,NaN,0.231693222489346,0.0238901806709503,31.5768471198226,0.000242490329880329,0.000186306963927851
LOS,20,20,49,20261209,20.0119493510082,20.3503518109628,20.0119493510082,20.0119493510082,0.0119493510081909,0.350351810962806,0.0119493510081909,0.0119493510081909,0,0,insufficient_gain,insufficient_gain,NaN,NaN,0.0808019343549721,0.076526848714539,14.6149681115058,8.08005179799842e-05,7.42716798303178e-05
LOS,20,20,50,20261209,19.9707311213129,19.919934495312,19.9707311213129,19.9707311213129,-0.0292688786871338,-0.0800655046880401,-0.0292688786871338,-0.0292688786871338,0,0,candidate_invalid,candidate_invalid,NaN,NaN,0.223569793776748,0.00863482807431923,52.596001332016,0.000226343334423396,0.000175739801823616
LOS,1,30,1,20261209,0.997321242004062,0.847099030269598,0.997321242004062,0.997321242004062,-0.00267875799593797,-0.152900969730402,-0.00267875799593797,-0.00267875799593797,0,0,insufficient_gain,insufficient_gain,NaN,NaN,0.096243660005633,0.0352758559311019,17.1823186756024,0.0001846224883848,0.0001668537443833
LOS,1,30,2,20261209,1.01139134976755,1.28797291766703,1.01139134976755,1.01139134976755,0.0113913497675546,0.287972917667031,0.0113913497675546,0.0113913497675546,0,0,insufficient_gain,insufficient_gain,NaN,NaN,4.22167291486613e-05,0.159663976097463,5.00000125680775,0.000101100754565708,0.000101096486422536
LOS,1,30,3,20261209,0.98294046013239,0.982412096643429,0.98294046013239,0.98294046013239,-0.0170595398676099,-0.0175879033565711,-0.0170595398676099,-0.0170595398676099,0,0,candidate_invalid,candidate_invalid,NaN,NaN,0,3.34092383301209e-12,34.2121450798091,0.000106892237524026,0.000106892237526912
LOS,1,30,4,20261209,1.00837046075412,1.00966469403507,1.00837046075412,1.00837046075412,0.00837046075412307,0.00966469403507308,0.00837046075412307,0.00837046075412307,0,0,candidate_invalid,candidate_invalid,NaN,NaN,0.0947295628755156,0.00165866058654343,89.3209164316848,5.4038304620585e-05,4.8919279645343e-05
LOS,1,30,5,20261209,0.995483300754176,1.40083845776933,0.995483300754176,0.995483300754176,-0.00451669924582421,0.400838457769333,-0.00451669924582421,-0.00451669924582421,0,0,insufficient_gain,insufficient_gain,NaN,NaN,0.0877950301726523,0.153807992432058,7.85696680910129,9.28665070523138e-05,8.47132892636271e-05
LOS,1,30,6,20261209,0.99729694114341,0.85902088063144,0.99729694114341,0.99729694114341,-0.0027030588565895,-0.14097911936856,-0.0027030588565895,-0.0027030588565895,0,0,insufficient_gain,insufficient_gain,NaN,NaN,0.0745428308328089,0.103379625449047,7.02481902627122,0.000100827326896979,9.33113725247736e-05
LOS,1,30,7,20261209,0.989900530450311,1.0213486927885,0.989900530450311,0.989900530450311,-0.0100994695496885,0.0213486927884983,-0.0100994695496885,-0.0100994695496885,0,0,insufficient_gain,insufficient_gain,NaN,NaN,0.0636336381702312,0.102778173565715,5.49567323313294,0.000127655006307625,0.000119531853825627
LOS,1,30,8,20261209,0.9803524769991,1.50542013805952,0.9803524769991,0.9803524769991,-0.0196475230009,0.505420138059518,-0.0196475230009,-0.0196475230009,0,0,insufficient_gain,insufficient_gain,NaN,NaN,0.404937577354267,0.173500564857991,9.17216697326399,9.2342145709301e-05,5.49493409380819e-05
LOS,1,30,9,20261209,1.02794849605663,1.0242833947687,1.02794849605663,1.02794849605663,0.0279484960566292,0.0242833947687018,0.0279484960566292,0.0279484960566292,0,0,candidate_invalid,candidate_invalid,NaN,NaN,0.284953515990647,0.00342832649679344,78.6119915749942,7.16811642671455e-05,5.12553644789193e-05
LOS,1,30,10,20261209,0.978931215128807,1.48483633005984,0.978931215128807,0.978931215128807,-0.0210687848711929,0.484836330059839,-0.0210687848711929,-0.0210687848711929,0,0,insufficient_gain,insufficient_gain,NaN,NaN,0.139633847692006,0.121155184232202,13.2749795936392,0.000146472912776252,0.000126020336382648
LOS,1,30,11,20261209,0.976296816153604,1.572200083126,0.976296816153604,0.976296816153604,-0.0237031838463964,0.572200083126004,-0.0237031838463964,-0.0237031838463964,0,0,insufficient_gain,insufficient_gain,NaN,NaN,0.0659205763190761,0.17809126016245,9.60706020061624,9.22619167460503e-05,8.61799580218481e-05
LOS,1,30,12,20261209,0.990800073276883,1.63605223482694,0.990800073276883,0.990800073276883,-0.00919992672311654,0.636052234826935,-0.00919992672311654,-0.00919992672311654,0,0,insufficient_gain,insufficient_gain,NaN,NaN,0.542405368935835,0.135451667564094,15.1517402734204,6.45300038475405e-05,2.95285833031844e-05
LOS,1,30,13,20261209,0.99107784657986,0.741653138054229,0.99107784657986,0.99107784657986,-0.00892215342014024,-0.258346861945771,-0.00892215342014024,-0.00892215342014024,0,0,insufficient_gain,insufficient_gain,NaN,NaN,0.125696661710587,0.08724406298418,11.7815595619064,9.50140777404851e-05,8.30711253529959e-05
LOS,1,30,14,20261209,0.995133690255769,0.995977085620613,0.995133690255769,0.995133690255769,-0.00486630974423086,-0.00402291437938684,-0.00486630974423086,-0.00486630974423086,0,0,candidate_invalid,candidate_invalid,NaN,NaN,0.107944615721737,0.00267334752420257,93.6132352652019,0.000114871492855606,0.000102471733701925
LOS,1,30,15,20261209,0.985091782919905,1.40013769934029,0.985091782919905,0.985091782919905,-0.0149082170800953,0.400137699340293,-0.0149082170800953,-0.0149082170800953,0,0,insufficient_gain,insufficient_gain,NaN,NaN,0.0980386500143314,0.118548538028973,10.9538502460957,9.43274228013546e-05,8.50796896105788e-05
LOS,1,30,16,20261209,1.00549433382759,0.957948536720786,1.00549433382759,1.00549433382759,0.00549433382759101,-0.0420514632792139,0.00549433382759101,0.00549433382759101,0,0,insufficient_gain,insufficient_gain,NaN,NaN,0.1339615336964,0.0854471846047088,7.72905234985542,0.000133615774448481,0.00011571640037733
LOS,1,30,17,20261209,1.00069970068634,1.20940256913804,1.00069970068634,1.00069970068634,0.000699700686344507,0.209402569138045,0.000699700686344507,0.000699700686344507,0,0,insufficient_gain,insufficient_gain,NaN,NaN,0.0243833881390792,0.143817643555235,5.00025029550945,0.000102792745091618,0.000100286309690167
LOS,1,30,18,20261209,0.993126339623791,0.993109094366185,0.993126339623791,0.993126339623791,-0.00687366037620918,-0.00689090563381523,-0.00687366037620918,-0.00687366037620918,0,0,candidate_invalid,candidate_invalid,NaN,NaN,0.0223895647676397,0.000832763548463856,86.3641807932184,5.92718074750032e-05,5.79447375026465e-05
LOS,1,30,19,20261209,1.00216912333521,0.998420295036226,1.00216912333521,1.00216912333521,0.00216912333521124,-0.00157970496377402,0.00216912333521124,0.00216912333521124,0,0,candidate_invalid,candidate_invalid,NaN,NaN,0.275854758066679,0.00353643655526538,99.6186982570375,8.03296084288529e-05,5.81703037301207e-05
LOS,1,30,20,20261209,0.985615428680754,0.98442588466969,0.985615428680754,0.985615428680754,-0.0143845713192455,-0.0155741153303097,-0.0143845713192455,-0.0143845713192455,0,0,candidate_invalid,candidate_invalid,NaN,NaN,0.00153811016734686,0.000342075267812922,99.9999968768615,0.000140259951186827,0.000140044215929835
LOS,1,30,21,20261209,0.974364175691834,0.952469894106248,0.974364175691834,0.974364175691834,-0.0256358243081665,-0.0475301058937516,-0.0256358243081665,-0.0256358243081665,0,0,candidate_invalid,candidate_invalid,NaN,NaN,0.0972486170176446,0.00425533615123678,34.0838095843736,6.6470885847103e-05,6.00066841265345e-05
LOS,1,30,22,20261209,0.988833201112141,0.989054323770152,0.988833201112141,0.988833201112141,-0.0111667988878587,-0.0109456762298477,-0.0111667988878587,-0.0111667988878587,0,0,candidate_invalid,candidate_invalid,NaN,NaN,0.0413593665015246,0.00162437277434775,85.5713660478441,0.000123817431850304,0.00011869642130713
LOS,1,30,23,20261209,0.976286859139908,1.00408339192181,0.976286859139908,0.976286859139908,-0.0237131408600918,0.00408339192181462,-0.0237131408600918,-0.0237131408600918,0,0,candidate_invalid,candidate_invalid,NaN,NaN,0.00717854411744407,0.00383417690932521,36.1580924093508,0.000152018013322985,0.0001509267453077
LOS,1,30,24,20261209,1.01021455217361,1.35512577429313,1.01021455217361,1.01021455217361,0.0102145521736079,0.355125774293127,0.0102145521736079,0.0102145521736079,0,0,insufficient_gain,insufficient_gain,NaN,NaN,0.000161899178351063,0.190212815697589,5.00375206052484,0.000107149879518875,0.000107132532041421
LOS,1,30,25,20261209,1.01100339690435,1.1910785034399,1.01100339690435,1.01100339690435,0.0110033969043537,0.191078503439904,0.0110033969043537,0.0110033969043537,0,0,insufficient_gain,insufficient_gain,NaN,NaN,0.0120682672177934,0.120978435507723,5.0000174254607,0.000213626349422125,0.000211048249552537
LOS,1,30,26,20261209,0.997640467850365,1.01605321606886,0.997640467850365,0.997640467850365,-0.00235953214963491,0.0160532160688582,-0.00235953214963491,-0.00235953214963491,0,0,candidate_invalid,candidate_invalid,NaN,NaN,0.182661792995821,0.00438898076528372,63.4443352906879,9.31664803782706e-05,7.61485240252657e-05
LOS,1,30,27,20261209,0.997770330368605,0.906862437117994,0.997770330368605,0.997770330368605,-0.00222966963139548,-0.0931375628820064,-0.00222966963139548,-0.00222966963139548,0,0,insufficient_gain,insufficient_gain,NaN,NaN,0.154063009460598,0.089926293988829,6.87458318014922,5.31334738946843e-05,4.49475710033731e-05
LOS,1,30,28,20261209,1.00044083989182,0.995869409504741,1.00044083989182,1.00044083989182,0.000440839891816536,-0.00413059049525932,0.000440839891816536,0.000440839891816536,0,0,candidate_invalid,candidate_invalid,NaN,NaN,0.293263470941166,0.0037077130832063,99.8591433989186,8.43538613812811e-05,5.96159552053166e-05
LOS,1,30,29,20261209,0.996692585753142,0.996212346783706,0.996692585753142,0.996692585753142,-0.0033074142468581,-0.0037876532162936,-0.0033074142468581,-0.0033074142468581,0,0,candidate_invalid,candidate_invalid,NaN,NaN,0.105086337061686,0.00239044351548087,99.9999988586709,9.19366650786735e-05,8.22753777038887e-05
LOS,1,30,30,20261209,1.00574480880186,1.00949254250695,1.00574480880186,1.00574480880186,0.00574480880185946,0.0094925425069472,0.00574480880185946,0.00574480880185946,0,0,insufficient_gain,insufficient_gain,NaN,NaN,0.0457304129598264,0.0690623513508498,5.7371581677316,8.31668401315433e-05,7.9363586187764e-05
LOS,1,30,31,20261209,1.01661631195865,1.02828833486794,1.01661631195865,1.01661631195865,0.0166163119586473,0.0282883348679408,0.0166163119586473,0.0166163119586473,0,0,candidate_invalid,candidate_invalid,NaN,NaN,0.141769749179599,0.00244578606590075,59.5136335132672,5.49812349082135e-05,4.71865590256915e-05
LOS,1,30,32,20261209,0.988270698105449,0.950628705750611,0.988270698105449,0.988270698105449,-0.011729301894551,-0.0493712942493887,-0.011729301894551,-0.011729301894551,0,0,candidate_invalid,candidate_invalid,NaN,NaN,0.0715958106329863,0.00588045041553281,34.6530212333807,9.78614314826043e-05,9.08549629659028e-05
LOS,1,30,33,20261209,0.989739366175133,0.986985504543026,0.989739366175133,0.989739366175133,-0.0102606338248673,-0.0130144954569741,-0.0102606338248673,-0.0102606338248673,0,0,candidate_invalid,candidate_invalid,NaN,NaN,0.0153090130455183,0.00110658144100437,72.9334710270854,0.000124897968656112,0.000122985904024597
LOS,1,30,34,20261209,1.00922428060213,1.17197270330234,1.00922428060213,1.00922428060213,0.0092242806021321,0.171972703302342,0.0092242806021321,0.0092242806021321,0,0,insufficient_gain,insufficient_gain,NaN,NaN,0.0216519203745296,0.106912485831519,5.00000065062533,6.07915525083769e-05,5.94752986540215e-05
LOS,1,30,35,20261209,1.02201518445232,1.03818739624551,1.02201518445232,1.02201518445232,0.0220151844523202,0.0381873962455099,0.0220151844523202,0.0220151844523202,0,0,candidate_invalid,candidate_invalid,NaN,NaN,0.13396497662841,0.00316870309522584,58.86324748015,6.64435281343412e-05,5.75424224407151e-05
LOS,1,30,36,20261209,0.970059410372614,1.02864536070622,0.970059410372614,0.970059410372614,-0.0299405896273861,0.0286453607062209,-0.0299405896273861,-0.0299405896273861,0,0,candidate_invalid,candidate_invalid,NaN,NaN,0.177591374951907,0.00797780085169665,38.9783052669294,5.00744571525491e-05,4.11816654568575e-05
LOS,1,30,37,20261209,1.0037180323852,1.0006086525128,1.0037180323852,1.0037180323852,0.00371803238519575,0.000608652512801289,0.00371803238519575,0.00371803238519575,0,0,candidate_invalid,candidate_invalid,NaN,NaN,0.155119286544332,0.00250339778698411,76.1364755934342,6.18856799869949e-05,5.22860174601014e-05
LOS,1,30,38,20261209,0.990234905040792,1.36090796913661,0.990234905040792,0.990234905040792,-0.00976509495920763,0.360907969136606,-0.00976509495920763,-0.00976509495920763,0,0,insufficient_gain,insufficient_gain,NaN,NaN,0.00950739667826304,0.133114945150885,8.29120691948778,9.79189241825384e-05,9.69879701280263e-05
LOS,1,30,39,20261209,0.99175028481654,0.920617268749556,0.99175028481654,0.99175028481654,-0.00824971518346029,-0.079382731250444,-0.00824971518346029,-0.00824971518346029,0,0,candidate_invalid,candidate_invalid,NaN,NaN,0.303915497025373,0.0102144498854451,36.7284164162788,5.96351278581153e-05,4.15110883349445e-05
LOS,1,30,40,20261209,1.02097425505939,1.03453842146664,1.02097425505939,1.02097425505939,0.0209742550593859,0.0345384214666415,0.0209742550593859,0.0209742550593859,0,0,candidate_invalid,candidate_invalid,NaN,NaN,0.172661663445132,0.00455574645154879,37.0221261374255,7.91377038222851e-05,6.54736562391012e-05
LOS,1,30,41,20261209,0.979456399219826,0.86919716572145,0.979456399219826,0.979456399219826,-0.0205436007801739,-0.13080283427855,-0.0205436007801739,-0.0205436007801739,0,0,candidate_invalid,candidate_invalid,NaN,NaN,0.267522198581984,0.0168404939783458,31.1610612684068,8.34642554514708e-05,6.1135714330085e-05
LOS,1,30,42,20261209,0.999869670936076,0.998633458903893,0.999869670936076,0.999869670936076,-0.000130329063924406,-0.00136654109610701,-0.000130329063924406,-0.000130329063924406,0,0,candidate_invalid,candidate_invalid,NaN,NaN,0.0269060976853392,0.00136672200808756,56.7829562001716,0.000119573809786555,0.00011635654517983
LOS,1,30,43,20261209,0.994785954463387,1.27678854589012,0.994785954463387,0.994785954463387,-0.00521404553661309,0.276788545890121,-0.00521404553661309,-0.00521404553661309,0,0,insufficient_gain,insufficient_gain,NaN,NaN,0.0252707545042372,0.142511971917784,5.92499421101446,9.43247220119847e-05,9.19410651183394e-05
LOS,1,30,44,20261209,0.982517461216409,0.955660944295667,0.982517461216409,0.982517461216409,-0.0174825387835913,-0.0443390557043331,-0.0174825387835913,-0.0174825387835913,0,0,candidate_invalid,candidate_invalid,NaN,NaN,0.150455175808862,0.00604147831309792,33.1312129944143,8.80065851140976e-05,7.47655388784185e-05
LOS,1,30,45,20261209,0.990472079581288,0.989879245905984,0.990472079581288,0.990472079581288,-0.00952792041871175,-0.0101207540940156,-0.00952792041871175,-0.00952792041871175,0,0,candidate_invalid,candidate_invalid,NaN,NaN,0.448137773745361,0.00709398761756188,82.0517453240761,0.000199987435788307,0.000110365511537092
LOS,1,30,46,20261209,0.992412178211656,0.89444571158073,0.992412178211656,0.992412178211656,-0.00758782178834361,-0.10555428841927,-0.00758782178834361,-0.00758782178834361,0,0,candidate_invalid,candidate_invalid,NaN,NaN,0.265138414944021,0.0138279254910935,41.9179815370748,0.000160857510285606,0.000118208004976639
LOS,1,30,47,20261209,1.00242031248914,1.00380650056056,1.00242031248914,1.00242031248914,0.0024203124891371,0.0038065005605552,0.0024203124891371,0.0024203124891371,0,0,candidate_invalid,candidate_invalid,NaN,NaN,0.0737121411586038,0.00144697155111072,91.3854420972976,4.8025549145736e-05,4.4485483087886e-05
LOS,1,30,48,20261209,1.02903323917558,1.06682204354134,1.02903323917558,1.02903323917558,0.0290332391755803,0.0668220435413422,0.0290332391755803,0.0290332391755803,0,0,candidate_invalid,candidate_invalid,NaN,NaN,0.0212128614563685,0.00532043644569362,31.361401700218,6.78389046226968e-05,6.63998473375838e-05
LOS,1,30,49,20261209,0.991043083528573,0.982117339641325,0.991043083528573,0.991043083528573,-0.00895691647142682,-0.0178826603586746,-0.00895691647142682,-0.00895691647142682,0,0,insufficient_gain,insufficient_gain,NaN,NaN,0.0487492041112825,0.0339183240613313,8.44431746006425,8.57951975457016e-05,8.16127499487784e-05
LOS,1,30,50,20261209,0.998840265835608,0.988860437751223,0.998840265835608,0.998840265835608,-0.00115973416439219,-0.0111395622487769,-0.00115973416439219,-0.00115973416439219,0,0,candidate_invalid,candidate_invalid,NaN,NaN,0.1603433291362,0.00703864286154024,25.3520558134191,6.99926672580453e-05,5.8769809974768e-05
LOS,3,30,1,20261209,2.99225090441877,3.01583419341358,2.99225090441877,2.99225090441877,-0.00774909558122827,0.0158341934135819,-0.00774909558122827,-0.00774909558122827,0,0,candidate_invalid,candidate_invalid,NaN,NaN,0.00194051466143543,0.0118357331635451,8.00909065389809,5.89144572027411e-05,5.88001328347687e-05
LOS,3,30,2,20261209,3.0123136006097,3.07702707171066,3.0123136006097,3.0123136006097,0.0123136006096969,0.0770270717106616,0.0123136006096969,0.0123136006096969,0,0,insufficient_gain,insufficient_gain,NaN,NaN,0.0252756179251797,0.0830367139737609,5.05751521891494,0.000123343059868386,0.00012022548781343
LOS,3,30,3,20261209,2.99613398888591,3.21622149030878,2.99613398888591,2.99613398888591,-0.00386601111409002,0.216221490308776,-0.00386601111409002,-0.00386601111409002,0,0,insufficient_gain,insufficient_gain,NaN,NaN,0.0096390408484737,0.138790920974809,5.00000785413508,9.6329293489239e-05,9.54007714943916e-05
LOS,3,30,4,20261209,3.00115208698601,3.55658633451369,3.00115208698601,3.00115208698601,0.00115208698601155,0.556586334513687,0.00115208698601155,0.00115208698601155,0,0,insufficient_gain,insufficient_gain,NaN,NaN,0.0871659603461835,0.141761711212851,11.9153338828175,0.000110588822882729,0.000100949241932602
LOS,3,30,5,20261209,2.98088118855701,3.42383575183911,2.98088118855701,2.98088118855701,-0.0191188114429939,0.423835751839115,-0.0191188114429939,-0.0191188114429939,0,0,insufficient_gain,insufficient_gain,NaN,NaN,0.171471762321355,0.153548476642049,8.79410127811038,0.00010641921961696,8.81713284843766e-05
LOS,3,30,6,20261209,3.01010437026114,3.22537920678631,3.01010437026114,3.01010437026114,0.0101043702611352,0.225379206786306,0.0101043702611352,0.0101043702611352,0,0,insufficient_gain,insufficient_gain,NaN,NaN,0.0148124441328924,0.0672856851083108,10.3327775036512,3.34531189796206e-05,3.29575965236639e-05
LOS,3,30,7,20261209,2.98135558558745,2.99093959583919,2.98135558558745,2.98135558558745,-0.0186444144125497,-0.00906040416081222,-0.0186444144125497,-0.0186444144125497,0,0,candidate_invalid,candidate_invalid,NaN,NaN,0.22212402941064,0.00353304924449177,99.9862882366412,0.000101289185483022,7.87904234678116e-05
LOS,3,30,8,20261209,3.0039838781425,3.0088059282098,3.0039838781425,3.0039838781425,0.0039838781424959,0.00880592820979675,0.0039838781424959,0.0039838781424959,0,0,candidate_invalid,candidate_invalid,NaN,NaN,0.093737880539069,0.00273610026803455,76.0427736140023,0.000125288188785211,0.000113543939511906
LOS,3,30,9,20261209,2.99163287030488,3.43319589767783,2.99163287030488,2.99163287030488,-0.00836712969512243,0.433195897677832,-0.00836712969512243,-0.00836712969512243,0,0,insufficient_gain,insufficient_gain,NaN,NaN,0.0386368776111486,0.13694789169577,9.7013090275385,0.000114208914050895,0.000109796238216608
LOS,3,30,10,20261209,3.00082763167885,3.60088763440508,3.00082763167885,3.00082763167885,0.000827631678849805,0.600887634405076,0.000827631678849805,0.000827631678849805,0,0,insufficient_gain,insufficient_gain,NaN,NaN,0.155387006765405,0.158857834033041,11.2191923351616,6.32087541296844e-05,5.33869350241023e-05
LOS,3,30,11,20261209,3.00030657473561,3.45785611583242,3.00030657473561,3.00030657473561,0.000306574735605025,0.457856115832417,0.000306574735605025,0.000306574735605025,0,0,insufficient_gain,insufficient_gain,NaN,NaN,0.0674504963736265,0.135607701818648,10.1663407400125,6.42759526623404e-05,5.99405077503778e-05
LOS,3,30,12,20261209,3.00407751431209,3.00160311850186,3.00407751431209,3.00407751431209,0.00407751431208592,0.00160311850186234,0.00407751431208592,0.00407751431208592,0,0,candidate_invalid,candidate_invalid,NaN,NaN,0.2008262774343,0.00298374345096022,99.9999989720119,7.83644198603106e-05,6.26267851364659e-05
LOS,3,30,13,20261209,3.00166533260797,3.00505163161659,3.00166533260797,3.00166533260797,0.00166533260797008,0.00505163161658873,0.00166533260797008,0.00166533260797008,0,0,candidate_invalid,candidate_invalid,NaN,NaN,0.0981825822990858,0.00228906026817388,99.9999800248659,9.7353030449554e-05,8.77946585253753e-05
LOS,3,30,14,20261209,2.97911282584439,2.97870618336962,2.97911282584439,2.97911282584439,-0.0208871741556131,-0.0212938166303784,-0.0208871741556131,-0.0208871741556131,0,0,candidate_invalid,candidate_invalid,NaN,NaN,0,2.71322370731306e-11,90.2876677756448,9.44182956288397e-05,9.44182956743589e-05
LOS,3,30,15,20261209,2.99839276230276,2.80033743932035,2.99839276230276,2.99839276230276,-0.00160723769724447,-0.199662560679654,-0.00160723769724447,-0.00160723769724447,0,0,insufficient_gain,insufficient_gain,NaN,NaN,0.0361853015120833,0.0768371525202062,9.99070847335284,0.000170129864814461,0.00016397366435994
LOS,3,30,16,20261209,2.96536647522548,3.4131649539332,2.96536647522548,2.96536647522548,-0.0346335247745206,0.413164953933204,-0.0346335247745206,-0.0346335247745206,0,0,insufficient_gain,insufficient_gain,NaN,NaN,0.0764166901214977,0.127886953695294,10.7190296517398,7.405827145468e-05,6.8398983473994e-05
LOS,3,30,17,20261209,3.00322041100624,2.82481325536921,3.00322041100624,3.00322041100624,0.00322041100624304,-0.175186744630793,0.00322041100624304,0.00322041100624304,0,0,insufficient_gain,insufficient_gain,NaN,NaN,0.136194006133684,0.0686015255645889,12.306790195353,0.000165674118496328,0.000143110296585647
LOS,3,30,18,20261209,3.02516303040489,3.02828618946883,3.02516303040489,3.02516303040489,0.0251630304048862,0.0282861894688269,0.0251630304048862,0.0251630304048862,0,0,candidate_invalid,candidate_invalid,NaN,NaN,0.30819000001329,0.00416306160115401,99.7486573569515,9.95816046320819e-05,6.88915498991971e-05
LOS,3,30,19,20261209,2.99191236587773,3.11469689461224,2.99191236587773,2.99191236587773,-0.00808763412227487,0.114696894612239,-0.00808763412227487,-0.00808763412227487,0,0,insufficient_gain,insufficient_gain,NaN,NaN,0.238075345194254,0.12607947544292,6.89622408189456,0.000119758058352515,9.12466172704463e-05
LOS,3,30,20,20261209,2.99257425089914,2.99353050045604,2.99257425089914,2.99257425089914,-0.00742574910085647,-0.00646949954396137,-0.00742574910085647,-0.00742574910085647,0,0,candidate_invalid,candidate_invalid,NaN,NaN,0.00352059518395494,0.000343145751685538,62.9551190481114,7.07388158598388e-05,7.04897731254039e-05
LOS,3,30,21,20261209,3.00306549744144,3.0971810193044,3.00306549744144,3.00306549744144,0.0030654974414408,0.0971810193043976,0.0030654974414408,0.0030654974414408,0,0,insufficient_gain,insufficient_gain,NaN,NaN,0.0348892905260355,0.0950623137390982,5.00000013796694,5.99447135256614e-05,5.78532849999647e-05
LOS,3,30,22,20261209,2.99647152583106,2.99598865822381,2.99647152583106,2.99647152583106,-0.00352847416894031,-0.004011341776188,-0.00352847416894031,-0.00352847416894031,0,0,candidate_invalid,candidate_invalid,NaN,NaN,0.014074766956428,0.000682110409686165,99.9999659167147,5.85111112267889e-05,5.76875809719102e-05
LOS,3,30,23,20261209,3.0042260701604,3.00779936759587,3.0042260701604,3.0042260701604,0.00422607016040333,0.00779936759586697,0.00422607016040333,0.00422607016040333,0,0,candidate_invalid,candidate_invalid,NaN,NaN,0.212135960925384,0.00262461804087169,96.7874587067835,6.02420399102854e-05,4.74625368858117e-05
LOS,3,30,24,20261209,2.99121732554771,3.60084293200094,2.99121732554771,2.99121732554771,-0.00878267445229453,0.600842932000942,-0.00878267445229453,-0.00878267445229453,0,0,insufficient_gain,insufficient_gain,NaN,NaN,0.161365463577199,0.181349657439716,9.73307546346529,0.00011910471634935,9.98853285814061e-05
LOS,3,30,25,20261209,3.02126006106402,3.35528937175765,3.02126006106402,3.02126006106402,0.0212600610640212,0.355289371757653,0.0212600610640212,0.0212600610640212,0,0,insufficient_gain,insufficient_gain,NaN,NaN,0.0599247046477585,0.124002313041773,8.21044602230796,6.15366428702302e-05,5.78490777212171e-05
LOS,3,30,26,20261209,3.00173788691835,3.4022319735263,3.00173788691835,3.00173788691835,0.00173788691834842,0.402231973526302,0.00173788691834842,0.00173788691834842,0,0,insufficient_gain,insufficient_gain,NaN,NaN,0.200624851494503,0.106615577209452,11.9931210238994,5.67272612244096e-05,4.53463628655726e-05
LOS,3,30,27,20261209,2.98448233124513,2.98478434563133,2.98448233124513,2.98448233124513,-0.0155176687548675,-0.0152156543686672,-0.0155176687548675,-0.0155176687548675,0,0,candidate_invalid,candidate_invalid,NaN,NaN,0.4646026464957,0.0039580115859247,91.8458670942207,5.96333156333007e-05,3.19275193707558e-05
LOS,3,30,28,20261209,2.99810892132805,2.98225322977138,2.99810892132805,2.99810892132805,-0.00189107867194993,-0.0177467702286203,-0.00189107867194993,-0.00189107867194993,0,0,candidate_invalid,candidate_invalid,NaN,NaN,0.315325016760847,0.00351448986986609,57.6759778792521,4.14162090351944e-05,2.8356642227001e-05
LOS,3,30,29,20261209,2.99971172692778,3.40060879448775,2.99971172692778,2.99971172692778,-0.0002882730722229,0.400608794487747,-0.0002882730722229,-0.0002882730722229,0,0,insufficient_gain,insufficient_gain,NaN,NaN,0.338177532046597,0.103872107729522,12.8186824326421,8.46126238338574e-05,5.59985355257364e-05
LOS,3,30,30,20261209,2.99673601976295,3.16811365970314,2.99673601976295,2.99673601976295,-0.00326398023704577,0.168113659703137,-0.00326398023704577,-0.00326398023704577,0,0,insufficient_gain,insufficient_gain,NaN,NaN,0.0342175903261146,0.0579002441237207,10.0891266976339,9.00852261380702e-05,8.70027267756424e-05
LOS,3,30,31,20261209,2.97966233172282,2.98576907165276,2.97966233172282,2.97966233172282,-0.0203376682771839,-0.0142309283472351,-0.0203376682771839,-0.0203376682771839,0,0,candidate_invalid,candidate_invalid,NaN,NaN,0.200034186947852,0.00313658665376979,99.853945248336,0.000102846627212827,8.22737857579803e-05
LOS,3,30,32,20261209,3.00281145130631,3.00086555892535,3.00281145130631,3.00281145130631,0.00281145130631266,0.000865558925353227,0.00281145130631266,0.00281145130631266,0,0,candidate_invalid,candidate_invalid,NaN,NaN,0.0725106155991542,0.00259951159370085,99.9999597666509,0.000162259903025763,0.000150494337570306
LOS,3,30,33,20261209,2.98391212390899,2.98180129970089,2.98391212390899,2.98391212390899,-0.0160878760910061,-0.0181987002991129,-0.0160878760910061,-0.0160878760910061,0,0,candidate_invalid,candidate_invalid,NaN,NaN,0.0989536120974502,0.00163288649661355,99.9999987601639,4.74677430264414e-05,4.27706383958615e-05
LOS,3,30,34,20261209,3.01213769701259,3.00359659566719,3.01213769701259,3.01213769701259,0.0121376970125882,0.00359659566719461,0.0121376970125882,0.0121376970125882,0,0,candidate_invalid,candidate_invalid,NaN,NaN,0.119872676286963,0.00264718742786415,50.1959633896404,7.37280009759367e-05,6.48900281816633e-05
LOS,3,30,35,20261209,2.99452854741858,3.13205266042299,2.99452854741858,2.99452854741858,-0.00547145258142345,0.132052660422989,-0.00547145258142345,-0.00547145258142345,0,0,insufficient_gain,insufficient_gain,NaN,NaN,0.320403764923237,0.0214927466599025,27.6317209274095,6.99265617165601e-05,4.75218280744372e-05
LOS,3,30,36,20261209,2.99676399760139,2.995657411484,2.99676399760139,2.99676399760139,-0.00323600239861266,-0.00434258851600333,-0.00323600239861266,-0.00323600239861266,0,0,candidate_invalid,candidate_invalid,NaN,NaN,0.447561007774589,0.00602837540533911,99.9773607269273,0.000137933425972125,7.61998028382393e-05
LOS,3,30,37,20261209,2.99755637080515,2.99924658473013,2.99755637080515,2.99755637080515,-0.00244362919485264,-0.00075341526986783,-0.00244362919485264,-0.00244362919485264,0,0,candidate_invalid,candidate_invalid,NaN,NaN,0.18604986534041,0.00203002162085515,77.8269785819327,4.3920979745149e-05,3.57494873779451e-05
LOS,3,30,38,20261209,2.97640893270703,2.97584257121064,2.97640893270703,2.97640893270703,-0.0235910672929722,-0.0241574287893562,-0.0235910672929722,-0.0235910672929722,0,0,candidate_invalid,candidate_invalid,NaN,NaN,0.193354077061236,0.00282153227912505,68.8080386242318,9.01729952620389e-05,7.27376789873002e-05
LOS,3,30,39,20261209,2.97011423785975,3.27454239411359,2.97011423785975,2.97011423785975,-0.0298857621402515,0.274542394113586,-0.0298857621402515,-0.0298857621402515,0,0,insufficient_gain,insufficient_gain,NaN,NaN,0.0652815754311049,0.112577218229824,8.3860655196038,5.76612553115918e-05,5.3897037723516e-05
LOS,3,30,40,20261209,2.9946521123266,2.99214669088918,2.9946521123266,2.9946521123266,-0.00534788767339966,-0.00785330911082394,-0.00534788767339966,-0.00534788767339966,0,0,candidate_invalid,candidate_invalid,NaN,NaN,0.104246782728076,0.00213447776975373,95.687213362017,7.92974179886219e-05,7.10309172846646e-05
LOS,3,30,41,20261209,2.98067438214703,3.46194947785054,2.98067438214703,2.98067438214703,-0.019325617852973,0.461949477850542,-0.019325617852973,-0.019325617852973,0,0,insufficient_gain,insufficient_gain,NaN,NaN,0.0837414778324869,0.149782493411791,9.61635479663917,0.000119404910598142,0.000109405766924198
LOS,3,30,42,20261209,2.99951434114676,2.99929893052643,2.99951434114676,2.99951434114676,-0.000485658853236259,-0.000701069473569405,-0.000485658853236259,-0.000485658853236259,0,0,candidate_invalid,candidate_invalid,NaN,NaN,0,1.34059531314279e-11,90.263295105215,0.000137271617617341,0.000137271617618451
LOS,3,30,43,20261209,3.00802733723252,2.98007668836699,3.00802733723252,3.00802733723252,0.00802733723251592,-0.0199233116330118,0.00802733723251592,0.00802733723251592,0,0,insufficient_gain,insufficient_gain,NaN,NaN,0.0256413707931667,0.0287131653565589,7.47500645771375,6.75105864793579e-05,6.57795224989766e-05
LOS,3,30,44,20261209,3.00919500631182,3.65357604453349,3.00919500631182,3.00919500631182,0.00919500631181869,0.653576044533491,0.00919500631181869,0.00919500631181869,0,0,insufficient_gain,insufficient_gain,NaN,NaN,0.348267947129778,0.154981022632553,12.7206127917475,9.59189094333901e-05,6.25134277540962e-05
LOS,3,30,45,20261209,2.99424328649244,3.77352290869226,2.99424328649244,2.99424328649244,-0.00575671350756268,0.773522908692255,-0.00575671350756268,-0.00575671350756268,0,0,insufficient_gain,insufficient_gain,NaN,NaN,0.178662673467929,0.20419167274625,10.7665671009164,9.89793628836111e-05,8.12954452926729e-05
LOS,3,30,46,20261209,2.97914032585105,3.44909226850189,2.97914032585105,2.97914032585105,-0.0208596741489466,0.449092268501895,-0.0208596741489466,-0.0208596741489466,0,0,insufficient_gain,insufficient_gain,NaN,NaN,0.16307620826368,0.106814191580613,14.1728414086158,6.52399407388149e-05,5.46008585757818e-05
LOS,3,30,47,20261209,2.99714631506201,3.06512874319433,2.99714631506201,2.99714631506201,-0.00285368493799254,0.0651287431943275,-0.00285368493799254,-0.00285368493799254,0,0,insufficient_gain,insufficient_gain,NaN,NaN,0.00869967454954446,0.0634566988833623,5.00011590659104,9.37464910322205e-05,9.29309270700784e-05
LOS,3,30,48,20261209,2.98975662980723,3.18169256953238,2.98975662980723,2.98975662980723,-0.0102433701927671,0.181692569532378,-0.0102433701927671,-0.0102433701927671,0,0,insufficient_gain,insufficient_gain,NaN,NaN,0.0113362104451852,0.115319832739788,5.08871048146597,3.81597848013726e-05,3.77271974503213e-05
LOS,3,30,49,20261209,2.9823910930866,3.43589345909599,2.9823910930866,2.9823910930866,-0.0176089069134009,0.435893459095988,-0.0176089069134009,-0.0176089069134009,0,0,insufficient_gain,insufficient_gain,NaN,NaN,0.138453435687544,0.135554970830257,10.2168669145684,7.12536472857739e-05,6.138833501379e-05
LOS,3,30,50,20261209,2.99442907165699,2.99125062647057,2.99442907165699,2.99442907165699,-0.00557092834301454,-0.00874937352943039,-0.00557092834301454,-0.00557092834301454,0,0,candidate_invalid,candidate_invalid,NaN,NaN,0.15117006525022,0.00252202074980453,99.9999758984261,7.56465402933504e-05,6.42110478612512e-05
LOS,5,30,1,20261209,5.01451012630021,4.96928249490843,5.01451012630021,5.01451012630021,0.0145101263002116,-0.0307175050915678,0.0145101263002116,0.0145101263002116,0,0,candidate_invalid,candidate_invalid,NaN,NaN,0.00355129500120824,0.0179646259522227,9.96772160530146,9.23934322525355e-05,9.20653159184326e-05
LOS,5,30,2,20261209,5.01064648107213,5.29916127402817,5.01064648107213,5.01064648107213,0.0106464810721327,0.299161274028171,0.0106464810721327,0.0106464810721327,0,0,insufficient_gain,insufficient_gain,NaN,NaN,0.0581161524959708,0.0601346436862767,16.4952475772383,9.9218686629321e-05,9.34524783067214e-05
LOS,5,30,3,20261209,5.03377773591488,5.01258833140336,5.03377773591488,5.03377773591488,0.0337777359148799,0.0125883314033572,0.0337777359148799,0.0337777359148799,0,0,candidate_invalid,candidate_invalid,NaN,NaN,0.000923149376164837,0.00888497659780032,8.50048631470856,5.02716735977238e-05,5.02252653336033e-05
LOS,5,30,4,20261209,5.00995471514428,4.97333792996799,5.00995471514428,5.00995471514428,0.00995471514427848,-0.0266620700320139,0.00995471514427848,0.00995471514427848,0,0,candidate_invalid,candidate_invalid,NaN,NaN,0.199995350923994,0.00645791447035646,44.3891614956746,0.000124592258393674,9.96743859538185e-05
LOS,5,30,5,20261209,4.98884607900253,5.26660504616847,4.98884607900253,4.98884607900253,-0.011153920997466,0.266605046168474,-0.011153920997466,-0.011153920997466,0,0,insufficient_gain,insufficient_gain,NaN,NaN,0.0530980192019122,0.0864072162576832,10.2562190925615,4.24881526361887e-05,4.02321158916585e-05
LOS,5,30,6,20261209,4.99831787672274,5.42768715876346,4.99831787672274,4.99831787672274,-0.00168212327725747,0.427687158763456,-0.00168212327725747,-0.00168212327725747,0,0,insufficient_gain,insufficient_gain,NaN,NaN,0.272970584828516,0.0772735639432488,19.5929793141689,0.000103275410895387,7.50842615848679e-05
LOS,5,30,7,20261209,5.02876070938731,5.17397869812789,5.02876070938731,5.02876070938731,0.028760709387309,0.173978698127886,0.028760709387309,0.028760709387309,0,0,insufficient_gain,insufficient_gain,NaN,NaN,0.0650374359647375,0.135081835971477,5.00000007256252,8.96289447001042e-05,8.37997079485842e-05
LOS,5,30,8,20261209,4.9989566722378,4.94542886075702,4.9989566722378,4.9989566722378,-0.00104332776219795,-0.0545711392429755,-0.00104332776219795,-0.00104332776219795,0,0,candidate_invalid,candidate_invalid,NaN,NaN,0.268270515202764,0.00908313875778676,32.9722909349991,6.36313956998702e-05,4.65609683923951e-05
LOS,5,30,9,20261209,5.00026531934119,5.00066127386279,5.00026531934119,5.00026531934119,0.000265319341194115,0.000661273862794687,0.000265319341194115,0.000265319341194115,0,0,candidate_invalid,candidate_invalid,NaN,NaN,0,4.14715858852077e-10,5.26627665808321,7.36013854283346e-05,7.36013854372164e-05
LOS,5,30,10,20261209,4.98714591182386,4.97043028890382,4.98714591182386,4.98714591182386,-0.0128540881761392,-0.0295697110961761,-0.0128540881761392,-0.0128540881761392,0,0,insufficient_gain,insufficient_gain,NaN,NaN,0.11279810350741,0.0256728494674029,10.9308806002996,5.5721502088879e-05,4.94362223286693e-05
LOS,5,30,11,20261209,5.02038568362733,4.98672410223038,5.02038568362733,5.02038568362733,0.0203856836273273,-0.013275897769617,0.0203856836273273,0.0203856836273273,0,0,insufficient_gain,insufficient_gain,NaN,NaN,0.00757751354766197,0.034920655295574,5.81340847160293,7.03811165825297e-05,6.9847802718126e-05
LOS,5,30,12,20261209,4.99847194736076,4.96784415903986,4.99847194736076,4.99847194736076,-0.00152805263923828,-0.0321558409601401,-0.00152805263923828,-0.00152805263923828,0,0,insufficient_gain,insufficient_gain,NaN,NaN,0.0116787877726182,0.0415118011680057,5.10944468792925,4.69989432914097e-05,4.64500526071721e-05
LOS,5,30,13,20261209,4.99547799121656,4.99523878670262,4.99547799121656,4.99547799121656,-0.004522008783443,-0.00476121329738355,-0.004522008783443,-0.004522008783443,0,0,candidate_invalid,candidate_invalid,NaN,NaN,0.266155236906753,0.00218163995458772,80.0565633472907,3.53373659285339e-05,2.59321409281643e-05
LOS,5,30,14,20261209,4.95791640215893,5.29371439222935,4.95791640215893,4.95791640215893,-0.0420835978410716,0.293714392229351,-0.0420835978410716,-0.0420835978410716,0,0,insufficient_gain,insufficient_gain,NaN,NaN,0.152845325041171,0.0870230608496206,12.7620709109927,7.27744607844638e-05,6.16512246711665e-05
LOS,5,30,15,20261209,4.97201954090794,5.35142059447186,4.97201954090794,4.97201954090794,-0.0279804590920643,0.351420594471863,-0.0279804590920643,-0.0279804590920643,0,0,insufficient_gain,insufficient_gain,NaN,NaN,0.236425769594088,0.0900555951160629,13.9875139053021,6.99243007704631e-05,5.33923941474779e-05
LOS,5,30,16,20261209,4.98893747762342,4.94117800681352,4.98893747762342,4.98893747762342,-0.0110625223765846,-0.0588219931864788,-0.0110625223765846,-0.0110625223765846,0,0,insufficient_gain,insufficient_gain,NaN,NaN,0.0238513408025993,0.0300377990222754,8.23903302435788,4.87348300708401e-05,4.75724390298637e-05
LOS,5,30,17,20261209,4.99837554061436,4.99474176824761,4.99837554061436,4.99837554061436,-0.00162445938564293,-0.00525823175238926,-0.00162445938564293,-0.00162445938564293,0,0,candidate_invalid,candidate_invalid,NaN,NaN,0.404487593151,0.00426537309519876,79.6642548135236,8.10983771195595e-05,4.82950897500167e-05
LOS,5,30,18,20261209,5.0026026197029,5.0121490903916,5.0026026197029,5.0026026197029,0.00260261970289655,0.0121490903915955,0.00260261970289655,0.00260261970289655,0,0,candidate_invalid,candidate_invalid,NaN,NaN,0.000184050901271716,0.00706044165759141,5.78607302698793,0.0001176868163284,0.000117665155963786
LOS,5,30,19,20261209,4.98912531166722,4.99196924570703,4.98912531166722,4.98912531166722,-0.0108746883327768,-0.00803075429296918,-0.0108746883327768,-0.0108746883327768,0,0,candidate_invalid,candidate_invalid,NaN,NaN,0.309193391793356,0.00413215204680398,79.444495792507,0.000105897860165571,7.31549415973198e-05
LOS,5,30,20,20261209,4.99725266168299,4.99737725942673,4.99725266168299,4.99725266168299,-0.0027473383170129,-0.00262274057327261,-0.0027473383170129,-0.0027473383170129,0,0,candidate_invalid,candidate_invalid,NaN,NaN,0,1.96598335040824e-09,9.96090242572348,8.46334428437068e-05,8.46334428676876e-05
LOS,5,30,21,20261209,4.99623463387827,4.95293907684599,4.99623463387827,4.99623463387827,-0.00376536612172895,-0.047060923154012,-0.00376536612172895,-0.00376536612172895,0,0,candidate_invalid,candidate_invalid,NaN,NaN,0.552015678628791,0.00757623433620926,49.1295973263248,7.36065403075248e-05,3.2974576008149e-05
LOS,5,30,22,20261209,5.01669061119113,4.99736709365436,5.01669061119113,5.01669061119113,0.0166906111911258,-0.00263290634564406,0.0166906111911258,0.0166906111911258,0,0,candidate_invalid,candidate_invalid,NaN,NaN,0.000947996417078,0.00880187821824452,8.76925238647928,0.00010420015539081,0.000104101374016841
LOS,5,30,23,20261209,5.01160761481708,5.47023932222466,5.01160761481708,5.01160761481708,0.0116076148170761,0.470239322224664,0.0116076148170761,0.0116076148170761,0,0,insufficient_gain,insufficient_gain,NaN,NaN,0.0591935694333911,0.12628648720042,11.1796286230101,9.95024708496661e-05,9.36125644326324e-05
LOS,5,30,24,20261209,5.01936447579436,5.02617622783039,5.01936447579436,5.01936447579436,0.0193644757943616,0.0261762278303852,0.0193644757943616,0.0193644757943616,0,0,candidate_invalid,candidate_invalid,NaN,NaN,0.0972677911288107,0.0024518690448477,68.9930938196592,9.98147129755989e-05,9.01059563223061e-05
LOS,5,30,25,20261209,4.98761229185277,4.97155929198602,4.98761229185277,4.98761229185277,-0.0123877081472283,-0.0284407080139815,-0.0123877081472283,-0.0123877081472283,0,0,candidate_invalid,candidate_invalid,NaN,NaN,0.00123720861325234,0.0110276619331195,6.80801093470087,6.4490532103223e-05,6.44107438614316e-05
LOS,5,30,26,20261209,5.01656795059266,5.64152252140943,5.01656795059266,5.01656795059266,0.0165679505926617,0.641522521409428,0.0165679505926617,0.0165679505926617,0,0,insufficient_gain,insufficient_gain,NaN,NaN,0.149684937834308,0.181026943616841,9.9061142132705,7.00105933206796e-05,5.95310620117306e-05
LOS,5,30,27,20261209,4.97854582333471,5.50215099295476,4.97854582333471,4.97854582333471,-0.0214541766652925,0.502150992954757,-0.0214541766652925,-0.0214541766652925,0,0,insufficient_gain,insufficient_gain,NaN,NaN,0.0464003696429568,0.169976616737566,8.84883387955628,6.88030016293695e-05,6.56105169212218e-05
LOS,5,30,28,20261209,4.9817692848902,4.96830506470029,4.9817692848902,4.9817692848902,-0.0182307151098025,-0.0316949352997113,-0.0182307151098025,-0.0182307151098025,0,0,candidate_invalid,candidate_invalid,NaN,NaN,0.161843533715042,0.00269178135630028,56.749202778622,7.12734214463051e-05,5.97382790594736e-05
LOS,5,30,29,20261209,4.97407967514277,5.33320113670223,4.97407967514277,4.97407967514277,-0.0259203248572302,0.333201136702231,-0.0259203248572302,-0.0259203248572302,0,0,insufficient_gain,insufficient_gain,NaN,NaN,0.150008954794921,0.123330037118466,9.37490899937658,0.000116457209504262,9.89875852281941e-05
LOS,5,30,30,20261209,4.98879681040511,4.95343471212745,4.98879681040511,4.98879681040511,-0.0112031895948936,-0.0465652878725482,-0.0112031895948936,-0.0112031895948936,0,0,candidate_invalid,candidate_invalid,NaN,NaN,0.465665536255742,0.00643914693592793,40.7493665863618,4.66074000884387e-05,2.490394013277e-05
LOS,5,30,31,20261209,4.99218585343104,4.99558574899279,4.99218585343104,4.99218585343104,-0.00781414656895585,-0.00441425100721116,-0.00781414656895585,-0.00781414656895585,0,0,candidate_invalid,candidate_invalid,NaN,NaN,0.112297206509137,0.00240086673391382,52.2444611573008,8.13187024246709e-05,7.21868393054326e-05
LOS,5,30,32,20261209,5.01204862372974,5.07120358783623,5.01204862372974,5.01204862372974,0.0120486237297364,0.0712035878362265,0.0120486237297364,0.0120486237297364,0,0,insufficient_gain,insufficient_gain,NaN,NaN,0.182084940782008,0.100652450313543,6.84000925159391,9.95348027976739e-05,8.14110141245106e-05
LOS,5,30,33,20261209,5.00579388891625,5.4094496763998,5.00579388891625,5.00579388891625,0.00579388891624699,0.409449676399795,0.00579388891624699,0.00579388891624699,0,0,insufficient_gain,insufficient_gain,NaN,NaN,0.260310059369546,0.0869547457264552,15.6284037476678,7.7214191447128e-05,5.71145606873547e-05
LOS,5,30,34,20261209,4.98266770270419,5.12610554116833,4.98266770270419,4.98266770270419,-0.0173322972958099,0.126105541168327,-0.0173322972958099,-0.0173322972958099,0,0,insufficient_gain,insufficient_gain,NaN,NaN,0.00374491927097495,0.0941596632509595,5.00016649861937,0.00011863077147134,0.000118186508809126
LOS,5,30,35,20261209,4.99347876166847,4.98540031479921,4.99347876166847,4.99347876166847,-0.00652123833153428,-0.0145996852007944,-0.00652123833153428,-0.00652123833153428,0,0,insufficient_gain,insufficient_gain,NaN,NaN,0.00368714336318568,0.0218095543302119,5.14354966111485,5.49220844516807e-05,5.47195788525023e-05
LOS,5,30,36,20261209,4.9907442652842,4.9903458584642,4.9907442652842,4.9907442652842,-0.00925573471580243,-0.00965414153579758,-0.00925573471580243,-0.00925573471580243,0,0,candidate_invalid,candidate_invalid,NaN,NaN,0.164402322972736,0.00281252463967265,60.3888639931919,9.93053320927917e-05,8.29793048131577e-05
LOS,5,30,37,20261209,4.999449967907,5.04524816136076,4.999449967907,4.999449967907,-0.000550032093003416,0.0452481613607638,-0.000550032093003416,-0.000550032093003416,0,0,insufficient_gain,insufficient_gain,NaN,NaN,0.0274949669815035,0.0432314576323423,6.82927185825898,8.08657887689801e-05,7.86423865768437e-05
LOS,5,30,38,20261209,5.00366473030004,5.00192350583535,5.00366473030004,5.00366473030004,0.00366473030003878,0.00192350583534839,0.00366473030003878,0.00366473030003878,0,0,candidate_invalid,candidate_invalid,NaN,NaN,0.446084134052284,0.00478701622995189,75.6335845322359,8.13882810428712e-05,4.50822601718581e-05
LOS,5,30,39,20261209,5.00676636454495,5.63001667073071,5.00676636454495,5.00676636454495,0.00676636454494517,0.630016670730708,0.00676636454494517,0.00676636454494517,0,0,insufficient_gain,insufficient_gain,NaN,NaN,0.160321790044446,0.210257864831637,8.31277147733006,0.000163720207732254,0.000137472290962171
LOS,5,30,40,20261209,4.99818989909299,5.62299698825856,4.99818989909299,4.99818989909299,-0.00181010090700617,0.622996988258556,-0.00181010090700617,-0.00181010090700617,0,0,insufficient_gain,insufficient_gain,NaN,NaN,0.449300411580217,0.140320213363186,13.9965445233109,7.82905889640251e-05,4.3114595119631e-05
LOS,5,30,41,20261209,4.99689902728192,4.94794615566153,4.99689902728192,4.99689902728192,-0.00310097271808285,-0.0520538443384684,-0.00310097271808285,-0.00310097271808285,0,0,insufficient_gain,insufficient_gain,NaN,NaN,0.00397341634319079,0.0398227699034671,5.77948866306299,0.00013244520291833,0.000131918942984477
LOS,5,30,42,20261209,4.98996475643361,5.65578700576962,4.98996475643361,4.98996475643361,-0.0100352435663895,0.655787005769616,-0.0100352435663895,-0.0100352435663895,0,0,insufficient_gain,insufficient_gain,NaN,NaN,0.287458400682505,0.188532467636287,10.056886025913,3.14293241150398e-05,2.23947008703984e-05
LOS,5,30,43,20261209,5.01282631643524,5.42140134428369,5.01282631643524,5.01282631643524,0.012826316435242,0.421401344283685,0.012826316435242,0.012826316435242,0,0,insufficient_gain,insufficient_gain,NaN,NaN,0.147315197278754,0.125432853542879,10.2856981717051,0.000121097891348843,0.000103258331594747
LOS,5,30,44,20261209,4.98846477140892,4.98483529671813,4.98846477140892,4.98846477140892,-0.0115352285910806,-0.0151647032818687,-0.0115352285910806,-0.0115352285910806,0,0,candidate_invalid,candidate_invalid,NaN,NaN,0.410281501317337,0.00313152313901797,90.2248486064923,4.61159739919559e-05,2.71954429478249e-05
LOS,5,30,45,20261209,4.97940417861844,5.39470472349958,4.97940417861844,4.97940417861844,-0.0205958213815576,0.394704723499583,-0.0205958213815576,-0.0205958213815576,0,0,insufficient_gain,insufficient_gain,NaN,NaN,0.0261236141774823,0.123593160825314,10.2399115183431,9.68451728347031e-05,9.43152269046177e-05
LOS,5,30,46,20261209,5.00517781490661,4.97003290263885,5.00517781490661,5.00517781490661,0.00517781490660685,-0.0299670973611548,0.00517781490660685,0.00517781490660685,0,0,insufficient_gain,insufficient_gain,NaN,NaN,0.00581246552041795,0.0288679547797099,5.30686880770172,4.88504877405038e-05,4.85665459648565e-05
LOS,5,30,47,20261209,5.00432222133338,5.50929954167518,5.00432222133338,5.00432222133338,0.00432222133338023,0.50929954167518,0.00432222133338023,0.00432222133338023,0,0,insufficient_gain,insufficient_gain,NaN,NaN,0.102637602808011,0.116054458974529,13.8469183505569,0.000123916349894948,0.000111197872793012
LOS,5,30,48,20261209,4.99781967133543,5.53501847000067,4.99781967133543,4.99781967133543,-0.00218032866456941,0.535018470000669,-0.00218032866456941,-0.00218032866456941,0,0,insufficient_gain,insufficient_gain,NaN,NaN,0.162025537689622,0.131584254541784,12.7299315605226,0.000112822240260213,9.45421561187043e-05
LOS,5,30,49,20261209,5.03137302123139,4.81817146659181,5.03137302123139,5.03137302123139,0.0313730212313912,-0.181828533408192,0.0313730212313912,0.0313730212313912,0,0,insufficient_gain,insufficient_gain,NaN,NaN,0.0425908560449259,0.0596555646447254,13.6142627057517,0.000126964899767712,0.000121557355998947
LOS,5,30,50,20261209,4.98680104355896,4.99083432246513,4.98680104355896,4.98680104355896,-0.0131989564410402,-0.00916567753486852,-0.0131989564410402,-0.0131989564410402,0,0,insufficient_gain,insufficient_gain,NaN,NaN,0.0783050198434674,0.114634133332343,5.06864620732415,9.06039990395957e-05,8.35092510969027e-05
LOS,10,30,1,20261209,10.0032261944705,10.0966298112292,10.0032261944705,10.0032261944705,0.00322619447049455,0.096629811229235,0.00322619447049455,0.00322619447049455,0,0,insufficient_gain,insufficient_gain,NaN,NaN,0.0876042703036305,0.0977986354682053,5.44955213119313,6.55467354933048e-05,5.98045615596288e-05
LOS,10,30,2,20261209,9.99775680564372,9.9875039652561,9.99775680564372,9.99775680564372,-0.00224319435628395,-0.0124960347439025,-0.00224319435628395,-0.00224319435628395,0,0,candidate_invalid,candidate_invalid,NaN,NaN,0.00680110274218533,0.00165819142140539,34.0378707447294,0.000131887194675162,0.000130990216313798
LOS,10,30,3,20261209,9.99573303184649,9.99069517149546,9.99573303184649,9.99573303184649,-0.00426696815351235,-0.00930482850453629,-0.00426696815351235,-0.00426696815351235,0,0,candidate_invalid,candidate_invalid,NaN,NaN,0.181870451679088,0.00325847920273786,99.8296633096899,9.40428245248537e-05,7.69392135513414e-05
LOS,10,30,4,20261209,10.0129755996691,9.91139567105714,10.0129755996691,10.0129755996691,0.0129755996691046,-0.0886043289428642,0.0129755996691046,0.0129755996691046,0,0,insufficient_gain,insufficient_gain,NaN,NaN,0.0438684593852293,0.0356378559961446,11.0885931676848,0.000132012997344333,0.000126221790532011
LOS,10,30,5,20261209,10.0009872224517,9.97710532198629,10.0009872224517,10.0009872224517,0.000987222451653835,-0.02289467801371,0.000987222451653835,0.000987222451653835,0,0,insufficient_gain,insufficient_gain,NaN,NaN,0.088352372261233,0.030454018328704,12.3878969442875,0.000145329982971898,0.000132489734215646
LOS,10,30,6,20261209,10.0092863969743,10.0094202834285,10.0092863969743,10.0092863969743,0.00928639697425737,0.00942028342846868,0.00928639697425737,0.00928639697425737,0,0,candidate_invalid,candidate_invalid,NaN,NaN,0.111027295763986,0.00169246567724956,92.9817297860135,4.50532623257338e-05,4.00511204443621e-05
LOS,10,30,7,20261209,9.99890558064514,10.2951055282319,9.99890558064514,9.99890558064514,-0.0010944193548621,0.295105528231865,-0.0010944193548621,-0.0010944193548621,0,0,insufficient_gain,insufficient_gain,NaN,NaN,0.0209777674018463,0.110903804849007,8.17123691430858,3.36777217948558e-05,3.29712383804193e-05
LOS,10,30,8,20261209,9.98020949127504,10.5543307430621,9.98020949127504,9.98020949127504,-0.019790508724963,0.554330743062108,-0.019790508724963,-0.019790508724963,0,0,insufficient_gain,insufficient_gain,NaN,NaN,0.0891367415793291,0.234698757317142,6.46394265699865,6.45307441473619e-05,5.87786838823767e-05
LOS,10,30,9,20261209,9.98846898416156,10.5559556506241,9.98846898416156,9.98846898416156,-0.011531015838445,0.555955650624103,-0.011531015838445,-0.011531015838445,0,0,insufficient_gain,insufficient_gain,NaN,NaN,0.0430797991649616,0.163037735609752,10.2050083443992,0.000149599311988435,0.000143154603672757
LOS,10,30,10,20261209,9.98878469000094,10.6069659461331,9.98878469000094,9.98878469000094,-0.0112153099990593,0.606965946133144,-0.0112153099990593,-0.0112153099990593,0,0,insufficient_gain,insufficient_gain,NaN,NaN,0.188294566133367,0.140503571913345,13.7153232991629,0.000141397434249013,0.000114773065714724
LOS,10,30,11,20261209,10.0056727292374,10.673443151494,10.0056727292374,10.0056727292374,0.00567272923736439,0.673443151494034,0.00567272923736439,0.00567272923736439,0,0,insufficient_gain,insufficient_gain,NaN,NaN,0.229642856461467,0.20851664176613,8.87251733837629,5.54733990838496e-05,4.27343292606075e-05
LOS,10,30,12,20261209,9.99550571124169,10.6232783919844,9.99550571124169,9.99550571124169,-0.00449428875831259,0.623278391984449,-0.00449428875831259,-0.00449428875831259,0,0,insufficient_gain,insufficient_gain,NaN,NaN,0.155762411426024,0.158300968223449,11.9162065591239,0.000109034981929934,9.20514302147346e-05
LOS,10,30,13,20261209,9.98285775113918,9.99032390506371,9.98285775113918,9.98285775113918,-0.0171422488608233,-0.00967609493628885,-0.0171422488608233,-0.0171422488608233,0,0,candidate_invalid,candidate_invalid,NaN,NaN,0.0594878258834056,0.0155072690056009,11.8931471010296,5.92453217458377e-05,5.5720946361415e-05
LOS,10,30,14,20261209,9.99240328938924,10.2701767643809,9.99240328938924,9.99240328938924,-0.00759671061075906,0.270176764380857,-0.00759671061075906,-0.00759671061075906,0,0,insufficient_gain,insufficient_gain,NaN,NaN,0.0294756370096767,0.066791370241025,13.9016781610815,0.000148341169497357,0.000143968719031662
LOS,10,30,15,20261209,9.99200255298472,10.7955849177017,9.99200255298472,9.99200255298472,-0.00799744701527949,0.795584917701724,-0.00799744701527949,-0.00799744701527949,0,0,insufficient_gain,insufficient_gain,NaN,NaN,0.253429711761741,0.238139652426642,9.01692162804999,6.19857809780466e-05,4.62767423714538e-05
LOS,10,30,16,20261209,9.99581618189827,10.7401711623781,9.99581618189827,9.99581618189827,-0.00418381810172974,0.740171162378111,-0.00418381810172974,-0.00418381810172974,0,0,insufficient_gain,insufficient_gain,NaN,NaN,0.44103612178406,0.249343560373658,8.0387023955987,0.000107533073937294,6.01071040444712e-05
LOS,10,30,17,20261209,10.0024113553077,10.0788028905027,10.0024113553077,10.0024113553077,0.00241135530766634,0.0788028905027005,0.00241135530766634,0.00241135530766634,0,0,insufficient_gain,insufficient_gain,NaN,NaN,0.00273170015643112,0.0602102579026666,5.15763348024334,7.2067624874661e-05,7.18707577325173e-05
LOS,10,30,18,20261209,10.008222024617,10.0079062225076,10.008222024617,10.008222024617,0.00822202461695021,0.00790622250763917,0.00822202461695021,0.00822202461695021,0,0,candidate_invalid,candidate_invalid,NaN,NaN,0.201026915646575,0.00367994358602738,99.8980085336686,0.000124068749687067,9.91275916093493e-05
LOS,10,30,19,20261209,10.0066159632288,9.8884847380483,10.0066159632288,10.0066159632288,0.00661596322876612,-0.111515261951704,0.00661596322876612,0.00661596322876612,0,0,insufficient_gain,insufficient_gain,NaN,NaN,0.350279174010271,0.0239986998273961,24.0985015329924,0.000108639195282256,7.0585147693647e-05
LOS,10,30,20,20261209,9.96407804767431,10.2864283345881,9.96407804767431,9.96407804767431,-0.0359219523256904,0.286428334588081,-0.0359219523256904,-0.0359219523256904,0,0,insufficient_gain,insufficient_gain,NaN,NaN,0.0266868303862297,0.137358974517828,7.04362628232086,0.00010889743001874,0.000105991302774333
LOS,10,30,21,20261209,9.99829986752525,9.99855295151352,9.99829986752525,9.99829986752525,-0.00170013247475076,-0.00144704848648125,-0.00170013247475076,-0.00170013247475076,0,0,candidate_invalid,candidate_invalid,NaN,NaN,0,2.79063641795543e-10,10.3808226780513,8.10128944259692e-05,8.10128944390698e-05
LOS,10,30,22,20261209,10.0092291265234,9.99698972399075,10.0092291265234,10.0092291265234,0.00922912652335128,-0.00301027600924542,0.00922912652335128,0.00922912652335128,0,0,insufficient_gain,insufficient_gain,NaN,NaN,0.0215349283127894,0.0421866080343201,5.54245024922989,6.86524130784072e-05,6.71739882842637e-05
LOS,10,30,23,20261209,10.0102999884894,10.0108407185558,10.0102999884894,10.0102999884894,0.0102999884894359,0.0108407185557748,0.0102999884894359,0.0102999884894359,0,0,candidate_invalid,candidate_invalid,NaN,NaN,0,4.07031082173225e-11,25.8389687853386,7.71183938652609e-05,7.71183938772513e-05
LOS,10,30,24,20261209,9.96566111883939,10.1482999393525,9.96566111883939,9.96566111883939,-0.0343388811606111,0.148299939352533,-0.0343388811606111,-0.0343388811606111,0,0,candidate_invalid,candidate_invalid,NaN,NaN,0,0.10953485192697,5.00315845284691,8.12781555810105e-05,8.21097348713273e-05
LOS,10,30,25,20261209,9.98830377009362,10.2668298275479,9.98830377009362,9.98830377009362,-0.011696229906379,0.266829827547937,-0.011696229906379,-0.011696229906379,0,0,insufficient_gain,insufficient_gain,NaN,NaN,0.0733736112255742,0.0790890242732125,11.8184841515948,0.000134041010690256,0.000124205937683586
LOS,10,30,26,20261209,9.98854554268201,10.324240985201,9.98854554268201,9.98854554268201,-0.0114544573179867,0.324240985201044,-0.0114544573179867,-0.0114544573179867,0,0,insufficient_gain,insufficient_gain,NaN,NaN,0.0381177711072486,0.0874160466687696,12.3481410753704,7.32978739557133e-05,7.05039223736215e-05
LOS,10,30,27,20261209,9.9778465109848,10.5293622071285,9.9778465109848,9.9778465109848,-0.0221534890152011,0.529362207128457,-0.0221534890152011,-0.0221534890152011,0,0,insufficient_gain,insufficient_gain,NaN,NaN,0.0379068134737785,0.221116203510235,6.65136359423379,7.52394529939249e-05,7.2387365083415e-05
LOS,10,30,28,20261209,9.98122124461047,10.2993196417646,9.98122124461047,9.98122124461047,-0.018778755389528,0.299319641764647,-0.018778755389528,-0.018778755389528,0,0,insufficient_gain,insufficient_gain,NaN,NaN,0.056172031031363,0.0835937752367381,12.3173717955026,4.41164914564141e-05,4.16383785293295e-05
LOS,10,30,29,20261209,9.9878102885032,9.93586484845871,9.9878102885032,9.9878102885032,-0.0121897114968021,-0.0641351515412936,-0.0121897114968021,-0.0121897114968021,0,0,candidate_invalid,candidate_invalid,NaN,NaN,0.0753359582501756,0.00869182098774795,26.9269009229816,5.18887954690239e-05,4.79797033399176e-05
LOS,10,30,30,20261209,10.0052243171303,10.0013129600868,10.0052243171303,10.0052243171303,0.00522431713031679,0.00131296008676784,0.00522431713031679,0.00522431713031679,0,0,candidate_invalid,candidate_invalid,NaN,NaN,0.0695853941987009,0.0016599956754791,59.9236147536895,7.33153487535443e-05,6.82136713097137e-05
LOS,10,30,31,20261209,9.99313590774489,9.85021439683427,9.99313590774489,9.99313590774489,-0.00686409225510864,-0.149785603165732,-0.00686409225510864,-0.00686409225510864,0,0,insufficient_gain,insufficient_gain,NaN,NaN,0.175765138190708,0.155596499120584,6.33489302836182,6.90418540172377e-05,5.69067030049553e-05
LOS,10,30,32,20261209,9.9848267306011,9.98570254991462,9.9848267306011,9.9848267306011,-0.0151732693988986,-0.0142974500853832,-0.0151732693988986,-0.0151732693988986,0,0,candidate_invalid,candidate_invalid,NaN,NaN,0.106547066158886,0.00261653551830249,90.2860394977039,0.000114697750438486,0.000102477041634241
LOS,10,30,33,20261209,9.99892368034323,10.5981355703961,9.99892368034323,9.99892368034323,-0.0010763196567698,0.598135570396146,-0.0010763196567698,-0.0010763196567698,0,0,insufficient_gain,insufficient_gain,NaN,NaN,0.0428255870462354,0.29146434151395,5.00061217570863,0.000106007105348027,0.000101467288830426
LOS,10,30,34,20261209,9.99483798929455,10.0001898277879,9.99483798929455,9.99483798929455,-0.00516201070544753,0.000189827787924202,-0.00516201070544753,-0.00516201070544753,0,0,candidate_invalid,candidate_invalid,NaN,NaN,0.000152858975525282,0.00733339344841153,5.00012748687994,0.000109070402021239,0.000109053729631325
LOS,10,30,35,20261209,9.98183311513633,9.98658845314817,9.98183311513633,9.98183311513633,-0.0181668848636711,-0.0134115468518345,-0.0181668848636711,-0.0181668848636711,0,0,candidate_invalid,candidate_invalid,NaN,NaN,0.393963158353009,0.00411766373074812,99.9916073374208,8.22461556482246e-05,4.98442004066568e-05
LOS,10,30,36,20261209,9.98657986486206,10.0284872039963,9.98657986486206,9.98657986486206,-0.0134201351379435,0.028487203996292,-0.0134201351379435,-0.0134201351379435,0,0,insufficient_gain,insufficient_gain,NaN,NaN,0.0111190018386022,0.0304046609815401,6.54544475101576,7.35126445490231e-05,7.2695257319122e-05
LOS,10,30,37,20261209,10.0039811317446,10.3650001472281,10.0039811317446,10.0039811317446,0.00398113174464676,0.365000147228141,0.00398113174464676,0.00398113174464676,0,0,insufficient_gain,insufficient_gain,NaN,NaN,0.169211633554669,0.0756259666133783,16.4841369459827,0.000124726815922793,0.000103621587652425
LOS,10,30,38,20261209,9.98170344005132,10.932880111985,9.98170344005132,9.98170344005132,-0.0182965599486753,0.932880111985043,-0.0182965599486753,-0.0182965599486753,0,0,insufficient_gain,insufficient_gain,NaN,NaN,0.25963977641764,0.27900631656129,8.65906296864153,0.000104265834311779,7.71942764030698e-05
LOS,10,30,39,20261209,10.0097524037134,10.9023555943071,10.0097524037134,10.0097524037134,0.00975240371344022,0.902355594307146,0.00975240371344022,0.00975240371344022,0,0,insufficient_gain,insufficient_gain,NaN,NaN,0.394977429217729,0.227389475737961,10.8555050055113,0.000107126253376721,6.48138012162569e-05
LOS,10,30,40,20261209,10.0029253072885,10.6331276815206,10.0029253072885,10.0029253072885,0.00292530728848917,0.633127681520637,0.00292530728848917,0.00292530728848917,0,0,insufficient_gain,insufficient_gain,NaN,NaN,0.123678024558112,0.172516439195134,10.6897940194867,0.000108548254105445,9.51232204684516e-05
LOS,10,30,41,20261209,10.0210696024518,9.92252780351986,10.0210696024518,10.0210696024518,0.0210696024518136,-0.0774721964801408,0.0210696024518136,0.0210696024518136,0,0,insufficient_gain,insufficient_gain,NaN,NaN,0.0524805347126603,0.0308795398648168,12.6659601191347,0.000113072366433764,0.000107138268182094
LOS,10,30,42,20261209,10.0003764952466,10.1723474082322,10.0003764952466,10.0003764952466,0.000376495246587893,0.172347408232172,0.000376495246587893,0.000376495246587893,0,0,insufficient_gain,insufficient_gain,NaN,NaN,0.00923531499185491,0.113994004935001,5.00000016769002,0.00010496786835934,0.000103998457031018
LOS,10,30,43,20261209,9.97421639450484,10.7461921868046,9.97421639450484,9.97421639450484,-0.0257836054951586,0.746192186804642,-0.0257836054951586,-0.0257836054951586,0,0,insufficient_gain,insufficient_gain,NaN,NaN,0.128990434916449,0.309680922007029,5.93278050318814,7.68945758096162e-05,6.6975911033218e-05
LOS,10,30,44,20261209,10.0204690299348,9.79413601963219,10.0204690299348,10.0204690299348,0.0204690299347927,-0.205863980367809,0.0204690299347927,0.0204690299347927,0,0,insufficient_gain,insufficient_gain,NaN,NaN,0.316300094518726,0.0418214844050903,22.0565487455367,6.30965460126642e-05,4.31391025450534e-05
LOS,10,30,45,20261209,9.97602117692844,9.84823036035042,9.97602117692844,9.97602117692844,-0.0239788230715643,-0.151769639649576,-0.0239788230715643,-0.0239788230715643,0,0,insufficient_gain,insufficient_gain,NaN,NaN,0.081920228797703,0.027080066025476,20.0295190259614,0.000167132310784135,0.00015344079364521
LOS,10,30,46,20261209,9.99749424539507,9.66538334571358,9.99749424539507,9.99749424539507,-0.00250575460492541,-0.334616654286421,-0.00250575460492541,-0.00250575460492541,0,0,insufficient_gain,insufficient_gain,NaN,NaN,0.175277981278293,0.1161687058104,11.432021195599,9.53436866306667e-05,7.86320377104133e-05
LOS,10,30,47,20261209,9.99767800328314,10.3176212769803,9.99767800328314,9.99767800328314,-0.00232199671686217,0.317621276980319,-0.00232199671686217,-0.00232199671686217,0,0,insufficient_gain,insufficient_gain,NaN,NaN,0.219004981308527,0.0724039615066656,15.0444580365984,5.68993506235849e-05,4.44381094037993e-05
LOS,10,30,48,20261209,10.0074721819565,9.89429923832246,10.0074721819565,10.0074721819565,0.00747218195649957,-0.105700761677536,0.00747218195649957,0.00747218195649957,0,0,insufficient_gain,insufficient_gain,NaN,NaN,0.0920163028908448,0.0266944763616735,17.4450926858522,0.000125951192642582,0.000114361629550919
LOS,10,30,49,20261209,9.99391662458206,10.479677380812,9.99391662458206,9.99391662458206,-0.00608337541794413,0.479677380812017,-0.00608337541794413,-0.00608337541794413,0,0,insufficient_gain,insufficient_gain,NaN,NaN,0.0533333192016772,0.149569464945879,9.6115826573622,6.34475581449134e-05,6.00636892738038e-05
LOS,10,30,50,20261209,10.0044921947276,9.54358865263259,10.0044921947276,10.0044921947276,0.00449219472761797,-0.456411347367411,0.00449219472761797,0.00449219472761797,0,0,insufficient_gain,insufficient_gain,NaN,NaN,0.152473773036825,0.2246970959394,9.03253805742069,0.000101102614860515,8.56871177088436e-05
LOS,15,30,1,20261209,15.0118853919066,15.3537365899844,15.0118853919066,15.0118853919066,0.0118853919066346,0.353736589984411,0.0118853919066346,0.0118853919066346,0,0,insufficient_gain,insufficient_gain,NaN,NaN,0.0950833489775305,0.197285846838302,5.00041163281914,5.55619346205294e-05,5.02789198011389e-05
LOS,15,30,2,20261209,14.9950966827944,14.9968752209735,14.9950966827944,14.9950966827944,-0.00490331720564718,-0.00312477902647856,-0.00490331720564718,-0.00490331720564718,0,0,insufficient_gain,insufficient_gain,NaN,NaN,0.0777788303028077,0.0290106195238658,9.91747362155612,7.40488876189715e-05,6.82894517547439e-05
LOS,15,30,3,20261209,15.0050306205198,15.266502560742,15.0050306205198,15.0050306205198,0.00503062051981829,0.266502560742019,0.00503062051981829,0.00503062051981829,0,0,insufficient_gain,insufficient_gain,NaN,NaN,0.270940765946632,0.199673498201301,5.00716596504345,7.23978124348434e-05,5.27822936808864e-05
LOS,15,30,4,20261209,14.9906888440711,14.9753606549194,14.9906888440711,14.9906888440711,-0.00931115592885412,-0.0246393450805726,-0.00931115592885412,-0.00931115592885412,0,0,candidate_invalid,candidate_invalid,NaN,NaN,0.210971477002195,0.00413059154653204,41.7586002339478,6.80504776691127e-05,5.3693767884555e-05
LOS,15,30,5,20261209,14.9897304501049,15.33762947665,14.9897304501049,14.9897304501049,-0.0102695498951384,0.337629476649997,-0.0102695498951384,-0.0102695498951384,0,0,insufficient_gain,insufficient_gain,NaN,NaN,0.0504336597004339,0.19788523364539,5.00000845842736,8.03253044943109e-05,7.62742054221111e-05
LOS,15,30,6,20261209,14.9990793737744,15.4200489052108,14.9990793737744,14.9990793737744,-0.0009206262255681,0.420048905210763,-0.0009206262255681,-0.0009206262255681,0,0,insufficient_gain,insufficient_gain,NaN,NaN,0.0613793007103377,0.235818896963046,5.01242161377902,0.000139693132563679,0.000131118865772883
LOS,15,30,7,20261209,14.9941999113361,15.5725549940608,14.9941999113361,14.9941999113361,-0.00580008866393555,0.572554994060756,-0.00580008866393555,-0.00580008866393555,0,0,insufficient_gain,insufficient_gain,NaN,NaN,0.0430020508340247,0.235447567813058,6.44694376581942,8.38935948535013e-05,8.0285998222962e-05
LOS,15,30,8,20261209,14.9926719058216,15.7950384294057,14.9926719058216,14.9926719058216,-0.00732809417835156,0.795038429405741,-0.00732809417835156,-0.00732809417835156,0,0,insufficient_gain,insufficient_gain,NaN,NaN,0.186687620041403,0.271712059700613,7.45427144607551,4.35187714205032e-05,3.53943555568836e-05
LOS,15,30,9,20261209,14.979571452919,14.980328416208,14.979571452919,14.979571452919,-0.020428547081039,-0.0196715837920323,-0.020428547081039,-0.020428547081039,0,0,candidate_invalid,candidate_invalid,NaN,NaN,0.00843604091841093,0.0121196017955715,9.02638038392165,8.16598655222212e-05,8.09709795552838e-05
LOS,15,30,10,20261209,14.9947210599319,15.4840438626544,14.9947210599319,14.9947210599319,-0.00527894006813234,0.484043862654371,-0.00527894006813234,-0.00527894006813234,0,0,insufficient_gain,insufficient_gain,NaN,NaN,0.0466974505638227,0.146569950944738,9.91591622145699,7.558139867192e-05,7.20519400438935e-05
LOS,15,30,11,20261209,14.9932967454653,14.9998260571214,14.9932967454653,14.9932967454653,-0.00670325453472742,-0.000173942878596733,-0.00670325453472742,-0.00670325453472742,0,0,candidate_invalid,candidate_invalid,NaN,NaN,0.111093043376599,0.00229280563103018,99.6496295527144,0.000117751347070039,0.000104669991562334
LOS,15,30,12,20261209,14.9873243543353,15.5776370156359,14.9873243543353,14.9873243543353,-0.0126756456647499,0.577637015635915,-0.0126756456647499,-0.0126756456647499,0,0,insufficient_gain,insufficient_gain,NaN,NaN,0.141193197789279,0.151091843644729,11.7849429776874,8.63869214113855e-05,7.41896757301408e-05
LOS,15,30,13,20261209,14.9953187090169,15.0159954111557,14.9953187090169,14.9953187090169,-0.00468129098312708,0.0159954111557177,-0.00468129098312708,-0.00468129098312708,0,0,candidate_invalid,candidate_invalid,NaN,NaN,0.253070407103444,0.00415783943971324,55.3933679234749,6.62355442628826e-05,4.94732881115567e-05
LOS,15,30,14,20261209,14.9970071377904,14.9960402874122,14.9970071377904,14.9970071377904,-0.00299286220960227,-0.003959712587843,-0.00299286220960227,-0.00299286220960227,0,0,candidate_invalid,candidate_invalid,NaN,NaN,0.049959304612458,0.00886727253981254,18.0981287676654,0.0001056009217415,0.00010032517312486
LOS,15,30,15,20261209,14.9805877460675,15.6276389394445,14.9805877460675,14.9805877460675,-0.0194122539324937,0.627638939444452,-0.0194122539324937,-0.0194122539324937,0,0,insufficient_gain,insufficient_gain,NaN,NaN,0.157080337309646,0.213819362732486,8.32813337903631,8.83290188391506e-05,7.44542667656667e-05
LOS,15,30,16,20261209,15.0165315044015,15.4937528117818,15.0165315044015,15.0165315044015,0.0165315044014793,0.493752811781768,0.0165315044014793,0.0165315044014793,0,0,insufficient_gain,insufficient_gain,NaN,NaN,0.103199738068177,0.121757774719399,12.2812428449528,9.97306827128508e-05,8.94385023795241e-05
LOS,15,30,17,20261209,14.9907842892532,14.9912447042575,14.9907842892532,14.9907842892532,-0.00921571074684557,-0.00875529574248191,-0.00921571074684557,-0.00921571074684557,0,0,candidate_invalid,candidate_invalid,NaN,NaN,1.33401238653137e-11,6.14069459946078e-14,70.6156251211823,0.000216383287979127,0.000216383287976241
LOS,15,30,18,20261209,14.9936506593445,15.4295807692123,14.9936506593445,14.9936506593445,-0.00634934065551462,0.429580769212336,-0.00634934065551462,-0.00634934065551462,0,0,insufficient_gain,insufficient_gain,NaN,NaN,0.0336982178872256,0.146851496291271,8.7724708775691,7.12973690712992e-05,6.88947747935487e-05
LOS,15,30,19,20261209,14.9988032362625,14.9969158534672,14.9988032362625,14.9988032362625,-0.00119676373751254,-0.00308414653277111,-0.00119676373751254,-0.00119676373751254,0,0,candidate_invalid,candidate_invalid,NaN,NaN,0.00111785848547027,0.00137843124205787,19.186209892294,0.000140740792225591,0.00014058346393675
LOS,15,30,20,20261209,15.01018353772,15.0069881801649,15.01018353772,15.01018353772,0.0101835377199997,0.00698818016492808,0.0101835377199997,0.0101835377199997,0,0,candidate_invalid,candidate_invalid,NaN,NaN,0.0363793468534649,0.00159490602070141,99.9431828751228,0.000136157161226613,0.000131203852631767
LOS,15,30,21,20261209,14.9975146642988,15.2680049825351,14.9975146642988,14.9975146642988,-0.00248533570117537,0.2680049825351,-0.00248533570117537,-0.00248533570117537,0,0,insufficient_gain,insufficient_gain,NaN,NaN,0.0702493057956943,0.179065396330546,5.00000265949728,0.000107940341067536,0.000100357607040191
LOS,15,30,22,20261209,15.0066230782791,15.0075031044451,15.0066230782791,15.0066230782791,0.00662307827913722,0.00750310444508173,0.00662307827913722,0.00662307827913722,0,0,candidate_invalid,candidate_invalid,NaN,NaN,0.132685955460988,0.00276610695234729,84.2073143728734,0.000100634028162405,8.72813059837885e-05
LOS,15,30,23,20261209,15.0073869390575,15.3783719042299,15.0073869390575,15.0073869390575,0.00738693905752719,0.378371904229889,0.00738693905752719,0.00738693905752719,0,0,insufficient_gain,insufficient_gain,NaN,NaN,0.00815527124958036,0.206279022699646,5.00003232260379,0.000124718233268428,0.000123701122246356
LOS,15,30,24,20261209,14.9848731637715,15.4416734945296,14.9848731637715,14.9848731637715,-0.0151268362284771,0.441673494529578,-0.0151268362284771,-0.0151268362284771,0,0,insufficient_gain,insufficient_gain,NaN,NaN,0.0163920969599484,0.185007261336151,6.88729387538396,0.000111771037711206,0.00010993887602373
LOS,15,30,25,20261209,15.0009649737772,15.0101137616877,15.0009649737772,15.0009649737772,0.000964973777174194,0.0101137616877054,0.000964973777174194,0.000964973777174194,0,0,candidate_invalid,candidate_invalid,NaN,NaN,0.337440995524309,0.00377559583211224,99.999986515556,8.91239617535344e-05,5.90498833743514e-05
LOS,15,30,26,20261209,14.9796318773956,14.9737255867123,14.9796318773956,14.9796318773956,-0.0203681226044274,-0.0262744132877089,-0.0203681226044274,-0.0203681226044274,0,0,candidate_invalid,candidate_invalid,NaN,NaN,0.481273692623483,0.00546860009943757,60.5925828620985,0.000127019215901969,6.58882088306889e-05
LOS,15,30,27,20261209,14.9670704979189,15.6803752870963,14.9670704979189,14.9670704979189,-0.0329295020811102,0.680375287096275,-0.0329295020811102,-0.0329295020811102,0,0,insufficient_gain,insufficient_gain,NaN,NaN,0.202397708224707,0.202496857795507,9.94261849482788,0.000113116454174333,9.02219430869433e-05
LOS,15,30,28,20261209,15.0155490808748,15.5720350610024,15.0155490808748,15.0155490808748,0.0155490808747754,0.572035061002392,0.0155490808747754,0.0155490808747754,0,0,insufficient_gain,insufficient_gain,NaN,NaN,0.0754444961850515,0.176242257406639,9.03700904099692,6.61200568281561e-05,6.11316624530289e-05
LOS,15,30,29,20261209,14.9927674890378,15.3804291536228,14.9927674890378,14.9927674890378,-0.0072325109622291,0.380429153622842,-0.0072325109622291,-0.0072325109622291,0,0,insufficient_gain,insufficient_gain,NaN,NaN,0.0838103321623438,0.120087937696506,10.0944942294724,0.000117355412743825,0.000107519816620716
LOS,15,30,30,20261209,15.0109909692563,14.9961097412801,15.0109909692563,15.0109909692563,0.0109909692563175,-0.00389025871992743,0.0109909692563175,0.0109909692563175,0,0,candidate_invalid,candidate_invalid,NaN,NaN,0.199163035305351,0.00580013962221546,30.3987477334196,5.93727599245142e-05,4.7547900843492e-05
LOS,15,30,31,20261209,14.9906355338343,15.6236527853779,14.9906355338343,14.9906355338343,-0.00936446616574038,0.623652785377915,-0.00936446616574038,-0.00936446616574038,0,0,insufficient_gain,insufficient_gain,NaN,NaN,0.0620424559611912,0.258693704883708,6.23854296307266,8.39245131123434e-05,7.87176302035064e-05
LOS,15,30,32,20261209,14.992133295907,15.4245351627328,14.992133295907,14.992133295907,-0.00786670409296875,0.424535162732788,-0.00786670409296875,-0.00786670409296875,0,0,insufficient_gain,insufficient_gain,NaN,NaN,0.0220545750449332,0.23998081811741,5.00004742211832,0.000197677278301667,0.000193317589932684
LOS,15,30,33,20261209,14.9988739610043,15.2917164004561,14.9988739610043,14.9988739610043,-0.00112603899574992,0.291716400456059,-0.00112603899574992,-0.00112603899574992,0,0,insufficient_gain,insufficient_gain,NaN,NaN,0.0964239524266116,0.199557387344572,5.00001247593699,0.000159823815542248,0.000144412971555763
LOS,15,30,34,20261209,15.0151094705651,15.5574042262783,15.0151094705651,15.0151094705651,0.0151094705650916,0.557404226278345,0.0151094705650916,0.0151094705650916,0,0,insufficient_gain,insufficient_gain,NaN,NaN,0.421549602257131,0.142563627207664,12.1026814326172,0.000129829218462163,7.50997630580841e-05
LOS,15,30,35,20261209,14.9983963774431,15.5186822250212,14.9983963774431,14.9983963774431,-0.00160362255694402,0.51868222502118,-0.00160362255694402,-0.00160362255694402,0,0,insufficient_gain,insufficient_gain,NaN,NaN,0.151623430977979,0.211244686596693,6.8376792099155,8.16031656707406e-05,6.92302137130785e-05
LOS,15,30,36,20261209,14.9799453265161,15.4775222950303,14.9799453265161,14.9799453265161,-0.0200546734839087,0.477522295030283,-0.0200546734839087,-0.0200546734839087,0,0,insufficient_gain,insufficient_gain,NaN,NaN,0.0732846387775812,0.150785053753012,9.77573575945352,7.18850596317377e-05,6.6616989003121e-05
LOS,15,30,37,20261209,14.9830552115157,14.9433923223652,14.9830552115157,14.9830552115157,-0.0169447884843006,-0.0566076776347799,-0.0169447884843006,-0.0169447884843006,0,0,candidate_invalid,candidate_invalid,NaN,NaN,0.0374891719543314,0.00560640146512009,33.6247456000055,7.17952399633681e-05,6.91036958668789e-05
LOS,15,30,38,20261209,14.9780795879818,14.9690862192304,14.9780795879818,14.9780795879818,-0.0219204120182415,-0.0309137807695663,-0.0219204120182415,-0.0219204120182415,0,0,candidate_invalid,candidate_invalid,NaN,NaN,0.0778553046036473,0.0021615837768729,59.8615508164687,7.94240851054173e-05,7.3240498766669e-05
LOS,15,30,39,20261209,15.0149150629474,15.0135630413984,15.0149150629474,15.0149150629474,0.0149150629473596,0.0135630413983989,0.0149150629473596,0.0149150629473596,0,0,candidate_invalid,candidate_invalid,NaN,NaN,0.065852134028455,0.00171453305343495,86.0704684772853,5.81446643324046e-05,5.43157141037476e-05
LOS,15,30,40,20261209,15.002951786878,15.0084697947548,15.002951786878,15.002951786878,0.00295178687801467,0.00846979475475962,0.00295178687801467,0.00295178687801467,0,0,candidate_invalid,candidate_invalid,NaN,NaN,0.105947108795677,0.00207497530126186,61.0831334688263,7.00663525643463e-05,6.26430250862953e-05
LOS,15,30,41,20261209,15.0070190548453,15.0075341437706,15.0070190548453,15.0070190548453,0.00701905484527821,0.00753414377059158,0.00701905484527821,0.00701905484527821,0,0,candidate_invalid,candidate_invalid,NaN,NaN,1.96999290664835e-12,7.09165467000569e-14,46.0867720928938,0.00011271340326946,0.000112713403269238
LOS,15,30,42,20261209,15.0154534463599,15.1951083388921,15.0154534463599,15.0154534463599,0.0154534463598761,0.195108338892053,0.0154534463598761,0.0154534463598761,0,0,insufficient_gain,insufficient_gain,NaN,NaN,0.0861947471464705,0.134539967832364,5.7977138521993,0.000148694868501664,0.000135878151909186
LOS,15,30,43,20261209,14.9945993002543,14.9838997742022,14.9945993002543,14.9945993002543,-0.00540069974568169,-0.016100225797814,-0.00540069974568169,-0.00540069974568169,0,0,candidate_invalid,candidate_invalid,NaN,NaN,0.0726848342485542,0.00755192538384383,20.7584857565548,8.0088176467541e-05,7.42669806357288e-05
LOS,15,30,44,20261209,15.0082794447731,15.0057200568199,15.0082794447731,15.0082794447731,0.00827944477308762,0.00572005681991072,0.00827944477308762,0.00827944477308762,0,0,candidate_invalid,candidate_invalid,NaN,NaN,0.10529683624269,0.00108599130226301,91.5367222037771,9.1003170216597e-05,8.14208243047343e-05
LOS,15,30,45,20261209,15.0001428079656,15.0005098731901,15.0001428079656,15.0001428079656,0.00014280796560584,0.000509873190113197,0.00014280796560584,0.00014280796560584,0,0,candidate_invalid,candidate_invalid,NaN,NaN,9.60775472151348e-10,3.34975902789491e-07,37.4700884335565,0.00010746604621259,0.000107466046109339
LOS,15,30,46,20261209,14.9997752760027,14.999609966141,14.9997752760027,14.9997752760027,-0.000224723997254372,-0.000390033858973737,-0.000224723997254372,-0.000224723997254372,0,0,candidate_invalid,candidate_invalid,NaN,NaN,0,6.75893101631601e-13,45.2484494572284,8.87392206534443e-05,8.87392206561088e-05
LOS,15,30,47,20261209,14.9812578493888,15.7898549962284,14.9812578493888,14.9812578493888,-0.0187421506112493,0.789854996228435,-0.0187421506112493,-0.0187421506112493,0,0,insufficient_gain,insufficient_gain,NaN,NaN,0.112171622845715,0.219668870190249,10.1732180155602,0.000185327186139173,0.000164538734912512
LOS,15,30,48,20261209,15.0065899634932,15.587032113195,15.0065899634932,15.0065899634932,0.00658996349321583,0.587032113195018,0.00658996349321583,0.00658996349321583,0,0,insufficient_gain,insufficient_gain,NaN,NaN,0.0321198542095687,0.197662794978279,8.13878610574029,0.000110388448112841,0.000106842787253036
LOS,15,30,49,20261209,14.9957609134458,15.392262101572,14.9957609134458,14.9957609134458,-0.00423908655416483,0.392262101571987,-0.00423908655416483,-0.00423908655416483,0,0,insufficient_gain,insufficient_gain,NaN,NaN,0.0449012378985852,0.141753578512405,8.26111081456046,3.92588331159516e-05,3.74960629105914e-05
LOS,15,30,50,20261209,14.9858796954877,14.9889491129631,14.9858796954877,14.9858796954877,-0.0141203045123159,-0.0110508870369408,-0.0141203045123159,-0.0141203045123159,0,0,candidate_invalid,candidate_invalid,NaN,NaN,0.0570047530702085,0.00158199909377633,99.9976008473762,8.28975478877059e-05,7.81719936402414e-05
LOS,20,30,1,20261209,20.0064645577867,19.9795306135271,20.0064645577867,20.0064645577867,0.00646455778666066,-0.0204693864728824,0.00646455778666066,0.00646455778666066,0,0,candidate_invalid,candidate_invalid,NaN,NaN,0.0305433242561924,0.013019096348298,11.8432819935609,5.01394245100428e-05,4.86079998092137e-05
LOS,20,30,2,20261209,20.0037330276622,19.9003091001872,20.0037330276622,20.0037330276622,0.00373302766216455,-0.0996908998127921,0.00373302766216455,0.00373302766216455,0,0,insufficient_gain,insufficient_gain,NaN,NaN,0.0338558013396256,0.0910826817449599,6.29375843511663,0.00011519380993863,0.000111293831193793
LOS,20,30,3,20261209,20.0134431286932,19.9077845029464,20.0134431286932,20.0134431286932,0.0134431286932326,-0.0922154970535587,0.0134431286932326,0.0134431286932326,0,0,insufficient_gain,insufficient_gain,NaN,NaN,0.312920891789816,0.0418393235795669,13.8762479226552,7.07934056143333e-05,4.86406699966579e-05
LOS,20,30,4,20261209,20.0086814708177,20.2341899181892,20.0086814708177,20.0086814708177,0.008681470817681,0.234189918189209,0.008681470817681,0.008681470817681,0,0,insufficient_gain,insufficient_gain,NaN,NaN,0.270097057632088,0.0999926202538638,9.54487930670853,0.000142982326306385,0.000104363220677639
LOS,20,30,5,20261209,19.9932109902745,19.9575319464817,19.9932109902745,19.9932109902745,-0.00678900972553365,-0.0424680535182844,-0.00678900972553365,-0.00678900972553365,0,0,candidate_invalid,candidate_invalid,NaN,NaN,0.0119441456767367,0.0182646432410898,9.10814378018124,7.89996052825703e-05,7.80560224886706e-05
LOS,20,30,6,20261209,19.9955288570304,20.2539606024747,19.9955288570304,19.9955288570304,-0.00447114296959938,0.253960602474685,-0.00447114296959938,-0.00447114296959938,0,0,insufficient_gain,insufficient_gain,NaN,NaN,0.2148688030433,0.0563602916964668,16.2069936453316,6.19479182484284e-05,4.86372432033644e-05
LOS,20,30,7,20261209,19.9952001785443,20.4704548992944,20.4704548992944,20.4704548992944,-0.00479982145571967,0.470454899294417,0.470454899294417,0.470454899294417,1,1,two_path_selected,stable_two_path_selected,0.00198149883748467,0.214404973238722,0.615532909085808,0.084102723711534,20.0254122197288,7.18426386634441e-05,2.76211302905338e-05
LOS,20,30,8,20261209,20.0061165973913,19.9803856960673,20.0061165973913,20.0061165973913,0.00611659739125514,-0.0196143039327197,0.00611659739125514,0.00611659739125514,0,0,candidate_invalid,candidate_invalid,NaN,NaN,0.0341264325872341,0.00643617101098957,20.7667526582409,8.33259760484317e-05,8.04823577440494e-05
LOS,20,30,9,20261209,19.986060833857,20.0897497813831,19.986060833857,19.986060833857,-0.0139391661430182,0.0897497813831052,-0.0139391661430182,-0.0139391661430182,0,0,candidate_invalid,candidate_invalid,NaN,NaN,0.363644256759349,0.0182937601681004,26.5100490835088,7.05211914400206e-05,4.48765651930305e-05
LOS,20,30,10,20261209,19.9965514060698,20.1682618798253,19.9965514060698,19.9965514060698,-0.00344859393016606,0.168261879825316,-0.00344859393016606,-0.00344859393016606,0,0,insufficient_gain,insufficient_gain,NaN,NaN,0.0428175640218109,0.0310183812846162,20.6131357348238,0.000141110464640715,0.000135068458286813
LOS,20,30,11,20261209,20.0142654292991,20.6070619204363,20.0142654292991,20.0142654292991,0.0142654292990692,0.607061920436259,0.0142654292990692,0.0142654292990692,0,0,insufficient_gain,insufficient_gain,NaN,NaN,0.126973511152058,0.13210404607528,14.0864732333435,0.000151547545322206,0.00013230502138617
LOS,20,30,12,20261209,20.0261988027385,20.0336156754297,20.0261988027385,20.0261988027385,0.0261988027384525,0.0336156754296617,0.0261988027384525,0.0261988027384525,0,0,candidate_invalid,candidate_invalid,NaN,NaN,0.00985617430771761,0.0179493205091303,6.22760872307015,5.38128628113643e-05,5.32824738554982e-05
LOS,20,30,13,20261209,19.9983837688091,20.0242213803836,19.9983837688091,19.9983837688091,-0.00161623119091914,0.0242213803835867,-0.00161623119091914,-0.00161623119091914,0,0,candidate_invalid,candidate_invalid,NaN,NaN,0.00224517359088489,0.00934249895175253,11.8450097480709,0.000163387207403387,0.000163020374760237
LOS,20,30,14,20261209,19.9843730625494,19.1408759736929,19.9843730625494,19.9843730625494,-0.0156269374506408,-0.859124026307143,-0.0156269374506408,-0.0156269374506408,0,0,insufficient_gain,insufficient_gain,NaN,NaN,0.406703110903374,0.226567823418428,16.3045122948981,0.000145915845912947,8.65714174500543e-05
LOS,20,30,15,20261209,19.9982163395489,19.9998064994485,19.9982163395489,19.9982163395489,-0.00178366045111034,-0.000193500551546322,-0.00178366045111034,-0.00178366045111034,0,0,candidate_invalid,candidate_invalid,NaN,NaN,3.24661048978306e-06,0.00120095960299431,6.0376221065738,0.000180006560057011,0.000180005975645825
LOS,20,30,16,20261209,20.0107728463795,20.1559892411939,20.0107728463795,20.0107728463795,0.0107728463795169,0.155989241193861,0.0107728463795169,0.0107728463795169,0,0,insufficient_gain,insufficient_gain,NaN,NaN,0.222440265004433,0.112011010709378,6.84752123906803,8.38213208591565e-05,6.51760840342241e-05
LOS,20,30,17,20261209,20.0227771790565,19.9746379029454,20.0227771790565,20.0227771790565,0.0227771790564653,-0.0253620970545754,0.0227771790564653,0.0227771790564653,0,0,candidate_invalid,candidate_invalid,NaN,NaN,0.340091571677471,0.00760117213763998,50.8079766806886,8.92023754714977e-05,5.88653994000321e-05
LOS,20,30,18,20261209,20.0067456159889,20.0561315756317,20.0067456159889,20.0067456159889,0.00674561598886925,0.0561315756316887,0.00674561598886925,0.00674561598886925,0,0,insufficient_gain,insufficient_gain,NaN,NaN,0.00553321069881018,0.0304531262972421,6.58451144505756,8.84038769970452e-05,8.79147197190289e-05
LOS,20,30,19,20261209,20.0074870784269,20.1365363750661,20.0074870784269,20.0074870784269,0.00748707842685903,0.136536375066086,0.00748707842685903,0.00748707842685903,0,0,insufficient_gain,insufficient_gain,NaN,NaN,0.0176969767408854,0.0276476022080938,16.8233594033385,0.000173374690919381,0.000170306483046723
LOS,20,30,20,20261209,19.9898399709656,19.9759242727128,19.9898399709656,19.9898399709656,-0.0101600290344237,-0.0240757272871654,-0.0101600290344237,-0.0101600290344237,0,0,candidate_invalid,candidate_invalid,NaN,NaN,0.279808933196358,0.00441518086161705,62.7004808646282,0.000108469807138079,7.81189861187581e-05
LOS,20,30,21,20261209,19.9854383160652,20.1505194176617,19.9854383160652,19.9854383160652,-0.0145616839348079,0.150519417661656,-0.0145616839348079,-0.0145616839348079,0,0,insufficient_gain,insufficient_gain,NaN,NaN,0.0690664425042986,0.0354276104825327,17.294812863448,0.000139412090773616,0.000129783393621796
LOS,20,30,22,20261209,20.0013476560452,20.5045026045799,20.0013476560452,20.0013476560452,0.00134765604524034,0.504502604579898,0.00134765604524034,0.00134765604524034,0,0,insufficient_gain,insufficient_gain,NaN,NaN,0.398994723600338,0.148188520892859,10.5674748098421,9.02625490046827e-05,5.42482682130974e-05
LOS,20,30,23,20261209,19.980337556166,20.1630216806797,19.980337556166,19.980337556166,-0.01966244383404,0.163021680679684,-0.01966244383404,-0.01966244383404,0,0,insufficient_gain,insufficient_gain,NaN,NaN,0.0853999509717617,0.0298863259514232,23.5937181423194,9.68297414312147e-05,8.85604862603806e-05
LOS,20,30,24,20261209,19.9925084031698,19.9331892725511,19.9925084031698,19.9925084031698,-0.00749159683024914,-0.0668107274488889,-0.00749159683024914,-0.00749159683024914,0,0,candidate_invalid,candidate_invalid,NaN,NaN,0.150176972330829,0.0133096120981955,20.2702461907363,6.15417847569244e-05,5.22996258502939e-05
LOS,20,30,25,20261209,19.9882249117769,19.9004931049988,19.9882249117769,19.9882249117769,-0.0117750882231071,-0.0995068950011984,-0.0117750882231071,-0.0117750882231071,0,0,candidate_invalid,candidate_invalid,NaN,NaN,0.241879687856382,0.0129395251730169,36.3002200781363,0.000100985029883649,7.65588023772246e-05
LOS,20,30,26,20261209,19.9936635635479,20.4723994524391,19.9936635635479,19.9936635635479,-0.00633643645214832,0.472399452439149,-0.00633643645214832,-0.00633643645214832,0,0,insufficient_gain,insufficient_gain,NaN,NaN,0.0960989842310501,0.126082623217861,11.7655371707909,8.46081249199493e-05,7.64773700574484e-05
LOS,20,30,27,20261209,19.9934463258193,20.5605644439562,20.5605644439562,20.5605644439562,-0.00655367418067954,0.560564443956167,0.560564443956167,0.560564443956167,1,1,two_path_selected,stable_two_path_selected,0.00196081129665044,0.203421502281078,0.665858373960111,0.109153459714401,17.5378535377419,8.36910995087869e-05,2.79646800749322e-05
LOS,20,30,28,20261209,20.024229693353,20.0125732492443,20.024229693353,20.024229693353,0.0242296933529751,0.0125732492442978,0.0242296933529751,0.0242296933529751,0,0,candidate_invalid,candidate_invalid,NaN,NaN,0.00669155257260186,0.00390288185527015,18.0121012929194,0.000121113554926389,0.000120303117206344
LOS,20,30,29,20261209,19.9886167111738,19.8649726652954,19.9886167111738,19.9886167111738,-0.0113832888261776,-0.135027334704645,-0.0113832888261776,-0.0113832888261776,0,0,insufficient_gain,insufficient_gain,NaN,NaN,0.191350332056187,0.0656262906620785,10.5464542457569,9.07344944645061e-05,7.33724188197726e-05
LOS,20,30,30,20261209,19.9987647369119,19.9978804746827,19.9987647369119,19.9987647369119,-0.00123526308808763,-0.00211952531725501,-0.00123526308808763,-0.00123526308808763,0,0,candidate_invalid,candidate_invalid,NaN,NaN,0.217306244521601,0.00281054954924372,89.4756889745588,6.69083126350056e-05,5.23687184890154e-05
LOS,20,30,31,20261209,20.0066125358901,19.901039953578,20.0066125358901,20.0066125358901,0.00661253589005284,-0.0989600464219613,0.00661253589005284,0.00661253589005284,0,0,insufficient_gain,insufficient_gain,NaN,NaN,0.0321082798536418,0.0527268938914211,8.98021403374915,0.000125509171565286,0.000121479287960469
LOS,20,30,32,20261209,20.0149217485132,19.9770689143473,20.0149217485132,20.0149217485132,0.0149217485131601,-0.0229310856526936,0.0149217485131601,0.0149217485131601,0,0,candidate_invalid,candidate_invalid,NaN,NaN,0.0230472912055666,0.00713416553537377,25.2213142390576,0.00014164147508744,0.000138377022764313
LOS,20,30,33,20261209,19.9888641421241,20.3928680059188,19.9888641421241,19.9888641421241,-0.0111358578758818,0.392868005918771,-0.0111358578758818,-0.0111358578758818,0,0,insufficient_gain,insufficient_gain,NaN,NaN,0.212123171351448,0.149084576958614,8.47107503890447,9.7137554881721e-05,7.6532428682885e-05
LOS,20,30,34,20261209,19.9858003329242,20.0711528712633,19.9858003329242,19.9858003329242,-0.0141996670757649,0.0711528712632727,-0.0141996670757649,-0.0141996670757649,0,0,candidate_invalid,candidate_invalid,NaN,NaN,0.030549553385607,0.0169199452743768,19.0012721989251,5.59853910346853e-05,5.4275062342457e-05
LOS,20,30,35,20261209,20.0020915352753,20.4625451456684,20.0020915352753,20.0020915352753,0.00209153527526595,0.462545145668379,0.00209153527526595,0.00209153527526595,0,0,insufficient_gain,insufficient_gain,NaN,NaN,0.239003668621283,0.11613282877805,12.5661766843222,6.01880799653287e-05,4.5802908046344e-05
LOS,20,30,36,20261209,19.9792725473534,20.0400069310875,19.9792725473534,19.9792725473534,-0.0207274526466286,0.0400069310874969,-0.0207274526466286,-0.0207274526466286,0,0,insufficient_gain,insufficient_gain,NaN,NaN,0.0473004039591136,0.103889662096101,5.22037939510303,0.000129740995931549,0.000123604194413929
LOS,20,30,37,20261209,19.9916310101202,19.9341801256388,19.9916310101202,19.9916310101202,-0.00836898987984114,-0.0658198743612033,-0.00836898987984114,-0.00836898987984114,0,0,candidate_invalid,candidate_invalid,NaN,NaN,0.389562879324441,0.00957818357249288,37.126736163909,7.44966109389456e-05,4.54754966816573e-05
LOS,20,30,38,20261209,20.0030400028543,20.0908391713211,20.0030400028543,20.0030400028543,0.00304000285430561,0.0908391713210577,0.00304000285430561,0.00304000285430561,0,0,insufficient_gain,insufficient_gain,NaN,NaN,0.0380514691667111,0.0965890772439607,5.00000057178053,9.99574500768485e-05,9.61539222472663e-05
LOS,20,30,39,20261209,19.9746516755282,20.435969789119,19.9746516755282,19.9746516755282,-0.0253483244717891,0.435969789119,-0.0253483244717891,-0.0253483244717891,0,0,insufficient_gain,insufficient_gain,NaN,NaN,0.090842596791076,0.117728910057457,12.2830651621833,8.75495414489613e-05,7.95963137558697e-05
LOS,20,30,40,20261209,20.0084028362499,19.9505774590192,20.0084028362499,20.0084028362499,0.00840283624987492,-0.0494225409807747,0.00840283624987492,0.00840283624987492,0,0,insufficient_gain,insufficient_gain,NaN,NaN,0.0629071058795822,0.021323074830287,14.170972352673,0.000165725734986299,0.000155300408628545
LOS,20,30,41,20261209,19.9854750760459,20.0437255364372,19.9854750760459,19.9854750760459,-0.0145249239540739,0.0437255364371936,-0.0145249239540739,-0.0145249239540739,0,0,candidate_invalid,candidate_invalid,NaN,NaN,0.125577500794404,0.011706024530184,25.0222277782191,9.73893074689425e-05,8.51594016328949e-05
LOS,20,30,42,20261209,20.0059117826076,20.094059307625,20.0059117826076,20.0059117826076,0.00591178260763314,0.0940593076249527,0.00591178260763314,0.00591178260763314,0,0,candidate_invalid,candidate_invalid,NaN,NaN,0.015427016506938,0.0169714065350104,19.2704872258714,6.48369801914406e-05,6.38367390277672e-05
LOS,20,30,43,20261209,20.0042686965772,20.075762704767,20.0042686965772,20.0042686965772,0.00426869657717788,0.0757627047669942,0.00426869657717788,0.00426869657717788,0,0,insufficient_gain,insufficient_gain,NaN,NaN,0.138428629855924,0.0496583966375414,8.8598280156486,6.36819997024141e-05,5.48665877371235e-05
LOS,20,30,44,20261209,19.9833806433114,19.9724546769353,19.9833806433114,19.9833806433114,-0.0166193566886328,-0.0275453230647429,-0.0166193566886328,-0.0166193566886328,0,0,candidate_invalid,candidate_invalid,NaN,NaN,0.324254928666679,0.00506469459382232,68.0948265005339,0.000143326901829388,9.68524475006838e-05
LOS,20,30,45,20261209,19.9904962762594,19.987813613373,19.9904962762594,19.9904962762594,-0.00950372374061104,-0.0121863866269791,-0.00950372374061104,-0.00950372374061104,0,0,candidate_invalid,candidate_invalid,NaN,NaN,0.175020803788236,0.00262591923712023,95.297774209036,7.22733821578725e-05,5.96240367201073e-05
LOS,20,30,46,20261209,19.98069127754,20.4267112281158,19.98069127754,19.98069127754,-0.0193087224599608,0.426711228115813,-0.0193087224599608,-0.0193087224599608,0,0,insufficient_gain,insufficient_gain,NaN,NaN,0.0400692195700521,0.201606136263863,6.12254808943168,0.00011614750247313,0.000111493562694021
LOS,20,30,47,20261209,19.994101449189,20.1359001510216,19.994101449189,19.994101449189,-0.00589855081100055,0.135900151021609,-0.00589855081100055,-0.00589855081100055,0,0,insufficient_gain,insufficient_gain,NaN,NaN,0.145616634006592,0.0286418888679942,19.3090089619024,8.32466547697752e-05,7.11245571098917e-05
LOS,20,30,48,20261209,19.9795066120217,19.9849207781924,19.9795066120217,19.9795066120217,-0.0204933879783304,-0.0150792218076248,-0.0204933879783304,-0.0204933879783304,0,0,candidate_invalid,candidate_invalid,NaN,NaN,0.000509411719836109,0.00761083461535581,5.22312011221914,8.26646903604455e-05,8.26225799983593e-05
LOS,20,30,49,20261209,20.0021454019992,19.9998350648312,20.0021454019992,20.0021454019992,0.00214540199915092,-0.000164935168786684,0.00214540199915092,0.00214540199915092,0,0,candidate_invalid,candidate_invalid,NaN,NaN,0.00669444731912947,0.00306849981374383,18.6077607177945,0.000104471716537935,0.000103772336135233
LOS,20,30,50,20261209,19.9894353613369,20.0019848242217,19.9894353613369,19.9894353613369,-0.0105646386631477,0.00198482422172219,-0.0105646386631477,-0.0105646386631477,0,0,candidate_invalid,candidate_invalid,NaN,NaN,0.00255767289844654,0.00322042780994208,15.8017746102079,0.00010647186914392,0.000106199548929764
Light_multipath,1,0,1,20261209,2.41573033254264,3.20286420011502,2.41573033254264,2.41573033254264,1.41573033254264,2.20286420011502,1.41573033254264,1.41573033254264,0,0,insufficient_gain,insufficient_gain,NaN,NaN,0.192085707414031,0.158956431920034,16.6603337080093,0.00188824796072651,0.00152554251541726
Light_multipath,1,0,2,20261209,2.1834026153095,2.10924950386914,2.1834026153095,2.1834026153095,1.1834026153095,1.10924950386914,1.1834026153095,1.1834026153095,0,0,weak_echo,weak_echo,NaN,NaN,0.668738461542314,0.0272981411942079,66.8594438658587,0.00228620001539781,0.000757330134322665
Light_multipath,1,0,3,20261209,2.28088817110834,1.1735653482821,2.28088817110834,2.28088817110834,1.28088817110834,0.173565348282103,1.28088817110834,1.28088817110834,0,0,insufficient_gain,insufficient_gain,NaN,NaN,0.440556283345547,0.146586367708541,42.9507855894989,0.00662175531183817,0.00370449940243112
Light_multipath,1,0,4,20261209,2.34821854277947,0.756502932197741,2.34821854277947,2.34821854277947,1.34821854277947,-0.243497067802259,1.34821854277947,1.34821854277947,0,0,insufficient_gain,insufficient_gain,NaN,NaN,0.210704430915433,0.288557263849749,27.4025626537354,0.00454729557554989,0.00358916024909939
Light_multipath,1,0,5,20261209,2.40950276108948,2.56225446099197,2.40950276108948,2.40950276108948,1.40950276108948,1.56225446099197,1.40950276108948,1.40950276108948,0,0,insufficient_gain,insufficient_gain,NaN,NaN,0.0225434833018123,0.0963195048752288,10.0376173898893,0.00281287194835733,0.0027494600165594
Light_multipath,1,0,6,20261209,2.15447786644598,0.899682176137393,0.899682176137393,2.15447786644598,1.15447786644598,-0.100317823862607,-0.100317823862607,1.15447786644598,1,0,two_path_selected,unstable_split_fit,0.0516418721528324,2.21301780039181,0.605157472195355,0.21193961675181,30.9224539394735,0.00375719850719025,0.00148350175604284
Light_multipath,1,0,7,20261209,2.27653997367212,1.24761903476267,1.24761903476267,1.24761903476267,1.27653997367212,0.247619034762669,0.247619034762669,0.247619034762669,1,1,two_path_selected,stable_two_path_selected,0.0509173178277174,0.230826807081811,0.606667882550828,0.14736285781613,40.1518697222888,0.00516331455019081,0.00203089744508267
Light_multipath,1,0,8,20261209,2.16216140975283,0.00630224910390651,0.00630224910390651,0.00630224910390651,1.16216140975283,-0.993697750896093,-0.993697750896093,-0.993697750896093,1,1,two_path_selected,stable_two_path_selected,0.0517031759903477,0.0270532060748726,0.620195661186942,0.329530756139881,35.2416129795677,0.00452607707628316,0.00171902371137467
Light_multipath,1,0,9,20261209,2.01302959273263,0.163395960502011,2.01302959273263,2.01302959273263,1.01302959273263,-0.836604039497989,1.01302959273263,1.01302959273263,0,0,insufficient_gain,insufficient_gain,NaN,NaN,0.589107786206334,0.38077909793836,26.3628116679595,0.00344940836558716,0.0014173350396145
Light_multipath,1,0,10,20261209,2.05578056387398,0.692639423381157,2.05578056387398,2.05578056387398,1.05578056387398,-0.307360576618843,1.05578056387398,1.05578056387398,0,0,insufficient_gain,insufficient_gain,NaN,NaN,0.334761331462645,0.217922638181663,31.1240384652756,0.00360832983975179,0.00240040053824009
Light_multipath,1,0,11,20261209,2.14233365057755,1.67836605481316,2.14233365057755,2.14233365057755,1.14233365057755,0.678366054813163,1.14233365057755,1.14233365057755,0,0,insufficient_gain,insufficient_gain,NaN,NaN,0.402780787438675,0.0760058029423199,41.7220363820216,0.00600623972779979,0.00358704176069113
Light_multipath,1,0,12,20261209,2.15600827859587,1.8239685116581,2.15600827859587,2.15600827859587,1.15600827859587,0.823968511658096,1.15600827859587,1.15600827859587,0,0,insufficient_gain,insufficient_gain,NaN,NaN,0.3225435199609,0.560461794668637,10.5722092622603,0.00597302563768753,0.0040464649236911
Light_multipath,1,0,13,20261209,2.04977180358456,3.24797759714353,2.04977180358456,2.04977180358456,1.04977180358456,2.24797759714353,1.04977180358456,1.04977180358456,0,0,insufficient_gain,insufficient_gain,NaN,NaN,0.239705178799914,0.20411501738927,18.4928187422395,0.00186287054022571,0.00141633082429982
Light_multipath,1,0,14,20261209,2.22920278879998,2.20863350492097,2.22920278879998,2.22920278879998,1.22920278879998,1.20863350492097,1.22920278879998,1.22920278879998,0,0,candidate_invalid,candidate_invalid,NaN,NaN,0.134487420066074,0.0129415784695343,70.5624020104352,0.00223520623034767,0.0019345991111126
Light_multipath,1,0,15,20261209,2.20535217742103,2.1698166522869,2.20535217742103,2.20535217742103,1.20535217742103,1.1698166522869,1.20535217742103,1.20535217742103,0,0,insufficient_gain,insufficient_gain,NaN,NaN,0.283021879018128,0.0255509946498264,75.6408748663481,0.00410422340087258,0.00294263838204745
Light_multipath,1,0,16,20261209,2.16760603759694,2.13114248823353,2.16760603759694,2.16760603759694,1.16760603759694,1.13114248823353,1.16760603759694,1.16760603759694,0,0,weak_echo,weak_echo,NaN,NaN,0.791020864801051,0.0312383976515164,56.9869022070692,0.00231500280097752,0.000483787283331427
Light_multipath,1,0,17,20261209,2.40722936990058,0.03402143640801,2.40722936990058,2.40722936990058,1.40722936990058,-0.96597856359199,1.40722936990058,1.40722936990058,0,0,insufficient_gain,insufficient_gain,NaN,NaN,0.170155019242472,0.49751053312013,25.8028822799934,0.00370083452579428,0.00307111895584455
Light_multipath,1,0,18,20261209,2.24248452885751,2.09388596391384,2.24248452885751,2.24248452885751,1.24248452885751,1.09388596391384,1.24248452885751,1.24248452885751,0,0,insufficient_gain,insufficient_gain,NaN,NaN,0.372878714590191,0.0416093079981658,58.4909984906047,0.00678023366900771,0.00425202885388698
Light_multipath,1,0,19,20261209,2.26913984642591,2.10880406152096,2.26913984642591,2.26913984642591,1.26913984642591,1.10880406152096,1.26913984642591,1.26913984642591,0,0,insufficient_gain,insufficient_gain,NaN,NaN,0.184085805328497,0.0641511916867377,23.9003818817569,0.00346186068808141,0.00282458127538088
Light_multipath,1,0,20,20261209,2.34032179053572,0.82228469206191,2.34032179053572,2.34032179053572,1.34032179053572,-0.17771530793809,1.34032179053572,1.34032179053572,0,0,insufficient_gain,insufficient_gain,NaN,NaN,0.364435206702255,0.262824209317192,28.5381800653686,0.0030960577502781,0.00196774530409338
Light_multipath,1,0,21,20261209,2.262390876804,1.97704981572496,2.262390876804,2.262390876804,1.262390876804,0.977049815724958,1.262390876804,1.262390876804,0,0,insufficient_gain,insufficient_gain,NaN,NaN,0.21746445492308,0.457285637883877,8.33072838230316,0.00186703302825841,0.00146101970844481
Light_multipath,1,0,22,20261209,2.38170316363089,1.31787021648513,2.38170316363089,2.38170316363089,1.38170316363089,0.317870216485129,1.38170316363089,1.38170316363089,0,0,insufficient_gain,insufficient_gain,NaN,NaN,0.111071544554674,0.263870122042131,18.0077883536156,0.00153099755300623,0.0013609472900844
Light_multipath,1,0,23,20261209,2.33860364168812,0.865999913385482,2.33860364168812,2.33860364168812,1.33860364168812,-0.134000086614518,1.33860364168812,1.33860364168812,0,0,insufficient_gain,insufficient_gain,NaN,NaN,0.223883357019998,0.257373340104472,28.0044199944322,0.00468257625895752,0.00363422536659996
Light_multipath,1,0,24,20261209,2.29334794946544,1.42899121519259,2.29334794946544,2.29334794946544,1.29334794946544,0.428991215192594,1.29334794946544,1.29334794946544,0,0,insufficient_gain,insufficient_gain,NaN,NaN,0.34892681081146,0.131527805897473,34.1839067250959,0.00440725206403325,0.0028694436568879
Light_multipath,1,0,25,20261209,2.05189206773722,0.00414897741874826,2.05189206773722,2.05189206773722,1.05189206773722,-0.995851022581252,1.05189206773722,1.05189206773722,0,0,insufficient_gain,insufficient_gain,NaN,NaN,0.364792261646502,0.324014996581207,32.8114555261358,0.00506210627424331,0.00321548907776714
Light_multipath,1,0,26,20261209,2.19870951425936,1.30271740345795,2.19870951425936,2.19870951425936,1.19870951425936,0.302717403457952,1.19870951425936,1.19870951425936,0,0,insufficient_gain,insufficient_gain,NaN,NaN,0.312833397839462,0.124040922451995,35.6641860163798,0.00226253053751213,0.00155473542174667
Light_multipath,1,0,27,20261209,2.3045618094787,0.0597460177236327,2.3045618094787,2.3045618094787,1.3045618094787,-0.940253982276367,1.3045618094787,1.3045618094787,0,0,insufficient_gain,insufficient_gain,NaN,NaN,0.367120365759602,0.419267565853904,28.6822259563547,0.00446097414913837,0.00282325968786257
Light_multipath,1,0,28,20261209,2.2825047366026,2.07979211258213,2.2825047366026,2.2825047366026,1.2825047366026,1.07979211258213,1.2825047366026,1.2825047366026,0,0,insufficient_gain,insufficient_gain,NaN,NaN,0.420839022232816,0.0655285252873328,29.232684613868,0.00297474339728998,0.00172285529458094
Light_multipath,1,0,29,20261209,2.22132510908564,2.11497444490608,2.22132510908564,2.22132510908564,1.22132510908564,1.11497444490608,1.22132510908564,1.22132510908564,0,0,insufficient_gain,insufficient_gain,NaN,NaN,0.285574162036477,0.0357978660888575,47.0032269416034,0.00675109752075498,0.00482315850343884
Light_multipath,1,0,30,20261209,2.28321220223394,2.26921369754081,2.28321220223394,2.28321220223394,1.28321220223394,1.26921369754081,1.28321220223394,1.28321220223394,0,0,weak_echo,weak_echo,NaN,NaN,0.731884776996635,0.0314474350888378,79.2244936026084,0.00270844150930394,0.000726174399258595
Light_multipath,1,0,31,20261209,2.32291974640987,2.27302028867058,2.32291974640987,2.32291974640987,1.32291974640987,1.27302028867058,1.32291974640987,1.32291974640987,0,0,candidate_invalid,candidate_invalid,NaN,NaN,0.191271457864819,0.0158362645746263,64.8801832542741,0.00218566473930282,0.00176760945821264
Light_multipath,1,0,32,20261209,2.35231835727231,1.51345814397492,2.35231835727231,2.35231835727231,1.35231835727231,0.513458143974922,1.35231835727231,1.35231835727231,0,0,insufficient_gain,insufficient_gain,NaN,NaN,0.480497240889292,0.11523045268459,40.0230407985303,0.00348859733939255,0.00181233594324071
Light_multipath,1,0,33,20261209,2.16712677919784,1.82357867247958,2.16712677919784,2.16712677919784,1.16712677919784,0.823578672479575,1.16712677919784,1.16712677919784,0,0,insufficient_gain,insufficient_gain,NaN,NaN,0.495879592228329,0.0613991789366593,45.5004687501729,0.0048507788886758,0.00244537663136946
Light_multipath,1,0,34,20261209,1.95157493351475,0.00726924000101424,0.00726924000101424,0.00726924000101424,0.951574933514748,-0.992730759998986,-0.992730759998986,-0.992730759998986,1,1,two_path_selected,stable_two_path_selected,0.0519350139556492,0.0439463668990666,0.689998990757643,0.322342713961557,31.9704936295763,0.0035563779297465,0.00110248074746866
Light_multipath,1,0,35,20261209,2.22697409798445,1.8775482651114,2.22697409798445,2.22697409798445,1.22697409798445,0.877548265111405,1.22697409798445,1.22697409798445,0,0,insufficient_gain,insufficient_gain,NaN,NaN,0.305646218495288,0.691785317651901,8.02766050561917,0.00286710381179045,0.00199078437368327
Light_multipath,1,0,36,20261209,2.29426256082964,1.70678834941042,2.29426256082964,2.29426256082964,1.29426256082964,0.706788349410425,1.29426256082964,1.29426256082964,0,0,insufficient_gain,insufficient_gain,NaN,NaN,0.243110056133642,0.295699921044014,14.2892265003834,0.00305755343937464,0.00231423145109666
Light_multipath,1,0,37,20261209,2.2510176484305,0.428919039098269,2.2510176484305,2.2510176484305,1.2510176484305,-0.571080960901731,1.2510176484305,1.2510176484305,0,0,insufficient_gain,insufficient_gain,NaN,NaN,0.386793848476217,0.279165916801669,33.2814450903321,0.00388883224177849,0.0023846558529026
Light_multipath,1,0,38,20261209,2.19477335008218,2.99862203084316,2.19477335008218,2.19477335008218,1.19477335008218,1.99862203084316,1.19477335008218,1.19477335008218,0,0,insufficient_gain,insufficient_gain,NaN,NaN,0.171625772011825,0.224765385411598,11.8297478849077,0.00274202240171006,0.00227142069014286
Light_multipath,1,0,39,20261209,2.12246681107246,2.14003551448527,2.12246681107246,2.12246681107246,1.12246681107246,1.14003551448527,1.12246681107246,1.12246681107246,0,0,insufficient_gain,insufficient_gain,NaN,NaN,0.321982480563804,0.0397125353790275,87.6736141012622,0.00554032945828231,0.00375644043616385
Light_multipath,1,0,40,20261209,2.07758893296691,8.66070328608458e-05,2.07758893296691,2.07758893296691,1.07758893296691,-0.999913392967139,1.07758893296691,1.07758893296691,0,0,insufficient_gain,insufficient_gain,NaN,NaN,0.452480438278817,0.324303059443406,32.6201638428764,0.00269825194749873,0.00147734572370783
Light_multipath,1,0,41,20261209,2.18112402030262,0.855671361507679,2.18112402030262,2.18112402030262,1.18112402030262,-0.144328638492321,1.18112402030262,1.18112402030262,0,0,insufficient_gain,insufficient_gain,NaN,NaN,0.246879459581976,0.195903497999847,34.5013391676056,0.00562915780351436,0.00423943436708107
Light_multipath,1,0,42,20261209,2.20905133834835,2.10755873472832,2.20905133834835,2.20905133834835,1.20905133834835,1.10755873472832,1.20905133834835,1.20905133834835,0,0,insufficient_gain,insufficient_gain,NaN,NaN,0.49001077622099,0.0330806562281195,58.3081593525721,0.00379875640108085,0.00193732482831277
Light_multipath,1,0,43,20261209,2.30721263552728,1.77895140427692,2.30721263552728,2.30721263552728,1.30721263552728,0.778951404276916,1.30721263552728,1.30721263552728,0,0,insufficient_gain,insufficient_gain,NaN,NaN,0.538951880293281,0.0767888221887826,44.8982711181498,0.00265612500293133,0.00122460143830749
Light_multipath,1,0,44,20261209,2.19052174917756,1.47549112297441e-07,1.47549112297441e-07,2.19052174917756,1.19052174917756,-0.999999852450888,-0.999999852450888,1.19052174917756,1,0,two_path_selected,unstable_split_fit,0.0526260609311324,1.60313327228141,0.656545755868158,0.351383687676333,33.1785637133714,0.00441521404943912,0.0015164240040304
Light_multipath,1,0,45,20261209,2.29471698563908,2.23975000844684,2.29471698563908,2.29471698563908,1.29471698563908,1.23975000844684,1.29471698563908,1.29471698563908,0,0,insufficient_gain,insufficient_gain,NaN,NaN,0.172886288647367,0.0204747598848209,55.0639464203706,0.00355909207966332,0.00294377385905609
Light_multipath,1,0,46,20261209,2.12709322686474,0.330683231726175,0.330683231726175,2.12709322686474,1.12709322686474,-0.669316768273825,-0.669316768273825,1.12709322686474,1,0,two_path_selected,unstable_split_fit,0.0517911257558309,2.17183939271058,0.610060904144925,0.366591039204142,27.0919076701445,0.00444643281802071,0.00173383799283933
Light_multipath,1,0,47,20261209,2.27508759244692,3.48627738542433,2.27508759244692,2.27508759244692,1.27508759244692,2.48627738542433,1.27508759244692,1.27508759244692,0,0,insufficient_gain,insufficient_gain,NaN,NaN,0.335259382818302,0.285040457932981,12.286176363131,0.00285196353149675,0.00189581599810684
Light_multipath,1,0,48,20261209,2.19408009645126,1.89297379475241,2.19408009645126,2.19408009645126,1.19408009645126,0.892973794752407,1.19408009645126,1.19408009645126,0,0,insufficient_gain,insufficient_gain,NaN,NaN,0.439458803325676,0.0617083698975004,35.9156526473917,0.00330084833711819,0.00185026147692868
Light_multipath,1,0,49,20261209,2.07029080585136,0.206548431824923,2.07029080585136,2.07029080585136,1.07029080585136,-0.793451568175077,1.07029080585136,1.07029080585136,0,0,insufficient_gain,insufficient_gain,NaN,NaN,0.45169579108136,0.371422441251795,26.598604021401,0.00420244318667784,0.00230421728699692
Light_multipath,1,0,50,20261209,2.37043933769419,0.796607026904716,0.796607026904716,2.37043933769419,1.37043933769419,-0.203392973095284,-0.203392973095284,1.37043933769419,1,0,two_path_selected,unstable_split_fit,0.0518256440752925,1.28784290779161,0.769091258923334,0.401908662866109,23.9937744284112,0.00470216479107743,0.00108577095224272
Light_multipath,3,0,1,20261209,3.99003760679103,3.82214845500701,3.99003760679103,3.99003760679103,0.99003760679103,0.822148455007008,0.99003760679103,0.99003760679103,0,0,insufficient_gain,insufficient_gain,NaN,NaN,0.555613694673613,0.0383573490943942,44.5928720743722,0.00247331767042058,0.00109910850145667
Light_multipath,3,0,2,20261209,4.22042672894706,3.90625619276926,4.22042672894706,4.22042672894706,1.22042672894706,0.906256192769263,1.22042672894706,1.22042672894706,0,0,insufficient_gain,insufficient_gain,NaN,NaN,0.306444320605217,0.0530093956727774,37.0026213750919,0.00314954170246295,0.0021843825352339
Light_multipath,3,0,3,20261209,4.23949347666624,4.14249119560848,4.23949347666624,4.23949347666624,1.23949347666624,1.14249119560848,1.23949347666624,1.23949347666624,0,0,insufficient_gain,insufficient_gain,NaN,NaN,0.252720155249165,0.0280680812192163,44.9039007662274,0.0037495771863274,0.00280198345768001
Light_multipath,3,0,4,20261209,4.0742728316194,4.23367640093974,4.0742728316194,4.0742728316194,1.0742728316194,1.23367640093974,1.0742728316194,1.0742728316194,0,0,insufficient_gain,insufficient_gain,NaN,NaN,0.364272232995571,0.0788107661355399,23.9482840979063,0.00316221152978224,0.00201030567462412
Light_multipath,3,0,5,20261209,4.3293191573066,2.37647758226055,4.3293191573066,4.3293191573066,1.3293191573066,-0.623522417739449,1.3293191573066,1.3293191573066,0,0,insufficient_gain,insufficient_gain,NaN,NaN,0.543663415487515,0.280315460209045,36.9055845608292,0.00420563796104223,0.00191918646283806
Light_multipath,3,0,6,20261209,4.1373984775386,3.32975520386154,4.1373984775386,4.1373984775386,1.1373984775386,0.329755203861545,1.1373984775386,1.1373984775386,0,0,insufficient_gain,insufficient_gain,NaN,NaN,0.444274030386402,0.148832333991985,28.2758018521991,0.00371603165431367,0.00206509529420829
Light_multipath,3,0,7,20261209,4.23335708734908,1.27410871953873,4.23335708734908,4.23335708734908,1.23335708734908,-1.72589128046127,1.23335708734908,1.23335708734908,0,0,excessive_shift,excessive_shift,NaN,NaN,0.638077928644831,0.490826645240115,34.2233530967484,0.00574599678144105,0.00207960305713928
Light_multipath,3,0,8,20261209,4.22062758620075,4.25639756372349,4.22062758620075,4.22062758620075,1.22062758620075,1.25639756372349,1.22062758620075,1.22062758620075,0,0,insufficient_gain,insufficient_gain,NaN,NaN,0.429274403776477,0.0202532357878333,76.0358441564163,0.00201532623827494,0.00115019826892437
Light_multipath,3,0,9,20261209,4.21783688881626,4.42989840643133,4.21783688881626,4.21783688881626,1.21783688881626,1.42989840643133,1.21783688881626,1.21783688881626,0,0,insufficient_gain,insufficient_gain,NaN,NaN,0.0871329350857131,0.0436437048237682,24.6198384087136,0.00199956622814601,0.00182533815378938
Light_multipath,3,0,10,20261209,4.27449046795504,4.12772852067793,4.27449046795504,4.27449046795504,1.27449046795504,1.12772852067793,1.27449046795504,1.27449046795504,0,0,insufficient_gain,insufficient_gain,NaN,NaN,0.149124774741551,0.0297004014586064,37.1792709860389,0.00293992918421737,0.00250151290686484
Light_multipath,3,0,11,20261209,4.18004795374669,3.81425147298276,4.18004795374669,4.18004795374669,1.18004795374669,0.814251472982764,1.18004795374669,1.18004795374669,0,0,weak_echo,weak_echo,NaN,NaN,0.640944246008442,0.067079235710103,48.8335295140132,0.00516500646494134,0.00185452529064078
Light_multipath,3,0,12,20261209,4.3192054365725,3.03983692848212,4.3192054365725,4.3192054365725,1.3192054365725,0.0398369284821243,1.3192054365725,1.3192054365725,0,0,insufficient_gain,insufficient_gain,NaN,NaN,0.15381082359371,0.228901588296095,26.8512748630464,0.0047317582003652,0.00400396257452074
Light_multipath,3,0,13,20261209,4.19060701168544,2.58018821922438,4.19060701168544,4.19060701168544,1.19060701168544,-0.419811780775624,1.19060701168544,1.19060701168544,0,0,insufficient_gain,insufficient_gain,NaN,NaN,0.322475971065406,0.36210857171076,22.9794577583601,0.00277994088974376,0.00188347675181921
Light_multipath,3,0,14,20261209,4.25143578967331,5.06187606014916,4.25143578967331,4.25143578967331,1.25143578967331,2.06187606014916,1.25143578967331,1.25143578967331,0,0,insufficient_gain,insufficient_gain,NaN,NaN,0.141355945902178,0.139297078664868,21.2140140264908,0.0030329293984539,0.00260420679448092
Light_multipath,3,0,15,20261209,4.22789989821588,3.12006533345667,4.22789989821588,4.22789989821588,1.22789989821588,0.120065333456667,1.22789989821588,1.22789989821588,0,0,insufficient_gain,insufficient_gain,NaN,NaN,0.305499717370272,0.197834603429886,26.1045682603521,0.00182699150257015,0.00126884611489708
Light_multipath,3,0,16,20261209,4.44199293569955,2.96942944803728,4.44199293569955,4.44199293569955,1.44199293569955,-0.0305705519627217,1.44199293569955,1.44199293569955,0,0,insufficient_gain,insufficient_gain,NaN,NaN,0.167356953601114,0.289875671017473,24.5644880227454,0.00197652577912932,0.00164574044602017
Light_multipath,3,0,17,20261209,4.04627603557162,4.13729520861281,4.04627603557162,4.04627603557162,1.04627603557162,1.13729520861281,1.04627603557162,1.04627603557162,0,0,insufficient_gain,insufficient_gain,NaN,NaN,0.478482139736376,0.0561100427224096,34.5477892131034,0.00408697204332409,0.00213142891499163
Light_multipath,3,0,18,20261209,4.27959730604894,3.19909898798919,4.27959730604894,4.27959730604894,1.27959730604894,0.199098987989194,1.27959730604894,1.27959730604894,0,0,insufficient_gain,insufficient_gain,NaN,NaN,0.325598504898071,0.173987831653581,32.0702223441609,0.00520302503295045,0.00350892786127455
Light_multipath,3,0,19,20261209,4.17151752490671,3.87120350694968,4.17151752490671,4.17151752490671,1.17151752490671,0.871203506949676,1.17151752490671,1.17151752490671,0,0,insufficient_gain,insufficient_gain,NaN,NaN,0.0237184390412125,0.0719860924401947,17.2713794276336,0.0029628910442947,0.00289261589367484
Light_multipath,3,0,20,20261209,4.30938004352036,4.99055447655919,4.30938004352036,4.30938004352036,1.30938004352036,1.99055447655919,1.30938004352036,1.30938004352036,0,0,insufficient_gain,insufficient_gain,NaN,NaN,0.108409030552986,0.140766547438227,16.7069176142983,0.00217997564630146,0.0019436465998568
Light_multipath,3,0,21,20261209,4.32321551664852,4.30289703304379,4.32321551664852,4.32321551664852,1.32321551664852,1.30289703304379,1.32321551664852,1.32321551664852,0,0,insufficient_gain,insufficient_gain,NaN,NaN,0.429085577329266,0.0329093662273962,46.4083038746467,0.00324705926351254,0.00185379296480592
Light_multipath,3,0,22,20261209,4.34123868849389,3.59116418752883,4.34123868849389,4.34123868849389,1.34123868849389,0.591164187528833,1.34123868849389,1.34123868849389,0,0,insufficient_gain,insufficient_gain,NaN,NaN,0.0600934811482998,0.698618300202273,8.71866103816207,0.00385934052767656,0.00362741932043176
Light_multipath,3,0,23,20261209,4.20584291492049,4.2107031000184,4.20584291492049,4.20584291492049,1.20584291492049,1.2107031000184,1.20584291492049,1.20584291492049,0,0,candidate_invalid,candidate_invalid,NaN,NaN,0,5.15664264879808e-13,95.8625505763606,0.00123439792408186,0.00123439792415669
Light_multipath,3,0,24,20261209,4.41879260415862,1.95151245319225,4.41879260415862,4.41879260415862,1.41879260415862,-1.04848754680775,1.41879260415862,1.41879260415862,0,0,insufficient_gain,insufficient_gain,NaN,NaN,0.506088063002679,0.699923795430241,23.2456602314347,0.00540846087577496,0.00267130338732824
Light_multipath,3,0,25,20261209,4.00103093373099,3.25092381481473,4.00103093373099,4.00103093373099,1.00103093373099,0.250923814814733,1.00103093373099,1.00103093373099,0,0,insufficient_gain,insufficient_gain,NaN,NaN,0.284158828332705,0.229971657963143,18.3214714595845,0.00269742845855303,0.00193093034825931
Light_multipath,3,0,26,20261209,4.36365730157386,4.50865962044651,4.36365730157386,4.36365730157386,1.36365730157386,1.50865962044651,1.36365730157386,1.36365730157386,0,0,insufficient_gain,insufficient_gain,NaN,NaN,0.136379287533822,0.0345705590351323,36.1959838053327,0.00451730905779013,0.00390124166691863
Light_multipath,3,0,27,20261209,4.25749340064193,2.41512007405148,4.25749340064193,4.25749340064193,1.25749340064193,-0.584879925948516,1.25749340064193,1.25749340064193,0,0,insufficient_gain,insufficient_gain,NaN,NaN,0.488328376389583,0.365813061998673,26.7504389153191,0.00373035912040498,0.00190871890778754
Light_multipath,3,0,28,20261209,4.14472683074264,1.65159088269749,4.14472683074264,4.14472683074264,1.14472683074264,-1.34840911730251,1.14472683074264,1.14472683074264,0,0,insufficient_gain,insufficient_gain,NaN,NaN,0.51282699054164,0.699477970998795,23.0082464867623,0.00348313958477919,0.00169689159388042
Light_multipath,3,0,29,20261209,4.28233632030532,3.41799139069802,4.28233632030532,4.28233632030532,1.28233632030532,0.417991390698021,1.28233632030532,1.28233632030532,0,0,insufficient_gain,insufficient_gain,NaN,NaN,0.571177699863054,0.16334603797774,28.8770359128643,0.0036189298159186,0.00155187780769639
Light_multipath,3,0,30,20261209,4.25352355863544,1.46935726073896,4.25352355863544,4.25352355863544,1.25352355863544,-1.53064273926104,1.25352355863544,1.25352355863544,0,0,insufficient_gain,insufficient_gain,NaN,NaN,0.441672449024756,0.425367032308107,35.655405253426,0.00469259311654957,0.00262000402248641
Light_multipath,3,0,31,20261209,4.12117797477583,3.42731220903111,4.12117797477583,4.12117797477583,1.12117797477583,0.427312209031115,1.12117797477583,1.12117797477583,0,0,insufficient_gain,insufficient_gain,NaN,NaN,0.246561446193853,0.108846351352683,29.933750136182,0.00242500880955432,0.00182709513043777
Light_multipath,3,0,32,20261209,4.21340388616655,4.21846021528849,4.21340388616655,4.21340388616655,1.21340388616655,1.21846021528849,1.21340388616655,1.21340388616655,0,0,insufficient_gain,insufficient_gain,NaN,NaN,0.425014599793987,0.026375062071853,86.1882242197394,0.00322766259503338,0.00185585886893525
Light_multipath,3,0,33,20261209,4.14255995161901,3.91864143136481,4.14255995161901,4.14255995161901,1.14255995161901,0.918641431364813,1.14255995161901,1.14255995161901,0,0,insufficient_gain,insufficient_gain,NaN,NaN,0.182768677193973,0.0313482017773245,50.3569189463803,0.002407925711023,0.00196783231403796
Light_multipath,3,0,34,20261209,4.05236197386202,3.92007049502768,4.05236197386202,4.05236197386202,1.05236197386202,0.920070495027677,1.05236197386202,1.05236197386202,0,0,insufficient_gain,insufficient_gain,NaN,NaN,0.300424725940825,0.0431949351764188,40.9144166032331,0.00507972363901343,0.00355364905690769
Light_multipath,3,0,35,20261209,4.06029244877579,4.79915998251621,4.79915998251621,4.06029244877579,1.06029244877579,1.79915998251621,1.79915998251621,1.06029244877579,1,0,two_path_selected,unstable_split_fit,0.0521757400285249,1.50812343459787,0.677371258146935,0.318560138221214,12.6744683258518,0.00520390119807357,0.00167892809626213
Light_multipath,3,0,36,20261209,4.19412067284614,4.17437397674428,4.19412067284614,4.19412067284614,1.19412067284614,1.17437397674428,1.19412067284614,1.19412067284614,0,0,candidate_invalid,candidate_invalid,NaN,NaN,0.0859382407814736,0.0142854819494862,76.9069223548657,0.004043683140732,0.00369617612533979
Light_multipath,3,0,37,20261209,4.20306943551209,4.44279185676626,4.20306943551209,4.20306943551209,1.20306943551209,1.44279185676626,1.20306943551209,1.20306943551209,0,0,insufficient_gain,insufficient_gain,NaN,NaN,0.385908540768827,0.0910133560989694,21.373502934664,0.00269381228671528,0.00165424711804385
Light_multipath,3,0,38,20261209,4.42393445708128,4.29557484456197,4.42393445708128,4.42393445708128,1.42393445708128,1.29557484456197,1.42393445708128,1.42393445708128,0,0,insufficient_gain,insufficient_gain,NaN,NaN,0.315300327745392,0.0308823641645127,41.8308662524791,0.00217319162839491,0.00148798359570845
Light_multipath,3,0,39,20261209,4.42180369320074,4.52719729064944,4.42180369320074,4.42180369320074,1.42180369320074,1.52719729064944,1.42180369320074,1.42180369320074,0,0,insufficient_gain,insufficient_gain,NaN,NaN,0.39308085040635,0.414157730221162,9.04764751964984,0.00286332812348422,0.00173780866971263
Light_multipath,3,0,40,20261209,4.15545472831248,3.51547747235927,4.15545472831248,4.15545472831248,1.15545472831248,0.515477472359265,1.15545472831248,1.15545472831248,0,0,insufficient_gain,insufficient_gain,NaN,NaN,0.185109693784991,0.101375798787478,30.6731832403984,0.00292876793073593,0.0023866245959101
Light_multipath,3,0,41,20261209,4.39291609964479,4.21351655660343,4.39291609964479,4.39291609964479,1.39291609964479,1.21351655660343,1.39291609964479,1.39291609964479,0,0,insufficient_gain,insufficient_gain,NaN,NaN,0.390400789318408,0.0391470428198647,62.4341701506428,0.00402798200300691,0.00245545464967267
Light_multipath,3,0,42,20261209,4.278827053179,4.25074231396533,4.278827053179,4.278827053179,1.278827053179,1.25074231396533,1.278827053179,1.278827053179,0,0,candidate_invalid,candidate_invalid,NaN,NaN,0.229490332335221,0.0150144529017435,99.2343782420501,0.00234691609847615,0.00180832154307398
Light_multipath,3,0,43,20261209,4.23714718987419,2.41059963719117,4.23714718987419,4.23714718987419,1.23714718987419,-0.589400362808828,1.23714718987419,1.23714718987419,0,0,insufficient_gain,insufficient_gain,NaN,NaN,0.274854380187732,0.699997177338367,17.9562667179813,0.00468493223287769,0.00339725808778857
Light_multipath,3,0,44,20261209,4.21101961252077,3.77327275461106,4.21101961252077,4.21101961252077,1.21101961252077,0.77327275461106,1.21101961252077,1.21101961252077,0,0,insufficient_gain,insufficient_gain,NaN,NaN,0.0503269270954204,0.121834676302072,16.2105129440424,0.00273595156743411,0.00259825953236326
Light_multipath,3,0,45,20261209,4.26557642728966,4.07943010894551,4.26557642728966,4.26557642728966,1.26557642728966,1.07943010894551,1.26557642728966,1.26557642728966,0,0,insufficient_gain,insufficient_gain,NaN,NaN,0.0178973632740377,0.0518412046179166,16.3573456897274,0.00558189827529887,0.00548199701410712
Light_multipath,3,0,46,20261209,4.19529935994655,2.82652208484251,4.19529935994655,4.19529935994655,1.19529935994655,-0.173477915157489,1.19529935994655,1.19529935994655,0,0,insufficient_gain,insufficient_gain,NaN,NaN,0.532696735232953,0.201579937618557,34.6798201316494,0.00298041332471155,0.00139275687699292
Light_multipath,3,0,47,20261209,4.26193571680964,3.56357682973135,4.26193571680964,4.26193571680964,1.26193571680964,0.563576829731354,1.26193571680964,1.26193571680964,0,0,insufficient_gain,insufficient_gain,NaN,NaN,0.379013703748626,0.0930435675191335,36.0797671320054,0.0015392203184823,0.000955834724689186
Light_multipath,3,0,48,20261209,4.14329444277233,5.52680006900633,4.14329444277233,4.14329444277233,1.14329444277233,2.52680006900633,1.14329444277233,1.14329444277233,0,0,insufficient_gain,insufficient_gain,NaN,NaN,0.288454616852208,0.215898305621137,21.7547702035715,0.00459477810287878,0.00326939314569197
Light_multipath,3,0,49,20261209,4.27942073377257,3.85177795302579,3.85177795302579,4.27942073377257,1.27942073377257,0.851777953025788,0.851777953025788,1.27942073377257,1,0,two_path_selected,unstable_split_fit,0.0513914313713068,1.47779291978164,0.697682206452069,0.256224727966241,16.0357374722126,0.00212963422050949,0.000643826318608598
Light_multipath,3,0,50,20261209,4.16699040134417,3.55646972895806,4.16699040134417,4.16699040134417,1.16699040134417,0.556469728958056,1.16699040134417,1.16699040134417,0,0,insufficient_gain,insufficient_gain,NaN,NaN,0.173215599091615,0.207098431290432,15.698688800952,0.0021983092229465,0.0018175277739052
Light_multipath,5,0,1,20261209,6.19362567601392,6.21848151114375,6.19362567601392,6.19362567601392,1.19362567601392,1.21848151114375,1.19362567601392,1.19362567601392,0,0,candidate_invalid,candidate_invalid,NaN,NaN,0.117372964197144,0.0151723955760807,64.2044480369809,0.00404590832267027,0.00357102806996856
Light_multipath,5,0,2,20261209,6.23550249681118,6.0899780244045,6.23550249681118,6.23550249681118,1.23550249681118,1.0899780244045,1.23550249681118,1.23550249681118,0,0,insufficient_gain,insufficient_gain,NaN,NaN,0.296205339688211,0.0298895249375538,62.8581546608205,0.0029003354542172,0.00204124060579103
Light_multipath,5,0,3,20261209,6.23420925139941,4.6855080319217,6.23420925139941,6.23420925139941,1.23420925139941,-0.314491968078295,1.23420925139941,1.23420925139941,0,0,insufficient_gain,insufficient_gain,NaN,NaN,0.385065652349612,0.29128892814304,26.6721865630532,0.0035633363604628,0.0021912179202801
Light_multipath,5,0,4,20261209,6.30428012887878,6.29806947931439,6.30428012887878,6.30428012887878,1.30428012887878,1.29806947931439,1.30428012887878,1.30428012887878,0,0,candidate_invalid,candidate_invalid,NaN,NaN,0.109032612155239,0.0155124224897525,95.7496583173675,0.00414120003789242,0.00368967418030364
Light_multipath,5,0,5,20261209,6.35504585658761,6.27724780497573,6.35504585658761,6.35504585658761,1.35504585658761,1.27724780497573,1.35504585658761,1.35504585658761,0,0,insufficient_gain,insufficient_gain,NaN,NaN,0.370690498611132,0.0533587335077682,32.4671111132058,0.003756785151521,0.00236418059052879
Light_multipath,5,0,6,20261209,6.23740245926528,5.67834937504914,6.23740245926528,6.23740245926528,1.23740245926528,0.678349375049141,1.23740245926528,1.23740245926528,0,0,insufficient_gain,insufficient_gain,NaN,NaN,0.334215567930084,0.0756958076971239,45.2684621172398,0.00390676238633425,0.00260106157661766
Light_multipath,5,0,7,20261209,6.40887361119587,3.93126377769675,6.40887361119587,6.40887361119587,1.40887361119587,-1.06873622230325,1.40887361119587,1.40887361119587,0,0,insufficient_gain,insufficient_gain,NaN,NaN,0.49947630764859,0.446301880975866,29.4437638204685,0.00180354702501284,0.000902718016288828
Light_multipath,5,0,8,20261209,6.37216552918061,5.11194096869961,6.37216552918061,6.37216552918061,1.37216552918061,0.111940968699606,1.37216552918061,1.37216552918061,0,0,insufficient_gain,insufficient_gain,NaN,NaN,0.257861715766962,0.288043724806001,20.580505767386,0.00222709660057063,0.00165281364996872
Light_multipath,5,0,9,20261209,6.19266789568893,5.78837509102271,6.19266789568893,6.19266789568893,1.19266789568893,0.788375091022714,1.19266789568893,1.19266789568893,0,0,insufficient_gain,insufficient_gain,NaN,NaN,0.0480234971556902,0.087117934883599,18.2650539130789,0.00251972408649159,0.00239871812399084
Light_multipath,5,0,10,20261209,6.34271664964098,6.32371117459275,6.34271664964098,6.34271664964098,1.34271664964098,1.32371117459275,1.34271664964098,1.34271664964098,0,0,insufficient_gain,insufficient_gain,NaN,NaN,0.391577162679226,0.0232346210996048,47.9866234313875,0.00213188213071036,0.00129708577480026
Light_multipath,5,0,11,20261209,6.26261079169708,5.59903900457242,6.26261079169708,6.26261079169708,1.26261079169708,0.599039004572422,1.26261079169708,1.26261079169708,0,0,insufficient_gain,insufficient_gain,NaN,NaN,0.405683147278253,0.699134901154099,10.8043166368478,0.00424074409638364,0.00252034568456105
Light_multipath,5,0,12,20261209,6.19338341128239,4.98936464308365,6.19338341128239,6.19338341128239,1.19338341128239,-0.0106353569163531,1.19338341128239,1.19338341128239,0,0,insufficient_gain,insufficient_gain,NaN,NaN,0.250267003309598,0.23515485645426,25.1121844116681,0.0038808045468075,0.00290956722244773
Light_multipath,5,0,13,20261209,6.20825685585529,5.91015182560687,6.20825685585529,6.20825685585529,1.20825685585529,0.910151825606867,1.20825685585529,1.20825685585529,0,0,insufficient_gain,insufficient_gain,NaN,NaN,0.128901850136758,0.0420504166752877,39.5425813591062,0.00216556575495308,0.00188642032254682
Light_multipath,5,0,14,20261209,6.21616942886909,5.8607651922849,6.21616942886909,6.21616942886909,1.21616942886909,0.860765192284898,1.21616942886909,1.21616942886909,0,0,insufficient_gain,insufficient_gain,NaN,NaN,0.250791002373097,0.115513433326698,18.5049984626213,0.00166990805069078,0.00125111013678714
Light_multipath,5,0,15,20261209,6.11754792801556,6.13869886950683,6.11754792801556,6.11754792801556,1.11754792801556,1.13869886950683,1.11754792801556,1.11754792801556,0,0,candidate_invalid,candidate_invalid,NaN,NaN,0.258801256481736,0.0157081512005291,68.931563727518,0.00220987716891274,0.00163795818092782
Light_multipath,5,0,16,20261209,6.10958558000201,4.26527487992946,6.10958558000201,6.10958558000201,1.10958558000201,-0.734725120070536,1.10958558000201,1.10958558000201,0,0,insufficient_gain,insufficient_gain,NaN,NaN,0.408501862938802,0.361838277811781,26.4375531622554,0.00341087315729927,0.00201752511829456
Light_multipath,5,0,17,20261209,6.16120804688187,5.88009645923803,6.16120804688187,6.16120804688187,1.16120804688187,0.880096459238027,1.16120804688187,1.16120804688187,0,0,insufficient_gain,insufficient_gain,NaN,NaN,0.384623464151567,0.0448265039369405,46.6043663804547,0.00339866197246952,0.00209145683113809
Light_multipath,5,0,18,20261209,6.31125592455941,7.27504865286726,6.31125592455941,6.31125592455941,1.31125592455941,2.27504865286726,1.31125592455941,1.31125592455941,0,0,insufficient_gain,insufficient_gain,NaN,NaN,0.338444425208155,0.283632578823417,11.7060372115442,0.00407118184054034,0.00269331304260079
Light_multipath,5,0,19,20261209,6.43490620386896,6.32520737142774,6.43490620386896,6.43490620386896,1.43490620386896,1.32520737142774,1.43490620386896,1.43490620386896,0,0,weak_echo,weak_echo,NaN,NaN,0.659441354692943,0.0304401547912097,68.4427299284097,0.00202854144842446,0.000690837327624649
Light_multipath,5,0,20,20261209,6.36123787774771,5.10709724928316,6.36123787774771,6.36123787774771,1.36123787774771,0.107097249283164,1.36123787774771,1.36123787774771,0,0,insufficient_gain,insufficient_gain,NaN,NaN,0.287440780497679,0.201887834159001,30.2733550960192,0.00378054535529015,0.00269386244765868
Light_multipath,5,0,21,20261209,6.4027109302335,5.52440324733728,6.4027109302335,6.4027109302335,1.4027109302335,0.524403247337284,1.4027109302335,1.4027109302335,0,0,insufficient_gain,insufficient_gain,NaN,NaN,0.487474510749746,0.297705339682987,20.8196492959601,0.00624510572922299,0.00320077586928957
Light_multipath,5,0,22,20261209,6.05486954719401,3.17202616406234,6.05486954719401,6.05486954719401,1.05486954719401,-1.82797383593766,1.05486954719401,1.05486954719401,0,0,insufficient_gain,insufficient_gain,NaN,NaN,0.537774685291286,0.463042884861577,34.4016710443677,0.00427160121878223,0.00197444221766174
Light_multipath,5,0,23,20261209,6.33225954778984,3.36177910259057,6.33225954778984,6.33225954778984,1.33225954778984,-1.63822089740943,1.33225954778984,1.33225954778984,0,0,insufficient_gain,insufficient_gain,NaN,NaN,0.486047606113231,0.46303606094742,35.6316587159584,0.00460703791296635,0.00236779816409616
Light_multipath,5,0,24,20261209,6.18297504634932,6.8033024766136,6.18297504634932,6.18297504634932,1.18297504634932,1.8033024766136,1.18297504634932,1.18297504634932,0,0,insufficient_gain,insufficient_gain,NaN,NaN,0.547292408082381,0.35273403801042,10.9590571198277,0.0051467822370268,0.00232998739264878
Light_multipath,5,0,25,20261209,6.52896603887014,5.01311721671041,6.52896603887014,6.52896603887014,1.52896603887014,0.0131172167104108,1.52896603887014,1.52896603887014,0,0,insufficient_gain,insufficient_gain,NaN,NaN,0.502570329301414,0.232199458212097,33.4169628538719,0.00285466060523842,0.00141999288481998
Light_multipath,5,0,26,20261209,6.19384202730581,5.47019856218781,6.19384202730581,6.19384202730581,1.19384202730581,0.470198562187808,1.19384202730581,1.19384202730581,0,0,insufficient_gain,insufficient_gain,NaN,NaN,0.246643850646149,0.116819220140705,29.9976510527251,0.0025048373281451,0.00188703460428918
Light_multipath,5,0,27,20261209,6.2816655652065,6.3392566983807,6.2816655652065,6.2816655652065,1.2816655652065,1.3392566983807,1.2816655652065,1.2816655652065,0,0,insufficient_gain,insufficient_gain,NaN,NaN,0.495734517866063,0.0267248799382582,71.4495067242005,0.00270524077547418,0.00136415954393287
Light_multipath,5,0,28,20261209,6.22994998556313,5.82200215584879,6.22994998556313,6.22994998556313,1.22994998556313,0.822002155848793,1.22994998556313,1.22994998556313,0,0,insufficient_gain,insufficient_gain,NaN,NaN,0.211484467669123,0.211899269663103,13.9070720369523,0.00224148152089221,0.00176744299465614
Light_multipath,5,0,29,20261209,6.25952682761462,6.00641823949558,6.25952682761462,6.25952682761462,1.25952682761462,1.00641823949558,1.25952682761462,1.25952682761462,0,0,insufficient_gain,insufficient_gain,NaN,NaN,0.0191263716575614,0.104868040943082,10.3130818344514,0.000871450695687059,0.000854783005800108
Light_multipath,5,0,30,20261209,6.28467001742375,5.41787129326997,6.28467001742375,6.28467001742375,1.28467001742375,0.417871293269972,1.28467001742375,1.28467001742375,0,0,insufficient_gain,insufficient_gain,NaN,NaN,0.473720447855847,0.120036910795188,42.5557077255457,0.00447455986570566,0.00235486936216578
Light_multipath,5,0,31,20261209,6.23651072160676,6.20786559594905,6.23651072160676,6.23651072160676,1.23651072160676,1.20786559594905,1.23651072160676,1.23651072160676,0,0,weak_echo,weak_echo,NaN,NaN,0.696981087835825,0.0286027693858297,88.3370532962822,0.00231488057346829,0.000701452593162344
Light_multipath,5,0,32,20261209,5.97884994001529,5.97287867928073,5.97884994001529,5.97884994001529,0.978849940015288,0.972878679280733,0.978849940015288,0.978849940015288,0,0,insufficient_gain,insufficient_gain,NaN,NaN,0.346034815464938,0.401877709230808,11.8775248729543,0.00745740903485315,0.00487688587563118
Light_multipath,5,0,33,20261209,6.28570137072281,6.09446402591812,6.28570137072281,6.28570137072281,1.28570137072281,1.09446402591812,1.28570137072281,1.28570137072281,0,0,insufficient_gain,insufficient_gain,NaN,NaN,0.111706545893542,0.0431956103535535,29.9313730757707,0.00405373288279876,0.00360090438448624
Light_multipath,5,0,34,20261209,6.36586085467831,6.32917583807284,6.36586085467831,6.36586085467831,1.36586085467831,1.32917583807284,1.36586085467831,1.36586085467831,0,0,insufficient_gain,insufficient_gain,NaN,NaN,0.22160443408899,0.115189789630733,16.3243442436895,0.00257450629962941,0.00200398428804149
Light_multipath,5,0,35,20261209,5.98768631652247,5.96982419419062,5.98768631652247,5.98768631652247,0.987686316522467,0.969824194190616,0.987686316522467,0.987686316522467,0,0,insufficient_gain,insufficient_gain,NaN,NaN,0.393769170581237,0.026935660832307,82.2137780493619,0.00364977830033486,0.00221260812620661
Light_multipath,5,0,36,20261209,6.15735488953416,5.55028520877275,6.15735488953416,6.15735488953416,1.15735488953416,0.550285208772745,1.15735488953416,1.15735488953416,0,0,insufficient_gain,insufficient_gain,NaN,NaN,0.0571507076899631,0.197976114369419,15.4548796792987,0.00401640425325756,0.00378686390781491
Light_multipath,5,0,37,20261209,6.25376513226283,5.02029204540839,6.25376513226283,6.25376513226283,1.25376513226283,0.0202920454083895,1.25376513226283,1.25376513226283,0,0,insufficient_gain,insufficient_gain,NaN,NaN,0.444435668700734,0.192028640232486,33.4492338624456,0.00496939898855997,0.00276082082603857
Light_multipath,5,0,38,20261209,6.20601214505421,5.27842059311162,6.20601214505421,6.20601214505421,1.20601214505421,0.278420593111617,1.20601214505421,1.20601214505421,0,0,insufficient_gain,insufficient_gain,NaN,NaN,0.229115490576992,0.141027319996413,30.4793134462238,0.00131725020849283,0.00101544778076135
Light_multipath,5,0,39,20261209,6.13298304177017,4.90523199331072,6.13298304177017,6.13298304177017,1.13298304177017,-0.0947680066892751,1.13298304177017,1.13298304177017,0,0,insufficient_gain,insufficient_gain,NaN,NaN,0.349013233554375,0.189625539579947,30.9568194074274,0.00249484817902657,0.00162411314883726
Light_multipath,5,0,40,20261209,6.20070329508078,4.68113615047227,6.20070329508078,6.20070329508078,1.20070329508078,-0.31886384952773,1.20070329508078,1.20070329508078,0,0,insufficient_gain,insufficient_gain,NaN,NaN,0.370081831012203,0.308745108626978,26.1919828636266,0.00583148022316848,0.00367335534466684
Light_multipath,5,0,41,20261209,6.26041847277168,5.92890301708107,6.26041847277168,6.26041847277168,1.26041847277168,0.928903017081073,1.26041847277168,1.26041847277168,0,0,insufficient_gain,insufficient_gain,NaN,NaN,0.594726752404797,0.057401439821425,41.2493976105024,0.00268885299200905,0.00108972018437758
Light_multipath,5,0,42,20261209,6.26996800222947,5.24390800840102,6.26996800222947,6.26996800222947,1.26996800222947,0.243908008401023,1.26996800222947,1.26996800222947,0,0,insufficient_gain,insufficient_gain,NaN,NaN,0.396231349222737,0.699831684022145,12.4279415567979,0.00313502687674538,0.00189283094752302
Light_multipath,5,0,43,20261209,6.30826530279787,5.53779311078582,6.30826530279787,6.30826530279787,1.30826530279787,0.537793110785824,1.30826530279787,1.30826530279787,0,0,insufficient_gain,insufficient_gain,NaN,NaN,0.45184618510911,0.184821800252354,24.7991614794477,0.00465122297732168,0.00254958561892704
Light_multipath,5,0,44,20261209,6.17076828632488,4.86945337194118,6.17076828632488,6.17076828632488,1.17076828632488,-0.130546628058818,1.17076828632488,1.17076828632488,0,0,insufficient_gain,insufficient_gain,NaN,NaN,0.196568194916153,0.372918227022341,18.3511469999737,0.00281318364628991,0.00226020121497106
Light_multipath,5,0,45,20261209,5.97558919243748,7.25321204180032,5.97558919243748,5.97558919243748,0.975589192437484,2.25321204180032,0.975589192437484,0.975589192437484,0,0,insufficient_gain,insufficient_gain,NaN,NaN,0.332144973562214,0.597062910714423,5.00124813843802,0.00694113079642666,0.00463566909155566
Light_multipath,5,0,46,20261209,6.47820265667383,6.6094229756831,6.47820265667383,6.47820265667383,1.47820265667383,1.6094229756831,1.47820265667383,1.47820265667383,0,0,insufficient_gain,insufficient_gain,NaN,NaN,0.368015876529243,0.0282552600911434,57.4495984724225,0.0028076681478002,0.00177440169338428
Light_multipath,5,0,47,20261209,6.14114091133197,4.87772698862067,6.14114091133197,6.14114091133197,1.14114091133197,-0.122273011379334,1.14114091133197,1.14114091133197,0,0,insufficient_gain,insufficient_gain,NaN,NaN,0.309431697132415,0.193209550830979,31.9061028843821,0.00322610008254709,0.00222784245888552
Light_multipath,5,0,48,20261209,6.24277945472178,6.27077349837824,6.24277945472178,6.24277945472178,1.24277945472178,1.27077349837824,1.24277945472178,1.24277945472178,0,0,candidate_invalid,candidate_invalid,NaN,NaN,0.177659403343894,0.0190764164255362,93.2936647901155,0.00396374553984069,0.00325954887222557
Light_multipath,5,0,49,20261209,6.29790574767407,5.85665231971338,6.29790574767407,6.29790574767407,1.29790574767407,0.856652319713378,1.29790574767407,1.29790574767407,0,0,insufficient_gain,insufficient_gain,NaN,NaN,0.35613583859977,0.126117459274306,23.3136566396406,0.00359690463980056,0.00231591798954178
Light_multipath,5,0,50,20261209,6.3306541449109,5.80570265784967,6.3306541449109,6.3306541449109,1.3306541449109,0.80570265784967,1.3306541449109,1.3306541449109,0,0,insufficient_gain,insufficient_gain,NaN,NaN,0.344626402615449,0.107856659952876,26.7576329682815,0.00331200763375517,0.00217060235749922
Light_multipath,10,0,1,20261209,11.3915523672354,10.4312252622019,11.3915523672354,11.3915523672354,1.39155236723542,0.431225262201931,1.39155236723542,1.39155236723542,0,0,insufficient_gain,insufficient_gain,NaN,NaN,0.160067444059139,0.175991811767732,23.8936288384659,0.00109388173935199,0.000918786885230949
Light_multipath,10,0,2,20261209,11.1703157072232,11.1223280240395,11.1703157072232,11.1703157072232,1.17031570722324,1.12232802403954,1.17031570722324,1.17031570722324,0,0,insufficient_gain,insufficient_gain,NaN,NaN,0.480306778779003,0.0299839376620905,99.9993994347161,0.00343780450925757,0.00178660369934414
Light_multipath,10,0,3,20261209,11.2803162308931,8.30838516255121,11.2803162308931,11.2803162308931,1.28031623089311,-1.69161483744879,1.28031623089311,1.28031623089311,0,0,excessive_shift,excessive_shift,NaN,NaN,0.635065953461584,0.668482411547522,27.2423041347315,0.00311148034418296,0.00113548511272743
Light_multipath,10,0,4,20261209,11.1128603683545,10.2941752899239,11.1128603683545,11.1128603683545,1.11286036835448,0.294175289923867,1.11286036835448,1.11286036835448,0,0,insufficient_gain,insufficient_gain,NaN,NaN,0.168335780009155,0.141605530807313,26.4052325223393,0.00301150972964459,0.00250456489029971
Light_multipath,10,0,5,20261209,11.0201187137063,9.59114953902773,11.0201187137063,11.0201187137063,1.02011871370628,-0.408850460972268,1.02011871370628,1.02011871370628,0,0,insufficient_gain,insufficient_gain,NaN,NaN,0.399574962395348,0.204370571516971,35.4606307441548,0.00315082159104718,0.00189183217229005
Light_multipath,10,0,6,20261209,11.0884891804453,8.15534223896685,11.0884891804453,11.0884891804453,1.08848918044533,-1.84465776103315,1.08848918044533,1.08848918044533,0,0,insufficient_gain,insufficient_gain,NaN,NaN,0.575296866135932,0.532362879565984,30.7942498399078,0.00378387535696034,0.00160702372225208
Light_multipath,10,0,7,20261209,11.1836453442253,11.8241698602448,11.1836453442253,11.1836453442253,1.18364534422528,1.8241698602448,1.18364534422528,1.18364534422528,0,0,insufficient_gain,insufficient_gain,NaN,NaN,0.432195587497753,0.351965886887004,10.5264627685836,0.00575709747038156,0.00326890534688817
Light_multipath,10,0,8,20261209,11.2177241977869,10.9434589141331,11.2177241977869,11.2177241977869,1.2177241977869,0.943458914133096,1.2177241977869,1.2177241977869,0,0,insufficient_gain,insufficient_gain,NaN,NaN,0.590689303953596,0.0660135070808383,36.8461013140241,0.00378267255004539,0.0015482883343747
Light_multipath,10,0,9,20261209,11.1840587924899,10.229235820667,11.1840587924899,11.1840587924899,1.18405879248995,0.229235820667014,1.18405879248995,1.18405879248995,0,0,insufficient_gain,insufficient_gain,NaN,NaN,0.491902333366531,0.245709780452367,20.0248504914416,0.00145255112913589,0.000738037839379757
Light_multipath,10,0,10,20261209,11.2153919640045,10.8174205305192,11.2153919640045,11.2153919640045,1.2153919640045,0.817420530519215,1.2153919640045,1.2153919640045,0,0,insufficient_gain,insufficient_gain,NaN,NaN,0.54142095216647,0.0904962451315124,27.9741743476268,0.00224581165810234,0.00102988217178601
Light_multipath,10,0,11,20261209,11.3287720354043,11.2850537361577,11.3287720354043,11.3287720354043,1.32877203540429,1.28505373615771,1.32877203540429,1.32877203540429,0,0,insufficient_gain,insufficient_gain,NaN,NaN,0.450695963565262,0.0249921128337161,60.8163228850026,0.00281885052630781,0.00154840597220707
Light_multipath,10,0,12,20261209,11.2714058552835,11.2541007539844,11.2714058552835,11.2714058552835,1.27140585528351,1.2541007539844,1.27140585528351,1.27140585528351,0,0,insufficient_gain,insufficient_gain,NaN,NaN,0.503895846919651,0.0211906782280867,78.1859443667417,0.00178261101716015,0.000884360728939937
Light_multipath,10,0,13,20261209,11.3760364248231,9.66460545815029,11.3760364248231,11.3760364248231,1.37603642482311,-0.335394541849706,1.37603642482311,1.37603642482311,0,0,insufficient_gain,insufficient_gain,NaN,NaN,0.368429772349498,0.358345520338436,24.7997904430739,0.00296254558993425,0.00187105559265976
Light_multipath,10,0,14,20261209,11.2139825330371,12.2238102152295,11.2139825330371,11.2139825330371,1.21398253303709,2.22381021522948,1.21398253303709,1.21398253303709,0,0,insufficient_gain,insufficient_gain,NaN,NaN,0.289628571783081,0.202744605071611,17.3476283638107,0.00409577773305903,0.0029095234778922
Light_multipath,10,0,15,20261209,11.3507725438335,10.5831250654158,11.3507725438335,11.3507725438335,1.35077254383353,0.583125065415818,1.35077254383353,1.35077254383353,0,0,insufficient_gain,insufficient_gain,NaN,NaN,0.110447243406976,0.165765800145037,21.1801601770756,0.0028821350854793,0.00256381121016158
Light_multipath,10,0,16,20261209,11.3702404764334,11.3423616470277,11.3702404764334,11.3702404764334,1.37024047643342,1.34236164702769,1.37024047643342,1.37024047643342,0,0,insufficient_gain,insufficient_gain,NaN,NaN,0.470912919610111,0.0255605868800332,70.202131816889,0.00281214983069722,0.00148787214354251
Light_multipath,10,0,17,20261209,11.4153749340847,10.8952945449281,11.4153749340847,11.4153749340847,1.41537493408466,0.89529454492807,1.41537493408466,1.41537493408466,0,0,insufficient_gain,insufficient_gain,NaN,NaN,0.0726326514618945,0.0883416521445142,25.6061188619805,0.00290994287757851,0.00269858601077733
Light_multipath,10,0,18,20261209,11.2401897503186,10.3677490400338,11.2401897503186,11.2401897503186,1.24018975031857,0.367749040033761,1.24018975031857,1.24018975031857,0,0,insufficient_gain,insufficient_gain,NaN,NaN,0.115621136110855,0.147708979212731,27.2112183442748,0.0037000913482903,0.00327228258288703
Light_multipath,10,0,19,20261209,11.3425425814325,11.3725623868424,11.3425425814325,11.3425425814325,1.34254258143246,1.37256238684237,1.34254258143246,1.34254258143246,0,0,insufficient_gain,insufficient_gain,NaN,NaN,0.315451860923698,0.0241960553172251,99.9999452997478,0.00389743156011924,0.00266797952165687
Light_multipath,10,0,20,20261209,11.3485901019502,10.3239481779282,11.3485901019502,11.3485901019502,1.34859010195017,0.323948177928198,1.34859010195017,1.34859010195017,0,0,insufficient_gain,insufficient_gain,NaN,NaN,0.32355472563307,0.145132392890477,37.6543439381104,0.0072078452401596,0.00487571285107413
Light_multipath,10,0,21,20261209,11.2572416691935,10.844868224193,11.2572416691935,11.2572416691935,1.25724166919349,0.844868224192973,1.25724166919349,1.25724166919349,0,0,insufficient_gain,insufficient_gain,NaN,NaN,0.322620660696475,0.0619475029957046,45.0941308334076,0.00462115724031742,0.00313027643826391
Light_multipath,10,0,22,20261209,11.0611918673406,10.1623443740879,11.0611918673406,11.0611918673406,1.06119186734059,0.162344374087873,1.06119186734059,1.06119186734059,0,0,insufficient_gain,insufficient_gain,NaN,NaN,0.347402563729543,0.123154362092878,40.6874328998761,0.00530231673378068,0.00346027830675921
Light_multipath,10,0,23,20261209,11.1988219196708,10.2885508219245,11.1988219196708,11.1988219196708,1.19882191967077,0.288550821924453,1.19882191967077,1.19882191967077,0,0,insufficient_gain,insufficient_gain,NaN,NaN,0.165265966503672,0.151717711282553,27.7605637886343,0.00313633541934943,0.00261800591499095
Light_multipath,10,0,24,20261209,11.1152390164061,9.68728777528092,11.1152390164061,11.1152390164061,1.11523901640605,-0.312712224719078,1.11523901640605,1.11523901640605,0,0,insufficient_gain,insufficient_gain,NaN,NaN,0.245499617637548,0.258905517848146,27.6370021943367,0.00554228648813893,0.00418165727446307
Light_multipath,10,0,25,20261209,11.2487531728073,10.8418805243508,11.2487531728073,11.2487531728073,1.24875317280728,0.841880524350762,1.24875317280728,1.24875317280728,0,0,weak_echo,weak_echo,NaN,NaN,0.732036916765079,0.079097154752015,58.4734940076151,0.00827934631058591,0.00221855916455427
Light_multipath,10,0,26,20261209,11.190321098241,9.21103275466843,11.190321098241,11.190321098241,1.19032109824097,-0.78896724533157,1.19032109824097,1.19032109824097,0,0,insufficient_gain,insufficient_gain,NaN,NaN,0.506905419438026,0.56574524926231,20.5955277959774,0.00194405353906535,0.000958602264435449
Light_multipath,10,0,27,20261209,11.2938058448607,11.2591994963818,11.2938058448607,11.2938058448607,1.29380584486069,1.25919949638175,1.29380584486069,1.29380584486069,0,0,weak_echo,weak_echo,NaN,NaN,0.638375121430105,0.0405043609810895,81.0132475159198,0.00490763393328053,0.00177472252518807
Light_multipath,10,0,28,20261209,11.2513572105708,10.3897812008957,11.2513572105708,11.2513572105708,1.25135721057082,0.389781200895719,1.25135721057082,1.25135721057082,0,0,insufficient_gain,insufficient_gain,NaN,NaN,0.321169861069718,0.120128570279128,39.0961162511629,0.004492071334111,0.00304935340781931
Light_multipath,10,0,29,20261209,11.1817548873984,11.2217074100943,11.1817548873984,11.1817548873984,1.18175488739839,1.2217074100943,1.18175488739839,1.18175488739839,0,0,insufficient_gain,insufficient_gain,NaN,NaN,0.0004472948349623,0.032904353980498,5.2382626126768,0.00119760720348805,0.00119707151997162
Light_multipath,10,0,30,20261209,11.2098424721041,10.4164036670834,11.2098424721041,11.2098424721041,1.20984247210414,0.416403667083408,1.20984247210414,1.20984247210414,0,0,insufficient_gain,insufficient_gain,NaN,NaN,0.281884509478799,0.131877854624882,28.6755965730027,0.00200135272002222,0.0014372023902447
Light_multipath,10,0,31,20261209,11.1626864826669,11.1578210594135,11.1626864826669,11.1626864826669,1.16268648266693,1.15782105941355,1.16268648266693,1.16268648266693,0,0,insufficient_gain,insufficient_gain,NaN,NaN,0.508764208723853,0.0206424768117573,65.888815471763,0.00182015094793031,0.000894123291148574
Light_multipath,10,0,32,20261209,11.197902835251,9.8818356179802,11.197902835251,11.197902835251,1.19790283525098,-0.118164382019796,1.19790283525098,1.19790283525098,0,0,insufficient_gain,insufficient_gain,NaN,NaN,0.19874656809026,0.330033945496723,19.5464231360086,0.00180225943784529,0.00144406655976526
Light_multipath,10,0,33,20261209,11.3675850847235,10.2337871837034,11.3675850847235,11.3675850847235,1.3675850847235,0.233787183703432,1.3675850847235,1.3675850847235,0,0,insufficient_gain,insufficient_gain,NaN,NaN,0.243864844251792,0.17096998042591,31.1284564448726,0.0021662520629897,0.0016379793410386
Light_multipath,10,0,34,20261209,11.166189800257,11.1211132944523,11.166189800257,11.166189800257,1.16618980025703,1.12111329445233,1.16618980025703,1.16618980025703,0,0,insufficient_gain,insufficient_gain,NaN,NaN,0.445816601154709,0.0266643859569124,60.7358828618233,0.00318231029658866,0.00176358353634387
Light_multipath,10,0,35,20261209,11.1355178472783,8.6430473414102,11.1355178472783,11.1355178472783,1.13551784727827,-1.3569526585898,1.13551784727827,1.13551784727827,0,0,insufficient_gain,insufficient_gain,NaN,NaN,0.498957242143468,0.69988396125583,23.3403659967567,0.00479368401296898,0.00240184065815074
Light_multipath,10,0,36,20261209,11.0905691501579,10.5311461858951,11.0905691501579,11.0905691501579,1.09056915015793,0.531146185895057,1.09056915015793,1.09056915015793,0,0,insufficient_gain,insufficient_gain,NaN,NaN,0.130047646056739,0.0820174236011688,34.287989434581,0.00440566063966497,0.00383271484415171
Light_multipath,10,0,37,20261209,11.4599537906499,11.3978274340073,11.4599537906499,11.4599537906499,1.45995379064994,1.39782743400729,1.45995379064994,1.45995379064994,0,0,insufficient_gain,insufficient_gain,NaN,NaN,0.380572194514002,0.0949913412442021,21.9447447746773,0.0030393885297948,0.0018826817670301
Light_multipath,10,0,38,20261209,11.1587778880096,11.1066813490537,11.1587778880096,11.1587778880096,1.15877788800964,1.10668134905371,1.15877788800964,1.15877788800964,0,0,insufficient_gain,insufficient_gain,NaN,NaN,0.540044740562606,0.0410334534100415,73.5295162261984,0.00624661007540706,0.00287316115783809
Light_multipath,10,0,39,20261209,11.1917995869189,11.1630971495027,11.1917995869189,11.1917995869189,1.19179958691891,1.16309714950273,1.19179958691891,1.19179958691891,0,0,insufficient_gain,insufficient_gain,NaN,NaN,0.473299288788701,0.0307794011924447,75.4936274607634,0.00412133366756184,0.00217070937384389
Light_multipath,10,0,40,20261209,11.2975716850115,8.36415586083091,11.2975716850115,11.2975716850115,1.29757168501146,-1.63584413916909,1.29757168501146,1.29757168501146,0,0,insufficient_gain,insufficient_gain,NaN,NaN,0.405256109894068,0.641955276220857,27.7118284576767,0.00552224411884539,0.00328432094935671
Light_multipath,10,0,41,20261209,11.2975567348932,11.2831104061157,11.2975567348932,11.2975567348932,1.29755673489318,1.28311040611565,1.29755673489318,1.29755673489318,0,0,insufficient_gain,insufficient_gain,NaN,NaN,0.220729115679598,0.0220015724432175,59.3851563932533,0.00435635335166751,0.00339477932876608
Light_multipath,10,0,42,20261209,11.2302083067776,8.93291272651211,11.2302083067776,11.2302083067776,1.23020830677756,-1.06708727348789,1.23020830677756,1.23020830677756,0,0,insufficient_gain,insufficient_gain,NaN,NaN,0.195065231752935,0.454143741244418,26.8115499451906,0.00386342208591106,0.00310980276136341
Light_multipath,10,0,43,20261209,11.2536091502062,11.1979840917166,11.2536091502062,11.2536091502062,1.25360915020624,1.19798409171658,1.25360915020624,1.25360915020624,0,0,insufficient_gain,insufficient_gain,NaN,NaN,0.353527004292012,0.37371270442747,10.6115268808288,0.00348118641647432,0.00225049301127611
Light_multipath,10,0,44,20261209,11.2324624575957,9.49837270397481,11.2324624575957,11.2324624575957,1.2324624575957,-0.501627296025195,1.2324624575957,1.2324624575957,0,0,insufficient_gain,insufficient_gain,NaN,NaN,0.545469844301161,0.28914954974902,32.3414813308343,0.00644921842053914,0.00293136425282348
Light_multipath,10,0,45,20261209,11.2554239743995,11.1952361855259,11.2554239743995,11.2554239743995,1.25542397439951,1.19523618552585,1.25542397439951,1.25542397439951,0,0,insufficient_gain,insufficient_gain,NaN,NaN,0.553332280718232,0.0369116533656293,71.458319540993,0.00503459460010514,0.00224879088753727
Light_multipath,10,0,46,20261209,11.1518157313262,10.1333900036786,11.1518157313262,11.1518157313262,1.15181573132621,0.133390003678574,1.15181573132621,1.15181573132621,0,0,insufficient_gain,insufficient_gain,NaN,NaN,0.321979691372451,0.155502412800011,31.9260815382361,0.00287478572943778,0.00194916310751148
Light_multipath,10,0,47,20261209,11.1979503670406,11.096659780121,11.1979503670406,11.1979503670406,1.19795036704061,1.09665978012099,1.19795036704061,1.19795036704061,0,0,insufficient_gain,insufficient_gain,NaN,NaN,0.0989768898934706,0.188265030106863,11.8616826927144,0.00402653981443235,0.0036280054265676
Light_multipath,10,0,48,20261209,11.2825990777937,9.49743912262799,11.2825990777937,11.2825990777937,1.28259907779373,-0.502560877372005,1.28259907779373,1.28259907779373,0,0,insufficient_gain,insufficient_gain,NaN,NaN,0.342406775587256,0.339444925169458,26.2942535207173,0.0022594025167888,0.00148576778626142
Light_multipath,10,0,49,20261209,11.0926529961973,9.28831681950625,11.0926529961973,11.0926529961973,1.09265299619731,-0.711683180493754,1.09265299619731,1.09265299619731,0,0,insufficient_gain,insufficient_gain,NaN,NaN,0.126600417831071,0.299689976238957,29.3727822472819,0.00409485606478688,0.00357644557602677
Light_multipath,10,0,50,20261209,11.1535491209726,11.1962428837828,11.1535491209726,11.1535491209726,1.15354912097263,1.19624288378281,1.15354912097263,1.15354912097263,0,0,insufficient_gain,insufficient_gain,NaN,NaN,0.437638682874654,0.0325967699325397,60.0214410253149,0.0048906145337908,0.00275029243077496
Light_multipath,15,0,1,20261209,16.2574776458473,15.5421335035019,15.5421335035019,15.5421335035019,1.25747764584735,0.542133503501923,0.542133503501923,0.542133503501923,1,1,two_path_selected,stable_two_path_selected,0.0519307315379254,0.0123745763709486,0.714111828796296,0.110218475730098,40.9305656458799,0.00439652903977938,0.00125691564682651
Light_multipath,15,0,2,20261209,16.1796891910742,17.6905040799028,16.1796891910742,16.1796891910742,1.17968919107417,2.6905040799028,1.17968919107417,1.17968919107417,0,0,insufficient_gain,insufficient_gain,NaN,NaN,0.362088636114138,0.421449019746611,8.61093470297608,0.00408337519315682,0.00260483143872436
Light_multipath,15,0,3,20261209,16.3887336684391,16.2361509472959,16.3887336684391,16.3887336684391,1.38873366843911,1.23615094729585,1.38873366843911,1.38873366843911,0,0,insufficient_gain,insufficient_gain,NaN,NaN,0.186443036594792,0.0431607923000839,30.2345854815559,0.00299510262177871,0.00243668659406127
Light_multipath,15,0,4,20261209,16.531330552764,16.1290965232913,16.531330552764,16.531330552764,1.53133055276395,1.12909652329132,1.53133055276395,1.53133055276395,0,0,insufficient_gain,insufficient_gain,NaN,NaN,0.388076120725877,0.0618965000465554,47.8164129772033,0.004631346883881,0.00283403175144858
Light_multipath,15,0,5,20261209,16.309526854894,15.3770817975141,16.309526854894,16.309526854894,1.30952685489396,0.377081797514112,1.30952685489396,1.30952685489396,0,0,insufficient_gain,insufficient_gain,NaN,NaN,0.129783124469634,0.155542567018718,26.4059565537597,0.00201165576760065,0.00175057679672408
Light_multipath,15,0,6,20261209,16.1627920796826,15.946054780103,16.1627920796826,16.1627920796826,1.16279207968264,0.94605478010299,1.16279207968264,1.16279207968264,0,0,insufficient_gain,insufficient_gain,NaN,NaN,0.559587016160812,0.0495983954937324,57.9320885636607,0.00522535570463867,0.00230131449750104
Light_multipath,15,0,7,20261209,16.2964571383469,16.2846354269645,16.2964571383469,16.2964571383469,1.2964571383469,1.2846354269645,1.2964571383469,1.2964571383469,0,0,candidate_invalid,candidate_invalid,NaN,NaN,0.217120130051004,0.0186218107439971,75.0612625237656,0.00353723686685625,0.00276923153830322
Light_multipath,15,0,8,20261209,16.1800023669206,16.1679408450575,16.1800023669206,16.1800023669206,1.1800023669206,1.16794084505747,1.1800023669206,1.1800023669206,0,0,candidate_invalid,candidate_invalid,NaN,NaN,3.53998078565742e-12,9.33473571992512e-14,40.0940007551856,0.00301079064597864,0.00301079064596799
Light_multipath,15,0,9,20261209,16.1164216061728,15.2520665822583,16.1164216061728,16.1164216061728,1.11642160617281,0.252066582258294,1.11642160617281,1.11642160617281,0,0,insufficient_gain,insufficient_gain,NaN,NaN,0.0762099558618273,0.184225959225932,20.8672034340587,0.00247106119782359,0.00228274173300558
Light_multipath,15,0,10,20261209,16.3586289243897,15.1589231004675,16.3586289243897,16.3586289243897,1.35862892438972,0.158923100467458,1.35862892438972,1.35862892438972,0,0,insufficient_gain,insufficient_gain,NaN,NaN,0.541701046586065,0.696644245142896,13.9084763568203,0.00300096686194307,0.00137533997205841
Light_multipath,15,0,11,20261209,16.1943268317751,15.6148138901048,16.1943268317751,16.1943268317751,1.19432683177509,0.614813890104841,1.19432683177509,1.19432683177509,0,0,insufficient_gain,insufficient_gain,NaN,NaN,0.574406171604997,0.0877170158633178,47.9289445812695,0.00533160587872339,0.00226909855741919
Light_multipath,15,0,12,20261209,16.2533632236405,14.8931397921266,16.2533632236405,16.2533632236405,1.25336322364049,-0.106860207873446,1.25336322364049,1.25336322364049,0,0,insufficient_gain,insufficient_gain,NaN,NaN,0.0874164738339959,0.28715411422521,22.2936485911193,0.00386345499857521,0.00352572538578344
Light_multipath,15,0,13,20261209,16.2626095251386,14.5827941301984,16.2626095251386,16.2626095251386,1.2626095251386,-0.417205869801645,1.2626095251386,1.2626095251386,0,0,insufficient_gain,insufficient_gain,NaN,NaN,0.309206917604128,0.346217751522442,24.7755978234585,0.00284084459261336,0.00196243579273903
Light_multipath,15,0,14,20261209,16.0147732158454,15.9931931805898,16.0147732158454,16.0147732158454,1.01477321584542,0.993193180589753,1.01477321584542,1.01477321584542,0,0,insufficient_gain,insufficient_gain,NaN,NaN,0.575189502098795,0.0425947888101055,49.9443331308231,0.00502774991688737,0.00213584094551567
Light_multipath,15,0,15,20261209,16.3243379332407,15.1592246112418,16.3243379332407,16.3243379332407,1.32433793324072,0.159224611241793,1.32433793324072,1.32433793324072,0,0,insufficient_gain,insufficient_gain,NaN,NaN,0.206958197485488,0.186154605478559,29.669359233713,0.00277411959648632,0.00219999280518834
Light_multipath,15,0,16,20261209,16.2596982266992,17.2452266639536,16.2596982266992,16.2596982266992,1.25969822669917,2.24522666395355,1.25969822669917,1.25969822669917,0,0,insufficient_gain,insufficient_gain,NaN,NaN,0.123614907325756,0.339428232205374,7.59791669896225,0.00293058296604576,0.00256831922428757
Light_multipath,15,0,17,20261209,16.1544500703076,15.8596192631742,16.1544500703076,16.1544500703076,1.15445007030756,0.859619263174221,1.15445007030756,1.15445007030756,0,0,insufficient_gain,insufficient_gain,NaN,NaN,0.560284056110595,0.0550890656370951,49.7905827101806,0.00423627806155147,0.00186275900641308
Light_multipath,15,0,18,20261209,16.1891600001749,14.6354008294567,16.1891600001749,16.1891600001749,1.18916000017494,-0.364599170543308,1.18916000017494,1.18916000017494,0,0,insufficient_gain,insufficient_gain,NaN,NaN,0.235883952824121,0.312304514970222,25.7797534134945,0.00550324495452448,0.00420511778129184
Light_multipath,15,0,19,20261209,16.0554833074926,16.7438844931004,16.0554833074926,16.0554833074926,1.05548330749262,1.74388449310036,1.05548330749262,1.05548330749262,0,0,insufficient_gain,insufficient_gain,NaN,NaN,0.259157486509725,0.193728605951747,15.382811592788,0.0052562905207838,0.00389408348105258
Light_multipath,15,0,20,20261209,16.1691735323876,15.8249630152919,16.1691735323876,16.1691735323876,1.16917353238764,0.824963015291942,1.16917353238764,1.16917353238764,0,0,insufficient_gain,insufficient_gain,NaN,NaN,0.218663614353271,0.0501477281579191,41.8891669672454,0.0037299336837584,0.00291433290316978
Light_multipath,15,0,21,20261209,16.1346959238699,15.4664160321539,16.1346959238699,16.1346959238699,1.1346959238699,0.466416032153894,1.1346959238699,1.1346959238699,0,0,insufficient_gain,insufficient_gain,NaN,NaN,0.181384848695299,0.114352005544968,26.3585732053916,0.00135683172841072,0.00111072301064796
Light_multipath,15,0,22,20261209,16.3349909987054,14.1253200387918,14.1253200387918,16.3349909987054,1.33499099870537,-0.874679961208244,-0.874679961208244,1.33499099870537,1,0,two_path_selected,unstable_split_fit,0.0525979282730917,1.84165829213167,0.717453482665158,0.3318388172098,37.5443555873494,0.00725647021088904,0.00205029038623072
Light_multipath,15,0,23,20261209,16.0586922723403,16.2331299535714,16.0586922723403,16.0586922723403,1.05869227234027,1.23312995357141,1.05869227234027,1.05869227234027,0,0,insufficient_gain,insufficient_gain,NaN,NaN,0.392839424882236,0.261230573303086,12.2248087578695,0.00350185919329249,0.0021261908417809
Light_multipath,15,0,24,20261209,16.2227081414983,15.5574937955644,16.2227081414983,16.2227081414983,1.22270814149826,0.557493795564397,1.22270814149826,1.22270814149826,0,0,insufficient_gain,insufficient_gain,NaN,NaN,0.0397219622103826,0.208103604873763,14.8210006039958,0.00276181150506694,0.00265210693283047
Light_multipath,15,0,25,20261209,16.2205559385457,16.0551766776465,16.2205559385457,16.2205559385457,1.22055593854565,1.05517667764646,1.22055593854565,1.22055593854565,0,0,insufficient_gain,insufficient_gain,NaN,NaN,0.404605780324006,0.0432371979952966,45.9621212086359,0.00468102082363964,0.002787052740578
Light_multipath,15,0,26,20261209,16.3816231531612,16.2243055172193,16.3816231531612,16.3816231531612,1.3816231531612,1.22430551721934,1.3816231531612,1.3816231531612,0,0,insufficient_gain,insufficient_gain,NaN,NaN,0.0104500694780933,0.235834550472256,5.44680695967219,0.00207110350863182,0.0020494603330703
Light_multipath,15,0,27,20261209,16.1625534602954,14.6392425268095,16.1625534602954,16.1625534602954,1.16255346029536,-0.360757473190496,1.16255346029536,1.16255346029536,0,0,insufficient_gain,insufficient_gain,NaN,NaN,0.34499807249406,0.226337322136498,34.4821057322267,0.0046243098596217,0.00302893187143694
Light_multipath,15,0,28,20261209,16.1599494961494,15.7891587637593,16.1599494961494,16.1599494961494,1.15994949614939,0.789158763759339,1.15994949614939,1.15994949614939,0,0,insufficient_gain,insufficient_gain,NaN,NaN,0.402044572538234,0.0645337276114353,35.1782467894065,0.00283557585367422,0.00169554797168403
Light_multipath,15,0,29,20261209,16.2738832388707,15.2263073722388,16.2738832388707,16.2738832388707,1.27388323887075,0.226307372238836,1.27388323887075,1.27388323887075,0,0,insufficient_gain,insufficient_gain,NaN,NaN,0.482075214355572,0.148670720870583,36.3807970938559,0.00250270596950597,0.00129621345278741
Light_multipath,15,0,30,20261209,16.2987184365804,15.1970820081367,16.2987184365804,16.2987184365804,1.29871843658039,0.197082008136661,1.29871843658039,1.29871843658039,0,0,insufficient_gain,insufficient_gain,NaN,NaN,0.394853736693182,0.328362983250425,18.755444074966,0.00273890955618383,0.00165744088345998
Light_multipath,15,0,31,20261209,16.1334685245706,15.1068897008393,16.1334685245706,16.1334685245706,1.13346852457063,0.106889700839343,1.13346852457063,1.13346852457063,0,0,insufficient_gain,insufficient_gain,NaN,NaN,0.375368156327871,0.145080727140922,35.8842098452714,0.00262466748107792,0.00163945088773199
Light_multipath,15,0,32,20261209,16.2431250818837,15.5359715758235,16.2431250818837,16.2431250818837,1.24312508188366,0.535971575823545,1.24312508188366,1.24312508188366,0,0,insufficient_gain,insufficient_gain,NaN,NaN,0.33778736924529,0.245425994530748,18.7963469172208,0.00429541874952499,0.00284448055031605
Light_multipath,15,0,33,20261209,16.3724004339443,16.4220792471388,16.3724004339443,16.3724004339443,1.37240043394433,1.42207924713883,1.37240043394433,1.37240043394433,0,0,insufficient_gain,insufficient_gain,NaN,NaN,0.357552992301414,0.104443169796566,16.2017002026995,0.0014248393038756,0.000915383747226217
Light_multipath,15,0,34,20261209,16.1863180199372,15.2185177066678,16.1863180199372,16.1863180199372,1.18631801993724,0.218517706667775,1.18631801993724,1.18631801993724,0,0,insufficient_gain,insufficient_gain,NaN,NaN,0.167562667531911,0.155701129150822,29.2433152284519,0.0033900323473921,0.00282198948424361
Light_multipath,15,0,35,20261209,16.1974637337884,15.5283466857129,16.1974637337884,16.1974637337884,1.19746373378837,0.528346685712858,1.19746373378837,1.19746373378837,0,0,insufficient_gain,insufficient_gain,NaN,NaN,0.18471986100687,0.119171312061233,26.2725415872194,0.00279811370726657,0.00228124653217887
Light_multipath,15,0,36,20261209,16.2940055494153,15.0308695016576,16.2940055494153,16.2940055494153,1.29400554941531,0.0308695016576337,1.29400554941531,1.29400554941531,0,0,insufficient_gain,insufficient_gain,NaN,NaN,0.472130105667348,0.203617296733503,31.5477481774838,0.00397875497663236,0.00210026496909044
Light_multipath,15,0,37,20261209,16.353247124278,15.8988077753655,16.353247124278,16.353247124278,1.35324712427798,0.898807775365476,1.35324712427798,1.35324712427798,0,0,insufficient_gain,insufficient_gain,NaN,NaN,0.306865800631624,0.0649618509788807,39.0794825932275,0.00217113547054071,0.00150488824609352
Light_multipath,15,0,38,20261209,16.4750617986331,16.0940693217255,16.4750617986331,16.4750617986331,1.47506179863315,1.09406932172553,1.47506179863315,1.47506179863315,0,0,insufficient_gain,insufficient_gain,NaN,NaN,0.34865405425072,0.0734636683468634,36.8536431679864,0.00512668202745736,0.00333924355373005
Light_multipath,15,0,39,20261209,16.0695521988853,15.4254142497214,16.0695521988853,16.0695521988853,1.0695521988853,0.425414249721369,1.0695521988853,1.0695521988853,0,0,insufficient_gain,insufficient_gain,NaN,NaN,0.198564694792335,0.116402039302111,25.810681922055,0.00247441148460648,0.00198308072337494
Light_multipath,15,0,40,20261209,16.3790435470439,15.0544384210711,16.3790435470439,16.3790435470439,1.37904354704389,0.0544384210711399,1.37904354704389,1.37904354704389,0,0,insufficient_gain,insufficient_gain,NaN,NaN,0.370672102125613,0.193505551925552,33.7951850627679,0.00263933895435708,0.00166100963592353
Light_multipath,15,0,41,20261209,16.1622477758813,15.6031684908459,16.1622477758813,16.1622477758813,1.16224777588126,0.603168490845924,1.16224777588126,1.16224777588126,0,0,insufficient_gain,insufficient_gain,NaN,NaN,0.212413075083216,0.213950779183558,15.6228964402825,0.00226912905231869,0.00178713637255501
Light_multipath,15,0,42,20261209,16.2593323439368,16.6752892068017,16.2593323439368,16.2593323439368,1.2593323439368,1.67528920680174,1.2593323439368,1.2593323439368,0,0,insufficient_gain,insufficient_gain,NaN,NaN,0.55964450211313,0.273282660770377,14.0191358363162,0.00530783770557597,0.00233733551554161
Light_multipath,15,0,43,20261209,16.3868653128345,14.7332615836052,16.3868653128345,16.3868653128345,1.38686531283446,-0.266738416394823,1.38686531283446,1.38686531283446,0,0,insufficient_gain,insufficient_gain,NaN,NaN,0.21896059982975,0.259620099991084,31.8271110815968,0.00505121137925135,0.00394519510578362
Light_multipath,15,0,44,20261209,16.2834193874225,16.698793394258,16.2834193874225,16.2834193874225,1.28341938742248,1.69879339425795,1.28341938742248,1.28341938742248,0,0,insufficient_gain,insufficient_gain,NaN,NaN,0.0744970699337266,0.0571624380284152,31.8153550060586,0.00245029451030931,0.00226775474881658
Light_multipath,15,0,45,20261209,16.0931098297589,15.2316332541832,16.0931098297589,16.0931098297589,1.09310982975892,0.231633254183183,1.09310982975892,1.09310982975892,0,0,insufficient_gain,insufficient_gain,NaN,NaN,0.252196365153761,0.122771672446717,35.9228145378978,0.00457048199055898,0.00341782304553928
Light_multipath,15,0,46,20261209,16.3124522363823,16.3082430970216,16.3124522363823,16.3124522363823,1.31245223638231,1.3082430970216,1.31245223638231,1.31245223638231,0,0,insufficient_gain,insufficient_gain,NaN,NaN,0.494059464631162,0.0942157568523164,28.0946395372935,0.0057798417459447,0.00292425622729042
Light_multipath,15,0,47,20261209,16.3949157721526,15.7285030329183,16.3949157721526,16.3949157721526,1.39491577215255,0.728503032918322,1.39491577215255,1.39491577215255,0,0,insufficient_gain,insufficient_gain,NaN,NaN,0.448574598837738,0.698585059689604,10.9611052449527,0.0041631625914198,0.00229567360207739
Light_multipath,15,0,48,20261209,15.9708370504711,12.9713385653428,15.9708370504711,15.9708370504711,0.970837050471063,-2.02866143465723,0.970837050471063,0.970837050471063,0,0,excessive_shift,excessive_shift,NaN,NaN,0.654554414802055,0.497652380322246,34.4814873103667,0.00523469469402671,0.00180830217191064
Light_multipath,15,0,49,20261209,16.2283232863714,14.8302032902707,16.2283232863714,16.2283232863714,1.22832328637145,-0.169796709729344,1.22832328637145,1.22832328637145,0,0,insufficient_gain,insufficient_gain,NaN,NaN,0.354272878328143,0.434119577964105,19.6181485822967,0.00469500928450062,0.00303169483150323
Light_multipath,15,0,50,20261209,16.0697527398898,15.6196468252985,16.0697527398898,16.0697527398898,1.06975273988984,0.619646825298524,1.06975273988984,1.06975273988984,0,0,insufficient_gain,insufficient_gain,NaN,NaN,0.398881617929013,0.075017402637263,34.0734684738711,0.00250512277520665,0.0015058753495214
Light_multipath,20,0,1,20261209,21.2197015763275,20.4325691412941,21.2197015763275,21.2197015763275,1.21970157632749,0.43256914129411,1.21970157632749,1.21970157632749,0,0,insufficient_gain,insufficient_gain,NaN,NaN,0.483989258696728,0.121328297307743,33.83493083258,0.00259783501122457,0.00134051076992558
Light_multipath,20,0,2,20261209,21.2312987330308,20.1148772575881,21.2312987330308,21.2312987330308,1.23129873303084,0.114877257588084,1.23129873303084,1.23129873303084,0,0,insufficient_gain,insufficient_gain,NaN,NaN,0.24465444794514,0.216725464076522,24.8947339418044,0.00315120400773328,0.00238024793085878
Light_multipath,20,0,3,20261209,21.0529737902927,21.0526054289546,21.0529737902927,21.0529737902927,1.05297379029275,1.05260542895465,1.05297379029275,1.05297379029275,0,0,candidate_invalid,candidate_invalid,NaN,NaN,0.163950764789831,0.0128383663575467,87.7713302622939,0.0020614095454945,0.00172343987396562
Light_multipath,20,0,4,20261209,21.1680393667234,18.7094302777934,21.1680393667234,21.1680393667234,1.1680393667234,-1.29056972220658,1.1680393667234,1.1680393667234,0,0,insufficient_gain,insufficient_gain,NaN,NaN,0.301816220732746,0.407890887990997,31.4397571112583,0.0024611122965541,0.00171830868440925
Light_multipath,20,0,5,20261209,21.30257338761,21.4640121629415,21.30257338761,21.30257338761,1.30257338761004,1.4640121629415,1.30257338761004,1.30257338761004,0,0,insufficient_gain,insufficient_gain,NaN,NaN,0.582699445761348,0.258454571204902,11.7275984585661,0.0019884114966191,0.000829765219593659
Light_multipath,20,0,6,20261209,21.1537565324229,20.589025312412,21.1537565324229,21.1537565324229,1.15375653242285,0.589025312412048,1.15375653242285,1.15375653242285,0,0,insufficient_gain,insufficient_gain,NaN,NaN,0.246715492415724,0.105209142378408,26.2448001085158,0.00259367512721287,0.00195377529103613
Light_multipath,20,0,7,20261209,21.399612241603,21.3777128889073,21.399612241603,21.399612241603,1.39961224160296,1.37771288890728,1.39961224160296,1.39961224160296,0,0,insufficient_gain,insufficient_gain,NaN,NaN,0.406384227742204,0.0285005585499796,80.4008186963418,0.00393376229143461,0.00233514334050855
Light_multipath,20,0,8,20261209,21.1494899626889,19.5870954528856,21.1494899626889,21.1494899626889,1.14948996268892,-0.412904547114373,1.14948996268892,1.14948996268892,0,0,insufficient_gain,insufficient_gain,NaN,NaN,0.463212419244119,0.247693509580433,31.5330122020317,0.00313581159523602,0.00168326471991298
Light_multipath,20,0,9,20261209,21.0976385133522,18.7514621336768,21.0976385133522,21.0976385133522,1.09763851335216,-1.24853786632318,1.09763851335216,1.09763851335216,0,0,insufficient_gain,insufficient_gain,NaN,NaN,0.539439848680074,0.379843099511675,32.6933051945905,0.00352077906798143,0.00162153054031355
Light_multipath,20,0,10,20261209,21.2743935748946,20.3720026519143,21.2743935748946,21.2743935748946,1.27439357489463,0.372002651914336,1.27439357489463,1.27439357489463,0,0,insufficient_gain,insufficient_gain,NaN,NaN,0.0899308721348411,0.307281076022851,16.0583808286516,0.00568955190822584,0.00517788554306264
Light_multipath,20,0,11,20261209,21.5396226732751,22.8920730272911,21.5396226732751,21.5396226732751,1.53962267327514,2.89207302729108,1.53962267327514,1.53962267327514,0,0,insufficient_gain,insufficient_gain,NaN,NaN,0.479187372789215,0.31437129004848,12.2064158932263,0.00280724700733548,0.00146204968912
Light_multipath,20,0,12,20261209,21.3295035102544,20.0971869662201,21.3295035102544,21.3295035102544,1.32950351025438,0.0971869662200646,1.32950351025438,1.32950351025438,0,0,insufficient_gain,insufficient_gain,NaN,NaN,0.0928499111665168,0.239002637419369,23.9341712893495,0.00288507442753194,0.00261719552322681
Light_multipath,20,0,13,20261209,21.3195912021224,21.3947450490601,21.3195912021224,21.3195912021224,1.31959120212241,1.39474504906006,1.31959120212241,1.31959120212241,0,0,insufficient_gain,insufficient_gain,NaN,NaN,0.193794256322609,0.0277464739610233,49.8721009288164,0.00579921441286513,0.00467535996846857
Light_multipath,20,0,14,20261209,21.1818482432358,21.3526878677645,21.1818482432358,21.1818482432358,1.1818482432358,1.35268786776449,1.1818482432358,1.1818482432358,0,0,insufficient_gain,insufficient_gain,NaN,NaN,0.196545482515859,0.0310734921571645,57.0039820728159,0.00380360196932084,0.0030560211849624
Light_multipath,20,0,15,20261209,21.2311930614672,19.7139667582636,21.2311930614672,21.2311930614672,1.23119306146724,-0.286033241736433,1.23119306146724,1.23119306146724,0,0,insufficient_gain,insufficient_gain,NaN,NaN,0.505233822593847,0.289512055673404,26.4972896557929,0.00253453938086046,0.00125400436095369
Light_multipath,20,0,16,20261209,21.4352080014998,19.405263162798,21.4352080014998,21.4352080014998,1.43520800149978,-0.594736837201964,1.43520800149978,1.43520800149978,0,0,insufficient_gain,insufficient_gain,NaN,NaN,0.516814799856647,0.351170311388254,29.1364098978682,0.00136630089176681,0.00066017636984439
Light_multipath,20,0,17,20261209,21.3299444728035,21.9493770681557,21.3299444728035,21.3299444728035,1.32994447280354,1.9493770681557,1.32994447280354,1.32994447280354,0,0,insufficient_gain,insufficient_gain,NaN,NaN,0.419161244238825,0.117688142443672,25.6191346834935,0.00468699945380013,0.00272239093099857
Light_multipath,20,0,18,20261209,21.2511375009419,20.3810333821358,21.2511375009419,21.2511375009419,1.25113750094188,0.381033382135847,1.25113750094188,1.25113750094188,0,0,insufficient_gain,insufficient_gain,NaN,NaN,0.390705688443177,0.146647518753623,28.9301652546921,0.00238232739444033,0.00145153852969848
Light_multipath,20,0,19,20261209,21.2531312083142,21.1757863597189,21.2531312083142,21.2531312083142,1.25313120831423,1.17578635971889,1.25313120831423,1.25313120831423,0,0,insufficient_gain,insufficient_gain,NaN,NaN,0.180852097619243,0.0228140570758178,36.3228718028687,0.00227316796341825,0.0018620607689932
Light_multipath,20,0,20,20261209,21.1668379883234,21.1549562662012,21.1668379883234,21.1668379883234,1.16683798832343,1.15495626620121,1.16683798832343,1.16683798832343,0,0,candidate_invalid,candidate_invalid,NaN,NaN,0.17028876897925,0.0185490972423445,82.9476055563391,0.00380975563048591,0.0031609970340587
Light_multipath,20,0,21,20261209,21.2207821218387,18.24288602241,21.2207821218387,21.2207821218387,1.2207821218387,-1.75711397759,1.2207821218387,1.2207821218387,0,0,insufficient_gain,insufficient_gain,NaN,NaN,0.517158414444364,0.699749936373537,27.6665237096552,0.0080233986399294,0.00387403052084845
Light_multipath,20,0,22,20261209,21.2298659140754,20.1555876039994,21.2298659140754,21.2298659140754,1.22986591407536,0.155587603999436,1.22986591407536,1.22986591407536,0,0,insufficient_gain,insufficient_gain,NaN,NaN,0.0925570378929319,0.263911342665119,19.3432441565096,0.00323540127918021,0.00293594212038428
Light_multipath,20,0,23,20261209,21.2558800235156,21.2721227524594,21.2558800235156,21.2558800235156,1.25588002351555,1.27212275245942,1.25588002351555,1.25588002351555,0,0,weak_echo,weak_echo,NaN,NaN,0.713623524453888,0.0348931376379271,66.8914135601846,0.00373849540656113,0.00107061713837631
Light_multipath,20,0,24,20261209,21.0498253439917,20.8781664591169,21.0498253439917,21.0498253439917,1.04982534399173,0.878166459116876,1.04982534399173,1.04982534399173,0,0,insufficient_gain,insufficient_gain,NaN,NaN,0.324361480116992,0.0344882210375042,42.6177712271984,0.00238266901195638,0.00160982296460932
Light_multipath,20,0,25,20261209,21.4246129626465,20.7910853068706,21.4246129626465,21.4246129626465,1.42461296264652,0.791085306870578,1.42461296264652,1.42461296264652,0,0,insufficient_gain,insufficient_gain,NaN,NaN,0.430046412477038,0.0994765624413445,31.9899103345179,0.00198894460114873,0.00113360611080915
Light_multipath,20,0,26,20261209,21.2627001611313,20.457648731316,21.2627001611313,21.2627001611313,1.26270016113125,0.45764873131596,1.26270016113125,1.26270016113125,0,0,insufficient_gain,insufficient_gain,NaN,NaN,0.25347919557241,0.122978671092723,31.9664629699765,0.00330916110379653,0.00247035760918668
Light_multipath,20,0,27,20261209,21.0821219623799,19.6517543002943,21.0821219623799,21.0821219623799,1.08212196237986,-0.348245699705654,1.08212196237986,1.08212196237986,0,0,insufficient_gain,insufficient_gain,NaN,NaN,0.0692306447925622,0.293666983300396,22.2493177332358,0.00317989622710546,0.00295974996092951
Light_multipath,20,0,28,20261209,21.2557007260654,21.2986925117394,21.2557007260654,21.2557007260654,1.25570072606543,1.29869251173944,1.25570072606543,1.25570072606543,0,0,insufficient_gain,insufficient_gain,NaN,NaN,0.436238945126357,0.0366248479911617,56.8953939594268,0.00579016095571427,0.00326426724828166
Light_multipath,20,0,29,20261209,21.2213116585942,19.5469757134581,21.2213116585942,21.2213116585942,1.2213116585942,-0.453024286541922,1.2213116585942,1.2213116585942,0,0,insufficient_gain,insufficient_gain,NaN,NaN,0.28944327439443,0.260902900107507,31.8390296301547,0.00313456601999773,0.00222728696736407
Light_multipath,20,0,30,20261209,21.1871102288849,21.1968458554195,21.1871102288849,21.1871102288849,1.18711022888487,1.1968458554195,1.18711022888487,1.18711022888487,0,0,insufficient_gain,insufficient_gain,NaN,NaN,0.239144484883095,0.0200609751412154,80.8906480877539,0.00337409315352066,0.00256719738437439
Light_multipath,20,0,31,20261209,21.316388152363,22.139779638651,21.316388152363,21.316388152363,1.316388152363,2.13977963865101,1.316388152363,1.316388152363,0,0,insufficient_gain,insufficient_gain,NaN,NaN,0.0538376115103862,0.222081260631076,11.3325792008517,0.00474075656115125,0.00448552555114667
Light_multipath,20,0,32,20261209,21.3361577608806,21.3339035892965,21.3361577608806,21.3361577608806,1.3361577608806,1.33390358929653,1.3361577608806,1.3361577608806,0,0,insufficient_gain,insufficient_gain,NaN,NaN,0.449751785426706,0.0315695622456818,73.7684945217129,0.00489642292406001,0.00269424797175977
Light_multipath,20,0,33,20261209,21.2280759174433,20.1697254697579,21.2280759174433,21.2280759174433,1.22807591744331,0.169725469757935,1.22807591744331,1.22807591744331,0,0,insufficient_gain,insufficient_gain,NaN,NaN,0.152518922157549,0.150320348308868,34.8969148726742,0.00517133321750785,0.00438260704905602
Light_multipath,20,0,34,20261209,21.2112038484894,18.215962077888,21.2112038484894,21.2112038484894,1.21120384848939,-1.78403792211201,1.21120384848939,1.21120384848939,0,0,excessive_shift,excessive_shift,NaN,NaN,0.670135499825521,0.50703094007708,33.3840538692266,0.00403095545476218,0.00132966910631072
Light_multipath,20,0,35,20261209,21.2499349323179,20.4232136936669,21.2499349323179,21.2499349323179,1.24993493231791,0.42321369366686,1.24993493231791,1.24993493231791,0,0,insufficient_gain,insufficient_gain,NaN,NaN,0.156872769216903,0.535259144695429,11.0240253977316,0.0023945258032676,0.00201888990954768
Light_multipath,20,0,36,20261209,21.2409065625138,20.0335252525258,21.2409065625138,21.2409065625138,1.24090656251378,0.0335252525257914,1.24090656251378,1.24090656251378,0,0,insufficient_gain,insufficient_gain,NaN,NaN,0.396553445037911,0.363489038648448,20.8923251709486,0.0063056095752978,0.00380509837514942
Light_multipath,20,0,37,20261209,20.997250234935,18.2896934074773,20.997250234935,20.997250234935,0.997250234935024,-1.71030659252274,0.997250234935024,0.997250234935024,0,0,excessive_shift,excessive_shift,NaN,NaN,0.61256318470174,0.697046269886342,25.5112877430089,0.0060677326481493,0.00235086301328025
Light_multipath,20,0,38,20261209,21.2212770198427,20.0257425859426,21.2212770198427,21.2212770198427,1.22127701984266,0.0257425859426093,1.22127701984266,1.22127701984266,0,0,insufficient_gain,insufficient_gain,NaN,NaN,0.336222043324148,0.204561524119175,28.5042814627988,0.00359034961878191,0.00238319493370698
Light_multipath,20,0,39,20261209,21.1865983399219,20.2878075474489,21.1865983399219,21.1865983399219,1.18659833992193,0.287807547448921,1.18659833992193,1.18659833992193,0,0,insufficient_gain,insufficient_gain,NaN,NaN,0.596369732554926,0.147951779496317,34.6829923313478,0.00505794986580188,0.00204154165705739
Light_multipath,20,0,40,20261209,21.1941505655926,18.9573295580726,21.1941505655926,21.1941505655926,1.19415056559256,-1.04267044192745,1.19415056559256,1.19415056559256,0,0,insufficient_gain,insufficient_gain,NaN,NaN,0.190439569912386,0.415804554941037,28.310917377,0.00450385688416777,0.00364614431619992
Light_multipath,20,0,41,20261209,21.4228530001605,21.1577120486047,21.4228530001605,21.4228530001605,1.42285300016055,1.15771204860473,1.42285300016055,1.42285300016055,0,0,insufficient_gain,insufficient_gain,NaN,NaN,0.215708980891011,0.0482918811893937,31.282301343466,0.0020727274801422,0.00162562154773593
Light_multipath,20,0,42,20261209,21.1690812011859,20.3609001730246,21.1690812011859,21.1690812011859,1.16908120118595,0.360900173024646,1.16908120118595,1.16908120118595,0,0,insufficient_gain,insufficient_gain,NaN,NaN,0.0586112616705782,0.125252681847036,28.7390038978878,0.00301924666456399,0.00284228480825921
Light_multipath,20,0,43,20261209,21.1345034394245,20.838351048176,21.1345034394245,21.1345034394245,1.13450343942446,0.838351048175966,1.13450343942446,1.13450343942446,0,0,insufficient_gain,insufficient_gain,NaN,NaN,0.455370549385544,0.0577058948980776,39.6003203181596,0.00374382796234007,0.00203899896632431
Light_multipath,20,0,44,20261209,21.1441713055654,20.4592462939513,21.1441713055654,21.1441713055654,1.14417130556541,0.459246293951253,1.14417130556541,1.14417130556541,0,0,insufficient_gain,insufficient_gain,NaN,NaN,0.146873164908045,0.0942948036295381,36.3094948407342,0.00469986804671052,0.00400958355203995
Light_multipath,20,0,45,20261209,21.2359903779206,19.5836412639083,21.2359903779206,21.2359903779206,1.23599037792058,-0.416358736091723,1.23599037792058,1.23599037792058,0,0,insufficient_gain,insufficient_gain,NaN,NaN,0.20466673115109,0.319940572551268,25.5067888563601,0.00371907581214548,0.00295790472277058
Light_multipath,20,0,46,20261209,21.214919050993,20.1806286489493,20.1806286489493,21.214919050993,1.21491905099304,0.180628648949281,0.180628648949281,1.21491905099304,1,0,two_path_selected,unstable_split_fit,0.0521284282271266,0.812553070621192,0.658190981162869,0.147256681753326,37.6890988317778,0.00351991114718886,0.0012031373756145
Light_multipath,20,0,47,20261209,21.2537118796102,20.1075631949734,20.1075631949734,20.1075631949734,1.2537118796102,0.107563194973419,0.107563194973419,0.107563194973419,1,1,two_path_selected,stable_two_path_selected,0.0517048462225592,0.636564651672373,0.632458787662655,0.177773502955201,33.3071488710373,0.0029540660055547,0.00108574100100611
Light_multipath,20,0,48,20261209,21.3526675829847,22.0869488860962,21.3526675829847,21.3526675829847,1.35266758298471,2.08694888609624,1.35266758298471,1.35266758298471,0,0,insufficient_gain,insufficient_gain,NaN,NaN,0.352074823496104,0.214830167809565,12.1800384444002,0.00171623980369873,0.00111199497773451
Light_multipath,20,0,49,20261209,21.1523805007603,20.7565400277426,21.1523805007603,21.1523805007603,1.1523805007603,0.756540027742624,1.1523805007603,1.1523805007603,0,0,insufficient_gain,insufficient_gain,NaN,NaN,0.216409805460992,0.23204264737889,15.086707879761,0.00417603288200485,0.00327229841841148
Light_multipath,20,0,50,20261209,21.3076460184973,21.2260086127865,21.3076460184973,21.3076460184973,1.30764601849727,1.22600861278654,1.30764601849727,1.30764601849727,0,0,candidate_invalid,candidate_invalid,NaN,NaN,0.0901008487788515,0.0141396758626185,35.845375792743,0.00114711817930302,0.00104376185769817
Light_multipath,1,10,1,20261209,2.24723910930219,1.03671689252294,1.03671689252294,2.24723910930219,1.24723910930219,0.0367168925229358,0.0367168925229358,1.24723910930219,1,0,two_path_selected,unstable_split_fit,0.0165686953975615,0.806387422681741,0.832617299248403,0.315863692932155,21.2834179003201,0.00175555563888352,0.000293849644156019
Light_multipath,1,10,2,20261209,2.31313685166565,0.0171455833603837,0.0171455833603837,2.31313685166565,1.31313685166565,-0.982854416639616,-0.982854416639616,1.31313685166565,1,0,two_path_selected,unstable_split_fit,0.0163993592618283,2.23305577117619,0.869744703870904,0.606426402701614,23.0447734677948,0.00190868439769876,0.000248616251439238
Light_multipath,1,10,3,20261209,2.25885671931691,0.51693640045021,0.51693640045021,2.25885671931691,1.25885671931691,-0.48306359954979,-0.48306359954979,1.25885671931691,1,0,two_path_selected,unstable_split_fit,0.0164845382690123,1.42462276298351,0.808119899877833,0.398161891623018,23.4058302830286,0.00154498160939842,0.000296451225898275
Light_multipath,1,10,4,20261209,2.28897413764908,1.01376290991649,1.01376290991649,1.01376290991649,1.28897413764908,0.0137629099164949,0.0137629099164949,0.0137629099164949,1,1,two_path_selected,stable_two_path_selected,0.0165492409489534,0.195417056386955,0.774634187344246,0.215147296032191,28.7337132179743,0.00130248820045953,0.000293536311771092
Light_multipath,1,10,5,20261209,2.2376777691521,1.13232740079781,1.13232740079781,1.13232740079781,1.2376777691521,0.132327400797806,0.132327400797806,0.132327400797806,1,1,two_path_selected,stable_two_path_selected,0.0164664670068019,0.418967217566953,0.776742456081787,0.20003683553629,27.7117435887269,0.00178232586949689,0.00039791769608577
Light_multipath,1,10,6,20261209,2.28092510670905,1.32325543519299,1.32325543519299,2.28092510670905,1.28092510670905,0.323255435192991,0.323255435192991,1.28092510670905,1,0,two_path_selected,unstable_split_fit,0.0163335107825968,2.39530164422433,0.800614764462768,0.207405674783498,23.2832142606088,0.00119224341682123,0.000237715734480615
Light_multipath,1,10,7,20261209,2.22189022933241,1.16009108954354,1.16009108954354,2.22189022933241,1.22189022933241,0.160091089543545,0.160091089543545,1.22189022933241,1,0,two_path_selected,unstable_split_fit,0.0163478733863826,1.95270380337227,0.808023459481665,0.224596438309195,24.4938376409005,0.00180396642964031,0.00034631923437356
Light_multipath,1,10,8,20261209,2.27743920064322,0.551806667410599,0.551806667410599,2.27743920064322,1.27743920064322,-0.448193332589401,-0.448193332589401,1.27743920064322,1,0,two_path_selected,split_invalid,0.0162738988176932,NaN,0.829169646073521,0.356980136142847,24.8357961688495,0.00127646321836572,0.000218058663367549
Light_multipath,1,10,9,20261209,2.26810279513261,1.14486425493191,1.14486425493191,2.26810279513261,1.26810279513261,0.144864254931911,0.144864254931911,1.26810279513261,1,0,two_path_selected,unstable_split_fit,0.0167274795109354,1.90332127649528,0.811018302949891,0.341219499984312,18.323108654224,0.00108579181843793,0.000205194780491524
Light_multipath,1,10,10,20261209,2.26226158484036,1.48747469537782,1.48747469537782,2.26226158484036,1.26226158484036,0.487474695377822,0.487474695377822,1.26226158484036,1,0,two_path_selected,unstable_split_fit,0.0163989967314692,0.852329582174493,0.862923166036331,0.170695309481546,24.5253142790083,0.00158256436938209,0.000216932913298606
Light_multipath,1,10,11,20261209,2.20958522245492,0.850340474226151,0.850340474226151,0.850340474226151,1.20958522245492,-0.149659525773849,-0.149659525773849,-0.149659525773849,1,1,two_path_selected,stable_two_path_selected,0.0164291793615072,0.060050937770024,0.830842235703525,0.237581100777456,27.9520638253684,0.00130709164153342,0.000221104699812402
Light_multipath,1,10,12,20261209,2.28933854741214,1.22297527508256,1.22297527508256,2.28933854741214,1.28933854741214,0.222975275082558,0.222975275082558,1.28933854741214,1,0,two_path_selected,unstable_split_fit,0.0163003473404672,1.75299554441797,0.827744147820964,0.248643104375807,22.4683786000151,0.00144716878355133,0.000249283292057534
Light_multipath,1,10,13,20261209,2.27248466654316,1.0092550968141,1.0092550968141,2.27248466654316,1.27248466654316,0.00925509681410142,0.00925509681410142,1.27248466654316,1,0,two_path_selected,unstable_split_fit,0.0165269288539759,1.09771398856563,0.785679183769555,0.419326335782339,18.2165662603345,0.00163077661340272,0.000349509374873991
Light_multipath,1,10,14,20261209,2.24544000804885,0.681815954293844,0.681815954293844,0.681815954293844,1.24544000804885,-0.318184045706156,-0.318184045706156,-0.318184045706156,1,1,two_path_selected,stable_two_path_selected,0.0165622509811275,0.433486723735246,0.755694603287744,0.434505074207935,20.9317890883681,0.00208463950945226,0.000509288682358777
Light_multipath,1,10,15,20261209,2.18245026458684,0.788212239373305,0.788212239373305,0.788212239373305,1.18245026458684,-0.211787760626695,-0.211787760626695,-0.211787760626695,1,1,two_path_selected,stable_two_path_selected,0.0163858770023096,0.16075905415825,0.736150982394459,0.262720840098712,25.7769316772444,0.00113890932478622,0.000300500106486634
Light_multipath,1,10,16,20261209,2.29122466593961,2.20235815589504,2.29122466593961,2.29122466593961,1.29122466593961,1.20235815589504,1.29122466593961,1.29122466593961,0,0,weak_echo,weak_echo,NaN,NaN,0.838199443303685,0.0404047598397005,40.6096022836009,0.00182475556020423,0.00029524646547574
Light_multipath,1,10,17,20261209,2.23765406703515,1.32509709591666,1.32509709591666,1.32509709591666,1.23765406703515,0.325097095916659,0.325097095916659,0.325097095916659,1,1,two_path_selected,stable_two_path_selected,0.0163345661187126,0.460919711848168,0.817301899171843,0.141328390498239,30.8925838398193,0.000973613785988148,0.000177877389640146
Light_multipath,1,10,18,20261209,2.29341698414788,1.06044916034034,1.06044916034034,2.29341698414788,1.29341698414788,0.0604491603403434,0.0604491603403434,1.29341698414788,1,0,two_path_selected,unstable_split_fit,0.0162120329462854,1.29038541488578,0.664040759934258,0.236606944926464,25.0889676478087,0.00109716490475464,0.000368602687628172
Light_multipath,1,10,19,20261209,2.24494215100473,1.50880027076736,1.50880027076736,1.50880027076736,1.24494215100473,0.508800270767364,0.508800270767364,0.508800270767364,1,1,two_path_selected,stable_two_path_selected,0.0163887824440727,0.0421800320098997,0.686001029606118,0.125377014213866,29.2683860529726,0.00144449454839068,0.00045356980093425
Light_multipath,1,10,20,20261209,2.2492016196869,0.60539722638745,0.60539722638745,2.2492016196869,1.2492016196869,-0.39460277361255,-0.39460277361255,1.2492016196869,1,0,two_path_selected,unstable_split_fit,0.0165436642814846,0.570971494003108,0.741426221744764,0.246804988915548,33.8309670816738,0.00221243118185632,0.000572076689822287
Light_multipath,1,10,21,20261209,2.23721539120994,1.96235340603817,1.96235340603817,2.23721539120994,1.23721539120994,0.962353406038169,0.962353406038169,1.23721539120994,1,0,two_path_selected,unstable_split_fit,0.0164649142020587,1.24495250657202,0.904930168639599,0.0802122255801014,29.6964667933608,0.00185261474373921,0.000176127771263079
Light_multipath,1,10,22,20261209,2.20106684775367,1.45809415834205,1.45809415834205,1.45809415834205,1.20106684775367,0.458094158342049,0.458094158342049,0.458094158342049,1,1,two_path_selected,stable_two_path_selected,0.0162852343246714,0.508766576899685,0.797476817939786,0.117840949042287,30.4494337439229,0.00092825068963398,0.000187992283414262
Light_multipath,1,10,23,20261209,2.20971541989364,0.822410637549503,0.822410637549503,0.822410637549503,1.20971541989364,-0.177589362450497,-0.177589362450497,-0.177589362450497,1,1,two_path_selected,stable_two_path_selected,0.0162766862450814,0.231418740306938,0.772177715337393,0.260251737313261,25.7291166379402,0.000992496921565111,0.000226112916191568
Light_multipath,1,10,24,20261209,2.24693111508983,1.98155928411749,2.24693111508983,2.24693111508983,1.24693111508983,0.981559284117492,1.24693111508983,1.24693111508983,0,0,weak_echo,weak_echo,NaN,NaN,0.772064719591146,0.0599160843630101,34.8151224900264,0.00178190747174312,0.0004061595792344
Light_multipath,1,10,25,20261209,2.24966092946659,0.0504618232205508,0.0504618232205508,2.24966092946659,1.24966092946659,-0.949538176779449,-0.949538176779449,1.24966092946659,1,0,two_path_selected,unstable_split_fit,0.016420571682917,2.26611798394306,0.658525867907588,0.529574497616845,23.3917097704139,0.00156251670600938,0.000533559036064446
Light_multipath,1,10,26,20261209,2.27423107264631,0.45786088689054,0.45786088689054,2.27423107264631,1.27423107264631,-0.54213911310946,-0.54213911310946,1.27423107264631,1,0,two_path_selected,unstable_split_fit,0.0162718499107243,1.76755517510417,0.800993615933058,0.36096300134633,26.124945778639,0.00164221246545315,0.00032681076461949
Light_multipath,1,10,27,20261209,2.28268115636123,1.99303600460288,2.28268115636123,2.28268115636123,1.28268115636123,0.993036004602876,1.28268115636123,1.28268115636123,0,0,weak_echo,weak_echo,NaN,NaN,0.864185829843767,0.053026965397471,40.5398962853221,0.00163681300366592,0.000222302399793817
Light_multipath,1,10,28,20261209,2.24834989281065,0.673554557510626,0.673554557510626,2.24834989281065,1.24834989281065,-0.326445442489374,-0.326445442489374,1.24834989281065,1,0,two_path_selected,unstable_split_fit,0.0163301204472751,0.878404622508101,0.737247240487851,0.300021779482254,26.003263128131,0.00128185918923918,0.0003368120392786
Light_multipath,1,10,29,20261209,2.20606878866588,0.0692391796909718,0.0692391796909718,0.0692391796909718,1.20606878866588,-0.930760820309028,-0.930760820309028,-0.930760820309028,1,1,two_path_selected,stable_two_path_selected,0.0164306388821587,0.228683602193426,0.881084961870154,0.402070830778089,28.1627901585575,0.00195970396254719,0.000233038271429509
Light_multipath,1,10,30,20261209,2.23080750432906,0.792403072601525,0.792403072601525,2.23080750432906,1.23080750432906,-0.207596927398475,-0.207596927398475,1.23080750432906,1,0,two_path_selected,unstable_split_fit,0.0165595111500363,1.53837388997617,0.777916492863646,0.252653497168145,28.1933904734312,0.00163364810105615,0.000362806299709195
Light_multipath,1,10,31,20261209,2.25907261925257,1.01403331144465,1.01403331144465,1.01403331144465,1.25907261925257,0.0140333114446545,0.0140333114446545,0.0140333114446545,1,1,two_path_selected,stable_two_path_selected,0.016462245124501,0.553910759001543,0.921455152764874,0.223113338463996,28.6808436548723,0.00221101448606298,0.000173663795042467
Light_multipath,1,10,32,20261209,2.20658003764605,1.34588158542661,1.34588158542661,1.34588158542661,1.20658003764605,0.345881585426608,0.345881585426608,0.345881585426608,1,1,two_path_selected,stable_two_path_selected,0.0165094475283499,0.360826178028277,0.836382617566349,0.137326730815925,32.5212433981354,0.00198185556208297,0.000324266019429587
Light_multipath,1,10,33,20261209,2.19347613170652,1.12870502004538,1.12870502004538,1.12870502004538,1.19347613170652,0.128705020045379,0.128705020045379,0.128705020045379,1,1,two_path_selected,stable_two_path_selected,0.0163615371952547,0.299685619054849,0.876635905659363,0.211521149192053,26.0146804646803,0.00184188276300801,0.000227222198940114
Light_multipath,1,10,34,20261209,2.27108708464749,1.62379966741882,1.62379966741882,1.62379966741882,1.27108708464749,0.623799667418816,0.623799667418816,0.623799667418816,1,1,two_path_selected,stable_two_path_selected,0.0164127389608113,0.373190972687743,0.850408507357281,0.107649417378772,32.1236426697521,0.00164346475135857,0.000245848345261424
Light_multipath,1,10,35,20261209,2.22621067553086,1.54581711766372,1.54581711766372,1.54581711766372,1.22621067553086,0.545817117663724,0.545817117663724,0.545817117663724,1,1,two_path_selected,stable_two_path_selected,0.0164577009814672,0.359131067649607,0.802842889746692,0.124786635113801,27.1444052025203,0.0010728885037028,0.000211527597014038
Light_multipath,1,10,36,20261209,2.25383658058228,0.989102230060972,0.989102230060972,0.989102230060972,1.25383658058228,-0.0108977699390276,-0.0108977699390276,-0.0108977699390276,1,1,two_path_selected,stable_two_path_selected,0.0164207441881393,0.739173458014912,0.712928173791618,0.207213838932155,29.646574327328,0.00135791643114191,0.000389819549726278
Light_multipath,1,10,37,20261209,2.22498705015914,2.09625507523024,2.22498705015914,2.22498705015914,1.22498705015914,1.09625507523024,1.22498705015914,1.22498705015914,0,0,weak_echo,weak_echo,NaN,NaN,0.807358401687919,0.0306449724399258,56.2917894031881,0.00159508505033923,0.000307279733541055
Light_multipath,1,10,38,20261209,2.3307506017316,1.31932583736146,1.31932583736146,2.3307506017316,1.3307506017316,0.319325837361462,0.319325837361462,1.3307506017316,1,0,two_path_selected,unstable_split_fit,0.0164945320478358,0.936247133517933,0.771307967551451,0.345053032141388,17.7062067235948,0.0015125452935012,0.000345907057341277
Light_multipath,1,10,39,20261209,2.24235548098082,0.902494028234284,0.902494028234284,2.24235548098082,1.24235548098082,-0.0975059717657158,-0.0975059717657158,1.24235548098082,1,0,two_path_selected,unstable_split_fit,0.0163011166544259,0.845349342601754,0.75973046672412,0.237399848579379,27.7699795679917,0.00163713864854498,0.000393354538993806
Light_multipath,1,10,40,20261209,2.31099890171975,0.648207700671422,2.31099890171975,2.31099890171975,1.31099890171975,-0.351792299328578,1.31099890171975,1.31099890171975,0,0,insufficient_gain,insufficient_gain,NaN,NaN,0.429066538209496,0.458208988973562,19.2375793826402,0.00113184105704267,0.000646205932893995
Light_multipath,1,10,41,20261209,2.19525407860942,0.613049064123925,0.613049064123925,0.613049064123925,1.19525407860942,-0.386950935876075,-0.386950935876075,-0.386950935876075,1,1,two_path_selected,stable_two_path_selected,0.0163320239126082,0.575288115517214,0.891595271724489,0.311934993931683,25.6692895935425,0.00133252129650496,0.000144451609068952
Light_multipath,1,10,42,20261209,2.25630159098084,1.7061041196453,1.7061041196453,1.7061041196453,1.25630159098084,0.706104119645304,0.706104119645304,0.706104119645304,1,1,two_path_selected,stable_two_path_selected,0.0162159747497017,0.0907351783577544,0.913117552441123,0.24574344522624,16.845785854173,0.00133528907396796,0.000116013182944963
Light_multipath,1,10,43,20261209,2.24278267344207,1.266931658743,1.266931658743,2.24278267344207,1.24278267344207,0.266931658743003,0.266931658743003,1.24278267344207,1,0,two_path_selected,unstable_split_fit,0.0165232271487101,0.762260806186216,0.843641809945694,0.150307576334127,33.2818151126335,0.00191578883669408,0.00029954927503173
Light_multipath,1,10,44,20261209,2.23967452501809,1.61400358227195,1.61400358227195,2.23967452501809,1.23967452501809,0.61400358227195,0.61400358227195,1.23967452501809,1,0,two_path_selected,unstable_split_fit,0.0163353428165408,1.12531351864743,0.872358437041699,0.184213171262299,19.2679532815643,0.00090713291028055,0.000115787862479122
Light_multipath,1,10,45,20261209,2.29297725746258,0.754922248724754,0.754922248724754,0.754922248724754,1.29297725746258,-0.245077751275246,-0.245077751275246,-0.245077751275246,1,1,two_path_selected,stable_two_path_selected,0.0163888829513097,0.364886937554896,0.913035054772394,0.277582649719753,27.6745248602175,0.00152951536442858,0.000133014219892313
Light_multipath,1,10,46,20261209,2.28041700620114,1.40199988194463e-05,1.40199988194463e-05,2.28041700620114,1.28041700620114,-0.999985980001181,-0.999985980001181,1.28041700620114,1,0,two_path_selected,unstable_split_fit,0.0164934457624663,1.22412439338729,0.77902127199629,0.435833227927977,27.8259805616952,0.00167386904288391,0.000369889451941274
Light_multipath,1,10,47,20261209,2.24019445368113,1.66745748973173,1.66745748973173,2.24019445368113,1.24019445368113,0.66745748973173,0.66745748973173,1.24019445368113,1,0,two_path_selected,unstable_split_fit,0.0165204005858685,1.88282322123762,0.816051000985462,0.0907694408803898,35.3566412307963,0.00169205278681339,0.000311251416414082
Light_multipath,1,10,48,20261209,2.29572290598374,0.585323066908209,0.585323066908209,2.29572290598374,1.29572290598374,-0.414676933091791,-0.414676933091791,1.29572290598374,1,0,two_path_selected,unstable_split_fit,0.0165235428484901,1.90420986105276,0.798913349281085,0.315516336254894,27.861403377443,0.0021218242221055,0.00042667052623746
Light_multipath,1,10,49,20261209,2.26154299655539,0.307910455829802,0.307910455829802,2.26154299655539,1.26154299655539,-0.692089544170198,-0.692089544170198,1.26154299655539,1,0,two_path_selected,unstable_split_fit,0.016635542173013,1.44428799808766,0.760106284474935,0.357244492450106,28.0318615410039,0.00187409351985557,0.000449583257719599
Light_multipath,1,10,50,20261209,2.21559073519353,1.79850119225747,2.21559073519353,2.21559073519353,1.21559073519353,0.798501192257474,1.21559073519353,1.21559073519353,0,0,weak_echo,weak_echo,NaN,NaN,0.765107986082963,0.0685868540258416,35.884890021012,0.00160230507588999,0.000376368666185289
Light_multipath,3,10,1,20261209,4.28164221422783,3.80235180697192,3.80235180697192,3.80235180697192,1.28164221422783,0.802351806971921,0.802351806971921,0.802351806971921,1,1,two_path_selected,stable_two_path_selected,0.0164558180403057,0.344708775965084,0.837538895160106,0.0988543777331289,28.0780628707749,0.00137974323776868,0.000224154610803273
Light_multipath,3,10,2,20261209,4.2264631625395,3.54611282999241,3.54611282999241,3.54611282999241,1.2264631625395,0.54611282999241,0.54611282999241,0.54611282999241,1,1,two_path_selected,stable_two_path_selected,0.016519724244476,0.225585672614813,0.861364748174876,0.139774668311845,25.6744059173588,0.00127326524523319,0.000176519447913082
Light_multipath,3,10,3,20261209,4.23845090393342,2.85202607792062,2.85202607792062,4.23845090393342,1.23845090393342,-0.147973922079377,-0.147973922079377,1.23845090393342,1,0,two_path_selected,unstable_split_fit,0.0164672078648807,0.822745685125303,0.891296217888841,0.342334650480767,23.6604147644444,0.00311626765046813,0.000338750079676542
Light_multipath,3,10,4,20261209,4.27196168523307,3.42255469530177,3.42255469530177,3.42255469530177,1.27196168523307,0.422554695301768,0.422554695301768,0.422554695301768,1,1,two_path_selected,stable_two_path_selected,0.0162471104400912,0.162457293055703,0.901754927679045,0.187503525259879,23.5140284071926,0.00121825283586707,0.000119687337964969
Light_multipath,3,10,5,20261209,4.25815219090189,3.2508795780373,3.2508795780373,4.25815219090189,1.25815219090189,0.250879578037305,0.250879578037305,1.25815219090189,1,0,two_path_selected,unstable_split_fit,0.0161585209928166,0.987017067682412,0.808827285469623,0.270077879235975,21.2313463291752,0.00190180414940588,0.000363573061747058
Light_multipath,3,10,6,20261209,4.20384420285211,3.03275136891836,3.03275136891836,4.20384420285211,1.20384420285211,0.0327513689183618,0.0327513689183618,1.20384420285211,1,0,two_path_selected,unstable_split_fit,0.016386112405221,1.67044150343483,0.887982357883791,0.233096006345405,26.1920620164565,0.00201944894719341,0.000226213909438666
Light_multipath,3,10,7,20261209,4.23028096980552,2.66593542111511,2.66593542111511,4.23028096980552,1.23028096980552,-0.33406457888489,-0.33406457888489,1.23028096980552,1,0,two_path_selected,unstable_split_fit,0.0165218526138442,1.30679706562787,0.798245419189105,0.347001929944935,23.3879617636544,0.0013772483589598,0.000277866165334428
Light_multipath,3,10,8,20261209,4.27498667941201,1.70175118416387,4.27498667941201,4.27498667941201,1.27498667941201,-1.29824881583613,1.27498667941201,1.27498667941201,0,0,excessive_shift,excessive_shift,NaN,NaN,0.674189428149234,0.656792167342315,23.3387625750946,0.00116505755376295,0.000379588067830561
Light_multipath,3,10,9,20261209,4.20616886869482,3.89249920719949,4.20616886869482,4.20616886869482,1.20616886869482,0.892499207199485,1.20616886869482,1.20616886869482,0,0,weak_echo,weak_echo,NaN,NaN,0.613815553988737,0.0755107699574364,25.7692669133497,0.00105011154698231,0.000405536746021395
Light_multipath,3,10,10,20261209,4.27780398894227,2.90825473529129,2.90825473529129,2.90825473529129,1.27780398894227,-0.0917452647087114,-0.0917452647087114,-0.0917452647087114,1,1,two_path_selected,stable_two_path_selected,0.016311904076421,0.690077594830357,0.809917973517184,0.229825743399509,29.6946304122243,0.00174154280580407,0.000331035985733807
Light_multipath,3,10,11,20261209,4.20761156170463,2.66468959088357,2.66468959088357,2.66468959088357,1.20761156170463,-0.335310409116426,-0.335310409116426,-0.335310409116426,1,1,two_path_selected,stable_two_path_selected,0.0163732629918173,0.00683915511758748,0.839490133929528,0.251882498297676,30.0347537788686,0.00117526135728907,0.00018864104305627
Light_multipath,3,10,12,20261209,4.23146054204476,3.13884613279959,3.13884613279959,3.13884613279959,1.23146054204476,0.138846132799589,0.138846132799589,0.138846132799589,1,1,two_path_selected,stable_two_path_selected,0.0165270276539013,0.238333932291685,0.810191062431545,0.199175968404784,26.2781605540623,0.00110916149345153,0.000210528764663875
Light_multipath,3,10,13,20261209,4.22522365281548,3.0985949353012,3.0985949353012,4.22522365281548,1.22522365281548,0.0985949353011968,0.0985949353011968,1.22522365281548,1,0,two_path_selected,split_invalid,0.0163289195869536,NaN,0.7533679792292,0.230330946032516,23.7911613494739,0.00105200867039423,0.000259459024247732
Light_multipath,3,10,14,20261209,4.28155040881342,3.45198023596778,3.45198023596778,4.28155040881342,1.28155040881342,0.451980235967785,0.451980235967785,1.28155040881342,1,0,two_path_selected,unstable_split_fit,0.0164645141778658,0.9131803444685,0.771031808103703,0.193851420956549,23.4398856103002,0.00190551934298155,0.000436303318585907
Light_multipath,3,10,15,20261209,4.27194592115048,1.29801698305995,4.27194592115048,4.27194592115048,1.27194592115048,-1.70198301694005,1.27194592115048,1.27194592115048,0,0,excessive_shift,excessive_shift,NaN,NaN,0.900892659738509,0.591024782121955,29.4795897663475,0.00245017261795066,0.000242830091346624
Light_multipath,3,10,16,20261209,4.25876917634843,3.3005736421319,3.3005736421319,4.25876917634843,1.25876917634843,0.300573642131896,0.300573642131896,1.25876917634843,1,0,two_path_selected,unstable_split_fit,0.0165960392741329,1.44821318749744,0.77472994083338,0.219241580428567,22.8901338667028,0.00166555764713094,0.000375200269714604
Light_multipath,3,10,17,20261209,4.2971597314561,3.50056665603474,3.50056665603474,3.50056665603474,1.2971597314561,0.500566656034739,0.500566656034739,0.500566656034739,1,1,two_path_selected,stable_two_path_selected,0.0162635585811847,0.747891976529221,0.823304364342901,0.14482399450783,30.0031043606336,0.00238184161672716,0.000420861018502139
Light_multipath,3,10,18,20261209,4.2362821223126,3.21036300106933,3.21036300106933,3.21036300106933,1.2362821223126,0.210363001069327,0.210363001069327,0.210363001069327,1,1,two_path_selected,stable_two_path_selected,0.0163588218101118,0.144171452239115,0.871303331025025,0.170748937545223,29.743837324263,0.00141045848271437,0.000181521308452837
Light_multipath,3,10,19,20261209,4.32312602307064,3.86054539227691,4.32312602307064,4.32312602307064,1.32312602307064,0.86054539227691,1.32312602307064,1.32312602307064,0,0,weak_echo,weak_echo,NaN,NaN,0.814061278792843,0.071126104908564,37.6471201221014,0.00142134120899606,0.000264282366799762
Light_multipath,3,10,20,20261209,4.2673685816533,3.92162461334447,4.2673685816533,4.2673685816533,1.2673685816533,0.921624613344468,1.2673685816533,1.2673685816533,0,0,weak_echo,weak_echo,NaN,NaN,0.761405438261381,0.0546573075893248,34.847013597901,0.000743498778549734,0.000177394765221273
Light_multipath,3,10,21,20261209,4.31744732957811,3.84638712598585,4.31744732957811,4.31744732957811,1.31744732957811,0.84638712598585,1.31744732957811,1.31744732957811,0,0,weak_echo,weak_echo,NaN,NaN,0.851989631893625,0.073952142056163,37.3788959867233,0.0015500973028606,0.000229430472397096
Light_multipath,3,10,22,20261209,4.23638315824035,3.60673057868331,3.60673057868331,3.60673057868331,1.23638315824035,0.606730578683309,0.606730578683309,0.606730578683309,1,1,two_path_selected,stable_two_path_selected,0.0163062499745621,0.356885372366516,0.786412077693845,0.160923277595474,22.3529486805944,0.00139460145660775,0.000297870027561986
Light_multipath,3,10,23,20261209,4.22061810913361,3.28496938453377,3.28496938453377,4.22061810913361,1.22061810913361,0.284969384533772,0.284969384533772,1.22061810913361,1,0,two_path_selected,unstable_split_fit,0.0165157902174215,1.5577093903381,0.862592006802127,0.20354366954381,24.3419421011902,0.00164497490271076,0.000226032700242351
Light_multipath,3,10,24,20261209,4.24253615507841,3.08883152439652,3.08883152439652,4.24253615507841,1.24253615507841,0.0888315243965163,0.0888315243965163,1.24253615507841,1,0,two_path_selected,unstable_split_fit,0.0164372929485533,1.74448138555218,0.855633275442668,0.19422493483718,30.0609851566159,0.00190446486321916,0.000274941354337477
Light_multipath,3,10,25,20261209,4.22424789658549,3.30457579776775,3.30457579776775,4.22424789658549,1.22424789658549,0.304575797767747,0.304575797767747,1.22424789658549,1,0,two_path_selected,unstable_split_fit,0.0163433536556971,1.63122321127497,0.704749344375964,0.150727826525076,29.65510547189,0.00131012859164836,0.000386816325635975
Light_multipath,3,10,26,20261209,4.29209513161839,4.2169189396385,4.29209513161839,4.29209513161839,1.29209513161839,1.2169189396385,1.29209513161839,1.29209513161839,0,0,weak_echo,weak_echo,NaN,NaN,0.877659214346657,0.0271266299843289,49.1363527943491,0.00113716950131271,0.000139122210211617
Light_multipath,3,10,27,20261209,4.31198791295497,3.58434156474045,3.58434156474045,4.31198791295497,1.31198791295497,0.584341564740447,0.584341564740447,1.31198791295497,1,0,two_path_selected,unstable_split_fit,0.016219000287997,1.32859511308474,0.824513657222864,0.122604539243796,30.9032439549807,0.00169317132640323,0.000297128443765615
Light_multipath,3,10,28,20261209,4.2686775538137,3.87118989464105,3.87118989464105,3.87118989464105,1.2686775538137,0.87118989464105,0.87118989464105,0.87118989464105,1,1,two_path_selected,stable_two_path_selected,0.0162623549041639,0.349119459556006,0.830029568943674,0.218438496169426,16.8306949532676,0.00159092939050143,0.000270410954283706
Light_multipath,3,10,29,20261209,4.25860446902502,2.75726378523162,2.75726378523162,4.25860446902502,1.25860446902502,-0.242736214768382,-0.242736214768382,1.25860446902502,1,0,two_path_selected,unstable_split_fit,0.0164194725052241,0.803903126196364,0.882252052593858,0.291484836595484,26.7855208984486,0.00214644929296304,0.000252739998457763
Light_multipath,3,10,30,20261209,4.31943505979658,2.99861381827845,2.99861381827845,2.99861381827845,1.31943505979658,-0.00138618172155303,-0.00138618172155303,-0.00138618172155303,1,1,two_path_selected,stable_two_path_selected,0.0162427002107056,0.0468455313197556,0.810654272332153,0.277138202800524,24.2005282700592,0.00151295802249529,0.000286472137700278
Light_multipath,3,10,31,20261209,4.29736913271619,3.73220417621657,3.73220417621657,4.29736913271619,1.29736913271619,0.732204176216573,0.732204176216573,1.29736913271619,1,0,two_path_selected,unstable_split_fit,0.0162917846873533,1.83558933453733,0.870185667168975,0.166806131442546,21.585675134337,0.00155166119711181,0.000201427863082859
Light_multipath,3,10,32,20261209,4.26638324493017,3.97168236360745,4.26638324493017,4.26638324493017,1.26638324493017,0.971682363607449,1.26638324493017,1.26638324493017,0,0,weak_echo,weak_echo,NaN,NaN,0.792858439564284,0.0473544306213382,46.6712454122738,0.00152250040480584,0.000315373109615491
Light_multipath,3,10,33,20261209,4.23831104931914,3.41025218570384,3.41025218570384,3.41025218570384,1.23831104931914,0.410252185703843,0.410252185703843,0.410252185703843,1,1,two_path_selected,stable_two_path_selected,0.0163031526720564,0.110306665165256,0.898666530295048,0.157641678323671,26.0145639592559,0.00102168225752708,0.000103530608091207
Light_multipath,3,10,34,20261209,4.19655643954039,2.97856509183151,2.97856509183151,2.97856509183151,1.19655643954039,-0.0214349081684855,-0.0214349081684855,-0.0214349081684855,1,1,two_path_selected,stable_two_path_selected,0.0164647508218639,0.62722613204444,0.849754108545623,0.251475007323245,24.9298470251271,0.00173693393656471,0.000260967187696526
Light_multipath,3,10,35,20261209,4.25548174332742,3.24756736237132,3.24756736237132,4.25548174332742,1.25548174332742,0.247567362371319,0.247567362371319,1.25548174332742,1,0,two_path_selected,unstable_split_fit,0.0167642782523596,1.47438618497495,0.751801320663474,0.184347621301625,26.5261503044819,0.00126829126520889,0.000314788217038897
Light_multipath,3,10,36,20261209,4.22923866010922,2.87990229940399,2.87990229940399,4.22923866010922,1.22923866010922,-0.120097700596011,-0.120097700596011,1.22923866010922,1,0,two_path_selected,unstable_split_fit,0.0164396518017254,1.06977163328697,0.846454113454093,0.265508809887084,25.2022871051267,0.0012445759547719,0.000191099518349169
Light_multipath,3,10,37,20261209,4.26272714545854,3.53474158010719,3.53474158010719,3.53474158010719,1.26272714545854,0.534741580107189,0.534741580107189,0.534741580107189,1,1,two_path_selected,stable_two_path_selected,0.0161085047829217,0.182636569092052,0.837591331578123,0.122740954457227,30.9102118276171,0.00160301760770709,0.000260343955124531
Light_multipath,3,10,38,20261209,4.3067159670886,3.24536920682977,3.24536920682977,4.3067159670886,1.3067159670886,0.245369206829774,0.245369206829774,1.3067159670886,1,0,two_path_selected,unstable_split_fit,0.0165062858926984,0.956391916315452,0.822874990570304,0.264910586877767,22.0148304788727,0.00178324832575338,0.000315857876514558
Light_multipath,3,10,39,20261209,4.21135222908388,3.64776291838963,3.64776291838963,3.64776291838963,1.21135222908388,0.647762918389627,0.647762918389627,0.647762918389627,1,1,two_path_selected,stable_two_path_selected,0.0163762261148161,0.315835348187154,0.746639981899917,0.09441149858888,32.0875893618961,0.00152181656331263,0.000385567472025894
Light_multipath,3,10,40,20261209,4.33598558373603,3.29895059935831,3.29895059935831,4.33598558373603,1.33598558373603,0.29895059935831,0.29895059935831,1.33598558373603,1,0,two_path_selected,unstable_split_fit,0.0164893978990788,1.33460085033918,0.639945447158965,0.186883370104592,26.1342629749206,0.00102658505744047,0.000369626623810015
Light_multipath,3,10,41,20261209,4.26846481116641,4.0836130530024,4.0836130530024,4.26846481116641,1.26846481116641,1.0836130530024,1.0836130530024,1.26846481116641,1,0,two_path_selected,unstable_split_fit,0.0165953974615921,1.41148058504675,0.861822884835398,0.118201683812001,19.4224003504053,0.00108975981093296,0.000150579866897038
Light_multipath,3,10,42,20261209,4.33537441865501,3.74607211402597,3.74607211402597,4.33537441865501,1.33537441865501,0.746072114025974,0.746072114025974,1.33537441865501,1,0,two_path_selected,unstable_split_fit,0.0164405046563391,0.7522786360563,0.69670265307039,0.0965543822371303,31.0296911320745,0.00120038860415095,0.000364074678923521
Light_multipath,3,10,43,20261209,4.22866944327316,3.57144737693408,3.57144737693408,4.22866944327316,1.22866944327316,0.57144737693408,0.57144737693408,1.22866944327316,1,0,two_path_selected,unstable_split_fit,0.0162082297646934,1.36315965012584,0.859460613523188,0.116550753355878,29.7005542833518,0.00141361195775058,0.000198668157258552
Light_multipath,3,10,44,20261209,4.222047978291,2.91382495560409,2.91382495560409,4.222047978291,1.222047978291,-0.0861750443959064,-0.0861750443959064,1.222047978291,1,0,two_path_selected,unstable_split_fit,0.0165039896343017,1.28722873410086,0.772033438383074,0.25219877559609,25.1890840527721,0.00111694861101141,0.000254626934355073
Light_multipath,3,10,45,20261209,4.21540369590725,2.99260859392362,2.99260859392362,2.99260859392362,1.21540369590725,-0.007391406076378,-0.007391406076378,-0.007391406076378,1,1,two_path_selected,stable_two_path_selected,0.0165744662764831,0.246112595237129,0.944222003984881,0.225781125047453,26.9799585365574,0.00139928384800192,7.80492488978712e-05
Light_multipath,3,10,46,20261209,4.22266404924385,3.906730556029,3.906730556029,3.906730556029,1.22266404924385,0.906730556028996,0.906730556028996,0.906730556028996,1,1,two_path_selected,stable_two_path_selected,0.0165020604746749,0.0836968190228387,0.84504426362301,0.0957210235601067,25.4158714186384,0.00155159916316516,0.000240429190890179
Light_multipath,3,10,47,20261209,4.29845285472129,1.69098911198465,4.29845285472129,4.29845285472129,1.29845285472129,-1.30901088801535,1.29845285472129,1.29845285472129,0,0,excessive_shift,excessive_shift,NaN,NaN,0.853924101705435,0.523633920257391,28.0482729911626,0.00208027209098516,0.000303877614387771
Light_multipath,3,10,48,20261209,4.26307629206595,3.0473126131566,3.0473126131566,3.0473126131566,1.26307629206595,0.0473126131565982,0.0473126131565982,0.0473126131565982,1,1,two_path_selected,stable_two_path_selected,0.0161666749196231,0.262839052384712,0.8334940670396,0.282480329571259,22.5631685707271,0.0015343591298782,0.000255479898416677
Light_multipath,3,10,49,20261209,4.30882239644243,3.34807456119646,3.34807456119646,3.34807456119646,1.30882239644243,0.348074561196462,0.348074561196462,0.348074561196462,1,1,two_path_selected,stable_two_path_selected,0.0162311462448725,0.712383219589646,0.799060561642726,0.202280948168101,23.8056378685973,0.00125761813905823,0.00025270508253028
Light_multipath,3,10,50,20261209,4.26690679873651,2.90027030923272,2.90027030923272,2.90027030923272,1.26690679873651,-0.0997296907672762,-0.0997296907672762,-0.0997296907672762,1,1,two_path_selected,stable_two_path_selected,0.0163628899262751,0.317140739836708,0.851154858112995,0.229981188133084,29.0953403924932,0.00131093823131101,0.000195126787044586
Light_multipath,5,10,1,20261209,6.25815582292272,5.30866235921668,5.30866235921668,6.25815582292272,1.25815582292272,0.308662359216685,0.308662359216685,1.25815582292272,1,0,two_path_selected,unstable_split_fit,0.0165014123295675,1.06614846391617,0.781076867857938,0.174659247505398,27.7264105436945,0.00182387273382334,0.000399287931517112
Light_multipath,5,10,2,20261209,6.26631763375773,5.34309954513296,5.34309954513296,5.34309954513296,1.26631763375773,0.343099545132961,0.343099545132961,0.343099545132961,1,1,two_path_selected,stable_two_path_selected,0.0165282766255061,0.111794143268423,0.781652883631732,0.211865977477726,22.9882089719898,0.0016575633538074,0.00036192417850156
Light_multipath,5,10,3,20261209,6.23134740698953,5.02874018544033,5.02874018544033,6.23134740698953,1.23134740698953,0.028740185440328,0.028740185440328,1.23134740698953,1,0,two_path_selected,unstable_split_fit,0.0164221986262989,0.861791544189992,0.841136018241758,0.196495731333745,30.8856923736222,0.00209196971643344,0.000332338638870278
Light_multipath,5,10,4,20261209,6.25838387203986,5.97390691190511,5.97390691190511,6.25838387203986,1.25838387203986,0.973906911905111,0.973906911905111,1.25838387203986,1,0,two_path_selected,split_invalid,0.0163700380660343,NaN,0.622841044983157,0.173554153743653,16.0833546938204,0.00128427737899384,0.000484376714213086
Light_multipath,5,10,5,20261209,6.28372952695023,5.7108369902157,5.7108369902157,6.28372952695023,1.28372952695023,0.710836990215697,0.710836990215697,1.28372952695023,1,0,two_path_selected,unstable_split_fit,0.0165854064454603,1.68555024734317,0.6453838402356,0.126434439987643,24.5645062184146,0.00146493818962412,0.000519490755096719
Light_multipath,5,10,6,20261209,6.26730688269571,5.43172341676599,5.43172341676599,6.26730688269571,1.26730688269571,0.431723416765987,0.431723416765987,1.26730688269571,1,0,two_path_selected,unstable_split_fit,0.0166031395029361,0.245311559208743,0.789200471085364,0.13478312203444,32.3907788863542,0.00211705870930468,0.000446274978606054
Light_multipath,5,10,7,20261209,6.25673150659385,5.09054645783606,5.09054645783606,5.09054645783606,1.25673150659385,0.0905464578360569,0.0905464578360569,0.0905464578360569,1,1,two_path_selected,stable_two_path_selected,0.0165862595592637,0.401894541588625,0.787839950796979,0.175714034862705,33.4073996335992,0.00204480566736009,0.000433826070997734
Light_multipath,5,10,8,20261209,6.26581263364627,3.59630435238106,6.26581263364627,6.26581263364627,1.26581263364627,-1.40369564761894,1.26581263364627,1.26581263364627,0,0,excessive_shift,excessive_shift,NaN,NaN,0.863648556323051,0.541249737231849,27.9777783687757,0.0019486848733663,0.000265705995754928
Light_multipath,5,10,9,20261209,6.26965412680153,4.0672136651564,4.0672136651564,6.26965412680153,1.26965412680153,-0.932786334843598,-0.932786334843598,1.26965412680153,1,0,two_path_selected,unstable_split_fit,0.0162547579480529,1.07050102674513,0.730337780982587,0.43768119494674,26.792204206644,0.0016815713211904,0.000453456253908247
Light_multipath,5,10,10,20261209,6.22620523513186,5.06905804007455,5.06905804007455,6.22620523513186,1.22620523513186,0.0690580400745535,0.0690580400745535,1.22620523513186,1,0,two_path_selected,unstable_split_fit,0.0165278108078104,1.49983426310421,0.753860833140004,0.26499979460869,22.3702013135381,0.00147748306090767,0.00036366644966157
Light_multipath,5,10,11,20261209,6.23855202172845,3.80834498760762,3.80834498760762,6.23855202172845,1.23855202172845,-1.19165501239238,-1.19165501239238,1.23855202172845,1,0,two_path_selected,unstable_split_fit,0.0162704765547072,1.34975697174314,0.903332456354169,0.474836120735777,28.0457054421526,0.0018211110441626,0.000176042331345494
Light_multipath,5,10,12,20261209,6.20577887537172,5.27414941272736,5.27414941272736,5.27414941272736,1.20577887537172,0.274149412727359,0.274149412727359,0.274149412727359,1,1,two_path_selected,stable_two_path_selected,0.0164504128368421,0.111476810539127,0.781862320283401,0.204227328617004,23.8595277344204,0.00170321014529984,0.000371534309165478
Light_multipath,5,10,13,20261209,6.23828013022848,4.67363260354553,4.67363260354553,6.23828013022848,1.23828013022848,-0.32636739645447,-0.32636739645447,1.23828013022848,1,0,two_path_selected,unstable_split_fit,0.0163103014126549,0.207408627795425,0.737821377651117,0.335123396024105,24.5556140820591,0.00211974564302952,0.000555751992419529
Light_multipath,5,10,14,20261209,6.24810770238122,4.35159140472718,4.35159140472718,6.24810770238122,1.24810770238122,-0.648408595272816,-0.648408595272816,1.24810770238122,1,0,two_path_selected,unstable_split_fit,0.01657973924121,0.215669636223643,0.898927560379824,0.376958385418997,26.1749332277272,0.00145923479619103,0.000147488420829678
Light_multipath,5,10,15,20261209,6.2535475845986,5.48805619067631,5.48805619067631,5.48805619067631,1.2535475845986,0.488056190676314,0.488056190676314,0.488056190676314,1,1,two_path_selected,stable_two_path_selected,0.016518799269853,0.0662282101344731,0.67590918195236,0.117901751544204,32.3262655377897,0.00141523194309334,0.000458663678164273
Light_multipath,5,10,16,20261209,6.17766302781244,5.38553262346442,5.38553262346442,6.17766302781244,1.17766302781244,0.385532623464417,0.385532623464417,1.17766302781244,1,0,two_path_selected,unstable_split_fit,0.0163186389812524,1.06271158706245,0.858322301961767,0.254903891552436,19.757204193491,0.00190070897937256,0.000269288072838103
Light_multipath,5,10,17,20261209,6.24385239775667,6.55883822428803,6.55883822428803,6.55883822428803,1.24385239775667,1.55883822428803,1.55883822428803,1.55883822428803,1,1,two_path_selected,stable_two_path_selected,0.0164516427967817,0.523566572654482,0.86320484591013,0.268600856989122,11.0086929020782,0.00130247123772809,0.000178171753662637
Light_multipath,5,10,18,20261209,6.2230178037555,5.38476246348732,5.38476246348732,6.2230178037555,1.2230178037555,0.38476246348732,0.38476246348732,1.2230178037555,1,0,two_path_selected,unstable_split_fit,0.0164042240953486,0.799177339229248,0.796723056077706,0.200887164002665,23.0024739564091,0.00170353555915104,0.000346289502327179
Light_multipath,5,10,19,20261209,6.18966146294805,5.24160373268449,5.24160373268449,6.18966146294805,1.18966146294805,0.241603732684492,0.241603732684492,1.18966146294805,1,0,two_path_selected,unstable_split_fit,0.0163350637326872,1.79166611006405,0.849349622004973,0.226992654382211,23.3720294391039,0.00207732853093767,0.000312950328405615
Light_multipath,5,10,20,20261209,6.2673458576155,5.1997906432623,5.1997906432623,5.1997906432623,1.2673458576155,0.199790643262295,0.199790643262295,0.199790643262295,1,1,two_path_selected,stable_two_path_selected,0.0164320860070108,0.177937011893203,0.834548627297969,0.253638645352574,23.0475386114255,0.00200221674068279,0.000331269508192955
Light_multipath,5,10,21,20261209,6.2731932062444,4.77139714727662,4.77139714727662,4.77139714727662,1.2731932062444,-0.22860285272338,-0.22860285272338,-0.22860285272338,1,1,two_path_selected,stable_two_path_selected,0.0165745227428442,0.0828551118124317,0.759133819312707,0.284791681565283,26.4994236052237,0.00169099901052494,0.000407304473211134
Light_multipath,5,10,22,20261209,6.25037495331165,5.3647217508766,5.3647217508766,6.25037495331165,1.25037495331165,0.364721750876601,0.364721750876601,1.25037495331165,1,0,two_path_selected,unstable_split_fit,0.0165377361985081,0.338041830591546,0.767346765561674,0.194622638821916,22.6443243263729,0.00103296681984832,0.000240323071705184
Light_multipath,5,10,23,20261209,6.27564471193501,5.14004532788188,5.14004532788188,6.27564471193501,1.27564471193501,0.140045327881879,0.140045327881879,1.27564471193501,1,0,two_path_selected,unstable_split_fit,0.0165070581863372,0.796503851611966,0.896263585993095,0.204196417088641,28.424569442119,0.00192033999875241,0.0001992091851446
Light_multipath,5,10,24,20261209,6.2767334579321,5.51512470636961,5.51512470636961,5.51512470636961,1.2767334579321,0.515124706369612,0.515124706369612,0.515124706369612,1,1,two_path_selected,stable_two_path_selected,0.0164840412746005,0.238660865058456,0.848089958739194,0.186909337680769,22.4928252382672,0.00147091900133844,0.000223447366184626
Light_multipath,5,10,25,20261209,6.30440482965812,4.74072457696196,4.74072457696196,4.74072457696196,1.30440482965812,-0.259275423038043,-0.259275423038043,-0.259275423038043,1,1,two_path_selected,stable_two_path_selected,0.0163424490728777,0.137607543712689,0.810422872843764,0.287879646096005,26.829252723875,0.00130148166482957,0.000246731155064905
Light_multipath,5,10,26,20261209,6.2420508504356,5.66932981092376,5.66932981092376,6.2420508504356,1.2420508504356,0.66932981092376,0.66932981092376,1.2420508504356,1,0,two_path_selected,unstable_split_fit,0.0163222935621354,1.41662282195271,0.630482029783526,0.0972126103673425,30.5856095020519,0.00140369448575162,0.000518690337178995
Light_multipath,5,10,27,20261209,6.27764858972212,5.02455234100381,5.02455234100381,6.27764858972212,1.27764858972212,0.0245523410038135,0.0245523410038135,1.27764858972212,1,0,two_path_selected,unstable_split_fit,0.0164822735267494,1.61477845740812,0.719953441754128,0.238477996722535,25.1632109354806,0.000987495745866873,0.000276544784912458
Light_multipath,5,10,28,20261209,6.30429548660052,5.15893854719007,5.15893854719007,5.15893854719007,1.30429548660052,0.158938547190067,0.158938547190067,0.158938547190067,1,1,two_path_selected,stable_two_path_selected,0.0163571639314126,0.27611350653603,0.717212949906214,0.267356114691797,21.7346200262133,0.00117347095880027,0.000331842390809856
Light_multipath,5,10,29,20261209,6.21078058469327,3.37856151168994,6.21078058469327,6.21078058469327,1.21078058469327,-1.62143848831006,1.21078058469327,1.21078058469327,0,0,excessive_shift,excessive_shift,NaN,NaN,0.900382837954884,0.587488584131509,28.1808022103708,0.002211894270987,0.000220342630019577
Light_multipath,5,10,30,20261209,6.22195193132684,5.79734431551688,5.79734431551688,5.79734431551688,1.22195193132684,0.797344315516879,0.797344315516879,0.797344315516879,1,1,two_path_selected,stable_two_path_selected,0.0164654502613558,0.462950635187356,0.805031320200048,0.0994654992828654,25.0511178286944,0.00112138945964801,0.000218635822489155
Light_multipath,5,10,31,20261209,6.27220875534127,5.22499615535674,5.22499615535674,5.22499615535674,1.27220875534127,0.224996155356736,0.224996155356736,0.224996155356736,1,1,two_path_selected,stable_two_path_selected,0.0162207900265529,0.22842283445345,0.850897736535836,0.177557620209932,30.1480235416171,0.00190456704899522,0.000283975257924451
Light_multipath,5,10,32,20261209,6.24375800440757,5.31586313482868,5.31586313482868,6.24375800440757,1.24375800440757,0.315863134828682,0.315863134828682,1.24375800440757,1,0,two_path_selected,unstable_split_fit,0.0163008380727231,0.821391339455287,0.838938985127337,0.201930517885144,24.3804044063871,0.00180212137639724,0.00029025149780626
Light_multipath,5,10,33,20261209,6.22956559525864,5.26860126227062,5.26860126227062,6.22956559525864,1.22956559525864,0.268601262270618,0.268601262270618,1.22956559525864,1,0,two_path_selected,unstable_split_fit,0.0163734361678399,1.21052674907884,0.750024400723503,0.304619561115889,18.5210710870761,0.00156069385953583,0.000390135382824619
Light_multipath,5,10,34,20261209,6.23989548104309,5.28377780381115,5.28377780381115,5.28377780381115,1.23989548104309,0.283777803811146,0.283777803811146,0.283777803811146,1,1,two_path_selected,stable_two_path_selected,0.0164336060803767,0.283269346050382,0.730992973576139,0.185164821224556,25.8973667932326,0.00153356796836834,0.000412540558989649
Light_multipath,5,10,35,20261209,6.24652912272761,3.25968897150669,6.24652912272761,6.24652912272761,1.24652912272761,-1.74031102849331,1.24652912272761,1.24652912272761,0,0,excessive_shift,excessive_shift,NaN,NaN,0.849297990604019,0.698838447471711,26.42861803979,0.00186394536190093,0.000280900311442789
Light_multipath,5,10,36,20261209,6.24267896681657,5.58287644274712,5.58287644274712,6.24267896681657,1.24267896681657,0.582876442747118,0.582876442747118,1.24267896681657,1,0,two_path_selected,unstable_split_fit,0.0164519114127799,1.7888031093623,0.784296229567627,0.179132484581961,20.7926780990762,0.00127157603535766,0.000274283745218096
Light_multipath,5,10,37,20261209,6.29834345272333,5.38451112990553,5.38451112990553,5.38451112990553,1.29834345272333,0.384511129905526,0.384511129905526,0.384511129905526,1,1,two_path_selected,stable_two_path_selected,0.0165022172341758,0.234688436592899,0.850033340265222,0.181121223565954,25.8514571657323,0.00155435072799381,0.000233100786733553
Light_multipath,5,10,38,20261209,6.19794687050964,4.55306006263195,4.55306006263195,4.55306006263195,1.19794687050964,-0.446939937368052,-0.446939937368052,-0.446939937368052,1,1,two_path_selected,stable_two_path_selected,0.0164239638760308,0.279528114449359,0.738413706446794,0.347230083684378,24.1270258597185,0.00129519881300766,0.000338806256909185
Light_multipath,5,10,39,20261209,6.2294888484447,4.82462108908236,4.82462108908236,4.82462108908236,1.2294888484447,-0.17537891091764,-0.17537891091764,-0.17537891091764,1,1,two_path_selected,stable_two_path_selected,0.0165265594965454,0.0370535468696289,0.810561453618424,0.267863105248868,25.8283569632017,0.00131537919614688,0.000249183522858631
Light_multipath,5,10,40,20261209,6.21779784793115,3.71120291561231,6.21779784793115,6.21779784793115,1.21779784793115,-1.28879708438769,1.21779784793115,1.21779784793115,0,0,excessive_shift,excessive_shift,NaN,NaN,0.836155022105221,0.493533110575902,27.2128911074592,0.000780345761469681,0.000127855734038285
Light_multipath,5,10,41,20261209,6.26230433251831,5.07033120162509,5.07033120162509,6.26230433251831,1.26230433251831,0.0703312016250948,0.0703312016250948,1.26230433251831,1,0,two_path_selected,unstable_split_fit,0.016417649552299,0.766574895623126,0.744860635584748,0.215454543427556,27.2363722525053,0.00153131391357308,0.000390698458629268
Light_multipath,5,10,42,20261209,6.27222040251972,5.72559538072145,5.72559538072145,5.72559538072145,1.27222040251972,0.725595380721451,0.725595380721451,0.725595380721451,1,1,two_path_selected,stable_two_path_selected,0.0163945699369331,0.0666043346310978,0.810916217692671,0.0982582387897341,31.2198434132258,0.00169327994318236,0.000320171776162059
Light_multipath,5,10,43,20261209,6.23933507740266,6.16315983749112,6.16315983749112,6.23933507740266,1.23933507740266,1.16315983749112,1.16315983749112,1.23933507740266,1,0,two_path_selected,unstable_split_fit,0.0164954690032065,1.23287785732228,0.699282822505401,0.200875375651572,14.1376853602511,0.00136648195550859,0.000410924596757845
Light_multipath,5,10,44,20261209,6.27544205674938,5.39881725080809,5.39881725080809,5.39881725080809,1.27544205674938,0.398817250808086,0.398817250808086,0.398817250808086,1,1,two_path_selected,stable_two_path_selected,0.0163325242292353,0.225388943931177,0.763719142680205,0.198054425674861,23.2773939315688,0.00154739678677984,0.000365620239394238
Light_multipath,5,10,45,20261209,6.23826341372128,4.90601722108877,4.90601722108877,4.90601722108877,1.23826341372128,-0.0939827789112329,-0.0939827789112329,-0.0939827789112329,1,1,two_path_selected,stable_two_path_selected,0.0166314891332901,0.174051415636143,0.879102254939359,0.23994593654832,28.1389139179932,0.00185989982791424,0.000224857695233505
Light_multipath,5,10,46,20261209,6.31234960188154,5.19832791845334,5.19832791845334,6.31234960188154,1.31234960188154,0.198327918453341,0.198327918453341,1.31234960188154,1,0,two_path_selected,unstable_split_fit,0.0165429425709209,1.0716480732659,0.853342874010714,0.207285784471083,26.7880120032838,0.0015389838652573,0.000225702950622519
Light_multipath,5,10,47,20261209,6.28936479183128,3.60686303537399,6.28936479183128,6.28936479183128,1.28936479183128,-1.39313696462601,1.28936479183128,1.28936479183128,0,0,excessive_shift,excessive_shift,NaN,NaN,0.767077842407539,0.61762823545713,25.2698981571438,0.00131004325794937,0.000305138102181024
Light_multipath,5,10,48,20261209,6.25672866325903,4.49310488554772,4.49310488554772,4.49310488554772,1.25672866325903,-0.506895114452277,-0.506895114452277,-0.506895114452277,1,1,two_path_selected,stable_two_path_selected,0.016301264743005,0.320667440528567,0.765130112733269,0.417068676136256,22.1111905979408,0.000880971977859302,0.000206913789124963
Light_multipath,5,10,49,20261209,6.21246352807068,4.80242673844453,4.80242673844453,4.80242673844453,1.21246352807068,-0.197573261555474,-0.197573261555474,-0.197573261555474,1,1,two_path_selected,stable_two_path_selected,0.016457235926874,0.688585984785439,0.87104614624458,0.281999557548629,25.6172001217795,0.00167040171293298,0.000215404738202363
Light_multipath,5,10,50,20261209,6.22508241849221,3.92472955001887,3.92472955001887,6.22508241849221,1.22508241849221,-1.07527044998113,-1.07527044998113,1.22508241849221,1,0,two_path_selected,unstable_split_fit,0.0162980094791827,0.946234255724163,0.87668438825606,0.423593694941304,29.0035172175905,0.00177724329765039,0.000219161844467575
Light_multipath,10,10,1,20261209,11.2527855207392,10.608080476735,10.608080476735,11.2527855207392,1.25278552073919,0.608080476735033,0.608080476735033,1.25278552073919,1,0,two_path_selected,unstable_split_fit,0.0163330486298678,1.01172996251557,0.816894089948357,0.141395236469632,24.5271858107954,0.00130620404840265,0.000239173680995908
Light_multipath,10,10,2,20261209,11.3163437613035,9.97216559821828,9.97216559821828,9.97216559821828,1.31634376130355,-0.0278344017817211,-0.0278344017817211,-0.0278344017817211,1,1,two_path_selected,stable_two_path_selected,0.0161710156942639,0.516486810525283,0.923126949877412,0.360714069646735,20.7003139024922,0.00137499850398215,0.000105700328915104
Light_multipath,10,10,3,20261209,11.2092226800455,10.8428244150534,10.8428244150534,10.8428244150534,1.20922268004553,0.842824415053357,0.842824415053357,0.842824415053357,1,1,two_path_selected,stable_two_path_selected,0.0164126996589845,0.730257728618763,0.743645188052425,0.223501291069145,15.4540462471067,0.00136791886756726,0.000350672584054745
Light_multipath,10,10,4,20261209,11.2983170167345,9.7866607762038,9.7866607762038,11.2983170167345,1.29831701673455,-0.213339223796197,-0.213339223796197,1.29831701673455,1,0,two_path_selected,unstable_split_fit,0.0163170964000349,1.12244634551451,0.814280825993255,0.349953366666732,23.0324232554557,0.0016542283189116,0.000307221917006828
Light_multipath,10,10,5,20261209,11.2619813165912,9.60146138679699,9.60146138679699,11.2619813165912,1.26198131659116,-0.398538613203012,-0.398538613203012,1.26198131659116,1,0,two_path_selected,unstable_split_fit,0.0163522013599688,1.44494944729612,0.898863679902182,0.26521562550104,31.7288141967,0.00198750071692788,0.000201008508701861
Light_multipath,10,10,6,20261209,11.2655026635953,11.0262290628755,11.2655026635953,11.2655026635953,1.26550266359525,1.02622906287555,1.26550266359525,1.26550266359525,0,0,weak_echo,weak_echo,NaN,NaN,0.690367446212611,0.0392008890705864,39.5944131958408,0.000903971104548873,0.000279898881651475
Light_multipath,10,10,7,20261209,11.2426799220701,10.3769871724862,10.3769871724862,11.2426799220701,1.24267992207009,0.376987172486235,0.376987172486235,1.24267992207009,1,0,two_path_selected,unstable_split_fit,0.0164503913786186,0.858412655986948,0.806822420421139,0.205469713225554,22.3125510027667,0.00137804962244292,0.000266208290603087
Light_multipath,10,10,8,20261209,11.2322241230647,10.7924276225434,10.7924276225434,10.7924276225434,1.23222412306469,0.79242762254335,0.79242762254335,0.79242762254335,1,1,two_path_selected,stable_two_path_selected,0.0163453937085189,0.350804884415059,0.834048630795691,0.0970138166359927,26.376853138899,0.00116135179452459,0.000192727920429236
Light_multipath,10,10,9,20261209,11.2681256672783,10.5638442653591,10.5638442653591,11.2681256672783,1.26812566727826,0.563844265359059,0.563844265359059,1.26812566727826,1,0,two_path_selected,unstable_split_fit,0.0165099208714021,0.996208188104468,0.815638989130795,0.113889718797282,34.1052887862288,0.00230572254377726,0.000425085338954689
Light_multipath,10,10,10,20261209,11.281492955578,10.191262904405,10.191262904405,11.281492955578,1.28149295557798,0.191262904405015,0.191262904405015,1.28149295557798,1,0,two_path_selected,unstable_split_fit,0.0167135063599966,0.959747775761748,0.804851439077889,0.207757679869856,27.1713284285637,0.00210257418243054,0.000410314325933303
Light_multipath,10,10,11,20261209,11.272184068032,10.5289578504657,10.5289578504657,10.5289578504657,1.27218406803204,0.528957850465662,0.528957850465662,0.528957850465662,1,1,two_path_selected,stable_two_path_selected,0.0164861889210514,0.667784457228663,0.79125191600405,0.118989654727577,31.4131243288854,0.00150636822427463,0.000314451480609712
Light_multipath,10,10,12,20261209,11.2698492181312,11.1012591618914,11.2698492181312,11.2698492181312,1.26984921813123,1.1012591618914,1.26984921813123,1.26984921813123,0,0,weak_echo,weak_echo,NaN,NaN,0.920141390122286,0.0384057753598818,48.5547627392103,0.00158621106403167,0.000126672610546219
Light_multipath,10,10,13,20261209,11.2559156840513,10.7009776624715,11.2559156840513,11.2559156840513,1.2559156840513,0.700977662471493,1.2559156840513,1.2559156840513,0,0,weak_echo,weak_echo,NaN,NaN,0.843609531907626,0.0776574322042793,39.3986740786609,0.00113226334248751,0.000177075194135456
Light_multipath,10,10,14,20261209,11.2220870937123,10.405421660062,10.405421660062,10.405421660062,1.2220870937123,0.405421660062025,0.405421660062025,0.405421660062025,1,1,two_path_selected,stable_two_path_selected,0.0163369430240295,0.409209503349366,0.8394835826466,0.129189261218719,32.2313911685336,0.0015206145856399,0.000244083605462242
Light_multipath,10,10,15,20261209,11.2565341517842,9.53172983218546,9.53172983218546,11.2565341517842,1.25653415178417,-0.468270167814538,-0.468270167814538,1.25653415178417,1,0,two_path_selected,unstable_split_fit,0.0162002961033444,2.29449606320953,0.847396451158683,0.355043095072129,25.2104975636946,0.0015435328250879,0.000235548586861478
Light_multipath,10,10,16,20261209,11.2163207768077,10.2523345636469,10.2523345636469,10.2523345636469,1.21632077680775,0.252334563646865,0.252334563646865,0.252334563646865,1,1,two_path_selected,stable_two_path_selected,0.0162731963458274,0.205852552887102,0.872975745700513,0.271908097655537,20.5844519958101,0.00171092887215529,0.000217329464144989
Light_multipath,10,10,17,20261209,11.263872426744,11.0075257652046,11.263872426744,11.263872426744,1.26387242674401,1.00752576520461,1.26387242674401,1.26387242674401,0,0,weak_echo,weak_echo,NaN,NaN,0.882718811527238,0.0546239051018745,35.5699099905849,0.00134173987203834,0.000157360846813948
Light_multipath,10,10,18,20261209,11.1913198856534,10.9033526167614,11.1913198856534,11.1913198856534,1.19131988565345,0.903352616761353,1.19131988565345,1.19131988565345,0,0,weak_echo,weak_echo,NaN,NaN,0.640136798621603,0.0484325207935769,43.3109880601143,0.00190531730803722,0.000685653586111945
Light_multipath,10,10,19,20261209,11.2420234067175,10.6920472599317,10.6920472599317,10.6920472599317,1.24202340671753,0.692047259931662,0.692047259931662,0.692047259931662,1,1,two_path_selected,stable_two_path_selected,0.0164104042762223,0.0570092250847019,0.839352950446498,0.0833341440798416,36.8649237022739,0.00155863800427425,0.000250390596708616
Light_multipath,10,10,20,20261209,11.2954880431104,10.1836210868134,10.1836210868134,10.1836210868134,1.29548804311038,0.183621086813428,0.183621086813428,0.183621086813428,1,1,two_path_selected,stable_two_path_selected,0.0160401115581431,0.336247326532966,0.93885069587804,0.204961689024948,28.304299998603,0.00208436601524098,0.000127457531367448
Light_multipath,10,10,21,20261209,11.2376945055902,10.336702988173,10.336702988173,11.2376945055902,1.23769450559021,0.336702988173045,0.336702988173045,1.23769450559021,1,0,two_path_selected,unstable_split_fit,0.0162753079083107,1.02255883332356,0.816488911091075,0.168345056107576,27.7051964770459,0.00191921971624653,0.00035219809998388
Light_multipath,10,10,22,20261209,11.2373961995486,10.164898608176,10.164898608176,10.164898608176,1.23739619954855,0.164898608175957,0.164898608175957,0.164898608175957,1,1,two_path_selected,stable_two_path_selected,0.0163791965163334,0.284494643274805,0.770246532761626,0.204653964380368,26.2263775972378,0.00172686821589374,0.000396753960065332
Light_multipath,10,10,23,20261209,11.2126398142798,10.1105777760402,10.1105777760402,10.1105777760402,1.21263981427985,0.110577776040156,0.110577776040156,0.110577776040156,1,1,two_path_selected,stable_two_path_selected,0.0164049570757782,0.197275187744676,0.819843103060333,0.181723741288206,29.86310903003,0.00155699053059544,0.000280502582556519
Light_multipath,10,10,24,20261209,11.2453962741102,10.4000795269884,10.4000795269884,11.2453962741102,1.24539627411019,0.40007952698836,0.40007952698836,1.24539627411019,1,0,two_path_selected,unstable_split_fit,0.01651362797477,2.99747768424547,0.679216090203363,0.227567614191903,19.4444538736681,0.00112369837492832,0.000360464358141632
Light_multipath,10,10,25,20261209,11.2423639809389,10.8409255327231,10.8409255327231,10.8409255327231,1.2423639809389,0.840925532723054,0.840925532723054,0.840925532723054,1,1,two_path_selected,stable_two_path_selected,0.016307671487419,0.60980380271844,0.851471922753459,0.0856300435629647,30.9268537351007,0.00180995629317571,0.000268829328125664
Light_multipath,10,10,26,20261209,11.2693045061134,9.88384536586396,9.88384536586396,9.88384536586396,1.26930450611336,-0.116154634136036,-0.116154634136036,-0.116154634136036,1,1,two_path_selected,stable_two_path_selected,0.0165278565768963,0.0921267036461693,0.809100937708041,0.257000609946941,27.0152981972762,0.00173819169867273,0.000331819165360292
Light_multipath,10,10,27,20261209,11.1896894053727,10.2768861395993,10.2768861395993,10.2768861395993,1.18968940537266,0.27688613959927,0.27688613959927,0.27688613959927,1,1,two_path_selected,stable_two_path_selected,0.0165466752327568,0.719689182023593,0.83347592842538,0.152731674724215,30.5913982576673,0.001928933827537,0.000321213914759477
Light_multipath,10,10,28,20261209,11.2885323532312,9.82095590174054,9.82095590174054,9.82095590174054,1.28853235323116,-0.179044098259457,-0.179044098259457,-0.179044098259457,1,1,two_path_selected,stable_two_path_selected,0.0162237237539842,0.117202577243326,0.853589101557982,0.344811334599634,22.8710517375466,0.00171922785563616,0.000251713694970235
Light_multipath,10,10,29,20261209,11.2889037298967,10.2863203596449,10.2863203596449,10.2863203596449,1.28890372989667,0.286320359644861,0.286320359644861,0.286320359644861,1,1,two_path_selected,stable_two_path_selected,0.0165619461602332,0.574479315923831,0.648727778797538,0.20023155188171,23.4791243411652,0.000808697504205425,0.000284072968583127
Light_multipath,10,10,30,20261209,11.2391336753703,10.8067098586129,10.8067098586129,10.8067098586129,1.23913367537031,0.806709858612905,0.806709858612905,0.806709858612905,1,1,two_path_selected,stable_two_path_selected,0.0162456994516457,0.748179015247352,0.844063300011848,0.285615774416435,14.3944870745955,0.00137901427650311,0.000215038935514444
Light_multipath,10,10,31,20261209,11.2893594334513,10.0692959916518,10.0692959916518,10.0692959916518,1.28935943345128,0.0692959916518454,0.0692959916518454,0.0692959916518454,1,1,two_path_selected,stable_two_path_selected,0.0165250938471002,0.28701706343452,0.676964434261191,0.229888394375938,25.7850209597182,0.00142371679637288,0.000459911160768156
Light_multipath,10,10,32,20261209,11.1872761823794,10.3157387885544,10.3157387885544,11.1872761823794,1.18727618237939,0.315738788554405,0.315738788554405,1.18727618237939,1,0,two_path_selected,unstable_split_fit,0.0163898343353464,0.731987960687682,0.889940141995987,0.206438909685243,23.8339159037054,0.00204362896022969,0.000224921513175769
Light_multipath,10,10,33,20261209,11.2945710906284,10.7169306410482,10.7169306410482,11.2945710906284,1.29457109062844,0.716930641048229,0.716930641048229,1.29457109062844,1,0,two_path_selected,unstable_split_fit,0.0164624486595318,0.892011944366093,0.802227674794693,0.224772462951066,17.4820879182482,0.00136111664944738,0.000269191204636865
Light_multipath,10,10,34,20261209,11.3114420880708,9.64989362131642,9.64989362131642,11.3114420880708,1.31144208807078,-0.350106378683581,-0.350106378683581,1.31144208807078,1,0,two_path_selected,unstable_split_fit,0.0163226225093556,1.53519987225296,0.756415338296455,0.286457755163107,29.0669306001628,0.00170421194674542,0.000415119890519122
Light_multipath,10,10,35,20261209,11.2574015109061,10.8556560451284,11.2574015109061,11.2574015109061,1.25740151090614,0.855656045128402,1.25740151090614,1.25740151090614,0,0,weak_echo,weak_echo,NaN,NaN,0.773124045591263,0.0672884515388621,37.2742031329005,0.00186045592705453,0.000422092714085887
Light_multipath,10,10,36,20261209,11.2078654027267,10.5558945279507,10.5558945279507,10.5558945279507,1.20786540272666,0.555894527950731,0.555894527950731,0.555894527950731,1,1,two_path_selected,stable_two_path_selected,0.0164503191631517,0.0842826364690374,0.849376538738634,0.11309113880197,28.3996815654771,0.000863956693135659,0.000130132147500017
Light_multipath,10,10,37,20261209,11.2860304519393,10.7572870224424,10.7572870224424,10.7572870224424,1.28603045193932,0.757287022442391,0.757287022442391,0.757287022442391,1,1,two_path_selected,stable_two_path_selected,0.0162798974461024,0.632020840771506,0.891317013592813,0.0949020080561373,30.3102760169895,0.00121579992252996,0.000132136766454183
Light_multipath,10,10,38,20261209,11.2128137621537,10.0584135897139,10.0584135897139,10.0584135897139,1.21281376215369,0.058413589713858,0.058413589713858,0.058413589713858,1,1,two_path_selected,stable_two_path_selected,0.0164968602009689,0.359508575365012,0.665126906116205,0.224016879561443,24.7788887826163,0.00119984288710273,0.000401795099778557
Light_multipath,10,10,39,20261209,11.2210269151883,9.33527264926005,9.33527264926005,11.2210269151883,1.22102691518834,-0.664727350739948,-0.664727350739948,1.22102691518834,1,0,two_path_selected,unstable_split_fit,0.0166007062496606,0.762637179127525,0.801613006655517,0.35124095067733,27.64187007757,0.00178066892162154,0.00035326155350246
Light_multipath,10,10,40,20261209,11.2795816296863,10.3773137099231,10.3773137099231,10.3773137099231,1.27958162968635,0.377313709923087,0.377313709923087,0.377313709923087,1,1,two_path_selected,stable_two_path_selected,0.0163026003788187,0.697393921394699,0.874861456479274,0.168234299521345,27.9182357111493,0.00178976800444786,0.000223968961316601
Light_multipath,10,10,41,20261209,11.2312368727582,10.2754767963802,10.2754767963802,10.2754767963802,1.23123687275823,0.275476796380175,0.275476796380175,0.275476796380175,1,1,two_path_selected,stable_two_path_selected,0.0164891954809656,0.448320519790855,0.731294518707015,0.167675129470173,27.314027779858,0.00117448758660466,0.00031559125223124
Light_multipath,10,10,42,20261209,11.2208416993167,9.50219722617599,9.50219722617599,11.2208416993167,1.22084169931672,-0.497802773824013,-0.497802773824013,1.22084169931672,1,0,two_path_selected,unstable_split_fit,0.0165722175208779,1.4318465350709,0.860025007073392,0.350936471917285,25.2848627757128,0.00145680110804092,0.000203915724793502
Light_multipath,10,10,43,20261209,11.2993984456302,10.9512070249957,10.9512070249957,11.2993984456302,1.29939844563017,0.951207024995732,0.951207024995732,1.29939844563017,1,0,two_path_selected,unstable_split_fit,0.0163541734510412,1.01234567281475,0.824712398876123,0.0972138655176838,25.4363396935021,0.00145744828884409,0.000255472614313579
Light_multipath,10,10,44,20261209,11.2463911539195,10.082708474232,10.082708474232,10.082708474232,1.24639115391952,0.0827084742319855,0.0827084742319855,0.0827084742319855,1,1,two_path_selected,stable_two_path_selected,0.0165716969777273,0.712525496222732,0.813218928101443,0.256006899636567,23.0294814644629,0.00121074348373318,0.000226143965685877
Light_multipath,10,10,45,20261209,11.232381849794,10.5741128092566,10.5741128092566,10.5741128092566,1.23238184979397,0.574112809256551,0.574112809256551,0.574112809256551,1,1,two_path_selected,stable_two_path_selected,0.0163595613492773,0.451260106332555,0.824447606830718,0.126697517092948,27.4820436700476,0.00143147833137136,0.000251299446842213
Light_multipath,10,10,46,20261209,11.2548312599468,10.0364677138504,10.0364677138504,10.0364677138504,1.25483125994679,0.0364677138503602,0.0364677138503602,0.0364677138503602,1,1,two_path_selected,stable_two_path_selected,0.0161943547915365,0.668006081574298,0.82570588642223,0.211592984685598,28.054834804933,0.00128200576033488,0.000223446057599164
Light_multipath,10,10,47,20261209,11.2071762716138,9.30521413428703,9.30521413428703,9.30521413428703,1.20717627161381,-0.694785865712973,-0.694785865712973,-0.694785865712973,1,1,two_path_selected,stable_two_path_selected,0.016361537719056,0.146063344080208,0.880029853794592,0.328079505207199,29.9884670698564,0.0021760152140109,0.000261056863370079
Light_multipath,10,10,48,20261209,11.3046540945587,10.4160836761684,10.4160836761684,10.4160836761684,1.30465409455872,0.41608367616843,0.41608367616843,0.41608367616843,1,1,two_path_selected,stable_two_path_selected,0.0162758029613712,0.537941220322736,0.805764189484675,0.147411892243036,29.543697552973,0.00126363482111747,0.000245443133675138
Light_multipath,10,10,49,20261209,11.2263053586367,10.5475743644784,10.5475743644784,10.5475743644784,1.22630535863674,0.547574364478422,0.547574364478422,0.547574364478422,1,1,two_path_selected,stable_two_path_selected,0.0164429982106607,0.256279654483048,0.708646691004847,0.330675511418456,14.8292662801941,0.00142787049626669,0.000416014793903852
Light_multipath,10,10,50,20261209,11.2299632342513,10.7693655443511,11.2299632342513,11.2299632342513,1.22996323425127,0.769365544351139,1.22996323425127,1.22996323425127,0,0,weak_echo,weak_echo,NaN,NaN,0.743573729325694,0.0697006214488411,36.726826172291,0.00122972317419912,0.00031533332752165
Light_multipath,15,10,1,20261209,16.2467969111161,15.883323593427,16.2467969111161,16.2467969111161,1.24679691111615,0.883323593426994,1.24679691111615,1.24679691111615,0,0,weak_echo,weak_echo,NaN,NaN,0.804309525773858,0.0709235739359875,32.9293720270112,0.00153609635434271,0.000300599424038372
Light_multipath,15,10,2,20261209,16.284676484783,15.9481271239551,16.284676484783,16.284676484783,1.284676484783,0.948127123955125,1.284676484783,1.284676484783,0,0,weak_echo,weak_echo,NaN,NaN,0.759659888944017,0.0558069508471087,39.2480696040456,0.00140577595093672,0.00033786434816796
Light_multipath,15,10,3,20261209,16.2827376923216,14.8854444291912,14.8854444291912,14.8854444291912,1.28273769232164,-0.114555570808797,-0.114555570808797,-0.114555570808797,1,1,two_path_selected,stable_two_path_selected,0.0163940236300384,0.0710057396922039,0.762173371403996,0.241617001652364,28.205587739841,0.00148913471372047,0.000354155888489416
Light_multipath,15,10,4,20261209,16.2997432922329,15.1740177761564,15.1740177761564,15.1740177761564,1.29974329223293,0.174017776156376,0.174017776156376,0.174017776156376,1,1,two_path_selected,stable_two_path_selected,0.016496576579657,0.383536342571841,0.850039920006307,0.175754139654503,33.3053006356588,0.00252520724032834,0.000378680279760291
Light_multipath,15,10,5,20261209,16.2640716381641,15.5420851682549,15.5420851682549,16.2640716381641,1.26407163816411,0.54208516825485,0.54208516825485,1.26407163816411,1,0,two_path_selected,unstable_split_fit,0.0163355187488035,1.9199597846311,0.909677310682259,0.121587659537579,32.4693608286226,0.00205489723410168,0.000185603844455651
Light_multipath,15,10,6,20261209,16.2228885060991,15.6890278539969,15.6890278539969,16.2228885060991,1.22288850609908,0.689027853996947,0.689027853996947,1.22288850609908,1,0,two_path_selected,unstable_split_fit,0.0164358733401344,1.26131239508241,0.820333019255415,0.0907581518400702,32.7575404093998,0.00155106204253186,0.000278674634129228
Light_multipath,15,10,7,20261209,16.2464815263991,14.8101874314641,14.8101874314641,16.2464815263991,1.24648152639907,-0.189812568535938,-0.189812568535938,1.24648152639907,1,0,two_path_selected,unstable_split_fit,0.0165159807337741,3.36880608920573,0.758264356129623,0.264333946944199,27.4547707738765,0.00204086312969975,0.000493349362709283
Light_multipath,15,10,8,20261209,16.2251131207324,15.6065137819921,15.6065137819921,15.6065137819921,1.22511312073241,0.606513781992106,0.606513781992106,0.606513781992106,1,1,two_path_selected,stable_two_path_selected,0.0162165843887792,0.0550596260748968,0.839486333871643,0.0968397661054624,35.5673880772482,0.00194701921479434,0.000312523192188996
Light_multipath,15,10,9,20261209,16.2578052418376,15.3614040210322,15.3614040210322,15.3614040210322,1.25780524183764,0.361404021032154,0.361404021032154,0.361404021032154,1,1,two_path_selected,stable_two_path_selected,0.0163416496845008,0.215824011922145,0.770388085121917,0.1341790308043,32.9443634950503,0.00131525582231373,0.000301998407916004
Light_multipath,15,10,10,20261209,16.3086048019058,15.8026607121697,15.8026607121697,15.8026607121697,1.3086048019058,0.802660712169661,0.802660712169661,0.802660712169661,1,1,two_path_selected,stable_two_path_selected,0.0163967227494545,0.574739958535751,0.87842200766392,0.0806474901222912,36.4328388304639,0.00152314154247657,0.000185180490777981
Light_multipath,15,10,11,20261209,16.2304844940336,15.8098382492591,16.2304844940336,16.2304844940336,1.23048449403355,0.809838249259101,1.23048449403355,1.23048449403355,0,0,weak_echo,weak_echo,NaN,NaN,0.693080530100299,0.0737072106842089,33.1632769099957,0.00164115067749071,0.000503701095960984
Light_multipath,15,10,12,20261209,16.2585430114665,15.8889044443094,16.2585430114665,16.2585430114665,1.25854301146646,0.888904444309393,1.25854301146646,1.25854301146646,0,0,weak_echo,weak_echo,NaN,NaN,0.913008333886859,0.0598798770032413,44.5790501638444,0.00187238998377404,0.000162882324302061
Light_multipath,15,10,13,20261209,16.2202312334671,14.8915026394477,14.8915026394477,14.8915026394477,1.22023123346709,-0.108497360552281,-0.108497360552281,-0.108497360552281,1,1,two_path_selected,stable_two_path_selected,0.016472847640066,0.491048173056127,0.912629861668502,0.336740959527468,20.9604390459355,0.00108794989153194,9.5054332520883e-05
Light_multipath,15,10,14,20261209,16.2945593147998,15.5371277672078,15.5371277672078,15.5371277672078,1.29455931479984,0.537127767207792,0.537127767207792,0.537127767207792,1,1,two_path_selected,stable_two_path_selected,0.0163616090096788,0.437206567265573,0.856374709382735,0.699864654397353,10.9496251038617,0.00159089886958297,0.000228493312486533
Light_multipath,15,10,15,20261209,16.2264178860285,15.1314315538068,15.1314315538068,15.1314315538068,1.22641788602853,0.131431553806834,0.131431553806834,0.131431553806834,1,1,two_path_selected,stable_two_path_selected,0.0163181944172244,0.612854459375466,0.915586420059305,0.232452530369441,24.5105902506424,0.0016158920085787,0.000136403229241688
Light_multipath,15,10,16,20261209,16.2514938725317,15.655113615069,15.655113615069,15.655113615069,1.25149387253171,0.655113615069006,0.655113615069006,0.655113615069006,1,1,two_path_selected,stable_two_path_selected,0.0164730595119402,0.250907293844236,0.800162554174102,0.204403295881921,19.096956224225,0.00149032901248991,0.000297823543296216
Light_multipath,15,10,17,20261209,16.2711425444664,15.3460625432434,15.3460625432434,15.3460625432434,1.2711425444664,0.346062543243441,0.346062543243441,0.346062543243441,1,1,two_path_selected,stable_two_path_selected,0.0166140691367902,0.542391124865416,0.910266886653254,0.176593484826979,26.9693912701769,0.00160954217729303,0.000144429230631404
Light_multipath,15,10,18,20261209,16.222385686133,16.1442769518784,16.222385686133,16.222385686133,1.22238568613301,1.14427695187838,1.22238568613301,1.22238568613301,0,0,weak_echo,weak_echo,NaN,NaN,0.689048932257636,0.0303045502034123,45.9997452534562,0.00157366600749209,0.000489333125299529
Light_multipath,15,10,19,20261209,16.1788331959315,15.5533931543595,15.5533931543595,15.5533931543595,1.17883319593151,0.553393154359497,0.553393154359497,0.553393154359497,1,1,two_path_selected,stable_two_path_selected,0.0164598239385165,0.698902309463044,0.827897155350427,0.101263372696279,32.855980160846,0.00139662764208293,0.000240363590118697
Light_multipath,15,10,20,20261209,16.2501401351716,15.6792602217317,15.6792602217317,15.6792602217317,1.25014013517158,0.679260221731674,0.679260221731674,0.679260221731674,1,1,two_path_selected,stable_two_path_selected,0.016415512036072,0.480099211932711,0.799066363069761,0.115184984981765,27.8983786187984,0.00168998860715552,0.000339575557206429
Light_multipath,15,10,21,20261209,16.1929356915812,14.9759099527169,14.9759099527169,16.1929356915812,1.19293569158124,-0.0240900472831136,-0.0240900472831136,1.19293569158124,1,0,two_path_selected,unstable_split_fit,0.0164801450934102,1.45316530945099,0.767752480664745,0.241452297163586,25.5077250977135,0.00179074548342917,0.000415896196287235
Light_multipath,15,10,22,20261209,16.2408476906561,13.6723474181764,16.2408476906561,16.2408476906561,1.24084769065611,-1.32765258182356,1.24084769065611,1.24084769065611,0,0,excessive_shift,excessive_shift,NaN,NaN,0.819129456438726,0.483589862961201,28.8779793088487,0.0014294548231788,0.000258546270864635
Light_multipath,15,10,23,20261209,16.2546647575235,14.2351058451648,14.2351058451648,16.2546647575235,1.25466475752353,-0.76489415483519,-0.76489415483519,1.25466475752353,1,0,two_path_selected,unstable_split_fit,0.0163907252092037,1.06757564431774,0.731843202228499,0.36872269893329,28.1685308109412,0.00160904491964442,0.000431476333122349
Light_multipath,15,10,24,20261209,16.2536090746516,15.6006612106614,15.6006612106614,15.6006612106614,1.25360907465161,0.600661210661364,0.600661210661364,0.600661210661364,1,1,two_path_selected,stable_two_path_selected,0.0164493976124871,0.156235613725395,0.916704350881211,0.118334563071606,29.49376726532,0.00139653244459725,0.000116325076488177
Light_multipath,15,10,25,20261209,16.2467132938185,15.9636695011171,16.2467132938185,16.2467132938185,1.24671329381846,0.963669501117067,1.24671329381846,1.24671329381846,0,0,weak_echo,weak_echo,NaN,NaN,0.824991040146307,0.0518220508730702,35.0297693298832,0.000931737245078779,0.000163062366118183
Light_multipath,15,10,26,20261209,16.2040942303696,16.0987335081801,16.2040942303696,16.2040942303696,1.20409423036959,1.0987335081801,1.20409423036959,1.20409423036959,0,0,weak_echo,weak_echo,NaN,NaN,0.829889351825242,0.0285574006090136,57.3532534945775,0.00144175357307708,0.000245257634824414
Light_multipath,15,10,27,20261209,16.2066127400856,16.6969135115135,16.6969135115135,16.2066127400856,1.2066127400856,1.69691351151349,1.69691351151349,1.2066127400856,1,0,two_path_selected,unstable_split_fit,0.0163323380254009,1.81889266534751,0.828776972118458,0.206500773329806,13.4836705552299,0.00147452771776058,0.000252473100530226
Light_multipath,15,10,28,20261209,16.249660883589,15.9344972157328,16.249660883589,16.249660883589,1.24966088358904,0.934497215732794,1.24966088358904,1.24966088358904,0,0,weak_echo,weak_echo,NaN,NaN,0.869198718821163,0.0724221934744106,31.9062732079269,0.00166469550900228,0.000217744305350154
Light_multipath,15,10,29,20261209,16.1894094502114,15.044022624256,15.044022624256,15.044022624256,1.18940945021137,0.0440226242560016,0.0440226242560016,0.0440226242560016,1,1,two_path_selected,stable_two_path_selected,0.0166777421355927,0.413497445769579,0.92770716080461,0.194017756629502,30.3570641300568,0.0021038075660611,0.000152090222071299
Light_multipath,15,10,30,20261209,16.2626039676562,15.5530198711317,15.5530198711317,15.5530198711317,1.26260396765618,0.55301987113166,0.55301987113166,0.55301987113166,1,1,two_path_selected,stable_two_path_selected,0.0163636898427356,0.708335406019145,0.773526126895724,0.106385669359736,33.5177648146856,0.00118892255569381,0.000269259896009011
Light_multipath,15,10,31,20261209,16.2010945655082,15.5563748854475,15.5563748854475,15.5563748854475,1.20109456550817,0.556374885447489,0.556374885447489,0.556374885447489,1,1,two_path_selected,stable_two_path_selected,0.0164887213091701,0.0681100811458659,0.790781051193816,0.156443843567683,23.3934796588929,0.0016504552318195,0.000345306508652943
Light_multipath,15,10,32,20261209,16.2727586173751,15.6331145125965,15.6331145125965,15.6331145125965,1.27275861737506,0.63311451259651,0.63311451259651,0.63311451259651,1,1,two_path_selected,stable_two_path_selected,0.0162965255509093,0.534225048100586,0.7434651456222,0.0969043784613858,35.2679835295027,0.0016408447454288,0.000420933867825157
Light_multipath,15,10,33,20261209,16.2837595163047,15.9956571287716,16.2837595163047,16.2837595163047,1.28375951630466,0.99565712877164,1.28375951630466,1.28375951630466,0,0,weak_echo,weak_echo,NaN,NaN,0.669285200114903,0.0542422677282494,33.8941106694373,0.00122233428629159,0.000404244038883617
Light_multipath,15,10,34,20261209,16.3109333594085,15.8702693992485,15.8702693992485,15.8702693992485,1.31093335940852,0.870269399248521,0.870269399248521,0.870269399248521,1,1,two_path_selected,stable_two_path_selected,0.0164646417279701,0.304460218827742,0.939897378746754,0.0894173549372123,30.576013043643,0.00150602579981407,9.05160982438424e-05
Light_multipath,15,10,35,20261209,16.2179362833754,14.7766035131254,14.7766035131254,16.2179362833754,1.21793628337542,-0.223396486874552,-0.223396486874552,1.21793628337542,1,0,two_path_selected,unstable_split_fit,0.0164479629277355,1.50022763214136,0.816846587927655,0.270400713207526,27.1747591915361,0.00202073938073211,0.000370105312490043
Light_multipath,15,10,36,20261209,16.2751494627756,15.3879653467995,15.3879653467995,15.3879653467995,1.27514946277557,0.387965346799547,0.387965346799547,0.387965346799547,1,1,two_path_selected,stable_two_path_selected,0.0162511272556723,0.522997127824091,0.904888404424875,0.129893557572651,35.4680669750046,0.00150240142912184,0.000142895797118126
Light_multipath,15,10,37,20261209,16.2331779048598,15.3721859593041,15.3721859593041,15.3721859593041,1.23317790485977,0.372185959304053,0.372185959304053,0.372185959304053,1,1,two_path_selected,stable_two_path_selected,0.0162542291161472,0.19370623528453,0.850126376298505,0.191876372675924,23.6552879819983,0.0014978670433774,0.000224490761614016
Light_multipath,15,10,38,20261209,16.2547790089856,15.1867108383954,15.1867108383954,15.1867108383954,1.25477900898561,0.186710838395403,0.186710838395403,0.186710838395403,1,1,two_path_selected,stable_two_path_selected,0.016642344387398,0.295853270190822,0.917022055062206,0.247849280925599,23.9069154095964,0.00214334218458756,0.000177850129775559
Light_multipath,15,10,39,20261209,16.266740966633,15.2204241673654,15.2204241673654,16.266740966633,1.26674096663297,0.220424167365426,0.220424167365426,1.26674096663297,1,0,two_path_selected,unstable_split_fit,0.016224665168269,1.21188314696243,0.793010816702056,0.203195110889724,25.6235868551023,0.00145393078468392,0.000300947945693464
Light_multipath,15,10,40,20261209,16.2113762339472,15.0485209194681,15.0485209194681,16.2113762339472,1.21137623394722,0.0485209194681246,0.0485209194681246,1.21137623394722,1,0,two_path_selected,unstable_split_fit,0.0164414213231996,1.0631475731487,0.852110604722737,0.181524919776923,32.2308478943591,0.00183111059824959,0.000270801839060919
Light_multipath,15,10,41,20261209,16.2859240608394,16.1177852728814,16.1177852728814,16.1177852728814,1.28592406083936,1.11778527288145,1.11778527288145,1.11778527288145,1,1,two_path_selected,stable_two_path_selected,0.0163119627408513,0.179579122378399,0.833886289120717,0.125457022755673,20.459741332538,0.0016192747633903,0.000268983739879936
Light_multipath,15,10,42,20261209,16.2558993680964,15.6052680815294,15.6052680815294,16.2558993680964,1.25589936809635,0.605268081529436,0.605268081529436,1.25589936809635,1,0,two_path_selected,unstable_split_fit,0.0163970358987405,2.04319822878165,0.633645442752358,0.164521785596866,22.0807797231351,0.00173350166902941,0.00063507623644532
Light_multipath,15,10,43,20261209,16.246717351684,15.7091969653736,15.7091969653736,15.7091969653736,1.24671735168395,0.7091969653736,0.7091969653736,0.7091969653736,1,1,two_path_selected,stable_two_path_selected,0.0163449052207941,0.455199247868329,0.804038581489592,0.0856135887660503,34.3275832467524,0.00141821755540694,0.000277915923913907
Light_multipath,15,10,44,20261209,16.3089524666771,15.1608916374349,15.1608916374349,16.3089524666771,1.30895246667709,0.160891637434922,0.160891637434922,1.30895246667709,1,0,two_path_selected,unstable_split_fit,0.0162058755887942,0.969855398586631,0.734076830182953,0.217104538167777,26.0598440220379,0.00143387420394303,0.000381300373431426
Light_multipath,15,10,45,20261209,16.2110745236329,15.8810451006722,16.2110745236329,16.2110745236329,1.21107452363286,0.881045100672157,1.21107452363286,1.21107452363286,0,0,weak_echo,weak_echo,NaN,NaN,0.893093249605066,0.0562186751895376,41.9433954093409,0.00176318188390168,0.000188496045563147
Light_multipath,15,10,46,20261209,16.2417634595645,14.6070689201739,14.6070689201739,16.2417634595645,1.24176345956448,-0.39293107982612,-0.39293107982612,1.24176345956448,1,0,two_path_selected,unstable_split_fit,0.0163268108830512,0.802208985516952,0.84577544560102,0.506372140295028,19.3746077894599,0.00141792274950969,0.000218678504215308
Light_multipath,15,10,47,20261209,16.2006101745968,15.2850237613394,15.2850237613394,15.2850237613394,1.20061017459676,0.285023761339367,0.285023761339367,0.285023761339367,1,1,two_path_selected,stable_two_path_selected,0.0165178077385829,0.598037426395685,0.77953410583707,0.231081056931283,21.966832602959,0.00180936038550983,0.000398902255254407
Light_multipath,15,10,48,20261209,16.2658047854986,16.1003240237441,16.2658047854986,16.2658047854986,1.26580478549858,1.10032402374409,1.26580478549858,1.26580478549858,0,0,weak_echo,weak_echo,NaN,NaN,0.772637683576058,0.0373857103065305,42.0986902786395,0.0013521871475235,0.000307436402099626
Light_multipath,15,10,49,20261209,16.2497138262563,15.4034143848315,15.4034143848315,16.2497138262563,1.24971382625628,0.403414384831493,0.403414384831493,1.24971382625628,1,0,two_path_selected,unstable_split_fit,0.0165758900993291,1.065109626412,0.784663535732012,0.173986842059673,25.5949678357727,0.00176469657729283,0.000380003521460059
Light_multipath,15,10,50,20261209,16.2286069659528,15.9374099386607,16.2286069659528,16.2286069659528,1.2286069659528,0.937409938660711,1.2286069659528,1.2286069659528,0,0,weak_echo,weak_echo,NaN,NaN,0.782921664898117,0.0540256857305894,41.753162598278,0.00211437946342685,0.000458985973694315
Light_multipath,20,10,1,20261209,21.2178356574564,20.8449414373979,21.2178356574564,21.2178356574564,1.21783565745644,0.8449414373979,1.21783565745644,1.21783565745644,0,0,weak_echo,weak_echo,NaN,NaN,0.862685041356978,0.0664226986796415,40.4802406123482,0.00234458772402113,0.000321946966358899
Light_multipath,20,10,2,20261209,21.2424129993759,19.6741247210855,19.6741247210855,21.2424129993759,1.24241299937588,-0.325875278914459,-0.325875278914459,1.24241299937588,1,0,two_path_selected,unstable_split_fit,0.0163796129636632,0.794066157980293,0.80086811636898,0.2680432542183,29.906454353929,0.00249618936632912,0.00049707089041684
Light_multipath,20,10,3,20261209,21.2484989298227,19.463632961333,19.463632961333,19.463632961333,1.24849892982268,-0.536367038666967,-0.536367038666967,-0.536367038666967,1,1,two_path_selected,stable_two_path_selected,0.0160065501543948,0.223596031563218,0.886741114350513,0.348069399996322,26.2433320791255,0.00132781392391501,0.000150386725372487
Light_multipath,20,10,4,20261209,21.2729441666361,20.2689029863828,20.2689029863828,20.2689029863828,1.27294416663609,0.268902986382756,0.268902986382756,0.268902986382756,1,1,two_path_selected,stable_two_path_selected,0.016659458089458,0.637201394128688,0.898835038909678,0.318377422175269,18.7110802038118,0.00146807396002391,0.000148517645043533
Light_multipath,20,10,5,20261209,21.1779347525925,20.2354397433803,20.2354397433803,21.1779347525925,1.17793475259254,0.235439743380297,0.235439743380297,1.17793475259254,1,0,two_path_selected,unstable_split_fit,0.0165622221506721,1.09113832645969,0.791660942233956,0.19243434192051,25.0988919351741,0.00161145979568,0.000335730015459834
Light_multipath,20,10,6,20261209,21.2879003951678,20.1199725725193,21.2879003951678,21.2879003951678,1.28790039516778,0.119972572519252,1.28790039516778,1.28790039516778,0,0,insufficient_gain,insufficient_gain,NaN,NaN,0.562778326558258,0.215358804629035,25.4146819040174,0.000983817168411782,0.000430146188733715
Light_multipath,20,10,7,20261209,21.2301017542904,20.2297026182312,20.2297026182312,20.2297026182312,1.23010175429037,0.229702618231173,0.229702618231173,0.229702618231173,1,1,two_path_selected,stable_two_path_selected,0.0165569743282795,0.259249406391348,0.847169740073788,0.160166034276376,30.5056128144618,0.00120267071730185,0.000183804478330885
Light_multipath,20,10,8,20261209,21.268563093114,19.7935590248308,19.7935590248308,21.268563093114,1.26856309311399,-0.206440975169201,-0.206440975169201,1.26856309311399,1,0,two_path_selected,unstable_split_fit,0.0164425109895593,2.21593304261111,0.815934028663589,0.4721735092178,18.7464177290193,0.00148039467659733,0.000272490284109139
Light_multipath,20,10,9,20261209,21.2243659913214,20.1323046038382,20.1323046038382,21.2243659913214,1.22436599132137,0.132304603838236,0.132304603838236,1.22436599132137,1,0,two_path_selected,unstable_split_fit,0.0165872877335051,0.828175832136175,0.830827469360322,0.234015367599514,24.5643124262015,0.00184966008070742,0.000312911676676464
Light_multipath,20,10,10,20261209,21.3126579577812,21.100348017172,21.3126579577812,21.3126579577812,1.31265795778123,1.10034801717198,1.31265795778123,1.31265795778123,0,0,weak_echo,weak_echo,NaN,NaN,0.796705877147558,0.0400342225546057,43.5372854647832,0.00125811268859288,0.000255766915477018
Light_multipath,20,10,11,20261209,21.2820419450788,19.5241501374725,19.5241501374725,19.5241501374725,1.28204194507884,-0.475849862527511,-0.475849862527511,-0.475849862527511,1,1,two_path_selected,stable_two_path_selected,0.0160854777937627,0.00178952214708517,0.765076627068072,0.337727198275219,26.2223776083744,0.00132435408446452,0.000311121728478581
Light_multipath,20,10,12,20261209,21.2421236319288,19.60597727516,19.60597727516,19.60597727516,1.2421236319288,-0.394022724839957,-0.394022724839957,-0.394022724839957,1,1,two_path_selected,stable_two_path_selected,0.0163349908054007,0.29558773393709,0.834856470353233,0.329033276023012,25.9526834296706,0.00207561851251303,0.000342774967356574
Light_multipath,20,10,13,20261209,21.2389057905584,21.0586074825127,21.0586074825127,21.2389057905584,1.2389057905584,1.0586074825127,1.0586074825127,1.2389057905584,1,0,two_path_selected,unstable_split_fit,0.016167492328227,0.881524886091192,0.840912917986889,0.232762132737184,13.4918192064841,0.00113270637379204,0.000180198951784227
Light_multipath,20,10,14,20261209,21.1898906123531,21.0396556761847,21.1898906123531,21.1898906123531,1.18989061235311,1.03965567618465,1.18989061235311,1.18989061235311,0,0,weak_echo,weak_echo,NaN,NaN,0.689435364594046,0.0372384764510921,43.1616241356114,0.00178990109135757,0.000555879979850182
Light_multipath,20,10,15,20261209,21.2029157246187,19.9736461673222,19.9736461673222,19.9736461673222,1.20291572461873,-0.0263538326777635,-0.0263538326777635,-0.0263538326777635,1,1,two_path_selected,stable_two_path_selected,0.0163018823248314,0.0923389672712318,0.851813005451864,0.281598255321838,23.5531002696563,0.00203141598665635,0.000301029429739641
Light_multipath,20,10,16,20261209,21.2430532423115,19.85338638713,19.85338638713,21.2430532423115,1.24305324231155,-0.146613612870041,-0.146613612870041,1.24305324231155,1,0,two_path_selected,unstable_split_fit,0.0165451405126942,1.15287526219669,0.847205861629846,0.271956994234616,26.4026885425469,0.00209360563165428,0.000319890668575518
Light_multipath,20,10,17,20261209,21.2419339401649,19.8454511792239,19.8454511792239,21.2419339401649,1.24193394016489,-0.154548820776064,-0.154548820776064,1.24193394016489,1,0,two_path_selected,unstable_split_fit,0.016370695406842,1.69746286619785,0.751468459362029,0.242794444208427,28.0552891735819,0.00137886270645948,0.000342690872764617
Light_multipath,20,10,18,20261209,21.2421723692533,21.0295864260598,21.2421723692533,21.2421723692533,1.24217236925331,1.02958642605983,1.24217236925331,1.24217236925331,0,0,weak_echo,weak_echo,NaN,NaN,0.916324715704213,0.0414799609634376,54.5095961890673,0.00196101908078483,0.000164088829094133
Light_multipath,20,10,19,20261209,21.2642433269974,18.9932951584299,18.9932951584299,21.2642433269974,1.26424332699739,-1.00670484157013,-1.00670484157013,1.26424332699739,1,0,two_path_selected,unstable_split_fit,0.0163789711486849,1.88686983519141,0.851807979450712,0.463197841585973,26.6739844712085,0.0016498931809914,0.000244501004181608
Light_multipath,20,10,20,20261209,21.3334764670273,20.9829475376648,21.3334764670273,21.3334764670273,1.33347646702734,0.982947537664771,1.33347646702734,1.33347646702734,0,0,weak_echo,weak_echo,NaN,NaN,0.711791485079927,0.0655337064564455,33.6414285169543,0.00155542820936372,0.000448287654285506
Light_multipath,20,10,21,20261209,21.2956377671743,18.6077797191042,21.2956377671743,21.2956377671743,1.29563776717432,-1.3922202808958,1.29563776717432,1.29563776717432,0,0,excessive_shift,excessive_shift,NaN,NaN,0.856330473649318,0.549221959030439,27.5153716171421,0.00151530470012995,0.000217703108544631
Light_multipath,20,10,22,20261209,21.2874794766772,20.3491182915089,20.3491182915089,20.3491182915089,1.28747947667722,0.349118291508901,0.349118291508901,0.349118291508901,1,1,two_path_selected,stable_two_path_selected,0.0162405163383447,0.395435972771548,0.820275211467713,0.305693194504079,18.3025200727597,0.00139463449126165,0.000250650389021834
Light_multipath,20,10,23,20261209,21.2600664274592,21.0498920668993,21.2600664274592,21.2600664274592,1.26006642745915,1.04989206689933,1.26006642745915,1.26006642745915,0,0,weak_echo,weak_echo,NaN,NaN,0.794085405864871,0.0419719371521034,38.6411995238008,0.00113211573171457,0.00023311915141
Light_multipath,20,10,24,20261209,21.2494411953864,20.6547792503042,20.6547792503042,20.6547792503042,1.24944119538643,0.654779250304202,0.654779250304202,0.654779250304202,1,1,two_path_selected,stable_two_path_selected,0.016503610125259,0.179301291301542,0.853673000255914,0.163403452299216,22.3185366688663,0.00158784604763085,0.000232344748205326
Light_multipath,20,10,25,20261209,21.2372622998198,20.3446922222162,20.3446922222162,21.2372622998198,1.23726229981976,0.344692222216207,0.344692222216207,1.23726229981976,1,0,two_path_selected,unstable_split_fit,0.0163792694915447,1.55923226694361,0.906645479055442,0.154787355154711,28.2104177160825,0.00110026066494684,0.000102714307290253
Light_multipath,20,10,26,20261209,21.3090937709598,21.0560961359053,21.3090937709598,21.3090937709598,1.30909377095977,1.05609613590528,1.30909377095977,1.30909377095977,0,0,weak_echo,weak_echo,NaN,NaN,0.822962605056313,0.0425299159091682,43.4114709983581,0.00115215460555862,0.000203974449940469
Light_multipath,20,10,27,20261209,21.2310828175155,20.1046801127866,20.1046801127866,20.1046801127866,1.23108281751554,0.1046801127866,0.1046801127866,0.1046801127866,1,1,two_path_selected,stable_two_path_selected,0.0165003065341954,0.12893018132614,0.794950152057515,0.200059769791408,27.6444236964166,0.00155642734076311,0.000319145189557002
Light_multipath,20,10,28,20261209,21.2068955831124,20.9866700668202,21.2068955831124,21.2068955831124,1.20689558311242,0.986670066820217,1.20689558311242,1.20689558311242,0,0,weak_echo,weak_echo,NaN,NaN,0.698847046415476,0.0494971590464114,34.7950049825634,0.00138186885032598,0.000416153885742121
Light_multipath,20,10,29,20261209,21.2983357957,20.9778304440584,21.2983357957,21.2983357957,1.29833579570002,0.977830444058384,1.29833579570002,1.29833579570002,0,0,weak_echo,weak_echo,NaN,NaN,0.8857824181897,0.0525334292874097,44.8702537610601,0.00161443753443957,0.00018439715116747
Light_multipath,20,10,30,20261209,21.2664194814101,20.9218295879952,21.2664194814101,21.2664194814101,1.26641948141011,0.921829587995191,1.26641948141011,1.26641948141011,0,0,weak_echo,weak_echo,NaN,NaN,0.747842318260958,0.0678724747279228,33.9140748164648,0.00174775498427704,0.000440709845083154
Light_multipath,20,10,31,20261209,21.2355801005512,19.9256400157928,19.9256400157928,19.9256400157928,1.23558010055123,-0.0743599842072165,-0.0743599842072165,-0.0743599842072165,1,1,two_path_selected,stable_two_path_selected,0.0164607561601225,0.014009753482803,0.829082722520396,0.251348214690467,25.6838230262569,0.0012487947485591,0.000213440598554548
Light_multipath,20,10,32,20261209,21.329437951778,19.4813945349964,19.4813945349964,21.329437951778,1.32943795177805,-0.51860546500356,-0.51860546500356,1.32943795177805,1,0,two_path_selected,unstable_split_fit,0.0161963529459213,1.76131235180223,0.831788489703446,0.337169527344296,28.646457597353,0.00231553077804802,0.000389498929313614
Light_multipath,20,10,33,20261209,21.2445147059332,20.093238706202,20.093238706202,21.2445147059332,1.24451470593325,0.0932387062020155,0.0932387062020155,1.24451470593325,1,0,two_path_selected,unstable_split_fit,0.016541153893117,0.797935422625343,0.865026000372626,0.415281449311303,18.0666345527784,0.00206664768677634,0.000278943704104861
Light_multipath,20,10,34,20261209,21.2593113985381,20.9687205395114,21.2593113985381,21.2593113985381,1.25931139853815,0.96872053951142,1.25931139853815,1.25931139853815,0,0,weak_echo,weak_echo,NaN,NaN,0.861662822649856,0.0551205939800371,39.5124765299203,0.00173521025977696,0.000240044089446556
Light_multipath,20,10,35,20261209,21.3084370664048,21.1726203947231,21.3084370664048,21.3084370664048,1.30843706640483,1.17262039472313,1.30843706640483,1.30843706640483,0,0,weak_echo,weak_echo,NaN,NaN,0.747411092166171,0.0642246751512878,28.1690451996033,0.00150720349784561,0.000380702885404149
Light_multipath,20,10,36,20261209,21.2127267683439,19.5989551654948,19.5989551654948,19.5989551654948,1.21272676834389,-0.40104483450515,-0.40104483450515,-0.40104483450515,1,1,two_path_selected,stable_two_path_selected,0.016563064343687,0.280160679733186,0.893686512081523,0.29248888771031,27.9433072375844,0.00161664503333836,0.000171871172220284
Light_multipath,20,10,37,20261209,21.3116266612829,20.4986354552885,20.4986354552885,20.4986354552885,1.31162666128289,0.498635455288465,0.498635455288465,0.498635455288465,1,1,two_path_selected,stable_two_path_selected,0.0164324928721485,0.103199163869498,0.68726883769414,0.153779296238297,26.5105850936831,0.00158908291490034,0.000496955746977168
Light_multipath,20,10,38,20261209,21.2345228635142,19.8755419971782,19.8755419971782,21.2345228635142,1.2345228635142,-0.124458002821768,-0.124458002821768,1.2345228635142,1,0,two_path_selected,unstable_split_fit,0.016394125376759,0.848088484911059,0.776555032954188,0.332120835619455,21.8900834315057,0.00159462628653273,0.000356311218044691
Light_multipath,20,10,39,20261209,21.2508768573327,19.0616012047311,19.0616012047311,19.0616012047311,1.25087685733267,-0.938398795268903,-0.938398795268903,-0.938398795268903,1,1,two_path_selected,stable_two_path_selected,0.016461433022923,0.312976140835431,0.82603678940549,0.422816840163218,27.8255314660368,0.00229199450485762,0.000398722722730005
Light_multipath,20,10,40,20261209,21.3005369242057,20.2838421168106,20.2838421168106,21.3005369242057,1.30053692420567,0.283842116810632,0.283842116810632,1.30053692420567,1,0,two_path_selected,unstable_split_fit,0.0164199778752973,1.03140029372558,0.770452672586427,0.187770113889701,26.7124630755683,0.00154019649968284,0.000353547990193936
Light_multipath,20,10,41,20261209,21.2129616120241,20.3591454682044,20.3591454682044,21.2129616120241,1.21296161202411,0.359145468204431,0.359145468204431,1.21296161202411,1,0,two_path_selected,unstable_split_fit,0.0161839527622598,0.883098913317241,0.789939816889303,0.179078798571925,24.9843964362065,0.00174961967883469,0.000367525430110094
Light_multipath,20,10,42,20261209,21.2979153883147,21.048663838599,21.2979153883147,21.2979153883147,1.29791538831471,1.04866383859899,1.29791538831471,1.29791538831471,0,0,weak_echo,weak_echo,NaN,NaN,0.875226380633388,0.0461353363790447,46.310177943357,0.00178537075615859,0.000222767171157212
Light_multipath,20,10,43,20261209,21.2465435814253,20.4123841070782,20.4123841070782,21.2465435814253,1.24654358142527,0.412384107078154,0.412384107078154,1.24654358142527,1,0,two_path_selected,unstable_split_fit,0.0164220739488278,1.5263570571377,0.715914713179821,0.13665006462016,30.0966794419079,0.00137303238820041,0.00039005829981531
Light_multipath,20,10,44,20261209,21.2674997423311,20.8028445026324,21.2674997423311,21.2674997423311,1.26749974233106,0.802844502632439,1.26749974233106,1.26749974233106,0,0,weak_echo,weak_echo,NaN,NaN,0.85205585240336,0.0785699735743098,32.5891440168972,0.00112259312484109,0.000166081082952463
Light_multipath,20,10,45,20261209,21.2853271099951,20.1004682450175,20.1004682450175,21.2853271099951,1.28532710999512,0.10046824501751,0.10046824501751,1.28532710999512,1,0,two_path_selected,unstable_split_fit,0.0164563533181365,0.753057773202883,0.86406957532776,0.196146384241323,30.1415168188287,0.00172890319542973,0.000235010545571956
Light_multipath,20,10,46,20261209,21.2946398342005,19.4457648826436,19.4457648826436,21.2946398342005,1.29463983420054,-0.554235117356392,-0.554235117356392,1.29463983420054,1,0,two_path_selected,unstable_split_fit,0.0164884466716162,1.24347224264491,0.629712162154181,0.462681293923152,21.5373605977287,0.00112286289230701,0.000415782472589665
Light_multipath,20,10,47,20261209,21.2336729822687,20.0437976612046,20.0437976612046,21.2336729822687,1.23367298226873,0.0437976612046498,0.0437976612046498,1.23367298226873,1,0,two_path_selected,unstable_split_fit,0.0164715399258308,0.364649501762699,0.88085123223006,0.259662915148634,24.0040343856118,0.00167050270473856,0.000199038338825952
Light_multipath,20,10,48,20261209,21.1978584140495,20.9733755278657,20.9733755278657,20.9733755278657,1.19785841404948,0.973375527865741,0.973375527865741,0.973375527865741,1,1,two_path_selected,stable_two_path_selected,0.0162913083244201,0.639087428766167,0.861269052281439,0.0807107326041684,28.4442154718668,0.0018838799513714,0.000261352451041752
Light_multipath,20,10,49,20261209,21.2136414169937,20.2159583810421,20.2159583810421,21.2136414169937,1.21364141699367,0.215958381042118,0.215958381042118,1.21364141699367,1,0,two_path_selected,unstable_split_fit,0.0164178241232685,1.84514916301228,0.835393810905846,0.415494689611596,16.7223693728499,0.00200301158960836,0.000329708104476856
Light_multipath,20,10,50,20261209,21.3113078013103,21.0894269240903,21.0894269240903,21.3113078013103,1.3113078013103,1.0894269240903,1.0894269240903,1.3113078013103,1,0,two_path_selected,unstable_split_fit,0.0164870393844235,0.791983837246978,0.813998849799869,0.0943174219994085,21.9916956560025,0.00103978790485759,0.000193401746267696
Light_multipath,1,20,1,20261209,2.22709554694442,0.661785333580483,0.661785333580483,2.22709554694442,1.22709554694442,-0.338214666419517,-0.338214666419517,1.22709554694442,1,0,two_path_selected,unstable_split_fit,0.00520342786537412,0.964209008783711,0.933954292327441,0.355118919500969,23.1647032378914,0.00127149172298591,8.39765706444062e-05
Light_multipath,1,20,2,20261209,2.21383140490424,1.66026431823946,1.66026431823946,1.66026431823946,1.21383140490424,0.660264318239465,0.660264318239465,0.660264318239465,1,1,two_path_selected,stable_two_path_selected,0.00520311847589622,0.384105121188016,0.929122369454775,0.0968512724681908,32.4716140795506,0.0015591296354438,0.000110507414273098
Light_multipath,1,20,3,20261209,2.22811563571043,0.876641880509279,0.876641880509279,0.876641880509279,1.22811563571043,-0.123358119490721,-0.123358119490721,-0.123358119490721,1,1,two_path_selected,stable_two_path_selected,0.00521374213271473,0.310824447791307,0.95759405819578,0.254667435610935,26.949838972139,0.00157204163252711,6.66639059827556e-05
Light_multipath,1,20,4,20261209,2.22267687705538,1.10775924440869,1.10775924440869,1.10775924440869,1.22267687705538,0.107759244408687,0.107759244408687,0.107759244408687,1,1,two_path_selected,stable_two_path_selected,0.00522107835086454,0.497480501747549,0.940969928797665,0.226431741870838,24.9663712426886,0.00136284463494585,8.04488158385741e-05
Light_multipath,1,20,5,20261209,2.22183419223364,1.67351399007483,1.67351399007483,1.67351399007483,1.22183419223364,0.673513990074833,0.673513990074833,0.673513990074833,1,1,two_path_selected,stable_two_path_selected,0.00519240590827088,0.372478913079907,0.923477498432742,0.0931719833287434,32.9817821631349,0.00144341682823002,0.000110453866500437
Light_multipath,1,20,6,20261209,2.22300128305735,1.96130717647273,2.22300128305735,2.22300128305735,1.22300128305735,0.961307176472731,1.22300128305735,1.22300128305735,0,0,weak_echo,weak_echo,NaN,NaN,0.978117703922955,0.0483282602909039,42.1239233268024,0.00131273461869252,2.87256475968167e-05
Light_multipath,1,20,7,20261209,2.24642583010785,1.57013629322399,1.57013629322399,1.57013629322399,1.24642583010785,0.570136293223987,0.570136293223987,0.570136293223987,1,1,two_path_selected,stable_two_path_selected,0.00519620831049997,0.292820771382887,0.904514137049247,0.106213282555563,33.6656483329382,0.00138076025799516,0.000131843084762773
Light_multipath,1,20,8,20261209,2.23937185915301,1.12030358637196e-07,1.12030358637196e-07,2.23937185915301,1.23937185915301,-0.999999887969641,-0.999999887969641,1.23937185915301,1,0,two_path_selected,unstable_split_fit,0.00518267001738128,0.304410865259324,0.93700385381246,0.666635234068995,21.3806359266757,0.00158809057965836,0.000100043586315213
Light_multipath,1,20,9,20261209,2.2222712772535,1.27657834821399,1.27657834821399,1.27657834821399,1.2222712772535,0.276578348213988,0.276578348213988,0.276578348213988,1,1,two_path_selected,stable_two_path_selected,0.00514449360513059,0.608373693068115,0.949618782514555,0.184381454593412,25.6258748435718,0.00113683861392944,5.72753134542303e-05
Light_multipath,1,20,10,20261209,2.25277726170606,0.827274401491157,0.827274401491157,0.827274401491157,1.25277726170606,-0.172725598508843,-0.172725598508843,-0.172725598508843,1,1,two_path_selected,stable_two_path_selected,0.00517653518807856,0.0173834819903818,0.936062740125905,0.275501237322279,26.0087429429433,0.00130257027864067,8.32827744097209e-05
Light_multipath,1,20,11,20261209,2.27077126507576,1.62606240295364,1.62606240295364,1.62606240295364,1.27077126507576,0.626062402953645,0.626062402953645,0.626062402953645,1,1,two_path_selected,stable_two_path_selected,0.00519609939631594,0.00744905673801766,0.944203511419691,0.10889213869292,30.9398356308093,0.00117456320493692,6.55365024511134e-05
Light_multipath,1,20,12,20261209,2.2343899772806,1.76257706552889,1.76257706552889,2.2343899772806,1.2343899772806,0.762577065528895,0.762577065528895,1.2343899772806,1,0,two_path_selected,unstable_split_fit,0.00522330752088363,0.822452103176809,0.887286237755606,0.0802734845361201,33.1284301219218,0.00119467743478507,0.000134656588343107
Light_multipath,1,20,13,20261209,2.23116942647982,1.35240502365601,1.35240502365601,1.35240502365601,1.23116942647982,0.352405023656007,0.352405023656007,0.352405023656007,1,1,two_path_selected,stable_two_path_selected,0.00519944159518041,0.0501120783827691,0.958579078979815,0.161341659394503,27.3906962959052,0.00123728992092142,5.12496880935576e-05
Light_multipath,1,20,14,20261209,2.25466953570167,0.922921935163183,0.922921935163183,2.25466953570167,1.25466953570167,-0.0770780648368175,-0.0770780648368175,1.25466953570167,1,0,two_path_selected,unstable_split_fit,0.00516548119387053,1.19817950559353,0.932563007409422,0.312866938487647,22.7850690554431,0.00153262293001499,0.000103355481175571
Light_multipath,1,20,15,20261209,2.22296673315561,1.29604304923772,1.29604304923772,1.29604304923772,1.22296673315561,0.296043049237716,0.296043049237716,0.296043049237716,1,1,two_path_selected,stable_two_path_selected,0.00516190446833851,0.542717792289349,0.911194691481037,0.155251323422562,30.2441840439159,0.00148356738372146,0.000131748659220055
Light_multipath,1,20,16,20261209,2.2362826774833,1.17435268624922,1.17435268624922,1.17435268624922,1.2362826774833,0.174352686249217,0.174352686249217,0.174352686249217,1,1,two_path_selected,stable_two_path_selected,0.00523138723057804,0.311932330955474,0.922570988130467,0.275967318912408,21.2297488548386,0.00145981854453714,0.000113032307412331
Light_multipath,1,20,17,20261209,2.23764644645308,1.16835648043863,1.16835648043863,2.23764644645308,1.23764644645308,0.168356480438625,0.168356480438625,1.23764644645308,1,0,two_path_selected,unstable_split_fit,0.00519373445036781,1.29942829474199,0.922820195554655,0.244720971017195,23.0158970681459,0.00144923838630429,0.000111851935249652
Light_multipath,1,20,18,20261209,2.24710398776027,1.06349080762406,1.06349080762406,1.06349080762406,1.24710398776027,0.0634908076240568,0.0634908076240568,0.0634908076240568,1,1,two_path_selected,stable_two_path_selected,0.00522513294422178,0.0600832152919115,0.958181431351172,0.2510840064814,24.3004803048823,0.00138695291309587,5.80003856089917e-05
Light_multipath,1,20,19,20261209,2.25204844317346,0.557816252139832,0.557816252139832,2.25204844317346,1.25204844317346,-0.442183747860168,-0.442183747860168,1.25204844317346,1,0,two_path_selected,unstable_split_fit,0.00522982830778516,1.16857332130364,0.932883495644565,0.432526257946437,21.8286385566733,0.00138182855722779,9.27435023796441e-05
Light_multipath,1,20,20,20261209,2.23741589429456,1.45695772817885,1.45695772817885,2.23741589429456,1.23741589429456,0.45695772817885,0.45695772817885,1.23741589429456,1,0,two_path_selected,unstable_split_fit,0.00521175125065091,0.899840150781263,0.904102332271755,0.137833051929196,30.1941242913999,0.00181349142593001,0.000173909598191857
Light_multipath,1,20,21,20261209,2.2358755346098,1.49461052220525,1.49461052220525,1.49461052220525,1.2358755346098,0.494610522205251,0.494610522205251,0.494610522205251,1,1,two_path_selected,stable_two_path_selected,0.00519516250716185,0.218741584114844,0.957658888796186,0.148665013514079,26.280392458094,0.00131273134348753,5.55825037953372e-05
Light_multipath,1,20,22,20261209,2.18486833957849,1.09255618677127,1.09255618677127,2.18486833957849,1.18486833957849,0.0925561867712719,0.0925561867712719,1.18486833957849,1,0,two_path_selected,unstable_split_fit,0.00521541831292098,0.893366420738048,0.893605198936972,0.20782025377333,26.2558335005232,0.0013587222233975,0.000144560980658293
Light_multipath,1,20,23,20261209,2.23077577282425,0.982193647318911,0.982193647318911,2.23077577282425,1.23077577282425,-0.0178063526810894,-0.0178063526810894,1.23077577282425,1,0,two_path_selected,unstable_split_fit,0.00516106161778997,1.20646077006515,0.939311564795457,0.27652560729093,23.492639827615,0.00147516708217887,8.95255818826879e-05
Light_multipath,1,20,24,20261209,2.19098812507734,1.45685808457478,1.45685808457478,1.45685808457478,1.19098812507734,0.45685808457478,0.45685808457478,0.45685808457478,1,1,two_path_selected,stable_two_path_selected,0.00524468876131375,0.000972963415062589,0.941782954468662,0.130171979689829,30.9065259224847,0.00192494134395638,0.000112064397866263
Light_multipath,1,20,25,20261209,2.24885609282828,7.393203116907e-05,7.393203116907e-05,7.393203116907e-05,1.24885609282828,-0.999926067968831,-0.999926067968831,-0.999926067968831,1,1,two_path_selected,stable_two_path_selected,0.00517096936782809,0.325260697784457,0.932246481932646,0.432924328313595,27.7309152677314,0.00148579482416511,0.000100667826463452
Light_multipath,1,20,26,20261209,2.23078808586172,1.23763820294345,1.23763820294345,1.23763820294345,1.23078808586172,0.237638202943449,0.237638202943449,0.237638202943449,1,1,two_path_selected,stable_two_path_selected,0.00516607124424472,0.350352634620005,0.925230777596282,0.167747330543984,29.5987471654181,0.00138991772985109,0.000103923067866107
Light_multipath,1,20,27,20261209,2.27114644460731,0.333848451717931,0.333848451717931,0.333848451717931,1.27114644460731,-0.666151548282069,-0.666151548282069,-0.666151548282069,1,1,two_path_selected,stable_two_path_selected,0.005214715959944,0.0113291459099059,0.963750753021497,0.418421384777846,24.757042264541,0.00127579761367946,4.62467027928515e-05
Light_multipath,1,20,28,20261209,2.25690556108277,0.995738029676454,0.995738029676454,0.995738029676454,1.25690556108277,-0.00426197032354581,-0.00426197032354581,-0.00426197032354581,1,1,two_path_selected,stable_two_path_selected,0.00518629431146766,0.324591409212044,0.910118718321622,0.242473131248402,26.1973113136476,0.00145070763626287,0.000130391461687918
Light_multipath,1,20,29,20261209,2.23966868825115,1.79785611228609,1.79785611228609,1.79785611228609,1.23966868825115,0.797856112286085,0.797856112286085,0.797856112286085,1,1,two_path_selected,stable_two_path_selected,0.0052250006543191,0.476719254429134,0.881266368679907,0.699429234954107,8.73130324316771,0.00122560295981788,0.000145520289975831
Light_multipath,1,20,30,20261209,2.23740531317859,0.258917924205395,0.258917924205395,2.23740531317859,1.23740531317859,-0.741082075794605,-0.741082075794605,1.23740531317859,1,0,two_path_selected,unstable_split_fit,0.00515935915527244,1.04965721209387,0.955455222469714,0.391699666719396,26.7077927302969,0.00156787570091721,6.98406742924984e-05
Light_multipath,1,20,31,20261209,2.23556711608326,1.64595219852436,1.64595219852436,1.64595219852436,1.23556711608326,0.645952198524364,0.645952198524364,0.645952198524364,1,1,two_path_selected,stable_two_path_selected,0.00526338436836803,0.254967799471053,0.938782042577684,0.0921943340055058,35.4378753496601,0.00135848673060779,8.31637828331289e-05
Light_multipath,1,20,32,20261209,2.25844257571693,1.25742800047971,1.25742800047971,1.25742800047971,1.25844257571693,0.257428000479708,0.257428000479708,0.257428000479708,1,1,two_path_selected,stable_two_path_selected,0.00517715427123761,0.517585027806043,0.905542522217652,0.214810872933922,24.5590152412524,0.00164549967893879,0.000155429749364222
Light_multipath,1,20,33,20261209,2.25495927006098,1.54058892021272,1.54058892021272,2.25495927006098,1.25495927006098,0.540588920212719,0.540588920212719,1.25495927006098,1,0,two_path_selected,unstable_split_fit,0.00516639012635175,0.977244208127699,0.900057637141229,0.126582388795678,30.3000719979859,0.00169845592834594,0.000169747698690381
Light_multipath,1,20,34,20261209,2.23253641163844,0.710429222779903,0.710429222779903,2.23253641163844,1.23253641163844,-0.289570777220097,-0.289570777220097,1.23253641163844,1,0,two_path_selected,unstable_split_fit,0.00521040884054236,1.05650753509835,0.96189053474253,0.368471283943187,22.4907323102577,0.00140459032836682,5.35281863198733e-05
Light_multipath,1,20,35,20261209,2.23852295288135,0.774616213167315,0.774616213167315,2.23852295288135,1.23852295288135,-0.225383786832685,-0.225383786832685,1.23852295288135,1,0,two_path_selected,unstable_split_fit,0.0052370491312434,0.648780947408528,0.951661186667042,0.267732220975932,28.085686927758,0.00189743975385559,9.17199860721585e-05
Light_multipath,1,20,36,20261209,2.22368338959763,1.33321186386217,1.33321186386217,2.22368338959763,1.22368338959763,0.333211863862166,0.333211863862166,1.22368338959763,1,0,two_path_selected,unstable_split_fit,0.00525206348961431,0.246246709460256,0.881994773703799,0.154940777274581,28.6882219914267,0.00129794543067319,0.00015316434426671
Light_multipath,1,20,37,20261209,2.23024293428233,1.49578007726542,1.49578007726542,2.23024293428233,1.23024293428233,0.495780077265421,0.495780077265421,1.23024293428233,1,0,two_path_selected,unstable_split_fit,0.00515319116879521,0.753867634717937,0.911768490720285,0.168927185105365,23.8497806662468,0.00141712591121634,0.000125035157986009
Light_multipath,1,20,38,20261209,2.25571341867832,1.72319601451579,1.72319601451579,1.72319601451579,1.25571341867832,0.723196014515788,0.723196014515788,0.723196014515788,1,1,two_path_selected,stable_two_path_selected,0.00523283629948114,0.321655576125286,0.872693183125462,0.10586834976451,27.7897335998154,0.00122418293841142,0.000155846833161277
Light_multipath,1,20,39,20261209,2.24317725929417,0.573633709812874,0.573633709812874,2.24317725929417,1.24317725929417,-0.426366290187126,-0.426366290187126,1.24317725929417,1,0,two_path_selected,unstable_split_fit,0.0051633190159291,0.295366645516082,0.935807127495742,0.560257250405968,18.7787078460399,0.00140853632175908,9.04179925202975e-05
Light_multipath,1,20,40,20261209,2.24368502707267,1.2839883248058,1.2839883248058,1.2839883248058,1.24368502707267,0.283988324805801,0.283988324805801,0.283988324805801,1,1,two_path_selected,stable_two_path_selected,0.00520299737458231,0.0613049853725394,0.947491361266782,0.162839574685867,29.7280540533245,0.00143944838504217,7.55834752252937e-05
Light_multipath,1,20,41,20261209,2.23330567176149,1.88949394389676,2.23330567176149,2.23330567176149,1.23330567176149,0.889493943896757,1.23330567176149,1.23330567176149,0,0,weak_echo,weak_echo,NaN,NaN,0.916606244572532,0.0550881153455413,39.8239424026296,0.001094641773149,9.12862883106769e-05
Light_multipath,1,20,42,20261209,2.22686018891295,0.302362206504576,0.302362206504576,0.302362206504576,1.22686018891295,-0.697637793495425,-0.697637793495425,-0.697637793495425,1,1,two_path_selected,stable_two_path_selected,0.00520539460733574,0.12260677592522,0.93623663167051,0.453022585753503,23.3531003631625,0.00130635659559908,8.32976967748422e-05
Light_multipath,1,20,43,20261209,2.23652888127118,1.35088693521614,1.35088693521614,2.23652888127118,1.23652888127118,0.350886935216144,0.350886935216144,1.23652888127118,1,0,two_path_selected,unstable_split_fit,0.00519106920445561,1.60541336988296,0.872893292807204,0.153285966628733,28.8679891274371,0.00134662264126995,0.000171164769763088
Light_multipath,1,20,44,20261209,2.24796643255505,1.22275663522714,1.22275663522714,1.22275663522714,1.24796643255505,0.222756635227139,0.222756635227139,0.222756635227139,1,1,two_path_selected,stable_two_path_selected,0.0052384496404755,0.317778567082472,0.972862716904244,0.228338757710981,23.946750451527,0.00156623796011668,4.25034429190063e-05
Light_multipath,1,20,45,20261209,2.24643946739173,1.72057557706247,1.72057557706247,2.24643946739173,1.24643946739173,0.72057557706247,0.72057557706247,1.24643946739173,1,0,two_path_selected,unstable_split_fit,0.00519984130027431,1.03105223704162,0.931476726507121,0.110831810905963,27.7433405409559,0.00144053145815892,9.8709931082519e-05
Light_multipath,1,20,46,20261209,2.23808628550829,1.35784995636786,1.35784995636786,2.23808628550829,1.23808628550829,0.357849956367857,0.357849956367857,1.23808628550829,1,0,two_path_selected,unstable_split_fit,0.00512991606701314,0.915694431746382,0.949118800664883,0.155642982877689,28.7264470343382,0.0013760682863786,7.00160047779619e-05
Light_multipath,1,20,47,20261209,2.24463182404559,0.630107875809247,0.630107875809247,2.24463182404559,1.24463182404559,-0.369892124190753,-0.369892124190753,1.24463182404559,1,0,two_path_selected,unstable_split_fit,0.00520283764761223,0.603956905112518,0.942686944926064,0.350087318297575,24.146692771237,0.0013506844982194,7.74118550339598e-05
Light_multipath,1,20,48,20261209,2.23256693895138,0.693306255910675,0.693306255910675,0.693306255910675,1.23256693895138,-0.306693744089325,-0.306693744089325,-0.306693744089325,1,1,two_path_selected,stable_two_path_selected,0.00523095654365936,0.0773166819714428,0.942821398540823,0.320346803845329,24.9112548298197,0.00148166007360495,8.47192508466321e-05
Light_multipath,1,20,49,20261209,2.24578169339367,1.93483390099871,2.24578169339367,2.24578169339367,1.24578169339367,0.934833900998708,1.24578169339367,1.24578169339367,0,0,weak_echo,weak_echo,NaN,NaN,0.917510254031746,0.05986757162611,38.4873138710943,0.001717244899194,0.000141655095499793
Light_multipath,1,20,50,20261209,2.23097799630485,1.68201674974055,1.68201674974055,2.23097799630485,1.23097799630485,0.68201674974055,0.68201674974055,1.23097799630485,1,0,two_path_selected,unstable_split_fit,0.00519067482515558,1.91825106693164,0.8983677118764,0.0968363744482,30.6907641637042,0.00120344497926528,0.000122308866873588
Light_multipath,3,20,1,20261209,4.23560309823424,3.81855404400207,4.23560309823424,4.23560309823424,1.23560309823424,0.818554044002067,1.23560309823424,1.23560309823424,0,0,weak_echo,weak_echo,NaN,NaN,0.898660456936848,0.0792275627244883,31.0357901868974,0.00119616511826393,0.000121218826512948
Light_multipath,3,20,2,20261209,4.26663938430895,2.87482409841451,2.87482409841451,2.87482409841451,1.26663938430895,-0.125175901585489,-0.125175901585489,-0.125175901585489,1,1,two_path_selected,stable_two_path_selected,0.00523519784948758,0.101561622175132,0.89626571797644,0.513121267054255,17.2154741261374,0.00124049672669968,0.000128682037296768
Light_multipath,3,20,3,20261209,4.24214802416507,3.93985267204771,4.24214802416507,4.24214802416507,1.24214802416507,0.939852672047711,1.24214802416507,1.24214802416507,0,0,weak_echo,weak_echo,NaN,NaN,0.90783512045197,0.0551027386889364,39.8203309924182,0.00150120264187925,0.000138358160665986
Light_multipath,3,20,4,20261209,4.24538611824148,3.46215085867921,3.46215085867921,4.24538611824148,1.24538611824148,0.462150858679206,0.462150858679206,1.24538611824148,1,0,two_path_selected,unstable_split_fit,0.00521119108292176,0.922321260865975,0.898931431114747,0.128695795323225,31.3482261313518,0.00142797224216951,0.000144323110923938
Light_multipath,3,20,5,20261209,4.21424490753798,3.0954114088804,3.0954114088804,4.21424490753798,1.21424490753798,0.0954114088804001,0.0954114088804001,1.21424490753798,1,0,two_path_selected,unstable_split_fit,0.00514423148875599,1.28441522911501,0.904063648837774,0.219617746563764,25.4204462176252,0.00125547438799001,0.00012044563176139
Light_multipath,3,20,6,20261209,4.24569141476652,3.68224364979936,3.68224364979936,3.68224364979936,1.24569141476652,0.682243649799362,0.682243649799362,0.682243649799362,1,1,two_path_selected,stable_two_path_selected,0.00519108766220849,0.622453654988463,0.906869085063009,0.0897904771560315,35.3052725639735,0.00148665327395858,0.000138453379597836
Light_multipath,3,20,7,20261209,4.25310735300673,3.07951091559758,3.07951091559758,3.07951091559758,1.25310735300673,0.0795109155975826,0.0795109155975826,0.0795109155975826,1,1,two_path_selected,stable_two_path_selected,0.00519923961259592,0.259411572765499,0.970137575385495,0.222511607626609,26.8538387241967,0.00157036249906595,4.68948317458029e-05
Light_multipath,3,20,8,20261209,4.2439364268894,3.82874144915912,3.82874144915912,3.82874144915912,1.2439364268894,0.828741449159119,0.828741449159119,0.828741449159119,1,1,two_path_selected,stable_two_path_selected,0.0051550991947126,0.547744715084873,0.954083425684111,0.115965559311992,24.2196399358768,0.00132098160163485,6.06549498813891e-05
Light_multipath,3,20,9,20261209,4.23592719424173,3.71154649242016,3.71154649242016,3.71154649242016,1.23592719424173,0.711546492420157,0.711546492420157,0.711546492420157,1,1,two_path_selected,stable_two_path_selected,0.0051460357233572,0.436718448716467,0.864189455559721,0.0856697984569216,34.1213236550307,0.00136392175977207,0.000185234956768587
Light_multipath,3,20,10,20261209,4.21789501658203,3.46356336604794,3.46356336604794,4.21789501658203,1.21789501658203,0.463563366047941,0.463563366047941,1.21789501658203,1,0,two_path_selected,unstable_split_fit,0.00514940462870443,0.866058409877641,0.942710475897727,0.142358262419398,27.7356316016878,0.0013783236741709,7.89635073521477e-05
Light_multipath,3,20,11,20261209,4.26512017153143,3.05175226392049,3.05175226392049,3.05175226392049,1.26512017153143,0.0517522639204921,0.0517522639204921,0.0517522639204921,1,1,two_path_selected,stable_two_path_selected,0.00520182951224634,0.691533627548091,0.926689586031786,0.226111501753004,26.5788919520454,0.00126012351267768,9.23801763654808e-05
Light_multipath,3,20,12,20261209,4.24636778895851,3.25561450975235,3.25561450975235,4.24636778895851,1.24636778895851,0.255614509752352,0.255614509752352,1.24636778895851,1,0,two_path_selected,unstable_split_fit,0.00517004275761278,2.67625200815162,0.938679499027429,0.180117093022591,27.7313324855991,0.00141153530315385,8.65560519298647e-05
Light_multipath,3,20,13,20261209,4.23488804754758,3.85618909822745,4.23488804754758,4.23488804754758,1.23488804754758,0.85618909822745,1.23488804754758,1.23488804754758,0,0,weak_echo,weak_echo,NaN,NaN,0.921486794081432,0.0607988127143244,36.4270375534126,0.000897035240705391,7.04291125697143e-05
Light_multipath,3,20,14,20261209,4.21682652805248,3.6419655559271,3.6419655559271,3.6419655559271,1.21682652805248,0.641965555927102,0.641965555927102,0.641965555927102,1,1,two_path_selected,stable_two_path_selected,0.00515071909149699,0.186535236799895,0.90327144883936,0.101203227560245,31.5517889494055,0.00153572930615975,0.000148548870759768
Light_multipath,3,20,15,20261209,4.22054198114231,3.12680126092215,3.12680126092215,3.12680126092215,1.22054198114231,0.126801260922152,0.126801260922152,0.126801260922152,1,1,two_path_selected,stable_two_path_selected,0.00522372472550613,0.528227411862691,0.880447712657227,0.205923111412577,26.4969039242323,0.00137091207572526,0.000163895674398784
Light_multipath,3,20,16,20261209,4.24055591702062,3.15246336601107,3.15246336601107,3.15246336601107,1.24055591702062,0.152463366011066,0.152463366011066,0.152463366011066,1,1,two_path_selected,stable_two_path_selected,0.00523525769133893,0.191849494195834,0.91839896847732,0.192530062548316,27.220883774244,0.000945766612750365,7.71755311801403e-05
Light_multipath,3,20,17,20261209,4.22977646366518,2.58067098928164,2.58067098928164,4.22977646366518,1.22977646366518,-0.419329010718361,-0.419329010718361,1.22977646366518,1,0,two_path_selected,unstable_split_fit,0.00521860932908305,0.834333741821047,0.938357019990665,0.34682575164133,24.9154712994976,0.00151314424095239,9.3274720196268e-05
Light_multipath,3,20,18,20261209,4.21617344106872,3.09813062071854,3.09813062071854,3.09813062071854,1.21617344106872,0.0981306207185417,0.0981306207185417,0.0981306207185417,1,1,two_path_selected,stable_two_path_selected,0.00523016907801841,0.395013847539199,0.903042382695704,0.244316818902293,23.8700192636199,0.00153161527071877,0.000148501767275766
Light_multipath,3,20,19,20261209,4.23898959733655,3.25481721046265,3.25481721046265,4.23898959733655,1.23898959733655,0.254817210462647,0.254817210462647,1.23898959733655,1,0,two_path_selected,unstable_split_fit,0.00518835872507462,0.774994328308948,0.888053231662903,0.193218294169177,25.993882110853,0.00151176296384126,0.000169236978293741
Light_multipath,3,20,20,20261209,4.2548197325181,3.37758580454228,3.37758580454228,3.37758580454228,1.2548197325181,0.377585804542282,0.377585804542282,0.377585804542282,1,1,two_path_selected,stable_two_path_selected,0.00516874792124483,0.714641446783968,0.920769831099989,0.190712677163236,24.5100402090349,0.00154215830652604,0.000122185463096613
Light_multipath,3,20,21,20261209,4.21578731756733,3.27804256246041,3.27804256246041,3.27804256246041,1.21578731756733,0.278042562460406,0.278042562460406,0.278042562460406,1,1,two_path_selected,stable_two_path_selected,0.00516728207720076,0.0162633216309658,0.930493455549201,0.217352513845395,23.6673199708164,0.0017772012909516,0.000123527120527545
Light_multipath,3,20,22,20261209,4.21920676342428,3.11860346465416,3.11860346465416,3.11860346465416,1.21920676342428,0.118603464654164,0.118603464654164,0.118603464654164,1,1,two_path_selected,stable_two_path_selected,0.00518733229068933,0.308828735677853,0.953000295612373,0.264153601258169,21.7562255010988,0.00114748748797844,5.39315727234868e-05
Light_multipath,3,20,23,20261209,4.22163767233513,3.2991449367211,3.2991449367211,4.22163767233513,1.22163767233513,0.299144936721102,0.299144936721102,1.22163767233513,1,0,two_path_selected,unstable_split_fit,0.00516650150149768,0.800521642857796,0.851097364021836,0.208439495259525,23.439140951032,0.00154499179136747,0.000230053350299242
Light_multipath,3,20,24,20261209,4.25723743283013,3.74829452080871,3.74829452080871,4.25723743283013,1.25723743283013,0.74829452080871,0.74829452080871,1.25723743283013,1,0,two_path_selected,unstable_split_fit,0.00520377584263731,0.0537236865941844,0.945553001939013,0.0934801573922461,31.5419040393836,0.00147178692293437,8.0134379739194e-05
Light_multipath,3,20,25,20261209,4.24666360473441,3.45850940354646,3.45850940354646,4.24666360473441,1.24666360473441,0.458509403546465,0.458509403546465,1.24666360473441,1,0,two_path_selected,unstable_split_fit,0.00517763257656049,0.761381491264784,0.891011341665095,0.142012719266572,29.0135444629948,0.00161493072467866,0.000176009132986543
Light_multipath,3,20,26,20261209,4.23139027111314,3.81521752387086,4.23139027111314,4.23139027111314,1.23139027111314,0.815217523870856,1.23139027111314,1.23139027111314,0,0,weak_echo,weak_echo,NaN,NaN,0.90392970337805,0.0681083109973205,37.1705755749902,0.00132111725121309,0.000126920126196417
Light_multipath,3,20,27,20261209,4.24680434782209,3.70087051684052,3.70087051684052,4.24680434782209,1.24680434782209,0.700870516840521,0.700870516840521,1.24680434782209,1,0,two_path_selected,unstable_split_fit,0.00513755406190502,1.21286395633149,0.947902457740868,0.094232471697476,32.7949057307821,0.00145676071488721,7.58936529052789e-05
Light_multipath,3,20,28,20261209,4.25839585753069,2.44861596412081,2.44861596412081,2.44861596412081,1.25839585753069,-0.551384035879187,-0.551384035879187,-0.551384035879187,1,1,two_path_selected,stable_two_path_selected,0.00519381116359324,0.0862785427721526,0.893523942734489,0.333778723457067,27.6915419320474,0.00143089931330631,0.000152356517224783
Light_multipath,3,20,29,20261209,4.24507393859792,3.52275626800014,3.52275626800014,4.24507393859792,1.24507393859792,0.522756268000139,0.522756268000139,1.24507393859792,1,0,two_path_selected,unstable_split_fit,0.00519435434057592,1.35530149637916,0.955695694454622,0.118059991511645,32.4928392861183,0.00148288443001054,6.56981648756716e-05
Light_multipath,3,20,30,20261209,4.23548282940659,3.5284201695464,3.5284201695464,3.5284201695464,1.23548282940659,0.528420169546399,0.528420169546399,0.528420169546399,1,1,two_path_selected,stable_two_path_selected,0.00516614225584639,0.562823656520564,0.946101684528211,0.116582912736275,31.1182127987212,0.00117388222994452,6.32702747562774e-05
Light_multipath,3,20,31,20261209,4.21405182172862,2.88472054550821,2.88472054550821,2.88472054550821,1.21405182172862,-0.115279454491786,-0.115279454491786,-0.115279454491786,1,1,two_path_selected,stable_two_path_selected,0.00518337505365921,0.443718882011694,0.942711304821836,0.255967643827995,26.4357902835772,0.00162912391297287,9.33303832577614e-05
Light_multipath,3,20,32,20261209,4.20570195285827,3.84533531438295,4.20570195285827,4.20570195285827,1.20570195285827,0.84533531438295,1.20570195285827,1.20570195285827,0,0,weak_echo,weak_echo,NaN,NaN,0.929573061670152,0.0667085305896421,34.8908933020111,0.00132797795753792,9.35254217189208e-05
Light_multipath,3,20,33,20261209,4.24185262569464,2.96858870146435,2.96858870146435,4.24185262569464,1.24185262569464,-0.0314112985356534,-0.0314112985356534,1.24185262569464,1,0,two_path_selected,unstable_split_fit,0.00513899637142604,1.13196718435365,0.911430766442523,0.23416190697413,27.4195689650444,0.00157315132347713,0.0001393328069903
Light_multipath,3,20,34,20261209,4.24320226022509,3.91252661608175,4.24320226022509,4.24320226022509,1.24320226022509,0.912526616081749,1.24320226022509,1.24320226022509,0,0,weak_echo,weak_echo,NaN,NaN,0.94061492854098,0.0679431901327392,34.9647259691005,0.00167366465981655,9.93906954216417e-05
Light_multipath,3,20,35,20261209,4.25900693852901,3.89342004645022,4.25900693852901,4.25900693852901,1.25900693852901,0.893420046450224,1.25900693852901,1.25900693852901,0,0,weak_echo,weak_echo,NaN,NaN,0.936834659753037,0.0624723879483626,39.0136199670769,0.00151870127556664,9.59292828046632e-05
Light_multipath,3,20,36,20261209,4.23970226486193,3.13780892553962,3.13780892553962,3.13780892553962,1.23970226486193,0.137808925539617,0.137808925539617,0.137808925539617,1,1,two_path_selected,stable_two_path_selected,0.00520520338165724,0.157581970176659,0.950692418814267,0.190933551954902,28.7171877216356,0.00134429862455976,6.6284113568349e-05
Light_multipath,3,20,37,20261209,4.22228792272647,3.45624760190176,3.45624760190176,3.45624760190176,1.22228792272647,0.456247601901757,0.456247601901757,0.456247601901757,1,1,two_path_selected,stable_two_path_selected,0.00521874421526859,0.147485978338081,0.882515216990209,0.140552834884642,27.8723763659943,0.00132152356290605,0.000155258909030342
Light_multipath,3,20,38,20261209,4.23361237090373,3.78598723249696,3.78598723249696,3.78598723249696,1.23361237090373,0.785987232496957,0.785987232496957,0.785987232496957,1,1,two_path_selected,stable_two_path_selected,0.00522720291078498,0.437310319204357,0.922620490844836,0.0928017234161341,30.424423915107,0.00177933377752537,0.000137683974328118
Light_multipath,3,20,39,20261209,4.24191181205726,3.44345925204041,3.44345925204041,4.24191181205726,1.24191181205726,0.443459252040408,0.443459252040408,1.24191181205726,1,0,two_path_selected,unstable_split_fit,0.00522628868718112,1.65035722191107,0.788228456186315,0.140410008235384,28.2875369873851,0.00137694652379272,0.000291598091092471
Light_multipath,3,20,40,20261209,4.20321996208816,3.51256512905695,3.51256512905695,4.20321996208816,1.20321996208816,0.512565129056947,0.512565129056947,1.20321996208816,1,0,two_path_selected,unstable_split_fit,0.00521178764799721,0.770965807353429,0.953321534371514,0.17239473413707,22.2012364455046,0.00115011576731527,5.36856393134055e-05
Light_multipath,3,20,41,20261209,4.21881104265103,2.71511271804305,2.71511271804305,4.21881104265103,1.21881104265103,-0.284887281956947,-0.284887281956947,1.21881104265103,1,0,two_path_selected,unstable_split_fit,0.00519284519185582,1.37190211963676,0.921874696193737,0.25759617424654,29.242083959957,0.00154280463193035,0.000120532080583269
Light_multipath,3,20,42,20261209,4.23052667464118,3.32910060686387,3.32910060686387,4.23052667464118,1.23052667464118,0.32910060686387,0.32910060686387,1.23052667464118,1,0,two_path_selected,unstable_split_fit,0.00521113083529803,0.7757444830928,0.931042542868372,0.15222087493498,30.5284985863739,0.00163898439215093,0.000113020195961155
Light_multipath,3,20,43,20261209,4.24175947559995,3.28842748360365,3.28842748360365,3.28842748360365,1.24175947559995,0.288427483603648,0.288427483603648,0.288427483603648,1,1,two_path_selected,stable_two_path_selected,0.00515812121956245,0.396027220048857,0.941191115133213,0.176257503626886,27.7041199912743,0.00153881789286903,9.0496164292686e-05
Light_multipath,3,20,44,20261209,4.23210788629745,3.62919225221809,3.62919225221809,3.62919225221809,1.23210788629745,0.62919225221809,0.62919225221809,0.62919225221809,1,1,two_path_selected,stable_two_path_selected,0.005189137519282,0.393161318720535,0.915686744726635,0.0981544701721896,33.545527603671,0.0014713051248374,0.000124050524575425
Light_multipath,3,20,45,20261209,4.2396719917955,3.67039868221391,3.67039868221391,3.67039868221391,1.2396719917955,0.670398682213907,0.670398682213907,0.670398682213907,1,1,two_path_selected,stable_two_path_selected,0.00517500771257585,0.273757548975741,0.986109040748869,0.0959258034637325,34.5849605973974,0.00175325225571399,2.43543556410764e-05
Light_multipath,3,20,46,20261209,4.221293663287,2.8657153992318,2.8657153992318,2.8657153992318,1.221293663287,-0.134284600768195,-0.134284600768195,-0.134284600768195,1,1,two_path_selected,stable_two_path_selected,0.00518352879062346,0.27015060012795,0.955008683435451,0.249675359535972,27.1496803276421,0.00135319447785398,6.08820011265276e-05
Light_multipath,3,20,47,20261209,4.23706472256082,3.69635892144288,3.69635892144288,3.69635892144288,1.23706472256082,0.696358921442883,0.696358921442883,0.696358921442883,1,1,two_path_selected,stable_two_path_selected,0.00520599172250732,0.465506551478996,0.935231739774003,0.0866444740285486,35.4898671994491,0.00149742660742103,9.69857161787768e-05
Light_multipath,3,20,48,20261209,4.22958573052688,2.60581455225738,2.60581455225738,2.60581455225738,1.22958573052688,-0.394185447742625,-0.394185447742625,-0.394185447742625,1,1,two_path_selected,stable_two_path_selected,0.00518257402095192,0.27379359952949,0.95585602690787,0.440724560345006,21.4916057881512,0.00182542316174228,8.05814309337016e-05
Light_multipath,3,20,49,20261209,4.22186661581065,3.05387940927057,3.05387940927057,3.05387940927057,1.22186661581065,0.053879409270575,0.053879409270575,0.053879409270575,1,1,two_path_selected,stable_two_path_selected,0.00523446133493487,0.199455960837947,0.974113170871953,0.212294633603517,27.9928369232265,0.00164091394354449,4.24780588703655e-05
Light_multipath,3,20,50,20261209,4.24686347407074,3.3209050494565,3.3209050494565,4.24686347407074,1.24686347407074,0.320905049456502,0.320905049456502,1.24686347407074,1,0,two_path_selected,unstable_split_fit,0.00519514456792203,0.862294209206815,0.94863520180017,0.185263429078696,25.470930508663,0.00127768100529657,6.56278270008137e-05
Light_multipath,5,20,1,20261209,6.2324092821875,5.76498342765325,6.2324092821875,6.2324092821875,1.2324092821875,0.764983427653245,1.2324092821875,1.2324092821875,0,0,weak_echo,weak_echo,NaN,NaN,0.960764445606847,0.079655905322825,33.6875034907339,0.00119168745209053,4.6756517846136e-05
Light_multipath,5,20,2,20261209,6.25231542279036,5.24326526817409,5.24326526817409,5.24326526817409,1.25231542279036,0.24326526817409,0.24326526817409,0.24326526817409,1,1,two_path_selected,stable_two_path_selected,0.00520179260398171,0.560574260452933,0.956342062289263,0.196414994396113,25.9042733316918,0.00128401362234509,5.60573867440795e-05
Light_multipath,5,20,3,20261209,6.26036746340496,4.93206984290744,4.93206984290744,4.93206984290744,1.26036746340496,-0.0679301570925634,-0.0679301570925634,-0.0679301570925634,1,1,two_path_selected,stable_two_path_selected,0.0052064146188743,0.0227081864882193,0.93756484634685,0.256990874028245,26.5706713235553,0.00174602925620793,0.000109013604894237
Light_multipath,5,20,4,20261209,6.24302241399454,5.428383060675,5.428383060675,6.24302241399454,1.24302241399454,0.428383060674999,0.428383060674999,1.24302241399454,1,0,two_path_selected,unstable_split_fit,0.00521324282546518,0.990018764971463,0.895881995671704,0.137738702216163,30.0326899445584,0.00135158066802421,0.000140723881843385
Light_multipath,5,20,5,20261209,6.24481978445045,5.14450034301206,5.14450034301206,5.14450034301206,1.24481978445045,0.14450034301206,0.14450034301206,0.14450034301206,1,1,two_path_selected,stable_two_path_selected,0.00520817197101383,0.436374522341346,0.937123399853763,0.246922788918167,23.9351965061129,0.00173558954325048,0.00010912796972895
Light_multipath,5,20,6,20261209,6.25189540837714,5.91448577299559,6.25189540837714,6.25189540837714,1.25189540837714,0.914485772995594,1.25189540837714,1.25189540837714,0,0,weak_echo,weak_echo,NaN,NaN,0.904607844747457,0.0644324698397615,35.613977396897,0.00148812182897884,0.000141955148544648
Light_multipath,5,20,7,20261209,6.25405144707652,5.14807432814755,5.14807432814755,5.14807432814755,1.25405144707652,0.148074328147551,0.148074328147551,0.148074328147551,1,1,two_path_selected,stable_two_path_selected,0.00524359095204862,0.60954474299319,0.982645917709957,0.221769739930849,25.1782424846009,0.00126523828203795,2.19570492629995e-05
Light_multipath,5,20,8,20261209,6.24578927627333,5.18115281273515,5.18115281273515,5.18115281273515,1.24578927627333,0.181152812735148,0.181152812735148,0.181152812735148,1,1,two_path_selected,stable_two_path_selected,0.00520727422672225,0.0552777501635466,0.958807793803783,0.19240566289383,28.0354401877362,0.00156005107708479,6.42619456439064e-05
Light_multipath,5,20,9,20261209,6.22307173126455,5.09159613919065,5.09159613919065,5.09159613919065,1.22307173126455,0.091596139190651,0.091596139190651,0.091596139190651,1,1,two_path_selected,stable_two_path_selected,0.00521476931143041,0.238161282619666,0.896915738861787,0.255750658993555,22.4574419844088,0.00106149254973809,0.000109423175193468
Light_multipath,5,20,10,20261209,6.20020202432159,5.18035947303814,5.18035947303814,6.20020202432159,1.20020202432159,0.180359473038141,0.180359473038141,1.20020202432159,1,0,two_path_selected,unstable_split_fit,0.00522821141844889,2.56337983414323,0.929243924480223,0.182103608856505,27.7266118477081,0.00124065469670831,8.77838574142586e-05
Light_multipath,5,20,11,20261209,6.23390683672439,5.76150315679205,5.76150315679205,5.76150315679205,1.23390683672439,0.761503156792049,0.761503156792049,0.761503156792049,1,1,two_path_selected,stable_two_path_selected,0.0052214449191357,0.72987195754386,0.872203006019441,0.0860995635443527,30.5474587933433,0.00112366661008445,0.000143601215005118
Light_multipath,5,20,12,20261209,6.24407229755637,5.52752431452169,5.52752431452169,5.52752431452169,1.24407229755637,0.527524314521688,0.527524314521688,0.527524314521688,1,1,two_path_selected,stable_two_path_selected,0.00513077042627948,0.454037974138357,0.935016544044214,0.119095060099254,31.1853826767233,0.00129275959258957,8.40079860464638e-05
Light_multipath,5,20,13,20261209,6.22949115681358,5.89657431788952,6.22949115681358,6.22949115681358,1.22949115681358,0.89657431788952,1.22949115681358,1.22949115681358,0,0,weak_echo,weak_echo,NaN,NaN,0.945819232495397,0.0539524981531252,39.0979701008038,0.000964485760609257,5.22565787570706e-05
Light_multipath,5,20,14,20261209,6.22157904431438,4.95211295883974,4.95211295883974,6.22157904431438,1.22157904431438,-0.0478870411602603,-0.0478870411602603,1.22157904431438,1,0,two_path_selected,unstable_split_fit,0.00519127512959677,1.54524011846227,0.920508723688257,0.270687127399891,24.4324716749948,0.00160205277611158,0.000127349219891881
Light_multipath,5,20,15,20261209,6.23437196751396,5.30560973634956,5.30560973634956,5.30560973634956,1.23437196751396,0.30560973634956,0.30560973634956,0.30560973634956,1,1,two_path_selected,stable_two_path_selected,0.00523710333654999,0.412515668336813,0.917337281734709,0.171406159349604,27.6335465417042,0.00149405023841265,0.000123502253932095
Light_multipath,5,20,16,20261209,6.21770459466569,5.91742147565527,6.21770459466569,6.21770459466569,1.21770459466569,0.917421475655271,1.21770459466569,1.21770459466569,0,0,weak_echo,weak_echo,NaN,NaN,0.951621592468299,0.0667076776840405,34.0234433300794,0.00162107556372537,7.84250542615883e-05
Light_multipath,5,20,17,20261209,6.22440328203572,5.63072637498125,5.63072637498125,5.63072637498125,1.22440328203572,0.630726374981249,0.630726374981249,0.630726374981249,1,1,two_path_selected,stable_two_path_selected,0.00519028223688947,0.354382419077055,0.938159767223047,0.104167632732201,31.3558073068067,0.00141702257959264,8.76290061722074e-05
Light_multipath,5,20,18,20261209,6.20999795141459,5.15694863440783,5.15694863440783,5.15694863440783,1.20999795141459,0.156948634407826,0.156948634407826,0.156948634407826,1,1,two_path_selected,stable_two_path_selected,0.00517437859009858,0.133161275042662,0.943863222720076,0.199218709189844,26.3967147742917,0.00126526984242847,7.10281713434124e-05
Light_multipath,5,20,19,20261209,6.25697607029915,5.14567684475359,5.14567684475359,5.14567684475359,1.25697607029915,0.14567684475359,0.14567684475359,0.14567684475359,1,1,two_path_selected,stable_two_path_selected,0.00518801028042199,0.0366684058948969,0.96242117407545,0.214862594215866,26.0179039697557,0.00132605565532073,4.98316146375632e-05
Light_multipath,5,20,20,20261209,6.26037146509325,5.71740465744498,5.71740465744498,6.26037146509325,1.26037146509325,0.717404657444979,0.717404657444979,1.26037146509325,1,0,two_path_selected,unstable_split_fit,0.00520526028709743,1.40681979417513,0.917933588938861,0.0844708139075406,35.8878589591185,0.00127944837843419,0.000104999736556088
Light_multipath,5,20,21,20261209,6.25839931377421,5.88192544009361,5.88192544009361,5.88192544009361,1.25839931377421,0.881925440093614,0.881925440093614,0.881925440093614,1,1,two_path_selected,stable_two_path_selected,0.00522545514437567,0.273388116209455,0.974144392966563,0.0814187217794548,32.3011951912233,0.00177329483085398,4.58496143009857e-05
Light_multipath,5,20,22,20261209,6.22496504449965,5.13381728988089,5.13381728988089,6.22496504449965,1.22496504449965,0.133817289880886,0.133817289880886,1.22496504449965,1,0,two_path_selected,unstable_split_fit,0.00519780177929617,0.893925105764925,0.961820589853391,0.234031621127372,24.1174117277443,0.00138205961567683,5.27662209139912e-05
Light_multipath,5,20,23,20261209,6.24352030213083,5.04608169649675,5.04608169649675,5.04608169649675,1.24352030213083,0.0460816964967545,0.0460816964967545,0.0460816964967545,1,1,two_path_selected,stable_two_path_selected,0.0051434397599703,0.385127304717781,0.945451253358072,0.237159377437446,25.8660246722348,0.00155444622827039,8.47930934744223e-05
Light_multipath,5,20,24,20261209,6.24755893029757,5.35372240265716,5.35372240265716,5.35372240265716,1.24755893029757,0.353722402657162,0.353722402657162,0.353722402657162,1,1,two_path_selected,stable_two_path_selected,0.00517960665753799,0.641519459601799,0.918785665947739,0.168359931539788,27.51752812668,0.00160052276076028,0.000129985390150633
Light_multipath,5,20,25,20261209,6.24337867287086,5.02245659375534,5.02245659375534,5.02245659375534,1.24337867287086,0.0224565937553436,0.0224565937553436,0.0224565937553436,1,1,two_path_selected,stable_two_path_selected,0.00519801382830086,0.264840065920708,0.93226584854779,0.263228049006577,23.4527345785217,0.00111560432149216,7.556451207269e-05
Light_multipath,5,20,26,20261209,6.21869727891742,5.7517351228137,5.7517351228137,5.7517351228137,1.21869727891742,0.751735122813702,0.751735122813702,0.751735122813702,1,1,two_path_selected,stable_two_path_selected,0.00520502081011349,0.678250065213497,0.878072518780374,0.0815469205893415,33.160306811361,0.00142596900619174,0.000173864809222213
Light_multipath,5,20,27,20261209,6.25398206950455,4.43539930680021,4.43539930680021,4.43539930680021,1.25398206950455,-0.564600693199791,-0.564600693199791,-0.564600693199791,1,1,two_path_selected,stable_two_path_selected,0.00516855609462621,0.530580907518833,0.93561222992608,0.41668125997652,23.4562312808462,0.00120972590090362,7.78915531598479e-05
Light_multipath,5,20,28,20261209,6.26527498678364,5.52965676698743,5.52965676698743,6.26527498678364,1.26527498678364,0.529656766987433,0.529656766987433,1.26527498678364,1,0,two_path_selected,unstable_split_fit,0.00516520254081371,0.980815736813488,0.916535594150823,0.13722250731294,28.2505528329588,0.00149931866826836,0.000125139741825597
Light_multipath,5,20,29,20261209,6.27031036733224,5.556238236676,5.556238236676,5.556238236676,1.27031036733224,0.556238236675998,0.556238236675998,0.556238236675998,1,1,two_path_selected,stable_two_path_selected,0.00515889570464864,0.244453154319132,0.929402038250892,0.165377964664071,23.0462093003643,0.00111246338810944,7.85376477210331e-05
Light_multipath,5,20,30,20261209,6.22545658777651,5.56564729409761,5.56564729409761,6.22545658777651,1.22545658777651,0.56564729409761,0.56564729409761,1.22545658777651,1,0,two_path_selected,unstable_split_fit,0.00519011217029591,0.593949917822782,0.874825617290267,0.108313889262548,33.3790833168589,0.00174614023191921,0.000218572025655117
Light_multipath,5,20,31,20261209,6.23830601732915,3.63793606668301,6.23830601732915,6.23830601732915,1.23830601732915,-1.36206393331699,1.23830601732915,1.23830601732915,0,0,excessive_shift,excessive_shift,NaN,NaN,0.919613138290598,0.521752571551406,27.5852744300817,0.00124873149624083,0.000100381606100486
Light_multipath,5,20,32,20261209,6.22827375282096,4.29275066137004,4.29275066137004,6.22827375282096,1.22827375282096,-0.707249338629957,-0.707249338629957,1.22827375282096,1,0,two_path_selected,unstable_split_fit,0.00520456346881437,1.33725133482669,0.833770520320235,0.490732659107787,22.0285166185746,0.00118514142045334,0.000197005441668896
Light_multipath,5,20,33,20261209,6.24081540020202,5.21005349979954,5.21005349979954,5.21005349979954,1.24081540020202,0.210053499799544,0.210053499799544,0.210053499799544,1,1,two_path_selected,stable_two_path_selected,0.0051230286747936,0.420816937366931,0.94467667393223,0.201080823813163,26.1852532032821,0.00148475430586137,8.21415465936948e-05
Light_multipath,5,20,34,20261209,6.23051928766668,5.19599866616483,5.19599866616483,6.23051928766668,1.23051928766668,0.195998666164829,0.195998666164829,1.23051928766668,1,0,two_path_selected,unstable_split_fit,0.00521446096316593,0.911029559913111,0.930206591307917,0.228434551068601,23.8096514470676,0.00149804818774579,0.000104553889407777
Light_multipath,5,20,35,20261209,6.2202881356821,4.6828573071287,4.6828573071287,6.2202881356821,1.2202881356821,-0.317142692871297,-0.317142692871297,1.2202881356821,1,0,two_path_selected,unstable_split_fit,0.0052417010385704,0.908555777435536,0.93334972281775,0.29076201314562,26.9522221454394,0.00157367432495814,0.00010488582995305
Light_multipath,5,20,36,20261209,6.25681252143822,4.13050966384,4.13050966384,6.25681252143822,1.25681252143822,-0.869490336159997,-0.869490336159997,1.25681252143822,1,0,two_path_selected,unstable_split_fit,0.00516736886514198,1.24216937193641,0.908342750849091,0.491434624755824,23.8637739691351,0.00113940971557147,0.000104435160185101
Light_multipath,5,20,37,20261209,6.22969671684665,6.03540514950485,6.22969671684665,6.22969671684665,1.22969671684665,1.03540514950485,1.22969671684665,1.22969671684665,0,0,weak_echo,weak_echo,NaN,NaN,0.86082463237652,0.0398137441953531,46.3555094665194,0.00152740501479554,0.000212577154444116
Light_multipath,5,20,38,20261209,6.24330076346755,5.7060404133585,5.7060404133585,5.7060404133585,1.24330076346755,0.706040413358499,0.706040413358499,0.706040413358499,1,1,two_path_selected,stable_two_path_selected,0.00522418055595424,0.455679547411432,0.928039414130152,0.0943534022782136,32.4035952307204,0.00148080852023447,0.000106559848677135
Light_multipath,5,20,39,20261209,6.25677814347904,5.44789687860654,5.44789687860654,5.44789687860654,1.25677814347904,0.447896878606542,0.447896878606542,0.447896878606542,1,1,two_path_selected,stable_two_path_selected,0.00515732046825457,0.1413603103317,0.882419700424619,0.130851829270297,32.532512747428,0.00180540270224472,0.000212279790584136
Light_multipath,5,20,40,20261209,6.24421647945789,5.81130439827968,6.24421647945789,6.24421647945789,1.24421647945789,0.811304398279685,1.24421647945789,1.24421647945789,0,0,weak_echo,weak_echo,NaN,NaN,0.923054058753465,0.0692516109972914,39.6668462962418,0.00162418559403599,0.000124974489292162
Light_multipath,5,20,41,20261209,6.24778874675154,5.91436379929521,6.24778874675154,6.24778874675154,1.24778874675154,0.914363799295213,1.24778874675154,1.24778874675154,0,0,weak_echo,weak_echo,NaN,NaN,0.916964131619354,0.0593843036930468,38.0159694682644,0.00139002043553127,0.000115421553931183
Light_multipath,5,20,42,20261209,6.23780431858256,4.41330335195328,4.41330335195328,6.23780431858256,1.23780431858256,-0.586696648046718,-0.586696648046718,1.23780431858256,1,0,two_path_selected,unstable_split_fit,0.00522404898746219,0.670633175775519,0.804342649406447,0.393549003182317,24.3105458086877,0.00130245358139947,0.000254834617007704
Light_multipath,5,20,43,20261209,6.23145321185626,5.23141407519337,5.23141407519337,5.23141407519337,1.23145321185626,0.231414075193371,0.231414075193371,0.231414075193371,1,1,two_path_selected,stable_two_path_selected,0.00519597713108644,0.117872956577278,0.906446065489981,0.241571751824637,22.1879846657024,0.00140814877795115,0.000131737858552805
Light_multipath,5,20,44,20261209,6.24751327115327,5.64117731599107,5.64117731599107,5.64117731599107,1.24751327115327,0.641177315991072,0.641177315991072,0.641177315991072,1,1,two_path_selected,stable_two_path_selected,0.00522026129716888,0.0514859391621005,0.954734836850598,0.10306558698782,32.0141468298249,0.00134227365607198,6.07582360332426e-05
Light_multipath,5,20,45,20261209,6.22591451477101,5.83708543822581,6.22591451477101,6.22591451477101,1.22591451477101,0.837085438225807,1.22591451477101,1.22591451477101,0,0,weak_echo,weak_echo,NaN,NaN,0.938853846607501,0.0722520561997917,33.9624598249371,0.00139266937504146,8.51563752313211e-05
Light_multipath,5,20,46,20261209,6.21156553710128,4.69304313640542,4.69304313640542,6.21156553710128,1.21156553710128,-0.306956863594579,-0.306956863594579,1.21156553710128,1,0,two_path_selected,unstable_split_fit,0.00518521539924558,1.89497841615453,0.967689904759886,0.275232078473684,27.6272449527735,0.00134424299323244,4.34326191371959e-05
Light_multipath,5,20,47,20261209,6.24865914982648,5.42072657508193,5.42072657508193,5.42072657508193,1.24865914982648,0.420726575081925,0.420726575081925,0.420726575081925,1,1,two_path_selected,stable_two_path_selected,0.00522464739766545,0.272526211972259,0.933045587687654,0.148153106381103,28.5880105659019,0.00138535789266614,9.27558235457315e-05
Light_multipath,5,20,48,20261209,6.22559246398621,5.06806786178034,5.06806786178034,6.22559246398621,1.22559246398621,0.0680678617803441,0.0680678617803441,1.22559246398621,1,0,two_path_selected,unstable_split_fit,0.00520567493928909,1.16907731083676,0.955346914054819,0.243048751181276,23.8177613452103,0.00105310819176263,4.70245305963513e-05
Light_multipath,5,20,49,20261209,6.24483133024963,4.87160914826699,4.87160914826699,6.24483133024963,1.24483133024963,-0.128390851733005,-0.128390851733005,1.24483133024963,1,0,two_path_selected,unstable_split_fit,0.00525162640997197,1.39358140125525,0.959089163925753,0.298694191568029,23.6881991016877,0.00125758391327802,5.1448809325727e-05
Light_multipath,5,20,50,20261209,6.21800317370737,5.39524483595106,5.39524483595106,5.39524483595106,1.21800317370737,0.395244835951058,0.395244835951058,0.395244835951058,1,1,two_path_selected,stable_two_path_selected,0.00526519301947611,0.54091761505938,0.916362707061596,0.157126576049138,26.831052348584,0.00132082878279061,0.000110470543827734
Light_multipath,10,20,1,20261209,11.2477830934992,9.26264952148428,9.26264952148428,11.2477830934992,1.24778309349921,-0.737350478515715,-0.737350478515715,1.24778309349921,1,0,two_path_selected,unstable_split_fit,0.00524823724087117,0.890600978563429,0.937161095791751,0.407447407424689,25.5861352552857,0.00117116105093262,7.35944770919872e-05
Light_multipath,10,20,2,20261209,11.2350703631601,10.3697083600766,10.3697083600766,10.3697083600766,1.23507036316012,0.369708360076629,0.369708360076629,0.369708360076629,1,1,two_path_selected,stable_two_path_selected,0.0052195944416987,0.0296853140792734,0.917964535176129,0.146433875194405,29.495583265062,0.00121029216597157,9.9286880408167e-05
Light_multipath,10,20,3,20261209,11.220811440259,10.2350597511348,10.2350597511348,11.220811440259,1.22081144025896,0.235059751134768,0.235059751134768,1.22081144025896,1,0,two_path_selected,unstable_split_fit,0.00520655598704609,1.58420518641345,0.943519186183211,0.203692648316559,24.8096302711067,0.0013532015978015,7.64299275020086e-05
Light_multipath,10,20,4,20261209,11.2031624335973,9.13488805074164,9.13488805074164,11.2031624335973,1.20316243359732,-0.865111949258356,-0.865111949258356,1.20316243359732,1,0,two_path_selected,unstable_split_fit,0.00529155902949173,1.06863690568085,0.922700882877873,0.390947474556936,27.5082732252826,0.00124913013018113,9.65566562336484e-05
Light_multipath,10,20,5,20261209,11.237528932884,10.1992332167803,10.1992332167803,10.1992332167803,1.23752893288401,0.199233216780343,0.199233216780343,0.199233216780343,1,1,two_path_selected,stable_two_path_selected,0.00521978266016495,0.0480774590784101,0.884084684660786,0.174866889254873,29.793546144535,0.0015726858937577,0.000182298381304458
Light_multipath,10,20,6,20261209,11.2101419691644,10.2071364386028,10.2071364386028,11.2101419691644,1.21014196916438,0.207136438602763,0.207136438602763,1.21014196916438,1,0,two_path_selected,unstable_split_fit,0.00523686335581396,1.1743855994158,0.949526163838117,0.166508969939339,30.3014367203612,0.00146050629201788,7.37173552967096e-05
Light_multipath,10,20,7,20261209,11.2358490867781,10.1540533081832,10.1540533081832,11.2358490867781,1.2358490867781,0.154053308183205,0.154053308183205,1.2358490867781,1,0,two_path_selected,unstable_split_fit,0.0052108708689338,1.3793085133858,0.915693400291592,0.174949972389046,30.775158249014,0.00144293018002717,0.000121648537094732
Light_multipath,10,20,8,20261209,11.2283472335541,10.4925522921797,10.4925522921797,11.2283472335541,1.22834723355407,0.492552292179667,0.492552292179667,1.22834723355407,1,0,two_path_selected,unstable_split_fit,0.00520900538579866,0.869311708433518,0.958266291684562,0.142969760049801,27.2012824821068,0.00139537486391816,5.82341675614551e-05
Light_multipath,10,20,9,20261209,11.2221256783468,10.361271868127,10.361271868127,10.361271868127,1.22212567834681,0.361271868126966,0.361271868126966,0.361271868126966,1,1,two_path_selected,stable_two_path_selected,0.00521718994296905,0.486140844882446,0.947945105703212,0.145524077797004,30.5993395017011,0.00159720715944256,8.31424498548561e-05
Light_multipath,10,20,10,20261209,11.232892936912,10.5236757891235,10.5236757891235,10.5236757891235,1.23289293691195,0.523675789123484,0.523675789123484,0.523675789123484,1,1,two_path_selected,stable_two_path_selected,0.00518174237463817,0.190651194946733,0.913127575168551,0.135814638641634,27.4996132637042,0.00135270619771166,0.000117512867479741
Light_multipath,10,20,11,20261209,11.253411063656,10.4695762888406,10.4695762888406,11.253411063656,1.25341106365598,0.469576288840628,0.469576288840628,1.25341106365598,1,0,two_path_selected,unstable_split_fit,0.00519399285146721,0.49166707735812,0.881189776045276,0.127415761218847,30.0774912688478,0.000927260144249153,0.000110167985402532
Light_multipath,10,20,12,20261209,11.2649410346806,9.68584870752838,9.68584870752838,11.2649410346806,1.26494103468056,-0.314151292471621,-0.314151292471621,1.26494103468056,1,0,two_path_selected,unstable_split_fit,0.00515001291322116,0.815063769816035,0.905317760946276,0.332075160378461,24.6030551049109,0.00139983305185698,0.000132539327651227
Light_multipath,10,20,13,20261209,11.2492955253153,10.2771528759717,10.2771528759717,10.2771528759717,1.24929552531532,0.277152875971748,0.277152875971748,0.277152875971748,1,1,two_path_selected,stable_two_path_selected,0.005215866149068,0.474352531267044,0.926011141818961,0.184355135107238,26.4902013070289,0.00127569240635239,9.43870245362355e-05
Light_multipath,10,20,14,20261209,11.2469173819229,10.2440444907067,10.2440444907067,10.2440444907067,1.24691738192286,0.244044490706656,0.244044490706656,0.244044490706656,1,1,two_path_selected,stable_two_path_selected,0.005172500484068,0.345516607708623,0.91475407032976,0.214921384924343,24.8919929009041,0.00177225750060428,0.000151077738254068
Light_multipath,10,20,15,20261209,11.2430533626451,10.1894479098851,10.1894479098851,11.2430533626451,1.24305336264513,0.189447909885146,0.189447909885146,1.24305336264513,1,0,two_path_selected,unstable_split_fit,0.00522004419296807,1.74981057212907,0.915353910919095,0.203859265180601,25.72951855308,0.00121727639289104,0.000103037685988738
Light_multipath,10,20,16,20261209,11.2005081375584,10.7273021913076,10.7273021913076,10.7273021913076,1.20050813755842,0.727302191307558,0.727302191307558,0.727302191307558,1,1,two_path_selected,stable_two_path_selected,0.00520630131357403,0.439324692341774,0.957686965173787,0.0807504111171378,35.4099266789592,0.00153657190233814,6.50170204166134e-05
Light_multipath,10,20,17,20261209,11.2511806033705,10.2217692609727,10.2217692609727,10.2217692609727,1.25118060337053,0.221769260972675,0.221769260972675,0.221769260972675,1,1,two_path_selected,stable_two_path_selected,0.0051823960177014,0.425190014037007,0.938572690337042,0.241391930648796,22.293291506863,0.00120431127467224,7.39776015998839e-05
Light_multipath,10,20,18,20261209,11.2379223066319,10.2616667892748,10.2616667892748,11.2379223066319,1.2379223066319,0.26166678927477,0.26166678927477,1.2379223066319,1,0,two_path_selected,unstable_split_fit,0.00519039276547577,1.22065188769866,0.911489204120214,0.177006875562615,28.4663731531094,0.00176043796456549,0.000155817765340682
Light_multipath,10,20,19,20261209,11.2613158587363,10.1998027861676,10.1998027861676,10.1998027861676,1.26131585873629,0.199802786167632,0.199802786167632,0.199802786167632,1,1,two_path_selected,stable_two_path_selected,0.0052290775575472,0.529950539546974,0.917492731195679,0.228190870305777,24.0143506927119,0.00140331119335046,0.000115783373845879
Light_multipath,10,20,20,20261209,11.223551470436,10.3088191909677,10.3088191909677,11.223551470436,1.22355147043605,0.308819190967675,0.308819190967675,1.22355147043605,1,0,two_path_selected,unstable_split_fit,0.00524799640671226,1.28200427630765,0.943050873392524,0.164853521334938,28.3229850101523,0.00147125812804338,8.37868654062213e-05
Light_multipath,10,20,21,20261209,11.2334425559332,10.2795453775192,10.2795453775192,10.2795453775192,1.23344255593316,0.279545377519206,0.279545377519206,0.279545377519206,1,1,two_path_selected,stable_two_path_selected,0.00517873667441878,0.269043386021963,0.963512035796558,0.271003765723659,20.6119962621779,0.00162357110877753,5.92408044988169e-05
Light_multipath,10,20,22,20261209,11.2044066242172,10.0151180939969,10.0151180939969,10.0151180939969,1.20440662421715,0.0151180939968967,0.0151180939968967,0.0151180939968967,1,1,two_path_selected,stable_two_path_selected,0.00516891772321567,0.142724387213955,0.955241066453025,0.208696760033138,28.1650785915039,0.00129084016909164,5.77766293481385e-05
Light_multipath,10,20,23,20261209,11.2353415343265,10.4813701436835,10.4813701436835,11.2353415343265,1.23534153432653,0.481370143683462,0.481370143683462,1.23534153432653,1,0,two_path_selected,unstable_split_fit,0.00521080496955848,1.58279244798774,0.941771754273217,0.125660035042432,32.5430376625335,0.00189217056661284,0.000110177772709719
Light_multipath,10,20,24,20261209,11.2158260028158,10.2165079797107,10.2165079797107,10.2165079797107,1.2158260028158,0.21650797971067,0.21650797971067,0.21650797971067,1,1,two_path_selected,stable_two_path_selected,0.00523553912740166,0.113611836890998,0.918606707323422,0.180818771533779,26.9487789680198,0.0010381129802326,8.44954336314263e-05
Light_multipath,10,20,25,20261209,11.2270258384582,10.8487592777417,11.2270258384582,11.2270258384582,1.2270258384582,0.848759277741671,1.2270258384582,1.2270258384582,0,0,weak_echo,weak_echo,NaN,NaN,0.95162999704453,0.0704635424827285,33.8341903855714,0.0012701847265093,6.14388389752474e-05
Light_multipath,10,20,26,20261209,11.2332664268182,10.2581424899771,10.2581424899771,10.2581424899771,1.23326642681817,0.258142489977129,0.258142489977129,0.258142489977129,1,1,two_path_selected,stable_two_path_selected,0.00522005384415875,0.629594425663225,0.93783707579587,0.18989416400284,26.1800125806278,0.00142722423020336,8.8720431644429e-05
Light_multipath,10,20,27,20261209,11.2351769108682,10.6910887249647,10.6910887249647,10.6910887249647,1.23517691086824,0.691088724964654,0.691088724964654,0.691088724964654,1,1,two_path_selected,stable_two_path_selected,0.00519888202853386,0.721069900574154,0.894898059040619,0.109389035522939,27.523870861946,0.00123146464012547,0.000129429323900032
Light_multipath,10,20,28,20261209,11.2396984444601,10.2710020071202,10.2710020071202,10.2710020071202,1.23969844446015,0.271002007120241,0.271002007120241,0.271002007120241,1,1,two_path_selected,stable_two_path_selected,0.00523936719092052,0.483065925103801,0.958070800946069,0.18569234577833,26.3203037046303,0.00126066207920417,5.28585512586943e-05
Light_multipath,10,20,29,20261209,11.2277176125937,9.91985367805035,9.91985367805035,9.91985367805035,1.22771761259374,-0.0801463219496483,-0.0801463219496483,-0.0801463219496483,1,1,two_path_selected,stable_two_path_selected,0.00520318113026984,0.258074537630925,0.96414231149732,0.263667309699132,25.0266334571025,0.00125318383827788,4.49362757095617e-05
Light_multipath,10,20,30,20261209,11.2518600442918,10.6845891375085,10.6845891375085,10.6845891375085,1.25186004429181,0.684589137508461,0.684589137508461,0.684589137508461,1,1,two_path_selected,stable_two_path_selected,0.00516382109913943,0.21982063684603,0.929826924946274,0.0958582613065755,32.2755427400987,0.00128706865344652,9.03175652176014e-05
Light_multipath,10,20,31,20261209,11.2563484837197,10.0617434082563,10.0617434082563,11.2563484837197,1.25634848371974,0.0617434082563477,0.0617434082563477,1.25634848371974,1,0,two_path_selected,unstable_split_fit,0.00519123604855553,0.982717580649744,0.887783553333905,0.21887871126257,27.4931156856311,0.00165491097518378,0.000185708229183845
Light_multipath,10,20,32,20261209,11.2330881914555,9.35748922157384,9.35748922157384,11.2330881914555,1.23308819145548,-0.642510778426161,-0.642510778426161,1.23308819145548,1,0,two_path_selected,unstable_split_fit,0.00522009785252576,0.956411680460629,0.911983041754967,0.378606925296401,25.6233565670067,0.00114721435109644,0.000100974317638558
Light_multipath,10,20,33,20261209,11.227638602376,10.314293279187,10.314293279187,11.227638602376,1.227638602376,0.314293279186959,0.314293279186959,1.227638602376,1,0,two_path_selected,unstable_split_fit,0.00515045168333772,2.18816005021551,0.929013791553637,0.161834377612828,27.5068335430886,0.000997105566860945,7.07807436122199e-05
Light_multipath,10,20,34,20261209,11.2398716637728,10.1579559396524,10.1579559396524,10.1579559396524,1.23987166377285,0.157955939652442,0.157955939652442,0.157955939652442,1,1,two_path_selected,stable_two_path_selected,0.00520813068209743,0.223134466932439,0.918227061217357,0.178007395599863,29.9916472447647,0.0012667510470894,0.000103585955826491
Light_multipath,10,20,35,20261209,11.2481538366759,10.3414952412914,10.3414952412914,10.3414952412914,1.24815383667589,0.341495241291412,0.341495241291412,0.341495241291412,1,1,two_path_selected,stable_two_path_selected,0.00518359443271314,0.207758259034101,0.952859263333048,0.209379316135812,23.0069828248921,0.00131311293238423,6.19011109594947e-05
Light_multipath,10,20,36,20261209,11.2263980178581,10.1856130048565,10.1856130048565,10.1856130048565,1.22639801785809,0.185613004856453,0.185613004856453,0.185613004856453,1,1,two_path_selected,stable_two_path_selected,0.00522203950722482,0.689557361082851,0.959596115850913,0.193674358079827,27.1761421781026,0.00146162282262563,5.90552391950272e-05
Light_multipath,10,20,37,20261209,11.2340637173421,10.2224022880242,10.2224022880242,10.2224022880242,1.23406371734208,0.222402288024181,0.222402288024181,0.222402288024181,1,1,two_path_selected,stable_two_path_selected,0.00519304983553278,0.321846655713216,0.934875593772964,0.191282441388299,27.1505965301168,0.00160015376893297,0.000104209064073713
Light_multipath,10,20,38,20261209,11.2298720231576,10.2194008961208,10.2194008961208,10.2194008961208,1.22987202315764,0.21940089612081,0.21940089612081,0.21940089612081,1,1,two_path_selected,stable_two_path_selected,0.00518456466243204,0.289536203557791,0.909543966116199,0.162596153417411,30.7666357131288,0.00129483628407279,0.000117125754786063
Light_multipath,10,20,39,20261209,11.2348021073438,10.4622547673595,10.4622547673595,10.4622547673595,1.23480210734377,0.462254767359497,0.462254767359497,0.462254767359497,1,1,two_path_selected,stable_two_path_selected,0.00522188487159634,0.308632431452189,0.923425390154681,0.130706833385406,30.9187532759582,0.00158609324365355,0.000121454471311067
Light_multipath,10,20,40,20261209,11.244558317962,10.0743248560564,10.0743248560564,10.0743248560564,1.24455831796203,0.0743248560563536,0.0743248560563536,0.0743248560563536,1,1,two_path_selected,stable_two_path_selected,0.00519501650131842,0.133968946265234,0.957558595446518,0.229817740347527,25.6375361932656,0.00131592038033035,5.58495092217726e-05
Light_multipath,10,20,41,20261209,11.2527833897178,10.1832248153145,10.1832248153145,10.1832248153145,1.25278338971775,0.183224815314549,0.183224815314549,0.183224815314549,1,1,two_path_selected,stable_two_path_selected,0.00528393676761308,0.55629625113664,0.92627107943028,0.175131041428279,31.2515067140177,0.0018751012931153,0.000138249194300277
Light_multipath,10,20,42,20261209,11.2249117504541,10.4631726881103,10.4631726881103,10.4631726881103,1.22491175045407,0.463172688110305,0.463172688110305,0.463172688110305,1,1,two_path_selected,stable_two_path_selected,0.00517169983748731,0.326753646033527,0.93587148646521,0.139205222374327,28.0532567666936,0.00130767023945322,8.38589486498176e-05
Light_multipath,10,20,43,20261209,11.2402952705228,10.228021245121,10.228021245121,10.228021245121,1.24029527052277,0.228021245120996,0.228021245120996,0.228021245120996,1,1,two_path_selected,stable_two_path_selected,0.00521273651218155,0.386071357517142,0.937043214797844,0.208169171334757,24.9445709455732,0.00138079472905783,8.69303971655633e-05
Light_multipath,10,20,44,20261209,11.24553878877,10.011529411623,10.011529411623,10.011529411623,1.24553878877005,0.0115294116230267,0.0115294116230267,0.0115294116230267,1,1,two_path_selected,stable_two_path_selected,0.00520911981759004,0.325265891554295,0.954205271960307,0.230483853052547,26.4804465845654,0.00120213412407089,5.50514052790607e-05
Light_multipath,10,20,45,20261209,11.2531845639403,10.5926538365143,10.5926538365143,10.5926538365143,1.25318456394028,0.592653836514277,0.592653836514277,0.592653836514277,1,1,two_path_selected,stable_two_path_selected,0.00516695900888336,0.329532742852749,0.946366898126197,0.117034864797022,29.4744398707654,0.00117739968517183,6.31475972610041e-05
Light_multipath,10,20,46,20261209,11.2280901200593,10.5631857456536,10.5631857456536,10.5631857456536,1.22809012005926,0.563185745653634,0.563185745653634,0.563185745653634,1,1,two_path_selected,stable_two_path_selected,0.00521134121304775,0.340166599308745,0.972923211805026,0.129565140380585,28.0106336994613,0.00146163862131021,3.95764793668096e-05
Light_multipath,10,20,47,20261209,11.2629928195152,10.2113505357419,10.2113505357419,11.2629928195152,1.26299281951522,0.211350535741914,0.211350535741914,1.26299281951522,1,0,two_path_selected,unstable_split_fit,0.00518911328041415,1.31514686253886,0.894407040386482,0.197847513392297,26.7220288181629,0.00143504799122174,0.000151530964580537
Light_multipath,10,20,48,20261209,11.266336122225,9.94604156781716,9.94604156781716,11.266336122225,1.26633612222499,-0.0539584321828439,-0.0539584321828439,1.26633612222499,1,0,two_path_selected,unstable_split_fit,0.00514620007173679,1.57978234678034,0.952021331308204,0.239221747265722,27.4426467596778,0.00132371784497232,6.35102199253446e-05
Light_multipath,10,20,49,20261209,11.2226170003256,10.6008947900318,10.6008947900318,10.6008947900318,1.22261700032564,0.600894790031765,0.600894790031765,0.600894790031765,1,1,two_path_selected,stable_two_path_selected,0.00523691897060931,0.60648115496198,0.900810509093346,0.112487870651617,29.2929871776233,0.00123432936131196,0.000122432500959668
Light_multipath,10,20,50,20261209,11.2207312259602,10.384930116819,10.384930116819,10.384930116819,1.22073122596016,0.384930116818957,0.384930116818957,0.384930116818957,1,1,two_path_selected,stable_two_path_selected,0.00524861278613353,0.413919216347772,0.921633124764436,0.156296025425978,26.9457484070502,0.0012107359686877,9.48815946013593e-05
Light_multipath,15,20,1,20261209,16.2580637153349,16.0625458461302,16.2580637153349,16.2580637153349,1.25806371533486,1.06254584613022,1.25806371533486,1.25806371533486,0,0,weak_echo,weak_echo,NaN,NaN,0.959834502154533,0.0391673055067115,47.0331308817487,0.00131607743625128,5.28609054302187e-05
Light_multipath,15,20,2,20261209,16.2115989923111,14.7657965423418,14.7657965423418,14.7657965423418,1.21159899231107,-0.234203457658239,-0.234203457658239,-0.234203457658239,1,1,two_path_selected,stable_two_path_selected,0.00520648672117533,0.672343178912161,0.930611251652979,0.24354658103631,29.418146606756,0.00129579235486821,8.99134096219445e-05
Light_multipath,15,20,3,20261209,16.2050035660191,14.7834784901179,14.7834784901179,16.2050035660191,1.2050035660191,-0.216521509882099,-0.216521509882099,1.2050035660191,1,0,two_path_selected,unstable_split_fit,0.00514228578063893,0.936874794947489,0.927064864213004,0.288568248774264,25.2353568275029,0.00147299756447561,0.000107433277378943
Light_multipath,15,20,4,20261209,16.2407344579872,15.516256602401,15.516256602401,15.516256602401,1.24073445798722,0.516256602400986,0.516256602400986,0.516256602400986,1,1,two_path_selected,stable_two_path_selected,0.00525385992250987,0.705614681089079,0.941798085315507,0.188353077925211,21.302463512389,0.00110342787465334,6.4221615021065e-05
Light_multipath,15,20,5,20261209,16.2360869306251,15.8693226799925,16.2360869306251,16.2360869306251,1.23608693062506,0.869322679992461,1.23608693062506,1.23608693062506,0,0,weak_echo,weak_echo,NaN,NaN,0.955035823303164,0.0637906222080381,39.0172787836277,0.00161374858480201,7.25608765113073e-05
Light_multipath,15,20,6,20261209,16.2203330401456,15.1469464362023,15.1469464362023,16.2203330401456,1.22033304014556,0.146946436202327,0.146946436202327,1.22033304014556,1,0,two_path_selected,unstable_split_fit,0.00519634762545512,1.45093060982175,0.911601817345266,0.195308754850602,27.7255776466159,0.00154886498876983,0.000136916850184798
Light_multipath,15,20,7,20261209,16.2190105513093,15.3615147063226,15.3615147063226,15.3615147063226,1.21901055130929,0.361514706322613,0.361514706322613,0.361514706322613,1,1,two_path_selected,stable_two_path_selected,0.0051536838987131,0.538217930552555,0.947843633865988,0.172640983595639,25.1615379183822,0.00112810285923093,5.88377457628741e-05
Light_multipath,15,20,8,20261209,16.2243676212344,15.7171714154333,15.7171714154333,15.7171714154333,1.22436762123442,0.717171415433342,0.717171415433342,0.717171415433342,1,1,two_path_selected,stable_two_path_selected,0.00514945209942605,0.37328280970843,0.930464520158647,0.0901783029615276,31.7670021572207,0.00131138650225315,9.11878896916463e-05
Light_multipath,15,20,9,20261209,16.240400647733,15.6835004554909,15.6835004554909,16.240400647733,1.24040064773302,0.68350045549089,0.68350045549089,1.24040064773302,1,0,two_path_selected,unstable_split_fit,0.00516841054515136,0.973948837158794,0.928238015911189,0.0926772166141931,33.1526107274575,0.00132307646055252,9.49465919104497e-05
Light_multipath,15,20,10,20261209,16.244771980164,15.2286600482185,15.2286600482185,15.2286600482185,1.24477198016399,0.228660048218487,0.228660048218487,0.228660048218487,1,1,two_path_selected,stable_two_path_selected,0.00517198360764375,0.20816161127974,0.92576288669863,0.203769184257547,24.7219387867893,0.0010652143550649,7.90784387671994e-05
Light_multipath,15,20,11,20261209,16.2437849706642,15.7125649338583,15.7125649338583,15.7125649338583,1.24378497066416,0.712564933858321,0.712564933858321,0.712564933858321,1,1,two_path_selected,stable_two_path_selected,0.00519374615460851,0.582858479642844,0.910783187082572,0.0952621330279867,31.2888873253009,0.00138363308448297,0.000123443334044682
Light_multipath,15,20,12,20261209,16.2253024858652,15.2761824410449,15.2761824410449,15.2761824410449,1.22530248586515,0.276182441044909,0.276182441044909,0.276182441044909,1,1,two_path_selected,stable_two_path_selected,0.00519609422850395,0.191466999754638,0.949699943332124,0.215970270157926,23.9222218673856,0.00169794881514962,8.54069216211784e-05
Light_multipath,15,20,13,20261209,16.2470737814601,15.7906939272147,15.7906939272147,15.7906939272147,1.24707378146013,0.790693927214662,0.790693927214662,0.790693927214662,1,1,two_path_selected,stable_two_path_selected,0.00519586881264936,0.0594656633625945,0.953322630004011,0.160314186138239,21.1513470148791,0.00157870813537953,7.36899437507876e-05
Light_multipath,15,20,14,20261209,16.2188841756688,15.2230115946992,15.2230115946992,15.2230115946992,1.21888417566884,0.223011594699187,0.223011594699187,0.223011594699187,1,1,two_path_selected,stable_two_path_selected,0.00521980711316684,0.516324333706315,0.912524700215846,0.181352023735489,27.7189694571039,0.0014848289481082,0.000129885857363954
Light_multipath,15,20,15,20261209,16.2261125483987,15.5171138945623,15.5171138945623,15.5171138945623,1.22611254839872,0.517113894562279,0.517113894562279,0.517113894562279,1,1,two_path_selected,stable_two_path_selected,0.00516860724896519,0.234141142516616,0.940392776905103,0.148032886052171,27.1608161081614,0.00193751654979479,0.000115489981233674
Light_multipath,15,20,16,20261209,16.2276871928892,15.2485512381954,15.2485512381954,16.2276871928892,1.22768719288917,0.248551238195429,0.248551238195429,1.22768719288917,1,0,two_path_selected,unstable_split_fit,0.00526525851448825,1.89006026055184,0.920582532178288,0.165210634621738,29.9651313771922,0.00155134021049208,0.000123203511247283
Light_multipath,15,20,17,20261209,16.2540831848354,15.0887169152442,15.0887169152442,15.0887169152442,1.25408318483545,0.0887169152442322,0.0887169152442322,0.0887169152442322,1,1,two_path_selected,stable_two_path_selected,0.00513139387667796,0.32479730207929,0.96910730791402,0.204661041728465,29.5522509852061,0.0020406378544191,6.30407968955637e-05
Light_multipath,15,20,18,20261209,16.236462172033,15.5424241654455,15.5424241654455,15.5424241654455,1.23646217203304,0.542424165445524,0.542424165445524,0.542424165445524,1,1,two_path_selected,stable_two_path_selected,0.00518305423793061,0.391207492140738,0.878528164796729,0.138594618768918,25.5347230650158,0.00103386455068932,0.000125585424323837
Light_multipath,15,20,19,20261209,16.2092387265011,13.2688373013211,16.2092387265011,16.2092387265011,1.2092387265011,-1.73116269867894,1.2092387265011,1.2092387265011,0,0,excessive_shift,excessive_shift,NaN,NaN,0.886883733026982,0.580715017558478,29.1285558672756,0.00191633307573369,0.000216768443803916
Light_multipath,15,20,20,20261209,16.2296136507579,14.8683494323022,14.8683494323022,14.8683494323022,1.22961365075793,-0.131650567697797,-0.131650567697797,-0.131650567697797,1,1,two_path_selected,stable_two_path_selected,0.00522956433748976,0.342163326152731,0.956943163786322,0.225687375541392,30.2992679304249,0.00163156952743204,7.02502219138701e-05
Light_multipath,15,20,21,20261209,16.2082273760012,15.0170046447342,15.0170046447342,15.0170046447342,1.20822737600117,0.0170046447342163,0.0170046447342163,0.0170046447342163,1,1,two_path_selected,stable_two_path_selected,0.00516045130193577,0.102086803288138,0.931153216790613,0.218430227831662,26.8013619215553,0.00115955432068549,7.98315849357412e-05
Light_multipath,15,20,22,20261209,16.2527292595131,15.3286496950191,15.3286496950191,15.3286496950191,1.25272925951308,0.328649695019084,0.328649695019084,0.328649695019084,1,1,two_path_selected,stable_two_path_selected,0.00519955912565454,0.47185107922903,0.913817545230356,0.18498625734729,25.8064138805524,0.00145721226204243,0.000125586129863242
Light_multipath,15,20,23,20261209,16.2471751636765,15.2680666592354,15.2680666592354,15.2680666592354,1.24717516367647,0.268066659235433,0.268066659235433,0.268066659235433,1,1,two_path_selected,stable_two_path_selected,0.00526840498816928,0.353312431358287,0.965851481174603,0.197866127449996,25.3416070347267,0.00133831543530216,4.57014898367358e-05
Light_multipath,15,20,24,20261209,16.2279697148821,15.6401471721561,15.6401471721561,15.6401471721561,1.2279697148821,0.640147172156095,0.640147172156095,0.640147172156095,1,1,two_path_selected,stable_two_path_selected,0.00522734040382813,0.622949934773604,0.96720124822197,0.114159850704902,29.6068767675558,0.00173899722053261,5.70369381789337e-05
Light_multipath,15,20,25,20261209,16.2422223040095,15.8677369399746,16.2422223040095,16.2422223040095,1.24222230400945,0.867736939974595,1.24222230400945,1.24222230400945,0,0,weak_echo,weak_echo,NaN,NaN,0.973502884969631,0.063125463816659,40.5080545245352,0.00161232000604072,4.2721828665826e-05
Light_multipath,15,20,26,20261209,16.2416307940123,15.3589941473602,15.3589941473602,15.3589941473602,1.24163079401231,0.358994147360178,0.358994147360178,0.358994147360178,1,1,two_path_selected,stable_two_path_selected,0.0051698890494654,0.0232278382847788,0.91988455353834,0.169659616451853,26.8704749403314,0.00151737553449571,0.000121565218396125
Light_multipath,15,20,27,20261209,16.2413590716917,15.3460583703484,15.3460583703484,15.3460583703484,1.24135907169174,0.346058370348445,0.346058370348445,0.346058370348445,1,1,two_path_selected,stable_two_path_selected,0.00516341025716153,0.648904122967846,0.946061104362256,0.166894912307185,27.7301858879382,0.00156853730441142,8.46051699665562e-05
Light_multipath,15,20,28,20261209,16.2296331731186,15.0051026963638,15.0051026963638,16.2296331731186,1.2296331731186,0.00510269636380833,0.00510269636380833,1.2296331731186,1,0,two_path_selected,unstable_split_fit,0.00522731998823213,0.835294458203897,0.949632281180487,0.218550226864316,27.8493984070449,0.00134607920870211,6.77989390927003e-05
Light_multipath,15,20,29,20261209,16.2323604660111,15.3582496006795,15.3582496006795,16.2323604660111,1.23236046601108,0.358249600679457,0.358249600679457,1.23236046601108,1,0,two_path_selected,unstable_split_fit,0.00521092032152026,1.21210795702735,0.866453572652679,0.180386745573183,24.1115898619879,0.00101761312075843,0.000135898596699047
Light_multipath,15,20,30,20261209,16.2169850320638,15.4620817370542,15.4620817370542,15.4620817370542,1.21698503206384,0.462081737054177,0.462081737054177,0.462081737054177,1,1,two_path_selected,stable_two_path_selected,0.0051505474541713,0.401564352717863,0.938722668664728,0.167887631112295,24.8860848483703,0.00159927669476656,9.79994079219892e-05
Light_multipath,15,20,31,20261209,16.2324778428603,15.5280354697963,15.5280354697963,15.5280354697963,1.23247784286035,0.528035469796293,0.528035469796293,0.528035469796293,1,1,two_path_selected,stable_two_path_selected,0.00515257667137942,0.420354324803039,0.946525455492115,0.137515723080125,27.1131895412965,0.00130461213966093,6.97635399278251e-05
Light_multipath,15,20,32,20261209,16.2255786024302,15.283304123635,15.283304123635,15.283304123635,1.22557860243023,0.283304123634991,0.283304123634991,0.283304123634991,1,1,two_path_selected,stable_two_path_selected,0.00517747637564291,0.569459313647636,0.909266684200893,0.166125484398769,28.4439325779569,0.0013735864330946,0.000124630051611341
Light_multipath,15,20,33,20261209,16.2361651954898,15.5658344131914,15.5658344131914,16.2361651954898,1.23616519548975,0.565834413191361,0.565834413191361,1.23616519548975,1,0,two_path_selected,unstable_split_fit,0.00523107685110882,1.6023760715887,0.951952400815207,0.159741460758613,23.3739055560651,0.00123977715888834,5.9568316008729e-05
Light_multipath,15,20,34,20261209,16.2436902271417,15.7656020783739,15.7656020783739,15.7656020783739,1.24369022714172,0.765602078373895,0.765602078373895,0.765602078373895,1,1,two_path_selected,stable_two_path_selected,0.00521791384316098,0.619670602562692,0.943436932819563,0.114751674802893,27.1801697105898,0.00181934283166019,0.000102907610811442
Light_multipath,15,20,35,20261209,16.2157048928869,14.70365351694,14.70365351694,14.70365351694,1.21570489288693,-0.296346483060013,-0.296346483060013,-0.296346483060013,1,1,two_path_selected,stable_two_path_selected,0.00518098609330712,0.0478222348890789,0.947480531022494,0.275189045900432,27.2955733496579,0.00117703638878131,6.18173261059951e-05
Light_multipath,15,20,36,20261209,16.2416396240253,15.4113191311903,15.4113191311903,16.2416396240253,1.24163962402526,0.411319131190282,0.411319131190282,1.24163962402526,1,0,two_path_selected,unstable_split_fit,0.00525918091796978,1.31953271324024,0.920147684517949,0.150765154023664,27.5755986336206,0.00115724497893321,9.24086911477939e-05
Light_multipath,15,20,37,20261209,16.2269744054736,15.5150091742631,15.5150091742631,15.5150091742631,1.22697440547361,0.515009174263085,0.515009174263085,0.515009174263085,1,1,two_path_selected,stable_two_path_selected,0.00515215671321532,0.499522072766402,0.925810888725683,0.128728365160541,29.2406060431663,0.00151355859718838,0.000112289567187007
Light_multipath,15,20,38,20261209,16.2349373206024,15.1124521708508,15.1124521708508,15.1124521708508,1.23493732060242,0.112452170850791,0.112452170850791,0.112452170850791,1,1,two_path_selected,stable_two_path_selected,0.00520893015335809,0.308134263842508,0.909319593160113,0.205584114276745,27.5324124501315,0.00155923573540417,0.000141392130845741
Light_multipath,15,20,39,20261209,16.2397908502915,15.1485752156306,15.1485752156306,15.1485752156306,1.23979085029151,0.148575215630629,0.148575215630629,0.148575215630629,1,1,two_path_selected,stable_two_path_selected,0.00522807660542915,0.338435376162044,0.904911127429174,0.203261518667739,26.2660288607936,0.00110546856603966,0.000105117759607198
Light_multipath,15,20,40,20261209,16.2066082189762,14.9467178416193,14.9467178416193,16.2066082189762,1.2066082189762,-0.053282158380739,-0.053282158380739,1.2066082189762,1,0,two_path_selected,unstable_split_fit,0.00518480593261546,0.884036714768197,0.907054203190289,0.241355012623995,25.7709841036562,0.00115065482796761,0.000106948529838391
Light_multipath,15,20,41,20261209,16.2343477090202,15.3755080488809,15.3755080488809,15.3755080488809,1.23434770902024,0.375508048880903,0.375508048880903,0.375508048880903,1,1,two_path_selected,stable_two_path_selected,0.00516858865360005,0.26697619234281,0.947543335769233,0.192932297574613,23.1912262560735,0.00116139243184032,6.09227728372019e-05
Light_multipath,15,20,42,20261209,16.2614032404299,15.4830329678778,15.4830329678778,16.2614032404299,1.2614032404299,0.483032967877815,0.483032967877815,1.2614032404299,1,0,two_path_selected,unstable_split_fit,0.00513278367162615,1.49840870140601,0.940076717149449,0.142979286585071,29.0225607893175,0.00171834062275389,0.000102968611170873
Light_multipath,15,20,43,20261209,16.2099189238594,15.7731347226106,15.7731347226106,15.7731347226106,1.2099189238594,0.773134722610557,0.773134722610557,0.773134722610557,1,1,two_path_selected,stable_two_path_selected,0.00520257035822045,0.150610727476876,0.92420110764319,0.0822047897235977,33.1396211834905,0.0016110615131768,0.000122116678217488
Light_multipath,15,20,44,20261209,16.231772260419,15.4018350309386,15.4018350309386,16.231772260419,1.23177226041896,0.401835030938621,0.401835030938621,1.23177226041896,1,0,two_path_selected,unstable_split_fit,0.00519762223070041,0.774121647988043,0.912956527653168,0.156033863633559,26.4265955989501,0.00107082971460026,9.32087366509737e-05
Light_multipath,15,20,45,20261209,16.2713419845517,15.9650400560227,16.2713419845517,16.2713419845517,1.27134198455168,0.96504005602273,1.27134198455168,1.27134198455168,0,0,weak_echo,weak_echo,NaN,NaN,0.934563849699283,0.0587774892657821,37.5111118397806,0.00148556791175447,9.72098451554881e-05
Light_multipath,15,20,46,20261209,16.2324239545452,14.6374850063103,14.6374850063103,14.6374850063103,1.2324239545452,-0.36251499368969,-0.36251499368969,-0.36251499368969,1,1,two_path_selected,stable_two_path_selected,0.00521844194189112,0.149447292393685,0.875402905815259,0.273536651289574,29.0528443458019,0.00137246171711025,0.000171004741831737
Light_multipath,15,20,47,20261209,16.2345866642322,15.5210682985692,15.5210682985692,15.5210682985692,1.23458666423216,0.521068298569219,0.521068298569219,0.521068298569219,1,1,two_path_selected,stable_two_path_selected,0.0052346568616753,0.664673727688303,0.927390037924562,0.12161513313924,31.0575302889121,0.0015221723075789,0.000110524873525586
Light_multipath,15,20,48,20261209,16.2423919810703,15.7753760953448,15.7753760953448,15.7753760953448,1.24239198107034,0.775376095344768,0.775376095344768,0.775376095344768,1,1,two_path_selected,stable_two_path_selected,0.00524195858356115,0.0221617868696029,0.929610736536784,0.0820130854208437,34.0765717521872,0.00152323853917635,0.000107219638851408
Light_multipath,15,20,49,20261209,16.2261242610222,15.1903401379438,15.1903401379438,16.2261242610222,1.22612426102219,0.190340137943767,0.190340137943767,1.22612426102219,1,0,two_path_selected,unstable_split_fit,0.00519802083761826,2.98014811937579,0.883769669227499,0.188398196100917,27.068492838792,0.00122331899922146,0.000142186771919794
Light_multipath,15,20,50,20261209,16.286416091775,15.4071920311808,15.4071920311808,15.4071920311808,1.28641609177495,0.407192031180799,0.407192031180799,0.407192031180799,1,1,two_path_selected,stable_two_path_selected,0.00518110800229323,0.564190569451426,0.977917776634157,0.16630288332746,27.2203377308666,0.00137862279145695,3.04430564181946e-05
Light_multipath,20,20,1,20261209,21.2353042648346,20.1049190606767,20.1049190606767,20.1049190606767,1.23530426483465,0.10491906067665,0.10491906067665,0.10491906067665,1,1,two_path_selected,stable_two_path_selected,0.00519738224514379,0.00345602191873695,0.927549159019723,0.21633254504652,26.7311868282931,0.00166270463036544,0.000120464348771776
Light_multipath,20,20,2,20261209,21.2489263762422,20.819444032913,21.2489263762422,21.2489263762422,1.24892637624221,0.819444032913033,1.24892637624221,1.24892637624221,0,0,weak_echo,weak_echo,NaN,NaN,0.914003276017346,0.0747479560629235,33.0660311598534,0.00109293387365339,9.39887326638633e-05
Light_multipath,20,20,3,20261209,21.2453205267401,20.5832703121041,20.5832703121041,21.2453205267401,1.24532052674008,0.583270312104133,0.583270312104133,1.24532052674008,1,0,two_path_selected,unstable_split_fit,0.00519171552834138,2.0883212401943,0.926452513556762,0.10714882261298,32.4230676618245,0.00121801915274444,8.95822471240759e-05
Light_multipath,20,20,4,20261209,21.2355413978478,20.9348717068439,21.2355413978478,21.2355413978478,1.2355413978478,0.934871706843907,1.2355413978478,1.2355413978478,0,0,weak_echo,weak_echo,NaN,NaN,0.937507475123034,0.0643907927001051,33.8799303734147,0.00141754712337439,8.85860988717457e-05
Light_multipath,20,20,5,20261209,21.2463821651847,19.9965518247142,19.9965518247142,19.9965518247142,1.24638216518467,-0.00344817528583263,-0.00344817528583263,-0.00344817528583263,1,1,two_path_selected,stable_two_path_selected,0.00516670157191738,0.151972844322934,0.918585943836357,0.247167541279089,25.6397158780834,0.00144909428654816,0.000117976643631446
Light_multipath,20,20,6,20261209,21.2533629660607,20.0886831140916,20.0886831140916,20.0886831140916,1.25336296606066,0.0886831140916158,0.0886831140916158,0.0886831140916158,1,1,two_path_selected,stable_two_path_selected,0.00522388101442147,0.234996699018826,0.936607523495873,0.20568210772965,28.1854720690449,0.00139770609524281,8.86040508023545e-05
Light_multipath,20,20,7,20261209,21.2567670138838,20.4984565598853,20.4984565598853,20.4984565598853,1.25676701388376,0.498456559885263,0.498456559885263,0.498456559885263,1,1,two_path_selected,stable_two_path_selected,0.00519161340249618,0.593660144375335,0.853066070984898,0.123710429318121,30.1563164203648,0.000950704310094919,0.000139690719613839
Light_multipath,20,20,8,20261209,21.2432286797223,19.9363495737074,19.9363495737074,21.2432286797223,1.24322867972228,-0.0636504262925826,-0.0636504262925826,1.24322867972228,1,0,two_path_selected,unstable_split_fit,0.00520394264567283,1.26698581060484,0.95154544546952,0.245250589713122,27.2214360868552,0.00173150454628623,8.38992814577999e-05
Light_multipath,20,20,9,20261209,21.2357461865475,20.4442275974734,20.4442275974734,21.2357461865475,1.23574618654746,0.444227597473443,0.444227597473443,1.23574618654746,1,0,two_path_selected,unstable_split_fit,0.00518792853766572,1.91731806497151,0.936391658169149,0.138661725229422,29.3543509776916,0.00139112611444836,8.8487225417655e-05
Light_multipath,20,20,10,20261209,21.2279606328004,20.214648845147,20.214648845147,21.2279606328004,1.22796063280037,0.214648845146968,0.214648845146968,1.22796063280037,1,0,two_path_selected,unstable_split_fit,0.00519458257395707,1.42876704944929,0.937665632224371,0.193391578571276,26.6393815585934,0.0014666779955097,9.14244455805235e-05
Light_multipath,20,20,11,20261209,21.2534417293992,20.5136396018201,20.5136396018201,20.5136396018201,1.25344172939922,0.513639601820138,0.513639601820138,0.513639601820138,1,1,two_path_selected,stable_two_path_selected,0.00517666001398863,0.277849358088986,0.935596295027149,0.151541790034008,26.3791645121266,0.00155239459375767,9.99799634178178e-05
Light_multipath,20,20,12,20261209,21.2130303603136,20.8610164086729,21.2130303603136,21.2130303603136,1.21303036031363,0.861016408672896,1.21303036031363,1.21303036031363,0,0,weak_echo,weak_echo,NaN,NaN,0.977496586163599,0.0626444401746339,38.7343417307644,0.00154786720304978,3.4832296234022e-05
Light_multipath,20,20,13,20261209,21.2308774742345,19.6599832992999,19.6599832992999,19.6599832992999,1.23087747423445,-0.340016700700133,-0.340016700700133,-0.340016700700133,1,1,two_path_selected,stable_two_path_selected,0.00517891586851816,0.0946065212967397,0.926520334099833,0.356774783180821,23.5963547904775,0.00159732311956717,0.000117370769160408
Light_multipath,20,20,14,20261209,21.2377957225189,20.1562008747185,20.1562008747185,20.1562008747185,1.2377957225189,0.156200874718479,0.156200874718479,0.156200874718479,1,1,two_path_selected,stable_two_path_selected,0.00516256225214916,0.240819249136393,0.914005835191343,0.1793973575326,29.7906240608245,0.00129106748992602,0.000111024270507798
Light_multipath,20,20,15,20261209,21.227001878658,20.105903528229,20.105903528229,20.105903528229,1.22700187865798,0.105903528229014,0.105903528229014,0.105903528229014,1,1,two_path_selected,stable_two_path_selected,0.00526773921831003,0.196235701716468,0.918075756582777,0.213691674194761,26.3409259673572,0.0013923192646117,0.000114064702348537
Light_multipath,20,20,16,20261209,21.1915320697994,20.1202934128947,20.1202934128947,20.1202934128947,1.19153206979941,0.120293412894696,0.120293412894696,0.120293412894696,1,1,two_path_selected,stable_two_path_selected,0.00516465732096537,0.0495950736838893,0.875230482153864,0.22021185147885,24.3008130127171,0.0011741263342,0.000146495176608585
Light_multipath,20,20,17,20261209,21.2354918928316,20.4476546742067,20.4476546742067,20.4476546742067,1.23549189283162,0.44765467420671,0.44765467420671,0.44765467420671,1,1,two_path_selected,stable_two_path_selected,0.00520928755166423,0.322122362490553,0.934686712181624,0.148476272083073,27.1366512649059,0.00126022277325566,8.23092927049185e-05
Light_multipath,20,20,18,20261209,21.2295146757051,19.6386976267848,19.6386976267848,19.6386976267848,1.22951467570514,-0.36130237321521,-0.36130237321521,-0.36130237321521,1,1,two_path_selected,stable_two_path_selected,0.00518592084488262,0.450703833171474,0.925556743761003,0.308022816090099,26.113221913718,0.00125081229310742,9.31145400426825e-05
Light_multipath,20,20,19,20261209,21.2354908378347,20.3688266473905,20.3688266473905,21.2354908378347,1.23549083783474,0.368826647390506,0.368826647390506,1.23549083783474,1,0,two_path_selected,unstable_split_fit,0.00519679762068997,0.978405010445606,0.967844356536625,0.169474975949804,26.5767978318705,0.00145306639738974,4.67242850030747e-05
Light_multipath,20,20,20,20261209,21.2227804421688,20.0318523778325,20.0318523778325,21.2227804421688,1.22278044216881,0.0318523778324931,0.0318523778324931,1.22278044216881,1,0,two_path_selected,unstable_split_fit,0.00520649246056084,0.812183416960551,0.936291949544031,0.197508465558193,30.0934678969025,0.00146858332049993,9.35605802812045e-05
Light_multipath,20,20,21,20261209,21.234147172288,20.8353795622758,21.234147172288,21.234147172288,1.23414717228798,0.835379562275811,1.23414717228798,1.23414717228798,0,0,weak_echo,weak_echo,NaN,NaN,0.969395933307862,0.0738236016888829,34.0967227796401,0.00139433738045791,4.26723941828744e-05
Light_multipath,20,20,22,20261209,21.2364444589268,20.2547550514453,20.2547550514453,20.2547550514453,1.23644445892684,0.254755051445315,0.254755051445315,0.254755051445315,1,1,two_path_selected,stable_two_path_selected,0.00523144966187774,0.159298244583315,0.943184668985899,0.194277682452225,25.6216738500048,0.00132128471550774,7.50692284754439e-05
Light_multipath,20,20,23,20261209,21.2313872759115,20.1870691397997,20.1870691397997,20.1870691397997,1.23138727591146,0.187069139799675,0.187069139799675,0.187069139799675,1,1,two_path_selected,stable_two_path_selected,0.00522660858054455,0.341142958503916,0.959303157517744,0.17972420919363,29.2056088686457,0.0014353277584096,5.84133076944049e-05
Light_multipath,20,20,24,20261209,21.2412412245046,20.3761903610433,20.3761903610433,20.3761903610433,1.24124122450461,0.376190361043264,0.376190361043264,0.376190361043264,1,1,two_path_selected,stable_two_path_selected,0.00526961406663501,0.661741043170743,0.931246360957816,0.173880404620595,25.5392764159476,0.00130990350612525,9.00606328402276e-05
Light_multipath,20,20,25,20261209,21.2319655866401,19.8254220565973,19.8254220565973,19.8254220565973,1.23196558664014,-0.174577943402745,-0.174577943402745,-0.174577943402745,1,1,two_path_selected,stable_two_path_selected,0.00520575523025939,0.527804196428249,0.938830114255413,0.284082052433342,25.1826369881276,0.0013736634701651,8.40268375215114e-05
Light_multipath,20,20,26,20261209,21.1924193475509,20.6985254602589,20.6985254602589,20.6985254602589,1.19241934755087,0.698525460258928,0.698525460258928,0.698525460258928,1,1,two_path_selected,stable_two_path_selected,0.00520856745625393,0.736346563565455,0.898854174334238,0.0922426821582763,30.2333290283119,0.00135174972484275,0.000136723842012687
Light_multipath,20,20,27,20261209,21.2405656286301,20.0619458191277,20.0619458191277,21.2405656286301,1.24056562863005,0.0619458191277076,0.0619458191277076,1.24056562863005,1,0,two_path_selected,unstable_split_fit,0.0052191669077411,1.08703483820422,0.867758994586249,0.220515149439675,26.3708613963427,0.00126492402277534,0.000167274824543817
Light_multipath,20,20,28,20261209,21.2354570757038,18.5138553307775,21.2354570757038,21.2354570757038,1.23545707570383,-1.48614466922248,1.23545707570383,1.23545707570383,0,0,excessive_shift,excessive_shift,NaN,NaN,0.942167261889957,0.616120758360267,25.9407677099956,0.00131167813564237,7.58579381032742e-05
Light_multipath,20,20,29,20261209,21.2539161172638,20.3564780130618,20.3564780130618,20.3564780130618,1.25391611726376,0.356478013061825,0.356478013061825,0.356478013061825,1,1,two_path_selected,stable_two_path_selected,0.00516741215311967,0.0229456470406788,0.893129649723939,0.154665786496379,28.9963191821612,0.00130028792797243,0.000138962226322148
Light_multipath,20,20,30,20261209,21.2139558496306,20.9182966678159,21.2139558496306,21.2139558496306,1.21395584963063,0.918296667815888,1.21395584963063,1.21395584963063,0,0,weak_echo,weak_echo,NaN,NaN,0.948117883324292,0.0601917733794991,37.4612086419047,0.00167896354359698,8.71081824631581e-05
Light_multipath,20,20,31,20261209,21.2007534751041,20.3916804000757,20.3916804000757,21.2007534751041,1.20075347510412,0.391680400075714,0.391680400075714,1.20075347510412,1,0,two_path_selected,unstable_split_fit,0.0051345846951506,0.859180860734341,0.948760563582655,0.172036460291276,24.3788699743273,0.00118451066656866,6.06936589853113e-05
Light_multipath,20,20,32,20261209,21.2319785260565,20.9518044979176,21.2319785260565,21.2319785260565,1.23197852605655,0.951804497917635,1.23197852605655,1.23197852605655,0,0,weak_echo,weak_echo,NaN,NaN,0.923393486064878,0.0609762007800521,35.0438613050583,0.001496768305836,0.000114662202078675
Light_multipath,20,20,33,20261209,21.234273173065,20.3626033288067,20.3626033288067,20.3626033288067,1.23427317306497,0.362603328806728,0.362603328806728,0.362603328806728,1,1,two_path_selected,stable_two_path_selected,0.00518944439322675,0.13065224615768,0.981024470771038,0.152736852690653,29.0982584855944,0.00137058752546104,2.60076236502371e-05
Light_multipath,20,20,34,20261209,21.2517437686258,20.9745596263037,21.2517437686258,21.2517437686258,1.25174376862581,0.974559626303716,1.25174376862581,1.25174376862581,0,0,weak_echo,weak_echo,NaN,NaN,0.927097308403503,0.052305197680413,38.9466180471959,0.00130827900892827,9.53770611100691e-05
Light_multipath,20,20,35,20261209,21.2220332048305,20.2374972192859,20.2374972192859,21.2220332048305,1.22203320483045,0.237497219285885,0.237497219285885,1.22203320483045,1,0,two_path_selected,unstable_split_fit,0.00519008257849491,1.12764537265278,0.943589037483486,0.171817373751235,28.7609865614536,0.0013934020614681,7.86031514599106e-05
Light_multipath,20,20,36,20261209,21.2475388839996,20.6049074674235,20.6049074674235,21.2475388839996,1.2475388839996,0.604907467423516,0.604907467423516,1.2475388839996,1,0,two_path_selected,unstable_split_fit,0.00517084036719191,1.59741400420732,0.942286366929941,0.10718099016518,31.2929070057135,0.00117428251943741,6.7772110447395e-05
Light_multipath,20,20,37,20261209,21.2418988805773,20.8451583203945,21.2418988805773,21.2418988805773,1.24189888057732,0.845158320394454,1.24189888057732,1.24189888057732,0,0,weak_echo,weak_echo,NaN,NaN,0.940959901636162,0.0696283432190572,35.6254365799235,0.00139757770187399,8.25131249897471e-05
Light_multipath,20,20,38,20261209,21.2349889580283,20.2634599691394,20.2634599691394,21.2349889580283,1.23498895802829,0.263459969139376,0.263459969139376,1.23498895802829,1,0,two_path_selected,unstable_split_fit,0.00524960514124195,0.71885715606745,0.954473913929297,0.175018936031187,27.5847617578405,0.00121997479941571,5.55406777222878e-05
Light_multipath,20,20,39,20261209,21.2584393751666,20.0347672225195,20.0347672225195,21.2584393751666,1.25843937516665,0.0347672225194557,0.0347672225194557,1.25843937516665,1,0,two_path_selected,unstable_split_fit,0.0051995037707063,2.49559986894494,0.918784298741719,0.287892209063934,22.5230990573935,0.00141597711309638,0.000114999574205799
Light_multipath,20,20,40,20261209,21.2373907002448,20.4029353690075,20.4029353690075,20.4029353690075,1.23739070024478,0.402935369007469,0.402935369007469,0.402935369007469,1,1,two_path_selected,stable_two_path_selected,0.0052112221143641,0.370809499652495,0.909058323116439,0.189723335293674,23.4592783487984,0.00136482579964836,0.000124119546873969
Light_multipath,20,20,41,20261209,21.2457727725191,20.8159438220095,21.2457727725191,21.2457727725191,1.24577277251914,0.815943822009523,1.24577277251914,1.24577277251914,0,0,weak_echo,weak_echo,NaN,NaN,0.915579536459339,0.078991399343333,33.7286328031284,0.00157748246266931,0.000133171800725806
Light_multipath,20,20,42,20261209,21.2121922247885,20.6951410948974,20.6951410948974,20.6951410948974,1.21219222478848,0.695141094897387,0.695141094897387,0.695141094897387,1,1,two_path_selected,stable_two_path_selected,0.00522422630243428,0.183735002040063,0.915151345456278,0.108953924021259,28.1103169712246,0.00153138949180298,0.000129936337961878
Light_multipath,20,20,43,20261209,21.2893145089962,19.9852940469569,19.9852940469569,19.9852940469569,1.28931450899618,-0.0147059530430624,-0.0147059530430624,-0.0147059530430624,1,1,two_path_selected,stable_two_path_selected,0.00523310680262865,0.674872836735354,0.944043953095934,0.220898302191984,29.2610082550857,0.00136214474042062,7.62202349851027e-05
Light_multipath,20,20,44,20261209,21.2441085927288,20.10774039212,20.10774039212,20.10774039212,1.24410859272884,0.10774039212005,0.10774039212005,0.10774039212005,1,1,two_path_selected,stable_two_path_selected,0.00517331634278113,0.238663236907321,0.883846251621653,0.214245968758804,26.346039108087,0.00132421501565649,0.000153812537727394
Light_multipath,20,20,45,20261209,21.234782936442,19.6223687176179,19.6223687176179,21.234782936442,1.23478293644198,-0.377631282382055,-0.377631282382055,1.23478293644198,1,0,two_path_selected,unstable_split_fit,0.00518601478964836,1.2401476889128,0.920822444029223,0.328725053477163,25.8881484549364,0.0019456426650537,0.000154051231011421
Light_multipath,20,20,46,20261209,21.210207579932,20.5414453424179,20.5414453424179,21.210207579932,1.21020757993197,0.541445342417926,0.541445342417926,1.21020757993197,1,0,two_path_selected,unstable_split_fit,0.00522032033921005,0.895899728675104,0.891966704008725,0.11983605302188,30.688098390859,0.00177797553583914,0.000192080557328556
Light_multipath,20,20,47,20261209,21.2459890869728,20.4246699277846,20.4246699277846,21.2459890869728,1.24598908697282,0.424669927784571,0.424669927784571,1.24598908697282,1,0,two_path_selected,unstable_split_fit,0.00520745383129829,0.910726704617765,0.920037809448796,0.161982472207371,25.6841832621288,0.00115306587549902,9.22016732547437e-05
Light_multipath,20,20,48,20261209,21.2466029506901,19.9955067427892,19.9955067427892,19.9955067427892,1.24660295069012,-0.0044932572108074,-0.0044932572108074,-0.0044932572108074,1,1,two_path_selected,stable_two_path_selected,0.00518903524352688,0.242022104879503,0.92937865049195,0.22369474844007,27.8889247495708,0.00142149736190467,0.000100388062019841
Light_multipath,20,20,49,20261209,21.2403651247876,20.5701093784568,20.5701093784568,20.5701093784568,1.24036512478758,0.570109378456777,0.570109378456777,0.570109378456777,1,1,two_path_selected,stable_two_path_selected,0.00521339215405938,0.203796739186956,0.923293436223327,0.148607573474725,24.5211728251793,0.00126041820935585,9.66823497612346e-05
Light_multipath,20,20,50,20261209,21.235123692864,20.1846571736906,20.1846571736906,20.1846571736906,1.23512369286404,0.184657173690571,0.184657173690571,0.184657173690571,1,1,two_path_selected,stable_two_path_selected,0.00521892056108765,0.54869624401929,0.876578541666851,0.193081210014758,27.2429577261851,0.00152387507843788,0.000188078884498344
Light_multipath,1,30,1,20261209,2.24742363762017,0.442550568633476,0.442550568633476,2.24742363762017,1.24742363762017,-0.557449431366524,-0.557449431366524,1.24742363762017,1,0,two_path_selected,unstable_split_fit,0.00165655282040296,0.536856025978424,0.987677519818097,0.424363224253777,22.9394965490343,0.00110206152595405,1.3580131312807e-05
Light_multipath,1,30,2,20261209,2.21206491544843,0.802046640176487,0.802046640176487,2.21206491544843,1.21206491544843,-0.197953359823513,-0.197953359823513,1.21206491544843,1,0,two_path_selected,unstable_split_fit,0.00164693710943823,0.889835434206655,0.929320460175525,0.36817227582706,21.5014206407564,0.00166764062079294,0.000117868071670246
Light_multipath,1,30,3,20261209,2.23996532995821,1.1618050617724,1.1618050617724,2.23996532995821,1.23996532995821,0.161805061772405,0.161805061772405,1.23996532995821,1,0,two_path_selected,unstable_split_fit,0.00162579364540381,1.53762946443395,0.94535781485894,0.21403872026348,25.3776524625393,0.00128087258936316,6.99896771700903e-05
Light_multipath,1,30,4,20261209,2.23676566073624,1.81498086579492,2.23676566073624,2.23676566073624,1.23676566073624,0.814980865794923,1.23676566073624,1.23676566073624,0,0,weak_echo,weak_echo,NaN,NaN,0.890700842815375,0.0720037935983821,34.6810614435489,0.00125561577881705,0.000137237746372421
Light_multipath,1,30,5,20261209,2.23018182988274,1.52773129088317,1.52773129088317,1.52773129088317,1.23018182988274,0.527731290883172,0.527731290883172,0.527731290883172,1,1,two_path_selected,stable_two_path_selected,0.00163188626811651,0.415975274341622,0.891568188156779,0.153226138687507,24.2983174075131,0.0012003414013424,0.000130155192977988
Light_multipath,1,30,6,20261209,2.22450701349419,1.29749123254217,1.29749123254217,1.29749123254217,1.22450701349419,0.297491232542167,0.297491232542167,0.297491232542167,1,1,two_path_selected,stable_two_path_selected,0.00165657022603282,0.729012546285534,0.959178132019805,0.186133983209683,26.3972234177741,0.00173197362815714,7.07023987938094e-05
Light_multipath,1,30,7,20261209,2.24507648589646,1.19852843372194,1.19852843372194,1.19852843372194,1.24507648589646,0.19852843372194,0.19852843372194,0.19852843372194,1,1,two_path_selected,stable_two_path_selected,0.00164452774998867,0.498141371066585,0.934470575301166,0.303118187953739,19.5578823570674,0.00127522106572142,8.35645028005594e-05
Light_multipath,1,30,8,20261209,2.23865782135531,1.70595577546576,1.70595577546576,1.70595577546576,1.23865782135531,0.705955775465761,0.705955775465761,0.705955775465761,1,1,two_path_selected,stable_two_path_selected,0.00164390556680647,0.383017091326316,0.97177914700434,0.0891277899459068,33.3323199492315,0.00124784997214977,3.52153906246766e-05
Light_multipath,1,30,9,20261209,2.2219167693714,0.68464697240817,0.68464697240817,2.2219167693714,1.2219167693714,-0.31535302759183,-0.31535302759183,1.2219167693714,1,0,two_path_selected,unstable_split_fit,0.00164750654074234,0.454905567623416,0.937075156753,0.392517915633028,21.3215177955862,0.00118580989881045,7.46169020033882e-05
Light_multipath,1,30,10,20261209,2.251728022761,0.520506883485148,0.520506883485148,2.251728022761,1.251728022761,-0.479493116514852,-0.479493116514852,1.251728022761,1,0,two_path_selected,unstable_split_fit,0.00164885532002094,1.01851312647972,0.971774829116527,0.3500599218225,26.1816179203122,0.00182052191746029,5.13845422174253e-05
Light_multipath,1,30,11,20261209,2.22723351879815,1.55112165854493,1.55112165854493,2.22723351879815,1.22723351879815,0.551121658544934,0.551121658544934,1.22723351879815,1,0,two_path_selected,unstable_split_fit,0.00165129241294223,1.72726826415675,0.87404150591985,0.138136983410022,26.1230500246296,0.00136102935338944,0.000171433207751814
Light_multipath,1,30,12,20261209,2.25650345659382,0.770744107513422,0.770744107513422,2.25650345659382,1.25650345659382,-0.229255892486578,-0.229255892486578,1.25650345659382,1,0,two_path_selected,unstable_split_fit,0.00164154106778514,1.95664899482489,0.934677001384842,0.280637477924394,26.5666582704561,0.00127929003955551,8.35670614822703e-05
Light_multipath,1,30,13,20261209,2.21349461032905,0.92523959834484,0.92523959834484,2.21349461032905,1.21349461032905,-0.07476040165516,-0.07476040165516,1.21349461032905,1,0,two_path_selected,unstable_split_fit,0.00163978518752081,1.45013096059654,0.940792936788323,0.232075028333839,27.9796855192743,0.00158029511011293,9.35646324775607e-05
Light_multipath,1,30,14,20261209,2.24641607325326,1.63142991999112,1.63142991999112,2.24641607325326,1.24641607325326,0.631429919991118,0.631429919991118,1.24641607325326,1,0,two_path_selected,unstable_split_fit,0.0016405995479593,0.866370016549849,0.943982585686433,0.104405147554552,31.123576517047,0.00118759927566447,6.65262406633893e-05
Light_multipath,1,30,15,20261209,2.22663087889544,1.51935285133423,1.51935285133423,1.51935285133423,1.22663087889544,0.519352851334231,0.519352851334231,0.519352851334231,1,1,two_path_selected,stable_two_path_selected,0.00162955153821301,0.103941121135524,0.960664048127358,0.118413295264098,30.97809471466,0.00123975785387587,4.87670552737907e-05
Light_multipath,1,30,16,20261209,2.21602676253818,0.621035785423211,0.621035785423211,2.21602676253818,1.21602676253818,-0.378964214576789,-0.378964214576789,1.21602676253818,1,0,two_path_selected,unstable_split_fit,0.00166105357864622,0.690863450669525,0.955904011622432,0.330974834014172,24.9818766513128,0.00141366311819024,6.23368724295137e-05
Light_multipath,1,30,17,20261209,2.21827078594863,1.51181126368645,1.51181126368645,1.51181126368645,1.21827078594863,0.511811263686449,0.511811263686449,0.511811263686449,1,1,two_path_selected,stable_two_path_selected,0.00164869519775817,0.131897565249253,0.954548918967876,0.125962678959509,29.8839994668407,0.00148143280993729,6.73327226881071e-05
Light_multipath,1,30,18,20261209,2.22799960597903,1.51914612912129,1.51914612912129,2.22799960597903,1.22799960597903,0.519146129121291,0.519146129121291,1.22799960597903,1,0,two_path_selected,unstable_split_fit,0.00164470502505551,1.05588507394827,0.929872520370141,0.140204533429006,27.4543673816339,0.00159439273217798,0.000111810743847807
Light_multipath,1,30,19,20261209,2.22712757141212,1.64369536073936,1.64369536073936,1.64369536073936,1.22712757141212,0.643695360739362,0.643695360739362,0.643695360739362,1,1,two_path_selected,stable_two_path_selected,0.00163003851401099,0.128777824872469,0.972823455637158,0.101137801226178,32.3462101015823,0.00152708652607081,4.15009347216611e-05
Light_multipath,1,30,20,20261209,2.23927466695125,0.630700233968034,0.630700233968034,2.23927466695125,1.23927466695125,-0.369299766031966,-0.369299766031966,1.23927466695125,1,0,two_path_selected,unstable_split_fit,0.00164372907108991,0.164877991820234,0.939421448835234,0.343474687168276,24.3872849214553,0.00135934527975756,8.23471675803766e-05
Light_multipath,1,30,21,20261209,2.24249337641368,1.72450060501905,1.72450060501905,2.24249337641368,1.24249337641368,0.724500605019053,0.724500605019053,1.24249337641368,1,0,two_path_selected,unstable_split_fit,0.00165096511873396,0.992535105969252,0.931037225412977,0.0939331332353792,30.8739297069822,0.00126341193375668,8.71283923982169e-05
Light_multipath,1,30,22,20261209,2.22811782888597,1.34211607778434,1.34211607778434,1.34211607778434,1.22811782888597,0.342116077784336,0.342116077784336,0.342116077784336,1,1,two_path_selected,stable_two_path_selected,0.0016472679242331,0.420020357548323,0.914469735608994,0.160192996955343,27.5821493741604,0.00124668781712356,0.000106629538611624
Light_multipath,1,30,23,20261209,2.23091691109686,1.14396551459039,1.14396551459039,1.14396551459039,1.23091691109686,0.14396551459039,0.14396551459039,0.14396551459039,1,1,two_path_selected,stable_two_path_selected,0.00164866730517273,0.435143786002338,0.907497039429827,0.232671843074175,22.8613626213093,0.000820286911323187,7.58789678143579e-05
Light_multipath,1,30,24,20261209,2.23099673019637,0.314686197189163,0.314686197189163,2.23099673019637,1.23099673019637,-0.685313802810837,-0.685313802810837,1.23099673019637,1,0,two_path_selected,unstable_split_fit,0.00164341207728149,0.527308665132801,0.939558576116137,0.437145761106363,23.8819658173929,0.00138695260175559,8.38293901095355e-05
Light_multipath,1,30,25,20261209,2.256394956557,0.852307041260265,0.852307041260265,0.852307041260265,1.256394956557,-0.147692958739735,-0.147692958739735,-0.147692958739735,1,1,two_path_selected,stable_two_path_selected,0.00164391094448321,0.00738071699923992,0.942278642127186,0.424035347592178,19.2257100895277,0.00125194221635994,7.2263804706596e-05
Light_multipath,1,30,26,20261209,2.22124870709433,1.40718763810027,1.40718763810027,2.22124870709433,1.22124870709433,0.40718763810027,0.40718763810027,1.22124870709433,1,0,two_path_selected,unstable_split_fit,0.00165681606316396,1.37886307188229,0.949731049683302,0.151161329373445,27.7036806906924,0.00135794431949843,6.8262435529709e-05
Light_multipath,1,30,27,20261209,2.22683601125853,1.06571500665868,1.06571500665868,1.06571500665868,1.22683601125853,0.0657150066586831,0.0657150066586831,0.0657150066586831,1,1,two_path_selected,stable_two_path_selected,0.00163278670244064,0.248461231569801,0.917593361638111,0.226556694897527,26.5117652104159,0.00182775151953707,0.000150618858485885
Light_multipath,1,30,28,20261209,2.22934597905514,1.21099819360551,1.21099819360551,1.21099819360551,1.22934597905514,0.210998193605509,0.210998193605509,0.210998193605509,1,1,two_path_selected,stable_two_path_selected,0.00164009606808226,0.633204271335984,0.965813465297304,0.178608152635174,28.6593016675111,0.0014218647680766,4.86086292363908e-05
Light_multipath,1,30,29,20261209,2.23509578770924,0.701190570795732,0.701190570795732,2.23509578770924,1.23509578770924,-0.298809429204268,-0.298809429204268,1.23509578770924,1,0,two_path_selected,unstable_split_fit,0.00164549572692413,0.0185063919053119,0.912315726640326,0.354889285435241,22.7732907617742,0.0012532753550456,0.000109892538826761
Light_multipath,1,30,30,20261209,2.24195296241688,1.72615951323909,1.72615951323909,2.24195296241688,1.24195296241688,0.726159513239089,0.726159513239089,1.24195296241688,1,0,two_path_selected,unstable_split_fit,0.00163860313238754,1.02307704194111,0.963646778929617,0.0860515133074585,34.8957135933046,0.00150068498277456,5.45547329358076e-05
Light_multipath,1,30,31,20261209,2.25294932054278,0.523845020785196,0.523845020785196,0.523845020785196,1.25294932054278,-0.476154979214804,-0.476154979214804,-0.476154979214804,1,1,two_path_selected,stable_two_path_selected,0.00165359919374861,0.477812003652456,0.933557127564317,0.35235152053158,25.1825490973874,0.00115265151194888,7.6585477371216e-05
Light_multipath,1,30,32,20261209,2.23752769284424,0.710641269727224,0.710641269727224,0.710641269727224,1.23752769284424,-0.289358730272776,-0.289358730272776,-0.289358730272776,1,1,two_path_selected,stable_two_path_selected,0.00164884065743798,0.334095622714597,0.945976755121128,0.324982601158913,23.8588877776375,0.00102073440366768,5.51433846456284e-05
Light_multipath,1,30,33,20261209,2.24961196385439,0.280798663438228,0.280798663438228,2.24961196385439,1.24961196385439,-0.719201336561772,-0.719201336561772,1.24961196385439,1,0,two_path_selected,unstable_split_fit,0.00165227878733462,0.0660025159929791,0.93054120714116,0.630524102905012,19.7633916751409,0.00134700728447279,9.35614999515444e-05
Light_multipath,1,30,34,20261209,2.24534225833839,1.52307174164346,1.52307174164346,1.52307174164346,1.24534225833839,0.523071741643458,0.523071741643458,0.523071741643458,1,1,two_path_selected,stable_two_path_selected,0.00165068707608626,0.0985563814313926,0.933845506866746,0.127512876957412,28.8917806718786,0.00117457631082352,7.77035004888571e-05
Light_multipath,1,30,35,20261209,2.23514146506086,1.69884142387545,1.69884142387545,2.23514146506086,1.23514146506086,0.698841423875454,0.698841423875454,1.23514146506086,1,0,two_path_selected,unstable_split_fit,0.00166006070032745,1.55369762759355,0.92192410820175,0.107767386213289,27.6694533679533,0.00129535200350639,0.000101135762866411
Light_multipath,1,30,36,20261209,2.22922478511214,1.11003907878216,1.11003907878216,1.11003907878216,1.22922478511214,0.110039078782159,0.110039078782159,0.110039078782159,1,1,two_path_selected,stable_two_path_selected,0.00164776637141973,0.70813247821141,0.955706986733375,0.205204047531438,27.4486450744819,0.00145581397327765,6.44823876321254e-05
Light_multipath,1,30,37,20261209,2.22845633379496,0.503648982573542,0.503648982573542,2.22845633379496,1.22845633379496,-0.496351017426458,-0.496351017426458,1.22845633379496,1,0,two_path_selected,unstable_split_fit,0.00164058239615654,1.24664415366015,0.94283317535915,0.699411714366867,16.9589413903082,0.00123668027013379,7.06970841395371e-05
Light_multipath,1,30,38,20261209,2.2270400134633,1.34692234235116,1.34692234235116,1.34692234235116,1.2270400134633,0.346922342351156,0.346922342351156,0.346922342351156,1,1,two_path_selected,stable_two_path_selected,0.00163850928355105,0.358640728553112,0.894655021787079,0.1547743020096,28.2954128772807,0.00121930918626334,0.000128448099661727
Light_multipath,1,30,39,20261209,2.23139115013125,1.71925190709438,1.71925190709438,2.23139115013125,1.23139115013125,0.719251907094383,0.719251907094383,1.23139115013125,1,0,two_path_selected,unstable_split_fit,0.00165151883335907,0.775641743813904,0.906907945385348,0.0910496283490683,31.4354809773371,0.00127695957553131,0.000118874790546064
Light_multipath,1,30,40,20261209,2.22341633392753,1.12385802263034,1.12385802263034,1.12385802263034,1.22341633392753,0.123858022630343,0.123858022630343,0.123858022630343,1,1,two_path_selected,stable_two_path_selected,0.00162545474790841,0.363556284488358,0.923045339448341,0.211004107699653,25.8965479342547,0.00127082469285034,9.77958828589642e-05
Light_multipath,1,30,41,20261209,2.24131709718707,0.334254724247297,0.334254724247297,2.24131709718707,1.24131709718707,-0.665745275752703,-0.665745275752703,1.24131709718707,1,0,two_path_selected,unstable_split_fit,0.00163319483885606,0.651934520791395,0.917582999010715,0.387041686609513,25.4710917357181,0.00104341497778249,8.59951332561337e-05
Light_multipath,1,30,42,20261209,2.21161748712504,1.14093857174273,1.14093857174273,2.21161748712504,1.21161748712504,0.140938571742728,0.140938571742728,1.21161748712504,1,0,two_path_selected,unstable_split_fit,0.0016358473639053,1.27993322249707,0.948607795819405,0.222706748625584,24.6272088654598,0.0013631751974903,7.0056578083344e-05
Light_multipath,1,30,43,20261209,2.21713312253404,1.74613822605404,1.74613822605404,1.74613822605404,1.21713312253404,0.746138226054041,0.746138226054041,0.746138226054041,1,1,two_path_selected,stable_two_path_selected,0.0016525025790218,0.0673122902427119,0.942189336168371,0.110117727478276,25.5844448510864,0.00118341589473014,6.84140584632509e-05
Light_multipath,1,30,44,20261209,2.23395598464235,0.880296971882835,0.880296971882835,0.880296971882835,1.23395598464235,-0.119703028117165,-0.119703028117165,-0.119703028117165,1,1,two_path_selected,stable_two_path_selected,0.00163910186584841,0.488061598975812,0.95338461235394,0.295927731926477,23.8933206039481,0.00146698732095829,6.83841826383258e-05
Light_multipath,1,30,45,20261209,2.24481607571647,1.38560763820538,1.38560763820538,2.24481607571647,1.24481607571647,0.385607638205378,0.385607638205378,1.24481607571647,1,0,two_path_selected,unstable_split_fit,0.00163804928875623,0.784541677608071,0.96072765659018,0.16546487834473,27.1154484810593,0.00152697839509619,5.99680199115937e-05
Light_multipath,1,30,46,20261209,2.23966624077054,1.90751926291264,2.23966624077054,2.23966624077054,1.23966624077054,0.90751926291264,1.23966624077054,1.23966624077054,0,0,weak_echo,weak_echo,NaN,NaN,0.965858265045775,0.060432748072659,38.7960983034207,0.00153830634580232,5.25204475367858e-05
Light_multipath,1,30,47,20261209,2.26391802758536,1.45344058762117,1.45344058762117,1.45344058762117,1.26391802758536,0.453440587621166,0.453440587621166,0.453440587621166,1,1,two_path_selected,stable_two_path_selected,0.00164868417435247,0.154326248073866,0.949839533511711,0.151083313315611,27.3707452789466,0.00125885965015349,6.3144987294983e-05
Light_multipath,1,30,48,20261209,2.24539255859224,1.6714517828701,1.6714517828701,1.6714517828701,1.24539255859224,0.671451782870102,0.671451782870102,0.671451782870102,1,1,two_path_selected,stable_two_path_selected,0.00164234984196445,0.127467289648856,0.934359912137159,0.106530604428045,29.9206745228647,0.00143705761339952,9.43285880075084e-05
Light_multipath,1,30,49,20261209,2.25873053014288,4.53427904849707e-06,4.53427904849707e-06,2.25873053014288,1.25873053014288,-0.999995465720952,-0.999995465720952,1.25873053014288,1,0,two_path_selected,unstable_split_fit,0.00163951667788975,0.977477648880284,0.926767858475905,0.549292574208261,23.8021129645775,0.00149314027689251,0.000109345860072718
Light_multipath,1,30,50,20261209,2.2227619804675,1.0602187618246,1.0602187618246,1.0602187618246,1.2227619804675,0.0602187618246033,0.0602187618246033,0.0602187618246033,1,1,two_path_selected,stable_two_path_selected,0.00163933964052599,0.348156331277067,0.911982984466521,0.242334890416036,24.436181535971,0.00139237189388397,0.000122552418612365
Light_multipath,3,30,1,20261209,4.2299416106257,3.06617488738006,3.06617488738006,4.2299416106257,1.2299416106257,0.0661748873800621,0.0661748873800621,1.2299416106257,1,0,two_path_selected,unstable_split_fit,0.00166146619903276,2.25668158940527,0.927151860455891,0.228027448190114,25.4997984036953,0.00126958026838597,9.24865605538283e-05
Light_multipath,3,30,2,20261209,4.225654436752,3.85316302664682,4.225654436752,4.225654436752,1.225654436752,0.85316302664682,1.225654436752,1.225654436752,0,0,weak_echo,weak_echo,NaN,NaN,0.929363594476692,0.0686587101263672,33.2488449388467,0.00112769010431735,7.9655975513182e-05
Light_multipath,3,30,3,20261209,4.25168365302416,2.85244587889266,2.85244587889266,4.25168365302416,1.25168365302416,-0.147554121107341,-0.147554121107341,1.25168365302416,1,0,two_path_selected,unstable_split_fit,0.00164573369614656,0.85180508563507,0.943595523594917,0.30819592662777,23.7492653401846,0.00142697773105271,8.04879317617413e-05
Light_multipath,3,30,4,20261209,4.23154215412249,3.30101473603087,3.30101473603087,3.30101473603087,1.23154215412249,0.301014736030869,0.301014736030869,0.301014736030869,1,1,two_path_selected,stable_two_path_selected,0.00164141571887204,0.367297486440358,0.927186887474687,0.196008576004618,24.7763338607058,0.00146314010887139,0.000106535785387551
Light_multipath,3,30,5,20261209,4.25461287331831,3.07990865916478,3.07990865916478,3.07990865916478,1.25461287331831,0.0799086591647766,0.0799086591647766,0.0799086591647766,1,1,two_path_selected,stable_two_path_selected,0.00163693703845616,0.47507837884698,0.941125986891525,0.23778005525433,25.0059907863861,0.00131151656857487,7.72142436502588e-05
Light_multipath,3,30,6,20261209,4.23834268618551,2.70034781732914,2.70034781732914,2.70034781732914,1.23834268618551,-0.299652182670861,-0.299652182670861,-0.299652182670861,1,1,two_path_selected,stable_two_path_selected,0.00163480339788752,0.375458362356985,0.881409367283468,0.413633478113505,20.7766748535296,0.00129340329688721,0.000153385515335502
Light_multipath,3,30,7,20261209,4.22401937606779,3.31652980467809,3.31652980467809,3.31652980467809,1.22401937606779,0.316529804678085,0.316529804678085,0.316529804678085,1,1,two_path_selected,stable_two_path_selected,0.0016544705667949,0.204823903851632,0.91910557858082,0.184950835409377,25.3520883498057,0.00141304880315452,0.000114307765368249
Light_multipath,3,30,8,20261209,4.2318004552059,3.08960890061079,3.08960890061079,3.08960890061079,1.2318004552059,0.0896089006107879,0.0896089006107879,0.0896089006107879,1,1,two_path_selected,stable_two_path_selected,0.00164884505484318,0.0775192564563607,0.913822202318191,0.232989709472446,24.8469789665443,0.00133309200664655,0.000114882933240024
Light_multipath,3,30,9,20261209,4.21593238196685,2.95839461031468,2.95839461031468,4.21593238196685,1.21593238196685,-0.0416053896853228,-0.0416053896853228,1.21593238196685,1,0,two_path_selected,unstable_split_fit,0.0016267644169225,1.31104019403871,0.947646582820337,0.218557228670975,28.4814843155497,0.00133321094863836,6.97981489825583e-05
Light_multipath,3,30,10,20261209,4.21971176169957,3.11116012038015,3.11116012038015,3.11116012038015,1.21971176169957,0.111160120380149,0.111160120380149,0.111160120380149,1,1,two_path_selected,stable_two_path_selected,0.00164676930663512,0.125856030033698,0.903156712960982,0.217428427914149,25.3481724786042,0.00121241196790267,0.000117413960217139
Light_multipath,3,30,11,20261209,4.21605484636888,3.73564957826937,4.21605484636888,4.21605484636888,1.21605484636888,0.735649578269374,1.21605484636888,1.21605484636888,0,0,weak_echo,weak_echo,NaN,NaN,0.966077068266093,0.0775130228221112,35.5512661629387,0.00121188554222673,4.11107105182662e-05
Light_multipath,3,30,12,20261209,4.22622830198181,3.91585144114794,4.22622830198181,4.22622830198181,1.22622830198181,0.915851441147943,1.22622830198181,1.22622830198181,0,0,weak_echo,weak_echo,NaN,NaN,0.950483587515911,0.059140723705997,39.2124212126295,0.00170465468713221,8.4408384630974e-05
Light_multipath,3,30,13,20261209,4.24478274955827,3.79129072296176,3.79129072296176,3.79129072296176,1.24478274955827,0.791290722961758,0.791290722961758,0.791290722961758,1,1,two_path_selected,stable_two_path_selected,0.00164008121289868,0.500932340432325,0.960383357488039,0.092996851601416,28.9264521135703,0.00122815880258043,4.86555282297463e-05
Light_multipath,3,30,14,20261209,4.21886577527558,3.66285928598732,3.66285928598732,3.66285928598732,1.21886577527558,0.662859285987324,0.662859285987324,0.662859285987324,1,1,two_path_selected,stable_two_path_selected,0.00162203851134418,0.366998669532599,0.928946384703229,0.11419396176933,26.9771451283297,0.00123378566905075,8.76649322874012e-05
Light_multipath,3,30,15,20261209,4.22967062372609,2.6311469052716,2.6311469052716,4.22967062372609,1.22967062372609,-0.368853094728395,-0.368853094728395,1.22967062372609,1,0,two_path_selected,unstable_split_fit,0.00165242314336518,1.12254845387753,0.960583892140501,0.313698528490106,25.993188818915,0.00135693938338544,5.34852690943222e-05
Light_multipath,3,30,16,20261209,4.20681357343362,2.93275570352384,2.93275570352384,4.20681357343362,1.20681357343362,-0.0672442964761562,-0.0672442964761562,1.20681357343362,1,0,two_path_selected,unstable_split_fit,0.00164606135350066,1.29185660599167,0.915589685807529,0.244846398723162,25.9618339736134,0.00130335563541917,0.00011001665869026
Light_multipath,3,30,17,20261209,4.23116977375361,3.24430713649806,3.24430713649806,4.23116977375361,1.23116977375361,0.244307136498058,0.244307136498058,1.23116977375361,1,0,two_path_selected,unstable_split_fit,0.0016274413493095,1.07995167348785,0.946280545847329,0.168971981370885,29.5306985288506,0.0015100312429448,8.11180541244738e-05
Light_multipath,3,30,18,20261209,4.24888521174556,3.06656551773093,3.06656551773093,4.24888521174556,1.24888521174556,0.0665655177309254,0.0665655177309254,1.24888521174556,1,0,two_path_selected,unstable_split_fit,0.00165424213198225,0.988824337297114,0.936845343253218,0.219038406146859,27.0461485754481,0.00142428541496753,8.99502564917221e-05
Light_multipath,3,30,19,20261209,4.24496640511878,2.70876193536419,2.70876193536419,2.70876193536419,1.24496640511878,-0.291238064635809,-0.291238064635809,-0.291238064635809,1,1,two_path_selected,stable_two_path_selected,0.00164242969939853,0.236295076458136,0.937995088159267,0.315192653071311,24.6866646572873,0.00114027689510254,7.07027683548578e-05
Light_multipath,3,30,20,20261209,4.23629224598159,3.10985601685658,3.10985601685658,3.10985601685658,1.23629224598159,0.109856016856581,0.109856016856581,0.109856016856581,1,1,two_path_selected,stable_two_path_selected,0.00165358982508479,0.658748888362568,0.959243993487953,0.236036885401801,24.2523785519363,0.00124231034407152,5.06316084729619e-05
Light_multipath,3,30,21,20261209,4.24810789046966,3.67156669562767,3.67156669562767,3.67156669562767,1.24810789046966,0.671566695627667,0.671566695627667,0.671566695627667,1,1,two_path_selected,stable_two_path_selected,0.00164195216400171,0.107415749921602,0.931978686495639,0.107893771095171,30.3099349668416,0.00160166455982558,0.00010894732715272
Light_multipath,3,30,22,20261209,4.22710592426113,4.04507104864247,4.22710592426113,4.22710592426113,1.22710592426113,1.04507104864247,1.22710592426113,1.22710592426113,0,0,weak_echo,weak_echo,NaN,NaN,0.942609499280419,0.0457639655523068,40.9006943936133,0.00160576439794835,9.21556228359321e-05
Light_multipath,3,30,23,20261209,4.23178781300418,3.63488371731277,3.63488371731277,3.63488371731277,1.23178781300418,0.634883717312774,0.634883717312774,0.634883717312774,1,1,two_path_selected,stable_two_path_selected,0.00165938719199159,0.353436416281488,0.952007990961342,0.0992853359349715,32.798324392555,0.001356433450588,6.50979664209572e-05
Light_multipath,3,30,24,20261209,4.22607937493078,3.48852481835089,3.48852481835089,3.48852481835089,1.22607937493078,0.488524818350891,0.488524818350891,0.488524818350891,1,1,two_path_selected,stable_two_path_selected,0.00162105749399865,0.691671550054552,0.914666779772009,0.173587149227947,22.3581709584456,0.00101369870080847,8.6502174480918e-05
Light_multipath,3,30,25,20261209,4.23136246737065,3.30620923753518,3.30620923753518,3.30620923753518,1.23136246737065,0.306209237535182,0.306209237535182,0.306209237535182,1,1,two_path_selected,stable_two_path_selected,0.00164181924555992,0.306383045483272,0.954664364711203,0.179118738135227,26.3059634728235,0.00133260147681469,6.04143345381836e-05
Light_multipath,3,30,26,20261209,4.25620282508096,3.82423292543763,3.82423292543763,3.82423292543763,1.25620282508096,0.824232925437626,0.824232925437626,0.824232925437626,1,1,two_path_selected,stable_two_path_selected,0.00163312689287398,0.442258032690093,0.969590169107924,0.0872241463398716,30.4027179524473,0.00134546950990799,4.09155002667472e-05
Light_multipath,3,30,27,20261209,4.24327582931947,3.82364424468446,4.24327582931947,4.24327582931947,1.24327582931947,0.823644244684457,1.24327582931947,1.24327582931947,0,0,weak_echo,weak_echo,NaN,NaN,0.895565843140925,0.070745533879604,36.2656628782053,0.00141205548405621,0.000147466823915643
Light_multipath,3,30,28,20261209,4.21614902521015,3.54400697910808,3.54400697910808,3.54400697910808,1.21614902521015,0.544006979108078,0.544006979108078,0.544006979108078,1,1,two_path_selected,stable_two_path_selected,0.00164685406974538,0.0859082349194678,0.926767571824112,0.11460681015722,30.9376401888181,0.00135127309372218,9.89570097820192e-05
Light_multipath,3,30,29,20261209,4.24692002220524,2.8347482376893,2.8347482376893,4.24692002220524,1.24692002220524,-0.165251762310703,-0.165251762310703,1.24692002220524,1,0,two_path_selected,unstable_split_fit,0.0016433079730397,1.77067146795914,0.957369549414417,0.265413301619823,27.0153890776648,0.00157881364944279,6.73055372664155e-05
Light_multipath,3,30,30,20261209,4.24449506416714,3.05714129150395,3.05714129150395,3.05714129150395,1.24449506416714,0.0571412915039549,0.0571412915039549,0.0571412915039549,1,1,two_path_selected,stable_two_path_selected,0.00165094459949047,0.254052599161627,0.960745083897105,0.223432801150691,26.2669781784067,0.00116291935524981,4.56503017247645e-05
Light_multipath,3,30,31,20261209,4.24100457010233,3.50873394885862,3.50873394885862,3.50873394885862,1.24100457010233,0.508733948858617,0.508733948858617,0.508733948858617,1,1,two_path_selected,stable_two_path_selected,0.00164886126368725,0.28763317560398,0.92146943499706,0.156949398891921,24.6226556313732,0.00122771811292632,9.64133970724479e-05
Light_multipath,3,30,32,20261209,4.21180336991761,3.27185318152029,3.27185318152029,3.27185318152029,1.21180336991761,0.271853181520294,0.271853181520294,0.271853181520294,1,1,two_path_selected,stable_two_path_selected,0.00164963289551678,0.378506801660095,0.920099929162018,0.201411974112514,24.2469960154556,0.00138050277715163,0.000110302269686446
Light_multipath,3,30,33,20261209,4.22100533378423,3.54300734362238,3.54300734362238,3.54300734362238,1.22100533378423,0.543007343622378,0.543007343622378,0.543007343622378,1,1,two_path_selected,stable_two_path_selected,0.00162679941876996,0.0697067343520086,0.922883480825369,0.154076335970052,24.3000719035068,0.00139907987225896,0.000107892169795898
Light_multipath,3,30,34,20261209,4.23690602270032,3.18957251346679,3.18957251346679,3.18957251346679,1.23690602270032,0.189572513466786,0.189572513466786,0.189572513466786,1,1,two_path_selected,stable_two_path_selected,0.0016593052414098,0.0628369709313215,0.944867937889134,0.260483762733215,22.0431545845063,0.00154118212889554,8.4968548854425e-05
Light_multipath,3,30,35,20261209,4.22908170771166,3.66515818970788,3.66515818970788,3.66515818970788,1.22908170771166,0.66515818970788,0.66515818970788,0.66515818970788,1,1,two_path_selected,stable_two_path_selected,0.00163918708569196,0.00563466353384179,0.91166866562225,0.114665323111622,26.7585897720961,0.00115843046981201,0.000102325709182338
Light_multipath,3,30,36,20261209,4.21217160172787,3.24874224891658,3.24874224891658,3.24874224891658,1.21217160172787,0.24874224891658,0.24874224891658,0.24874224891658,1,1,two_path_selected,stable_two_path_selected,0.00165774321942154,0.195482346637842,0.943025841518532,0.228814392243729,22.5246096937208,0.00136875139986703,7.79834591777551e-05
Light_multipath,3,30,37,20261209,4.25234223431995,3.15100822216487,3.15100822216487,3.15100822216487,1.25234223431995,0.151008222164869,0.151008222164869,0.151008222164869,1,1,two_path_selected,stable_two_path_selected,0.0016535336843234,0.286025688487027,0.951970033062472,0.19791996103083,27.9776093592574,0.00147314057799131,7.07548932552537e-05
Light_multipath,3,30,38,20261209,4.23247976674914,2.53810113304959,2.53810113304959,4.23247976674914,1.23247976674914,-0.461898866950409,-0.461898866950409,1.23247976674914,1,0,two_path_selected,unstable_split_fit,0.00165092860279542,0.601469634007411,0.947249369269174,0.457519313427655,21.0704674718259,0.00132271917467874,6.97742707440607e-05
Light_multipath,3,30,39,20261209,4.22513113820315,3.62447760123639,3.62447760123639,3.62447760123639,1.22513113820315,0.624477601236391,0.624477601236391,0.624477601236391,1,1,two_path_selected,stable_two_path_selected,0.00164561171264005,0.111138994165793,0.944649133581518,0.122420192525124,27.6902798158939,0.00153366029807622,8.48894262901467e-05
Light_multipath,3,30,40,20261209,4.23868113534722,3.50853684814473,3.50853684814473,3.50853684814473,1.23868113534722,0.508536848144725,0.508536848144725,0.508536848144725,1,1,two_path_selected,stable_two_path_selected,0.001640214876239,0.330332130227837,0.958412663053331,0.188765280694495,21.9061883995326,0.00129425395843485,5.38245754639899e-05
Light_multipath,3,30,41,20261209,4.22236890205006,2.85652732602842,2.85652732602842,2.85652732602842,1.22236890205006,-0.143472673971582,-0.143472673971582,-0.143472673971582,1,1,two_path_selected,stable_two_path_selected,0.00164620819638755,0.193212804547551,0.914447588011165,0.410727152224304,19.0785679763683,0.00118680124965587,0.000101533709459423
Light_multipath,3,30,42,20261209,4.23039595256066,3.24891641371679,3.24891641371679,4.23039595256066,1.23039595256066,0.248916413716787,0.248916413716787,1.23039595256066,1,0,two_path_selected,unstable_split_fit,0.00164780440099704,0.824294582249829,0.898231216339373,0.18712521983828,26.4900855261338,0.00141578593849734,0.000144082812884694
Light_multipath,3,30,43,20261209,4.2127314156537,3.40404886204363,3.40404886204363,3.40404886204363,1.2127314156537,0.404048862043625,0.404048862043625,0.404048862043625,1,1,two_path_selected,stable_two_path_selected,0.00165050765724957,0.0832926261953886,0.960933041523336,0.13532514612457,30.5663852886339,0.00132479388421869,5.175566766491e-05
Light_multipath,3,30,44,20261209,4.23945455768328,2.89127118160984,2.89127118160984,2.89127118160984,1.23945455768328,-0.108728818390162,-0.108728818390162,-0.108728818390162,1,1,two_path_selected,stable_two_path_selected,0.001654729421692,0.354953242278944,0.956708273790246,0.293765567816604,23.6353018800732,0.00125686473093101,5.44118438141616e-05
Light_multipath,3,30,45,20261209,4.2418274522058,2.81121347415056,2.81121347415056,2.81121347415056,1.2418274522058,-0.188786525849441,-0.188786525849441,-0.188786525849441,1,1,two_path_selected,stable_two_path_selected,0.0016515197637217,0.56489790176977,0.932024555568911,0.263227415114928,27.0044917711987,0.00131820113131997,8.96053077510395e-05
Light_multipath,3,30,46,20261209,4.24531927565615,2.67171148397147,2.67171148397147,4.24531927565615,1.24531927565615,-0.328288516028534,-0.328288516028534,1.24531927565615,1,0,two_path_selected,unstable_split_fit,0.00165555989599987,0.968458460211126,0.958317421511426,0.389563999330822,21.8836002232183,0.00121686924743325,5.07222479164682e-05
Light_multipath,3,30,47,20261209,4.21592845196975,3.16673309114553,3.16673309114553,4.21592845196975,1.21592845196975,0.166733091145526,0.166733091145526,1.21592845196975,1,0,two_path_selected,unstable_split_fit,0.00164524337434899,2.64888186066994,0.963958599036716,0.183060784823658,28.3935759032142,0.00125022203191882,4.50597535455177e-05
Light_multipath,3,30,48,20261209,4.23313814933253,3.43421555209335,3.43421555209335,3.43421555209335,1.23313814933253,0.434215552093349,0.434215552093349,0.434215552093349,1,1,two_path_selected,stable_two_path_selected,0.00165451556695707,0.741526012924516,0.945783707529842,0.171550970778806,24.7122079920884,0.00136930922782419,7.42388695778029e-05
Light_multipath,3,30,49,20261209,4.25440573430054,3.24684773063724,3.24684773063724,3.24684773063724,1.25440573430054,0.24684773063724,0.24684773063724,0.24684773063724,1,1,two_path_selected,stable_two_path_selected,0.00164665709814455,0.656352591993786,0.921437515858191,0.202598140674583,25.0203723222399,0.00122521411508369,9.6255864486583e-05
Light_multipath,3,30,50,20261209,4.24641858211051,2.43306073334038,2.43306073334038,4.24641858211051,1.24641858211051,-0.56693926665962,-0.56693926665962,1.24641858211051,1,0,two_path_selected,unstable_split_fit,0.0016385639739519,1.92687863151894,0.961828929198391,0.433791482617545,22.7638982746657,0.0012240978819511,4.67251269200553e-05
Light_multipath,5,30,1,20261209,6.21907428055697,6.00566525879911,6.21907428055697,6.21907428055697,1.21907428055697,1.00566525879911,1.21907428055697,1.21907428055697,0,0,weak_echo,weak_echo,NaN,NaN,0.945982586371023,0.0429317754777915,43.2848273048586,0.00133965143273906,7.23645055609179e-05
Light_multipath,5,30,2,20261209,6.24285640432487,6.0098478443716,6.24285640432487,6.24285640432487,1.24285640432487,1.0098478443716,1.24285640432487,1.24285640432487,0,0,weak_echo,weak_echo,NaN,NaN,0.941836164725416,0.0473612673006727,41.6341465507417,0.00147691811864559,8.59032221669498e-05
Light_multipath,5,30,3,20261209,6.23472429898582,4.54268983253649,4.54268983253649,4.54268983253649,1.23472429898582,-0.457310167463511,-0.457310167463511,-0.457310167463511,1,1,two_path_selected,stable_two_path_selected,0.001646404190068,0.112523988901961,0.984045507812202,0.359796386616431,24.4907728167152,0.00121440637109105,1.93752369603839e-05
Light_multipath,5,30,4,20261209,6.24964110005251,5.88004814732227,6.24964110005251,6.24964110005251,1.24964110005251,0.880048147322272,1.24964110005251,1.24964110005251,0,0,weak_echo,weak_echo,NaN,NaN,0.964689365342827,0.0656107050910493,34.666290898957,0.00109067568118504,3.85124505077883e-05
Light_multipath,5,30,5,20261209,6.22129951253376,5.08283039128156,5.08283039128156,5.08283039128156,1.22129951253376,0.0828303912815649,0.0828303912815649,0.0828303912815649,1,1,two_path_selected,stable_two_path_selected,0.00165202649108078,0.453316935753156,0.964465082297341,0.234702852005842,25.3681882532171,0.0017026628592649,6.0503984579352e-05
Light_multipath,5,30,6,20261209,6.23692151916406,5.16127609211358,5.16127609211358,6.23692151916406,1.23692151916406,0.161276092113575,0.161276092113575,1.23692151916406,1,0,two_path_selected,unstable_split_fit,0.00164821803016748,1.25728666027437,0.9670906988625,0.237813576459764,24.1851302161955,0.00169369611923886,5.5738355623447e-05
Light_multipath,5,30,7,20261209,6.21380280970913,5.45028388460661,5.45028388460661,5.45028388460661,1.21380280970913,0.450283884606609,0.450283884606609,0.450283884606609,1,1,two_path_selected,stable_two_path_selected,0.00163656787172066,0.602733223646094,0.942209161045302,0.160700140189613,24.8676241835089,0.00125905734179566,7.27619800744428e-05
Light_multipath,5,30,8,20261209,6.22817085859869,4.49743238634262,4.49743238634262,4.49743238634262,1.22817085859869,-0.502567613657384,-0.502567613657384,-0.502567613657384,1,1,two_path_selected,stable_two_path_selected,0.00164308326769939,0.587509247638792,0.933046141673023,0.373143313023038,24.2349626964701,0.00120781922652902,8.08681573776227e-05
Light_multipath,5,30,9,20261209,6.23874277990638,5.16415118312363,5.16415118312363,6.23874277990638,1.23874277990638,0.16415118312363,0.16415118312363,1.23874277990638,1,0,two_path_selected,unstable_split_fit,0.00164974773428227,1.38415747650041,0.951582064421183,0.249154229579697,22.6271574287009,0.00129434046924803,6.26692934571071e-05
Light_multipath,5,30,10,20261209,6.22241068500134,5.68821824745275,5.68821824745275,5.68821824745275,1.22241068500134,0.688218247452749,0.688218247452749,0.688218247452749,1,1,two_path_selected,stable_two_path_selected,0.00163644739310551,0.45620492346678,0.917641686116557,0.0889354676168942,34.0828794378189,0.00146587884701721,0.000120727310197744
Light_multipath,5,30,11,20261209,6.23797169303061,5.6268830907057,5.6268830907057,6.23797169303061,1.23797169303061,0.626883090705697,0.626883090705697,1.23797169303061,1,0,two_path_selected,unstable_split_fit,0.00164288363745392,0.562337482887864,0.912281081160191,0.102887783375555,30.4804285967073,0.000977321647568585,8.57295982834572e-05
Light_multipath,5,30,12,20261209,6.22048889862319,5.02537608928082,5.02537608928082,6.22048889862319,1.22048889862319,0.0253760892808153,0.0253760892808153,1.22048889862319,1,0,two_path_selected,unstable_split_fit,0.00164355582125717,0.738633909487016,0.969079615370035,0.283277077855003,21.9773393497693,0.00111615986248181,3.45120922564668e-05
Light_multipath,5,30,13,20261209,6.23043144067982,5.35837868122787,5.35837868122787,5.35837868122787,1.23043144067982,0.358378681227868,0.358378681227868,0.358378681227868,1,1,two_path_selected,stable_two_path_selected,0.00165407578686811,0.287859898202743,0.962044781028742,0.169712021394398,26.0322327980306,0.00120712641769161,4.58167475094751e-05
Light_multipath,5,30,14,20261209,6.22690263049011,5.64457539366993,5.64457539366993,6.22690263049011,1.22690263049011,0.644575393669927,0.644575393669927,1.22690263049011,1,0,two_path_selected,unstable_split_fit,0.00165099449121367,0.756892449723491,0.947825638223478,0.0995592584430164,31.513077095645,0.00125958834269291,6.571821788115e-05
Light_multipath,5,30,15,20261209,6.23595595997606,6.00468051444812,6.23595595997606,6.23595595997606,1.23595595997606,1.00468051444812,1.23595595997606,1.23595595997606,0,0,weak_echo,weak_echo,NaN,NaN,0.972227869639924,0.044305982006964,43.234313444863,0.00129984118807336,3.609935892257e-05
Light_multipath,5,30,16,20261209,6.23805712131366,5.42996479045835,5.42996479045835,6.23805712131366,1.23805712131366,0.429964790458346,0.429964790458346,1.23805712131366,1,0,two_path_selected,unstable_split_fit,0.00164537981168609,1.46000164964296,0.934276327237665,0.136271070942995,30.6306639123905,0.00153063012955434,0.000100598633755
Light_multipath,5,30,17,20261209,6.23861175394031,5.16852925919638,5.16852925919638,6.23861175394031,1.23861175394031,0.168529259196379,0.168529259196379,1.23861175394031,1,0,two_path_selected,unstable_split_fit,0.00165535576964074,1.70193014222912,0.936674609308436,0.205052869489435,26.4663872154193,0.00149723533923418,9.48130128142211e-05
Light_multipath,5,30,18,20261209,6.23072455434159,5.69269720383599,5.69269720383599,5.69269720383599,1.23072455434159,0.692697203835989,0.692697203835989,0.692697203835989,1,1,two_path_selected,stable_two_path_selected,0.0016463716733139,0.0827159204128218,0.969917072378834,0.103141174142424,30.6130181390466,0.00163460313719632,4.9173647865608e-05
Light_multipath,5,30,19,20261209,6.21901448779243,5.05907889373862,5.05907889373862,6.21901448779243,1.21901448779243,0.0590788937386186,0.0590788937386186,1.21901448779243,1,0,two_path_selected,unstable_split_fit,0.00163912174983851,1.08721918212036,0.957593216683687,0.245881496858538,23.7855848038305,0.00111883812029001,4.74463257331692e-05
Light_multipath,5,30,20,20261209,6.2266958985729,5.1332294149623,5.1332294149623,5.1332294149623,1.2266958985729,0.133229414962299,0.133229414962299,0.133229414962299,1,1,two_path_selected,stable_two_path_selected,0.00163131649198229,0.318719959499265,0.927652278197222,0.231601938728227,24.1821337188969,0.00134177031035376,9.70740251367008e-05
Light_multipath,5,30,21,20261209,6.24419764789737,5.50244754043764,5.50244754043764,5.50244754043764,1.24419764789737,0.50244754043764,0.50244754043764,0.50244754043764,1,1,two_path_selected,stable_two_path_selected,0.00165271504533515,0.657696831378797,0.925586659007465,0.194959251394067,21.2315649017222,0.00118115125340768,8.78934109835861e-05
Light_multipath,5,30,22,20261209,6.22678286705382,4.59622296930834,4.59622296930834,4.59622296930834,1.22678286705382,-0.403777030691661,-0.403777030691661,-0.403777030691661,1,1,two_path_selected,stable_two_path_selected,0.00165949087146728,0.313549925708291,0.928091766928732,0.384465295355761,22.7209242535759,0.00129080444772445,9.28194670763993e-05
Light_multipath,5,30,23,20261209,6.21647410085123,5.77516303940595,5.77516303940595,5.77516303940595,1.21647410085123,0.775163039405951,0.775163039405951,0.775163039405951,1,1,two_path_selected,stable_two_path_selected,0.00163810332481352,0.51197199640642,0.920489956386848,0.0837204700812145,31.5657025622603,0.0013623974706396,0.000108324282309002
Light_multipath,5,30,24,20261209,6.25350064494762,5.47482201128746,5.47482201128746,5.47482201128746,1.25350064494762,0.474822011287461,0.474822011287461,0.474822011287461,1,1,two_path_selected,stable_two_path_selected,0.00164084235202958,0.705391709575892,0.905181843326519,0.135222721027918,28.8631794164021,0.0011675417991226,0.000110704161232045
Light_multipath,5,30,25,20261209,6.23906054473413,5.55741492113872,5.55741492113872,5.55741492113872,1.23906054473413,0.557414921138715,0.557414921138715,0.557414921138715,1,1,two_path_selected,stable_two_path_selected,0.00163874051133652,0.0193370519253335,0.954797927043356,0.137949750953723,26.4437123915984,0.00129004762757301,5.83128269791011e-05
Light_multipath,5,30,26,20261209,6.2225171856267,6.00276436866078,6.2225171856267,6.2225171856267,1.2225171856267,1.00276436866078,1.2225171856267,1.2225171856267,0,0,weak_echo,weak_echo,NaN,NaN,0.931356243260584,0.042595636502398,41.6708084942602,0.00113205155708074,7.77082717007271e-05
Light_multipath,5,30,27,20261209,6.22939085090442,5.36071470246601,5.36071470246601,5.36071470246601,1.22939085090442,0.360714702466006,0.360714702466006,0.360714702466006,1,1,two_path_selected,stable_two_path_selected,0.0016470550681072,0.0705828883586133,0.968037544326082,0.17916806172642,25.3009869066544,0.0013683085136984,4.37345002173295e-05
Light_multipath,5,30,28,20261209,6.25062395191563,5.27399865915731,5.27399865915731,5.27399865915731,1.25062395191563,0.273998659157305,0.273998659157305,0.273998659157305,1,1,two_path_selected,stable_two_path_selected,0.00164967782087589,0.517148526668009,0.950033453786518,0.193199327382962,25.8070969011845,0.00138440906488868,6.91741395191237e-05
Light_multipath,5,30,29,20261209,6.23194783175107,4.98895034107983,4.98895034107983,6.23194783175107,1.23194783175107,-0.0110496589201681,-0.0110496589201681,1.23194783175107,1,0,two_path_selected,unstable_split_fit,0.0016586825210002,2.03537724270668,0.933864566615451,0.250705580179504,25.4342486620067,0.00156763560329987,0.000103676260013286
Light_multipath,5,30,30,20261209,6.21657525059125,5.52530919790301,5.52530919790301,6.21657525059125,1.21657525059125,0.52530919790301,0.52530919790301,1.21657525059125,1,0,two_path_selected,unstable_split_fit,0.00164196189051323,0.898275452816613,0.951879355658561,0.126727442575911,28.0153763646692,0.0011097883432043,5.34037301576085e-05
Light_multipath,5,30,31,20261209,6.23395857781168,5.02473200495601,5.02473200495601,6.23395857781168,1.23395857781168,0.0247320049560127,0.0247320049560127,1.23395857781168,1,0,two_path_selected,unstable_split_fit,0.00163984019935804,0.935952934390098,0.923553639387353,0.266321205760521,23.360067632804,0.00129261814958181,9.88159531973842e-05
Light_multipath,5,30,32,20261209,6.23241519671434,5.51108068732403,5.51108068732403,5.51108068732403,1.23241519671434,0.51108068732403,0.51108068732403,0.51108068732403,1,1,two_path_selected,stable_two_path_selected,0.00164049799944304,0.108545581313106,0.96497690436267,0.134475463993299,28.6586591954061,0.00149385621727238,5.23194691659512e-05
Light_multipath,5,30,33,20261209,6.25293525062189,5.86378589409646,6.25293525062189,6.25293525062189,1.25293525062189,0.863785894096456,1.25293525062189,1.25293525062189,0,0,weak_echo,weak_echo,NaN,NaN,0.944590755226799,0.0689222514538808,35.7258044968769,0.00138126930143234,7.65350888207728e-05
Light_multipath,5,30,34,20261209,6.23952220452837,3.94914421961312,3.94914421961312,6.23952220452837,1.23952220452837,-1.05085578038688,-1.05085578038688,1.23952220452837,1,0,two_path_selected,unstable_split_fit,0.00163208179291218,1.12333022599901,0.954902778728236,0.536530445436416,24.4756235405789,0.00155496205498151,7.01244678626978e-05
Light_multipath,5,30,35,20261209,6.2522889813698,5.35347918212367,5.35347918212367,5.35347918212367,1.2522889813698,0.353479182123674,0.353479182123674,0.353479182123674,1,1,two_path_selected,stable_two_path_selected,0.00163478828924533,0.432388982695045,0.974366379771478,0.225518206580769,22.2535417706066,0.00151887800116035,3.89343418552013e-05
Light_multipath,5,30,36,20261209,6.22135245201602,4.9591967132041,4.9591967132041,6.22135245201602,1.22135245201602,-0.0408032867959029,-0.0408032867959029,1.22135245201602,1,0,two_path_selected,unstable_split_fit,0.00164865090569816,0.809049583071978,0.970799379065021,0.27491323275778,23.4940085143882,0.00118182228478281,3.45099445504538e-05
Light_multipath,5,30,37,20261209,6.23793845563225,4.93106735158301,4.93106735158301,6.23793845563225,1.23793845563225,-0.0689326484169897,-0.0689326484169897,1.23793845563225,1,0,two_path_selected,unstable_split_fit,0.00164707081311191,0.837415317003659,0.93261927935281,0.343556577568769,20.6929837120847,0.00122097972490565,8.22704937597507e-05
Light_multipath,5,30,38,20261209,6.23074859977883,4.85574104928664,4.85574104928664,4.85574104928664,1.23074859977883,-0.144258950713363,-0.144258950713363,-0.144258950713363,1,1,two_path_selected,stable_two_path_selected,0.00164025219734129,0.472335319765431,0.94146412882455,0.276688219220237,25.6934565509199,0.00167770144369794,9.82057155791694e-05
Light_multipath,5,30,39,20261209,6.24061042964683,5.72105945151818,5.72105945151818,5.72105945151818,1.24061042964683,0.721059451518176,0.721059451518176,0.721059451518176,1,1,two_path_selected,stable_two_path_selected,0.00165770495558941,0.535859137707902,0.92907089980403,0.104890743150188,28.7847274989093,0.00145337723852346,0.000103086739773772
Light_multipath,5,30,40,20261209,6.22359701059797,3.95738250793825,3.95738250793825,6.22359701059797,1.22359701059797,-1.04261749206175,-1.04261749206175,1.22359701059797,1,0,two_path_selected,unstable_split_fit,0.0016569147353736,0.930565361136223,0.902469871071351,0.552945445659884,23.8315671585048,0.00157649748291799,0.000153756002764682
Light_multipath,5,30,41,20261209,6.22404625700547,5.04926550417037,5.04926550417037,6.22404625700547,1.22404625700547,0.049265504170366,0.049265504170366,1.22404625700547,1,0,two_path_selected,unstable_split_fit,0.00164033248122084,0.846011061497977,0.935872739391602,0.217390508936462,27.2699571443332,0.00153534007334022,9.84571530056044e-05
Light_multipath,5,30,42,20261209,6.21282421495488,5.99825077957902,6.21282421495488,6.21282421495488,1.21282421495488,0.998250779579022,1.21282421495488,1.21282421495488,0,0,weak_echo,weak_echo,NaN,NaN,0.926092904626003,0.0431254181769064,42.4202651937559,0.00137206833340908,0.000101405585176906
Light_multipath,5,30,43,20261209,6.23294960243342,5.81019520923991,5.81019520923991,5.81019520923991,1.23294960243342,0.810195209239915,0.810195209239915,0.810195209239915,1,1,two_path_selected,stable_two_path_selected,0.00164791682456298,0.0489131350752618,0.969726569117443,0.0950339769034375,29.4415530295823,0.00165356765371483,5.00591660743677e-05
Light_multipath,5,30,44,20261209,6.23059621603449,5.59412656709132,5.59412656709132,6.23059621603449,1.23059621603449,0.594126567091321,0.594126567091321,1.23059621603449,1,0,two_path_selected,unstable_split_fit,0.00164272729793415,0.173608650699553,0.958110536412951,0.112119997087267,30.0518153627021,0.00126000221233391,5.27808167931632e-05
Light_multipath,5,30,45,20261209,6.23468914776635,4.94940898269222,4.94940898269222,4.94940898269222,1.23468914776635,-0.0505910173077808,-0.0505910173077808,-0.0505910173077808,1,1,two_path_selected,stable_two_path_selected,0.00164789875475721,0.669901602435042,0.968697077493435,0.295985883204358,22.9808385011071,0.00143166155096974,4.48151905856342e-05
Light_multipath,5,30,46,20261209,6.21990643090617,5.40435668374636,5.40435668374636,5.40435668374636,1.21990643090617,0.404356683746359,0.404356683746359,0.404356683746359,1,1,two_path_selected,stable_two_path_selected,0.00164777659115799,0.591771439289046,0.932563206656611,0.160426490557562,26.7122813755455,0.00151734085666155,0.000102324601782167
Light_multipath,5,30,47,20261209,6.22510761637071,5.68492577810573,5.68492577810573,5.68492577810573,1.22510761637071,0.684925778105729,0.684925778105729,0.684925778105729,1,1,two_path_selected,stable_two_path_selected,0.00163874549373429,0.0698090163356611,0.936927289700578,0.0982374779229649,30.7564399050637,0.00132742001429298,8.37239780071553e-05
Light_multipath,5,30,48,20261209,6.23115096741942,5.11136888149922,5.11136888149922,5.11136888149922,1.23115096741942,0.111368881499217,0.111368881499217,0.111368881499217,1,1,two_path_selected,stable_two_path_selected,0.00164708579741302,0.442465677327981,0.949243379297909,0.228405990146901,25.0700853739257,0.00142800287572165,7.24806003244982e-05
Light_multipath,5,30,49,20261209,6.22083419259433,4.31476319582619,4.31476319582619,4.31476319582619,1.22083419259433,-0.685236804173806,-0.685236804173806,-0.685236804173806,1,1,two_path_selected,stable_two_path_selected,0.00165770226830306,0.216739383351128,0.949338068466127,0.429818159851069,24.0937718313285,0.00139359048396459,7.06019856848705e-05
Light_multipath,5,30,50,20261209,6.23919566149141,5.78860758026778,5.78860758026778,5.78860758026778,1.23919566149141,0.788607580267779,0.788607580267779,0.788607580267779,1,1,two_path_selected,stable_two_path_selected,0.00163777474398552,0.470563036986112,0.974021086781078,0.0823161339825687,31.7663516033933,0.00116401303829394,3.02397937075316e-05
Light_multipath,10,30,1,20261209,11.2235105736233,10.1437652353122,10.1437652353122,10.1437652353122,1.22351057362334,0.143765235312173,0.143765235312173,0.143765235312173,1,1,two_path_selected,stable_two_path_selected,0.00165371752045563,0.132593213355022,0.947815556389981,0.210023832046235,26.0937254381155,0.00147788003058702,7.71223471185412e-05
Light_multipath,10,30,2,20261209,11.2183780392909,9.26020726113248,9.26020726113248,11.2183780392909,1.21837803929091,-0.739792738867518,-0.739792738867518,1.21837803929091,1,0,two_path_selected,unstable_split_fit,0.00164241143017398,0.562419914128924,0.940617781136221,0.37521607179928,27.1154731983954,0.00135468453518972,8.04441735600125e-05
Light_multipath,10,30,3,20261209,11.2374201184248,10.4727553725073,10.4727553725073,11.2374201184248,1.23742011842479,0.472755372507262,0.472755372507262,1.23742011842479,1,0,two_path_selected,unstable_split_fit,0.00164412027450303,0.987233271115652,0.943834092886411,0.150724901897117,26.0614587319178,0.00116823498050866,6.56149774020953e-05
Light_multipath,10,30,4,20261209,11.215709757707,10.4072188904743,10.4072188904743,11.215709757707,1.21570975770695,0.407218890474304,0.407218890474304,1.21570975770695,1,0,two_path_selected,unstable_split_fit,0.00164689590941276,0.988982954774063,0.967659405256381,0.189774841367179,23.5902818972414,0.00155302416891456,5.02257252739113e-05
Light_multipath,10,30,5,20261209,11.2407900606196,10.7745971677968,10.7745971677968,10.7745971677968,1.24079006061961,0.774597167796813,0.774597167796813,0.774597167796813,1,1,two_path_selected,stable_two_path_selected,0.00166829684502996,0.451989221749658,0.971013991174683,0.0916315690159031,31.2843796108155,0.00158718853271589,4.60062608167444e-05
Light_multipath,10,30,6,20261209,11.2278913023623,10.3813022903846,10.3813022903846,10.3813022903846,1.22789130236234,0.381302290384635,0.381302290384635,0.381302290384635,1,1,two_path_selected,stable_two_path_selected,0.00164330956018692,0.139306635195279,0.91670285335974,0.156721772600477,26.8366740605945,0.00109801617516014,9.14616143556923e-05
Light_multipath,10,30,7,20261209,11.2223118520112,10.5850412783724,10.5850412783724,11.2223118520112,1.22231185201117,0.585041278372351,0.585041278372351,1.22231185201117,1,0,two_path_selected,unstable_split_fit,0.00164309933504339,0.781940860322475,0.947771832948486,0.131832237216847,25.9932996306559,0.00118975106190788,6.21385172110411e-05
Light_multipath,10,30,8,20261209,11.2374496204004,9.93315200001602,9.93315200001602,9.93315200001602,1.23744962040045,-0.0668479999839775,-0.0668479999839775,-0.0668479999839775,1,1,two_path_selected,stable_two_path_selected,0.00163908068787778,0.226388637437847,0.965509459829621,0.272753337250125,24.2851149068153,0.00122136788732585,4.21256381806234e-05
Light_multipath,10,30,9,20261209,11.2324308282045,10.4545379337297,10.4545379337297,10.4545379337297,1.23243082820452,0.454537933729675,0.454537933729675,0.454537933729675,1,1,two_path_selected,stable_two_path_selected,0.00165740224308136,0.498732017812529,0.961733549515534,0.152158693505786,26.0914077001337,0.00112178468965984,4.29267182811e-05
Light_multipath,10,30,10,20261209,11.2402372717494,10.3416411301005,10.3416411301005,10.3416411301005,1.24023727174944,0.341641130100543,0.341641130100543,0.341641130100543,1,1,two_path_selected,stable_two_path_selected,0.00164337498166596,0.713432955196174,0.944312589468469,0.185088898109652,24.7984357336624,0.00121708987365965,6.77765834482535e-05
Light_multipath,10,30,11,20261209,11.2310286017139,10.7988809409863,10.7988809409863,11.2310286017139,1.23102860171391,0.798880940986265,0.798880940986265,1.23102860171391,1,0,two_path_selected,unstable_split_fit,0.00163124813821445,0.901344131882361,0.95998884679235,0.0903802662642686,30.1573413883007,0.00149918051309128,5.99839411952185e-05
Light_multipath,10,30,12,20261209,11.2392212344665,10.3879534319735,10.3879534319735,10.3879534319735,1.23922123446654,0.387953431973525,0.387953431973525,0.387953431973525,1,1,two_path_selected,stable_two_path_selected,0.0016586358263607,0.132722852853806,0.953823716210543,0.150358060211944,28.5349112426573,0.0012575672259667,5.8069781110559e-05
Light_multipath,10,30,13,20261209,11.2293698837384,10.1073250026785,10.1073250026785,10.1073250026785,1.2293698837384,0.107325002678522,0.107325002678522,0.107325002678522,1,1,two_path_selected,stable_two_path_selected,0.00163195228744309,0.530401591122686,0.811559852380288,0.246237504242375,23.1675199193,0.0013239390485047,0.000249483269739725
Light_multipath,10,30,14,20261209,11.2212210052166,10.2397354920679,10.2397354920679,11.2212210052166,1.22122100521665,0.239735492067869,0.239735492067869,1.22122100521665,1,0,two_path_selected,unstable_split_fit,0.00164350044256248,1.00574012342747,0.943957601031144,0.199057580403261,25.3105088049981,0.00139882161342997,7.83933189461017e-05
Light_multipath,10,30,15,20261209,11.2374063349769,10.7252689399245,10.7252689399245,10.7252689399245,1.23740633497686,0.725268939924547,0.725268939924547,0.725268939924547,1,1,two_path_selected,stable_two_path_selected,0.00164770943665073,0.440467302866853,0.949394162790284,0.101006893196752,29.9377157821109,0.00153798086078916,7.78308090727542e-05
Light_multipath,10,30,16,20261209,11.2552563236075,10.8307770194524,11.2552563236075,11.2552563236075,1.25525632360751,0.830777019452388,1.25525632360751,1.25525632360751,0,0,weak_echo,weak_echo,NaN,NaN,0.955495810135466,0.0793731347630436,32.9217724872549,0.00140583190610677,6.25654100669948e-05
Light_multipath,10,30,17,20261209,11.2048968047674,10.6600094234155,10.6600094234155,10.6600094234155,1.20489680476743,0.660009423415463,0.660009423415463,0.660009423415463,1,1,two_path_selected,stable_two_path_selected,0.00164615038996445,0.242206816683797,0.940005893020991,0.121404362051235,26.8479331034389,0.00159380761954075,9.56190648306876e-05
Light_multipath,10,30,18,20261209,11.2582505312094,10.3256728674348,10.3256728674348,11.2582505312094,1.25825053120935,0.325672867434751,0.325672867434751,1.25825053120935,1,0,two_path_selected,unstable_split_fit,0.00164810606854676,1.33767979493118,0.93525987147243,0.176040847987154,25.9190482402305,0.000984846684030094,6.37591009040595e-05
Light_multipath,10,30,19,20261209,11.2125320932172,10.1991343903212,10.1991343903212,10.1991343903212,1.21253209321718,0.199134390321152,0.199134390321152,0.199134390321152,1,1,two_path_selected,stable_two_path_selected,0.00163429526842882,0.526934701379046,0.970489422761778,0.19781648897852,26.4230402686721,0.00155212559690243,4.58041223108108e-05
Light_multipath,10,30,20,20261209,11.2261055229074,10.37609172196,10.37609172196,10.37609172196,1.22610552290737,0.376091721959959,0.376091721959959,0.376091721959959,1,1,two_path_selected,stable_two_path_selected,0.00163754229915028,0.62245435181357,0.970871156541592,0.154730696439508,27.3632875659674,0.00107019086750704,3.11734222502302e-05
Light_multipath,10,30,21,20261209,11.2159865925277,10.3985983565244,10.3985983565244,10.3985983565244,1.21598659252767,0.398598356524367,0.398598356524367,0.398598356524367,1,1,two_path_selected,stable_two_path_selected,0.00162764965491432,0.038910332373483,0.962211724622466,0.202901693762813,22.386823428727,0.00140762437679176,5.31916975783364e-05
Light_multipath,10,30,22,20261209,11.2500833507117,9.56031130099819,9.56031130099819,11.2500833507117,1.25008335071168,-0.439688699001806,-0.439688699001806,1.25008335071168,1,0,two_path_selected,unstable_split_fit,0.00164705420065222,0.481300669812974,0.962145016621081,0.315151778880224,27.2715061855585,0.00137597462367656,5.20874965090901e-05
Light_multipath,10,30,23,20261209,11.2338616485594,10.2867379610903,10.2867379610903,10.2867379610903,1.23386164855938,0.286737961090308,0.286737961090308,0.286737961090308,1,1,two_path_selected,stable_two_path_selected,0.00163593745337943,0.00514698717593376,0.957203484159131,0.167817336726431,27.8397136056938,0.00111272522015926,4.76207625110803e-05
Light_multipath,10,30,24,20261209,11.2459503574384,10.2037131109538,10.2037131109538,10.2037131109538,1.24595035743836,0.203713110953828,0.203713110953828,0.203713110953828,1,1,two_path_selected,stable_two_path_selected,0.00166009861536056,0.121111620283365,0.958918567317876,0.2027982186504,26.5506879339178,0.00158970781226087,6.53074744736415e-05
Light_multipath,10,30,25,20261209,11.227890634741,9.32188738681961,9.32188738681961,11.227890634741,1.227890634741,-0.678112613180385,-0.678112613180385,1.227890634741,1,0,two_path_selected,unstable_split_fit,0.00165496682120411,0.0223230353329846,0.948221964325406,0.448612774860859,23.1173351682975,0.00113029675925724,5.85245459236994e-05
Light_multipath,10,30,26,20261209,11.2201220908393,10.3974145650321,10.3974145650321,10.3974145650321,1.22012209083932,0.397414565032111,0.397414565032111,0.397414565032111,1,1,two_path_selected,stable_two_path_selected,0.00165081376485793,0.541661697789163,0.893279620528258,0.171840246473194,24.8133630326357,0.00129865539533669,0.000138592996593356
Light_multipath,10,30,27,20261209,11.2258307051229,10.7056343020587,10.7056343020587,10.7056343020587,1.22583070512286,0.70563430205873,0.70563430205873,0.70563430205873,1,1,two_path_selected,stable_two_path_selected,0.00163377602524038,0.504203310285469,0.971668847007123,0.1193406379371,24.8951906372624,0.00107095681599367,3.03414414026815e-05
Light_multipath,10,30,28,20261209,11.2400855225818,10.339749749198,10.339749749198,10.339749749198,1.24008552258176,0.339749749198013,0.339749749198013,0.339749749198013,1,1,two_path_selected,stable_two_path_selected,0.00163567611974168,0.453577014286669,0.957072382167738,0.164813618739704,27.2846312991305,0.00117553851393026,5.04630680731033e-05
Light_multipath,10,30,29,20261209,11.2291060748293,10.2984326921232,10.2984326921232,10.2984326921232,1.22910607482927,0.298432692123175,0.298432692123175,0.298432692123175,1,1,two_path_selected,stable_two_path_selected,0.00165233162805771,0.0582338247803591,0.905498819578081,0.17305911365935,27.4337264089582,0.0015055511698796,0.000142276362739224
Light_multipath,10,30,30,20261209,11.2369559835872,10.4552935310958,10.4552935310958,11.2369559835872,1.23695598358719,0.455293531095801,0.455293531095801,1.23695598358719,1,0,two_path_selected,unstable_split_fit,0.00163826356310496,0.780589773082724,0.954620285496576,0.13895807920356,28.4418960084011,0.00115413637235928,5.23743790756814e-05
Light_multipath,10,30,31,20261209,11.2375886626137,10.456159976374,10.456159976374,10.456159976374,1.23758866261369,0.456159976373979,0.456159976373979,0.456159976373979,1,1,two_path_selected,stable_two_path_selected,0.00163504104682231,0.360035948650314,0.909352452538445,0.162563854996061,25.0701146413219,0.00128135019152253,0.000116151252300911
Light_multipath,10,30,32,20261209,11.2486147035286,10.4893827813657,10.4893827813657,10.4893827813657,1.24861470352856,0.489382781365659,0.489382781365659,0.489382781365659,1,1,two_path_selected,stable_two_path_selected,0.00164597513095368,0.549184802250423,0.909099232474606,0.151521925586739,25.7945986346736,0.00119941674689894,0.000109027902875924
Light_multipath,10,30,33,20261209,11.21960349644,10.5296530358299,10.5296530358299,10.5296530358299,1.21960349644002,0.529653035829867,0.529653035829867,0.529653035829867,1,1,two_path_selected,stable_two_path_selected,0.0016496042263589,0.297252079135301,0.93739148669709,0.136178915459148,26.8627360100457,0.00130304064324527,8.15814374468538e-05
Light_multipath,10,30,34,20261209,11.2434955887695,10.5120486686441,10.5120486686441,10.5120486686441,1.24349558876946,0.512048668644056,0.512048668644056,0.512048668644056,1,1,two_path_selected,stable_two_path_selected,0.00163551094187589,0.510266131216884,0.893210004974473,0.127454208179961,29.2905195319142,0.00125269805548323,0.000133775619113541
Light_multipath,10,30,35,20261209,11.2314855095252,10.4399270653328,10.4399270653328,11.2314855095252,1.23148550952515,0.439927065332803,0.439927065332803,1.23148550952515,1,0,two_path_selected,unstable_split_fit,0.0016475982355781,1.06607363384615,0.97293380647225,0.133711848075895,30.394444837517,0.00132124695663194,3.57611258261503e-05
Light_multipath,10,30,36,20261209,11.2211036351741,10.4844455317764,10.4844455317764,10.4844455317764,1.22110363517408,0.484445531776384,0.484445531776384,0.484445531776384,1,1,two_path_selected,stable_two_path_selected,0.00164450070116731,0.120009355778429,0.93598540216726,0.188321291292113,21.8808196206122,0.00126554994861583,8.1013670997887e-05
Light_multipath,10,30,37,20261209,11.2160752773241,10.3936807661944,10.3936807661944,10.3936807661944,1.21607527732405,0.393680766194439,0.393680766194439,0.393680766194439,1,1,two_path_selected,stable_two_path_selected,0.00165403616457951,0.643689758607373,0.976224120089305,0.162522859285846,26.5393201335239,0.00142335515438297,3.38415212208787e-05
Light_multipath,10,30,38,20261209,11.2308766650578,10.7570418635671,10.7570418635671,10.7570418635671,1.23087666505777,0.757041863567103,0.757041863567103,0.757041863567103,1,1,two_path_selected,stable_two_path_selected,0.0016443704889961,0.494975018609196,0.956658373508313,0.0863105665977933,33.403771788588,0.001636188802421,7.09150839444117e-05
Light_multipath,10,30,39,20261209,11.2346376149357,10.5867260446423,10.5867260446423,10.5867260446423,1.23463761493574,0.586726044642344,0.586726044642344,0.586726044642344,1,1,two_path_selected,stable_two_path_selected,0.00163884556344004,0.0592654150867098,0.959822491864648,0.119065048104765,28.8253113247207,0.0012672106788123,5.0913367357186e-05
Light_multipath,10,30,40,20261209,11.2472214550041,10.457019832625,10.457019832625,11.2472214550041,1.24722145500408,0.457019832625035,0.457019832625035,1.24722145500408,1,0,two_path_selected,unstable_split_fit,0.00165509929967403,0.775002316334575,0.934480592335748,0.13883685541308,28.6051082893431,0.00114438070713874,7.49791460741278e-05
Light_multipath,10,30,41,20261209,11.2296179680282,10.3134460888792,10.3134460888792,10.3134460888792,1.22961796802819,0.313446088879186,0.313446088879186,0.313446088879186,1,1,two_path_selected,stable_two_path_selected,0.00163989938894163,0.0614080963388499,0.940415101965562,0.173117933337352,26.4455933802663,0.00117080518894408,6.97623078014242e-05
Light_multipath,10,30,42,20261209,11.2467595975057,10.4878800582324,10.4878800582324,11.2467595975057,1.24675959750573,0.487880058232427,0.487880058232427,1.24675959750573,1,0,two_path_selected,unstable_split_fit,0.00163218679647291,0.941718841534206,0.930333299416585,0.160726750343666,24.9801055197059,0.00130539523925699,9.09425792763319e-05
Light_multipath,10,30,43,20261209,11.211237098857,10.8083395396663,10.8083395396663,10.8083395396663,1.211237098857,0.808339539666342,0.808339539666342,0.808339539666342,1,1,two_path_selected,stable_two_path_selected,0.00163167522308504,0.245693199406837,0.956657998745881,0.0839900687607017,29.3567184218065,0.00116165246765876,5.03483427101159e-05
Light_multipath,10,30,44,20261209,11.2131722723575,10.4467909529274,10.4467909529274,10.4467909529274,1.21317227235746,0.446790952927397,0.446790952927397,0.446790952927397,1,1,two_path_selected,stable_two_path_selected,0.00163360913921894,0.607612815702318,0.930610883177364,0.167067433359067,24.1799739191366,0.00122682890172743,8.51285739833507e-05
Light_multipath,10,30,45,20261209,11.2110602405533,10.3199024842169,10.3199024842169,10.3199024842169,1.21106024055327,0.319902484216922,0.319902484216922,0.319902484216922,1,1,two_path_selected,stable_two_path_selected,0.0016371887560852,0.290827170191378,0.949296365056429,0.172533852133047,26.6576125563659,0.0014508388676695,7.35628043082581e-05
Light_multipath,10,30,46,20261209,11.2395750324547,10.3572748823781,10.3572748823781,10.3572748823781,1.2395750324547,0.357274882378082,0.357274882378082,0.357274882378082,1,1,two_path_selected,stable_two_path_selected,0.00166794793058072,0.454617434690665,0.915488603102835,0.171304952287793,26.3822886651165,0.0013878809237462,0.000117291755592719
Light_multipath,10,30,47,20261209,11.2161542864332,10.0867456428729,10.0867456428729,10.0867456428729,1.21615428643323,0.0867456428729056,0.0867456428729056,0.0867456428729056,1,1,two_path_selected,stable_two_path_selected,0.00163450325744046,0.102504639440124,0.937204495201651,0.217630669061905,26.100255440346,0.0013751292450479,8.63519351057551e-05
Light_multipath,10,30,48,20261209,11.2455031317286,10.3505962438347,10.3505962438347,10.3505962438347,1.24550313172863,0.350596243834694,0.350596243834694,0.350596243834694,1,1,two_path_selected,stable_two_path_selected,0.00164937638814838,0.166737341684398,0.954862919508189,0.144820347964103,31.0679909714624,0.00126566858817578,5.71285849404468e-05
Light_multipath,10,30,49,20261209,11.2319559272055,10.3232364647979,10.3232364647979,10.3232364647979,1.23195592720552,0.32323646479793,0.32323646479793,0.32323646479793,1,1,two_path_selected,stable_two_path_selected,0.00163267692466246,0.343184986838398,0.954561097226976,0.148363897358547,31.5766935137623,0.001622218488323,7.37118281675109e-05
Light_multipath,10,30,50,20261209,11.2356252944892,10.5425888339418,10.5425888339418,11.2356252944892,1.23562529448924,0.542588833941792,0.542588833941792,1.23562529448924,1,0,two_path_selected,unstable_split_fit,0.00164777692104559,1.37892848949402,0.931466706903921,0.121310092736461,28.4099035483598,0.000901931004837042,6.18123019069383e-05
Light_multipath,15,30,1,20261209,16.2134593329059,15.2881658922149,15.2881658922149,15.2881658922149,1.21345933290592,0.288165892214916,0.288165892214916,0.288165892214916,1,1,two_path_selected,stable_two_path_selected,0.00163830271900002,0.180529291782648,0.914204208000754,0.171655100770302,27.0905356473493,0.00133507561935864,0.000114543870141759
Light_multipath,15,30,2,20261209,16.2446967437056,15.1691244660621,15.1691244660621,16.2446967437056,1.24469674370556,0.169124466062101,0.169124466062101,1.24469674370556,1,0,two_path_selected,unstable_split_fit,0.00165253064175765,0.927966368498986,0.951305090966092,0.206184659082879,26.5978154283906,0.00152530614503754,7.42746439814645e-05
Light_multipath,15,30,3,20261209,16.2053038616132,15.444868305376,15.444868305376,15.444868305376,1.20530386161316,0.444868305375955,0.444868305375955,0.444868305375955,1,1,two_path_selected,stable_two_path_selected,0.00163854646171597,0.230836901535991,0.951388667109041,0.168927059228331,24.988883034465,0.00163705159534455,7.9579260060969e-05
Light_multipath,15,30,4,20261209,16.2460291782021,15.3616903751339,15.3616903751339,15.3616903751339,1.24602917820211,0.361690375133904,0.361690375133904,0.361690375133904,1,1,two_path_selected,stable_two_path_selected,0.00164414323159182,0.0297912857777796,0.9583181620511,0.173452408578486,26.2179358069718,0.00135525808154147,5.64896477337484e-05
Light_multipath,15,30,5,20261209,16.2265781984657,15.2254474792702,15.2254474792702,15.2254474792702,1.22657819846568,0.225447479270244,0.225447479270244,0.225447479270244,1,1,two_path_selected,stable_two_path_selected,0.00163138710517805,0.700928977865377,0.926879930516641,0.182258175900898,27.7655624796567,0.00148262366949137,0.000108409545730881
Light_multipath,15,30,6,20261209,16.250551211769,15.4519510313266,15.4519510313266,15.4519510313266,1.25055121176899,0.451951031326551,0.451951031326551,0.451951031326551,1,1,two_path_selected,stable_two_path_selected,0.00163866720052643,0.692055091713433,0.961110119385931,0.155210748671465,26.1399821929466,0.00112041129301099,4.35726614238519e-05
Light_multipath,15,30,7,20261209,16.2239261294467,15.0714449113445,15.0714449113445,15.0714449113445,1.22392612944667,0.0714449113444573,0.0714449113444573,0.0714449113444573,1,1,two_path_selected,stable_two_path_selected,0.001631798487982,0.302389447672944,0.948522193907912,0.21951297629923,26.4386256105522,0.00145942650945607,7.51280748594318e-05
Light_multipath,15,30,8,20261209,16.2363068820889,15.6133371393159,15.6133371393159,15.6133371393159,1.23630688208894,0.613337139315924,0.613337139315924,0.613337139315924,1,1,two_path_selected,stable_two_path_selected,0.00163580265080675,0.392470339423884,0.969010106613692,0.114809844740777,30.2322066415516,0.00157730088798402,4.88803863567533e-05
Light_multipath,15,30,9,20261209,16.2196738662277,15.389473722224,15.389473722224,16.2196738662277,1.2196738662277,0.389473722224043,0.389473722224043,1.2196738662277,1,0,two_path_selected,split_invalid,0.00165263079425431,NaN,0.915260211754491,0.156699135706876,26.676091030646,0.00118089673280308,0.000100068939077547
Light_multipath,15,30,10,20261209,16.2261343451828,15.2140132900798,15.2140132900798,16.2261343451828,1.22613434518282,0.214013290079833,0.214013290079833,1.22613434518282,1,0,two_path_selected,unstable_split_fit,0.00164794692636642,1.07768687778363,0.943379064502198,0.189917174575535,26.978050724319,0.00143852055676974,8.1450379657122e-05
Light_multipath,15,30,11,20261209,16.238960243998,15.3292520109771,15.3292520109771,16.238960243998,1.23896024399799,0.329252010977054,0.329252010977054,1.23896024399799,1,0,two_path_selected,unstable_split_fit,0.00164228340129905,1.08397664386901,0.908548424258332,0.154124896286944,29.9850521260753,0.00152058397238264,0.000139059800321917
Light_multipath,15,30,12,20261209,16.2445569542021,15.4647355428146,15.4647355428146,15.4647355428146,1.24455695420207,0.46473554281463,0.46473554281463,0.46473554281463,1,1,two_path_selected,stable_two_path_selected,0.00164479731159231,0.494247311986729,0.916624294519515,0.144485336555045,27.6032835291248,0.00127380817310563,0.000106204655079489
Light_multipath,15,30,13,20261209,16.2419787766627,15.0070832778438,15.0070832778438,15.0070832778438,1.24197877666269,0.00708327784377794,0.00708327784377794,0.00708327784377794,1,1,two_path_selected,stable_two_path_selected,0.0016489225518075,0.613141891438012,0.918496815774161,0.309517983100014,21.1830028210173,0.00117324031913979,9.56228218720323e-05
Light_multipath,15,30,14,20261209,16.2092623406749,15.3526993266973,15.3526993266973,15.3526993266973,1.20926234067488,0.352699326697312,0.352699326697312,0.352699326697312,1,1,two_path_selected,stable_two_path_selected,0.00165103361427501,0.210424769284721,0.942157440303622,0.185400069842252,24.3844495479679,0.00138537944891781,8.01338934761642e-05
Light_multipath,15,30,15,20261209,16.2290210595508,15.7257160158048,15.7257160158048,15.7257160158048,1.22902105955077,0.725716015804842,0.725716015804842,0.725716015804842,1,1,two_path_selected,stable_two_path_selected,0.00164261350401244,0.582767515257192,0.922377856778464,0.110624326225817,26.3367327907995,0.00121080096258352,9.39849657304315e-05
Light_multipath,15,30,16,20261209,16.2471958795093,15.4018074389936,15.4018074389936,15.4018074389936,1.24719587950934,0.4018074389936,0.4018074389936,0.4018074389936,1,1,two_path_selected,stable_two_path_selected,0.00164335059010601,0.0217278025144321,0.949958717849294,0.165445518024945,26.2900187800129,0.00132369881909455,6.62395860888676e-05
Light_multipath,15,30,17,20261209,16.2241501332421,15.1791244481284,15.1791244481284,15.1791244481284,1.22415013324211,0.179124448128388,0.179124448128388,0.179124448128388,1,1,two_path_selected,stable_two_path_selected,0.0016440782476314,0.216334828139935,0.906536283650859,0.212031018271213,24.3313350757984,0.00102191533996487,9.55120054673131e-05
Light_multipath,15,30,18,20261209,16.2422646882993,15.2777182439545,15.2777182439545,16.2422646882993,1.24226468829928,0.277718243954499,0.277718243954499,1.24226468829928,1,0,two_path_selected,unstable_split_fit,0.00164961961073185,0.871585197740337,0.909017018015691,0.170301006217431,28.1534457058543,0.0012870689904847,0.000117101374773831
Light_multipath,15,30,19,20261209,16.2122580041882,15.7892495285903,15.7892495285903,16.2122580041882,1.21225800418816,0.78924952859029,0.78924952859029,1.21225800418816,1,0,two_path_selected,unstable_split_fit,0.00163728419472128,0.89897729101364,0.953351725887541,0.0824474873674232,33.2252891635658,0.00172674950572094,8.05498842664232e-05
Light_multipath,15,30,20,20261209,16.2569050614853,15.215667282058,15.215667282058,15.215667282058,1.25690506148532,0.215667282057964,0.215667282057964,0.215667282057964,1,1,two_path_selected,stable_two_path_selected,0.00162830506817921,0.071375996811966,0.96704269026363,0.226350564733516,24.4057481837886,0.00163026180976922,5.37290434159399e-05
Light_multipath,15,30,21,20261209,16.25252169078,15.2519263429077,15.2519263429077,16.25252169078,1.25252169077999,0.251926342907714,0.251926342907714,1.25252169077999,1,0,two_path_selected,unstable_split_fit,0.0016441566268624,0.816839473200481,0.961945289383216,0.212118586872472,24.554923345063,0.00144065405052984,5.48236729918106e-05
Light_multipath,15,30,22,20261209,16.2155259679494,15.8974526083793,16.2155259679494,16.2155259679494,1.21552596794939,0.897452608379346,1.21552596794939,1.21552596794939,0,0,weak_echo,weak_echo,NaN,NaN,0.921559141460404,0.0581767669063862,39.1252792349787,0.00155928895335711,0.00012231196421264
Light_multipath,15,30,23,20261209,16.2572077548459,15.7849769609111,15.7849769609111,15.7849769609111,1.2572077548459,0.784976960911129,0.784976960911129,0.784976960911129,1,1,two_path_selected,stable_two_path_selected,0.00164613035934001,0.513310518767089,0.937854384696031,0.086608610674237,31.4158870906707,0.00125581800844254,7.8043582844467e-05
Light_multipath,15,30,24,20261209,16.2526066290261,15.4428727591531,15.4428727591531,15.4428727591531,1.25260662902609,0.44287275915309,0.44287275915309,0.44287275915309,1,1,two_path_selected,stable_two_path_selected,0.00164369945244334,0.413746647050523,0.958424509581144,0.143888647986143,28.7158856996757,0.00130847637968157,5.44005471867504e-05
Light_multipath,15,30,25,20261209,16.2260733135636,15.0004626741814,15.0004626741814,15.0004626741814,1.22607331356361,0.000462674181379796,0.000462674181379796,0.000462674181379796,1,1,two_path_selected,stable_two_path_selected,0.00163953555189132,0.200717338398341,0.918441930383415,0.223880978783023,27.117038214389,0.00130494792887137,0.00010642903402891
Light_multipath,15,30,26,20261209,16.2190830025634,15.4194259509912,15.4194259509912,15.4194259509912,1.21908300256343,0.419425950991158,0.419425950991158,0.419425950991158,1,1,two_path_selected,stable_two_path_selected,0.001658127090995,0.608789235520501,0.971500858924189,0.148695728768684,28.5078264037228,0.00163962148814734,4.67278041016428e-05
Light_multipath,15,30,27,20261209,16.2464127419267,15.4457309807547,15.4457309807547,15.4457309807547,1.24641274192674,0.445730980754744,0.445730980754744,0.445730980754744,1,1,two_path_selected,stable_two_path_selected,0.00163507961098248,0.297221634470439,0.966069356559526,0.162412839491261,26.3366335437073,0.00155069217886172,5.26159834068896e-05
Light_multipath,15,30,28,20261209,16.2346921780851,15.0452773914745,15.0452773914745,15.0452773914745,1.23469217808506,0.0452773914744888,0.0452773914744888,0.0452773914744888,1,1,two_path_selected,stable_two_path_selected,0.00163644615142096,0.264878263639126,0.929254328557751,0.206227653852902,28.8618452733234,0.00152070870439336,0.00010758355836038
Light_multipath,15,30,29,20261209,16.234237793377,15.633872076915,15.633872076915,15.633872076915,1.23423779337701,0.633872076915026,0.633872076915026,0.633872076915026,1,1,two_path_selected,stable_two_path_selected,0.00163386581194827,0.560601078418951,0.954111852916622,0.115381916599127,28.7947144748302,0.00145774563089551,6.6893245920685e-05
Light_multipath,15,30,30,20261209,16.2393153198732,15.3605874262081,15.3605874262081,15.3605874262081,1.23931531987322,0.360587426208102,0.360587426208102,0.360587426208102,1,1,two_path_selected,stable_two_path_selected,0.00163539694672317,0.0876456468405244,0.932761441162057,0.190891601169098,23.9111428869312,0.00129596085909167,8.71385404757063e-05
Light_multipath,15,30,31,20261209,16.2362532664434,16.1138981206821,16.2362532664434,16.2362532664434,1.23625326644338,1.11389812068207,1.23625326644338,1.23625326644338,0,0,weak_echo,weak_echo,NaN,NaN,0.946959132457255,0.0390614987400462,43.3710538607976,0.00155634413853201,8.25498433028038e-05
Light_multipath,15,30,32,20261209,16.2032997675838,15.136059982852,15.136059982852,15.136059982852,1.20329976758377,0.136059982851972,0.136059982851972,0.136059982851972,1,1,two_path_selected,stable_two_path_selected,0.00164477820560993,0.393627631269197,0.9157848487575,0.233809731486326,23.0143593288992,0.00105902364489019,8.91858364238107e-05
Light_multipath,15,30,33,20261209,16.2209548278601,15.2755814675285,15.2755814675285,15.2755814675285,1.22095482786006,0.275581467528504,0.275581467528504,0.275581467528504,1,1,two_path_selected,stable_two_path_selected,0.0016502799651273,0.104499060251868,0.96565292442099,0.199303213077688,24.4622308313362,0.00129354063974607,4.44293381178795e-05
Light_multipath,15,30,34,20261209,16.2403023418141,15.5668541961894,15.5668541961894,15.5668541961894,1.2403023418141,0.566854196189404,0.566854196189404,0.566854196189404,1,1,two_path_selected,stable_two_path_selected,0.00164405975547524,0.219728875245284,0.93826137838964,0.125468445833015,28.4518724749914,0.00135501512317293,8.36567659658893e-05
Light_multipath,15,30,35,20261209,16.205545574867,15.3829220456271,15.3829220456271,15.3829220456271,1.20554557486699,0.382922045627112,0.382922045627112,0.382922045627112,1,1,two_path_selected,stable_two_path_selected,0.00162340421331566,0.608621348920177,0.935612003051281,0.177971158868681,24.3935254430052,0.00133795390182501,8.61481717482349e-05
Light_multipath,15,30,36,20261209,16.2410339817867,15.4012301397866,15.4012301397866,15.4012301397866,1.24103398178671,0.40123013978657,0.40123013978657,0.40123013978657,1,1,two_path_selected,stable_two_path_selected,0.00164599570426764,0.744978712361956,0.967921442788195,0.157869751611124,27.3617593120447,0.00135879454737098,4.3588168626929e-05
Light_multipath,15,30,37,20261209,16.2245501242918,15.0921137838718,15.0921137838718,15.0921137838718,1.22455012429177,0.0921137838718202,0.0921137838718202,0.0921137838718202,1,1,two_path_selected,stable_two_path_selected,0.00164684923020137,0.269243882837369,0.945188330515727,0.214738046261179,27.0618228348893,0.00175248407916451,9.60565781236156e-05
Light_multipath,15,30,38,20261209,16.2268118948413,15.3847531750269,15.3847531750269,15.3847531750269,1.22681189484127,0.384753175026908,0.384753175026908,0.384753175026908,1,1,two_path_selected,stable_two_path_selected,0.00163453586459746,0.167285156423983,0.957653965577617,0.162502062945405,26.7411166014468,0.00136321286554075,5.77266589292247e-05
Light_multipath,15,30,39,20261209,16.2242389987306,15.3218326343226,15.3218326343226,16.2242389987306,1.22423899873057,0.321832634322597,0.321832634322597,1.22423899873057,1,0,two_path_selected,unstable_split_fit,0.00164748496473495,1.36984853258616,0.900165781583502,0.167179091535619,27.02606881,0.00126520635328586,0.000126310887415881
Light_multipath,15,30,40,20261209,16.210828752199,15.3979658309378,15.3979658309378,15.3979658309378,1.210828752199,0.397965830937757,0.397965830937757,0.397965830937757,1,1,two_path_selected,stable_two_path_selected,0.00165427882807705,0.195886225930849,0.961772796772924,0.174150928425162,24.3993798544788,0.0012252286900265,4.68370661332873e-05
Light_multipath,15,30,41,20261209,16.2401313479114,15.7205652722172,15.7205652722172,16.2401313479114,1.24013134791136,0.720565272217172,0.720565272217172,1.24013134791136,1,0,two_path_selected,unstable_split_fit,0.00165491953137659,0.83779627166065,0.87886767944235,0.113247691296081,26.1015894335368,0.00124710489239299,0.000151064709594362
Light_multipath,15,30,42,20261209,16.2379531168043,15.6545775639867,15.6545775639867,16.2379531168043,1.23795311680428,0.654577563986713,0.654577563986713,1.23795311680428,1,0,two_path_selected,unstable_split_fit,0.00165170279100557,0.916421401565767,0.862394664433351,0.0996321336270365,31.3325569971116,0.00130249177509811,0.000179229817785176
Light_multipath,15,30,43,20261209,16.2275173153522,15.6614386212834,15.6614386212834,15.6614386212834,1.22751731535217,0.661438621283416,0.661438621283416,0.661438621283416,1,1,two_path_selected,stable_two_path_selected,0.00164033479903922,0.00830703268597688,0.950637258530942,0.0961040373814337,31.9452846934578,0.00121136029116609,5.97960648787144e-05
Light_multipath,15,30,44,20261209,16.2359504380908,15.4893297463071,15.4893297463071,16.2359504380908,1.23595043809081,0.48932974630706,0.48932974630706,1.23595043809081,1,0,two_path_selected,split_invalid,0.00165334267313927,NaN,0.915647803240238,0.133504408207693,27.8750570276703,0.00101298196444644,8.54472539790763e-05
Light_multipath,15,30,45,20261209,16.2236806714082,15.0947565868857,15.0947565868857,15.0947565868857,1.2236806714082,0.0947565868856941,0.0947565868856941,0.0947565868856941,1,1,two_path_selected,stable_two_path_selected,0.00164847337341707,0.0508958699449238,0.956075510093725,0.210278145233048,27.0104349104646,0.00142826624675818,6.2735866339203e-05
Light_multipath,15,30,46,20261209,16.2320005449908,15.337113843713,15.337113843713,15.337113843713,1.23200054499084,0.337113843713048,0.337113843713048,0.337113843713048,1,1,two_path_selected,stable_two_path_selected,0.00164648249019825,0.124692683671242,0.943479449999256,0.187776800886601,24.4217656297407,0.00120872502604374,6.83178032716558e-05
Light_multipath,15,30,47,20261209,16.2003558213497,15.0768322650717,15.0768322650717,15.0768322650717,1.20035582134973,0.0768322650717153,0.0768322650717153,0.0768322650717153,1,1,two_path_selected,stable_two_path_selected,0.00164853605637771,0.122004691189867,0.922231025331022,0.233337641216878,24.3544010403373,0.0012590948718274,9.79185171929853e-05
Light_multipath,15,30,48,20261209,16.2411028039248,15.6474711633296,15.6474711633296,15.6474711633296,1.24110280392478,0.647471163329609,0.647471163329609,0.647471163329609,1,1,two_path_selected,stable_two_path_selected,0.00165643801665405,0.191968003738133,0.962292963644137,0.105422549096631,29.7441168876929,0.0010865651297074,4.09711508488897e-05
Light_multipath,15,30,49,20261209,16.2299226972474,15.6882542827094,15.6882542827094,15.6882542827094,1.22992269724739,0.688254282709401,0.688254282709401,0.688254282709401,1,1,two_path_selected,stable_two_path_selected,0.00163546684090201,0.317416948652717,0.960687337984693,0.112029265169147,28.4868259036728,0.00161638345542525,6.3544336470267e-05
Light_multipath,15,30,50,20261209,16.2265868934077,15.4943244762121,15.4943244762121,15.4943244762121,1.2265868934077,0.494324476212071,0.494324476212071,0.494324476212071,1,1,two_path_selected,stable_two_path_selected,0.00163835185164441,0.31641339435231,0.953389215617807,0.16366769255604,23.9636494069827,0.0012220415119768,5.69603134208396e-05
Light_multipath,20,30,1,20261209,21.2172511490822,20.4531639124097,20.4531639124097,20.4531639124097,1.21725114908218,0.453163912409693,0.453163912409693,0.453163912409693,1,1,two_path_selected,stable_two_path_selected,0.00163967331171971,0.461071962963189,0.959784048916267,0.155962059297121,26.3918212491441,0.00153935712105757,6.1906710680848e-05
Light_multipath,20,30,2,20261209,21.2444020904193,20.0222545275006,20.0222545275006,20.0222545275006,1.24440209041934,0.0222545275006141,0.0222545275006141,0.0222545275006141,1,1,two_path_selected,stable_two_path_selected,0.00163917150291112,0.400141528173016,0.934719870573662,0.23751345124631,25.6705901383119,0.00123854422310732,8.08523271846884e-05
Light_multipath,20,30,3,20261209,21.2320265200105,20.3614915948815,20.3614915948815,20.3614915948815,1.2320265200105,0.3614915948815,0.3614915948815,0.3614915948815,1,1,two_path_selected,stable_two_path_selected,0.00164560990323579,0.238540044637297,0.929451624872702,0.183488311721644,24.7382156007359,0.00136261017995865,9.61299341279975e-05
Light_multipath,20,30,4,20261209,21.2391813525201,20.2552064069199,20.2552064069199,20.2552064069199,1.23918135252006,0.255206406919946,0.255206406919946,0.255206406919946,1,1,two_path_selected,stable_two_path_selected,0.0016449191459397,0.423912118218698,0.959101706747076,0.171143617111023,28.860357624689,0.00136306419527932,5.57469991810944e-05
Light_multipath,20,30,5,20261209,21.2394334984871,21.0830680836461,21.2394334984871,21.2394334984871,1.2394334984871,1.08306808364606,1.2394334984871,1.2394334984871,0,0,weak_echo,weak_echo,NaN,NaN,0.928962168140184,0.0353429015804794,49.8305456827492,0.00140050444902995,9.94887995691141e-05
Light_multipath,20,30,6,20261209,21.2338550649344,20.2714339398452,20.2714339398452,20.2714339398452,1.23385506493444,0.271433939845185,0.271433939845185,0.271433939845185,1,1,two_path_selected,stable_two_path_selected,0.00163127955850265,0.25307018402912,0.980914029055239,0.181544893828448,26.9622861050713,0.00136775138204492,2.61048631373662e-05
Light_multipath,20,30,7,20261209,21.2436994657857,20.0934108957896,20.0934108957896,20.0934108957896,1.24369946578569,0.0934108957895674,0.0934108957895674,0.0934108957895674,1,1,two_path_selected,stable_two_path_selected,0.00165191900131544,0.302123980129451,0.924448605303579,0.216271744269307,26.2141842916782,0.00116139402744642,8.77449385656703e-05
Light_multipath,20,30,8,20261209,21.2433403461283,19.8069610876769,19.8069610876769,19.8069610876769,1.24334034612827,-0.193038912323065,-0.193038912323065,-0.193038912323065,1,1,two_path_selected,stable_two_path_selected,0.00164834963382118,0.133228559638635,0.929444678045115,0.337674008895076,22.4203894729014,0.00123990575615962,8.74819498195567e-05
Light_multipath,20,30,9,20261209,21.2566068959749,20.2419761928331,20.2419761928331,20.2419761928331,1.25660689597486,0.241976192833089,0.241976192833089,0.241976192833089,1,1,two_path_selected,stable_two_path_selected,0.00163943939696533,0.458550087568547,0.947866911910031,0.22919456867156,22.7689829294264,0.00112821692638176,5.8817432407654e-05
Light_multipath,20,30,10,20261209,21.2151793090299,19.9270047018115,19.9270047018115,19.9270047018115,1.21517930902987,-0.0729952981884594,-0.0729952981884594,-0.0729952981884594,1,1,two_path_selected,stable_two_path_selected,0.00166477343995475,0.252960816239259,0.922614353653745,0.249022132562966,25.5614895660891,0.00112085753577396,8.67382848679377e-05
Light_multipath,20,30,11,20261209,21.2297370190977,19.6817607175384,19.6817607175384,19.6817607175384,1.22973701909771,-0.318239282461619,-0.318239282461619,-0.318239282461619,1,1,two_path_selected,stable_two_path_selected,0.00164065719366423,0.284993573731715,0.967109651711992,0.333555615123948,24.4802530438354,0.00159164969637882,5.23499128664007e-05
Light_multipath,20,30,12,20261209,21.2185228000309,20.671056591028,20.671056591028,21.2185228000309,1.21852280003095,0.671056591028005,0.671056591028005,1.21852280003095,1,0,two_path_selected,unstable_split_fit,0.00163197634945936,0.828566425170912,0.973670936285993,0.0899290097966866,33.8858546881478,0.00128377105491229,3.3800489898983e-05
Light_multipath,20,30,13,20261209,21.2156176598954,20.3709843762109,20.3709843762109,20.3709843762109,1.21561765989545,0.370984376210934,0.370984376210934,0.370984376210934,1,1,two_path_selected,stable_two_path_selected,0.00164972239164436,0.510845894783678,0.960929891569095,0.172844923502305,25.2238438716169,0.00125465874370656,4.90196531603981e-05
Light_multipath,20,30,14,20261209,21.2264999224873,19.9467090947924,19.9467090947924,19.9467090947924,1.22649992248727,-0.0532909052076249,-0.0532909052076249,-0.0532909052076249,1,1,two_path_selected,stable_two_path_selected,0.00163065539849299,0.249983937054843,0.942309571899594,0.25573249594034,25.063789901256,0.00120071256687182,6.92696220083722e-05
Light_multipath,20,30,15,20261209,21.2379943328446,19.9037729541486,19.9037729541486,19.9037729541486,1.23799433284458,-0.0962270458514212,-0.0962270458514212,-0.0962270458514212,1,1,two_path_selected,stable_two_path_selected,0.00164166561482453,0.0893371489044199,0.934914670861848,0.291322986315975,24.0386460882795,0.00160069978323074,0.000104182072242942
Light_multipath,20,30,16,20261209,21.235803507946,20.1726403592443,20.1726403592443,20.1726403592443,1.23580350794596,0.172640359244326,0.172640359244326,0.172640359244326,1,1,two_path_selected,stable_two_path_selected,0.00164639169643824,0.305854343981999,0.967652681744201,0.209422278423719,26.0059444976177,0.00149611945407124,4.83954521295349e-05
Light_multipath,20,30,17,20261209,21.238336465424,19.8071343930606,19.8071343930606,21.238336465424,1.23833646542396,-0.192865606939392,-0.192865606939392,1.23833646542396,1,0,two_path_selected,unstable_split_fit,0.0016516019945786,1.59926867678107,0.951035585440898,0.25277260370723,28.4932943879047,0.00156081930874596,7.64246036852878e-05
Light_multipath,20,30,18,20261209,21.2227521844067,20.6091254608526,20.6091254608526,20.6091254608526,1.22275218440673,0.609125460852603,0.609125460852603,0.609125460852603,1,1,two_path_selected,stable_two_path_selected,0.00163981471322698,0.540933420729747,0.926715417902981,0.119512905803259,29.2500983914563,0.00177776593827428,0.000130282833852746
Light_multipath,20,30,19,20261209,21.223734966731,20.5706886706539,20.5706886706539,20.5706886706539,1.22373496673098,0.570688670653894,0.570688670653894,0.570688670653894,1,1,two_path_selected,stable_two_path_selected,0.00163687373416908,0.494518601412601,0.959193575421321,0.107638177635994,33.0519379680988,0.00152230141838894,6.21196780155042e-05
Light_multipath,20,30,20,20261209,21.2426627982282,20.4504347442817,20.4504347442817,21.2426627982282,1.24266279822818,0.450434744281658,0.450434744281658,1.24266279822818,1,0,two_path_selected,unstable_split_fit,0.00165206869636485,0.62486985884906,0.949536122801463,0.140785331381829,28.9343820108895,0.00134386684577725,6.78167314764888e-05
Light_multipath,20,30,21,20261209,21.2315235663483,20.0140071097535,20.0140071097535,20.0140071097535,1.23152356634825,0.0140071097535355,0.0140071097535355,0.0140071097535355,1,1,two_path_selected,stable_two_path_selected,0.0016516114139897,0.0193738644677062,0.968388181880267,0.257909653862348,23.8985402544398,0.00115573345855835,3.65348358868367e-05
Light_multipath,20,30,22,20261209,21.2668617024165,20.2192277917146,20.2192277917146,20.2192277917146,1.26686170241652,0.219227791714566,0.219227791714566,0.219227791714566,1,1,two_path_selected,stable_two_path_selected,0.00163997053292893,0.465345481578538,0.943051579410887,0.220789935919585,24.2116026404228,0.00126311871108187,7.19326156126687e-05
Light_multipath,20,30,23,20261209,21.2303782470093,19.3853628877077,19.3853628877077,19.3853628877077,1.23037824700931,-0.614637112292336,-0.614637112292336,-0.614637112292336,1,1,two_path_selected,stable_two_path_selected,0.00164379373044063,0.14252551738732,0.981022390984295,0.425529341767547,23.9135157476735,0.0016261435351661,3.08603162137988e-05
Light_multipath,20,30,24,20261209,21.2318954084829,20.5514082224331,20.5514082224331,20.5514082224331,1.23189540848285,0.551408222433096,0.551408222433096,0.551408222433096,1,1,two_path_selected,stable_two_path_selected,0.00164563351643154,0.291874306789275,0.956072795949212,0.139115139687886,26.9591102837175,0.00161285731305871,7.0848312295535e-05
Light_multipath,20,30,25,20261209,21.2350731709119,20.6880068856474,20.6880068856474,20.6880068856474,1.23507317091194,0.688006885647379,0.688006885647379,0.688006885647379,1,1,two_path_selected,stable_two_path_selected,0.00166458198436398,0.0232661385279016,0.957851959656263,0.102297358418309,29.6876550267362,0.00126746260267407,5.34210649116851e-05
Light_multipath,20,30,26,20261209,21.223348029842,20.5409288659705,20.5409288659705,20.5409288659705,1.22334802984197,0.540928865970486,0.540928865970486,0.540928865970486,1,1,two_path_selected,stable_two_path_selected,0.00164421779884169,0.228347537619598,0.942348096958648,0.16303043140699,23.8455399419732,0.00148508792487179,8.56181450525906e-05
Light_multipath,20,30,27,20261209,21.2527908708689,20.4347760098371,20.4347760098371,20.4347760098371,1.25279087086886,0.434776009837094,0.434776009837094,0.434776009837094,1,1,two_path_selected,stable_two_path_selected,0.0016335445519865,0.174892593266009,0.91978720756669,0.137927582207696,30.4601485174554,0.00144608496648524,0.000115994513257611
Light_multipath,20,30,28,20261209,21.2089733560674,20.4153838120222,20.4153838120222,20.4153838120222,1.20897335606745,0.415383812022235,0.415383812022235,0.415383812022235,1,1,two_path_selected,stable_two_path_selected,0.00165788936959279,0.708393294395258,0.952124996089568,0.165539652090436,25.2429997875876,0.00133647447753682,6.39837208382676e-05
Light_multipath,20,30,29,20261209,21.2205476007977,19.81009680471,19.81009680471,19.81009680471,1.22054760079769,-0.189903195289986,-0.189903195289986,-0.189903195289986,1,1,two_path_selected,stable_two_path_selected,0.00163721766157147,0.0971018762997886,0.947149794934702,0.26372231159483,26.9559110185938,0.0014570281850701,7.70042383668734e-05
Light_multipath,20,30,30,20261209,21.215741766657,20.4057386707241,20.4057386707241,20.4057386707241,1.21574176665695,0.405738670724112,0.405738670724112,0.405738670724112,1,1,two_path_selected,stable_two_path_selected,0.00164444002766966,0.74271322222193,0.961723885657714,0.158167567825484,27.0492573618208,0.0015246000279372,5.83557649955768e-05
Light_multipath,20,30,31,20261209,21.2302873320222,20.4427523949939,20.4427523949939,20.4427523949939,1.23028733202217,0.442752394993867,0.442752394993867,0.442752394993867,1,1,two_path_selected,stable_two_path_selected,0.001643267729747,0.59726109833646,0.948648973482012,0.139919056527775,29.6322484891262,0.00157066266822303,8.06551403267353e-05
Light_multipath,20,30,32,20261209,21.2445403653004,20.3133005454567,20.3133005454567,20.3133005454567,1.24454036530036,0.313300545456663,0.313300545456663,0.313300545456663,1,1,two_path_selected,stable_two_path_selected,0.00165811199391832,0.654398608920538,0.958159797470938,0.181131408947328,26.1665332327187,0.00131010982332502,5.48152603432328e-05
Light_multipath,20,30,33,20261209,21.2272802906974,20.1173047536299,20.1173047536299,21.2272802906974,1.22728029069742,0.117304753629913,0.117304753629913,1.22728029069742,1,0,two_path_selected,unstable_split_fit,0.00163614607092195,1.51868197088136,0.934124208832312,0.225459810829317,24.9814223820276,0.0013224997411414,8.71207167667531e-05
Light_multipath,20,30,34,20261209,21.2304997117195,20.6601565390372,20.6601565390372,21.2304997117195,1.23049971171947,0.660156539037231,0.660156539037231,1.23049971171947,1,0,two_path_selected,unstable_split_fit,0.00164692336771322,1.1527582538922,0.911918942921667,0.103640940705666,29.7727450284115,0.00122714927263967,0.00010808860512701
Light_multipath,20,30,35,20261209,21.2415457816129,20.9156857577276,21.2415457816129,21.2415457816129,1.24154578161295,0.915685757727601,1.24154578161295,1.24154578161295,0,0,weak_echo,weak_echo,NaN,NaN,0.913472141957792,0.0688605660334555,31.5230265964012,0.00125225385668193,0.000108354843943781
Light_multipath,20,30,36,20261209,21.2381361698969,19.4690025584532,19.4690025584532,21.2381361698969,1.23813616989687,-0.530997441546766,-0.530997441546766,1.23813616989687,1,0,two_path_selected,unstable_split_fit,0.00164392036548424,0.773376399681815,0.931685360923423,0.33688791529825,27.0757778538201,0.00152621490707161,0.000104262820529888
Light_multipath,20,30,37,20261209,21.2208530088258,20.9094768190581,21.2208530088258,21.2208530088258,1.2208530088258,0.909476819058135,1.2208530088258,1.2208530088258,0,0,weak_echo,weak_echo,NaN,NaN,0.944974528273673,0.0547765219976064,36.6399175148232,0.000988896420641039,5.44144920342493e-05
Light_multipath,20,30,38,20261209,21.2301094407541,20.1759579906762,20.1759579906762,20.1759579906762,1.23010944075409,0.175957990676167,0.175957990676167,0.175957990676167,1,1,two_path_selected,stable_two_path_selected,0.0016403304158182,0.190939628988534,0.944487885884713,0.196168085604658,26.9987468191116,0.00139853064571183,7.76353927984808e-05
Light_multipath,20,30,39,20261209,21.2366630404051,20.3653155876276,20.3653155876276,20.3653155876276,1.23666304040507,0.365315587627606,0.365315587627606,0.365315587627606,1,1,two_path_selected,stable_two_path_selected,0.00163930263800018,0.461113456330843,0.927659059796635,0.200780896252187,22.8029782079339,0.00124619856223451,9.01511756721263e-05
Light_multipath,20,30,40,20261209,21.2322262261234,20.5483307039987,20.5483307039987,20.5483307039987,1.23222622612336,0.548330703998658,0.548330703998658,0.548330703998658,1,1,two_path_selected,stable_two_path_selected,0.00162850354006313,0.589488982770135,0.919443919295043,0.11950956350527,29.5239261509053,0.00118886623227632,9.57704041546492e-05
Light_multipath,20,30,41,20261209,21.2613285895411,20.3126686600025,20.3126686600025,20.3126686600025,1.26132858954108,0.312668660002544,0.312668660002544,0.312668660002544,1,1,two_path_selected,stable_two_path_selected,0.00162741568164012,0.279357880955736,0.964006687754951,0.181974147262752,26.6899891450027,0.00142087554979242,5.11420173250343e-05
Light_multipath,20,30,42,20261209,21.2321182257099,19.7798421398623,19.7798421398623,19.7798421398623,1.23211822570993,-0.220157860137665,-0.220157860137665,-0.220157860137665,1,1,two_path_selected,stable_two_path_selected,0.00163246181340355,0.0544964539342772,0.945126664934738,0.291211769629297,25.1270631668017,0.00119237697889152,6.54297014868188e-05
Light_multipath,20,30,43,20261209,21.2409950770733,19.8314366745848,19.8314366745848,21.2409950770733,1.24099507707334,-0.168563325415175,-0.168563325415175,1.24099507707334,1,0,two_path_selected,unstable_split_fit,0.00165583782773586,0.941396715224457,0.956302865597347,0.270087535708231,26.5747792075311,0.00156334204768416,6.83135675749735e-05
Light_multipath,20,30,44,20261209,21.215242536188,20.1692204239668,20.1692204239668,20.1692204239668,1.21524253618796,0.169220423966784,0.169220423966784,0.169220423966784,1,1,two_path_selected,stable_two_path_selected,0.00163186917951097,0.585158386793474,0.913845061616791,0.200564061455358,26.2812374175232,0.00139678638949392,0.000120340045321354
Light_multipath,20,30,45,20261209,21.2356138131008,20.3670955975733,20.3670955975733,20.3670955975733,1.23561381310076,0.367095597573311,0.367095597573311,0.367095597573311,1,1,two_path_selected,stable_two_path_selected,0.00164606990782642,0.70481447522365,0.927746299271723,0.15748872892843,28.0825807142439,0.00140984759120766,0.0001018667059276
Light_multipath,20,30,46,20261209,21.2425615355224,20.7281153550057,20.7281153550057,20.7281153550057,1.24256153552241,0.728115355005741,0.728115355005741,0.728115355005741,1,1,two_path_selected,stable_two_path_selected,0.00165758221097635,0.691542268885833,0.90618702851373,0.085677597076026,33.2706640126117,0.00121991598006388,0.000114443943053377
Light_multipath,20,30,47,20261209,21.2336626721406,19.9385162099302,19.9385162099302,19.9385162099302,1.23366267214057,-0.0614837900698291,-0.0614837900698291,-0.0614837900698291,1,1,two_path_selected,stable_two_path_selected,0.00164420014492602,0.367593091392195,0.885318393867985,0.27181924108378,24.0149533267112,0.00121401953716771,0.000139225710398039
Light_multipath,20,30,48,20261209,21.2328462478816,20.729989170829,20.729989170829,21.2328462478816,1.23284624788157,0.729989170829029,0.729989170829029,1.23284624788157,1,0,two_path_selected,unstable_split_fit,0.00162899792693556,0.469178381034247,0.927931222300294,0.0916119342732259,32.6097518110744,0.00165944023396358,0.000119593829327469
Light_multipath,20,30,49,20261209,21.2271877269522,19.9929289458779,19.9929289458779,19.9929289458779,1.22718772695224,-0.00707105412205777,-0.00707105412205777,-0.00707105412205777,1,1,two_path_selected,stable_two_path_selected,0.0016563462043021,0.0473318515470211,0.938599277383392,0.253326847738177,24.2549592780759,0.00105822977695746,6.49760729996007e-05
Light_multipath,20,30,50,20261209,21.2369356388357,19.9902023837966,19.9902023837966,19.9902023837966,1.23693563883573,-0.00979761620343567,-0.00979761620343567,-0.00979761620343567,1,1,two_path_selected,stable_two_path_selected,0.00162973213442819,0.0145719288739699,0.902838140835294,0.230692598201017,26.714516678547,0.00126522659008343,0.000122931767757128
