Scenario,Distance_m,SNR_dB,Trial,Seed,Baseline_m,Candidate_m,V3_m,V4_m,V5_m,BaselineError_m,CandidateError_m,V3Error_m,V4Error_m,V5Error_m,SelectedTwoPath,V4Selected,V5Selected,GateReason,V4Reason,V5Reason,PhaseNoise_rad,SplitRange_m,V5BicGain,V5SplitRange_m,V5Confidence,V5Weight,RelativeImprovement,EstimatedEchoAmplitude,ExcessDelay_ns,SingleCost,TwoPathCost
LOS,1,0,1,20270109,0.974471666421838,0.981143768260706,0.974471666421838,0.974471666421838,0.974471666421838,-0.0255283335781619,-0.018856231739294,-0.0255283335781619,-0.0255283335781619,-0.0255283335781619,0,0,0,candidate_invalid,candidate_invalid,v3_candidate_invalid,NaN,NaN,NaN,NaN,0,0,0.196900742374065,0.0165074659612481,77.8270734273297,0.00290845230985926,0.0023357758908884
LOS,1,0,2,20270109,1.03726256347418,1.44777040910378,1.03726256347418,1.03726256347418,1.03726256347418,0.0372625634741779,0.44777040910378,0.0372625634741779,0.0372625634741779,0.0372625634741779,0,0,0,insufficient_gain,insufficient_gain,v3_insufficient_gain,NaN,NaN,NaN,NaN,0,0,0.113869589936635,0.112991957780802,15.5065757022175,0.00278616832226364,0.00246890847791303
LOS,1,0,3,20270109,0.874722001586155,0.841760662459058,0.874722001586155,0.874722001586155,0.874722001586155,-0.125277998413845,-0.158239337540942,-0.125277998413845,-0.125277998413845,-0.125277998413845,0,0,0,candidate_invalid,candidate_invalid,v3_candidate_invalid,NaN,NaN,NaN,NaN,0,0,0.0362540238466473,0.00819365643304463,67.5715048310188,0.00400027820950188,0.00385525202790138
LOS,1,0,4,20270109,0.945526211848875,0.455675774823721,0.945526211848875,0.945526211848875,0.945526211848875,-0.0544737881511246,-0.544324225176279,-0.0544737881511246,-0.0544737881511246,-0.0544737881511246,0,0,0,insufficient_gain,insufficient_gain,v3_insufficient_gain,NaN,NaN,NaN,NaN,0,0,0.363907744186417,0.0821799542199682,34.3382178181351,0.00374123764337075,0.0023797722921064
LOS,1,0,5,20270109,0.960080231610102,1.40201740022331,0.960080231610102,0.960080231610102,0.960080231610102,-0.0399197683898975,0.402017400223308,-0.0399197683898975,-0.0399197683898975,-0.0399197683898975,0,0,0,insufficient_gain,insufficient_gain,v3_insufficient_gain,NaN,NaN,NaN,NaN,0,0,0.226559208650733,0.125078631595387,16.0639662028555,0.00231887299092137,0.00179351096113667
LOS,1,0,6,20270109,1.10905180052167,1.11032297945994,1.10905180052167,1.10905180052167,1.10905180052167,0.109051800521671,0.110322979459937,0.109051800521671,0.109051800521671,0.109051800521671,0,0,0,candidate_invalid,candidate_invalid,v3_candidate_invalid,NaN,NaN,NaN,NaN,0,0,0.0616110616691793,0.00859405408218275,91.459146091732,0.00227827746889742,0.00213791037526168
LOS,1,0,7,20270109,0.942988687147984,0.950910985282594,0.942988687147984,0.942988687147984,0.942988687147984,-0.057011312852016,-0.0490890147174065,-0.057011312852016,-0.057011312852016,-0.057011312852016,0,0,0,candidate_invalid,candidate_invalid,v3_candidate_invalid,NaN,NaN,NaN,NaN,0,0,0.100868852386207,0.00744768184961287,99.9997967756694,0.00100085973276376,0.000899904160120313
LOS,1,0,8,20270109,0.89286391866481,0.883432696052503,0.89286391866481,0.89286391866481,0.89286391866481,-0.10713608133519,-0.116567303947497,-0.10713608133519,-0.10713608133519,-0.10713608133519,0,0,0,insufficient_gain,insufficient_gain,v3_insufficient_gain,NaN,NaN,NaN,NaN,0,0,0.326114031868013,0.0210642394953228,84.0658004813516,0.00269469297574232,0.00181591578477658
LOS,1,0,9,20270109,0.809111787932311,0.0358139046030184,0.809111787932311,0.809111787932311,0.809111787932311,-0.190888212067689,-0.964186095396982,-0.190888212067689,-0.190888212067689,-0.190888212067689,0,0,0,insufficient_gain,insufficient_gain,v3_insufficient_gain,NaN,NaN,NaN,NaN,0,0,0.106235018986282,0.136201851804958,26.3363314917068,0.00336759788199381,0.00300984105706203
LOS,1,0,10,20270109,0.962863155446962,0.959699035473865,0.962863155446962,0.962863155446962,0.962863155446962,-0.0371368445530376,-0.0403009645261347,-0.0371368445530376,-0.0371368445530376,-0.0371368445530376,0,0,0,candidate_invalid,candidate_invalid,v3_candidate_invalid,NaN,NaN,NaN,NaN,0,0,0.0443270808877392,0.00831927299949857,99.9999886382619,0.00315633531561277,0.00301642418476877
LOS,1,0,11,20270109,1.01037398593146,0.00117391775209324,1.01037398593146,1.01037398593146,1.01037398593146,0.010373985931458,-0.998826082247907,0.010373985931458,0.010373985931458,0.010373985931458,0,0,0,insufficient_gain,insufficient_gain,v3_insufficient_gain,NaN,NaN,NaN,NaN,0,0,0.315838876738959,0.441009193175566,15.3328993233734,0.00319198672033383,0.00218383322001792
LOS,1,0,12,20270109,0.860326142143224,5.36865069685246e-06,0.860326142143224,0.860326142143224,0.860326142143224,-0.139673857856776,-0.999994631349303,-0.139673857856776,-0.139673857856776,-0.139673857856776,0,0,0,insufficient_gain,insufficient_gain,v3_insufficient_gain,NaN,NaN,NaN,NaN,0,0,0.383020886282881,0.588268051581473,13.5463538506124,0.00526200032451873,0.00324654429660076
LOS,1,0,13,20270109,1.00257117617793,2.26310776657208,1.00257117617793,1.00257117617793,1.00257117617793,0.0025711761779339,1.26310776657208,0.0025711761779339,0.0025711761779339,0.0025711761779339,0,0,0,insufficient_gain,insufficient_gain,v3_insufficient_gain,NaN,NaN,NaN,NaN,0,0,0.289807128714652,0.234472655632241,17.1153393352572,0.00436937700302353,0.00310310039950545
LOS,1,0,14,20270109,0.994052845526064,0.99798598736679,0.994052845526064,0.994052845526064,0.994052845526064,-0.00594715447393579,-0.00201401263321022,-0.00594715447393579,-0.00594715447393579,-0.00594715447393579,0,0,0,insufficient_gain,insufficient_gain,v3_insufficient_gain,NaN,NaN,NaN,NaN,0,0,0.291840954833847,0.0203512617101256,86.7232629824043,0.00281857943315877,0.00199600252011067
LOS,1,0,15,20270109,0.993158022896775,0.976833404150972,0.993158022896775,0.993158022896775,0.993158022896775,-0.00684197710322498,-0.0231665958490284,-0.00684197710322498,-0.00684197710322498,-0.00684197710322498,0,0,0,candidate_invalid,candidate_invalid,v3_candidate_invalid,NaN,NaN,NaN,NaN,0,0,0.223324294414054,0.0180922972427857,99.9998905900097,0.00300793586354819,0.00233619070917856
LOS,1,0,16,20270109,1.05940908361509,0.722436061975196,1.05940908361509,1.05940908361509,1.05940908361509,0.0594090836150887,-0.277563938024804,0.0594090836150887,0.0594090836150887,0.0594090836150887,0,0,0,insufficient_gain,insufficient_gain,v3_insufficient_gain,NaN,NaN,NaN,NaN,0,0,0.00423797956250892,0.239006798404108,7.01881533210073,0.00503232974619539,0.0050110028355792
LOS,1,0,17,20270109,1.10679682190574,0.94544600285405,1.10679682190574,1.10679682190574,1.10679682190574,0.106796821905743,-0.0545539971459504,0.106796821905743,0.106796821905743,0.106796821905743,0,0,0,insufficient_gain,insufficient_gain,v3_insufficient_gain,NaN,NaN,NaN,NaN,0,0,0.545493839015956,0.0384844848039192,63.8317934553662,0.00301347819208297,0.00136964440429277
LOS,1,0,18,20270109,0.949484908602171,0.906385187971603,0.949484908602171,0.949484908602171,0.949484908602171,-0.0505150913978294,-0.0936148120283966,-0.0505150913978294,-0.0505150913978294,-0.0505150913978294,0,0,0,insufficient_gain,insufficient_gain,v3_insufficient_gain,NaN,NaN,NaN,NaN,0,0,0.226126547205711,0.0227533512103783,99.9999975366015,0.00470028700933312,0.00363742733703676
LOS,1,0,19,20270109,0.976720608445056,0.978555123689377,0.976720608445056,0.976720608445056,0.976720608445056,-0.0232793915549443,-0.0214448763106234,-0.0232793915549443,-0.0232793915549443,-0.0232793915549443,0,0,0,candidate_invalid,candidate_invalid,v3_candidate_invalid,NaN,NaN,NaN,NaN,0,0,0.0403434208179138,0.00957687174008446,99.9956168304448,0.00401151932049326,0.00384968090842741
LOS,1,0,20,20270109,0.890063470326313,0.871756205226715,0.890063470326313,0.890063470326313,0.890063470326313,-0.109936529673687,-0.128243794773285,-0.109936529673687,-0.109936529673687,-0.109936529673687,0,0,0,candidate_invalid,candidate_invalid,v3_candidate_invalid,NaN,NaN,NaN,NaN,0,0,0.292468135698372,0.0140702088322807,98.8158218779674,0.00206744579035489,0.00146278377439235
LOS,1,0,21,20270109,0.917974162065633,0.921821559518204,0.917974162065633,0.917974162065633,0.917974162065633,-0.0820258379343672,-0.0781784404817958,-0.0820258379343672,-0.0820258379343672,-0.0820258379343672,0,0,0,candidate_invalid,candidate_invalid,v3_candidate_invalid,NaN,NaN,NaN,NaN,0,0,0.14154979358652,0.0194739002276252,86.1713747052838,0.00499559717332265,0.00428847142459743
LOS,1,0,22,20270109,1.18418565298965,1.1898136390884,1.18418565298965,1.18418565298965,1.18418565298965,0.184185652989648,0.189813639088403,0.184185652989648,0.184185652989648,0.184185652989648,0,0,0,candidate_invalid,candidate_invalid,v3_candidate_invalid,NaN,NaN,NaN,NaN,0,0,0.143716842284815,0.0115293310225021,93.8564135796171,0.0017139689985497,0.00146764278630407
LOS,1,0,23,20270109,0.927814036893762,1.2932939503417,0.927814036893762,0.927814036893762,0.927814036893762,-0.0721859631062379,0.293293950341705,-0.0721859631062379,-0.0721859631062379,-0.0721859631062379,0,0,0,insufficient_gain,insufficient_gain,v3_insufficient_gain,NaN,NaN,NaN,NaN,0,0,0.137025309805088,0.225894691961469,9.56861426094837,0.00318904942015252,0.00275206893537239
LOS,1,0,24,20270109,0.9021779647286,0.875956313465492,0.9021779647286,0.9021779647286,0.9021779647286,-0.0978220352714002,-0.124043686534508,-0.0978220352714002,-0.0978220352714002,-0.0978220352714002,0,0,0,candidate_invalid,candidate_invalid,v3_candidate_invalid,NaN,NaN,NaN,NaN,0,0,0.175324565489559,0.0138655868994019,99.8018591543927,0.00330981905135674,0.00272952646432856
LOS,1,0,25,20270109,1.18183944295355,1.36012919312549,1.18183944295355,1.18183944295355,1.18183944295355,0.181839442953555,0.360129193125489,0.181839442953555,0.181839442953555,0.181839442953555,0,0,0,insufficient_gain,insufficient_gain,v3_insufficient_gain,NaN,NaN,NaN,NaN,0,0,0.243002677803214,0.0286379007032627,54.2173948748818,0.00242297936361591,0.00183418888999531
LOS,1,0,26,20270109,0.991255060706563,0.987259741038438,0.991255060706563,0.991255060706563,0.991255060706563,-0.00874493929343712,-0.0127402589615615,-0.00874493929343712,-0.00874493929343712,-0.00874493929343712,0,0,0,candidate_invalid,candidate_invalid,v3_candidate_invalid,NaN,NaN,NaN,NaN,0,0,0.0316154181582172,0.00652211280809662,97.4471102700459,0.00272244840775704,0.00263637706293163
LOS,1,0,27,20270109,1.05797781178558,0.659791039000742,1.05797781178558,1.05797781178558,1.05797781178558,0.0579778117855831,-0.340208960999258,0.0579778117855831,0.0579778117855831,0.0579778117855831,0,0,0,insufficient_gain,insufficient_gain,v3_insufficient_gain,NaN,NaN,NaN,NaN,0,0,0.0650103313358632,0.138652642311846,15.5204929734312,0.00306075626807778,0.00286177548895172
LOS,1,0,28,20270109,0.968337749531823,0.990305171539823,0.968337749531823,0.968337749531823,0.968337749531823,-0.0316622504681766,-0.00969482846017722,-0.0316622504681766,-0.0316622504681766,-0.0316622504681766,0,0,0,insufficient_gain,insufficient_gain,v3_insufficient_gain,NaN,NaN,NaN,NaN,0,0,0.140883037619794,0.020076501481677,80.5479262405588,0.00575706725694469,0.00494599413400487
LOS,1,0,29,20270109,1.03995933858035,1.22233805454113,1.03995933858035,1.03995933858035,1.03995933858035,0.0399593385803523,0.222338054541127,0.0399593385803523,0.0399593385803523,0.0399593385803523,0,0,0,insufficient_gain,insufficient_gain,v3_insufficient_gain,NaN,NaN,NaN,NaN,0,0,0.367992193740838,0.0560007772267712,29.4547717102645,0.00272240413432745,0.00172058066468717
LOS,1,0,30,20270109,1.04683797789323,0.421266324804021,1.04683797789323,1.04683797789323,1.04683797789323,0.0468379778932277,-0.578733675195979,0.0468379778932277,0.0468379778932277,0.0468379778932277,0,0,0,insufficient_gain,insufficient_gain,v3_insufficient_gain,NaN,NaN,NaN,NaN,0,0,0.0207116886211724,0.118941328150867,21.561957446324,0.00285449920674785,0.00279537770800831
LOS,1,0,31,20270109,0.899416956284638,0.508031437452721,0.899416956284638,0.899416956284638,0.899416956284638,-0.100583043715362,-0.491968562547279,-0.100583043715362,-0.100583043715362,-0.100583043715362,0,0,0,insufficient_gain,insufficient_gain,v3_insufficient_gain,NaN,NaN,NaN,NaN,0,0,0.0440855737147134,0.0631175376012462,25.3597847338316,0.00351643012972858,0.00336140629003179
LOS,1,0,32,20270109,0.980979027578435,1.09711856095483,0.980979027578435,0.980979027578435,0.980979027578435,-0.0190209724215646,0.0971185609548324,-0.0190209724215646,-0.0190209724215646,-0.0190209724215646,0,0,0,insufficient_gain,insufficient_gain,v3_insufficient_gain,NaN,NaN,NaN,NaN,0,0,0.115780714014194,0.0305500948224603,98.0467599672825,0.00660581939724958,0.00584099291078721
LOS,1,0,33,20270109,1.043974541773,1.00553600495365,1.043974541773,1.043974541773,1.043974541773,0.0439745417729966,0.00553600495365458,0.0439745417729966,0.0439745417729966,0.0439745417729966,0,0,0,insufficient_gain,insufficient_gain,v3_insufficient_gain,NaN,NaN,NaN,NaN,0,0,0.156629030042496,0.0203132609892207,99.8920486493914,0.0051608483530865,0.00435250968134615
LOS,1,0,34,20270109,0.76968161779302,0.744891067944691,0.76968161779302,0.76968161779302,0.76968161779302,-0.23031838220698,-0.255108932055309,-0.23031838220698,-0.23031838220698,-0.23031838220698,0,0,0,candidate_invalid,candidate_invalid,v3_candidate_invalid,NaN,NaN,NaN,NaN,0,0,0.158837692730924,0.0142887345933565,99.9642823237402,0.00330018292366141,0.00277598948247704
LOS,1,0,35,20270109,1.12724805190298,1.01156633463391,1.12724805190298,1.12724805190298,1.12724805190298,0.127248051902982,0.0115663346339092,0.127248051902982,0.127248051902982,0.127248051902982,0,0,0,insufficient_gain,insufficient_gain,v3_insufficient_gain,NaN,NaN,NaN,NaN,0,0,0.497750378187765,0.0416437554406278,58.8100791139195,0.00557481038463714,0.00279994640735892
LOS,1,0,36,20270109,0.87565009359371,2.7857493878706,0.87565009359371,0.87565009359371,0.87565009359371,-0.12434990640629,1.7857493878706,-0.12434990640629,-0.12434990640629,-0.12434990640629,0,0,0,insufficient_gain,insufficient_gain,v3_insufficient_gain,NaN,NaN,NaN,NaN,0,0,0.210812471228287,0.370302852785252,12.4458227375787,0.00242739626845334,0.00191567086245037
LOS,1,0,37,20270109,1.04146582180705,3.07723469155723,1.04146582180705,1.04146582180705,1.04146582180705,0.0414658218070494,2.07723469155723,0.0414658218070494,0.0414658218070494,0.0414658218070494,0,0,0,insufficient_gain,insufficient_gain,v3_insufficient_gain,NaN,NaN,NaN,NaN,0,0,0.100351130461432,0.4842185078942,7.90650517153829,0.00284516051810813,0.00255964544377174
LOS,1,0,38,20270109,1.04177937783411,1.00756425761455,1.04177937783411,1.04177937783411,1.04177937783411,0.0417793778341149,0.00756425761455048,0.0417793778341149,0.0417793778341149,0.0417793778341149,0,0,0,insufficient_gain,insufficient_gain,v3_insufficient_gain,NaN,NaN,NaN,NaN,0,0,0.219535248870492,0.0276317233628329,99.9994760992428,0.00659500162244275,0.00514716629995848
LOS,1,0,39,20270109,1.09427732749009,1.02116081138063,1.09427732749009,1.09427732749009,1.09427732749009,0.0942773274900905,0.0211608113806325,0.0942773274900905,0.0942773274900905,0.0942773274900905,0,0,0,insufficient_gain,insufficient_gain,v3_insufficient_gain,NaN,NaN,NaN,NaN,0,0,0.178003802708704,0.0215869100224462,56.6791684478971,0.00382152276319325,0.00314127717920698
LOS,1,0,40,20270109,0.928644608062524,0.92218424028013,0.928644608062524,0.928644608062524,0.928644608062524,-0.0713553919374758,-0.0778157597198695,-0.0713553919374758,-0.0713553919374758,-0.0713553919374758,0,0,0,candidate_invalid,candidate_invalid,v3_candidate_invalid,NaN,NaN,NaN,NaN,0,0,2.87644207083293e-11,1.69353493512273e-13,99.2850934993457,0.0023235450058301,0.00232354500576326
LOS,1,0,41,20270109,0.839171963426754,0.899668618483364,0.839171963426754,0.839171963426754,0.839171963426754,-0.160828036573246,-0.100331381516636,-0.160828036573246,-0.160828036573246,-0.160828036573246,0,0,0,insufficient_gain,insufficient_gain,v3_insufficient_gain,NaN,NaN,NaN,NaN,0,0,0.411807363426766,0.0263231596420267,99.9973364858045,0.00346387037580698,0.00203742304909382
LOS,1,0,42,20270109,1.06289397896182,0.296326701261293,1.06289397896182,1.06289397896182,1.06289397896182,0.0628939789618224,-0.703673298738707,0.0628939789618224,0.0628939789618224,0.0628939789618224,0,0,0,insufficient_gain,insufficient_gain,v3_insufficient_gain,NaN,NaN,NaN,NaN,0,0,0.132763739514913,0.120378582034001,30.0973640017949,0.00372926717134359,0.00323415571602581
LOS,1,0,43,20270109,0.921851283832783,0.924307402165468,0.921851283832783,0.921851283832783,0.921851283832783,-0.0781487161672165,-0.0756925978345321,-0.0781487161672165,-0.0781487161672165,-0.0781487161672165,0,0,0,candidate_invalid,candidate_invalid,v3_candidate_invalid,NaN,NaN,NaN,NaN,0,0,0.0688130414655389,0.0112947320635918,97.8136043850464,0.00338589055734584,0.00315289713002542
LOS,1,0,44,20270109,1.01847774428505,0.99808838134488,1.01847774428505,1.01847774428505,1.01847774428505,0.0184777442850528,-0.00191161865512024,0.0184777442850528,0.0184777442850528,0.0184777442850528,0,0,0,insufficient_gain,insufficient_gain,v3_insufficient_gain,NaN,NaN,NaN,NaN,0,0,5.48341192190395e-05,0.032181084076526,5.00978774628804,0.00560213529175302,0.00560182810359855
LOS,1,0,45,20270109,1.00425653843212,0.992299555303904,1.00425653843212,1.00425653843212,1.00425653843212,0.0042565384321247,-0.00770044469609621,0.0042565384321247,0.0042565384321247,0.0042565384321247,0,0,0,candidate_invalid,candidate_invalid,v3_candidate_invalid,NaN,NaN,NaN,NaN,0,0,0.180154084400062,0.0199306743944525,99.143569467809,0.00298627477009017,0.00244828517311757
LOS,1,0,46,20270109,1.0284284484192,2.42446891885292e-07,1.0284284484192,1.0284284484192,1.0284284484192,0.0284284484191961,-0.999999757553108,0.0284284484191961,0.0284284484191961,0.0284284484191961,0,0,0,insufficient_gain,insufficient_gain,v3_insufficient_gain,NaN,NaN,NaN,NaN,0,0,0.308888886205085,0.212616782573424,23.8149907140553,0.00310502854391381,0.00214591973534928
LOS,1,0,47,20270109,0.943141483303364,1.91522640202032,0.943141483303364,0.943141483303364,0.943141483303364,-0.0568585166966364,0.915226402020316,-0.0568585166966364,-0.0568585166966364,-0.0568585166966364,0,0,0,insufficient_gain,insufficient_gain,v3_insufficient_gain,NaN,NaN,NaN,NaN,0,0,0.290515555896282,0.229222544479592,13.9178420165894,0.00294322950856718,0.00208817555175544
LOS,1,0,48,20270109,1.24439591538463,1.19137574750191,1.24439591538463,1.24439591538463,1.24439591538463,0.244395915384626,0.191375747501907,0.244395915384626,0.244395915384626,0.244395915384626,0,0,0,candidate_invalid,candidate_invalid,v3_candidate_invalid,NaN,NaN,NaN,NaN,0,0,0.280510833223686,0.0166463357172035,70.5264476405944,0.00140110167821339,0.00100807747902665
LOS,1,0,49,20270109,0.929889185671839,0.937524701423335,0.929889185671839,0.929889185671839,0.929889185671839,-0.070110814328161,-0.062475298576665,-0.070110814328161,-0.070110814328161,-0.070110814328161,0,0,0,candidate_invalid,candidate_invalid,v3_candidate_invalid,NaN,NaN,NaN,NaN,0,0,0.0978196289390415,0.012836326245213,99.9829387789281,0.00300366498611471,0.00270984759171577
LOS,1,0,50,20270109,0.979204232893664,0.966201780757651,0.979204232893664,0.979204232893664,0.979204232893664,-0.0207957671063361,-0.0337982192423494,-0.0207957671063361,-0.0207957671063361,-0.0207957671063361,0,0,0,candidate_invalid,candidate_invalid,v3_candidate_invalid,NaN,NaN,NaN,NaN,0,0,0.0630936923454487,0.00954313397337555,99.2918833869578,0.00366838803458447,0.00343693588852667
LOS,3,0,1,20270109,3.00956312229359,0.279345237452338,3.00956312229359,3.00956312229359,3.00956312229359,0.00956312229358636,-2.72065476254766,0.00956312229358636,0.00956312229358636,0.00956312229358636,0,0,0,insufficient_gain,insufficient_gain,v3_insufficient_gain,NaN,NaN,NaN,NaN,0,0,0.166378887699387,0.591002053995444,26.0333831685055,0.00415042571713897,0.00345988250284246
LOS,3,0,2,20270109,3.00254510224206,4.27869022099617,3.00254510224206,3.00254510224206,3.00254510224206,0.00254510224206106,1.27869022099617,0.00254510224206106,0.00254510224206106,0.00254510224206106,0,0,0,insufficient_gain,insufficient_gain,v3_insufficient_gain,NaN,NaN,NaN,NaN,0,0,0.396348902785779,0.180815237376039,25.8908153744794,0.00314436059690215,0.00189809672435715
LOS,3,0,3,20270109,2.94535985700327,0.0187402868179276,2.94535985700327,2.94535985700327,2.94535985700327,-0.054640142996726,-2.98125971318207,-0.054640142996726,-0.054640142996726,-0.054640142996726,0,0,0,insufficient_gain,insufficient_gain,v3_insufficient_gain,NaN,NaN,NaN,NaN,0,0,0.227689170319922,0.55047543121515,29.3443314595112,0.00311668163433332,0.00240704697886063
LOS,3,0,4,20270109,2.9840014017423,3.3561472686157,2.9840014017423,2.9840014017423,2.9840014017423,-0.0159985982577009,0.356147268615695,-0.0159985982577009,-0.0159985982577009,-0.0159985982577009,0,0,0,insufficient_gain,insufficient_gain,v3_insufficient_gain,NaN,NaN,NaN,NaN,0,0,0.190230087805814,0.0537616549064078,33.2188188875418,0.00217246025381823,0.00175919294897975
LOS,3,0,5,20270109,3.07179813308963,3.06843519241809,3.07179813308963,3.07179813308963,3.07179813308963,0.0717981330896262,0.068435192418093,0.0717981330896262,0.0717981330896262,0.0717981330896262,0,0,0,candidate_invalid,candidate_invalid,v3_candidate_invalid,NaN,NaN,NaN,NaN,0,0,0.155923546329248,0.0130924360885434,77.416701736979,0.00229071064404462,0.00193353491681103
LOS,3,0,6,20270109,2.96453513301535,3.08877373669521,2.96453513301535,2.96453513301535,2.96453513301535,-0.0354648669846536,0.0887737366952122,-0.0354648669846536,-0.0354648669846536,-0.0354648669846536,0,0,0,insufficient_gain,insufficient_gain,v3_insufficient_gain,NaN,NaN,NaN,NaN,0,0,0.156971025932573,0.0247248103449539,60.2884507624928,0.00400780874280948,0.00337869889270914
LOS,3,0,7,20270109,2.97702800948688,4.11901873997386,2.97702800948688,2.97702800948688,2.97702800948688,-0.022971990513116,1.11901873997386,-0.022971990513116,-0.022971990513116,-0.022971990513116,0,0,0,insufficient_gain,insufficient_gain,v3_insufficient_gain,NaN,NaN,NaN,NaN,0,0,0.345245679217394,0.192105016372235,19.7044930024642,0.00176723465218998,0.00115710452435813
LOS,3,0,8,20270109,2.90701645832178,4.12384584521507,2.90701645832178,2.90701645832178,2.90701645832178,-0.0929835416782163,1.12384584521507,-0.0929835416782163,-0.0929835416782163,-0.0929835416782163,0,0,0,insufficient_gain,insufficient_gain,v3_insufficient_gain,NaN,NaN,NaN,NaN,0,0,0.174203215117906,0.203243877814382,19.2680484150921,0.0024343611319908,0.00201028759603994
LOS,3,0,9,20270109,2.9761298134636,2.94691949896101,2.9761298134636,2.9761298134636,2.9761298134636,-0.0238701865364015,-0.0530805010389894,-0.0238701865364015,-0.0238701865364015,-0.0238701865364015,0,0,0,insufficient_gain,insufficient_gain,v3_insufficient_gain,NaN,NaN,NaN,NaN,0,0,0.434308334824629,0.0409346498519418,95.3892011901928,0.00679162806736078,0.0038419673906771
LOS,3,0,10,20270109,2.79378918937515,2.77267093167366,2.79378918937515,2.79378918937515,2.79378918937515,-0.20621081062485,-0.227329068326341,-0.20621081062485,-0.20621081062485,-0.20621081062485,0,0,0,insufficient_gain,insufficient_gain,v3_insufficient_gain,NaN,NaN,NaN,NaN,0,0,0.447554629450633,0.0276431201858756,99.9999934920997,0.00312512476449278,0.00172646070853322
LOS,3,0,11,20270109,3.05218290591519,3.00233027900321,3.05218290591519,3.05218290591519,3.05218290591519,0.0521829059151862,0.0023302790032087,0.0521829059151862,0.0521829059151862,0.0521829059151862,0,0,0,insufficient_gain,insufficient_gain,v3_insufficient_gain,NaN,NaN,NaN,NaN,0,0,0.210553940270136,0.0254815130400284,99.999998394282,0.00487071185634069,0.00384516428306769
LOS,3,0,12,20270109,2.80835569429859,2.84887852880692,2.80835569429859,2.80835569429859,2.80835569429859,-0.191644305701414,-0.151121471193077,-0.191644305701414,-0.191644305701414,-0.191644305701414,0,0,0,insufficient_gain,insufficient_gain,v3_insufficient_gain,NaN,NaN,NaN,NaN,0,0,0.242878500990088,0.0239792971557769,74.5393653703791,0.00439857745066075,0.00333025755295546
LOS,3,0,13,20270109,2.98164719085694,2.99211696921995,2.98164719085694,2.98164719085694,2.98164719085694,-0.0183528091430616,-0.0078830307800466,-0.0183528091430616,-0.0183528091430616,-0.0183528091430616,0,0,0,candidate_invalid,candidate_invalid,v3_candidate_invalid,NaN,NaN,NaN,NaN,0,0,0.139466608828077,0.0184589324314131,99.9637358643437,0.00461414592916909,0.00397062664379
LOS,3,0,14,20270109,2.77589422795965,0.824676572773617,2.77589422795965,2.77589422795965,2.77589422795965,-0.224105772040348,-2.17532342722638,-0.224105772040348,-0.224105772040348,-0.224105772040348,0,0,0,insufficient_gain,insufficient_gain,v3_insufficient_gain,NaN,NaN,NaN,NaN,0,0,0.0917640708203772,0.572634045162459,18.9696883044083,0.00274286692655323,0.00249117029165413
LOS,3,0,15,20270109,3.04656524125472,3.05125974931176,3.04656524125472,3.04656524125472,3.04656524125472,0.0465652412547226,0.0512597493117593,0.0465652412547226,0.0465652412547226,0.0465652412547226,0,0,0,candidate_invalid,candidate_invalid,v3_candidate_invalid,NaN,NaN,NaN,NaN,0,0,0.0502522035628787,0.00980409186519254,88.9418185446195,0.0037601452227578,0.00357118963959779
LOS,3,0,16,20270109,2.93709744986492,2.945205982702,2.93709744986492,2.93709744986492,2.93709744986492,-0.0629025501350764,-0.0547940172979988,-0.0629025501350764,-0.0629025501350764,-0.0629025501350764,0,0,0,candidate_invalid,candidate_invalid,v3_candidate_invalid,NaN,NaN,NaN,NaN,0,0,0.00322305916553487,0.00253762515104179,99.9999994308052,0.00407846811103596,0.00406532296700934
LOS,3,0,17,20270109,3.02998279538668,3.03401221516428,3.02998279538668,3.02998279538668,3.02998279538668,0.0299827953866778,0.0340122151642781,0.0299827953866778,0.0299827953866778,0.0299827953866778,0,0,0,insufficient_gain,insufficient_gain,v3_insufficient_gain,NaN,NaN,NaN,NaN,0,0,0.453028501933738,0.021667871561105,90.9671716044434,0.00202482560460671,0.00110752189427465
LOS,3,0,18,20270109,3.05061499300586,3.05593455190459,3.05061499300586,3.05061499300586,3.05061499300586,0.0506149930058584,0.0559345519045893,0.0506149930058584,0.0506149930058584,0.0506149930058584,0,0,0,candidate_invalid,candidate_invalid,v3_candidate_invalid,NaN,NaN,NaN,NaN,0,0,0.075165925116398,0.00815846416004578,71.1299526805642,0.00177235941980713,0.00163913838437857
LOS,3,0,19,20270109,3.03745630442713,3.03516799661855,3.03745630442713,3.03745630442713,3.03745630442713,0.0374563044271343,0.0351679966185543,0.0374563044271343,0.0374563044271343,0.0374563044271343,0,0,0,candidate_invalid,candidate_invalid,v3_candidate_invalid,NaN,NaN,NaN,NaN,0,0,0.0747840132764947,0.00862575624000431,99.9999867462916,0.00180322337397509,0.00166837109323525
LOS,3,0,20,20270109,3.14830373442478,3.17202459877235,3.14830373442478,3.14830373442478,3.14830373442478,0.148303734424776,0.172024598772354,0.148303734424776,0.148303734424776,0.148303734424776,0,0,0,insufficient_gain,insufficient_gain,v3_insufficient_gain,NaN,NaN,NaN,NaN,0,0,0.154693947288373,0.0229764181044487,34.7892099162741,0.00211247525273284,0.00178568811733859
LOS,3,0,21,20270109,3.12968317345383,2.3165164816656,3.12968317345383,3.12968317345383,3.12968317345383,0.129683173453835,-0.683483518334397,0.129683173453835,0.129683173453835,0.129683173453835,0,0,0,insufficient_gain,insufficient_gain,v3_insufficient_gain,NaN,NaN,NaN,NaN,0,0,0.123223520053135,0.117396288671715,33.4310887867366,0.00406239144668219,0.00356180927278826
LOS,3,0,22,20270109,2.87233811411864,2.85208463817529,2.87233811411864,2.87233811411864,2.87233811411864,-0.127661885881357,-0.147915361824714,-0.127661885881357,-0.127661885881357,-0.127661885881357,0,0,0,candidate_invalid,candidate_invalid,v3_candidate_invalid,NaN,NaN,NaN,NaN,0,0,0.133806643168504,0.015965294485357,99.9999998587105,0.00379163832083718,0.00328429192501689
LOS,3,0,23,20270109,3.0012592283741,2.95949239769066,3.0012592283741,3.0012592283741,3.0012592283741,0.00125922837410108,-0.0405076023093365,0.00125922837410108,0.00125922837410108,0.00125922837410108,0,0,0,insufficient_gain,insufficient_gain,v3_insufficient_gain,NaN,NaN,NaN,NaN,0,0,0.592611974940883,0.0342729952523688,99.9982321835886,0.00350687871827549,0.0014286603951601
LOS,3,0,24,20270109,2.95306953282872,2.28800465803444,2.95306953282872,2.95306953282872,2.95306953282872,-0.0469304671712751,-0.711995341965561,-0.0469304671712751,-0.0469304671712751,-0.0469304671712751,0,0,0,insufficient_gain,insufficient_gain,v3_insufficient_gain,NaN,NaN,NaN,NaN,0,0,0.0670313127372437,0.132382386204529,22.4141595704876,0.0035120777790707,0.00327665859510429
LOS,3,0,25,20270109,3.02334313309325,3.02142273681188,3.02334313309325,3.02334313309325,3.02334313309325,0.0233431330932485,0.0214227368118767,0.0233431330932485,0.0233431330932485,0.0233431330932485,0,0,0,candidate_invalid,candidate_invalid,v3_candidate_invalid,NaN,NaN,NaN,NaN,0,0,0.160649426788345,0.0189086537503023,99.9999924543156,0.00382543691671788,0.00321088266883218
LOS,3,0,26,20270109,3.03623243542567,3.01331402634925,3.03623243542567,3.03623243542567,3.03623243542567,0.0362324354256733,0.0133140263492528,0.0362324354256733,0.0362324354256733,0.0362324354256733,0,0,0,insufficient_gain,insufficient_gain,v3_insufficient_gain,NaN,NaN,NaN,NaN,0,0,0.000351974739795825,0.0326204310007122,8.06547632927987,0.00574674380758,0.00574472109892366
LOS,3,0,27,20270109,2.84708891585387,2.30102115412878,2.84708891585387,2.84708891585387,2.84708891585387,-0.152911084146135,-0.698978845871223,-0.152911084146135,-0.152911084146135,-0.152911084146135,0,0,0,insufficient_gain,insufficient_gain,v3_insufficient_gain,NaN,NaN,NaN,NaN,0,0,0.0980757525582919,0.087661755164165,31.4684421306176,0.00621285728693266,0.00560352663297947
LOS,3,0,28,20270109,2.84844397836686,2.84322062112575,2.84844397836686,2.84844397836686,2.84844397836686,-0.151556021633143,-0.156779378874254,-0.151556021633143,-0.151556021633143,-0.151556021633143,0,0,0,candidate_invalid,candidate_invalid,v3_candidate_invalid,NaN,NaN,NaN,NaN,0,0,0.212728620872086,0.0164395028802022,87.8568812232298,0.00251180249099781,0.00197747021118477
LOS,3,0,29,20270109,2.80723953119982,2.7939301812487,2.80723953119982,2.80723953119982,2.80723953119982,-0.192760468800182,-0.206069818751303,-0.192760468800182,-0.192760468800182,-0.192760468800182,0,0,0,candidate_invalid,candidate_invalid,v3_candidate_invalid,NaN,NaN,NaN,NaN,0,0,0.213564468822476,0.0148507835898882,99.9999997382276,0.00226158240508134,0.00177858876004189
LOS,3,0,30,20270109,2.87657270421398,2.87848575556718,2.87657270421398,2.87657270421398,2.87657270421398,-0.123427295786015,-0.121514244432825,-0.123427295786015,-0.123427295786015,-0.123427295786015,0,0,0,candidate_invalid,candidate_invalid,v3_candidate_invalid,NaN,NaN,NaN,NaN,0,0,0.018555846363578,0.00732243515067263,99.9989293361484,0.00662908287588237,0.00650607463250608
LOS,3,0,31,20270109,2.99113221817473,0.0285306886176656,2.99113221817473,2.99113221817473,2.99113221817473,-0.0088677818252747,-2.97146931138233,-0.0088677818252747,-0.0088677818252747,-0.0088677818252747,0,0,0,insufficient_gain,insufficient_gain,v3_insufficient_gain,NaN,NaN,NaN,NaN,0,0,0.210609914623749,0.560152046865613,29.8381950301762,0.00685365935563054,0.00541021074388093
LOS,3,0,32,20270109,2.95351302897347,0.659845268684657,2.95351302897347,2.95351302897347,2.95351302897347,-0.0464869710265328,-2.34015473131534,-0.0464869710265328,-0.0464869710265328,-0.0464869710265328,0,0,0,insufficient_gain,insufficient_gain,v3_insufficient_gain,NaN,NaN,NaN,NaN,0,0,0.0669698692373393,0.635791230893368,20.399893586904,0.0029581063318882,0.0027600023376515
LOS,3,0,33,20270109,3.07719363562714,3.06459600360801,3.07719363562714,3.07719363562714,3.07719363562714,0.077193635627137,0.0645960036080062,0.077193635627137,0.077193635627137,0.077193635627137,0,0,0,candidate_invalid,candidate_invalid,v3_candidate_invalid,NaN,NaN,NaN,NaN,0,0,0.0389134944642804,0.00816731742153454,99.1463092107131,0.00353634179408391,0.00339873037725602
LOS,3,0,34,20270109,3.02085538861618,3.8439906422507,3.02085538861618,3.02085538861618,3.02085538861618,0.0208553886161833,0.843990642250702,0.0208553886161833,0.0208553886161833,0.0208553886161833,0,0,0,insufficient_gain,insufficient_gain,v3_insufficient_gain,NaN,NaN,NaN,NaN,0,0,0.162786288192565,0.168826010209636,16.7945185441991,0.00312318059244232,0.00261476961644358
LOS,3,0,35,20270109,3.02525528788104,1.80758094181343,3.02525528788104,3.02525528788104,3.02525528788104,0.0252552878810368,-1.19241905818657,0.0252552878810368,0.0252552878810368,0.0252552878810368,0,0,0,insufficient_gain,insufficient_gain,v3_insufficient_gain,NaN,NaN,NaN,NaN,0,0,0.0168851966541463,0.699675091570973,11.3593100286507,0.00478106301918491,0.0047003338298901
LOS,3,0,36,20270109,2.89625055247259,2.89849731219942,2.89625055247259,2.89625055247259,2.89625055247259,-0.103749447527407,-0.101502687800576,-0.103749447527407,-0.103749447527407,-0.103749447527407,0,0,0,candidate_invalid,candidate_invalid,v3_candidate_invalid,NaN,NaN,NaN,NaN,0,0,0.0299635978451467,0.00663497855107145,78.4724635873515,0.00300598625714277,0.0029159160938057
LOS,3,0,37,20270109,2.88104629782313,1.47572770439532,2.88104629782313,2.88104629782313,2.88104629782313,-0.118953702176875,-1.52427229560468,-0.118953702176875,-0.118953702176875,-0.118953702176875,0,0,0,insufficient_gain,insufficient_gain,v3_insufficient_gain,NaN,NaN,NaN,NaN,0,0,0.0306487727086104,0.234369910689911,29.1474690713404,0.00585066314043359,0.00567134749564779
LOS,3,0,38,20270109,2.98998495002465,2.95963516144687,2.98998495002465,2.98998495002465,2.98998495002465,-0.0100150499753537,-0.040364838553133,-0.0100150499753537,-0.0100150499753537,-0.0100150499753537,0,0,0,candidate_invalid,candidate_invalid,v3_candidate_invalid,NaN,NaN,NaN,NaN,0,0,0.216417739888738,0.0197116546065888,99.9998894967532,0.0031655420970722,0.00248046263090118
LOS,3,0,39,20270109,2.96266857970986,1.07964528184667,2.96266857970986,2.96266857970986,2.96266857970986,-0.0373314202901431,-1.92035471815333,-0.0373314202901431,-0.0373314202901431,-0.0373314202901431,0,0,0,insufficient_gain,insufficient_gain,v3_insufficient_gain,NaN,NaN,NaN,NaN,0,0,0.0608976012332784,0.352152066592553,26.2609927506304,0.00379163605767241,0.00356073451701056
LOS,3,0,40,20270109,3.18299255517602,3.18820057121617,3.18299255517602,3.18299255517602,3.18299255517602,0.182992555176019,0.188200571216165,0.182992555176019,0.182992555176019,0.182992555176019,0,0,0,candidate_invalid,candidate_invalid,v3_candidate_invalid,NaN,NaN,NaN,NaN,0,0,0.306908111969473,0.0181618597075946,99.9999999541845,0.0019449798691682,0.00134804976970315
LOS,3,0,41,20270109,2.94753097592062,3.92820462854651,2.94753097592062,2.94753097592062,2.94753097592062,-0.052469024079377,0.928204628546514,-0.052469024079377,-0.052469024079377,-0.052469024079377,0,0,0,insufficient_gain,insufficient_gain,v3_insufficient_gain,NaN,NaN,NaN,NaN,0,0,0.063170641053175,0.193016842678083,15.662882977809,0.00246225991843829,0.00230671738095101
LOS,3,0,42,20270109,2.87043846098023,2.07044937995336,2.87043846098023,2.87043846098023,2.87043846098023,-0.129561539019773,-0.929550620046644,-0.129561539019773,-0.129561539019773,-0.129561539019773,0,0,0,insufficient_gain,insufficient_gain,v3_insufficient_gain,NaN,NaN,NaN,NaN,0,0,0.173233125045652,0.125668132243413,28.5911920880484,0.00149449005864133,0.00123559487543323
LOS,3,0,43,20270109,2.90194934467843,3.40155332361793,2.90194934467843,2.90194934467843,2.90194934467843,-0.0980506553215692,0.401553323617934,-0.0980506553215692,-0.0980506553215692,-0.0980506553215692,0,0,0,insufficient_gain,insufficient_gain,v3_insufficient_gain,NaN,NaN,NaN,NaN,0,0,0.311134277680536,0.109915199781703,18.7983733963767,0.00152200341140984,0.00104845597937353
LOS,3,0,44,20270109,3.01281734944111,3.0387078790298,3.01281734944111,3.01281734944111,3.01281734944111,0.012817349441109,0.0387078790297988,0.012817349441109,0.012817349441109,0.012817349441109,0,0,0,insufficient_gain,insufficient_gain,v3_insufficient_gain,NaN,NaN,NaN,NaN,0,0,0.482871741652907,0.0425200647084105,99.9999941348776,0.00669783861028095,0.0034636416152245
LOS,3,0,45,20270109,2.94039358543773,2.86240013652313,2.94039358543773,2.94039358543773,2.94039358543773,-0.059606414562273,-0.13759986347687,-0.059606414562273,-0.059606414562273,-0.059606414562273,0,0,0,insufficient_gain,insufficient_gain,v3_insufficient_gain,NaN,NaN,NaN,NaN,0,0,0.186519149263088,0.020053470675158,55.5398825867735,0.00279094833681648,0.00227038302739624
LOS,3,0,46,20270109,3.05878392752514,3.42518850881768,3.05878392752514,3.05878392752514,3.05878392752514,0.0587839275251358,0.42518850881768,0.0587839275251358,0.0587839275251358,0.0587839275251358,0,0,0,insufficient_gain,insufficient_gain,v3_insufficient_gain,NaN,NaN,NaN,NaN,0,0,0.0443611930257586,0.0745586155139541,18.3624398104748,0.00221286508512142,0.00211469974994039
LOS,3,0,47,20270109,3.23210321729823,3.22214230306873,3.23210321729823,3.23210321729823,3.23210321729823,0.232103217298232,0.222142303068732,0.232103217298232,0.232103217298232,0.232103217298232,0,0,0,candidate_invalid,candidate_invalid,v3_candidate_invalid,NaN,NaN,NaN,NaN,0,0,0.254505926422399,0.0159668686540202,95.8028600669061,0.00204160890004057,0.00152200733554353
LOS,3,0,48,20270109,2.81110419548354,2.7997528753093,2.81110419548354,2.81110419548354,2.81110419548354,-0.188895804516461,-0.200247124690695,-0.188895804516461,-0.188895804516461,-0.188895804516461,0,0,0,insufficient_gain,insufficient_gain,v3_insufficient_gain,NaN,NaN,NaN,NaN,0,0,0.163057898737131,0.0224580828516009,93.640735833544,0.00610972756236183,0.00511348822418678
LOS,3,0,49,20270109,3.08440719448829,3.08433596771054,3.08440719448829,3.08440719448829,3.08440719448829,0.0844071944882865,0.0843359677105369,0.0844071944882865,0.0844071944882865,0.0844071944882865,0,0,0,insufficient_gain,insufficient_gain,v3_insufficient_gain,NaN,NaN,NaN,NaN,0,0,0.413591568956727,0.0281072360408652,85.0100071343141,0.00376984310195705,0.00221066777869794
LOS,3,0,50,20270109,2.94257599166159,4.11664019173879,2.94257599166159,2.94257599166159,2.94257599166159,-0.0574240083384088,1.11664019173879,-0.0574240083384088,-0.0574240083384088,-0.0574240083384088,0,0,0,insufficient_gain,insufficient_gain,v3_insufficient_gain,NaN,NaN,NaN,NaN,0,0,0.0546480153259673,0.303308050885645,9.67721726101835,0.00261710000848714,0.00247408068711374
LOS,5,0,1,20270109,4.85249482938791,3.66985514367936,4.85249482938791,4.85249482938791,4.85249482938791,-0.14750517061209,-1.33014485632064,-0.14750517061209,-0.14750517061209,-0.14750517061209,0,0,0,insufficient_gain,insufficient_gain,v3_insufficient_gain,NaN,NaN,NaN,NaN,0,0,0.17909538300456,0.296295214493972,19.7182721807719,0.00258726081888216,0.00212389435159177
LOS,5,0,2,20270109,4.85536946314213,5.22421665970062,4.85536946314213,4.85536946314213,4.85536946314213,-0.144630536857869,0.224216659700623,-0.144630536857869,-0.144630536857869,-0.144630536857869,0,0,0,insufficient_gain,insufficient_gain,v3_insufficient_gain,NaN,NaN,NaN,NaN,0,0,0.134725366588511,0.0880813105601462,21.4404763883794,0.00510824505627094,0.00442003486844089
LOS,5,0,3,20270109,5.02606386111409,5.01171029226406,5.02606386111409,5.02606386111409,5.02606386111409,0.0260638611140855,0.0117102922640626,0.0260638611140855,0.0260638611140855,0.0260638611140855,0,0,0,candidate_invalid,candidate_invalid,v3_candidate_invalid,NaN,NaN,NaN,NaN,0,0,0.156520330960375,0.015801232409572,99.9991076972919,0.00316688970522794,0.00267120708045065
LOS,5,0,4,20270109,4.89262263634774,4.88553550006695,4.89262263634774,4.89262263634774,4.89262263634774,-0.10737736365226,-0.114464499933048,-0.10737736365226,-0.10737736365226,-0.10737736365226,0,0,0,candidate_invalid,candidate_invalid,v3_candidate_invalid,NaN,NaN,NaN,NaN,0,0,0.086543916024072,0.0138298993981957,99.9999999749374,0.00418376070167592,0.00382168166684527
LOS,5,0,5,20270109,5.02803767219035,3.71095721142398,5.02803767219035,5.02803767219035,5.02803767219035,0.028037672190349,-1.28904278857602,0.028037672190349,0.028037672190349,0.028037672190349,0,0,0,insufficient_gain,insufficient_gain,v3_insufficient_gain,NaN,NaN,NaN,NaN,0,0,0.399458338960381,0.220507203257504,29.8144314623286,0.00396072351627463,0.00237857947938225
LOS,5,0,6,20270109,5.10299907073047,4.67242376131446,5.10299907073047,5.10299907073047,5.10299907073047,0.102999070730472,-0.327576238685536,0.102999070730472,0.102999070730472,0.102999070730472,0,0,0,insufficient_gain,insufficient_gain,v3_insufficient_gain,NaN,NaN,NaN,NaN,0,0,0.0276729193712335,0.0783275820854359,23.5425191470993,0.00411120000885079,0.00399743110248685
LOS,5,0,7,20270109,4.78618844060929,4.74251064758622,4.78618844060929,4.78618844060929,4.78618844060929,-0.213811559390715,-0.257489352413783,-0.213811559390715,-0.213811559390715,-0.213811559390715,0,0,0,insufficient_gain,insufficient_gain,v3_insufficient_gain,NaN,NaN,NaN,NaN,0,0,0.28644466115669,0.0311159889901779,99.999108605984,0.00666581012501788,0.0047564244024223
LOS,5,0,8,20270109,5.22905969510804,4.86649266488897,5.22905969510804,5.22905969510804,5.22905969510804,0.229059695108036,-0.133507335111032,0.229059695108036,0.229059695108036,0.229059695108036,0,0,0,insufficient_gain,insufficient_gain,v3_insufficient_gain,NaN,NaN,NaN,NaN,0,0,0.0792065168131748,0.094151946989422,19.1408142090926,0.00262355410225323,0.00241575152014284
LOS,5,0,9,20270109,5.13325574604889,4.18469878752023,5.13325574604889,5.13325574604889,5.13325574604889,0.133255746048887,-0.815301212479774,0.133255746048887,0.133255746048887,0.133255746048887,0,0,0,insufficient_gain,insufficient_gain,v3_insufficient_gain,NaN,NaN,NaN,NaN,0,0,0.250205966592567,0.134878683230897,35.2882301825128,0.00290753513922537,0.00218005249931363
LOS,5,0,10,20270109,4.97195929074458,4.36935130695634,4.97195929074458,4.97195929074458,4.97195929074458,-0.028040709255416,-0.630648693043664,-0.028040709255416,-0.028040709255416,-0.028040709255416,0,0,0,insufficient_gain,insufficient_gain,v3_insufficient_gain,NaN,NaN,NaN,NaN,0,0,0.063582298059318,0.10952256533573,24.4541015077429,0.00321709531122805,0.00301254499826431
LOS,5,0,11,20270109,5.01595505883436,4.94501215987607,5.01595505883436,5.01595505883436,5.01595505883436,0.0159550588343613,-0.0549878401239283,0.0159550588343613,0.0159550588343613,0.0159550588343613,0,0,0,insufficient_gain,insufficient_gain,v3_insufficient_gain,NaN,NaN,NaN,NaN,0,0,0.512104477608319,0.0354928510111651,99.9999998882242,0.00498950233138884,0.00243435584644747
LOS,5,0,12,20270109,5.06723828564288,5.11576215043097,5.06723828564288,5.06723828564288,5.06723828564288,0.0672382856428779,0.115762150430971,0.0672382856428779,0.0672382856428779,0.0672382856428779,0,0,0,insufficient_gain,insufficient_gain,v3_insufficient_gain,NaN,NaN,NaN,NaN,0,0,0.000722378565250296,0.0706282221124551,5.00927657700418,0.00163182068676249,0.00163064189447604
LOS,5,0,13,20270109,5.05095411835098,4.57714328602541,5.05095411835098,5.05095411835098,5.05095411835098,0.0509541183509805,-0.422856713974586,0.0509541183509805,0.0509541183509805,0.0509541183509805,0,0,0,insufficient_gain,insufficient_gain,v3_insufficient_gain,NaN,NaN,NaN,NaN,0,0,0.0239908721880941,0.116918796814262,17.2053509534002,0.00263158694627497,0.00256845288019503
LOS,5,0,14,20270109,5.01556982733533,4.99391504738687,5.01556982733533,5.01556982733533,5.01556982733533,0.0155698273353329,-0.00608495261312569,0.0155698273353329,0.0155698273353329,0.0155698273353329,0,0,0,insufficient_gain,insufficient_gain,v3_insufficient_gain,NaN,NaN,NaN,NaN,0,0,0.173469077766078,0.0216910338595338,99.9999986071073,0.00524473209753706,0.00433493325744716
LOS,5,0,15,20270109,4.83015572695076,4.92551260881105,4.83015572695076,4.83015572695076,4.83015572695076,-0.169844273049241,-0.0744873911889528,-0.169844273049241,-0.169844273049241,-0.169844273049241,0,0,0,insufficient_gain,insufficient_gain,v3_insufficient_gain,NaN,NaN,NaN,NaN,0,0,0.300272963647806,0.0259209265994346,94.4181087734778,0.00567650940723241,0.00397200710434809
LOS,5,0,16,20270109,4.8126135678797,4.52055928094067,4.8126135678797,4.8126135678797,4.8126135678797,-0.187386432120301,-0.479440719059331,-0.187386432120301,-0.187386432120301,-0.187386432120301,0,0,0,insufficient_gain,insufficient_gain,v3_insufficient_gain,NaN,NaN,NaN,NaN,0,0,0.0694596255048858,0.108827212115366,16.6865646868708,0.00350696005327089,0.0032633679213101
LOS,5,0,17,20270109,4.96883890342953,4.9538084882569,4.96883890342953,4.96883890342953,4.96883890342953,-0.0311610965704689,-0.0461915117431042,-0.0311610965704689,-0.0311610965704689,-0.0311610965704689,0,0,0,insufficient_gain,insufficient_gain,v3_insufficient_gain,NaN,NaN,NaN,NaN,0,0,0.130656636400983,0.020016705751245,77.5523038659775,0.00605786012534448,0.00526636049757934
LOS,5,0,18,20270109,5.03890002102431,5.03880067659126,5.03890002102431,5.03890002102431,5.03890002102431,0.0389000210243147,0.038800676591265,0.0389000210243147,0.0389000210243147,0.0389000210243147,0,0,0,insufficient_gain,insufficient_gain,v3_insufficient_gain,NaN,NaN,NaN,NaN,0,0,0.580394388111735,0.03051844001112,86.5792921066038,0.00317476636131819,0.0013321497816432
LOS,5,0,19,20270109,4.91383495235354,4.70405627928069,4.91383495235354,4.91383495235354,4.91383495235354,-0.0861650476464595,-0.295943720719311,-0.0861650476464595,-0.0861650476464595,-0.0861650476464595,0,0,0,insufficient_gain,insufficient_gain,v3_insufficient_gain,NaN,NaN,NaN,NaN,0,0,0.00347733446526035,0.131170422815309,6.53676236542246,0.00256513325365981,0.00255621342738888
LOS,5,0,20,20270109,4.88158347727407,3.97534291569114,4.88158347727407,4.88158347727407,4.88158347727407,-0.118416522725931,-1.02465708430886,-0.118416522725931,-0.118416522725931,-0.118416522725931,0,0,0,insufficient_gain,insufficient_gain,v3_insufficient_gain,NaN,NaN,NaN,NaN,0,0,0.0558019455904534,0.141693179129239,27.8882225096274,0.00517366295432664,0.00488496249564596
LOS,5,0,21,20270109,5.02881810073376,5.17852774313896,5.02881810073376,5.02881810073376,5.02881810073376,0.0288181007337558,0.178527743138959,0.0288181007337558,0.0288181007337558,0.0288181007337558,0,0,0,insufficient_gain,insufficient_gain,v3_insufficient_gain,NaN,NaN,NaN,NaN,0,0,0.180224875348816,0.03155530376931,34.5987924962863,0.00230791772144934,0.00189197353778581
LOS,5,0,22,20270109,5.01433069977049,5.16538031054482,5.01433069977049,5.01433069977049,5.01433069977049,0.0143306997704915,0.165380310544821,0.0143306997704915,0.0143306997704915,0.0143306997704915,0,0,0,candidate_invalid,candidate_invalid,v3_candidate_invalid,NaN,NaN,NaN,NaN,0,0,0.0674599863604963,0.0196316451379162,46.4503374108614,0.00202541279987423,0.00188877848002034
LOS,5,0,23,20270109,4.91424435912324,5.24115305653962,4.91424435912324,4.91424435912324,4.91424435912324,-0.0857556408767577,0.241153056539615,-0.0857556408767577,-0.0857556408767577,-0.0857556408767577,0,0,0,insufficient_gain,insufficient_gain,v3_insufficient_gain,NaN,NaN,NaN,NaN,0,0,0.117550499435592,0.430317114539621,6.06136910001462,0.0040466692875778,0.00357098129177236
LOS,5,0,24,20270109,4.99953088468591,4.86965519239575,4.99953088468591,4.99953088468591,4.99953088468591,-0.000469115314089663,-0.130344807604249,-0.000469115314089663,-0.000469115314089663,-0.000469115314089663,0,0,0,insufficient_gain,insufficient_gain,v3_insufficient_gain,NaN,NaN,NaN,NaN,0,0,0.0765326963039176,0.0219930214595699,53.4553416685319,0.0027641047387692,0.00255256035024476
LOS,5,0,25,20270109,5.09397744806459,5.11187116956849,5.09397744806459,5.09397744806459,5.09397744806459,0.0939774480645932,0.111871169568486,0.0939774480645932,0.0939774480645932,0.0939774480645932,0,0,0,insufficient_gain,insufficient_gain,v3_insufficient_gain,NaN,NaN,NaN,NaN,0,0,0.295541877796152,0.0208789311042617,95.7872427166348,0.00274412019535264,0.00193311775991978
LOS,5,0,26,20270109,5.26853185002926,5.27980776768856,5.26853185002926,5.26853185002926,5.26853185002926,0.268531850029258,0.279807767688555,0.268531850029258,0.268531850029258,0.268531850029258,0,0,0,insufficient_gain,insufficient_gain,v3_insufficient_gain,NaN,NaN,NaN,NaN,0,0,0.592998462923209,0.033269692956978,84.9566969084554,0.00372526240677118,0.00151618752557026
LOS,5,0,27,20270109,5.15749167420497,3.69922897713039,5.15749167420497,5.15749167420497,5.15749167420497,0.157491674204974,-1.30077102286961,0.157491674204974,0.157491674204974,0.157491674204974,0,0,0,insufficient_gain,insufficient_gain,v3_insufficient_gain,NaN,NaN,NaN,NaN,0,0,0.104516829463296,0.258745906698448,26.3121092965246,0.00261961713147252,0.00234582305448328
LOS,5,0,28,20270109,4.90929167567376,5.1225321335432,4.90929167567376,4.90929167567376,4.90929167567376,-0.0907083243262372,0.122532133543196,-0.0907083243262372,-0.0907083243262372,-0.0907083243262372,0,0,0,insufficient_gain,insufficient_gain,v3_insufficient_gain,NaN,NaN,NaN,NaN,0,0,0.0735790619802448,0.0301517562604978,42.6531958015824,0.00455964445497758,0.00422415009301691
LOS,5,0,29,20270109,5.08047373544071,4.20271901267374,5.08047373544071,5.08047373544071,5.08047373544071,0.0804737354407097,-0.797280987326262,0.0804737354407097,0.0804737354407097,0.0804737354407097,0,0,0,insufficient_gain,insufficient_gain,v3_insufficient_gain,NaN,NaN,NaN,NaN,0,0,0.272294080200122,0.13510854279563,28.3939070228128,0.00176532331582391,0.00128463622728581
LOS,5,0,30,20270109,5.01074379353018,5.10008837259908,5.01074379353018,5.01074379353018,5.01074379353018,0.0107437935301782,0.100088372599078,0.0107437935301782,0.0107437935301782,0.0107437935301782,0,0,0,insufficient_gain,insufficient_gain,v3_insufficient_gain,NaN,NaN,NaN,NaN,0,0,0.0824910164926706,0.06119875932732,19.3501108942237,0.00380383655936467,0.0034900542150107
LOS,5,0,31,20270109,5.1357907829473,4.08335758537415,5.1357907829473,5.1357907829473,5.1357907829473,0.135790782947303,-0.916642414625848,0.135790782947303,0.135790782947303,0.135790782947303,0,0,0,insufficient_gain,insufficient_gain,v3_insufficient_gain,NaN,NaN,NaN,NaN,0,0,0.22790185589852,0.168295957567233,29.4178113786618,0.00246016659900561,0.00189949006527268
LOS,5,0,32,20270109,4.97389340833115,5.31134535246152,4.97389340833115,4.97389340833115,4.97389340833115,-0.0261065916688494,0.311345352461522,-0.0261065916688494,-0.0261065916688494,-0.0261065916688494,0,0,0,insufficient_gain,insufficient_gain,v3_insufficient_gain,NaN,NaN,NaN,NaN,0,0,0.10986109619535,0.0625812739508235,23.0210762534095,0.00149149846222651,0.00132764080619263
LOS,5,0,33,20270109,4.87990456713081,1.8799114707869,4.87990456713081,4.87990456713081,4.87990456713081,-0.120095432869191,-3.1200885292131,-0.120095432869191,-0.120095432869191,-0.120095432869191,0,0,0,insufficient_gain,insufficient_gain,v3_insufficient_gain,NaN,NaN,NaN,NaN,0,0,0.213908971485995,0.507907591627595,32.1822489313978,0.00504855241185109,0.00396862175793888
LOS,5,0,34,20270109,5.09954777529572,4.4711415576456,5.09954777529572,5.09954777529572,5.09954777529572,0.0995477752957203,-0.528858442354402,0.0995477752957203,0.0995477752957203,0.0995477752957203,0,0,0,insufficient_gain,insufficient_gain,v3_insufficient_gain,NaN,NaN,NaN,NaN,0,0,0.0739927119693715,0.135936215860246,20.7331050930269,0.00310664647604098,0.00287677727814861
LOS,5,0,35,20270109,4.95017903576049,2.37093935638254,4.95017903576049,4.95017903576049,4.95017903576049,-0.0498209642395073,-2.62906064361746,-0.0498209642395073,-0.0498209642395073,-0.0498209642395073,0,0,0,insufficient_gain,insufficient_gain,v3_insufficient_gain,NaN,NaN,NaN,NaN,0,0,0.313266639106168,0.6911434158348,23.8069531987063,0.00563187038665491,0.00386759327874597
LOS,5,0,36,20270109,5.13241414196594,3.65121847630345,5.13241414196594,5.13241414196594,5.13241414196594,0.132414141965945,-1.34878152369655,0.132414141965945,0.132414141965945,0.132414141965945,0,0,0,insufficient_gain,insufficient_gain,v3_insufficient_gain,NaN,NaN,NaN,NaN,0,0,0.253822144774169,0.252334538689328,27.8773686119187,0.0019577374631945,0.00146082034138173
LOS,5,0,37,20270109,4.96375086272859,4.22077887458773,4.96375086272859,4.96375086272859,4.96375086272859,-0.0362491372714109,-0.779221125412267,-0.0362491372714109,-0.0362491372714109,-0.0362491372714109,0,0,0,insufficient_gain,insufficient_gain,v3_insufficient_gain,NaN,NaN,NaN,NaN,0,0,0.064831023789861,0.121156819775401,27.7138642786491,0.00513503753446054,0.0048021277939021
LOS,5,0,38,20270109,4.92716294888827,4.43320105573333,4.92716294888827,4.92716294888827,4.92716294888827,-0.0728370511117253,-0.566798944266667,-0.0728370511117253,-0.0728370511117253,-0.0728370511117253,0,0,0,insufficient_gain,insufficient_gain,v3_insufficient_gain,NaN,NaN,NaN,NaN,0,0,0.222626698756632,0.0744621359466672,34.6873870208545,0.00203865496533928,0.00158479594050198
LOS,5,0,39,20270109,5.08264950024446,5.05538710492483,5.08264950024446,5.08264950024446,5.08264950024446,0.0826495002444618,0.0553871049248329,0.0826495002444618,0.0826495002444618,0.0826495002444618,0,0,0,candidate_invalid,candidate_invalid,v3_candidate_invalid,NaN,NaN,NaN,NaN,0,0,0.0249351893097364,0.00782096773073801,75.1486964178278,0.00440092108664336,0.0042911832862107
LOS,5,0,40,20270109,5.03662433082027,6.05659787245851,5.03662433082027,5.03662433082027,5.03662433082027,0.0366243308202678,1.05659787245851,0.0366243308202678,0.0366243308202678,0.0366243308202678,0,0,0,insufficient_gain,insufficient_gain,v3_insufficient_gain,NaN,NaN,NaN,NaN,0,0,0.161192448370094,0.158110591969653,22.7626794508832,0.00333595266882813,0.00279822229049298
LOS,5,0,41,20270109,5.10532420686942,5.92762176317387,5.10532420686942,5.10532420686942,5.10532420686942,0.105324206869419,0.927621763173867,0.105324206869419,0.105324206869419,0.105324206869419,0,0,0,insufficient_gain,insufficient_gain,v3_insufficient_gain,NaN,NaN,NaN,NaN,0,0,0.171989492291121,0.162396190530825,16.5938824088446,0.0017289103787681,0.00143155596050693
LOS,5,0,42,20270109,5.07073408237693,5.06560156149798,5.07073408237693,5.07073408237693,5.07073408237693,0.0707340823769274,0.0656015614979779,0.0707340823769274,0.0707340823769274,0.0707340823769274,0,0,0,candidate_invalid,candidate_invalid,v3_candidate_invalid,NaN,NaN,NaN,NaN,0,0,0.0929509036343768,0.0145938428185651,99.9999995278319,0.00379785528455856,0.00344484120398625
LOS,5,0,43,20270109,5.00213048200772,6.18215692219933,5.00213048200772,5.00213048200772,5.00213048200772,0.00213048200771837,1.18215692219933,0.00213048200771837,0.00213048200771837,0.00213048200771837,0,0,0,insufficient_gain,insufficient_gain,v3_insufficient_gain,NaN,NaN,NaN,NaN,0,0,0.133944254368761,0.228899392721937,15.5400963275079,0.00311006953787496,0.0026934935925893
LOS,5,0,44,20270109,4.91298236866407,3.56883348603345,4.91298236866407,4.91298236866407,4.91298236866407,-0.0870176313359297,-1.43116651396655,-0.0870176313359297,-0.0870176313359297,-0.0870176313359297,0,0,0,insufficient_gain,insufficient_gain,v3_insufficient_gain,NaN,NaN,NaN,NaN,0,0,0.161287600932751,0.215436011108491,29.7469718746218,0.00321444734075582,0.00269599684084065
LOS,5,0,45,20270109,5.07521457164728,5.24493443449747,5.07521457164728,5.07521457164728,5.07521457164728,0.0752145716472787,0.244934434497466,0.0752145716472787,0.0752145716472787,0.0752145716472787,0,0,0,insufficient_gain,insufficient_gain,v3_insufficient_gain,NaN,NaN,NaN,NaN,0,0,0.125355738201721,0.0241769212070855,50.7574354563506,0.00264182625870668,0.00231065817784581
LOS,5,0,46,20270109,5.20836966469014,5.68752629696924,5.20836966469014,5.20836966469014,5.20836966469014,0.208369664690138,0.68752629696924,0.208369664690138,0.208369664690138,0.208369664690138,0,0,0,insufficient_gain,insufficient_gain,v3_insufficient_gain,NaN,NaN,NaN,NaN,0,0,0.0482736628343833,0.166442081815327,9.90857985810432,0.00221709934976633,0.00211007184328538
LOS,5,0,47,20270109,4.93729390354951,5.14923395013852,4.93729390354951,4.93729390354951,4.93729390354951,-0.0627060964504897,0.149233950138523,-0.0627060964504897,-0.0627060964504897,-0.0627060964504897,0,0,0,insufficient_gain,insufficient_gain,v3_insufficient_gain,NaN,NaN,NaN,NaN,0,0,0.0617003536241133,0.0295440858422926,39.788152585943,0.00298099321959433,0.00279706488379428
LOS,5,0,48,20270109,5.06269774908937,4.77393635055313,5.06269774908937,5.06269774908937,5.06269774908937,0.062697749089371,-0.226063649446874,0.062697749089371,0.062697749089371,0.062697749089371,0,0,0,insufficient_gain,insufficient_gain,v3_insufficient_gain,NaN,NaN,NaN,NaN,0,0,0.0179627131121534,0.0945037881989334,14.1723074835077,0.00299227676785008,0.00293852735871702
LOS,5,0,49,20270109,4.99534467664696,5.00279317012343,4.99534467664696,4.99534467664696,4.99534467664696,-0.00465532335304175,0.00279317012343228,-0.00465532335304175,-0.00465532335304175,-0.00465532335304175,0,0,0,candidate_invalid,candidate_invalid,v3_candidate_invalid,NaN,NaN,NaN,NaN,0,0,0.238544022142728,0.0175987314736942,99.8620011655244,0.0025634734791935,0.00195197220481047
LOS,5,0,50,20270109,4.87019275420373,4.92625010927875,4.87019275420373,4.87019275420373,4.87019275420373,-0.129807245796273,-0.0737498907212526,-0.129807245796273,-0.129807245796273,-0.129807245796273,0,0,0,candidate_invalid,candidate_invalid,v3_candidate_invalid,NaN,NaN,NaN,NaN,0,0,0.0279215940236694,0.0112418320541185,43.882667472297,0.00311096507861097,0.00302410197466418
LOS,10,0,1,20270109,10.0070411524323,7.23858180606657,10.0070411524323,10.0070411524323,10.0070411524323,0.00704115243228642,-2.76141819393343,0.00704115243228642,0.00704115243228642,0.00704115243228642,0,0,0,insufficient_gain,insufficient_gain,v3_insufficient_gain,NaN,NaN,NaN,NaN,0,0,0.165680724453121,0.572373541557752,26.7578745519565,0.0033396941772954,0.00278637122654923
LOS,10,0,2,20270109,9.988021860085,8.86507935495899,9.988021860085,9.988021860085,9.988021860085,-0.011978139915005,-1.13492064504101,-0.011978139915005,-0.011978139915005,-0.011978139915005,0,0,0,insufficient_gain,insufficient_gain,v3_insufficient_gain,NaN,NaN,NaN,NaN,0,0,0.0376678602878086,0.187398789966129,27.3156825702246,0.00590701508250469,0.00568451046365892
LOS,10,0,3,20270109,10.0745335610081,10.8671452515153,10.0745335610081,10.0745335610081,10.0745335610081,0.0745335610081188,0.867145251515296,0.0745335610081188,0.0745335610081188,0.0745335610081188,0,0,0,insufficient_gain,insufficient_gain,v3_insufficient_gain,NaN,NaN,NaN,NaN,0,0,0.0732293567762581,0.141934022964067,18.1864241727532,0.00127812892341805,0.00118453236447902
LOS,10,0,4,20270109,9.94121992018215,11.0251021285124,9.94121992018215,9.94121992018215,9.94121992018215,-0.0587800798178453,1.02510212851243,-0.0587800798178453,-0.0587800798178453,-0.0587800798178453,0,0,0,insufficient_gain,insufficient_gain,v3_insufficient_gain,NaN,NaN,NaN,NaN,0,0,0.175354626409677,0.260729473036852,12.812275013337,0.00510792437672491,0.00421222620591544
LOS,10,0,5,20270109,9.93939188725103,10.011871182209,9.93939188725103,9.93939188725103,9.93939188725103,-0.0606081127489659,0.0118711822090347,-0.0606081127489659,-0.0606081127489659,-0.0606081127489659,0,0,0,candidate_invalid,candidate_invalid,v3_candidate_invalid,NaN,NaN,NaN,NaN,0,0,0.0547557225022808,0.0187550831504142,34.37825458971,0.00298782549691623,0.00282422495312185
LOS,10,0,6,20270109,10.034562338929,10.0861111139559,10.034562338929,10.034562338929,10.034562338929,0.0345623389289695,0.0861111139559405,0.0345623389289695,0.0345623389289695,0.0345623389289695,0,0,0,insufficient_gain,insufficient_gain,v3_insufficient_gain,NaN,NaN,NaN,NaN,0,0,0.598384706646211,0.0393666654567812,62.6592435552442,0.00503981575666446,0.00202406708356184
LOS,10,0,7,20270109,9.87831535348285,10.3018267838197,9.87831535348285,9.87831535348285,9.87831535348285,-0.121684646517149,0.301826783819696,-0.121684646517149,-0.121684646517149,-0.121684646517149,0,0,0,insufficient_gain,insufficient_gain,v3_insufficient_gain,NaN,NaN,NaN,NaN,0,0,0.226967100221848,0.0561114762784696,43.9761573749851,0.00398270615999952,0.00307876289182873
LOS,10,0,8,20270109,9.88511673332674,11.0956102399682,9.88511673332674,9.88511673332674,9.88511673332674,-0.114883266673264,1.09561023996815,-0.114883266673264,-0.114883266673264,-0.114883266673264,0,0,0,insufficient_gain,insufficient_gain,v3_insufficient_gain,NaN,NaN,NaN,NaN,0,0,0.0578230242034435,0.24872670760504,13.3976835310165,0.00224222999924484,0.00211257747972882
LOS,10,0,9,20270109,10.0556704807664,9.98596473813547,10.0556704807664,10.0556704807664,10.0556704807664,0.0556704807664481,-0.0140352618645281,0.0556704807664481,0.0556704807664481,0.0556704807664481,0,0,0,insufficient_gain,insufficient_gain,v3_insufficient_gain,NaN,NaN,NaN,NaN,0,0,0.432785340671513,0.0297483984774021,99.9986979771486,0.00302963838508452,0.00171845530448422
LOS,10,0,10,20270109,10.0448430625442,11.0412443908528,10.0448430625442,10.0448430625442,10.0448430625442,0.044843062544194,1.04124439085283,0.044843062544194,0.044843062544194,0.044843062544194,0,0,0,insufficient_gain,insufficient_gain,v3_insufficient_gain,NaN,NaN,NaN,NaN,0,0,0.061486565327399,0.228184847784352,12.2131839840955,0.00138756440344889,0.00130224783411026
LOS,10,0,11,20270109,10.133699623352,10.2390458956547,10.133699623352,10.133699623352,10.133699623352,0.133699623351962,0.239045895654741,0.133699623351962,0.133699623351962,0.133699623351962,0,0,0,candidate_invalid,candidate_invalid,v3_candidate_invalid,NaN,NaN,NaN,NaN,0,0,0.0234109972596559,0.0130381714277098,43.6729384503093,0.00195767557506321,0.00191184443754011
LOS,10,0,12,20270109,10.0386752695362,9.94295897703185,10.0386752695362,10.0386752695362,10.0386752695362,0.0386752695362187,-0.0570410229681499,0.0386752695362187,0.0386752695362187,0.0386752695362187,0,0,0,candidate_invalid,candidate_invalid,v3_candidate_invalid,NaN,NaN,NaN,NaN,0,0,0.0797603072500628,0.0198161928788828,60.7704068319911,0.00374401041966266,0.00344538699824293
LOS,10,0,13,20270109,9.91864357430229,11.1810967462733,9.91864357430229,9.91864357430229,9.91864357430229,-0.081356425697706,1.18109674627333,-0.081356425697706,-0.081356425697706,-0.081356425697706,0,0,0,insufficient_gain,insufficient_gain,v3_insufficient_gain,NaN,NaN,NaN,NaN,0,0,0.19040153187802,0.232305549378436,16.2479760978506,0.0021389002706278,0.00173165038256595
LOS,10,0,14,20270109,10.0828832830628,9.88475639969958,10.0828832830628,10.0828832830628,10.0828832830628,0.0828832830627917,-0.115243600300424,0.0828832830627917,0.0828832830627917,0.0828832830627917,0,0,0,insufficient_gain,insufficient_gain,v3_insufficient_gain,NaN,NaN,NaN,NaN,0,0,0.0120654510793037,0.0702269165657995,12.341166937057,0.00200386103159889,0.00197968354435241
LOS,10,0,15,20270109,9.92193396925656,9.91637196664608,9.92193396925656,9.92193396925656,9.92193396925656,-0.0780660307434395,-0.083628033353925,-0.0780660307434395,-0.0780660307434395,-0.0780660307434395,0,0,0,insufficient_gain,insufficient_gain,v3_insufficient_gain,NaN,NaN,NaN,NaN,0,0,0.32486379448561,0.0203233606014862,87.2821409990909,0.00241356777727075,0.00162948699089838
LOS,10,0,16,20270109,9.84934937810368,8.10172217051248,9.84934937810368,9.84934937810368,9.84934937810368,-0.150650621896316,-1.89827782948752,-0.150650621896316,-0.150650621896316,-0.150650621896316,0,0,0,insufficient_gain,insufficient_gain,v3_insufficient_gain,NaN,NaN,NaN,NaN,0,0,0.0572960090221718,0.39337336544962,21.9545801007623,0.00431090306067716,0.0040639055200189
LOS,10,0,17,20270109,9.86409495473637,9.73230207194929,9.86409495473637,9.86409495473637,9.86409495473637,-0.135905045263627,-0.267697928050708,-0.135905045263627,-0.135905045263627,-0.135905045263627,0,0,0,insufficient_gain,insufficient_gain,v3_insufficient_gain,NaN,NaN,NaN,NaN,0,0,0.0307958917616853,0.0476737796049829,19.5439748107718,0.00364850288517671,0.00353614398523261
LOS,10,0,18,20270109,9.99577183010852,9.62108306212945,9.99577183010852,9.99577183010852,9.99577183010852,-0.00422816989147812,-0.378916937870546,-0.00422816989147812,-0.00422816989147812,-0.00422816989147812,0,0,0,insufficient_gain,insufficient_gain,v3_insufficient_gain,NaN,NaN,NaN,NaN,0,0,0.16433602590137,0.153877384188928,17.0838599621416,0.00353668585627687,0.00295548095779474
LOS,10,0,19,20270109,9.85500483010441,9.88535774129278,9.85500483010441,9.85500483010441,9.85500483010441,-0.144995169895585,-0.114642258707217,-0.144995169895585,-0.144995169895585,-0.144995169895585,0,0,0,candidate_invalid,candidate_invalid,v3_candidate_invalid,NaN,NaN,NaN,NaN,0,0,0.310969930764889,0.0172793874497822,93.3904825091055,0.00282151694354438,0.00194411001495842
LOS,10,0,20,20270109,9.93643068696871,9.93417257728585,9.93643068696871,9.93643068696871,9.93643068696871,-0.0635693130312855,-0.0658274227141487,-0.0635693130312855,-0.0635693130312855,-0.0635693130312855,0,0,0,insufficient_gain,insufficient_gain,v3_insufficient_gain,NaN,NaN,NaN,NaN,0,0,0.294079567165445,0.032066343233444,99.9998872299901,0.00620622334305665,0.00438109986859847
LOS,10,0,21,20270109,9.91331442639287,8.8493753055352,9.91331442639287,9.91331442639287,9.91331442639287,-0.0866855736071344,-1.1506246944648,-0.0866855736071344,-0.0866855736071344,-0.0866855736071344,0,0,0,insufficient_gain,insufficient_gain,v3_insufficient_gain,NaN,NaN,NaN,NaN,0,0,0.129434565491505,0.236592475359424,21.6659821965384,0.00479119532542227,0.00417104904029131
LOS,10,0,22,20270109,10.1330000628773,9.34865211028958,10.1330000628773,10.1330000628773,10.1330000628773,0.133000062877286,-0.651347889710415,0.133000062877286,0.133000062877286,0.133000062877286,0,0,0,insufficient_gain,insufficient_gain,v3_insufficient_gain,NaN,NaN,NaN,NaN,0,0,0.191486106885594,0.144175470041724,25.2250701749967,0.00152513678580202,0.00123309428022078
LOS,10,0,23,20270109,10.3482583967867,10.4440879348969,10.3482583967867,10.3482583967867,10.3482583967867,0.348258396786749,0.444087934896881,0.348258396786749,0.348258396786749,0.348258396786749,0,0,0,insufficient_gain,insufficient_gain,v3_insufficient_gain,NaN,NaN,NaN,NaN,0,0,0.236602329640853,0.0298511873402824,70.3272997649166,0.00532165262089035,0.00406253721324834
LOS,10,0,24,20270109,9.94018384571392,8.76818364222991,9.94018384571392,9.94018384571392,9.94018384571392,-0.0598161542860787,-1.23181635777009,-0.0598161542860787,-0.0598161542860787,-0.0598161542860787,0,0,0,insufficient_gain,insufficient_gain,v3_insufficient_gain,NaN,NaN,NaN,NaN,0,0,0.115419243474445,0.555063223153304,12.6323341471278,0.00166231611307732,0.00147045284489056
LOS,10,0,25,20270109,10.1693772520366,10.1328059824963,10.1693772520366,10.1693772520366,10.1693772520366,0.169377252036577,0.132805982496272,0.169377252036577,0.169377252036577,0.169377252036577,0,0,0,insufficient_gain,insufficient_gain,v3_insufficient_gain,NaN,NaN,NaN,NaN,0,0,0.000207296034652028,0.0372881232224979,5.4623048825158,0.00234032916580862,0.00233984402485277
LOS,10,0,26,20270109,9.87316200795381,9.18858867337216,9.87316200795381,9.87316200795381,9.87316200795381,-0.126837992046188,-0.811411326627843,-0.126837992046188,-0.126837992046188,-0.126837992046188,0,0,0,insufficient_gain,insufficient_gain,v3_insufficient_gain,NaN,NaN,NaN,NaN,0,0,0.0239921717345496,0.530129125783741,8.23124306633142,0.00306585005058402,0.00299229364965803
LOS,10,0,27,20270109,10.1512146070885,11.0637632010438,10.1512146070885,10.1512146070885,10.1512146070885,0.151214607088489,1.06376320104384,0.151214607088489,0.151214607088489,0.151214607088489,0,0,0,insufficient_gain,insufficient_gain,v3_insufficient_gain,NaN,NaN,NaN,NaN,0,0,0.0287840368420232,0.191705687328468,14.511019470293,0.00581028638358738,0.0056430428862595
LOS,10,0,28,20270109,10.0936734631305,10.8435133797071,10.0936734631305,10.0936734631305,10.0936734631305,0.0936734631304965,0.843513379707119,0.0936734631304965,0.0936734631304965,0.0936734631304965,0,0,0,insufficient_gain,insufficient_gain,v3_insufficient_gain,NaN,NaN,NaN,NaN,0,0,0.162190060152961,0.263958807743986,10.4168635572273,0.00501422023749454,0.0042009635555551
LOS,10,0,29,20270109,9.97083850379479,8.8380602956495,9.97083850379479,9.97083850379479,9.97083850379479,-0.0291614962052122,-1.1619397043505,-0.0291614962052122,-0.0291614962052122,-0.0291614962052122,0,0,0,insufficient_gain,insufficient_gain,v3_insufficient_gain,NaN,NaN,NaN,NaN,0,0,0.142816234204797,0.575521814545846,13.4051872780391,0.00395883764713822,0.00339345136254576
LOS,10,0,30,20270109,9.92650255495737,8.60889888913239,9.92650255495737,9.92650255495737,9.92650255495737,-0.0734974450426282,-1.39110111086761,-0.0734974450426282,-0.0734974450426282,-0.0734974450426282,0,0,0,insufficient_gain,insufficient_gain,v3_insufficient_gain,NaN,NaN,NaN,NaN,0,0,0.24460254849952,0.262410572123814,24.2205505107866,0.0031880315050743,0.00240823087423636
LOS,10,0,31,20270109,9.94522675882347,10.5379037390164,9.94522675882347,9.94522675882347,9.94522675882347,-0.0547732411765338,0.537903739016397,-0.0547732411765338,-0.0547732411765338,-0.0547732411765338,0,0,0,insufficient_gain,insufficient_gain,v3_insufficient_gain,NaN,NaN,NaN,NaN,0,0,0.0371273828744026,0.112918903486965,17.9247360534227,0.00223354047924218,0.00215061496670388
LOS,10,0,32,20270109,10.0647586147708,11.3175807656721,10.0647586147708,10.0647586147708,10.0647586147708,0.0647586147707528,1.31758076567209,0.0647586147707528,0.0647586147707528,0.0647586147707528,0,0,0,insufficient_gain,insufficient_gain,v3_insufficient_gain,NaN,NaN,NaN,NaN,0,0,0.386239928400288,0.217808373747156,19.2410068100501,0.00360401154419199,0.00221199838340946
LOS,10,0,33,20270109,9.95793509879144,9.59537447868351,9.95793509879144,9.95793509879144,9.95793509879144,-0.0420649012085583,-0.404625521316486,-0.0420649012085583,-0.0420649012085583,-0.0420649012085583,0,0,0,insufficient_gain,insufficient_gain,v3_insufficient_gain,NaN,NaN,NaN,NaN,0,0,0.0205883379171615,0.0681460622971252,22.9921685757917,0.00306795944096572,0.00300479525527897
LOS,10,0,34,20270109,9.97472995389694,11.436244547612,9.97472995389694,9.97472995389694,9.97472995389694,-0.0252700461030582,1.43624454761205,-0.0252700461030582,-0.0252700461030582,-0.0252700461030582,0,0,0,insufficient_gain,insufficient_gain,v3_insufficient_gain,NaN,NaN,NaN,NaN,0,0,0.18012286318934,0.304216119241146,12.9738733960016,0.00406755321554897,0.00333489388418928
LOS,10,0,35,20270109,10.0102015664619,9.96701785362533,10.0102015664619,10.0102015664619,10.0102015664619,0.0102015664618627,-0.0329821463746711,0.0102015664618627,0.0102015664618627,0.0102015664618627,0,0,0,insufficient_gain,insufficient_gain,v3_insufficient_gain,NaN,NaN,NaN,NaN,0,0,0.00271028088591868,0.0239618421321796,13.4559303830379,0.00409892538973611,0.0040878161505995
LOS,10,0,36,20270109,10.1377996158124,9.46711178791487,10.1377996158124,10.1377996158124,10.1377996158124,0.137799615812394,-0.532888212085126,0.137799615812394,0.137799615812394,0.137799615812394,0,0,0,insufficient_gain,insufficient_gain,v3_insufficient_gain,NaN,NaN,NaN,NaN,0,0,0.044623044814199,0.1354618253416,20.4752770323183,0.00274474347756004,0.0026222646663574
LOS,10,0,37,20270109,10.2618831666163,10.8709576232686,10.2618831666163,10.2618831666163,10.2618831666163,0.261883166616331,0.870957623268623,0.261883166616331,0.261883166616331,0.261883166616331,0,0,0,insufficient_gain,insufficient_gain,v3_insufficient_gain,NaN,NaN,NaN,NaN,0,0,0.0510251298114766,0.100818365782796,21.1157488243109,0.0017373289261724,0.00164868149218922
LOS,10,0,38,20270109,10.202542035561,7.35391005965085,10.202542035561,10.202542035561,10.202542035561,0.202542035561025,-2.64608994034915,0.202542035561025,0.202542035561025,0.202542035561025,0,0,0,insufficient_gain,insufficient_gain,v3_insufficient_gain,NaN,NaN,NaN,NaN,0,0,0.135182750879529,0.523740686594771,29.9565016628022,0.00555721877977877,0.0048059786578889
LOS,10,0,39,20270109,9.86748951315519,9.02994757087246,9.86748951315519,9.86748951315519,9.86748951315519,-0.132510486844808,-0.970052429127541,-0.132510486844808,-0.132510486844808,-0.132510486844808,0,0,0,insufficient_gain,insufficient_gain,v3_insufficient_gain,NaN,NaN,NaN,NaN,0,0,0.553943592980039,0.135135196968616,34.3681149617575,0.00380435388553724,0.00169695642521517
LOS,10,0,40,20270109,9.93389822341479,9.79416636082646,9.93389822341479,9.93389822341479,9.93389822341479,-0.0661017765852066,-0.205833639173544,-0.0661017765852066,-0.0661017765852066,-0.0661017765852066,0,0,0,insufficient_gain,insufficient_gain,v3_insufficient_gain,NaN,NaN,NaN,NaN,0,0,0.0127496772368869,0.0405877281835314,17.9984311623024,0.00374409499562334,0.0036963589928849
LOS,10,0,41,20270109,10.0135862231889,10.0094099119655,10.0135862231889,10.0135862231889,10.0135862231889,0.0135862231888808,0.00940991196548424,0.0135862231888808,0.0135862231888808,0.0135862231888808,0,0,0,candidate_invalid,candidate_invalid,v3_candidate_invalid,NaN,NaN,NaN,NaN,0,0,0.211743445077691,0.0123934309325904,76.3763244518314,0.00291117914070638,0.0022947560402149
LOS,10,0,42,20270109,9.95509906796579,10.3636593986512,9.95509906796579,9.95509906796579,9.95509906796579,-0.04490093203421,0.363659398651194,-0.04490093203421,-0.04490093203421,-0.04490093203421,0,0,0,insufficient_gain,insufficient_gain,v3_insufficient_gain,NaN,NaN,NaN,NaN,0,0,0.204841766092316,0.0691296903515612,28.9374835769658,0.00372997014151877,0.00296591647025846
LOS,10,0,43,20270109,10.027694272917,9.5067198282424,10.027694272917,10.027694272917,10.027694272917,0.0276942729169605,-0.493280171757604,0.0276942729169605,0.0276942729169605,0.0276942729169605,0,0,0,insufficient_gain,insufficient_gain,v3_insufficient_gain,NaN,NaN,NaN,NaN,0,0,0.0489496415327624,0.0861381649383686,27.1674509240893,0.00415642958503315,0.00395297384678961
LOS,10,0,44,20270109,9.76678585985572,9.33949158614875,9.76678585985572,9.76678585985572,9.76678585985572,-0.233214140144275,-0.660508413851254,-0.233214140144275,-0.233214140144275,-0.233214140144275,0,0,0,insufficient_gain,insufficient_gain,v3_insufficient_gain,NaN,NaN,NaN,NaN,0,0,0.0626025519478443,0.0625474478786299,26.8933426871438,0.00296719501283826,0.00278144103290767
LOS,10,0,45,20270109,9.95555483070627,9.78516233238427,9.95555483070627,9.95555483070627,9.95555483070627,-0.0444451692937324,-0.214837667615727,-0.0444451692937324,-0.0444451692937324,-0.0444451692937324,0,0,0,insufficient_gain,insufficient_gain,v3_insufficient_gain,NaN,NaN,NaN,NaN,0,0,0.00251635181329229,0.211719226525391,5.05718011797807,0.00350915720597,0.00350032693187163
LOS,10,0,46,20270109,9.9980531959885,9.9804829107691,9.9980531959885,9.9980531959885,9.9980531959885,-0.00194680401150293,-0.0195170892309022,-0.00194680401150293,-0.00194680401150293,-0.00194680401150293,0,0,0,candidate_invalid,candidate_invalid,v3_candidate_invalid,NaN,NaN,NaN,NaN,0,0,0.161617989982815,0.0159060594935864,99.9999995064118,0.00305087398588899,0.00255779786459875
LOS,10,0,47,20270109,10.0363932393497,11.1953226150254,10.0363932393497,10.0363932393497,10.0363932393497,0.0363932393496551,1.1953226150254,0.0363932393496551,0.0363932393496551,0.0363932393496551,0,0,0,insufficient_gain,insufficient_gain,v3_insufficient_gain,NaN,NaN,NaN,NaN,0,0,0.0900630554296302,0.258955120357121,12.4153056769777,0.00307429353303434,0.00279741326416172
LOS,10,0,48,20270109,10.0761603373135,9.82500012225906,10.0761603373135,10.0761603373135,10.0761603373135,0.0761603373134996,-0.174999877740944,0.0761603373134996,0.0761603373134996,0.0761603373134996,0,0,0,insufficient_gain,insufficient_gain,v3_insufficient_gain,NaN,NaN,NaN,NaN,0,0,0.0092345178152648,0.101982312360082,11.7175820647081,0.00412816119096671,0.00409003961290444
LOS,10,0,49,20270109,10.0343802903826,8.796834306891,10.0343802903826,10.0343802903826,10.0343802903826,0.0343802903825736,-1.203165693109,0.0343802903825736,0.0343802903825736,0.0343802903825736,0,0,0,insufficient_gain,insufficient_gain,v3_insufficient_gain,NaN,NaN,NaN,NaN,0,0,0.107084076926713,0.38150367000079,17.4975424679763,0.00457247193921195,0.00408283300232815
LOS,10,0,50,20270109,10.0354965507027,10.0322794939029,10.0354965507027,10.0354965507027,10.0354965507027,0.0354965507027476,0.0322794939028856,0.0354965507027476,0.0354965507027476,0.0354965507027476,0,0,0,insufficient_gain,insufficient_gain,v3_insufficient_gain,NaN,NaN,NaN,NaN,0,0,0.240103056730701,0.0332488190110126,99.9994557563709,0.00752367896646744,0.00571722064875813
LOS,15,0,1,20270109,15.03922959823,15.0213546290159,15.03922959823,15.03922959823,15.03922959823,0.0392295982300332,0.0213546290159137,0.0392295982300332,0.0392295982300332,0.0392295982300332,0,0,0,candidate_invalid,candidate_invalid,v3_candidate_invalid,NaN,NaN,NaN,NaN,0,0,0.0624600422195937,0.0121003358420304,99.9995402260665,0.00488079781270589,0.00457594297525898
LOS,15,0,2,20270109,14.9658112377275,14.9279821173107,14.9658112377275,14.9658112377275,14.9658112377275,-0.0341887622725228,-0.0720178826892663,-0.0341887622725228,-0.0341887622725228,-0.0341887622725228,0,0,0,candidate_invalid,candidate_invalid,v3_candidate_invalid,NaN,NaN,NaN,NaN,0,0,0.0833896921222165,0.0175696233980885,47.1477442904543,0.00528171358508289,0.0048412731153451
LOS,15,0,3,20270109,15.1386510570308,14.9081482802996,15.1386510570308,15.1386510570308,15.1386510570308,0.138651057030849,-0.0918517197003581,0.138651057030849,0.138651057030849,0.138651057030849,0,0,0,insufficient_gain,insufficient_gain,v3_insufficient_gain,NaN,NaN,NaN,NaN,0,0,0.00581851175268434,0.0771801650962561,11.7393851879403,0.00241731748318386,0.00240325229299798
LOS,15,0,4,20270109,15.0403357471991,14.4945209191449,15.0403357471991,15.0403357471991,15.0403357471991,0.0403357471990589,-0.505479080855125,0.0403357471990589,0.0403357471990589,0.0403357471990589,0,0,0,insufficient_gain,insufficient_gain,v3_insufficient_gain,NaN,NaN,NaN,NaN,0,0,0.134492695636237,0.144327431567599,18.5305025157442,0.0024864177074575,0.00215201268750387
LOS,15,0,5,20270109,14.9230725059145,14.2258295067985,14.9230725059145,14.9230725059145,14.9230725059145,-0.0769274940854938,-0.774170493201472,-0.0769274940854938,-0.0769274940854938,-0.0769274940854938,0,0,0,insufficient_gain,insufficient_gain,v3_insufficient_gain,NaN,NaN,NaN,NaN,0,0,0.141307849926971,0.15945416813232,21.1593986933028,0.00326654889783784,0.00280495989640306
LOS,15,0,6,20270109,14.9390812321829,14.7749865853272,14.9390812321829,14.9390812321829,14.9390812321829,-0.0609187678171423,-0.22501341467278,-0.0609187678171423,-0.0609187678171423,-0.0609187678171423,0,0,0,insufficient_gain,insufficient_gain,v3_insufficient_gain,NaN,NaN,NaN,NaN,0,0,0.0172213362874154,0.0345659607664169,17.6427708078031,0.00200813309656467,0.00197355036119884
LOS,15,0,7,20270109,15.0064070539415,16.2202161777021,15.0064070539415,15.0064070539415,15.0064070539415,0.0064070539414729,1.22021617770208,0.0064070539414729,0.0064070539414729,0.0064070539414729,0,0,0,insufficient_gain,insufficient_gain,v3_insufficient_gain,NaN,NaN,NaN,NaN,0,0,0.1763861098903,0.226065393555296,16.0406988046227,0.00234811551947733,0.00193394055742369
LOS,15,0,8,20270109,15.0768514048347,14.075297080363,15.0768514048347,15.0768514048347,15.0768514048347,0.076851404834688,-0.92470291963696,0.076851404834688,0.076851404834688,0.076851404834688,0,0,0,insufficient_gain,insufficient_gain,v3_insufficient_gain,NaN,NaN,NaN,NaN,0,0,0.219559939726307,0.162640862320331,30.465842571456,0.00514347102338331,0.00401417083550526
LOS,15,0,9,20270109,15.0712538824636,15.0838233628449,15.0712538824636,15.0712538824636,15.0712538824636,0.0712538824636013,0.0838233628449458,0.0712538824636013,0.0712538824636013,0.0712538824636013,0,0,0,candidate_invalid,candidate_invalid,v3_candidate_invalid,NaN,NaN,NaN,NaN,0,0,0.192564150676683,0.0157185358922536,98.2046691809909,0.00385011636257437,0.00310872197520884
LOS,15,0,10,20270109,15.0126782092811,15.1573137959806,15.0126782092811,15.0126782092811,15.0126782092811,0.0126782092810771,0.157313795980642,0.0126782092810771,0.0126782092810771,0.0126782092810771,0,0,0,insufficient_gain,insufficient_gain,v3_insufficient_gain,NaN,NaN,NaN,NaN,0,0,0.274501513137191,0.0292535760025334,58.9082680610036,0.00401837699622964,0.00291532643040893
LOS,15,0,11,20270109,15.0259069792566,14.779413472366,15.0259069792566,15.0259069792566,15.0259069792566,0.0259069792565825,-0.220586527633962,0.0259069792565825,0.0259069792565825,0.0259069792565825,0,0,0,insufficient_gain,insufficient_gain,v3_insufficient_gain,NaN,NaN,NaN,NaN,0,0,0.0298508681877284,0.0560226780777595,21.5052587862237,0.00517204704107344,0.00501765694658962
LOS,15,0,12,20270109,15.0706527855747,13.8860689013346,15.0706527855747,15.0706527855747,15.0706527855747,0.0706527855747421,-1.11393109866545,0.0706527855747421,0.0706527855747421,0.0706527855747421,0,0,0,insufficient_gain,insufficient_gain,v3_insufficient_gain,NaN,NaN,NaN,NaN,0,0,0.0561686382979071,0.226357663964373,24.0356557672367,0.00440200761116039,0.00415475283786448
LOS,15,0,13,20270109,14.9595685152622,14.5510382743932,14.9595685152622,14.9595685152622,14.9595685152622,-0.0404314847377645,-0.448961725606795,-0.0404314847377645,-0.0404314847377645,-0.0404314847377645,0,0,0,insufficient_gain,insufficient_gain,v3_insufficient_gain,NaN,NaN,NaN,NaN,0,0,0.113955976575693,0.0583420338588739,36.3202947353212,0.00255175646626937,0.00226096856617231
LOS,15,0,14,20270109,15.0287497372174,15.5906640868689,15.0287497372174,15.0287497372174,15.0287497372174,0.0287497372174261,0.590664086868905,0.0287497372174261,0.0287497372174261,0.0287497372174261,0,0,0,insufficient_gain,insufficient_gain,v3_insufficient_gain,NaN,NaN,NaN,NaN,0,0,0.0400201796142939,0.0863577073652164,22.8507926455553,0.00218900499671282,0.00210140062356778
LOS,15,0,15,20270109,14.9345768421148,12.2954797763966,14.9345768421148,14.9345768421148,14.9345768421148,-0.0654231578851903,-2.7045202236034,-0.0654231578851903,-0.0654231578851903,-0.0654231578851903,0,0,0,insufficient_gain,insufficient_gain,v3_insufficient_gain,NaN,NaN,NaN,NaN,0,0,0.572756108555945,0.465596440330507,30.8271196985554,0.00304569031631408,0.0013012525828755
LOS,15,0,16,20270109,14.942370233068,15.6228646520151,14.942370233068,14.942370233068,14.942370233068,-0.057629766931953,0.62286465201511,-0.057629766931953,-0.057629766931953,-0.057629766931953,0,0,0,insufficient_gain,insufficient_gain,v3_insufficient_gain,NaN,NaN,NaN,NaN,0,0,0.0478542891940885,0.127387918446236,18.7147684984537,0.00440233382454247,0.0041916632685739
LOS,15,0,17,20270109,14.9249351609485,14.7601993928909,14.9249351609485,14.9249351609485,14.9249351609485,-0.0750648390514677,-0.239800607109139,-0.0750648390514677,-0.0750648390514677,-0.0750648390514677,0,0,0,insufficient_gain,insufficient_gain,v3_insufficient_gain,NaN,NaN,NaN,NaN,0,0,0.0080090662229244,0.206865230854322,6.02878044423843,0.00273775771479112,0.00271583083195104
LOS,15,0,18,20270109,15.0894730866259,16.1465427895655,15.0894730866259,15.0894730866259,15.0894730866259,0.0894730866258815,1.1465427895655,0.0894730866258815,0.0894730866258815,0.0894730866258815,0,0,0,insufficient_gain,insufficient_gain,v3_insufficient_gain,NaN,NaN,NaN,NaN,0,0,0.276479496662175,0.198236595583511,17.0211405920655,0.00190400190765483,0.0013775844185826
LOS,15,0,19,20270109,15.028058582236,15.0007765224142,15.028058582236,15.028058582236,15.028058582236,0.028058582235964,0.000776522414213332,0.028058582235964,0.028058582235964,0.028058582235964,0,0,0,candidate_invalid,candidate_invalid,v3_candidate_invalid,NaN,NaN,NaN,NaN,0,0,0.00365846584457277,0.00953756101105737,14.6213949400692,0.00206140474062688,0.00205386316179146
LOS,15,0,20,20270109,14.8904848764362,14.8603878885409,14.8904848764362,14.8904848764362,14.8904848764362,-0.109515123563829,-0.139612111459089,-0.109515123563829,-0.109515123563829,-0.109515123563829,0,0,0,insufficient_gain,insufficient_gain,v3_insufficient_gain,NaN,NaN,NaN,NaN,0,0,0.389553641863042,0.0290059053286029,99.9999972813549,0.00425972674895925,0.00260033468056076
LOS,15,0,21,20270109,15.157832712469,14.0374302887926,15.157832712469,15.157832712469,15.157832712469,0.157832712469002,-0.962569711207443,0.157832712469002,0.157832712469002,0.157832712469002,0,0,0,insufficient_gain,insufficient_gain,v3_insufficient_gain,NaN,NaN,NaN,NaN,0,0,0.358993942776646,0.154908186942982,39.5956960924725,0.00515386007426688,0.00330365552568668
LOS,15,0,22,20270109,15.1076700892639,15.2213636726712,15.1076700892639,15.1076700892639,15.1076700892639,0.107670089263941,0.22136367267116,0.107670089263941,0.107670089263941,0.107670089263941,0,0,0,insufficient_gain,insufficient_gain,v3_insufficient_gain,NaN,NaN,NaN,NaN,0,0,0.000488431549908146,0.0707477899378437,5.37994835215471,0.00195825874927325,0.00195730227391722
LOS,15,0,23,20270109,15.255406747783,14.1727894753132,15.255406747783,15.255406747783,15.255406747783,0.255406747783018,-0.827210524686798,0.255406747783018,0.255406747783018,0.255406747783018,0,0,0,insufficient_gain,insufficient_gain,v3_insufficient_gain,NaN,NaN,NaN,NaN,0,0,0.179567730420045,0.15805681831452,32.8629405879062,0.00407225298994374,0.0033410077628433
LOS,15,0,24,20270109,15.1170455021244,15.1319488493433,15.1170455021244,15.1170455021244,15.1170455021244,0.117045502124382,0.131948849343306,0.117045502124382,0.117045502124382,0.117045502124382,0,0,0,candidate_invalid,candidate_invalid,v3_candidate_invalid,NaN,NaN,NaN,NaN,0,0,0.103880541287638,0.0181163650145554,99.9999923308011,0.00404647930044355,0.00362612884040425
LOS,15,0,25,20270109,15.1449313328182,16.8212784226201,15.1449313328182,15.1449313328182,15.1449313328182,0.144931332818226,1.82127842262014,0.144931332818226,0.144931332818226,0.144931332818226,0,0,0,insufficient_gain,insufficient_gain,v3_insufficient_gain,NaN,NaN,NaN,NaN,0,0,0.365336288262604,0.244730316693325,22.5958035536766,0.00479239513522445,0.00304155928463379
LOS,15,0,26,20270109,14.9454901891641,14.9114346492667,14.9454901891641,14.9454901891641,14.9454901891641,-0.0545098108358815,-0.0885653507333277,-0.0545098108358815,-0.0545098108358815,-0.0545098108358815,0,0,0,weak_echo,weak_echo,v3_weak_echo,NaN,NaN,NaN,NaN,0,0,0.63406549102249,0.0389581215626359,99.9999951796161,0.00436922996401234,0.00159885202149068
LOS,15,0,27,20270109,14.8274251440654,14.4764306221771,14.8274251440654,14.8274251440654,14.8274251440654,-0.172574855934576,-0.523569377822874,-0.172574855934576,-0.172574855934576,-0.172574855934576,0,0,0,insufficient_gain,insufficient_gain,v3_insufficient_gain,NaN,NaN,NaN,NaN,0,0,0.0154901065405751,0.250635326161894,7.7802212773323,0.00300151405702898,0.00295502028450256
LOS,15,0,28,20270109,15.0827471366424,15.0471369025328,15.0827471366424,15.0827471366424,15.0827471366424,0.0827471366423538,0.0471369025327633,0.0827471366423538,0.0827471366423538,0.0827471366423538,0,0,0,insufficient_gain,insufficient_gain,v3_insufficient_gain,NaN,NaN,NaN,NaN,0,0,0.00237391682257187,0.110317907681809,5.19670026885608,0.00250877463627375,0.00250281901396066
LOS,15,0,29,20270109,15.1303265613691,15.6427508578137,15.1303265613691,15.1303265613691,15.1303265613691,0.130326561369138,0.642750857813652,0.130326561369138,0.130326561369138,0.130326561369138,0,0,0,insufficient_gain,insufficient_gain,v3_insufficient_gain,NaN,NaN,NaN,NaN,0,0,0.050044611357612,0.0828185049163589,21.6095677855299,0.00114113597240562,0.00108402826616039
LOS,15,0,30,20270109,15.161375073883,14.3260232209941,15.161375073883,15.161375073883,15.161375073883,0.161375073883036,-0.673976779005857,0.161375073883036,0.161375073883036,0.161375073883036,0,0,0,insufficient_gain,insufficient_gain,v3_insufficient_gain,NaN,NaN,NaN,NaN,0,0,0.138903671850304,0.213415547432605,18.1257130600423,0.00156521239735752,0.00134779864813894
LOS,15,0,31,20270109,14.8985372784448,15.4863820591212,14.8985372784448,14.8985372784448,14.8985372784448,-0.101462721555215,0.48638205912119,-0.101462721555215,-0.101462721555215,-0.101462721555215,0,0,0,insufficient_gain,insufficient_gain,v3_insufficient_gain,NaN,NaN,NaN,NaN,0,0,0.0988476391916915,0.223470081410356,9.75921217065182,0.00354717748872146,0.00319654736816744
LOS,15,0,32,20270109,15.0400329884369,15.0668480192539,15.0400329884369,15.0400329884369,15.0400329884369,0.0400329884368773,0.0668480192539445,0.0400329884368773,0.0400329884368773,0.0400329884368773,0,0,0,insufficient_gain,insufficient_gain,v3_insufficient_gain,NaN,NaN,NaN,NaN,0,0,0.590676986445207,0.0353233192322107,94.4616031110803,0.00372453542549578,0.00152453806445552
LOS,15,0,33,20270109,15.0723108071533,15.1050253852332,15.0723108071533,15.0723108071533,15.0723108071533,0.0723108071532526,0.105025385233215,0.0723108071532526,0.0723108071532526,0.0723108071532526,0,0,0,insufficient_gain,insufficient_gain,v3_insufficient_gain,NaN,NaN,NaN,NaN,0,0,0.468276397404516,0.0388280570621696,79.5286010729205,0.00611638971689277,0.00325222877514419
LOS,15,0,34,20270109,15.0035624208296,14.6879348769192,15.0035624208296,15.0035624208296,15.0035624208296,0.00356242082962765,-0.312065123080799,0.00356242082962765,0.00356242082962765,0.00356242082962765,0,0,0,insufficient_gain,insufficient_gain,v3_insufficient_gain,NaN,NaN,NaN,NaN,0,0,0.00916031187230633,0.0685381353371472,17.0514573026873,0.00457323993252667,0.00453134762847784
LOS,15,0,35,20270109,14.9282629626702,14.5200857082237,14.9282629626702,14.9282629626702,14.9282629626702,-0.071737037329811,-0.479914291776254,-0.071737037329811,-0.071737037329811,-0.071737037329811,0,0,0,insufficient_gain,insufficient_gain,v3_insufficient_gain,NaN,NaN,NaN,NaN,0,0,0.0951332323142067,0.060609606201584,33.1625786686583,0.00365105214549222,0.00330371575354382
LOS,15,0,36,20270109,15.030652776457,13.5495998151961,15.030652776457,15.030652776457,15.030652776457,0.0306527764570408,-1.45040018480386,0.0306527764570408,0.0306527764570408,0.0306527764570408,0,0,0,insufficient_gain,insufficient_gain,v3_insufficient_gain,NaN,NaN,NaN,NaN,0,0,0.280162760064252,0.280682880627539,25.9553677232777,0.00308210600503678,0.00221861467985507
LOS,15,0,37,20270109,14.9275918604746,15.1406785979359,14.9275918604746,14.9275918604746,14.9275918604746,-0.0724081395254164,0.140678597935896,-0.0724081395254164,-0.0724081395254164,-0.0724081395254164,0,0,0,insufficient_gain,insufficient_gain,v3_insufficient_gain,NaN,NaN,NaN,NaN,0,0,0.00654018482150423,0.0691647789103897,12.5873849508365,0.00567469334168358,0.00563757979842361
LOS,15,0,38,20270109,14.9770481104522,14.9734385173125,14.9770481104522,14.9770481104522,14.9770481104522,-0.0229518895477785,-0.0265614826874661,-0.0229518895477785,-0.0229518895477785,-0.0229518895477785,0,0,0,candidate_invalid,candidate_invalid,v3_candidate_invalid,NaN,NaN,NaN,NaN,0,0,0.0757202900420018,0.0100987671170256,90.5441710769554,0.00287676671222648,0.00265893710239351
LOS,15,0,39,20270109,14.8629443311162,14.8708798724241,14.8629443311162,14.8629443311162,14.8629443311162,-0.137055668883823,-0.129120127575888,-0.137055668883823,-0.137055668883823,-0.137055668883823,0,0,0,insufficient_gain,insufficient_gain,v3_insufficient_gain,NaN,NaN,NaN,NaN,0,0,0.210024358538986,0.0260907782612377,84.531895464823,0.00604433321242714,0.00477487600669124
LOS,15,0,40,20270109,15.0420920801048,15.80557546578,15.0420920801048,15.0420920801048,15.0420920801048,0.0420920801048315,0.805575465779977,0.0420920801048315,0.0420920801048315,0.0420920801048315,0,0,0,insufficient_gain,insufficient_gain,v3_insufficient_gain,NaN,NaN,NaN,NaN,0,0,0.0199270085258504,0.187908863183513,12.1746515829241,0.00457240701286077,0.00448129261933183
LOS,15,0,41,20270109,14.930055718951,14.8657248640689,14.930055718951,14.930055718951,14.930055718951,-0.0699442810489792,-0.134275135931105,-0.0699442810489792,-0.0699442810489792,-0.0699442810489792,0,0,0,candidate_invalid,candidate_invalid,v3_candidate_invalid,NaN,NaN,NaN,NaN,0,0,0.0132617301921945,0.0192457293436036,23.8591229550288,0.00330863907615453,0.00326476079742322
LOS,15,0,42,20270109,15.1887735816918,14.7738615375548,15.1887735816918,15.1887735816918,15.1887735816918,0.188773581691764,-0.226138462445221,0.188773581691764,0.188773581691764,0.188773581691764,0,0,0,insufficient_gain,insufficient_gain,v3_insufficient_gain,NaN,NaN,NaN,NaN,0,0,0.0255765917259422,0.161888307792047,11.4267087549149,0.00215408394887628,0.00209898982317247
LOS,15,0,43,20270109,15.1404882059569,13.9315393596772,15.1404882059569,15.1404882059569,15.1404882059569,0.140488205956904,-1.06846064032276,0.140488205956904,0.140488205956904,0.140488205956904,0,0,0,insufficient_gain,insufficient_gain,v3_insufficient_gain,NaN,NaN,NaN,NaN,0,0,0.103815930148066,0.224133976962892,25.0464706897761,0.00292588804415317,0.0026221342553403
LOS,15,0,44,20270109,15.1619615418433,14.2300490473155,15.1619615418433,15.1619615418433,15.1619615418433,0.16196154184332,-0.769950952684471,0.16196154184332,0.16196154184332,0.16196154184332,0,0,0,insufficient_gain,insufficient_gain,v3_insufficient_gain,NaN,NaN,NaN,NaN,0,0,0.123381890742283,0.14738885438758,29.782706433834,0.00278835633500152,0.00244432365832581
LOS,15,0,45,20270109,14.9620638914185,14.496868931842,14.9620638914185,14.9620638914185,14.9620638914185,-0.0379361085815297,-0.50313106815803,-0.0379361085815297,-0.0379361085815297,-0.0379361085815297,0,0,0,insufficient_gain,insufficient_gain,v3_insufficient_gain,NaN,NaN,NaN,NaN,0,0,0.0247795436198711,0.0853699477556355,23.5924557587241,0.00351428158918088,0.00342719929524926
LOS,15,0,46,20270109,15.3860131927693,15.3998325623642,15.3860131927693,15.3860131927693,15.3860131927693,0.38601319276933,0.399832562364161,0.38601319276933,0.38601319276933,0.38601319276933,0,0,0,candidate_invalid,candidate_invalid,v3_candidate_invalid,NaN,NaN,NaN,NaN,0,0,0.157461084150167,0.0185083031361885,99.9981469018722,0.00400377832227572,0.00337333904695325
LOS,15,0,47,20270109,15.0001875068955,14.9836921040558,15.0001875068955,15.0001875068955,15.0001875068955,0.000187506895512612,-0.0163078959442231,0.000187506895512612,0.000187506895512612,0.000187506895512612,0,0,0,candidate_invalid,candidate_invalid,v3_candidate_invalid,NaN,NaN,NaN,NaN,0,0,0.331592967569025,0.016803756059265,99.9953651234067,0.00162649169175144,0.00108715848495722
LOS,15,0,48,20270109,15.0046833857238,13.8966679304171,15.0046833857238,15.0046833857238,15.0046833857238,0.00468338572376048,-1.10333206958289,0.00468338572376048,0.00468338572376048,0.00468338572376048,0,0,0,insufficient_gain,insufficient_gain,v3_insufficient_gain,NaN,NaN,NaN,NaN,0,0,0.367647147612269,0.263103532980993,23.5102328911243,0.00520552649129269,0.00329172952494883
LOS,15,0,49,20270109,15.0292456228202,15.0488525587442,15.0292456228202,15.0292456228202,15.0292456228202,0.0292456228202216,0.0488525587441941,0.0292456228202216,0.0292456228202216,0.0292456228202216,0,0,0,candidate_invalid,candidate_invalid,v3_candidate_invalid,NaN,NaN,NaN,NaN,0,0,0.298500193698805,0.0188917846574313,99.7630237882335,0.00263515290991001,0.0018485592558759
LOS,15,0,50,20270109,14.9877444124795,14.9750879633899,14.9877444124795,14.9877444124795,14.9877444124795,-0.0122555875204888,-0.0249120366100826,-0.0122555875204888,-0.0122555875204888,-0.0122555875204888,0,0,0,insufficient_gain,insufficient_gain,v3_insufficient_gain,NaN,NaN,NaN,NaN,0,0,0.283884830210612,0.0214956910630111,99.9999517851169,0.003108092478316,0.00222575217283039
LOS,20,0,1,20270109,19.8731216600357,20.2610662420133,19.8731216600357,19.8731216600357,19.8731216600357,-0.126878339964314,0.261066242013342,-0.126878339964314,-0.126878339964314,-0.126878339964314,0,0,0,insufficient_gain,insufficient_gain,v3_insufficient_gain,NaN,NaN,NaN,NaN,0,0,0.0299679816223597,0.05648217780164,29.501986770045,0.00333120795840247,0.00323137837952481
LOS,20,0,2,20270109,20.1075830316682,19.7978438196087,20.1075830316682,20.1075830316682,20.1075830316682,0.107583031668188,-0.202156180391327,0.107583031668188,0.107583031668188,0.107583031668188,0,0,0,insufficient_gain,insufficient_gain,v3_insufficient_gain,NaN,NaN,NaN,NaN,0,0,0.049531400649372,0.0542488280535618,28.8448435034311,0.0030319394538012,0.00288176324597034
LOS,20,0,3,20270109,19.9193802013642,19.6295571671354,19.9193802013642,19.9193802013642,19.9193802013642,-0.0806197986358406,-0.370442832864605,-0.0806197986358406,-0.0806197986358406,-0.0806197986358406,0,0,0,insufficient_gain,insufficient_gain,v3_insufficient_gain,NaN,NaN,NaN,NaN,0,0,0.190901811330564,0.0382906867420539,46.5268607262469,0.00303130732896162,0.00245262526916323
LOS,20,0,4,20270109,20.0074909867999,19.8306228686504,20.0074909867999,20.0074909867999,20.0074909867999,0.00749098679991533,-0.169377131349606,0.00749098679991533,0.00749098679991533,0.00749098679991533,0,0,0,insufficient_gain,insufficient_gain,v3_insufficient_gain,NaN,NaN,NaN,NaN,0,0,0.123602154529085,0.181035707363838,11.7676843908525,0.00253805314303812,0.00222434430624929
LOS,20,0,5,20270109,20.0940830370387,18.6653828252972,20.0940830370387,20.0940830370387,20.0940830370387,0.0940830370387182,-1.33461717470283,0.0940830370387182,0.0940830370387182,0.0940830370387182,0,0,0,insufficient_gain,insufficient_gain,v3_insufficient_gain,NaN,NaN,NaN,NaN,0,0,0.0530913943942267,0.343515083125912,20.1249685627245,0.00391269796261517,0.00370496737193649
LOS,20,0,6,20270109,19.9138452422978,20.4289409216064,19.9138452422978,19.9138452422978,19.9138452422978,-0.0861547577022002,0.428940921606404,-0.0861547577022002,-0.0861547577022002,-0.0861547577022002,0,0,0,insufficient_gain,insufficient_gain,v3_insufficient_gain,NaN,NaN,NaN,NaN,0,0,0.0784912510681715,0.0889807475654143,22.8411441823996,0.00336713772279906,0.00310284687041773
LOS,20,0,7,20270109,19.7804785217676,19.7210138969805,19.7804785217676,19.7804785217676,19.7804785217676,-0.219521478232434,-0.278986103019541,-0.219521478232434,-0.219521478232434,-0.219521478232434,0,0,0,candidate_invalid,candidate_invalid,v3_candidate_invalid,NaN,NaN,NaN,NaN,0,0,0.155327406969002,0.0174241452810962,99.9798780620777,0.00262704091001398,0.00221898945746002
LOS,20,0,8,20270109,20.1035344027513,20.5717659619186,20.1035344027513,20.1035344027513,20.1035344027513,0.103534402751254,0.571765961918643,0.103534402751254,0.103534402751254,0.103534402751254,0,0,0,insufficient_gain,insufficient_gain,v3_insufficient_gain,NaN,NaN,NaN,NaN,0,0,0.0603236129675815,0.0815478064291884,21.7738196989842,0.00245318850511755,0.00230520331119832
LOS,20,0,9,20270109,20.0183912821963,18.8883993271601,20.0183912821963,20.0183912821963,20.0183912821963,0.0183912821963474,-1.11160067283986,0.0183912821963474,0.0183912821963474,0.0183912821963474,0,0,0,insufficient_gain,insufficient_gain,v3_insufficient_gain,NaN,NaN,NaN,NaN,0,0,0.0957121663800605,0.170528850229107,31.0218988253178,0.00494506269361894,0.00447176003032745
LOS,20,0,10,20270109,20.0456254079463,19.8472732731165,20.0456254079463,20.0456254079463,20.0456254079463,0.0456254079463285,-0.152726726883458,0.0456254079463285,0.0456254079463285,0.0456254079463285,0,0,0,insufficient_gain,insufficient_gain,v3_insufficient_gain,NaN,NaN,NaN,NaN,0,0,0.0290458136849088,0.0471198564408059,20.2171579472668,0.00244715757552649,0.00237607789253014
LOS,20,0,11,20270109,19.8700759776452,19.7825024300084,19.8700759776452,19.8700759776452,19.8700759776452,-0.129924022354796,-0.217497569991558,-0.129924022354796,-0.129924022354796,-0.129924022354796,0,0,0,insufficient_gain,insufficient_gain,v3_insufficient_gain,NaN,NaN,NaN,NaN,0,0,0.00844406517504542,0.0222275095372306,23.7895531365469,0.00579255473099627,0.00574364202131772
LOS,20,0,12,20270109,20.2062247903461,20.1276494340417,20.2062247903461,20.2062247903461,20.2062247903461,0.206224790346091,0.127649434041658,0.206224790346091,0.206224790346091,0.206224790346091,0,0,0,insufficient_gain,insufficient_gain,v3_insufficient_gain,NaN,NaN,NaN,NaN,0,0,0.363961595499403,0.0316257465482029,72.9298393149479,0.00477640723547545,0.00303797843729692
LOS,20,0,13,20270109,19.9264764869322,20.3722321443105,19.9264764869322,19.9264764869322,19.9264764869322,-0.0735235130678049,0.372232144310473,-0.0735235130678049,-0.0735235130678049,-0.0735235130678049,0,0,0,insufficient_gain,insufficient_gain,v3_insufficient_gain,NaN,NaN,NaN,NaN,0,0,0.000270391019097955,0.214185742890653,5.40815423985976,0.00221835715849727,0.00221775733464447
LOS,20,0,14,20270109,20.001952933385,19.9001194076268,20.001952933385,20.001952933385,20.001952933385,0.00195293338496683,-0.0998805923732249,0.00195293338496683,0.00195293338496683,0.00195293338496683,0,0,0,insufficient_gain,insufficient_gain,v3_insufficient_gain,NaN,NaN,NaN,NaN,0,0,0.0568132160926868,0.0299450640722674,23.1565178489506,0.00175364539822676,0.00165401516326735
LOS,20,0,15,20270109,19.8211188228806,20.6650550547913,19.8211188228806,19.8211188228806,19.8211188228806,-0.178881177119354,0.665055054791324,-0.178881177119354,-0.178881177119354,-0.178881177119354,0,0,0,insufficient_gain,insufficient_gain,v3_insufficient_gain,NaN,NaN,NaN,NaN,0,0,0.073051654799614,0.157182830268373,18.1292516615577,0.00400260756232984,0.0037102104563882
LOS,20,0,16,20270109,20.0487717435074,20.7776545786965,20.0487717435074,20.0487717435074,20.0487717435074,0.048771743507384,0.777654578696477,0.048771743507384,0.048771743507384,0.048771743507384,0,0,0,insufficient_gain,insufficient_gain,v3_insufficient_gain,NaN,NaN,NaN,NaN,0,0,0.0687708196805267,0.114756485422539,22.4116914734239,0.00276956824974883,0.00257910277105244
LOS,20,0,17,20270109,20.0126716411468,20.8586863252394,20.0126716411468,20.0126716411468,20.0126716411468,0.0126716411468379,0.858686325239443,0.0126716411468379,0.0126716411468379,0.0126716411468379,0,0,0,insufficient_gain,insufficient_gain,v3_insufficient_gain,NaN,NaN,NaN,NaN,0,0,0.0222391974645902,0.263670156281681,8.41382810291224,0.00214460153421347,0.00209690731721124
LOS,20,0,18,20270109,20.1916403084167,20.1834596825242,20.1916403084167,20.1916403084167,20.1916403084167,0.191640308416662,0.18345968252418,0.191640308416662,0.191640308416662,0.191640308416662,0,0,0,insufficient_gain,insufficient_gain,v3_insufficient_gain,NaN,NaN,NaN,NaN,0,0,0.249151619089771,0.0201471168209829,99.9983008448538,0.0034038244275616,0.00255575606033731
LOS,20,0,19,20270109,19.9932735497342,19.9863126603024,19.9932735497342,19.9932735497342,19.9932735497342,-0.00672645026582686,-0.0136873396976043,-0.00672645026582686,-0.00672645026582686,-0.00672645026582686,0,0,0,candidate_invalid,candidate_invalid,v3_candidate_invalid,NaN,NaN,NaN,NaN,0,0,0.175976022514406,0.0149849983493728,99.9979343406003,0.00224377257739117,0.00184892240379497
LOS,20,0,20,20270109,20.0848903780537,20.432978742415,20.0848903780537,20.0848903780537,20.0848903780537,0.0848903780536574,0.43297874241496,0.0848903780536574,0.0848903780536574,0.0848903780536574,0,0,0,candidate_invalid,candidate_invalid,v3_candidate_invalid,NaN,NaN,NaN,NaN,0,0,0,0.219190420002523,5.00003777926172,0.00324616460877358,0.00324782422768566
LOS,20,0,21,20270109,19.9066858248223,19.0886549935934,19.9066858248223,19.9066858248223,19.9066858248223,-0.0933141751777242,-0.911345006406577,-0.0933141751777242,-0.0933141751777242,-0.0933141751777242,0,0,0,insufficient_gain,insufficient_gain,v3_insufficient_gain,NaN,NaN,NaN,NaN,0,0,0.0974008317286953,0.120147759261244,31.2447852301581,0.00330625580463706,0.00298422373935758
LOS,20,0,22,20270109,20.030288568947,20.7089540153251,20.030288568947,20.030288568947,20.030288568947,0.0302885689469683,0.708954015325073,0.0302885689469683,0.0302885689469683,0.0302885689469683,0,0,0,insufficient_gain,insufficient_gain,v3_insufficient_gain,NaN,NaN,NaN,NaN,0,0,0.131290970536028,0.0948159568014477,27.8299840188085,0.00221620701901859,0.00192523904858288
LOS,20,0,23,20270109,20.0142582225084,19.0008151576838,20.0142582225084,20.0142582225084,20.0142582225084,0.0142582225084027,-0.999184842316229,0.0142582225084027,0.0142582225084027,0.0142582225084027,0,0,0,insufficient_gain,insufficient_gain,v3_insufficient_gain,NaN,NaN,NaN,NaN,0,0,0.157497832681246,0.155728299083544,31.8374493623651,0.00428616183667252,0.00361110063687553
LOS,20,0,24,20270109,20.1144432328916,20.2511432082168,20.1144432328916,20.1144432328916,20.1144432328916,0.114443232891585,0.251143208216796,0.114443232891585,0.114443232891585,0.114443232891585,0,0,0,insufficient_gain,insufficient_gain,v3_insufficient_gain,NaN,NaN,NaN,NaN,0,0,0.000517807389958726,0.132513794676394,5.53237434090997,0.00407558249620199,0.00407347212946707
LOS,20,0,25,20270109,19.9813224883014,21.1049819302871,19.9813224883014,19.9813224883014,19.9813224883014,-0.0186775116985984,1.10498193028712,-0.0186775116985984,-0.0186775116985984,-0.0186775116985984,0,0,0,insufficient_gain,insufficient_gain,v3_insufficient_gain,NaN,NaN,NaN,NaN,0,0,0.270432520987138,0.196301024639802,18.5983142689954,0.00211333416690107,0.00154181988045776
LOS,20,0,26,20270109,20.0131932893211,21.1727114284107,20.0131932893211,20.0131932893211,20.0131932893211,0.0131932893211264,1.1727114284107,0.0131932893211264,0.0131932893211264,0.0131932893211264,0,0,0,insufficient_gain,insufficient_gain,v3_insufficient_gain,NaN,NaN,NaN,NaN,0,0,0.251332722829158,0.226244117597158,15.5932173535409,0.00233468027725792,0.00174789872623915
LOS,20,0,27,20270109,20.010897898966,19.8175317564305,20.010897898966,20.010897898966,20.010897898966,0.0108978989659896,-0.182468243569474,0.0108978989659896,0.0108978989659896,0.0108978989659896,0,0,0,insufficient_gain,insufficient_gain,v3_insufficient_gain,NaN,NaN,NaN,NaN,0,0,0.27551817035463,0.0307291736715956,50.9340251598651,0.00189345965367305,0.00137177711425274
LOS,20,0,28,20270109,19.9844363339555,18.264778634749,19.9844363339555,19.9844363339555,19.9844363339555,-0.015563666044482,-1.73522136525098,-0.015563666044482,-0.015563666044482,-0.015563666044482,0,0,0,insufficient_gain,insufficient_gain,v3_insufficient_gain,NaN,NaN,NaN,NaN,0,0,0.191033065270045,0.387129470512175,23.4091967423879,0.00564933787468225,0.00457012754373554
LOS,20,0,29,20270109,19.9128772256311,19.9247163865781,19.9128772256311,19.9128772256311,19.9128772256311,-0.0871227743688863,-0.0752836134219059,-0.0871227743688863,-0.0871227743688863,-0.0871227743688863,0,0,0,candidate_invalid,candidate_invalid,v3_candidate_invalid,NaN,NaN,NaN,NaN,0,0,0.11956241847667,0.0136061309559013,99.8769151821842,0.00683153347544718,0.00601473881121839
LOS,20,0,30,20270109,20.0140123587138,20.689002279011,20.0140123587138,20.0140123587138,20.0140123587138,0.0140123587138028,0.689002279011007,0.0140123587138028,0.0140123587138028,0.0140123587138028,0,0,0,insufficient_gain,insufficient_gain,v3_insufficient_gain,NaN,NaN,NaN,NaN,0,0,0.0175763085715181,0.13493961587665,15.9666330981697,0.00288409005527313,0.0028333983985136
LOS,20,0,31,20270109,19.9528781470409,19.9253561911685,19.9528781470409,19.9528781470409,19.9528781470409,-0.047121852959112,-0.0746438088314605,-0.047121852959112,-0.047121852959112,-0.047121852959112,0,0,0,candidate_invalid,candidate_invalid,v3_candidate_invalid,NaN,NaN,NaN,NaN,0,0,0.12213847722254,0.0154749982544226,99.4569157841344,0.00357178199004005,0.00313552997680566
LOS,20,0,32,20270109,20.0359556586824,19.804138951098,20.0359556586824,20.0359556586824,20.0359556586824,0.0359556586823864,-0.195861048902032,0.0359556586823864,0.0359556586823864,0.0359556586823864,0,0,0,insufficient_gain,insufficient_gain,v3_insufficient_gain,NaN,NaN,NaN,NaN,0,0,0.0203618209564833,0.0306374892823217,34.8801488268538,0.00312199848830352,0.00305842891405828
LOS,20,0,33,20270109,20.0100495662763,20.260276621479,20.0100495662763,20.0100495662763,20.0100495662763,0.0100495662763009,0.260276621479036,0.0100495662763009,0.0100495662763009,0.0100495662763009,0,0,0,insufficient_gain,insufficient_gain,v3_insufficient_gain,NaN,NaN,NaN,NaN,0,0,0.543784572311903,0.188542392769457,16.6622299582663,0.00389562438412905,0.00177724394451761
LOS,20,0,34,20270109,19.9579996985388,21.4599689968125,19.9579996985388,19.9579996985388,19.9579996985388,-0.0420003014612433,1.45996899681251,-0.0420003014612433,-0.0420003014612433,-0.0420003014612433,0,0,0,insufficient_gain,insufficient_gain,v3_insufficient_gain,NaN,NaN,NaN,NaN,0,0,0.066402630746105,0.264735421571577,16.1931016479484,0.0074551668656293,0.00696012417310032
LOS,20,0,35,20270109,19.9594113918945,19.2107427191941,19.9594113918945,19.9594113918945,19.9594113918945,-0.040588608105498,-0.789257280805856,-0.040588608105498,-0.040588608105498,-0.040588608105498,0,0,0,insufficient_gain,insufficient_gain,v3_insufficient_gain,NaN,NaN,NaN,NaN,0,0,0.227499352604737,0.143647834817391,25.7930553195579,0.00373328924379313,0.00288396835774396
LOS,20,0,36,20270109,19.9830303175786,21.5524073743973,19.9830303175786,19.9830303175786,19.9830303175786,-0.0169696824213865,1.5524073743973,-0.0169696824213865,-0.0169696824213865,-0.0169696824213865,0,0,0,insufficient_gain,insufficient_gain,v3_insufficient_gain,NaN,NaN,NaN,NaN,0,0,0.17496823658843,0.250535998664724,19.3028826140716,0.00675469663327655,0.00557283927466234
LOS,20,0,37,20270109,19.833547980141,19.8342691114121,19.833547980141,19.833547980141,19.833547980141,-0.16645201985898,-0.165730888587902,-0.16645201985898,-0.16645201985898,-0.16645201985898,0,0,0,insufficient_gain,insufficient_gain,v3_insufficient_gain,NaN,NaN,NaN,NaN,0,0,0.215959103374359,0.0224224923295451,90.6688851373427,0.00436016274556028,0.0034185459084628
LOS,20,0,38,20270109,20.0025883926048,19.1109442540879,20.0025883926048,20.0025883926048,20.0025883926048,0.00258839260481025,-0.889055745912053,0.00258839260481025,0.00258839260481025,0.00258839260481025,0,0,0,insufficient_gain,insufficient_gain,v3_insufficient_gain,NaN,NaN,NaN,NaN,0,0,0.0715059846079402,0.136157103610639,30.3267788473426,0.00557333766721446,0.00517481066976777
LOS,20,0,39,20270109,19.7885933502181,19.7366447915913,19.7885933502181,19.7885933502181,19.7885933502181,-0.2114066497819,-0.263355208408676,-0.2114066497819,-0.2114066497819,-0.2114066497819,0,0,0,insufficient_gain,insufficient_gain,v3_insufficient_gain,NaN,NaN,NaN,NaN,0,0,0.409150676940639,0.0312134944315027,99.9997098579258,0.00474392077512187,0.00280294237862799
LOS,20,0,40,20270109,20.0836686175614,20.8754902002459,20.0836686175614,20.0836686175614,20.0836686175614,0.0836686175613615,0.875490200245871,0.0836686175613615,0.0836686175613615,0.0836686175613615,0,0,0,insufficient_gain,insufficient_gain,v3_insufficient_gain,NaN,NaN,NaN,NaN,0,0,0.24714374296793,0.187891616985807,16.1627110870152,0.00468581041173133,0.00352774168773795
LOS,20,0,41,20270109,20.0807867265261,20.0755600179912,20.0807867265261,20.0807867265261,20.0807867265261,0.0807867265261066,0.0755600179911795,0.0807867265261066,0.0807867265261066,0.0807867265261066,0,0,0,insufficient_gain,insufficient_gain,v3_insufficient_gain,NaN,NaN,NaN,NaN,0,0,0.00076047685022455,0.142051343316591,5.00000379928359,0.00435546343412296,0.00435215120500931
LOS,20,0,42,20270109,20.064368803943,20.5592971582245,20.064368803943,20.064368803943,20.064368803943,0.0643688039430401,0.559297158224471,0.0643688039430401,0.0643688039430401,0.0643688039430401,0,0,0,insufficient_gain,insufficient_gain,v3_insufficient_gain,NaN,NaN,NaN,NaN,0,0,0.0544100089561924,0.0940249762766009,18.9926857892809,0.00239514095382876,0.00226482131307959
LOS,20,0,43,20270109,19.9554920330058,20.9067985847353,19.9554920330058,19.9554920330058,19.9554920330058,-0.0445079669941713,0.906798584735334,-0.0445079669941713,-0.0445079669941713,-0.0445079669941713,0,0,0,insufficient_gain,insufficient_gain,v3_insufficient_gain,NaN,NaN,NaN,NaN,0,0,0.171186910973288,0.189157822905797,16.320490403749,0.00290466358706309,0.00240742320017717
LOS,20,0,44,20270109,19.9846637511729,20.0124207445046,19.9846637511729,19.9846637511729,19.9846637511729,-0.0153362488271043,0.0124207445046025,-0.0153362488271043,-0.0153362488271043,-0.0153362488271043,0,0,0,candidate_invalid,candidate_invalid,v3_candidate_invalid,NaN,NaN,NaN,NaN,0,0,0.16633212624327,0.0114993422838243,92.0864476256653,0.00189384978682616,0.001578841724998
LOS,20,0,45,20270109,20.1049740386448,20.3357663443224,20.1049740386448,20.1049740386448,20.1049740386448,0.104974038644833,0.335766344322394,0.104974038644833,0.104974038644833,0.104974038644833,0,0,0,insufficient_gain,insufficient_gain,v3_insufficient_gain,NaN,NaN,NaN,NaN,0,0,0.168713912402253,0.0301595282828348,50.2753117699719,0.00255064176157505,0.00212031301084314
LOS,20,0,46,20270109,20.0274613628407,19.0858509494866,20.0274613628407,20.0274613628407,20.0274613628407,0.0274613628407181,-0.91414905051338,0.0274613628407181,0.0274613628407181,0.0274613628407181,0,0,0,insufficient_gain,insufficient_gain,v3_insufficient_gain,NaN,NaN,NaN,NaN,0,0,0.0264700103037056,0.167661057557429,24.2578469029051,0.00714234386486434,0.00695328594916877
LOS,20,0,47,20270109,20.0408911230015,20.6919203315117,20.0408911230015,20.0408911230015,20.0408911230015,0.0408911230015221,0.691920331511717,0.0408911230015221,0.0408911230015221,0.0408911230015221,0,0,0,insufficient_gain,insufficient_gain,v3_insufficient_gain,NaN,NaN,NaN,NaN,0,0,0.035882287279259,0.0999000133605405,23.3831514031357,0.00402919885108899,0.00388462198040895
LOS,20,0,48,20270109,20.051884966966,19.6735889045589,20.051884966966,20.051884966966,20.051884966966,0.051884966966,-0.326411095441138,0.051884966966,0.051884966966,0.051884966966,0,0,0,insufficient_gain,insufficient_gain,v3_insufficient_gain,NaN,NaN,NaN,NaN,0,0,0.0364921541836909,0.0869886245891981,18.6548260479083,0.00261619117054823,0.00252072071897858
LOS,20,0,49,20270109,20.0150579037301,19.2416609351234,20.0150579037301,20.0150579037301,20.0150579037301,0.0150579037301171,-0.75833906487658,0.0150579037301171,0.0150579037301171,0.0150579037301171,0,0,0,insufficient_gain,insufficient_gain,v3_insufficient_gain,NaN,NaN,NaN,NaN,0,0,0.0823412453217099,0.120277280367952,29.988889084878,0.00300005721709473,0.00275302876980277
LOS,20,0,50,20270109,19.8483907152945,20.218827243097,19.8483907152945,19.8483907152945,19.8483907152945,-0.151609284705497,0.218827243097046,-0.151609284705497,-0.151609284705497,-0.151609284705497,0,0,0,insufficient_gain,insufficient_gain,v3_insufficient_gain,NaN,NaN,NaN,NaN,0,0,0.070056447424098,0.048685150172989,38.560520499663,0.00476764871703184,0.00443364418535053
LOS,1,10,1,20270109,1.04017998126701,1.03410026951535,1.04017998126701,1.04017998126701,1.04017998126701,0.0401799812670145,0.0341002695153483,0.0401799812670145,0.0401799812670145,0.0401799812670145,0,0,0,candidate_invalid,candidate_invalid,v3_candidate_invalid,NaN,NaN,NaN,NaN,0,0,0.144396494085694,0.00671697970004919,94.4567145125831,0.000632838745725284,0.000541459049520965
LOS,1,10,2,20270109,1.00920922760344,0.988807461685859,1.00920922760344,1.00920922760344,1.00920922760344,0.00920922760344034,-0.0111925383141411,0.00920922760344034,0.00920922760344034,0.00920922760344034,0,0,0,candidate_invalid,candidate_invalid,v3_candidate_invalid,NaN,NaN,NaN,NaN,0,0,0.200757217946532,0.00481275980685246,64.6749704386747,0.000274583820387031,0.000219459136513001
LOS,1,10,3,20270109,0.944459648537471,0.840646540960046,0.944459648537471,0.944459648537471,0.944459648537471,-0.0555403514625288,-0.159353459039954,-0.0555403514625288,-0.0555403514625288,-0.0555403514625288,0,0,0,candidate_invalid,candidate_invalid,v3_candidate_invalid,NaN,NaN,NaN,NaN,0,0,0.202079102466901,0.0147509598037065,38.2008670975702,0.000319110974648762,0.000254625315304402
LOS,1,10,4,20270109,1.01277980258718,0.825399792500789,1.01277980258718,1.01277980258718,1.01277980258718,0.0127798025871775,-0.174600207499211,0.0127798025871775,0.0127798025871775,0.0127798025871775,0,0,0,insufficient_gain,insufficient_gain,v3_insufficient_gain,NaN,NaN,NaN,NaN,0,0,0.0643916129239174,0.0314516497930163,25.5166591711136,0.000339978152776199,0.000318086411160046
LOS,1,10,5,20270109,0.983503041730974,0.98473466457215,0.983503041730974,0.983503041730974,0.983503041730974,-0.0164969582690258,-0.0152653354278498,-0.0164969582690258,-0.0164969582690258,-0.0164969582690258,0,0,0,candidate_invalid,candidate_invalid,v3_candidate_invalid,NaN,NaN,NaN,NaN,0,0,0.0509144208089399,0.00229728384694835,98.0666295259878,0.000287217642218618,0.000272594122318948
LOS,1,10,6,20270109,0.97706297888006,0.868469552183143,0.97706297888006,0.97706297888006,0.97706297888006,-0.0229370211199396,-0.131530447816857,-0.0229370211199396,-0.0229370211199396,-0.0229370211199396,0,0,0,candidate_invalid,candidate_invalid,v3_candidate_invalid,NaN,NaN,NaN,NaN,0,0,0.14797301142647,0.0145865723875024,45.5387527171583,0.000497782978339023,0.000424124531997361
LOS,1,10,7,20270109,0.987252002958395,0.92570875583596,0.987252002958395,0.987252002958395,0.987252002958395,-0.0127479970416051,-0.0742912441640398,-0.0127479970416051,-0.0127479970416051,-0.0127479970416051,0,0,0,candidate_invalid,candidate_invalid,v3_candidate_invalid,NaN,NaN,NaN,NaN,0,0,0.0743189121548564,0.00997370433577295,33.2230094380144,0.000207603380752985,0.000192174523335753
LOS,1,10,8,20270109,0.985886583197986,0.977945903795251,0.985886583197986,0.985886583197986,0.985886583197986,-0.0141134168020138,-0.0220540962047489,-0.0141134168020138,-0.0141134168020138,-0.0141134168020138,0,0,0,candidate_invalid,candidate_invalid,v3_candidate_invalid,NaN,NaN,NaN,NaN,0,0,0.319621889769307,0.00901982097109552,99.9997218743302,0.00050308225888851,0.000342286156593152
LOS,1,10,9,20270109,0.91331403871101,1.53941208573313e-05,0.91331403871101,0.91331403871101,0.91331403871101,-0.08668596128899,-0.999984605879143,-0.08668596128899,-0.08668596128899,-0.08668596128899,0,0,0,insufficient_gain,insufficient_gain,v3_insufficient_gain,NaN,NaN,NaN,NaN,0,0,0.0668712748991541,0.61930374271034,9.10409615195009,0.000639997291943306,0.000597199857099051
LOS,1,10,10,20270109,0.921798006268471,0.343998655300798,0.921798006268471,0.921798006268471,0.921798006268471,-0.078201993731529,-0.656001344699202,-0.078201993731529,-0.078201993731529,-0.078201993731529,0,0,0,insufficient_gain,insufficient_gain,v3_insufficient_gain,NaN,NaN,NaN,NaN,0,0,0.0614377235482025,0.153375925877951,15.6970345984442,0.000629614246005827,0.000590932180017711
LOS,1,10,11,20270109,0.93084170486488,1.37995524137883,0.93084170486488,0.93084170486488,0.93084170486488,-0.0691582951351201,0.379955241378827,-0.0691582951351201,-0.0691582951351201,-0.0691582951351201,0,0,0,insufficient_gain,insufficient_gain,v3_insufficient_gain,NaN,NaN,NaN,NaN,0,0,0.0529227969521569,0.110408476454645,13.1184211545521,0.000374704745718324,0.000354874322543663
LOS,1,10,12,20270109,0.979551606203816,0.960032363241912,0.979551606203816,0.979551606203816,0.979551606203816,-0.0204483937961845,-0.0399676367580885,-0.0204483937961845,-0.0204483937961845,-0.0204483937961845,0,0,0,insufficient_gain,insufficient_gain,v3_insufficient_gain,NaN,NaN,NaN,NaN,0,0,0.00305326472426423,0.0641057775147672,5.00000201040548,0.00050626101720308,0.000504715268297984
LOS,1,10,13,20270109,0.97905316033745,0.752925390035409,0.97905316033745,0.97905316033745,0.97905316033745,-0.0209468396625496,-0.247074609964591,-0.0209468396625496,-0.0209468396625496,-0.0209468396625496,0,0,0,insufficient_gain,insufficient_gain,v3_insufficient_gain,NaN,NaN,NaN,NaN,0,0,0.172686848221263,0.0563519381019914,19.5030340509256,0.000556091919481139,0.000460062158584629
LOS,1,10,14,20270109,0.991031049487108,0.709469375142303,0.991031049487108,0.991031049487108,0.991031049487108,-0.00896895051289159,-0.290530624857697,-0.00896895051289159,-0.00896895051289159,-0.00896895051289159,0,0,0,insufficient_gain,insufficient_gain,v3_insufficient_gain,NaN,NaN,NaN,NaN,0,0,0.0839596360096134,0.0410520181624989,30.2335785466825,0.000621396569999488,0.000569224340164709
LOS,1,10,15,20270109,0.984826542752996,0.980471245670079,0.984826542752996,0.984826542752996,0.984826542752996,-0.0151734572470037,-0.0195287543299212,-0.0151734572470037,-0.0151734572470037,-0.0151734572470037,0,0,0,insufficient_gain,insufficient_gain,v3_insufficient_gain,NaN,NaN,NaN,NaN,0,0,0.0162679213700587,0.0697313760376854,6.17421333209447,0.000357669766618107,0.000351851222978317
LOS,1,10,16,20270109,1.09324230536562,1.09225578815119,1.09324230536562,1.09324230536562,1.09324230536562,0.0932423053656244,0.0922557881511874,0.0932423053656244,0.0932423053656244,0.0932423053656244,0,0,0,candidate_invalid,candidate_invalid,v3_candidate_invalid,NaN,NaN,NaN,NaN,0,0,0.128231890879499,0.00694260537339917,88.3321171690582,0.000691866412906084,0.00060314707454312
LOS,1,10,17,20270109,0.960452999857201,0.87415818511772,0.960452999857201,0.960452999857201,0.960452999857201,-0.039547000142799,-0.12584181488228,-0.039547000142799,-0.039547000142799,-0.039547000142799,0,0,0,insufficient_gain,insufficient_gain,v3_insufficient_gain,NaN,NaN,NaN,NaN,0,0,0.130562937021395,0.0228494125018619,24.5146834841869,0.000520588255470189,0.000452618723857157
LOS,1,10,18,20270109,1.00620641543402,0.82733423087201,1.00620641543402,1.00620641543402,1.00620641543402,0.0062064154340209,-0.17266576912799,0.0062064154340209,0.0062064154340209,0.0062064154340209,0,0,0,insufficient_gain,insufficient_gain,v3_insufficient_gain,NaN,NaN,NaN,NaN,0,0,0.0329555556194427,0.106416843685243,8.77234687529566,0.000482365375439109,0.000466468756479932
LOS,1,10,19,20270109,1.02166794742426,0.934037925729302,1.02166794742426,1.02166794742426,1.02166794742426,0.0216679474242567,-0.0659620742706983,0.0216679474242567,0.0216679474242567,0.0216679474242567,0,0,0,candidate_invalid,candidate_invalid,v3_candidate_invalid,NaN,NaN,NaN,NaN,0,0,0.138923191030646,0.0153609340793888,27.9490387802737,0.000188476808919757,0.000162293009189352
LOS,1,10,20,20270109,0.978802854936308,0.794700583504667,0.978802854936308,0.978802854936308,0.978802854936308,-0.0211971450636924,-0.205299416495333,-0.0211971450636924,-0.0211971450636924,-0.0211971450636924,0,0,0,insufficient_gain,insufficient_gain,v3_insufficient_gain,NaN,NaN,NaN,NaN,0,0,0.154407071757166,0.0265864786878204,32.2986012301512,0.000329573234663094,0.000278684796569229
LOS,1,10,21,20270109,0.9966078688479,1.939532092273,0.9966078688479,0.9966078688479,0.9966078688479,-0.00339213115209991,0.939532092272996,-0.00339213115209991,-0.00339213115209991,-0.00339213115209991,0,0,0,insufficient_gain,insufficient_gain,v3_insufficient_gain,NaN,NaN,NaN,NaN,0,0,0.518323703409061,0.175119781250455,16.8307612128096,0.000341117193787266,0.000164308066606944
LOS,1,10,22,20270109,0.998319769666176,1.28251426594709,0.998319769666176,0.998319769666176,0.998319769666176,-0.00168023033382414,0.282514265947093,-0.00168023033382414,-0.00168023033382414,-0.00168023033382414,0,0,0,insufficient_gain,insufficient_gain,v3_insufficient_gain,NaN,NaN,NaN,NaN,0,0,0.0434612895860963,0.187341754305908,5.43199900023048,0.00042804179,0.000409438541809859
LOS,1,10,23,20270109,1.00305160116557,1.47598388226672,1.00305160116557,1.00305160116557,1.00305160116557,0.00305160116557168,0.475983882266724,0.00305160116557168,0.00305160116557168,0.00305160116557168,0,0,0,insufficient_gain,insufficient_gain,v3_insufficient_gain,NaN,NaN,NaN,NaN,0,0,0.111969928436288,0.0925989097178495,17.86449722003,0.000617026999671255,0.000547938530674807
LOS,1,10,24,20270109,1.03588097606036,0.539777997577987,1.03588097606036,1.03588097606036,1.03588097606036,0.0358809760603558,-0.460222002422013,0.0358809760603558,0.0358809760603558,0.0358809760603558,0,0,0,insufficient_gain,insufficient_gain,v3_insufficient_gain,NaN,NaN,NaN,NaN,0,0,0.203762987861453,0.0755811201827073,29.3993384850611,0.000794963254605596,0.000632979166607095
LOS,1,10,25,20270109,1.03816196798774,0.627774986340914,1.03816196798774,1.03816196798774,1.03816196798774,0.0381619679877407,-0.372225013659086,0.0381619679877407,0.0381619679877407,0.0381619679877407,0,0,0,insufficient_gain,insufficient_gain,v3_insufficient_gain,NaN,NaN,NaN,NaN,0,0,0.0892613314554332,0.0891565295398712,18.8719535427037,0.000463397375103591,0.000422033908408892
LOS,1,10,26,20270109,1.0482250943434,1.05727723089147,1.0482250943434,1.0482250943434,1.0482250943434,0.0482250943433953,0.0572772308914722,0.0482250943433953,0.0482250943433953,0.0482250943433953,0,0,0,candidate_invalid,candidate_invalid,v3_candidate_invalid,NaN,NaN,NaN,NaN,0,0,0.028474111061576,0.00205361327817591,85.8383333715531,0.000262925962331018,0.000255439379278632
LOS,1,10,27,20270109,0.864524907147119,0.86111632675629,0.864524907147119,0.864524907147119,0.864524907147119,-0.135475092852881,-0.13888367324371,-0.135475092852881,-0.135475092852881,-0.135475092852881,0,0,0,candidate_invalid,candidate_invalid,v3_candidate_invalid,NaN,NaN,NaN,NaN,0,0,0.0398261479099837,0.00256697764010393,99.999999609913,0.000303300608012647,0.000291221313136747
LOS,1,10,28,20270109,1.00641051746422,0.900432142582481,1.00641051746422,1.00641051746422,1.00641051746422,0.0064105174642195,-0.0995678574175191,0.0064105174642195,0.0064105174642195,0.0064105174642195,0,0,0,candidate_invalid,candidate_invalid,v3_candidate_invalid,NaN,NaN,NaN,NaN,0,0,0.037133158098209,0.0171626144535892,28.4349576260044,0.000276931725118557,0.000266648375587319
LOS,1,10,29,20270109,0.995184267819649,1.55488893835769,0.995184267819649,0.995184267819649,0.995184267819649,-0.00481573218035147,0.554888938357694,-0.00481573218035147,-0.00481573218035147,-0.00481573218035147,0,0,0,insufficient_gain,insufficient_gain,v3_insufficient_gain,NaN,NaN,NaN,NaN,0,0,0.141422497208868,0.109116866939627,17.2547309547223,0.000358342805710787,0.000307665071270335
LOS,1,10,30,20270109,0.982585055460132,1.24349699389958,0.982585055460132,0.982585055460132,0.982585055460132,-0.0174149445398678,0.243496993899583,-0.0174149445398678,-0.0174149445398678,-0.0174149445398678,0,0,0,insufficient_gain,insufficient_gain,v3_insufficient_gain,NaN,NaN,NaN,NaN,0,0,0.130809379914518,0.0395266751754722,29.4104931078132,0.000546936847504398,0.000475392377629946
LOS,1,10,31,20270109,0.988619569116855,0.645951487031516,0.988619569116855,0.988619569116855,0.988619569116855,-0.0113804308831452,-0.354048512968484,-0.0113804308831452,-0.0113804308831452,-0.0113804308831452,0,0,0,insufficient_gain,insufficient_gain,v3_insufficient_gain,NaN,NaN,NaN,NaN,0,0,0.0439142486485838,0.13011246188824,11.0561953490955,0.000463883986181468,0.000443512869468199
LOS,1,10,32,20270109,0.975555027800476,0.596654931754062,0.975555027800476,0.975555027800476,0.975555027800476,-0.0244449721995245,-0.403345068245938,-0.0244449721995245,-0.0244449721995245,-0.0244449721995245,0,0,0,insufficient_gain,insufficient_gain,v3_insufficient_gain,NaN,NaN,NaN,NaN,0,0,0.0532562867358967,0.216212232392396,9.5505116883659,0.00100795369258466,0.000954273821715867
LOS,1,10,33,20270109,0.981595596203621,1.03584188433473,0.981595596203621,0.981595596203621,0.981595596203621,-0.0184044037963789,0.0358418843347339,-0.0184044037963789,-0.0184044037963789,-0.0184044037963789,0,0,0,candidate_invalid,candidate_invalid,v3_candidate_invalid,NaN,NaN,NaN,NaN,0,0,0.0331075463500419,0.007887480692465,43.6769087012946,0.000500093660750656,0.000483536786697991
LOS,1,10,34,20270109,0.900947015743361,0.893820659272353,0.900947015743361,0.900947015743361,0.900947015743361,-0.0990529842566386,-0.106179340727647,-0.0990529842566386,-0.0990529842566386,-0.0990529842566386,0,0,0,candidate_invalid,candidate_invalid,v3_candidate_invalid,NaN,NaN,NaN,NaN,0,0,0.559868420063144,0.0125425256422401,80.7112252409073,0.000559736090034901,0.000246357529654739
LOS,1,10,35,20270109,0.958483171858509,0.955037154117269,0.958483171858509,0.958483171858509,0.958483171858509,-0.0415168281414908,-0.0449628458827306,-0.0415168281414908,-0.0415168281414908,-0.0415168281414908,0,0,0,candidate_invalid,candidate_invalid,v3_candidate_invalid,NaN,NaN,NaN,NaN,0,0,0.234989194459671,0.00687955092803587,98.7254350503302,0.000361452944509066,0.000276515408243805
LOS,1,10,36,20270109,0.975278604445645,0.151336414678717,0.975278604445645,0.975278604445645,0.975278604445645,-0.0247213955543555,-0.848663585321283,-0.0247213955543555,-0.0247213955543555,-0.0247213955543555,0,0,0,insufficient_gain,insufficient_gain,v3_insufficient_gain,NaN,NaN,NaN,NaN,0,0,0.46538040663562,0.170042107605089,20.8700098700648,0.000216489287354626,0.000115739414773275
LOS,1,10,37,20270109,1.0452729365348,0.0739949597163744,1.0452729365348,1.0452729365348,1.0452729365348,0.0452729365348035,-0.926005040283626,0.0452729365348035,0.0452729365348035,0.0452729365348035,0,0,0,insufficient_gain,insufficient_gain,v3_insufficient_gain,NaN,NaN,NaN,NaN,0,0,0.218939734056067,0.34493524970109,13.415354920345,0.00030542892224461,0.000238558395235344
LOS,1,10,38,20270109,1.00515669623193,1.03454085381333,1.00515669623193,1.00515669623193,1.00515669623193,0.00515669623193382,0.0345408538133327,0.00515669623193382,0.00515669623193382,0.00515669623193382,0,0,0,insufficient_gain,insufficient_gain,v3_insufficient_gain,NaN,NaN,NaN,NaN,0,0,0.0731101192233214,0.241999807469273,5.5409853254827,0.000595497586675542,0.000551960687116493
LOS,1,10,39,20270109,1.00823857248679,1.01006502412554,1.00823857248679,1.00823857248679,1.00823857248679,0.00823857248679039,0.010065024125542,0.00823857248679039,0.00823857248679039,0.00823857248679039,0,0,0,candidate_invalid,candidate_invalid,v3_candidate_invalid,NaN,NaN,NaN,NaN,0,0,0.214476502295583,0.00648317177936805,74.8469999833688,0.000398178884067013,0.000312778869724362
LOS,1,10,40,20270109,1.02486746706296,0.886396252974692,1.02486746706296,1.02486746706296,1.02486746706296,0.0248674670629578,-0.113603747025308,0.0248674670629578,0.0248674670629578,0.0248674670629578,0,0,0,insufficient_gain,insufficient_gain,v3_insufficient_gain,NaN,NaN,NaN,NaN,0,0,0.0657425420222564,0.0237251205697758,25.3612609787977,0.00048862586572529,0.000456502359214683
LOS,1,10,41,20270109,0.851921682709563,2.2522065151192,0.851921682709563,0.851921682709563,0.851921682709563,-0.148078317290437,1.2522065151192,-0.148078317290437,-0.148078317290437,-0.148078317290437,0,0,0,insufficient_gain,insufficient_gain,v3_insufficient_gain,NaN,NaN,NaN,NaN,0,0,0.0982245540699666,0.462841890356859,5.68228004381413,0.000300397677893471,0.000270891249938732
LOS,1,10,42,20270109,0.943466701379487,0.929918544081143,0.943466701379487,0.943466701379487,0.943466701379487,-0.0565332986205127,-0.0700814559188565,-0.0565332986205127,-0.0565332986205127,-0.0565332986205127,0,0,0,candidate_invalid,candidate_invalid,v3_candidate_invalid,NaN,NaN,NaN,NaN,0,0,0.184606761606506,0.00637679317790896,99.9997801030573,0.000437930437323875,0.000357085517480593
LOS,1,10,43,20270109,0.988464977025698,0.987174225860968,0.988464977025698,0.988464977025698,0.988464977025698,-0.0115350229743016,-0.0128257741390321,-0.0115350229743016,-0.0115350229743016,-0.0115350229743016,0,0,0,candidate_invalid,candidate_invalid,v3_candidate_invalid,NaN,NaN,NaN,NaN,0,0,0,1.52194600821749e-12,94.0614252461606,0.00054428980828547,0.000544289808295684
LOS,1,10,44,20270109,0.98855533574271,0.988980424558577,0.98855533574271,0.98855533574271,0.98855533574271,-0.0114446642572898,-0.011019575441423,-0.0114446642572898,-0.0114446642572898,-0.0114446642572898,0,0,0,candidate_invalid,candidate_invalid,v3_candidate_invalid,NaN,NaN,NaN,NaN,0,0,0.151637303515393,0.00536327687360442,99.9999999479555,0.000325983306047384,0.000276552076527325
LOS,1,10,45,20270109,0.953069850881602,1.86883530702937,0.953069850881602,0.953069850881602,0.953069850881602,-0.0469301491183983,0.868835307029374,-0.0469301491183983,-0.0469301491183983,-0.0469301491183983,0,0,0,insufficient_gain,insufficient_gain,v3_insufficient_gain,NaN,NaN,NaN,NaN,0,0,0.0931441048133012,0.275063598511389,8.45142807985057,0.000175182158332454,0.000158864973015316
LOS,1,10,46,20270109,0.959871061421421,0.972659732454788,0.959871061421421,0.959871061421421,0.959871061421421,-0.0401289385785791,-0.0273402675452123,-0.0401289385785791,-0.0401289385785791,-0.0401289385785791,0,0,0,insufficient_gain,insufficient_gain,v3_insufficient_gain,NaN,NaN,NaN,NaN,0,0,0.0197958550916961,0.118718143189537,6.31683475040634,0.000807712090798773,0.00079172273929351
LOS,1,10,47,20270109,1.08589354217556,1.07170654932742,1.08589354217556,1.08589354217556,1.08589354217556,0.0858935421755613,0.0717065493274225,0.0858935421755613,0.0858935421755613,0.0858935421755613,0,0,0,candidate_invalid,candidate_invalid,v3_candidate_invalid,NaN,NaN,NaN,NaN,0,0,0.0724050731639232,0.00497789842544693,38.9748501219922,0.000311602056086269,0.000289040486417314
LOS,1,10,48,20270109,1.00255296987284,0.598313474281298,1.00255296987284,1.00255296987284,1.00255296987284,0.00255296987284437,-0.401686525718702,0.00255296987284437,0.00255296987284437,0.00255296987284437,0,0,0,insufficient_gain,insufficient_gain,v3_insufficient_gain,NaN,NaN,NaN,NaN,0,0,0.241585119201028,0.0672501821491522,25.8499295580366,0.000284129987189852,0.000215488410366005
LOS,1,10,49,20270109,0.975857103067947,0.967963296720408,0.975857103067947,0.975857103067947,0.975857103067947,-0.0241428969320532,-0.0320367032795922,-0.0241428969320532,-0.0241428969320532,-0.0241428969320532,0,0,0,candidate_invalid,candidate_invalid,v3_candidate_invalid,NaN,NaN,NaN,NaN,0,0,0.282469702442811,0.00695419863629126,99.9985680863876,0.000341578047302615,0.000245092597920049
LOS,1,10,50,20270109,1.03866904151447,1.04611954791094,1.03866904151447,1.03866904151447,1.03866904151447,0.0386690415144708,0.0461195479109371,0.0386690415144708,0.0386690415144708,0.0386690415144708,0,0,0,candidate_invalid,candidate_invalid,v3_candidate_invalid,NaN,NaN,NaN,NaN,0,0,0,1.0203549378687e-12,35.6431591234286,0.000246443652637929,0.000246443652641704
LOS,3,10,1,20270109,2.97546811522683,2.98479237798105,2.97546811522683,2.97546811522683,2.97546811522683,-0.024531884773173,-0.0152076220189477,-0.024531884773173,-0.024531884773173,-0.024531884773173,0,0,0,candidate_invalid,candidate_invalid,v3_candidate_invalid,NaN,NaN,NaN,NaN,0,0,0.0586130689065992,0.00311280914520434,99.9994990048975,0.000297532295835845,0.00028009301487808
LOS,3,10,2,20270109,2.97330996733091,2.97232599984587,2.97330996733091,2.97330996733091,2.97330996733091,-0.026690032669086,-0.0276740001541271,-0.026690032669086,-0.026690032669086,-0.026690032669086,0,0,0,candidate_invalid,candidate_invalid,v3_candidate_invalid,NaN,NaN,NaN,NaN,0,0,0.0552679958969272,0.00350087738531686,51.6197485365948,0.000348817546508728,0.000329539099779508
LOS,3,10,3,20270109,3.00376649570716,3.20496567280929,3.00376649570716,3.00376649570716,3.00376649570716,0.00376649570715948,0.204965672809292,0.00376649570715948,0.00376649570715948,0.00376649570715948,0,0,0,insufficient_gain,insufficient_gain,v3_insufficient_gain,NaN,NaN,NaN,NaN,0,0,0.00224166677170269,0.13766949000592,5.00053173773153,0.000446022107377875,0.000445022274440321
LOS,3,10,4,20270109,2.96854481243303,2.96764285885447,2.96854481243303,2.96854481243303,2.96854481243303,-0.031455187566972,-0.0323571411455346,-0.031455187566972,-0.031455187566972,-0.031455187566972,0,0,0,candidate_invalid,candidate_invalid,v3_candidate_invalid,NaN,NaN,NaN,NaN,0,0,0.189367407855329,0.00642512918736467,99.9996475363661,0.000408206190262606,0.000330905242142077
LOS,3,10,5,20270109,2.95334587072595,2.71943807652848,2.95334587072595,2.95334587072595,2.95334587072595,-0.0466541292740472,-0.280561923471521,-0.0466541292740472,-0.0466541292740472,-0.0466541292740472,0,0,0,insufficient_gain,insufficient_gain,v3_insufficient_gain,NaN,NaN,NaN,NaN,0,0,0.0529098543499977,0.0510665939683054,19.2636228069987,0.000698201629949491,0.000661259883401932
LOS,3,10,6,20270109,2.99823170473464,3.03320910900806,2.99823170473464,2.99823170473464,2.99823170473464,-0.00176829526536171,0.033209109008058,-0.00176829526536171,-0.00176829526536171,-0.00176829526536171,0,0,0,candidate_invalid,candidate_invalid,v3_candidate_invalid,NaN,NaN,NaN,NaN,0,0,0.0500665730627146,0.00600831859681954,51.7788056767747,0.00042355515053405,0.000402349195643747
LOS,3,10,7,20270109,3.09635184149727,3.83513399592848,3.09635184149727,3.09635184149727,3.09635184149727,0.0963518414972744,0.835133995928477,0.0963518414972744,0.0963518414972744,0.0963518414972744,0,0,0,insufficient_gain,insufficient_gain,v3_insufficient_gain,NaN,NaN,NaN,NaN,0,0,0.545643207408856,0.242074057971058,8.48225263703019,0.000125826431826237,5.71700939877573e-05
LOS,3,10,8,20270109,2.98479181778264,2.9925915746155,2.98479181778264,2.98479181778264,2.98479181778264,-0.0152081822173562,-0.00740842538450082,-0.0152081822173562,-0.0152081822173562,-0.0152081822173562,0,0,0,candidate_invalid,candidate_invalid,v3_candidate_invalid,NaN,NaN,NaN,NaN,0,0,0.0582157868200435,0.00401831522207094,99.999982910449,0.000483579721591187,0.000455427747608539
LOS,3,10,9,20270109,2.95819459338839,3.6020534229445,2.95819459338839,2.95819459338839,2.95819459338839,-0.0418054066116071,0.602053422944495,-0.0418054066116071,-0.0418054066116071,-0.0418054066116071,0,0,0,insufficient_gain,insufficient_gain,v3_insufficient_gain,NaN,NaN,NaN,NaN,0,0,0.195352851549196,0.108728491145898,20.8071897205656,0.000477208118336847,0.000383984151637318
LOS,3,10,10,20270109,2.96914435080504,2.96257262883914,2.96914435080504,2.96914435080504,2.96914435080504,-0.0308556491949576,-0.0374273711608604,-0.0308556491949576,-0.0308556491949576,-0.0308556491949576,0,0,0,candidate_invalid,candidate_invalid,v3_candidate_invalid,NaN,NaN,NaN,NaN,0,0,0.221348966284695,0.00831361240921426,91.6552510188136,0.000577233757399043,0.000449463661894134
LOS,3,10,11,20270109,3.03437969444417,3.09383404308078,3.03437969444417,3.03437969444417,3.03437969444417,0.034379694444167,0.0938340430807836,0.034379694444167,0.034379694444167,0.034379694444167,0,0,0,candidate_invalid,candidate_invalid,v3_candidate_invalid,NaN,NaN,NaN,NaN,0,0,0.279116576779878,0.0117399126264231,60.6233214232826,0.000536219448959319,0.000386551711963001
LOS,3,10,12,20270109,2.9950773295853,2.99217185103038,2.9950773295853,2.9950773295853,2.9950773295853,-0.00492267041469852,-0.0078281489696197,-0.00492267041469852,-0.00492267041469852,-0.00492267041469852,0,0,0,candidate_invalid,candidate_invalid,v3_candidate_invalid,NaN,NaN,NaN,NaN,0,0,0.422129244057149,0.00965257129931632,80.3579771835598,0.000438185288393456,0.000253214463846962
LOS,3,10,13,20270109,2.97178747656107,2.96751739073254,2.97178747656107,2.97178747656107,2.97178747656107,-0.0282125234389272,-0.032482609267463,-0.0282125234389272,-0.0282125234389272,-0.0282125234389272,0,0,0,candidate_invalid,candidate_invalid,v3_candidate_invalid,NaN,NaN,NaN,NaN,0,0,0.148038117081768,0.00574047128957898,99.9940569763549,0.000419067242117155,0.000357029316663482
LOS,3,10,14,20270109,3.03592305047587,2.82321921119286,3.03592305047587,3.03592305047587,3.03592305047587,0.0359230504758719,-0.176780788807136,0.0359230504758719,0.0359230504758719,0.0359230504758719,0,0,0,insufficient_gain,insufficient_gain,v3_insufficient_gain,NaN,NaN,NaN,NaN,0,0,0.0751687447954142,0.135664503166475,9.03283161670687,0.000407387013006577,0.00037676424259292
LOS,3,10,15,20270109,2.99876628212132,2.95670767048102,2.99876628212132,2.99876628212132,2.99876628212132,-0.00123371787867654,-0.0432923295189767,-0.00123371787867654,-0.00123371787867654,-0.00123371787867654,0,0,0,candidate_invalid,candidate_invalid,v3_candidate_invalid,NaN,NaN,NaN,NaN,0,0,0.252926287484841,0.0105379127601786,66.8725006265717,0.000584506531440265,0.000436669464432438
LOS,3,10,16,20270109,2.95764656259066,3.39886931202433,2.95764656259066,2.95764656259066,2.95764656259066,-0.0423534374093411,0.398869312024331,-0.0423534374093411,-0.0423534374093411,-0.0423534374093411,0,0,0,insufficient_gain,insufficient_gain,v3_insufficient_gain,NaN,NaN,NaN,NaN,0,0,0.152707164276207,0.0971106399085505,15.4458565833808,0.000311426416278238,0.000263869371367687
LOS,3,10,17,20270109,2.9577319652142,2.94866459979965,2.9577319652142,2.9577319652142,2.9577319652142,-0.0422680347857987,-0.0513354002003474,-0.0422680347857987,-0.0422680347857987,-0.0422680347857987,0,0,0,candidate_invalid,candidate_invalid,v3_candidate_invalid,NaN,NaN,NaN,NaN,0,0,0.0881534263895202,0.00351855549456727,99.9999998440406,0.000261806479105342,0.00023872734092123
LOS,3,10,18,20270109,2.98361355416422,2.90928668888993,2.98361355416422,2.98361355416422,2.98361355416422,-0.0163864458357796,-0.0907133111100702,-0.0163864458357796,-0.0163864458357796,-0.0163864458357796,0,0,0,candidate_invalid,candidate_invalid,v3_candidate_invalid,NaN,NaN,NaN,NaN,0,0,0.175248205245914,0.0109602843833649,48.4650136324532,0.000289025954385513,0.000238374674609965
LOS,3,10,19,20270109,2.94868386118491,2.94344183734256,2.94868386118491,2.94868386118491,2.94868386118491,-0.0513161388150873,-0.0565581626574376,-0.0513161388150873,-0.0513161388150873,-0.0513161388150873,0,0,0,candidate_invalid,candidate_invalid,v3_candidate_invalid,NaN,NaN,NaN,NaN,0,0,0.0482253825796899,0.00457372809908304,99.999999853254,0.000768662256056762,0.000731593224683857
LOS,3,10,20,20270109,3.0329214119002,2.9430318522348,3.0329214119002,3.0329214119002,3.0329214119002,0.0329214119001988,-0.0569681477651987,0.0329214119001988,0.0329214119001988,0.0329214119001988,0,0,0,candidate_invalid,candidate_invalid,v3_candidate_invalid,NaN,NaN,NaN,NaN,0,0,0.0756820085871252,0.012391632164899,43.9644480896084,0.000490768971203037,0.000453626589710154
LOS,3,10,21,20270109,2.97877669372332,2.94206496279229,2.97877669372332,2.97877669372332,2.97877669372332,-0.02122330627668,-0.0579350372077143,-0.02122330627668,-0.02122330627668,-0.02122330627668,0,0,0,candidate_invalid,candidate_invalid,v3_candidate_invalid,NaN,NaN,NaN,NaN,0,0,0.219608012141459,0.00888327064189013,60.4282949500457,0.000418427514128128,0.000326537479525157
LOS,3,10,22,20270109,2.96177634687401,2.06965754636508,2.96177634687401,2.96177634687401,2.96177634687401,-0.0382236531259901,-0.930342453634925,-0.0382236531259901,-0.0382236531259901,-0.0382236531259901,0,0,0,insufficient_gain,insufficient_gain,v3_insufficient_gain,NaN,NaN,NaN,NaN,0,0,0.378758400732139,0.171640177084037,22.5239914643793,0.00035102631545425,0.000218072149597903
LOS,3,10,23,20270109,3.00343870954075,2.15580579689576,3.00343870954075,3.00343870954075,3.00343870954075,0.00343870954074932,-0.844194203104238,0.00343870954074932,0.00343870954074932,0.00343870954074932,0,0,0,insufficient_gain,insufficient_gain,v3_insufficient_gain,NaN,NaN,NaN,NaN,0,0,0.274032103345618,0.188329080363142,19.3074999237033,0.000320536858952947,0.000232699469294273
LOS,3,10,24,20270109,3.04133097781358,2.95455598552004,3.04133097781358,3.04133097781358,3.04133097781358,0.0413309778135793,-0.0454440144799637,0.0413309778135793,0.0413309778135793,0.0413309778135793,0,0,0,candidate_invalid,candidate_invalid,v3_candidate_invalid,NaN,NaN,NaN,NaN,0,0,0.0759497561050413,0.019764827163142,19.7777959451975,0.000193693144749263,0.000178982197646338
LOS,3,10,25,20270109,2.96073941948043,2.97361659629253,2.96073941948043,2.96073941948043,2.96073941948043,-0.0392605805195676,-0.0263834037074684,-0.0392605805195676,-0.0392605805195676,-0.0392605805195676,0,0,0,candidate_invalid,candidate_invalid,v3_candidate_invalid,NaN,NaN,NaN,NaN,0,0,0.259652906078601,0.00909198302311561,79.9463707258497,0.000581504756439699,0.000430515356531602
LOS,3,10,26,20270109,2.99833020422216,2.98246983550633,2.99833020422216,2.99833020422216,2.99833020422216,-0.00166979577784021,-0.0175301644936674,-0.00166979577784021,-0.00166979577784021,-0.00166979577784021,0,0,0,candidate_invalid,candidate_invalid,v3_candidate_invalid,NaN,NaN,NaN,NaN,0,0,0.359043145260249,0.00868811312874481,97.9589207887833,0.000391193846745574,0.000250738377603588
LOS,3,10,27,20270109,2.96074141241107,2.77337345769281,2.96074141241107,2.96074141241107,2.96074141241107,-0.0392585875889297,-0.226626542307192,-0.0392585875889297,-0.0392585875889297,-0.0392585875889297,0,0,0,insufficient_gain,insufficient_gain,v3_insufficient_gain,NaN,NaN,NaN,NaN,0,0,0.11982533816353,0.0246245451135991,35.9771111770876,0.000377008571243787,0.000331833391703951
LOS,3,10,28,20270109,2.9278982100581,2.35590452751935,2.9278982100581,2.9278982100581,2.9278982100581,-0.0721017899418999,-0.644095472480652,-0.0721017899418999,-0.0721017899418999,-0.0721017899418999,0,0,0,insufficient_gain,insufficient_gain,v3_insufficient_gain,NaN,NaN,NaN,NaN,0,0,0.138684698644198,0.131895162919574,18.5302664545333,0.000664083753707745,0.000571985498450278
LOS,3,10,29,20270109,3.01165342215428,3.44871150064147,3.01165342215428,3.01165342215428,3.01165342215428,0.0116534221542768,0.448711500641467,0.0116534221542768,0.0116534221542768,0.0116534221542768,0,0,0,insufficient_gain,insufficient_gain,v3_insufficient_gain,NaN,NaN,NaN,NaN,0,0,0.058809868289883,0.0892496225295621,16.3477296291899,0.000516802918753223,0.000486409807169519
LOS,3,10,30,20270109,2.98099813612825,3.03967449884528,2.98099813612825,2.98099813612825,2.98099813612825,-0.0190018638717531,0.0396744988452848,-0.0190018638717531,-0.0190018638717531,-0.0190018638717531,0,0,0,insufficient_gain,insufficient_gain,v3_insufficient_gain,NaN,NaN,NaN,NaN,0,0,0.0374265584572468,0.0358242668447533,10.8801674050848,0.00024690064013333,0.000237659998892248
LOS,3,10,31,20270109,3.07164098054358,3.06766067019899,3.07164098054358,3.07164098054358,3.07164098054358,0.0716409805435774,0.0676606701989879,0.0716409805435774,0.0716409805435774,0.0716409805435774,0,0,0,candidate_invalid,candidate_invalid,v3_candidate_invalid,NaN,NaN,NaN,NaN,0,0,8.60608050364461e-12,1.82423598267854e-13,91.7490746449337,0.000593420653119958,0.000593420653114851
LOS,3,10,32,20270109,2.94068737817223,2.46858130839896,2.94068737817223,2.94068737817223,2.94068737817223,-0.0593126218277678,-0.531418691601042,-0.0593126218277678,-0.0593126218277678,-0.0593126218277678,0,0,0,insufficient_gain,insufficient_gain,v3_insufficient_gain,NaN,NaN,NaN,NaN,0,0,0.369294672358959,0.104822176533663,19.301239549971,0.000222858394978376,0.000140557977022393
LOS,3,10,33,20270109,2.98940686273226,2.49884126590259,2.98940686273226,2.98940686273226,2.98940686273226,-0.0105931372677417,-0.501158734097409,-0.0105931372677417,-0.0105931372677417,-0.0105931372677417,0,0,0,insufficient_gain,insufficient_gain,v3_insufficient_gain,NaN,NaN,NaN,NaN,0,0,0.029172722875883,0.127604071274123,15.4945106968638,0.000544820871758445,0.000528926963449639
LOS,3,10,34,20270109,2.96854436442326,2.97942209308457,2.96854436442326,2.96854436442326,2.96854436442326,-0.0314556355767359,-0.020577906915431,-0.0314556355767359,-0.0314556355767359,-0.0314556355767359,0,0,0,candidate_invalid,candidate_invalid,v3_candidate_invalid,NaN,NaN,NaN,NaN,0,0,0.0902533240026543,0.00545174459322673,99.9882716550653,0.000573020730157303,0.000521303704538179
LOS,3,10,35,20270109,2.88563380582712,2.77343783096182,2.88563380582712,2.88563380582712,2.88563380582712,-0.11436619417288,-0.226562169038177,-0.11436619417288,-0.11436619417288,-0.11436619417288,0,0,0,insufficient_gain,insufficient_gain,v3_insufficient_gain,NaN,NaN,NaN,NaN,0,0,0.0131483850293071,0.0489290022272307,8.72519065971078,0.000305493347400265,0.000301476603244755
LOS,3,10,36,20270109,2.95752956186334,2.96170600003418,2.95752956186334,2.95752956186334,2.95752956186334,-0.0424704381366596,-0.0382939999658216,-0.0424704381366596,-0.0424704381366596,-0.0424704381366596,0,0,0,candidate_invalid,candidate_invalid,v3_candidate_invalid,NaN,NaN,NaN,NaN,0,0,0.242711722908833,0.00800770415439106,90.8234212472901,0.000511888760906576,0.000387647357809273
LOS,3,10,37,20270109,3.01744390713388,3.19459182906119,3.01744390713388,3.01744390713388,3.01744390713388,0.017443907133881,0.194591829061189,0.017443907133881,0.017443907133881,0.017443907133881,0,0,0,insufficient_gain,insufficient_gain,v3_insufficient_gain,NaN,NaN,NaN,NaN,0,0,0.0837313839064146,0.0260029582151267,29.7204693047383,0.000490437293311219,0.000449372300022954
LOS,3,10,38,20270109,3.01050819831849,3.99200857046191,3.01050819831849,3.01050819831849,3.01050819831849,0.0105081983184947,0.992008570461909,0.0105081983184947,0.0105081983184947,0.0105081983184947,0,0,0,insufficient_gain,insufficient_gain,v3_insufficient_gain,NaN,NaN,NaN,NaN,0,0,0.360329457618398,0.181772476898146,16.8184068893348,0.000393381708469143,0.000251634690819458
LOS,3,10,39,20270109,2.97289251765941,2.97855164428375,2.97289251765941,2.97289251765941,2.97289251765941,-0.0271074823405888,-0.0214483557162453,-0.0271074823405888,-0.0271074823405888,-0.0271074823405888,0,0,0,candidate_invalid,candidate_invalid,v3_candidate_invalid,NaN,NaN,NaN,NaN,0,0,0.0556632605481006,0.00298209711959123,99.9999996581487,0.00029214534136135,0.000275883579107239
LOS,3,10,40,20270109,3.04809820993692,2.34818266215123,3.04809820993692,3.04809820993692,3.04809820993692,0.048098209936918,-0.651817337848773,0.048098209936918,0.048098209936918,0.048098209936918,0,0,0,insufficient_gain,insufficient_gain,v3_insufficient_gain,NaN,NaN,NaN,NaN,0,0,0.471861446585777,0.137538491935697,22.6158247952089,0.000384148991306343,0.000202883892564065
LOS,3,10,41,20270109,2.98491979013468,3.60127731503631,2.98491979013468,2.98491979013468,2.98491979013468,-0.0150802098653151,0.601277315036311,-0.0150802098653151,-0.0150802098653151,-0.0150802098653151,0,0,0,insufficient_gain,insufficient_gain,v3_insufficient_gain,NaN,NaN,NaN,NaN,0,0,0.0874665933603026,0.171631176955958,10.5953006266066,0.000271429004496726,0.000247688034134219
LOS,3,10,42,20270109,2.90793423711809,2.89165791369007,2.90793423711809,2.90793423711809,2.90793423711809,-0.0920657628819095,-0.108342086309928,-0.0920657628819095,-0.0920657628819095,-0.0920657628819095,0,0,0,candidate_invalid,candidate_invalid,v3_candidate_invalid,NaN,NaN,NaN,NaN,0,0,0.447701896898496,0.00665975918821704,99.9957992211569,0.000196592161443299,0.000108577477849758
LOS,3,10,43,20270109,3.00954238702293,3.01409673790246,3.00954238702293,3.00954238702293,3.00954238702293,0.00954238702293431,0.014096737902459,0.00954238702293431,0.00954238702293431,0.00954238702293431,0,0,0,candidate_invalid,candidate_invalid,v3_candidate_invalid,NaN,NaN,NaN,NaN,0,0,0.267866422686281,0.00548159704910403,89.9363651191721,0.000203972440556255,0.000149335072577861
LOS,3,10,44,20270109,3.00041346433302,3.75959797355678,3.00041346433302,3.00041346433302,3.00041346433302,0.000413464333017366,0.759597973556781,0.000413464333017366,0.000413464333017366,0.000413464333017366,0,0,0,insufficient_gain,insufficient_gain,v3_insufficient_gain,NaN,NaN,NaN,NaN,0,0,0.17150167439092,0.148493165525966,16.4469927787284,0.000603194354829029,0.0004997455129927
LOS,3,10,45,20270109,3.01761249383057,2.96010662173375,3.01761249383057,3.01761249383057,3.01761249383057,0.0176124938305731,-0.0398933782662469,0.0176124938305731,0.0176124938305731,0.0176124938305731,0,0,0,insufficient_gain,insufficient_gain,v3_insufficient_gain,NaN,NaN,NaN,NaN,0,0,0.0239598370122124,0.116216624185564,6.51183476030914,0.000529838515996639,0.000517143671510567
LOS,3,10,46,20270109,2.98801525091409,2.98546077661483,2.98801525091409,2.98801525091409,2.98801525091409,-0.0119847490859106,-0.0145392233851682,-0.0119847490859106,-0.0119847490859106,-0.0119847490859106,0,0,0,candidate_invalid,candidate_invalid,v3_candidate_invalid,NaN,NaN,NaN,NaN,0,0,0.18751254701544,0.00564092064810369,86.343017939676,0.000329556995465552,0.000267760923859051
LOS,3,10,47,20270109,2.97497889506322,2.96952000650795,2.97497889506322,2.97497889506322,2.97497889506322,-0.025021104936779,-0.0304799934920492,-0.025021104936779,-0.025021104936779,-0.025021104936779,0,0,0,candidate_invalid,candidate_invalid,v3_candidate_invalid,NaN,NaN,NaN,NaN,0,0,0.105805593643603,0.00336239564746355,99.9299400423587,0.000221159714134167,0.000197759779290152
LOS,3,10,48,20270109,2.96740044988056,2.96864717336075,2.96740044988056,2.96740044988056,2.96740044988056,-0.0325995501194369,-0.0313528266392451,-0.0325995501194369,-0.0325995501194369,-0.0325995501194369,0,0,0,candidate_invalid,candidate_invalid,v3_candidate_invalid,NaN,NaN,NaN,NaN,0,0,0.0978082863160932,0.00542196564528738,83.8518016196122,0.000577292994198286,0.000520828955733466
LOS,3,10,49,20270109,3.00184070390982,2.9909909642317,3.00184070390982,3.00184070390982,3.00184070390982,0.00184070390982205,-0.0090090357682957,0.00184070390982205,0.00184070390982205,0.00184070390982205,0,0,0,candidate_invalid,candidate_invalid,v3_candidate_invalid,NaN,NaN,NaN,NaN,0,0,0.0104873737643069,0.00217846327670031,59.5681935914757,0.000448284848631131,0.00044358351787066
LOS,3,10,50,20270109,3.00646450504414,2.84110488840321,3.00646450504414,3.00646450504414,3.00646450504414,0.00646450504414364,-0.158895111596792,0.00646450504414364,0.00646450504414364,0.00646450504414364,0,0,0,insufficient_gain,insufficient_gain,v3_insufficient_gain,NaN,NaN,NaN,NaN,0,0,0.0537102547037627,0.0231463106576589,34.6743686053874,0.000661173941732818,0.000625662120918857
LOS,5,10,1,20270109,5.04116759338498,5.70286430004397,5.04116759338498,5.04116759338498,5.04116759338498,0.0411675933849791,0.702864300043966,0.0411675933849791,0.0411675933849791,0.0411675933849791,0,0,0,insufficient_gain,insufficient_gain,v3_insufficient_gain,NaN,NaN,NaN,NaN,0,0,0.475693535114274,0.131122944703889,17.5468220330518,0.000509397809365097,0.000267080564648747
LOS,5,10,2,20270109,4.95250966430125,4.8806878840933,4.95250966430125,4.95250966430125,4.95250966430125,-0.0474903356987548,-0.119312115906698,-0.0474903356987548,-0.0474903356987548,-0.0474903356987548,0,0,0,insufficient_gain,insufficient_gain,v3_insufficient_gain,NaN,NaN,NaN,NaN,0,0,0.125545293291343,0.0645955696514161,11.5002645330317,0.000323292067681669,0.000282704270225809
LOS,5,10,3,20270109,5.02649417596645,5.00996796718652,5.02649417596645,5.02649417596645,5.02649417596645,0.0264941759664463,0.00996796718652249,0.0264941759664463,0.0264941759664463,0.0264941759664463,0,0,0,candidate_invalid,candidate_invalid,v3_candidate_invalid,NaN,NaN,NaN,NaN,0,0,0.535099169806016,0.0106172263853125,93.1044022208813,0.000420444747546211,0.000195465112184934
LOS,5,10,4,20270109,4.98322960196372,4.89357710415797,4.98322960196372,4.98322960196372,4.98322960196372,-0.0167703980362752,-0.106422895842032,-0.0167703980362752,-0.0167703980362752,-0.0167703980362752,0,0,0,insufficient_gain,insufficient_gain,v3_insufficient_gain,NaN,NaN,NaN,NaN,0,0,0.0301395412418457,0.220635726127103,5.56109094515918,0.000786887848229778,0.000763171409475349
LOS,5,10,5,20270109,4.95386213218532,5.6239822017594,4.95386213218532,4.95386213218532,4.95386213218532,-0.046137867814676,0.6239822017594,-0.046137867814676,-0.046137867814676,-0.046137867814676,0,0,0,insufficient_gain,insufficient_gain,v3_insufficient_gain,NaN,NaN,NaN,NaN,0,0,0.245549215496132,0.145708537664836,14.871545118091,0.000388881240545924,0.00029339175700871
LOS,5,10,6,20270109,5.00701711196289,5.01222844583739,5.00701711196289,5.00701711196289,5.00701711196289,0.00701711196289168,0.0122284458373905,0.00701711196289168,0.00701711196289168,0.00701711196289168,0,0,0,candidate_invalid,candidate_invalid,v3_candidate_invalid,NaN,NaN,NaN,NaN,0,0,0,1.22361606296603e-12,54.8420209988765,0.000381126304077606,0.00038112630407805
LOS,5,10,7,20270109,4.96721107819897,5.61081913168387,4.96721107819897,4.96721107819897,4.96721107819897,-0.032788921801032,0.610819131683868,-0.032788921801032,-0.032788921801032,-0.032788921801032,0,0,0,insufficient_gain,insufficient_gain,v3_insufficient_gain,NaN,NaN,NaN,NaN,0,0,0.143632457309931,0.111023724960638,19.8310577123291,0.000812787124604419,0.000696044512627614
LOS,5,10,8,20270109,5.06370021221254,3.32349183613429,5.06370021221254,5.06370021221254,5.06370021221254,0.0637002122125443,-1.67650816386571,0.0637002122125443,0.0637002122125443,0.0637002122125443,0,0,0,insufficient_gain,insufficient_gain,v3_insufficient_gain,NaN,NaN,NaN,NaN,0,0,0.120803375582234,0.575912837621147,16.4014440399094,0.000699469009888265,0.0006149707923786
LOS,5,10,9,20270109,5.03238128790635,5.01523339956485,5.03238128790635,5.03238128790635,5.03238128790635,0.0323812879063476,0.0152333995648526,0.0323812879063476,0.0323812879063476,0.0323812879063476,0,0,0,candidate_invalid,candidate_invalid,v3_candidate_invalid,NaN,NaN,NaN,NaN,0,0,0.0578523092172524,0.00375044994037367,55.6141136853043,0.000400178919892191,0.000377027645276362
LOS,5,10,10,20270109,4.94433294526662,4.8573121417988,4.94433294526662,4.94433294526662,4.94433294526662,-0.0556670547333793,-0.142687858201196,-0.0556670547333793,-0.0556670547333793,-0.0556670547333793,0,0,0,insufficient_gain,insufficient_gain,v3_insufficient_gain,NaN,NaN,NaN,NaN,0,0,0.412688035824232,0.304068400838099,6.40892897114027,0.000216617322698953,0.000127221945268818
LOS,5,10,11,20270109,4.97775768357094,4.61565947361048,4.97775768357094,4.97775768357094,4.97775768357094,-0.0222423164290602,-0.384340526389517,-0.0222423164290602,-0.0222423164290602,-0.0222423164290602,0,0,0,insufficient_gain,insufficient_gain,v3_insufficient_gain,NaN,NaN,NaN,NaN,0,0,0.299002846538631,0.0920611403610333,17.9385415504739,0.000334029979412342,0.000234154064738812
LOS,5,10,12,20270109,4.99473727830899,4.68086713341759,4.99473727830899,4.99473727830899,4.99473727830899,-0.00526272169101283,-0.319132866582409,-0.00526272169101283,-0.00526272169101283,-0.00526272169101283,0,0,0,insufficient_gain,insufficient_gain,v3_insufficient_gain,NaN,NaN,NaN,NaN,0,0,0.240869011487168,0.0923629994513327,16.6051509812185,0.000544695727030753,0.000413495405699571
LOS,5,10,13,20270109,4.97975262336657,5.45951091489167,4.97975262336657,4.97975262336657,4.97975262336657,-0.0202473766334297,0.459510914891666,-0.0202473766334297,-0.0202473766334297,-0.0202473766334297,0,0,0,insufficient_gain,insufficient_gain,v3_insufficient_gain,NaN,NaN,NaN,NaN,0,0,0.217310500359483,0.0699851245892494,26.1904695800163,0.000592707221086286,0.000463905718305346
LOS,5,10,14,20270109,4.93961248270718,5.4969390757724,4.93961248270718,4.93961248270718,4.93961248270718,-0.0603875172928241,0.496939075772396,-0.0603875172928241,-0.0603875172928241,-0.0603875172928241,0,0,0,insufficient_gain,insufficient_gain,v3_insufficient_gain,NaN,NaN,NaN,NaN,0,0,0.0365260888807504,0.141332649652434,12.0442174680658,0.000302189467822567,0.000291151668462053
LOS,5,10,15,20270109,4.94405508168241,4.95704792519622,4.94405508168241,4.94405508168241,4.94405508168241,-0.0559449183175857,-0.0429520748037833,-0.0559449183175857,-0.0559449183175857,-0.0559449183175857,0,0,0,insufficient_gain,insufficient_gain,v3_insufficient_gain,NaN,NaN,NaN,NaN,0,0,0.0168767345832063,0.098566921720813,5.00045675057221,0.000264991397754599,0.000260519208267862
LOS,5,10,16,20270109,5.02546184165926,4.96544406880714,5.02546184165926,5.02546184165926,5.02546184165926,0.0254618416592587,-0.0345559311928554,0.0254618416592587,0.0254618416592587,0.0254618416592587,0,0,0,candidate_invalid,candidate_invalid,v3_candidate_invalid,NaN,NaN,NaN,NaN,0,0,0.0250106235305278,0.0116808692697477,24.2766973235581,0.000328913104728157,0.000320686782891544
LOS,5,10,17,20270109,4.96776335076467,4.95259727337307,4.96776335076467,4.96776335076467,4.96776335076467,-0.0322366492353252,-0.0474027266269346,-0.0322366492353252,-0.0322366492353252,-0.0322366492353252,0,0,0,candidate_invalid,candidate_invalid,v3_candidate_invalid,NaN,NaN,NaN,NaN,0,0,0.193528313225007,0.00746267811866318,99.9999956176893,0.000553514051523596,0.000446393410785895
LOS,5,10,18,20270109,4.9663059332928,4.79986531534392,4.9663059332928,4.9663059332928,4.9663059332928,-0.033694066707203,-0.200134684656085,-0.033694066707203,-0.033694066707203,-0.033694066707203,0,0,0,insufficient_gain,insufficient_gain,v3_insufficient_gain,NaN,NaN,NaN,NaN,0,0,0.112710717274195,0.092066327367312,11.897909822879,0.000525106983770174,0.000465921798983748
LOS,5,10,19,20270109,5.0585799662602,5.19151050542224,5.0585799662602,5.0585799662602,5.0585799662602,0.0585799662602042,0.191510505422236,0.0585799662602042,0.0585799662602042,0.0585799662602042,0,0,0,insufficient_gain,insufficient_gain,v3_insufficient_gain,NaN,NaN,NaN,NaN,0,0,0.00275265114512882,0.0922734838279832,5.00004004711485,0.000408452473181553,0.000407328146013519
LOS,5,10,20,20270109,4.96452989137526,5.28734750437569,4.96452989137526,4.96452989137526,4.96452989137526,-0.0354701086247369,0.287347504375687,-0.0354701086247369,-0.0354701086247369,-0.0354701086247369,0,0,0,insufficient_gain,insufficient_gain,v3_insufficient_gain,NaN,NaN,NaN,NaN,0,0,0.140754284460009,0.084978424909245,13.5662346904996,0.000258109689645014,0.000221779644966835
LOS,5,10,21,20270109,4.92033230799788,4.91991292941102,4.92033230799788,4.92033230799788,4.92033230799788,-0.0796676920021193,-0.0800870705889842,-0.0796676920021193,-0.0796676920021193,-0.0796676920021193,0,0,0,candidate_invalid,candidate_invalid,v3_candidate_invalid,NaN,NaN,NaN,NaN,0,0,0,2.16388257769215e-12,58.1956459744215,0.000512383445696596,0.00051238344570681
LOS,5,10,22,20270109,5.04473392767425,4.65515349023691,5.04473392767425,5.04473392767425,5.04473392767425,0.0447339276742511,-0.344846509763086,0.0447339276742511,0.0447339276742511,0.0447339276742511,0,0,0,insufficient_gain,insufficient_gain,v3_insufficient_gain,NaN,NaN,NaN,NaN,0,0,0.20546708244124,0.106939131751497,16.8938751835651,0.000692049457208022,0.000549856074330446
LOS,5,10,23,20270109,4.96769115302688,4.96565683396525,4.96769115302688,4.96769115302688,4.96769115302688,-0.0323088469731152,-0.0343431660347502,-0.0323088469731152,-0.0323088469731152,-0.0323088469731152,0,0,0,candidate_invalid,candidate_invalid,v3_candidate_invalid,NaN,NaN,NaN,NaN,0,0,4.61435754679504e-11,1.47521887178705e-14,57.7916074578568,0.000534136136975283,0.000534136136950636
LOS,5,10,24,20270109,4.97580707161683,5.10327836246345,4.97580707161683,4.97580707161683,4.97580707161683,-0.0241929283831714,0.103278362463454,-0.0241929283831714,-0.0241929283831714,-0.0241929283831714,0,0,0,insufficient_gain,insufficient_gain,v3_insufficient_gain,NaN,NaN,NaN,NaN,0,0,0.0261769401543749,0.141148778066743,5.00151536894061,0.000318231661004198,0.000309901329858864
LOS,5,10,25,20270109,4.98096270571414,4.97966756540636,4.98096270571414,4.98096270571414,4.98096270571414,-0.019037294285857,-0.0203324345936391,-0.019037294285857,-0.019037294285857,-0.019037294285857,0,0,0,candidate_invalid,candidate_invalid,v3_candidate_invalid,NaN,NaN,NaN,NaN,0,0,0.00563243995446105,0.00138870277630695,99.9985007520374,0.000626364663354861,0.000622836701998919
LOS,5,10,26,20270109,4.94897812189335,4.77594427239251,4.94897812189335,4.94897812189335,4.94897812189335,-0.0510218781066456,-0.224055727607489,-0.0510218781066456,-0.0510218781066456,-0.0510218781066456,0,0,0,insufficient_gain,insufficient_gain,v3_insufficient_gain,NaN,NaN,NaN,NaN,0,0,0.0375443364384266,0.0403794472810927,17.0370348803299,0.000422223863355997,0.000406371748577827
LOS,5,10,27,20270109,4.96511431691072,5.12405474047701,4.96511431691072,4.96511431691072,4.96511431691072,-0.034885683089283,0.124054740477009,-0.034885683089283,-0.034885683089283,-0.034885683089283,0,0,0,insufficient_gain,insufficient_gain,v3_insufficient_gain,NaN,NaN,NaN,NaN,0,0,0.0117335838279364,0.0611050422751262,9.96976598267628,0.000732113171754367,0.000723522860482051
LOS,5,10,28,20270109,4.97429827644488,5.08850128919076,4.97429827644488,4.97429827644488,4.97429827644488,-0.0257017235551222,0.0885012891907646,-0.0257017235551222,-0.0257017235551222,-0.0257017235551222,0,0,0,insufficient_gain,insufficient_gain,v3_insufficient_gain,NaN,NaN,NaN,NaN,0,0,0.0862127501314219,0.0521932398374672,13.0835299705416,0.000476966828274694,0.000435846206287671
LOS,5,10,29,20270109,4.93906365939514,5.66676510249452,4.93906365939514,4.93906365939514,4.93906365939514,-0.0609363406048589,0.666765102494518,-0.0609363406048589,-0.0609363406048589,-0.0609363406048589,0,0,0,insufficient_gain,insufficient_gain,v3_insufficient_gain,NaN,NaN,NaN,NaN,0,0,0.111009295187498,0.140411642621047,16.4545058522509,0.000494985382922808,0.000440037404436433
LOS,5,10,30,20270109,5.03467525506742,5.05544227158647,5.03467525506742,5.03467525506742,5.03467525506742,0.0346752550674241,0.0554422715864673,0.0346752550674241,0.0346752550674241,0.0346752550674241,0,0,0,candidate_invalid,candidate_invalid,v3_candidate_invalid,NaN,NaN,NaN,NaN,0,0,0.280852467046539,0.00771196988955824,99.9902146964274,0.000381191679650117,0.000274133056002768
LOS,5,10,31,20270109,5.01652184700155,4.75881178290249,5.01652184700155,5.01652184700155,5.01652184700155,0.0165218470015525,-0.241188217097514,0.0165218470015525,0.0165218470015525,0.0165218470015525,0,0,0,insufficient_gain,insufficient_gain,v3_insufficient_gain,NaN,NaN,NaN,NaN,0,0,0.107186666042485,0.1390057281962,10.4104645675632,0.000489067104090468,0.000436645631731958
LOS,5,10,32,20270109,4.93488585297249,4.69875672812938,4.93488585297249,4.93488585297249,4.93488585297249,-0.0651141470275061,-0.301243271870618,-0.0651141470275061,-0.0651141470275061,-0.0651141470275061,0,0,0,insufficient_gain,insufficient_gain,v3_insufficient_gain,NaN,NaN,NaN,NaN,0,0,0.0214625960217218,0.135312038011403,7.24739732816458,0.00044365970150162,0.000434137612557173
LOS,5,10,33,20270109,4.94654232100257,4.95480917755672,4.94654232100257,4.94654232100257,4.94654232100257,-0.053457678997427,-0.0451908224432778,-0.053457678997427,-0.053457678997427,-0.053457678997427,0,0,0,candidate_invalid,candidate_invalid,v3_candidate_invalid,NaN,NaN,NaN,NaN,0,0,0.070009348276751,0.00312908581637023,83.8662605969139,0.000344271308285293,0.000320169098361855
LOS,5,10,34,20270109,4.99134272360028,5.3578780490135,4.99134272360028,4.99134272360028,4.99134272360028,-0.00865727639972302,0.357878049013504,-0.00865727639972302,-0.00865727639972302,-0.00865727639972302,0,0,0,insufficient_gain,insufficient_gain,v3_insufficient_gain,NaN,NaN,NaN,NaN,0,0,0.0219668198498339,0.104447255181999,11.3384229077321,0.000683931186358899,0.00066890739319847
LOS,5,10,35,20270109,5.03251267221781,5.0949604392473,5.03251267221781,5.03251267221781,5.03251267221781,0.0325126722178135,0.0949604392472985,0.0325126722178135,0.0325126722178135,0.0325126722178135,0,0,0,insufficient_gain,insufficient_gain,v3_insufficient_gain,NaN,NaN,NaN,NaN,0,0,0.00145901837211528,0.135257565529624,5.00152388519503,0.000429701898491786,0.000429074955527353
LOS,5,10,36,20270109,4.97232463569286,5.50020346702363,4.97232463569286,4.97232463569286,4.97232463569286,-0.0276753643071421,0.500203467023635,-0.0276753643071421,-0.0276753643071421,-0.0276753643071421,0,0,0,insufficient_gain,insufficient_gain,v3_insufficient_gain,NaN,NaN,NaN,NaN,0,0,0.0513124267545767,0.141424546450587,11.338120351797,0.000236160716663214,0.000224042737187125
LOS,5,10,37,20270109,4.98203800906828,5.86308680206232,4.98203800906828,4.98203800906828,4.98203800906828,-0.0179619909317239,0.86308680206232,-0.0179619909317239,-0.0179619909317239,-0.0179619909317239,0,0,0,insufficient_gain,insufficient_gain,v3_insufficient_gain,NaN,NaN,NaN,NaN,0,0,0.161468878341243,0.202182115147667,12.6639398888285,0.00041741710880272,0.0003500172364439
LOS,5,10,38,20270109,4.89678240910464,4.89480140074918,4.89678240910464,4.89678240910464,4.89678240910464,-0.10321759089536,-0.105198599250816,-0.10321759089536,-0.10321759089536,-0.10321759089536,0,0,0,candidate_invalid,candidate_invalid,v3_candidate_invalid,NaN,NaN,NaN,NaN,0,0,0.153509793363285,0.00594419451953766,89.0245912473233,0.000423841392434232,0.000358777587862846
LOS,5,10,39,20270109,4.96008490196863,5.37072020013324,4.96008490196863,4.96008490196863,4.96008490196863,-0.0399150980313676,0.370720200133242,-0.0399150980313676,-0.0399150980313676,-0.0399150980313676,0,0,0,insufficient_gain,insufficient_gain,v3_insufficient_gain,NaN,NaN,NaN,NaN,0,0,0.0110778743894112,0.126796713168017,9.80420971644879,0.000697363356391589,0.000689638052725705
LOS,5,10,40,20270109,5.08897683922558,5.0058247853565,5.08897683922558,5.08897683922558,5.08897683922558,0.0889768392255803,0.0058247853565021,0.0889768392255803,0.0889768392255803,0.0889768392255803,0,0,0,insufficient_gain,insufficient_gain,v3_insufficient_gain,NaN,NaN,NaN,NaN,0,0,0.14398830625356,0.115310540002601,8.60660243323202,0.000250450307044181,0.000214388391532205
LOS,5,10,41,20270109,4.96137455821187,5.30142641611504,4.96137455821187,4.96137455821187,4.96137455821187,-0.0386254417881293,0.301426416115037,-0.0386254417881293,-0.0386254417881293,-0.0386254417881293,0,0,0,insufficient_gain,insufficient_gain,v3_insufficient_gain,NaN,NaN,NaN,NaN,0,0,0.0691930139374059,0.0969439758261207,11.6037012632967,0.000266976484486481,0.000248503576874448
LOS,5,10,42,20270109,4.95671290425819,4.96710168190315,4.95671290425819,4.95671290425819,4.95671290425819,-0.0432870957418121,-0.0328983180968496,-0.0432870957418121,-0.0432870957418121,-0.0432870957418121,0,0,0,candidate_invalid,candidate_invalid,v3_candidate_invalid,NaN,NaN,NaN,NaN,0,0,0.278743475401121,0.00909677319919899,77.9217863387118,0.000537352871461616,0.000387569264553633
LOS,5,10,43,20270109,5.04170636934986,4.9254899794988,5.04170636934986,5.04170636934986,5.04170636934986,0.0417063693498578,-0.0745100205011973,0.0417063693498578,0.0417063693498578,0.0417063693498578,0,0,0,insufficient_gain,insufficient_gain,v3_insufficient_gain,NaN,NaN,NaN,NaN,0,0,0.0913841328122633,0.225302685148232,6.31629457154103,0.0004045842990823,0.000367611713761207
LOS,5,10,44,20270109,5.01437836910875,5.36103663576773,5.01437836910875,5.01437836910875,5.01437836910875,0.014378369108746,0.361036635767732,0.014378369108746,0.014378369108746,0.014378369108746,0,0,0,insufficient_gain,insufficient_gain,v3_insufficient_gain,NaN,NaN,NaN,NaN,0,0,0.00384654767664259,0.107996413623037,9.93820551573268,0.000395737778382754,0.000394215554150756
LOS,5,10,45,20270109,4.96408563305639,5.02238860519867,4.96408563305639,4.96408563305639,4.96408563305639,-0.0359143669436142,0.0223886051986728,-0.0359143669436142,-0.0359143669436142,-0.0359143669436142,0,0,0,insufficient_gain,insufficient_gain,v3_insufficient_gain,NaN,NaN,NaN,NaN,0,0,0.0270743855179014,0.0721228742061524,6.87924680741311,0.000287119527572433,0.000279345942793219
LOS,5,10,46,20270109,4.95311647252937,5.75544705328699,4.95311647252937,4.95311647252937,4.95311647252937,-0.0468835274706292,0.755447053286993,-0.0468835274706292,-0.0468835274706292,-0.0468835274706292,0,0,0,insufficient_gain,insufficient_gain,v3_insufficient_gain,NaN,NaN,NaN,NaN,0,0,0.140839746268227,0.151464069764082,16.9677341351112,0.000577955310061551,0.000496556230838108
LOS,5,10,47,20270109,5.04009356642029,4.82743504300311,5.04009356642029,5.04009356642029,5.04009356642029,0.0400935664202935,-0.172564956996888,0.0400935664202935,0.0400935664202935,0.0400935664202935,0,0,0,insufficient_gain,insufficient_gain,v3_insufficient_gain,NaN,NaN,NaN,NaN,0,0,0.141145143541992,0.0278668898036833,39.3973621814741,0.000627278616435634,0.000538741286078004
LOS,5,10,48,20270109,4.98169869245962,4.97140692568249,4.98169869245962,4.98169869245962,4.98169869245962,-0.0183013075403773,-0.0285930743175129,-0.0183013075403773,-0.0183013075403773,-0.0183013075403773,0,0,0,insufficient_gain,insufficient_gain,v3_insufficient_gain,NaN,NaN,NaN,NaN,0,0,0.0767168936655717,0.0946758506068224,8.90942469330742,0.000524999123844072,0.000484722821885608
LOS,5,10,49,20270109,5.00984170972316,4.30389884055657,5.00984170972316,5.00984170972316,5.00984170972316,0.00984170972315912,-0.696101159443433,0.00984170972315912,0.00984170972315912,0.00984170972315912,0,0,0,insufficient_gain,insufficient_gain,v3_insufficient_gain,NaN,NaN,NaN,NaN,0,0,0.347158262228173,0.115859778985883,26.5665891917431,0.000310069931155121,0.0002024265926861
LOS,5,10,50,20270109,4.95454258564468,5.09199890726397,4.95454258564468,4.95454258564468,4.95454258564468,-0.0454574143553197,0.0919989072639655,-0.0454574143553197,-0.0454574143553197,-0.0454574143553197,0,0,0,insufficient_gain,insufficient_gain,v3_insufficient_gain,NaN,NaN,NaN,NaN,0,0,0.00400409882300508,0.0988005219407091,5.00000307552096,0.000254951205480136,0.000253930355658349
LOS,10,10,1,20270109,9.9441817675586,9.71291070147334,9.9441817675586,9.9441817675586,9.9441817675586,-0.0558182324414034,-0.287089298526665,-0.0558182324414034,-0.0558182324414034,-0.0558182324414034,0,0,0,insufficient_gain,insufficient_gain,v3_insufficient_gain,NaN,NaN,NaN,NaN,0,0,0.176672140158992,0.0454000499777938,21.7486124299633,0.000508531198722295,0.000418687903506409
LOS,10,10,2,20270109,9.96509052916132,9.73291448679881,9.96509052916132,9.96509052916132,9.96509052916132,-0.0349094708386843,-0.26708551320119,-0.0349094708386843,-0.0349094708386843,-0.0349094708386843,0,0,0,insufficient_gain,insufficient_gain,v3_insufficient_gain,NaN,NaN,NaN,NaN,0,0,0.0421498686056334,0.119572811087315,9.30644934206783,0.00052381372755872,0.000501735047768292
LOS,10,10,3,20270109,9.96811469428267,9.92494354968412,9.96811469428267,9.96811469428267,9.96811469428267,-0.0318853057173349,-0.075056450315877,-0.0318853057173349,-0.0318853057173349,-0.0318853057173349,0,0,0,insufficient_gain,insufficient_gain,v3_insufficient_gain,NaN,NaN,NaN,NaN,0,0,0.0422623123166569,0.0970544993610671,7.45399434929912,0.0003992441921703,0.000382371209430188
LOS,10,10,4,20270109,9.97076821562296,10.4494607955877,9.97076821562296,9.97076821562296,9.97076821562296,-0.0292317843770427,0.449460795587711,-0.0292317843770427,-0.0292317843770427,-0.0292317843770427,0,0,0,insufficient_gain,insufficient_gain,v3_insufficient_gain,NaN,NaN,NaN,NaN,0,0,0.110780372895184,0.0786932226794873,22.4023588124153,0.000774447481764584,0.000688653900946967
LOS,10,10,5,20270109,9.99392868337318,10.761969163687,9.99392868337318,9.99392868337318,9.99392868337318,-0.00607131662681581,0.761969163686956,-0.00607131662681581,-0.00607131662681581,-0.00607131662681581,0,0,0,insufficient_gain,insufficient_gain,v3_insufficient_gain,NaN,NaN,NaN,NaN,0,0,0.277511257562783,0.144775386819506,17.0698592298716,0.000312914960319599,0.000226077536171099
LOS,10,10,6,20270109,10.0738815083291,10.0721688335589,10.0738815083291,10.0738815083291,10.0738815083291,0.0738815083291335,0.0721688335588908,0.0738815083291335,0.0738815083291335,0.0738815083291335,0,0,0,candidate_invalid,candidate_invalid,v3_candidate_invalid,NaN,NaN,NaN,NaN,0,0,0,0.000693056220233671,5.05709139975649,0.000190980448731226,0.000191063442453565
LOS,10,10,7,20270109,9.96344392963699,9.99204948394522,9.96344392963699,9.96344392963699,9.96344392963699,-0.0365560703630052,-0.00795051605478392,-0.0365560703630052,-0.0365560703630052,-0.0365560703630052,0,0,0,insufficient_gain,insufficient_gain,v3_insufficient_gain,NaN,NaN,NaN,NaN,0,0,0.0974291702843944,0.251129937918707,5.7941150946809,0.000569573539740187,0.000514080462347355
LOS,10,10,8,20270109,10.0852099714433,9.84771719815621,10.0852099714433,10.0852099714433,10.0852099714433,0.0852099714432502,-0.152282801843786,0.0852099714432502,0.0852099714432502,0.0852099714432502,0,0,0,insufficient_gain,insufficient_gain,v3_insufficient_gain,NaN,NaN,NaN,NaN,0,0,0.0846319694130644,0.0615909017690738,16.2442824052813,0.000319676017426218,0.000292621206497312
LOS,10,10,9,20270109,10.0154247800416,10.7165810052812,10.0154247800416,10.0154247800416,10.0154247800416,0.0154247800416254,0.716581005281235,0.0154247800416254,0.0154247800416254,0.0154247800416254,0,0,0,insufficient_gain,insufficient_gain,v3_insufficient_gain,NaN,NaN,NaN,NaN,0,0,0.0390172418329434,0.18515042246257,10.7490492128561,0.000330868342620416,0.00031795877248153
LOS,10,10,10,20270109,10.0603838274156,10.0356931523857,10.0603838274156,10.0603838274156,10.0603838274156,0.0603838274156221,0.0356931523857362,0.0603838274156221,0.0603838274156221,0.0603838274156221,0,0,0,insufficient_gain,insufficient_gain,v3_insufficient_gain,NaN,NaN,NaN,NaN,0,0,0.0179994829407842,0.0469243073803249,7.87306697975539,0.000299770289793555,0.000294374579576262
LOS,10,10,11,20270109,9.95988733483007,10.6832483062417,9.95988733483007,9.95988733483007,9.95988733483007,-0.0401126651699286,0.683248306241733,-0.0401126651699286,-0.0401126651699286,-0.0401126651699286,0,0,0,insufficient_gain,insufficient_gain,v3_insufficient_gain,NaN,NaN,NaN,NaN,0,0,0.0517008147333119,0.195649895685792,10.4695290783755,0.000383440740142404,0.000363616541475098
LOS,10,10,12,20270109,10.0242059926291,9.56529451918854,10.0242059926291,10.0242059926291,10.0242059926291,0.0242059926291383,-0.434705480811459,0.0242059926291383,0.0242059926291383,0.0242059926291383,0,0,0,insufficient_gain,insufficient_gain,v3_insufficient_gain,NaN,NaN,NaN,NaN,0,0,0.110957442417168,0.14564476513401,13.5932037380449,0.000558222056139313,0.000496283164489242
LOS,10,10,13,20270109,9.93761425734856,10.7072784568558,9.93761425734856,9.93761425734856,9.93761425734856,-0.0623857426514416,0.707278456855789,-0.0623857426514416,-0.0623857426514416,-0.0623857426514416,0,0,0,insufficient_gain,insufficient_gain,v3_insufficient_gain,NaN,NaN,NaN,NaN,0,0,0.0691340725993675,0.299592462671022,6.45178436492794,0.000565008653915955,0.000525947304616858
LOS,10,10,14,20270109,10.0171153009525,10.3781846000193,10.0171153009525,10.0171153009525,10.0171153009525,0.0171153009525025,0.378184600019317,0.0171153009525025,0.0171153009525025,0.0171153009525025,0,0,0,insufficient_gain,insufficient_gain,v3_insufficient_gain,NaN,NaN,NaN,NaN,0,0,0.175464451982799,0.0524824324835894,29.4266871636006,0.000695713502591344,0.00057364051412212
LOS,10,10,15,20270109,10.0550603648091,9.79845026272112,10.0550603648091,10.0550603648091,10.0550603648091,0.0550603648091244,-0.201549737278881,0.0550603648091244,0.0550603648091244,0.0550603648091244,0,0,0,insufficient_gain,insufficient_gain,v3_insufficient_gain,NaN,NaN,NaN,NaN,0,0,0.0737538556212999,0.260195713384316,6.88807666629376,0.000534487249882254,0.000495066754423013
LOS,10,10,16,20270109,9.93986571762645,10.2145963041261,9.93986571762645,9.93986571762645,9.93986571762645,-0.0601342823735518,0.214596304126111,-0.0601342823735518,-0.0601342823735518,-0.0601342823735518,0,0,0,insufficient_gain,insufficient_gain,v3_insufficient_gain,NaN,NaN,NaN,NaN,0,0,0.0107047429170429,0.063885413182216,14.8117510224161,0.000556841547565634,0.000550880701953416
LOS,10,10,17,20270109,9.96320684597407,9.74386652756439,9.96320684597407,9.96320684597407,9.96320684597407,-0.0367931540259345,-0.256133472435611,-0.0367931540259345,-0.0367931540259345,-0.0367931540259345,0,0,0,insufficient_gain,insufficient_gain,v3_insufficient_gain,NaN,NaN,NaN,NaN,0,0,0.17291878022243,0.0326778588403236,32.6551346737158,0.000493168833346491,0.000407890680240497
LOS,10,10,18,20270109,9.91120139629626,10.0344371192107,9.91120139629626,9.91120139629626,9.91120139629626,-0.0887986037037436,0.0344371192106578,-0.0887986037037436,-0.0887986037037436,-0.0887986037037436,0,0,0,insufficient_gain,insufficient_gain,v3_insufficient_gain,NaN,NaN,NaN,NaN,0,0,0.000984337559458536,0.0804902161406871,5.00015866985367,0.000256835317368864,0.000256582504719383
LOS,10,10,19,20270109,9.95841977687402,9.94213226422112,9.95841977687402,9.95841977687402,9.95841977687402,-0.0415802231259814,-0.0578677357788777,-0.0415802231259814,-0.0415802231259814,-0.0415802231259814,0,0,0,insufficient_gain,insufficient_gain,v3_insufficient_gain,NaN,NaN,NaN,NaN,0,0,0.0100803833970172,0.0434863718377128,7.36875315086156,0.00035436881551254,0.000350796641988227
LOS,10,10,20,20270109,9.97452916153561,10.2113003524261,9.97452916153561,9.97452916153561,9.97452916153561,-0.0254708384643934,0.211300352426129,-0.0254708384643934,-0.0254708384643934,-0.0254708384643934,0,0,0,candidate_invalid,candidate_invalid,v3_candidate_invalid,NaN,NaN,NaN,NaN,0,0,0,0.13586475205422,5.00000053040512,0.000402383304457077,0.000407059246970709
LOS,10,10,21,20270109,9.98105823560198,10.4865081256419,9.98105823560198,9.98105823560198,9.98105823560198,-0.0189417643980221,0.486508125641897,-0.0189417643980221,-0.0189417643980221,-0.0189417643980221,0,0,0,insufficient_gain,insufficient_gain,v3_insufficient_gain,NaN,NaN,NaN,NaN,0,0,0.182557235394026,0.127178751429849,12.5912285598847,0.000196076588518723,0.000160281388593253
LOS,10,10,22,20270109,9.96087345973784,10.1035304893546,9.96087345973784,9.96087345973784,9.96087345973784,-0.0391265402621617,0.103530489354608,-0.0391265402621617,-0.0391265402621617,-0.0391265402621617,0,0,0,insufficient_gain,insufficient_gain,v3_insufficient_gain,NaN,NaN,NaN,NaN,0,0,0.0162832634155269,0.136936700864307,5.0140615767682,0.000389948380097982,0.000383598747906388
LOS,10,10,23,20270109,9.99650514208462,10.7342746632141,9.99650514208462,9.99650514208462,9.99650514208462,-0.00349485791538307,0.7342746632141,-0.00349485791538307,-0.00349485791538307,-0.00349485791538307,0,0,0,insufficient_gain,insufficient_gain,v3_insufficient_gain,NaN,NaN,NaN,NaN,0,0,0.240081133024202,0.144518094664126,16.3112443704263,0.000222492850973532,0.000169076515222022
LOS,10,10,24,20270109,10.0143660744044,10.0112267958677,10.0143660744044,10.0143660744044,10.0143660744044,0.0143660744044105,0.0112267958677101,0.0143660744044105,0.0143660744044105,0.0143660744044105,0,0,0,insufficient_gain,insufficient_gain,v3_insufficient_gain,NaN,NaN,NaN,NaN,0,0,0.00762584246507965,0.0562542916384852,6.3729232415299,0.000548284282053668,0.000544103152492648
LOS,10,10,25,20270109,10.0533445030426,10.5294708935866,10.0533445030426,10.0533445030426,10.0533445030426,0.0533445030425881,0.529470893586577,0.0533445030425881,0.0533445030425881,0.0533445030425881,0,0,0,insufficient_gain,insufficient_gain,v3_insufficient_gain,NaN,NaN,NaN,NaN,0,0,0.00440294949487067,0.140300416214704,10.1520248578642,0.000803623570752476,0.000800085256757566
LOS,10,10,26,20270109,9.91059694571764,9.66029191654015,9.91059694571764,9.91059694571764,9.91059694571764,-0.0894030542823607,-0.339708083459847,-0.0894030542823607,-0.0894030542823607,-0.0894030542823607,0,0,0,insufficient_gain,insufficient_gain,v3_insufficient_gain,NaN,NaN,NaN,NaN,0,0,0.145412860469556,0.0592279767692801,19.4982566080478,0.000551145021525423,0.000471001447411856
LOS,10,10,27,20270109,9.9503670228039,10.1452360160884,9.9503670228039,9.9503670228039,9.9503670228039,-0.0496329771960973,0.145236016088425,-0.0496329771960973,-0.0496329771960973,-0.0496329771960973,0,0,0,insufficient_gain,insufficient_gain,v3_insufficient_gain,NaN,NaN,NaN,NaN,0,0,0.0321737433809242,0.0805247179910353,9.31438493698048,0.000506269926294323,0.00048998132760425
LOS,10,10,28,20270109,9.9995464922416,10.269244470839,9.9995464922416,9.9995464922416,9.9995464922416,-0.000453507758400917,0.269244470838991,-0.000453507758400917,-0.000453507758400917,-0.000453507758400917,0,0,0,insufficient_gain,insufficient_gain,v3_insufficient_gain,NaN,NaN,NaN,NaN,0,0,0.00158569485700629,0.157864114913377,5.00000225535677,0.000498642334117561,0.000497851639532865
LOS,10,10,29,20270109,10.0026783987219,10.539398235598,10.0026783987219,10.0026783987219,10.0026783987219,0.00267839872185149,0.539398235597986,0.00267839872185149,0.00267839872185149,0.00267839872185149,0,0,0,insufficient_gain,insufficient_gain,v3_insufficient_gain,NaN,NaN,NaN,NaN,0,0,0.0548177736501311,0.141003704499762,11.7865106646539,0.000303828571386333,0.000287173365531634
LOS,10,10,30,20270109,9.92558771235689,10.8549615977457,9.92558771235689,9.92558771235689,9.92558771235689,-0.0744122876431064,0.854961597745742,-0.0744122876431064,-0.0744122876431064,-0.0744122876431064,0,0,0,insufficient_gain,insufficient_gain,v3_insufficient_gain,NaN,NaN,NaN,NaN,0,0,0.180829303023972,0.183334861640843,15.7629320717967,0.00069874386679647,0.000572390500371389
LOS,10,10,31,20270109,10.0280537748238,9.89962050849818,10.0280537748238,10.0280537748238,10.0280537748238,0.0280537748238352,-0.100379491501821,0.0280537748238352,0.0280537748238352,0.0280537748238352,0,0,0,insufficient_gain,insufficient_gain,v3_insufficient_gain,NaN,NaN,NaN,NaN,0,0,0.00367965516074051,0.0811947085875483,5.80042761859669,0.000112305852238981,0.000111892605430208
LOS,10,10,32,20270109,10.0107229762666,9.94011015124581,10.0107229762666,10.0107229762666,10.0107229762666,0.0107229762665568,-0.0598898487541852,0.0107229762665568,0.0107229762665568,0.0107229762665568,0,0,0,candidate_invalid,candidate_invalid,v3_candidate_invalid,NaN,NaN,NaN,NaN,0,0,0.0376852673942631,0.0112446881727874,26.7020199755849,0.000462475406188823,0.000445046896843326
LOS,10,10,33,20270109,9.99998012119652,10.5201536644084,9.99998012119652,9.99998012119652,9.99998012119652,-1.98788034815323e-05,0.520153664408383,-1.98788034815323e-05,-1.98788034815323e-05,-1.98788034815323e-05,0,0,0,insufficient_gain,insufficient_gain,v3_insufficient_gain,NaN,NaN,NaN,NaN,0,0,0.119994395300426,0.11753969824249,14.3524731566666,0.000318904782732332,0.000280637996169952
LOS,10,10,34,20270109,9.938771317991,9.77405396931701,9.938771317991,9.938771317991,9.938771317991,-0.0612286820090038,-0.225946030682991,-0.0612286820090038,-0.0612286820090038,-0.0612286820090038,0,0,0,insufficient_gain,insufficient_gain,v3_insufficient_gain,NaN,NaN,NaN,NaN,0,0,0.393039307503929,0.0247063801095813,37.2703558711523,0.000445634744545176,0.00027048277314945
LOS,10,10,35,20270109,10.019208805119,9.97460231085015,10.019208805119,10.019208805119,10.019208805119,0.0192088051190247,-0.0253976891498482,0.0192088051190247,0.0192088051190247,0.0192088051190247,0,0,0,insufficient_gain,insufficient_gain,v3_insufficient_gain,NaN,NaN,NaN,NaN,0,0,0.0262093501179968,0.0296445100290406,10.0459233766269,0.000244881502495575,0.000238463317459248
LOS,10,10,36,20270109,9.98898803619603,10.3946473127721,9.98898803619603,9.98898803619603,9.98898803619603,-0.0110119638039734,0.394647312772065,-0.0110119638039734,-0.0110119638039734,-0.0110119638039734,0,0,0,insufficient_gain,insufficient_gain,v3_insufficient_gain,NaN,NaN,NaN,NaN,0,0,0.173603530736997,0.174699983294813,8.2889435596431,0.000459845696639594,0.000380014860108746
LOS,10,10,37,20270109,9.96726940118377,9.93601857885131,9.96726940118377,9.96726940118377,9.96726940118377,-0.032730598816233,-0.0639814211486858,-0.032730598816233,-0.032730598816233,-0.032730598816233,0,0,0,insufficient_gain,insufficient_gain,v3_insufficient_gain,NaN,NaN,NaN,NaN,0,0,0.0085525985818325,0.0406886796544244,7.72751948941664,0.000513198121754765,0.000508808944226447
LOS,10,10,38,20270109,9.97181572565,10.2340881121346,9.97181572565,9.97181572565,9.97181572565,-0.0281842743500018,0.234088112134557,-0.0281842743500018,-0.0281842743500018,-0.0281842743500018,0,0,0,insufficient_gain,insufficient_gain,v3_insufficient_gain,NaN,NaN,NaN,NaN,0,0,0.0383443886268583,0.103456193379557,8.85504222437872,0.000453304078305239,0.000435922410560563
LOS,10,10,39,20270109,10.024905778427,10.8134869616961,10.024905778427,10.024905778427,10.024905778427,0.0249057784270068,0.813486961696078,0.0249057784270068,0.0249057784270068,0.0249057784270068,0,0,0,insufficient_gain,insufficient_gain,v3_insufficient_gain,NaN,NaN,NaN,NaN,0,0,0.193840589127388,0.156286210029381,15.9192503772618,0.000336498881290836,0.000271271739900714
LOS,10,10,40,20270109,9.97987300122236,9.8912919173958,9.97987300122236,9.97987300122236,9.97987300122236,-0.0201269987776396,-0.108708082604203,-0.0201269987776396,-0.0201269987776396,-0.0201269987776396,0,0,0,insufficient_gain,insufficient_gain,v3_insufficient_gain,NaN,NaN,NaN,NaN,0,0,0.0610401640010474,0.248178087763304,5.73531058697096,0.000592103475032246,0.000555961381810688
LOS,10,10,41,20270109,9.9972338118435,10.7475204215311,9.9972338118435,9.9972338118435,9.9972338118435,-0.00276618815650131,0.747520421531149,-0.00276618815650131,-0.00276618815650131,-0.00276618815650131,0,0,0,insufficient_gain,insufficient_gain,v3_insufficient_gain,NaN,NaN,NaN,NaN,0,0,0.0503166012757903,0.159384700152099,14.5257248314214,0.000762908840014065,0.000724521860101301
LOS,10,10,42,20270109,10.0359177637431,10.4917852634749,10.0359177637431,10.0359177637431,10.0359177637431,0.0359177637431412,0.491785263474881,0.0359177637431412,0.0359177637431412,0.0359177637431412,0,0,0,insufficient_gain,insufficient_gain,v3_insufficient_gain,NaN,NaN,NaN,NaN,0,0,0.0943182611130947,0.158001184800684,8.86270213367315,0.000196049179339131,0.000177558161651215
LOS,10,10,43,20270109,9.9876601384044,9.90035286930318,9.9876601384044,9.9876601384044,9.9876601384044,-0.0123398615956027,-0.099647130696825,-0.0123398615956027,-0.0123398615956027,-0.0123398615956027,0,0,0,insufficient_gain,insufficient_gain,v3_insufficient_gain,NaN,NaN,NaN,NaN,0,0,0.19535001102409,0.214877793908318,6.9481984124962,0.000338430273703283,0.000272317916004461
LOS,10,10,44,20270109,10.0279284834788,9.9096542690182,10.0279284834788,10.0279284834788,10.0279284834788,0.0279284834788189,-0.0903457309818005,0.0279284834788189,0.0279284834788189,0.0279284834788189,0,0,0,insufficient_gain,insufficient_gain,v3_insufficient_gain,NaN,NaN,NaN,NaN,0,0,0.00266772115620963,0.0789841715422671,6.02107978216091,0.000631194916929534,0.000629511064895949
LOS,10,10,45,20270109,10.0021513940647,9.9346564950093,10.0021513940647,10.0021513940647,10.0021513940647,0.00215139406469511,-0.0653435049907038,0.00215139406469511,0.00215139406469511,0.00215139406469511,0,0,0,candidate_invalid,candidate_invalid,v3_candidate_invalid,NaN,NaN,NaN,NaN,0,0,0.380688752079759,0.0162098955032081,44.4180362522313,0.00061000391615873,0.000377782286552497
LOS,10,10,46,20270109,9.90740862441081,9.78588198359235,9.90740862441081,9.90740862441081,9.90740862441081,-0.0925913755891905,-0.214118016407646,-0.0925913755891905,-0.0925913755891905,-0.0925913755891905,0,0,0,insufficient_gain,insufficient_gain,v3_insufficient_gain,NaN,NaN,NaN,NaN,0,0,0.0336554769083184,0.198682987319306,5.21657846126092,0.000398504839141944,0.000385092968730349
LOS,10,10,47,20270109,9.88715285899853,10.1184110616333,9.88715285899853,9.88715285899853,9.88715285899853,-0.112847141001469,0.118411061633305,-0.112847141001469,-0.112847141001469,-0.112847141001469,0,0,0,insufficient_gain,insufficient_gain,v3_insufficient_gain,NaN,NaN,NaN,NaN,0,0,0.0302649572054442,0.170917371504853,5.00001365561583,0.00032861143370555,0.000318666022727232
LOS,10,10,48,20270109,9.95116688548727,9.79180122766844,9.95116688548727,9.95116688548727,9.95116688548727,-0.0488331145127283,-0.208198772331563,-0.0488331145127283,-0.0488331145127283,-0.0488331145127283,0,0,0,insufficient_gain,insufficient_gain,v3_insufficient_gain,NaN,NaN,NaN,NaN,0,0,0.116177355765496,0.0335316611170791,21.9708363387649,0.000391976668137506,0.000346437855311521
LOS,10,10,49,20270109,9.98760563245906,10.7747720868655,9.98760563245906,9.98760563245906,9.98760563245906,-0.0123943675409404,0.774772086865546,-0.0123943675409404,-0.0123943675409404,-0.0123943675409404,0,0,0,insufficient_gain,insufficient_gain,v3_insufficient_gain,NaN,NaN,NaN,NaN,0,0,0.0994711431206723,0.158892511338735,15.599884227517,0.000599477056718811,0.000539846388612375
LOS,10,10,50,20270109,10.0200395963928,9.96969075377211,10.0200395963928,10.0200395963928,10.0200395963928,0.0200395963927829,-0.0303092462278904,0.0200395963927829,0.0200395963927829,0.0200395963927829,0,0,0,insufficient_gain,insufficient_gain,v3_insufficient_gain,NaN,NaN,NaN,NaN,0,0,0.00352306710687545,0.0351741046434736,6.56908234844383,0.000424214566575598,0.000422720030189838
LOS,15,10,1,20270109,14.9462542606051,15.1983579152352,14.9462542606051,14.9462542606051,14.9462542606051,-0.0537457393948824,0.198357915235212,-0.0537457393948824,-0.0537457393948824,-0.0537457393948824,0,0,0,insufficient_gain,insufficient_gain,v3_insufficient_gain,NaN,NaN,NaN,NaN,0,0,0.0272852644641783,0.172378130576325,5.00021267992932,0.000295429628304422,0.000287368752765582
LOS,15,10,2,20270109,15.0877074453048,15.1265626158282,15.0877074453048,15.0877074453048,15.0877074453048,0.0877074453048259,0.126562615828206,0.0877074453048259,0.0877074453048259,0.0877074453048259,0,0,0,insufficient_gain,insufficient_gain,v3_insufficient_gain,NaN,NaN,NaN,NaN,0,0,0.0981488128039811,0.0233414840907666,18.8469213769229,0.000381510342525981,0.000344065555334616
LOS,15,10,3,20270109,15.0025984596773,14.9647223450812,15.0025984596773,15.0025984596773,15.0025984596773,0.00259845967731387,-0.0352776549187652,0.00259845967731387,0.00259845967731387,0.00259845967731387,0,0,0,candidate_invalid,candidate_invalid,v3_candidate_invalid,NaN,NaN,NaN,NaN,0,0,0.444966163688839,0.0102793034925097,53.0388421328264,0.000322110668491193,0.00017878232004942
LOS,15,10,4,20270109,14.9729739803128,15.4278398863547,14.9729739803128,14.9729739803128,14.9729739803128,-0.0270260196871899,0.427839886354713,-0.0270260196871899,-0.0270260196871899,-0.0270260196871899,0,0,0,insufficient_gain,insufficient_gain,v3_insufficient_gain,NaN,NaN,NaN,NaN,0,0,0.0103244258822344,0.240575760954448,5.00303718110963,0.000235178533732228,0.000232750450391617
LOS,15,10,5,20270109,15.0392408137592,14.9872664197447,15.0392408137592,15.0392408137592,15.0392408137592,0.0392408137591698,-0.0127335802552793,0.0392408137591698,0.0392408137591698,0.0392408137591698,0,0,0,insufficient_gain,insufficient_gain,v3_insufficient_gain,NaN,NaN,NaN,NaN,0,0,0.0164424778625867,0.0451206129697238,7.02325502729354,0.000235987701915574,0.000232107479350985
LOS,15,10,6,20270109,15.0026314392337,15.0528901161776,15.0026314392337,15.0026314392337,15.0026314392337,0.00263143923373477,0.0528901161776076,0.00263143923373477,0.00263143923373477,0.00263143923373477,0,0,0,candidate_invalid,candidate_invalid,v3_candidate_invalid,NaN,NaN,NaN,NaN,0,0,0.0079605830502639,0.00631440898822177,38.0080033109253,0.000606426685770822,0.000601599175774847
LOS,15,10,7,20270109,14.9494654341372,14.8471175017287,14.9494654341372,14.9494654341372,14.9494654341372,-0.0505345658627707,-0.152882498271282,-0.0505345658627707,-0.0505345658627707,-0.0505345658627707,0,0,0,insufficient_gain,insufficient_gain,v3_insufficient_gain,NaN,NaN,NaN,NaN,0,0,0.0516659699521405,0.0281280428790524,16.0299268085012,0.000234639933973657,0.000222517034195402
LOS,15,10,8,20270109,14.9971838798059,14.8112262344719,14.9971838798059,14.9971838798059,14.9971838798059,-0.00281612019409572,-0.188773765528079,-0.00281612019409572,-0.00281612019409572,-0.00281612019409572,0,0,0,insufficient_gain,insufficient_gain,v3_insufficient_gain,NaN,NaN,NaN,NaN,0,0,0.249423968251445,0.0328589682010063,25.7451670608846,0.000543360776324553,0.000407833575301497
LOS,15,10,9,20270109,14.9943541708301,14.9919577414692,14.9943541708301,14.9943541708301,14.9943541708301,-0.00564582916994638,-0.00804225853084972,-0.00564582916994638,-0.00564582916994638,-0.00564582916994638,0,0,0,candidate_invalid,candidate_invalid,v3_candidate_invalid,NaN,NaN,NaN,NaN,0,0,0.115925899508447,0.00570989494321615,65.9313235733187,0.000732083595675892,0.000647216146331786
LOS,15,10,10,20270109,14.9220442842615,15.2132782596706,14.9220442842615,14.9220442842615,14.9220442842615,-0.0779557157384634,0.213278259670645,-0.0779557157384634,-0.0779557157384634,-0.0779557157384634,0,0,0,insufficient_gain,insufficient_gain,v3_insufficient_gain,NaN,NaN,NaN,NaN,0,0,0.00333517696891729,0.122415585044849,7.20919725674757,0.000305408851832611,0.000304390259263876
LOS,15,10,11,20270109,15.0700879690611,15.7335139123182,15.0700879690611,15.0700879690611,15.0700879690611,0.0700879690610954,0.733513912318209,0.0700879690610954,0.0700879690610954,0.0700879690610954,0,0,0,insufficient_gain,insufficient_gain,v3_insufficient_gain,NaN,NaN,NaN,NaN,0,0,0.303667965492813,0.148828992357548,13.8151724271322,0.000161066251602948,0.000112155590669127
LOS,15,10,12,20270109,14.9764409168125,15.3660019104929,14.9764409168125,14.9764409168125,14.9764409168125,-0.0235590831874699,0.366001910492869,-0.0235590831874699,-0.0235590831874699,-0.0235590831874699,0,0,0,insufficient_gain,insufficient_gain,v3_insufficient_gain,NaN,NaN,NaN,NaN,0,0,0.00308662552111906,0.161377389943423,7.01389298961659,0.000316675271887279,0.000315697813911164
LOS,15,10,13,20270109,14.9639243565136,14.8759671666902,14.9639243565136,14.9639243565136,14.9639243565136,-0.0360756434864165,-0.124032833309798,-0.0360756434864165,-0.0360756434864165,-0.0360756434864165,0,0,0,candidate_invalid,candidate_invalid,v3_candidate_invalid,NaN,NaN,NaN,NaN,0,0,0.0670977281778935,0.0178972503042744,23.105886682498,0.00031596492540209,0.000294764396723712
LOS,15,10,14,20270109,14.9932455222613,16.1044646180244,14.9932455222613,14.9932455222613,14.9932455222613,-0.00675447773866367,1.10446461802443,-0.00675447773866367,-0.00675447773866367,-0.00675447773866367,0,0,0,insufficient_gain,insufficient_gain,v3_insufficient_gain,NaN,NaN,NaN,NaN,0,0,0.16326066227439,0.287258170201266,9.79222647247953,0.000253282713692959,0.000211931610112792
LOS,15,10,15,20270109,14.8952091614481,14.2160393413531,14.8952091614481,14.8952091614481,14.8952091614481,-0.104790838551905,-0.78396065864694,-0.104790838551905,-0.104790838551905,-0.104790838551905,0,0,0,insufficient_gain,insufficient_gain,v3_insufficient_gain,NaN,NaN,NaN,NaN,0,0,0.0759019188637079,0.181042137010772,15.6578765084577,0.000852547190173913,0.000787837222517851
LOS,15,10,16,20270109,14.9542834226731,14.4735841725187,14.9542834226731,14.9542834226731,14.9542834226731,-0.0457165773269299,-0.526415827481252,-0.0457165773269299,-0.0457165773269299,-0.0457165773269299,0,0,0,insufficient_gain,insufficient_gain,v3_insufficient_gain,NaN,NaN,NaN,NaN,0,0,0.100188076698166,0.1527027473267,13.6970204931468,0.000453341701403875,0.000407922268253147
LOS,15,10,17,20270109,15.0220311133107,15.4864583764524,15.0220311133107,15.0220311133107,15.0220311133107,0.0220311133107263,0.486458376452426,0.0220311133107263,0.0220311133107263,0.0220311133107263,0,0,0,insufficient_gain,insufficient_gain,v3_insufficient_gain,NaN,NaN,NaN,NaN,0,0,0.00771176972005811,0.127802289520999,11.2531108849805,0.000707321360080115,0.000701866660633099
LOS,15,10,18,20270109,14.987681446922,14.7153925903172,14.987681446922,14.987681446922,14.987681446922,-0.0123185530780301,-0.284607409682753,-0.0123185530780301,-0.0123185530780301,-0.0123185530780301,0,0,0,insufficient_gain,insufficient_gain,v3_insufficient_gain,NaN,NaN,NaN,NaN,0,0,0.315928033840245,0.0465395374089668,26.9099038409227,0.000326112193436368,0.000223084209352686
LOS,15,10,19,20270109,14.9814829323037,15.5431605467377,14.9814829323037,14.9814829323037,14.9814829323037,-0.018517067696262,0.543160546737688,-0.018517067696262,-0.018517067696262,-0.018517067696262,0,0,0,insufficient_gain,insufficient_gain,v3_insufficient_gain,NaN,NaN,NaN,NaN,0,0,0.274082166486667,0.110281584996634,17.164308528605,0.000323652878248204,0.000234945396188291
LOS,15,10,20,20270109,15.0993082959267,15.8056427717288,15.0993082959267,15.0993082959267,15.0993082959267,0.0993082959266971,0.805642771728825,0.0993082959266971,0.0993082959266971,0.0993082959266971,0,0,0,insufficient_gain,insufficient_gain,v3_insufficient_gain,NaN,NaN,NaN,NaN,0,0,0.0684939724297902,0.181193396836547,11.3784433593414,0.000362012252699717,0.000337216595444056
LOS,15,10,21,20270109,14.9654084894022,14.7838410928091,14.9654084894022,14.9654084894022,14.9654084894022,-0.0345915105977568,-0.216158907190874,-0.0345915105977568,-0.0345915105977568,-0.0345915105977568,0,0,0,insufficient_gain,insufficient_gain,v3_insufficient_gain,NaN,NaN,NaN,NaN,0,0,0.0621856531373653,0.0302792749935884,25.8260966853688,0.000668399778635198,0.000626834901843898
LOS,15,10,22,20270109,14.988274647692,14.6491053358969,14.988274647692,14.988274647692,14.988274647692,-0.0117253523080389,-0.350894664103063,-0.0117253523080389,-0.0117253523080389,-0.0117253523080389,0,0,0,insufficient_gain,insufficient_gain,v3_insufficient_gain,NaN,NaN,NaN,NaN,0,0,0.230525630140416,0.0887319152878826,16.2434768390342,0.000291634176105671,0.00022440502388843
LOS,15,10,23,20270109,15.0123092352986,14.9581489330761,15.0123092352986,15.0123092352986,15.0123092352986,0.0123092352985736,-0.0418510669239396,0.0123092352985736,0.0123092352985736,0.0123092352985736,0,0,0,candidate_invalid,candidate_invalid,v3_candidate_invalid,NaN,NaN,NaN,NaN,0,0,0.139957106773003,0.0124476699902529,28.9357020588097,0.000334682158156907,0.000287841011612722
LOS,15,10,24,20270109,15.0306543864887,15.8001259131922,15.0306543864887,15.0306543864887,15.0306543864887,0.0306543864886919,0.800125913192236,0.0306543864886919,0.0306543864886919,0.0306543864886919,0,0,0,insufficient_gain,insufficient_gain,v3_insufficient_gain,NaN,NaN,NaN,NaN,0,0,0.0326016688024815,0.251793989503818,8.02852534741419,0.00050930489226042,0.000492700702843463
LOS,15,10,25,20270109,15.0136930312156,15.5787642786562,15.0136930312156,15.0136930312156,15.0136930312156,0.0136930312156149,0.578764278656195,0.0136930312156149,0.0136930312156149,0.0136930312156149,0,0,0,insufficient_gain,insufficient_gain,v3_insufficient_gain,NaN,NaN,NaN,NaN,0,0,0.0426516150112668,0.169549973176545,9.95286554361002,0.000676771880186999,0.000647906466502812
LOS,15,10,26,20270109,14.952153868034,15.5706617832577,14.952153868034,14.952153868034,14.952153868034,-0.0478461319660273,0.570661783257652,-0.0478461319660273,-0.0478461319660273,-0.0478461319660273,0,0,0,insufficient_gain,insufficient_gain,v3_insufficient_gain,NaN,NaN,NaN,NaN,0,0,0.0858278410075314,0.132924932426272,14.9039212684513,0.000503820390405307,0.000460578574041248
LOS,15,10,27,20270109,14.9719328342941,15.1972452333196,14.9719328342941,14.9719328342941,14.9719328342941,-0.0280671657058527,0.197245233319645,-0.0280671657058527,-0.0280671657058527,-0.0280671657058527,0,0,0,insufficient_gain,insufficient_gain,v3_insufficient_gain,NaN,NaN,NaN,NaN,0,0,0.0413815219873636,0.13216918362966,6.51493008177268,0.000369775058040256,0.000354473203345584
LOS,15,10,28,20270109,14.9553868785355,15.3912388859577,14.9553868785355,14.9553868785355,14.9553868785355,-0.0446131214644527,0.391238885957662,-0.0446131214644527,-0.0446131214644527,-0.0446131214644527,0,0,0,candidate_invalid,candidate_invalid,v3_candidate_invalid,NaN,NaN,NaN,NaN,0,0,0,0.234006128117505,5.00016830642114,0.000354849341049013,0.000355523320485718
LOS,15,10,29,20270109,14.9655263242852,15.2010218666993,14.9655263242852,14.9655263242852,14.9655263242852,-0.0344736757147857,0.201021866699321,-0.0344736757147857,-0.0344736757147857,-0.0344736757147857,0,0,0,candidate_invalid,candidate_invalid,v3_candidate_invalid,NaN,NaN,NaN,NaN,0,0,0,0.137213195661502,5.00212579033831,0.000409882448007659,0.000410317430109997
LOS,15,10,30,20270109,14.9718915536697,15.0830728372085,14.9718915536697,14.9718915536697,14.9718915536697,-0.0281084463302683,0.083072837208487,-0.0281084463302683,-0.0281084463302683,-0.0281084463302683,0,0,0,insufficient_gain,insufficient_gain,v3_insufficient_gain,NaN,NaN,NaN,NaN,0,0,0.00606694524059067,0.0849783525128104,5.04068523302827,0.00037160815797499,0.000369353631629599
LOS,15,10,31,20270109,15.0132639186737,14.9889736815546,15.0132639186737,15.0132639186737,15.0132639186737,0.0132639186736743,-0.0110263184454062,0.0132639186736743,0.0132639186736743,0.0132639186736743,0,0,0,insufficient_gain,insufficient_gain,v3_insufficient_gain,NaN,NaN,NaN,NaN,0,0,0.0648442022720912,0.167709492844467,6.07524147594325,0.000372227446548523,0.000348090654713307
LOS,15,10,32,20270109,14.9535858538444,15.336457707749,14.9535858538444,14.9535858538444,14.9535858538444,-0.0464141461555698,0.336457707749005,-0.0464141461555698,-0.0464141461555698,-0.0464141461555698,0,0,0,insufficient_gain,insufficient_gain,v3_insufficient_gain,NaN,NaN,NaN,NaN,0,0,0.0945286758734348,0.200891095311853,6.83881170671126,0.000624192321142081,0.000565188247534154
LOS,15,10,33,20270109,15.0365863332917,14.9200050550691,15.0365863332917,15.0365863332917,15.0365863332917,0.03658633329173,-0.0799949449309292,0.03658633329173,0.03658633329173,0.03658633329173,0,0,0,insufficient_gain,insufficient_gain,v3_insufficient_gain,NaN,NaN,NaN,NaN,0,0,0.0236355602693688,0.06247427865882,8.70277443134404,0.000349566565831072,0.000341304364196215
LOS,15,10,34,20270109,15.0225684654772,14.9181618325544,15.0225684654772,15.0225684654772,15.0225684654772,0.0225684654772067,-0.0818381674456248,0.0225684654772067,0.0225684654772067,0.0225684654772067,0,0,0,candidate_invalid,candidate_invalid,v3_candidate_invalid,NaN,NaN,NaN,NaN,0,0,0.138652483361951,0.0166592740477651,30.5185728212411,0.00044029332171136,0.000379245559248398
LOS,15,10,35,20270109,14.9142390805331,14.8093923683031,14.9142390805331,14.9142390805331,14.9142390805331,-0.0857609194669262,-0.190607631696894,-0.0857609194669262,-0.0857609194669262,-0.0857609194669262,0,0,0,candidate_invalid,candidate_invalid,v3_candidate_invalid,NaN,NaN,NaN,NaN,0,0,0.241224600334533,0.0179435014855862,39.4168575790858,0.000589864682902563,0.000447574810517937
LOS,15,10,36,20270109,14.9863055536181,15.8077009050839,14.9863055536181,14.9863055536181,14.9863055536181,-0.0136944463819173,0.807700905083905,-0.0136944463819173,-0.0136944463819173,-0.0136944463819173,0,0,0,insufficient_gain,insufficient_gain,v3_insufficient_gain,NaN,NaN,NaN,NaN,0,0,0.152098884988156,0.189443038544418,12.7716366183331,0.000231827799683115,0.000196567049842056
LOS,15,10,37,20270109,14.9315139679931,15.3109773068881,14.9315139679931,14.9315139679931,14.9315139679931,-0.0684860320069287,0.310977306888073,-0.0684860320069287,-0.0684860320069287,-0.0684860320069287,0,0,0,insufficient_gain,insufficient_gain,v3_insufficient_gain,NaN,NaN,NaN,NaN,0,0,0.0458484005385652,0.0618001864724241,22.6520975438995,0.000764638846203258,0.000729581378115185
LOS,15,10,38,20270109,14.9018285642668,15.9755552679588,14.9018285642668,14.9018285642668,14.9018285642668,-0.098171435733196,0.975555267958846,-0.098171435733196,-0.098171435733196,-0.098171435733196,0,0,0,insufficient_gain,insufficient_gain,v3_insufficient_gain,NaN,NaN,NaN,NaN,0,0,0.483902220207329,0.180985129711559,19.044140668903,0.000567091639530171,0.000292674736100507
LOS,15,10,39,20270109,14.9566224229429,14.5017462136468,14.9566224229429,14.9566224229429,14.9566224229429,-0.043377577057095,-0.498253786353189,-0.043377577057095,-0.043377577057095,-0.043377577057095,0,0,0,insufficient_gain,insufficient_gain,v3_insufficient_gain,NaN,NaN,NaN,NaN,0,0,0.0599384358924878,0.0817019092041616,22.9872299198671,0.000615237919687761,0.000578361521079929
LOS,15,10,40,20270109,15.0195569501682,14.9295442617703,15.0195569501682,15.0195569501682,15.0195569501682,0.0195569501682176,-0.0704557382296969,0.0195569501682176,0.0195569501682176,0.0195569501682176,0,0,0,insufficient_gain,insufficient_gain,v3_insufficient_gain,NaN,NaN,NaN,NaN,0,0,0.00300849829467557,0.109255523590699,5.02244293916925,0.000489060574139444,0.000487589236236152
LOS,15,10,41,20270109,15.0039176995939,15.6908009672965,15.0039176995939,15.0039176995939,15.0039176995939,0.00391769959392896,0.690800967296511,0.00391769959392896,0.00391769959392896,0.00391769959392896,0,0,0,insufficient_gain,insufficient_gain,v3_insufficient_gain,NaN,NaN,NaN,NaN,0,0,0.0587496871201917,0.178618282849583,11.2367503646695,0.000326027443157129,0.000306873432879051
LOS,15,10,42,20270109,14.9965279356384,15.1851455106853,14.9965279356384,14.9965279356384,14.9965279356384,-0.00347206436156,0.185145510685309,-0.00347206436156,-0.00347206436156,-0.00347206436156,0,0,0,insufficient_gain,insufficient_gain,v3_insufficient_gain,NaN,NaN,NaN,NaN,0,0,0.0110296213519477,0.0387244048821888,17.1147708895293,0.000519265423760018,0.000513538122754786
LOS,15,10,43,20270109,15.0228524873497,14.5549537387776,15.0228524873497,15.0228524873497,15.0228524873497,0.02285248734972,-0.445046261222416,0.02285248734972,0.02285248734972,0.02285248734972,0,0,0,insufficient_gain,insufficient_gain,v3_insufficient_gain,NaN,NaN,NaN,NaN,0,0,0.188484334841314,0.127924052241211,15.0110394312823,0.000486169952318649,0.000394534532236035
LOS,15,10,44,20270109,15.0434473934322,13.5647874744948,15.0434473934322,15.0434473934322,15.0434473934322,0.0434473934322206,-1.43521252550516,0.0434473934322206,0.0434473934322206,0.0434473934322206,0,0,0,insufficient_gain,insufficient_gain,v3_insufficient_gain,NaN,NaN,NaN,NaN,0,0,0.435162576972208,0.405373988914765,18.7549288498172,0.000683651042699518,0.000386151693208658
LOS,15,10,45,20270109,15.0367661565646,14.9472822631056,15.0367661565646,15.0367661565646,15.0367661565646,0.0367661565645605,-0.0527177368944223,0.0367661565645605,0.0367661565645605,0.0367661565645605,0,0,0,insufficient_gain,insufficient_gain,v3_insufficient_gain,NaN,NaN,NaN,NaN,0,0,0.0323999177156593,0.02550610610378,18.5726337343502,0.000681842769203023,0.000659751119585827
LOS,15,10,46,20270109,15.0121157475161,14.7064846220021,15.0121157475161,15.0121157475161,15.0121157475161,0.0121157475161002,-0.293515377997906,0.0121157475161002,0.0121157475161002,0.0121157475161002,0,0,0,insufficient_gain,insufficient_gain,v3_insufficient_gain,NaN,NaN,NaN,NaN,0,0,0.0881273183629335,0.0556022113412123,22.0494360910928,0.000578736076276565,0.000527733617834425
LOS,15,10,47,20270109,14.9809634198996,15.7387729453119,14.9809634198996,14.9809634198996,14.9809634198996,-0.0190365801004031,0.738772945311929,-0.0190365801004031,-0.0190365801004031,-0.0190365801004031,0,0,0,insufficient_gain,insufficient_gain,v3_insufficient_gain,NaN,NaN,NaN,NaN,0,0,0.132793492045672,0.148966356054585,16.0011298127927,0.000461971545361983,0.00040062473062763
LOS,15,10,48,20270109,15.0132948327345,15.0019206439759,15.0132948327345,15.0132948327345,15.0132948327345,0.013294832734509,0.00192064397593406,0.013294832734509,0.013294832734509,0.013294832734509,0,0,0,insufficient_gain,insufficient_gain,v3_insufficient_gain,NaN,NaN,NaN,NaN,0,0,0.00117505086680564,0.0473843723567881,5.73465168452314,0.00037808322851407,0.00037763896148868
LOS,15,10,49,20270109,15.0205377083048,15.7707534971463,15.0205377083048,15.0205377083048,15.0205377083048,0.0205377083047757,0.770753497146302,0.0205377083047757,0.0205377083047757,0.0205377083047757,0,0,0,insufficient_gain,insufficient_gain,v3_insufficient_gain,NaN,NaN,NaN,NaN,0,0,0.108249337490126,0.16853198209333,13.4300073469046,0.000362418870371695,0.000323187267760039
LOS,15,10,50,20270109,14.9655844278664,15.541471128268,14.9655844278664,14.9655844278664,14.9655844278664,-0.0344155721335788,0.54147112826805,-0.0344155721335788,-0.0344155721335788,-0.0344155721335788,0,0,0,insufficient_gain,insufficient_gain,v3_insufficient_gain,NaN,NaN,NaN,NaN,0,0,0.124610604058506,0.107809577920089,18.4087939576493,0.000648365577259113,0.000567572351026113
LOS,20,10,1,20270109,19.9980910778186,19.997681256591,19.9980910778186,19.9980910778186,19.9980910778186,-0.00190892218135019,-0.00231874340899196,-0.00190892218135019,-0.00190892218135019,-0.00190892218135019,0,0,0,candidate_invalid,candidate_invalid,v3_candidate_invalid,NaN,NaN,NaN,NaN,0,0,0.0783785354076265,0.00415101692566212,85.5046432593547,0.0004187046859776,0.000385887225922366
LOS,20,10,2,20270109,19.9754822332193,19.8395244874155,19.9754822332193,19.9754822332193,19.9754822332193,-0.0245177667807432,-0.160475512584512,-0.0245177667807432,-0.0245177667807432,-0.0245177667807432,0,0,0,insufficient_gain,insufficient_gain,v3_insufficient_gain,NaN,NaN,NaN,NaN,0,0,0.0275367256409933,0.0226837613742273,23.2541078757378,0.000203255368240063,0.000197658380929777
LOS,20,10,3,20270109,19.9530393805685,20.2207072569276,19.9530393805685,19.9530393805685,19.9530393805685,-0.0469606194314558,0.220707256927561,-0.0469606194314558,-0.0469606194314558,-0.0469606194314558,0,0,0,insufficient_gain,insufficient_gain,v3_insufficient_gain,NaN,NaN,NaN,NaN,0,0,0.0453099947248678,0.0432476136728792,24.341993115657,0.000472311562928374,0.000450911128503595
LOS,20,10,4,20270109,19.9611443048442,19.8616549595171,19.9611443048442,19.9611443048442,19.9611443048442,-0.0388556951557639,-0.138345040482886,-0.0388556951557639,-0.0388556951557639,-0.0388556951557639,0,0,0,candidate_invalid,candidate_invalid,v3_candidate_invalid,NaN,NaN,NaN,NaN,0,0,0.113730241155174,0.0137513400657555,45.9561090818487,0.000428107065876038,0.000379418346033722
LOS,20,10,5,20270109,20.0218171438212,20.5729306045347,20.0218171438212,20.0218171438212,20.0218171438212,0.0218171438212238,0.572930604534662,0.0218171438212238,0.0218171438212238,0.0218171438212238,0,0,0,insufficient_gain,insufficient_gain,v3_insufficient_gain,NaN,NaN,NaN,NaN,0,0,0.0772983723501353,0.123536427246405,14.4231557424973,0.000379539168906318,0.000350201408906736
LOS,20,10,6,20270109,19.9556852927456,19.9566190336985,19.9556852927456,19.9556852927456,19.9556852927456,-0.0443147072543546,-0.0433809663014557,-0.0443147072543546,-0.0443147072543546,-0.0443147072543546,0,0,0,candidate_invalid,candidate_invalid,v3_candidate_invalid,NaN,NaN,NaN,NaN,0,0,0.386347988188205,0.00794987593897424,89.9581462628129,0.000305850347234848,0.000187685680894001
LOS,20,10,7,20270109,19.9599137212883,20.5669916875749,19.9599137212883,19.9599137212883,19.9599137212883,-0.0400862787117369,0.566991687574856,-0.0400862787117369,-0.0400862787117369,-0.0400862787117369,0,0,0,insufficient_gain,insufficient_gain,v3_insufficient_gain,NaN,NaN,NaN,NaN,0,0,0.165990540561225,0.107289455134764,19.284918566081,0.000358500651187255,0.000298992934305131
LOS,20,10,8,20270109,19.9953985897344,20.2196203069904,19.9953985897344,19.9953985897344,19.9953985897344,-0.00460141026556116,0.21962030699035,-0.00460141026556116,-0.00460141026556116,-0.00460141026556116,0,0,0,insufficient_gain,insufficient_gain,v3_insufficient_gain,NaN,NaN,NaN,NaN,0,0,0.0141243964111402,0.057644505345388,13.0983467525656,0.000182254747069122,0.000179680508773705
LOS,20,10,9,20270109,20.0131150001805,20.0038373120247,20.0131150001805,20.0131150001805,20.0131150001805,0.0131150001804592,0.00383731202470727,0.0131150001804592,0.0131150001804592,0.0131150001804592,0,0,0,candidate_invalid,candidate_invalid,v3_candidate_invalid,NaN,NaN,NaN,NaN,0,0,0.197364430554079,0.00386038669594711,99.9997495335937,0.000141346413278898,0.000113449658911247
LOS,20,10,10,20270109,19.9221477887674,19.9215986102063,19.9221477887674,19.9221477887674,19.9221477887674,-0.0778522112325888,-0.0784013897937008,-0.0778522112325888,-0.0778522112325888,-0.0778522112325888,0,0,0,candidate_invalid,candidate_invalid,v3_candidate_invalid,NaN,NaN,NaN,NaN,0,0,0,1.5036124491636e-12,48.8603123931947,0.000374996848853115,0.000374996848865328
LOS,20,10,11,20270109,19.9984335789765,19.9891023267335,19.9984335789765,19.9984335789765,19.9984335789765,-0.00156642102345472,-0.010897673266463,-0.00156642102345472,-0.00156642102345472,-0.00156642102345472,0,0,0,candidate_invalid,candidate_invalid,v3_candidate_invalid,NaN,NaN,NaN,NaN,0,0,0.0425331650816127,0.00367721403413355,99.9934781668535,0.000643517164809815,0.000616146343006108
LOS,20,10,12,20270109,19.9968887875079,20.560671178883,19.9968887875079,19.9968887875079,19.9968887875079,-0.00311121249205826,0.560671178883041,-0.00311121249205826,-0.00311121249205826,-0.00311121249205826,0,0,0,insufficient_gain,insufficient_gain,v3_insufficient_gain,NaN,NaN,NaN,NaN,0,0,0.0835597290654429,0.117219039959769,15.7135391199542,0.000521373949700532,0.000477808083721776
LOS,20,10,13,20270109,20.0363937998024,20.0400455081502,20.0363937998024,20.0363937998024,20.0363937998024,0.03639379980239,0.0400455081502074,0.03639379980239,0.03639379980239,0.03639379980239,0,0,0,candidate_invalid,candidate_invalid,v3_candidate_invalid,NaN,NaN,NaN,NaN,0,0,0.207670430506587,0.00695587365231067,89.9799889409264,0.000424979248795587,0.000336723625241842
LOS,20,10,14,20270109,20.0000234598749,19.8342992253751,20.0000234598749,20.0000234598749,20.0000234598749,2.34598748889425e-05,-0.165700774624909,2.34598748889425e-05,2.34598748889425e-05,2.34598748889425e-05,0,0,0,insufficient_gain,insufficient_gain,v3_insufficient_gain,NaN,NaN,NaN,NaN,0,0,0.00284451460207408,0.117737009204733,5.39854181055409,0.000525311976764975,0.000523817719176423
LOS,20,10,15,20270109,19.9478316530083,19.9259112614486,19.9478316530083,19.9478316530083,19.9478316530083,-0.0521683469916567,-0.0740887385513886,-0.0521683469916567,-0.0521683469916567,-0.0521683469916567,0,0,0,candidate_invalid,candidate_invalid,v3_candidate_invalid,NaN,NaN,NaN,NaN,0,0,0.000354897450494516,0.0140149398548514,6.62241916425758,0.00051831572394101,0.000518131775012032
LOS,20,10,16,20270109,19.968105851309,20.2498811890103,19.968105851309,19.968105851309,19.968105851309,-0.0318941486910269,0.249881189010324,-0.0318941486910269,-0.0318941486910269,-0.0318941486910269,0,0,0,insufficient_gain,insufficient_gain,v3_insufficient_gain,NaN,NaN,NaN,NaN,0,0,0.00891206185242551,0.150926407324642,5.83723125420091,0.00055878892186545,0.000553808960431335
LOS,20,10,17,20270109,19.9380403722708,19.9380807569434,19.9380403722708,19.9380403722708,19.9380403722708,-0.0619596277292374,-0.0619192430566144,-0.0619596277292374,-0.0619596277292374,-0.0619596277292374,0,0,0,candidate_invalid,candidate_invalid,v3_candidate_invalid,NaN,NaN,NaN,NaN,0,0,1.80738343554332e-12,1.25624542910677e-13,48.4897807671449,0.000614270886183821,0.000614270886182711
LOS,20,10,18,20270109,20.060134459453,20.4785757584216,20.060134459453,20.060134459453,20.060134459453,0.0601344594529678,0.478575758421577,0.0601344594529678,0.0601344594529678,0.0601344594529678,0,0,0,insufficient_gain,insufficient_gain,v3_insufficient_gain,NaN,NaN,NaN,NaN,0,0,0.0400407274576579,0.107936415714383,12.4923136391127,0.000268373925087939,0.000257628037896751
LOS,20,10,19,20270109,20.0349705009304,20.2964317376863,20.0349705009304,20.0349705009304,20.0349705009304,0.0349705009303918,0.296431737686284,0.0349705009303918,0.0349705009303918,0.0349705009303918,0,0,0,insufficient_gain,insufficient_gain,v3_insufficient_gain,NaN,NaN,NaN,NaN,0,0,0.00541999749277393,0.11605921058588,7.07321636509302,0.000840083710707429,0.000835530459101674
LOS,20,10,20,20270109,20.0478263818411,20.0665812375587,20.0478263818411,20.0478263818411,20.0478263818411,0.0478263818411016,0.0665812375586867,0.0478263818411016,0.0478263818411016,0.0478263818411016,0,0,0,candidate_invalid,candidate_invalid,v3_candidate_invalid,NaN,NaN,NaN,NaN,0,0,0.555469527300407,0.00990231147420693,91.2752638818031,0.000397308854915623,0.000176615893083376
LOS,20,10,21,20270109,20.0832822193834,19.8207651613613,20.0832822193834,20.0832822193834,20.0832822193834,0.0832822193833529,-0.179234838638664,0.0832822193833529,0.0832822193833529,0.0832822193833529,0,0,0,insufficient_gain,insufficient_gain,v3_insufficient_gain,NaN,NaN,NaN,NaN,0,0,0.0787730127706117,0.0409477745534832,27.117030913448,0.000564440938559674,0.000519978225298257
LOS,20,10,22,20270109,19.9313753323718,19.8107541963065,19.9313753323718,19.9313753323718,19.9313753323718,-0.0686246676281606,-0.189245803693517,-0.0686246676281606,-0.0686246676281606,-0.0686246676281606,0,0,0,insufficient_gain,insufficient_gain,v3_insufficient_gain,NaN,NaN,NaN,NaN,0,0,0.0207524049813218,0.090341946146104,7.65222719001239,0.000541097928946188,0.000529868845590142
LOS,20,10,23,20270109,20.0473890157105,20.5509221315737,20.0473890157105,20.0473890157105,20.0473890157105,0.0473890157105465,0.550922131573657,0.0473890157105465,0.0473890157105465,0.0473890157105465,0,0,0,insufficient_gain,insufficient_gain,v3_insufficient_gain,NaN,NaN,NaN,NaN,0,0,0.130356448253183,0.0825649023384498,22.4246663874697,0.000549497463890214,0.000477866926173354
LOS,20,10,24,20270109,19.9516708298357,19.9466241515997,19.9516708298357,19.9516708298357,19.9516708298357,-0.0483291701642869,-0.0533758484002647,-0.0483291701642869,-0.0483291701642869,-0.0483291701642869,0,0,0,candidate_invalid,candidate_invalid,v3_candidate_invalid,NaN,NaN,NaN,NaN,0,0,0.0350729771235821,0.00211551946802465,99.9694630315285,0.000212173224246381,0.000204731677606151
LOS,20,10,25,20270109,19.9523180158436,19.97557422224,19.9523180158436,19.9523180158436,19.9523180158436,-0.0476819841563589,-0.0244257777600083,-0.0476819841563589,-0.0476819841563589,-0.0476819841563589,0,0,0,insufficient_gain,insufficient_gain,v3_insufficient_gain,NaN,NaN,NaN,NaN,0,0,0.00546812087105678,0.0430957511899833,5.17308057978091,0.000342105578571505,0.000340234903917214
LOS,20,10,26,20270109,19.9637504895387,19.6824466091385,19.9637504895387,19.9637504895387,19.9637504895387,-0.0362495104612748,-0.317553390861455,-0.0362495104612748,-0.0362495104612748,-0.0362495104612748,0,0,0,insufficient_gain,insufficient_gain,v3_insufficient_gain,NaN,NaN,NaN,NaN,0,0,0.0517101658967573,0.0466588265522993,24.7540146770974,0.000463544987617359,0.000439574999407055
LOS,20,10,27,20270109,19.9770028551672,20.4392475971276,19.9770028551672,19.9770028551672,19.9770028551672,-0.0229971448328499,0.439247597127583,-0.0229971448328499,-0.0229971448328499,-0.0229971448328499,0,0,0,insufficient_gain,insufficient_gain,v3_insufficient_gain,NaN,NaN,NaN,NaN,0,0,0.0634865522854162,0.225676368550918,6.33614857077414,0.000738832515444487,0.000691926586322555
LOS,20,10,28,20270109,19.9906550268814,19.8147822107404,19.9906550268814,19.9906550268814,19.9906550268814,-0.00934497311864391,-0.18521778925961,-0.00934497311864391,-0.00934497311864391,-0.00934497311864391,0,0,0,insufficient_gain,insufficient_gain,v3_insufficient_gain,NaN,NaN,NaN,NaN,0,0,0.034930289142656,0.0354655068652962,20.3264055664154,0.00041473539493242,0.000400248567669736
LOS,20,10,29,20270109,20.0261578821904,20.4199921406511,20.0261578821904,20.0261578821904,20.0261578821904,0.0261578821904429,0.419992140651114,0.0261578821904429,0.0261578821904429,0.0261578821904429,0,0,0,insufficient_gain,insufficient_gain,v3_insufficient_gain,NaN,NaN,NaN,NaN,0,0,0.0685173291659153,0.108607697150379,12.4060797592765,0.000715128717707625,0.000666130007960453
LOS,20,10,30,20270109,20.0290802706196,20.6888101348538,20.0290802706196,20.0290802706196,20.0290802706196,0.0290802706195841,0.688810134853817,0.0290802706195841,0.0290802706195841,0.0290802706195841,0,0,0,insufficient_gain,insufficient_gain,v3_insufficient_gain,NaN,NaN,NaN,NaN,0,0,0.069967486244909,0.125585195749514,17.2212412979313,0.00069791503702521,0.000649083676272033
LOS,20,10,31,20270109,20.0163559850413,19.9247499946812,20.0163559850413,20.0163559850413,20.0163559850413,0.0163559850412938,-0.075250005318793,0.0163559850412938,0.0163559850412938,0.0163559850412938,0,0,0,candidate_invalid,candidate_invalid,v3_candidate_invalid,NaN,NaN,NaN,NaN,0,0,0.0686428779452384,0.0125735577413478,39.3134929970222,0.000356899267754729,0.000332400674879496
LOS,20,10,32,20270109,19.9820083747719,20.4912062678932,19.9820083747719,19.9820083747719,19.9820083747719,-0.0179916252280847,0.49120626789324,-0.0179916252280847,-0.0179916252280847,-0.0179916252280847,0,0,0,insufficient_gain,insufficient_gain,v3_insufficient_gain,NaN,NaN,NaN,NaN,0,0,0.293031902643914,0.0725560152525961,29.0694881276443,0.000678148723133765,0.000479429512518337
LOS,20,10,33,20270109,19.9973537301447,19.888819480763,19.9973537301447,19.9973537301447,19.9973537301447,-0.00264626985533312,-0.111180519237021,-0.00264626985533312,-0.00264626985533312,-0.00264626985533312,0,0,0,insufficient_gain,insufficient_gain,v3_insufficient_gain,NaN,NaN,NaN,NaN,0,0,0.130309454951814,0.272037696644644,5.88200698433562,0.000343304113310738,0.0002985683414225
LOS,20,10,34,20270109,19.9764445139989,20.0876491753806,19.9764445139989,19.9764445139989,19.9764445139989,-0.0235554860011007,0.0876491753805553,-0.0235554860011007,-0.0235554860011007,-0.0235554860011007,0,0,0,insufficient_gain,insufficient_gain,v3_insufficient_gain,NaN,NaN,NaN,NaN,0,0,0.00790216295250772,0.0950517260292795,5.00001521010393,0.000184614238422309,0.000183155386626943
LOS,20,10,35,20270109,19.9703420685511,20.996090176245,19.9703420685511,19.9703420685511,19.9703420685511,-0.0296579314489414,0.996090176244984,-0.0296579314489414,-0.0296579314489414,-0.0296579314489414,0,0,0,insufficient_gain,insufficient_gain,v3_insufficient_gain,NaN,NaN,NaN,NaN,0,0,0.122591356960793,0.274630716230822,9.6646461969502,0.000345875154674546,0.00030347385012397
LOS,20,10,36,20270109,20.0050328194849,20.8147016189772,20.0050328194849,20.0050328194849,20.0050328194849,0.00503281948492429,0.81470161897721,0.00503281948492429,0.00503281948492429,0.00503281948492429,0,0,0,insufficient_gain,insufficient_gain,v3_insufficient_gain,NaN,NaN,NaN,NaN,0,0,0.0429455878622261,0.23542819966238,9.31342662082162,0.000381853861137094,0.0003654549225931
LOS,20,10,37,20270109,19.9616583037317,19.9582461568512,19.9616583037317,19.9616583037317,19.9616583037317,-0.0383416962682652,-0.0417538431487685,-0.0383416962682652,-0.0383416962682652,-0.0383416962682652,0,0,0,candidate_invalid,candidate_invalid,v3_candidate_invalid,NaN,NaN,NaN,NaN,0,0,0,3.88605149791362e-14,48.8986142734618,0.000816123906419053,0.000816123906419719
LOS,20,10,38,20270109,20.004359518929,20.2514408288234,20.004359518929,20.004359518929,20.004359518929,0.00435951892902509,0.251440828823377,0.00435951892902509,0.00435951892902509,0.00435951892902509,0,0,0,insufficient_gain,insufficient_gain,v3_insufficient_gain,NaN,NaN,NaN,NaN,0,0,0.0433467496604829,0.0387053736020679,25.4041700170603,0.000565900799350816,0.000541370839068689
LOS,20,10,39,20270109,19.9842145780565,19.8307116074845,19.9842145780565,19.9842145780565,19.9842145780565,-0.0157854219435016,-0.169288392515504,-0.0157854219435016,-0.0157854219435016,-0.0157854219435016,0,0,0,insufficient_gain,insufficient_gain,v3_insufficient_gain,NaN,NaN,NaN,NaN,0,0,0.38818632851254,0.0321888155753624,32.5236311143791,0.000697169553035115,0.000426537863891685
LOS,20,10,40,20270109,20.0444728546458,20.2974495195326,20.0444728546458,20.0444728546458,20.0444728546458,0.0444728546457647,0.297449519532577,0.0444728546457647,0.0444728546457647,0.0444728546457647,0,0,0,insufficient_gain,insufficient_gain,v3_insufficient_gain,NaN,NaN,NaN,NaN,0,0,0.0308002231098745,0.0538123949305034,16.9978538225568,0.000909571474234427,0.00088155646989363
LOS,20,10,41,20270109,20.0143581627966,19.896883160959,20.0143581627966,20.0143581627966,20.0143581627966,0.0143581627965794,-0.103116839041018,0.0143581627965794,0.0143581627965794,0.0143581627965794,0,0,0,insufficient_gain,insufficient_gain,v3_insufficient_gain,NaN,NaN,NaN,NaN,0,0,0.054864230317485,0.0616893275666331,11.8321361279434,0.000510565278129649,0.000482553507118233
LOS,20,10,42,20270109,20.0350415840404,19.0163109213374,20.0350415840404,20.0350415840404,20.0350415840404,0.0350415840403535,-0.983689078662636,0.0350415840403535,0.0350415840403535,0.0350415840403535,0,0,0,insufficient_gain,insufficient_gain,v3_insufficient_gain,NaN,NaN,NaN,NaN,0,0,0.153749766044752,0.220564115613439,20.2446812418289,0.000328449134879394,0.000277950157234086
LOS,20,10,43,20270109,20.0147796015046,20.0105578737765,20.0147796015046,20.0147796015046,20.0147796015046,0.014779601504646,0.0105578737764596,0.014779601504646,0.014779601504646,0.014779601504646,0,0,0,candidate_invalid,candidate_invalid,v3_candidate_invalid,NaN,NaN,NaN,NaN,0,0,0,4.76430367998916e-13,49.0114903688255,0.000383898124167059,0.000383898124169724
LOS,20,10,44,20270109,20.0207712000904,20.3236593529988,20.0207712000904,20.0207712000904,20.0207712000904,0.0207712000904472,0.323659352998789,0.0207712000904472,0.0207712000904472,0.0207712000904472,0,0,0,insufficient_gain,insufficient_gain,v3_insufficient_gain,NaN,NaN,NaN,NaN,0,0,0.0722298387551193,0.22065854333391,5.00000471303854,0.00032814623652988,0.000304444286777228
LOS,20,10,45,20270109,19.9934487860777,20.6503993979973,19.9934487860777,19.9934487860777,19.9934487860777,-0.00655121392226832,0.650399397997312,-0.00655121392226832,-0.00655121392226832,-0.00655121392226832,0,0,0,insufficient_gain,insufficient_gain,v3_insufficient_gain,NaN,NaN,NaN,NaN,0,0,0.106368093800191,0.147172117855135,13.793597162728,0.000224533604497479,0.000200650392992996
LOS,20,10,46,20270109,19.9374996419749,20.3254494456321,19.9374996419749,19.9374996419749,19.9374996419749,-0.0625003580251366,0.325449445632117,-0.0625003580251366,-0.0625003580251366,-0.0625003580251366,0,0,0,insufficient_gain,insufficient_gain,v3_insufficient_gain,NaN,NaN,NaN,NaN,0,0,0.488320855544277,0.0643648059254885,24.4653099929734,0.000329796568254936,0.000168750025889119
LOS,20,10,47,20270109,19.9711211429211,19.6324224561718,19.9711211429211,19.9711211429211,19.9711211429211,-0.0288788570789187,-0.367577543828197,-0.0288788570789187,-0.0288788570789187,-0.0288788570789187,0,0,0,insufficient_gain,insufficient_gain,v3_insufficient_gain,NaN,NaN,NaN,NaN,0,0,0.182974679116488,0.0485559101591937,31.3203913502003,0.000453969103241469,0.000370904252247062
LOS,20,10,48,20270109,19.9724694419836,20.0192317868284,19.9724694419836,19.9724694419836,19.9724694419836,-0.0275305580163874,0.0192317868284064,-0.0275305580163874,-0.0275305580163874,-0.0275305580163874,0,0,0,insufficient_gain,insufficient_gain,v3_insufficient_gain,NaN,NaN,NaN,NaN,0,0,0.0624914752200303,0.0287512854749178,14.2851747152222,0.000295203510397357,0.000276755807542495
LOS,20,10,49,20270109,19.9709643596307,19.9456669492086,19.9709643596307,19.9709643596307,19.9709643596307,-0.0290356403693259,-0.0543330507914028,-0.0290356403693259,-0.0290356403693259,-0.0290356403693259,0,0,0,candidate_invalid,candidate_invalid,v3_candidate_invalid,NaN,NaN,NaN,NaN,0,0,0.1481233960309,0.00711410053925678,73.2139158875971,0.000316900526185604,0.000269960144043013
LOS,20,10,50,20270109,19.9510307545207,19.6819921807798,19.9510307545207,19.9510307545207,19.9510307545207,-0.0489692454793484,-0.318007819220249,-0.0489692454793484,-0.0489692454793484,-0.0489692454793484,0,0,0,insufficient_gain,insufficient_gain,v3_insufficient_gain,NaN,NaN,NaN,NaN,0,0,0.0427669565643701,0.0894071769262454,12.2930660595228,0.000375405797778061,0.000359350834330474
LOS,1,20,1,20270109,0.96822615453246,0.969137887439604,0.96822615453246,0.96822615453246,0.96822615453246,-0.0317738454675397,-0.0308621125603958,-0.0317738454675397,-0.0317738454675397,-0.0317738454675397,0,0,0,candidate_invalid,candidate_invalid,v3_candidate_invalid,NaN,NaN,NaN,NaN,0,0,0,1.87796731699658e-13,98.5886739861917,8.20416201758878e-05,8.20416201778862e-05
LOS,1,20,2,20270109,1.02512465134195,1.44265567531512,1.02512465134195,1.02512465134195,1.02512465134195,0.0251246513419467,0.442655675315116,0.0251246513419467,0.0251246513419467,0.0251246513419467,0,0,0,insufficient_gain,insufficient_gain,v3_insufficient_gain,NaN,NaN,NaN,NaN,0,0,0.335429124780928,0.168672006779434,7.76182770500618,8.64797477979629e-05,5.74719216828168e-05
LOS,1,20,3,20270109,1.01516738937249,1.00079488489371,1.01516738937249,1.01516738937249,1.01516738937249,0.0151673893724946,0.000794884893706049,0.0151673893724946,0.0151673893724946,0.0151673893724946,0,0,0,candidate_invalid,candidate_invalid,v3_candidate_invalid,NaN,NaN,NaN,NaN,0,0,0.458687116279555,0.00478239557574841,99.8098614651859,9.51885060525015e-05,5.15267647083206e-05
LOS,1,20,4,20270109,1.01635565945277,1.62806258888566,1.62806258888566,1.01635565945277,1.34357237007299,0.0163556594527747,0.628062588885665,0.628062588885665,0.0163556594527747,0.343572370072993,1,0,1,two_path_selected,unstable_split_fit,soft_two_path_correction,0.006297891368027,0.877855392729643,10.5265263468113,0.877855392729643,0.534923988720512,0.534923988720512,0.67345458961284,0.104276357822199,20.7191326330602,0.000140881369991019,4.60041647796228e-05
LOS,1,20,5,20270109,0.98966272810761,1.4038090477278,0.98966272810761,0.98966272810761,0.98966272810761,-0.0103372718923895,0.403809047727796,-0.0103372718923895,-0.0103372718923895,-0.0103372718923895,0,0,0,insufficient_gain,insufficient_gain,v3_insufficient_gain,NaN,NaN,NaN,NaN,0,0,0.113338903776556,0.100802337079427,13.1827712679361,6.78766507007378e-05,6.01835855182919e-05
LOS,1,20,6,20270109,0.969940297769322,0.966769419707491,0.969940297769322,0.969940297769322,0.969940297769322,-0.0300597022306779,-0.0332305802925086,-0.0300597022306779,-0.0300597022306779,-0.0300597022306779,0,0,0,candidate_invalid,candidate_invalid,v3_candidate_invalid,NaN,NaN,NaN,NaN,0,0,0,6.91731030612059e-11,30.6977348596842,0.000245907750973773,0.000245907751045715
LOS,1,20,7,20270109,0.999559909210287,0.960564844325825,0.999559909210287,0.999559909210287,0.999559909210287,-0.000440090789712522,-0.0394351556741754,-0.000440090789712522,-0.000440090789712522,-0.000440090789712522,0,0,0,insufficient_gain,insufficient_gain,v3_insufficient_gain,NaN,NaN,NaN,NaN,0,0,0.0237407653487948,0.0327357668212886,8.62408766210122,0.000144278810075393,0.00014085352070059
LOS,1,20,8,20270109,1.01271314806283,1.01387603609398,1.01271314806283,1.01271314806283,1.01271314806283,0.0127131480628322,0.0138760360939758,0.0127131480628322,0.0127131480628322,0.0127131480628322,0,0,0,candidate_invalid,candidate_invalid,v3_candidate_invalid,NaN,NaN,NaN,NaN,0,0,0.00920970822407009,0.00118637456744229,99.9999486086469,0.000261931353860545,0.000259519042516754
LOS,1,20,9,20270109,1.01888273974599,1.01603978363091,1.01888273974599,1.01888273974599,1.01888273974599,0.0188827397459945,0.0160397836309127,0.0188827397459945,0.0188827397459945,0.0188827397459945,0,0,0,candidate_invalid,candidate_invalid,v3_candidate_invalid,NaN,NaN,NaN,NaN,0,0,0.0304825799582173,0.0017927701336198,99.9999807686393,0.000185542377297621,0.000179886566946008
LOS,1,20,10,20270109,0.997962758968916,0.686789793476257,0.997962758968916,0.997962758968916,0.997962758968916,-0.00203724103108416,-0.313210206523743,-0.00203724103108416,-0.00203724103108416,-0.00203724103108416,0,0,0,insufficient_gain,insufficient_gain,v3_insufficient_gain,NaN,NaN,NaN,NaN,0,0,0.246800122598684,0.0795748171222937,15.3387513780107,9.89216226903178e-05,7.45077540826866e-05
LOS,1,20,11,20270109,1.02853131660262,1.2088538098562,1.02853131660262,1.02853131660262,1.02853131660262,0.0285313166026235,0.208853809856197,0.0285313166026235,0.0285313166026235,0.0285313166026235,0,0,0,insufficient_gain,insufficient_gain,v3_insufficient_gain,NaN,NaN,NaN,NaN,0,0,0.00274194412730709,0.114013858397518,5.00021464997141,0.000123054152239455,0.000122716744629381
LOS,1,20,12,20270109,0.990943510232678,0.824533494825721,0.990943510232678,0.990943510232678,0.990943510232678,-0.00905648976732243,-0.175466505174279,-0.00905648976732243,-0.00905648976732243,-0.00905648976732243,0,0,0,insufficient_gain,insufficient_gain,v3_insufficient_gain,NaN,NaN,NaN,NaN,0,0,0.118803410548879,0.151395508529312,6.94328551697147,0.000132268107322364,0.000116554205065622
LOS,1,20,13,20270109,1.02259080259581,0.963928942104603,1.02259080259581,1.02259080259581,1.02259080259581,0.0225908025958086,-0.0360710578953973,0.0225908025958086,0.0225908025958086,0.0225908025958086,0,0,0,insufficient_gain,insufficient_gain,v3_insufficient_gain,NaN,NaN,NaN,NaN,0,0,0.103202067385742,0.0224910207573479,14.8125704830268,0.00013138069551677,0.000117821936124862
LOS,1,20,14,20270109,1.00776732005714,1.00106847189208,1.00776732005714,1.00776732005714,1.00776732005714,0.00776732005713776,0.00106847189207659,0.00776732005713776,0.00776732005713776,0.00776732005713776,0,0,0,candidate_invalid,candidate_invalid,v3_candidate_invalid,NaN,NaN,NaN,NaN,0,0,0.245757884725229,0.00394467635884141,99.5189741289971,0.000109567565840241,8.26404726248509e-05
LOS,1,20,15,20270109,0.996286573374627,0.984440423376416,0.996286573374627,0.996286573374627,0.996286573374627,-0.00371342662537255,-0.0155595766235841,-0.00371342662537255,-0.00371342662537255,-0.00371342662537255,0,0,0,candidate_invalid,candidate_invalid,v3_candidate_invalid,NaN,NaN,NaN,NaN,0,0,0.282774177140722,0.0073365092683265,37.121123894035,0.000157049766999373,0.000112640148365983
LOS,1,20,16,20270109,1.00034751229555,0.997920015107795,1.00034751229555,1.00034751229555,1.00034751229555,0.000347512295550301,-0.00207998489220496,0.000347512295550301,0.000347512295550301,0.000347512295550301,0,0,0,candidate_invalid,candidate_invalid,v3_candidate_invalid,NaN,NaN,NaN,NaN,0,0,0.160432699324542,0.00347001633930725,89.0515281253796,0.000143871076844659,0.000120789451631742
LOS,1,20,17,20270109,0.98725730967024,1.39171840306645,0.98725730967024,0.98725730967024,0.98725730967024,-0.0127426903297605,0.391718403066449,-0.0127426903297605,-0.0127426903297605,-0.0127426903297605,0,0,0,insufficient_gain,insufficient_gain,v3_insufficient_gain,NaN,NaN,NaN,NaN,0,0,0.165592576204318,0.107278955207174,12.2153799154063,0.000120475514769236,0.000100525663909057
LOS,1,20,18,20270109,1.02775117651111,0.962007520933442,1.02775117651111,1.02775117651111,1.02775117651111,0.0277511765111134,-0.0379924790665584,0.0277511765111134,0.0277511765111134,0.0277511765111134,0,0,0,insufficient_gain,insufficient_gain,v3_insufficient_gain,NaN,NaN,NaN,NaN,0,0,0.0138400082382909,0.0448797827622157,7.16649622374097,0.000197776566256191,0.000195039336949865
LOS,1,20,19,20270109,1.02176797706126,1.01671594162425,1.02176797706126,1.02176797706126,1.02176797706126,0.0217679770612564,0.0167159416242537,0.0217679770612564,0.0217679770612564,0.0217679770612564,0,0,0,candidate_invalid,candidate_invalid,v3_candidate_invalid,NaN,NaN,NaN,NaN,0,0,0.0969423656232141,0.00291277435736472,99.9848107611218,0.00017822470180584,0.00016094717760029
LOS,1,20,20,20270109,0.989090369022469,0.984861978691474,0.989090369022469,0.989090369022469,0.989090369022469,-0.0109096309775305,-0.0151380213085257,-0.0109096309775305,-0.0109096309775305,-0.0109096309775305,0,0,0,candidate_invalid,candidate_invalid,v3_candidate_invalid,NaN,NaN,NaN,NaN,0,0,0.0486342792474659,0.00210372603587974,99.9998944313673,0.000163509612708168,0.000155557440544074
LOS,1,20,21,20270109,0.998355552067816,1.58070435686805,0.998355552067816,0.998355552067816,0.998355552067816,-0.0016444479321841,0.580704356868051,-0.0016444479321841,-0.0016444479321841,-0.0016444479321841,0,0,0,insufficient_gain,insufficient_gain,v3_insufficient_gain,NaN,NaN,NaN,NaN,0,0,0.190475637238015,0.119244215324138,15.9622028663358,0.000195036973069662,0.000157887181339245
LOS,1,20,22,20270109,0.992086039824235,1.04700361970133,0.992086039824235,0.992086039824235,0.992086039824235,-0.00791396017576496,0.0470036197013282,-0.00791396017576496,-0.00791396017576496,-0.00791396017576496,0,0,0,candidate_invalid,candidate_invalid,v3_candidate_invalid,NaN,NaN,NaN,NaN,0,0,0.318791146366865,0.009085745348613,53.2597076733004,0.000145820606838543,9.93342884205717e-05
LOS,1,20,23,20270109,0.966094276843419,0.967637829251233,0.966094276843419,0.966094276843419,0.966094276843419,-0.0339057231565815,-0.032362170748767,-0.0339057231565815,-0.0339057231565815,-0.0339057231565815,0,0,0,candidate_invalid,candidate_invalid,v3_candidate_invalid,NaN,NaN,NaN,NaN,0,0,0.043759545019123,0.00250195064117297,99.9999991089339,0.000177075693607698,0.000169326941821479
LOS,1,20,24,20270109,0.989660396750182,0.981007108977145,0.989660396750182,0.989660396750182,0.989660396750182,-0.0103396032498176,-0.018992891022855,-0.0103396032498176,-0.0103396032498176,-0.0103396032498176,0,0,0,candidate_invalid,candidate_invalid,v3_candidate_invalid,NaN,NaN,NaN,NaN,0,0,0.518018471338762,0.00563076285508964,99.6564285750383,9.67706308512284e-05,4.66416565871874e-05
LOS,1,20,25,20270109,1.02840105842943,1.54190832681212,1.02840105842943,1.02840105842943,1.02840105842943,0.0284010584294339,0.541908326812116,0.0284010584294339,0.0284010584294339,0.0284010584294339,0,0,0,insufficient_gain,insufficient_gain,v3_insufficient_gain,NaN,NaN,NaN,NaN,0,0,0.0769764257840867,0.108721215579723,15.333487777826,0.000240204386582343,0.000221714311445576
LOS,1,20,26,20270109,1.05320823168942,0.973267017274595,1.05320823168942,1.05320823168942,1.05320823168942,0.0532082316894162,-0.0267329827254055,0.0532082316894162,0.0532082316894162,0.0532082316894162,0,0,0,candidate_invalid,candidate_invalid,v3_candidate_invalid,NaN,NaN,NaN,NaN,0,0,0.225845946002319,0.0133597721144411,32.3443658069711,0.000159135930707377,0.00012319572589381
LOS,1,20,27,20270109,1.00143889837372,0.995926677114916,1.00143889837372,1.00143889837372,1.00143889837372,0.0014388983737188,-0.00407332288508377,0.0014388983737188,0.0014388983737188,0.0014388983737188,0,0,0,candidate_invalid,candidate_invalid,v3_candidate_invalid,NaN,NaN,NaN,NaN,0,0,0.36353863523217,0.00519049322440856,99.9742414882135,0.000131048516414767,8.34073176081418e-05
LOS,1,20,28,20270109,1.0074081177495,0.999226307778075,1.0074081177495,1.0074081177495,1.0074081177495,0.00740811774950023,-0.000773692221924804,0.00740811774950023,0.00740811774950023,0.00740811774950023,0,0,0,candidate_invalid,candidate_invalid,v3_candidate_invalid,NaN,NaN,NaN,NaN,0,0,0.0561461517879119,0.00286136932024553,74.3385431989658,0.000211214974825902,0.000199356066789447
LOS,1,20,29,20270109,0.979985490320343,0.97537712747323,0.979985490320343,0.979985490320343,0.979985490320343,-0.0200145096796573,-0.0246228725267695,-0.0200145096796573,-0.0200145096796573,-0.0200145096796573,0,0,0,candidate_invalid,candidate_invalid,v3_candidate_invalid,NaN,NaN,NaN,NaN,0,0,0.131804926110797,0.00218816289837247,99.9998886730299,6.59099406223884e-05,5.72226857686875e-05
LOS,1,20,30,20270109,1.01536195514377,1.0088529529809,1.01536195514377,1.01536195514377,1.01536195514377,0.0153619551437736,0.00885295298089517,0.0153619551437736,0.0153619551437736,0.0153619551437736,0,0,0,candidate_invalid,candidate_invalid,v3_candidate_invalid,NaN,NaN,NaN,NaN,0,0,0.439245661464455,0.00622540656451407,97.3726740448217,0.000162545612819143,9.11481575982531e-05
LOS,1,20,31,20270109,1.01164660236899,1.01270186139991,1.01164660236899,1.01164660236899,1.01164660236899,0.0116466023689938,0.0127018613999059,0.0116466023689938,0.0116466023689938,0.0116466023689938,0,0,0,candidate_invalid,candidate_invalid,v3_candidate_invalid,NaN,NaN,NaN,NaN,0,0,0.173157159512607,0.00357247909421582,86.4206296018028,0.000193791588639858,0.000160235187613544
LOS,1,20,32,20270109,0.969666968365333,0.974997934698627,0.969666968365333,0.969666968365333,0.969666968365333,-0.0303330316346668,-0.0250020653013734,-0.0303330316346668,-0.0303330316346668,-0.0303330316346668,0,0,0,candidate_invalid,candidate_invalid,v3_candidate_invalid,NaN,NaN,NaN,NaN,0,0,0.0027869306085559,0.00106373111204045,32.8556547130153,9.80288314833544e-05,9.77556319323725e-05
LOS,1,20,33,20270109,0.996608037784032,0.769739818220407,0.996608037784032,0.996608037784032,0.996608037784032,-0.00339196221596838,-0.230260181779593,-0.00339196221596838,-0.00339196221596838,-0.00339196221596838,0,0,0,insufficient_gain,insufficient_gain,v3_insufficient_gain,NaN,NaN,NaN,NaN,0,0,0.117550439299362,0.178208487351515,6.97691991929682,0.000130295805224279,0.000114979476081301
LOS,1,20,34,20270109,1.00389853961891,1.00232958974226,1.00389853961891,1.00389853961891,1.00389853961891,0.00389853961890618,0.00232958974225994,0.00389853961890618,0.00389853961890618,0.00389853961890618,0,0,0,candidate_invalid,candidate_invalid,v3_candidate_invalid,NaN,NaN,NaN,NaN,0,0,0,2.33696710889458e-13,34.5410214208812,0.000129721821417572,0.000129721821421569
LOS,1,20,35,20270109,1.0060433749507,1.0365135779975,1.0060433749507,1.0060433749507,1.0060433749507,0.00604337495070006,0.036513577997503,0.00604337495070006,0.00604337495070006,0.00604337495070006,0,0,0,candidate_invalid,candidate_invalid,v3_candidate_invalid,NaN,NaN,NaN,NaN,0,0,0.135375102533304,0.00475907482273566,54.8290454919752,0.000151135455338736,0.000130675477575837
LOS,1,20,36,20270109,0.990409274884836,0.938127949942316,0.990409274884836,0.990409274884836,0.990409274884836,-0.00959072511516368,-0.0618720500576844,-0.00959072511516368,-0.00959072511516368,-0.00959072511516368,0,0,0,candidate_invalid,candidate_invalid,v3_candidate_invalid,NaN,NaN,NaN,NaN,0,0,0.20950622121932,0.010956699204515,34.2493869056077,0.000200792456323873,0.000158725187550113
LOS,1,20,37,20270109,1.01122614025495,1.00849576885323,1.01122614025495,1.01122614025495,1.01122614025495,0.0112261402549512,0.00849576885323078,0.0112261402549512,0.0112261402549512,0.0112261402549512,0,0,0,insufficient_gain,insufficient_gain,v3_insufficient_gain,NaN,NaN,NaN,NaN,0,0,0.0437931693294599,0.0803658109775314,5.52828399448334,0.000101224728585869,9.67917769065796e-05
LOS,1,20,38,20270109,1.01591899558311,0.703688371431615,1.01591899558311,1.01591899558311,1.01591899558311,0.0159189955831112,-0.296311628568385,0.0159189955831112,0.0159189955831112,0.0159189955831112,0,0,0,insufficient_gain,insufficient_gain,v3_insufficient_gain,NaN,NaN,NaN,NaN,0,0,0.156320403489325,0.0915876621251693,13.8699238231362,0.000116177295996112,9.80164142097006e-05
LOS,1,20,39,20270109,1.03287601377856,1.81291526560255,1.03287601377856,1.03287601377856,1.03287601377856,0.0328760137785591,0.812915265602546,0.0328760137785591,0.0328760137785591,0.0328760137785591,0,0,0,insufficient_gain,insufficient_gain,v3_insufficient_gain,NaN,NaN,NaN,NaN,0,0,0.149226549594754,0.188435069536837,12.0452355363098,0.000181291376472492,0.000154237889890219
LOS,1,20,40,20270109,0.99924147841662,1.09709260936909,0.99924147841662,0.99924147841662,0.99924147841662,-0.000758521583379523,0.0970926093690885,-0.000758521583379523,-0.000758521583379523,-0.000758521583379523,0,0,0,insufficient_gain,insufficient_gain,v3_insufficient_gain,NaN,NaN,NaN,NaN,0,0,0.119413858728166,0.0944665321264862,7.14699226759545,0.000139400392253464,0.000122754053506258
LOS,1,20,41,20270109,1.01204906910877,0.923506243728172,1.01204906910877,1.01204906910877,1.01204906910877,0.0120490691087716,-0.0764937562718284,0.0120490691087716,0.0120490691087716,0.0120490691087716,0,0,0,candidate_invalid,candidate_invalid,v3_candidate_invalid,NaN,NaN,NaN,NaN,0,0,0.0758845012269273,0.0163516887130956,22.7683855668668,4.87205684163161e-05,4.50234323825516e-05
LOS,1,20,42,20270109,1.00867771181651,1.01004045517177,1.00867771181651,1.00867771181651,1.00867771181651,0.00867771181650578,0.0100404551717705,0.00867771181650578,0.00867771181650578,0.00867771181650578,0,0,0,candidate_invalid,candidate_invalid,v3_candidate_invalid,NaN,NaN,NaN,NaN,0,0,0.0201880121717805,0.00107840506243691,99.9999905952607,0.000103444344921266,0.000101356009226894
LOS,1,20,43,20270109,0.9806986511153,1.29308919316204,0.9806986511153,0.9806986511153,0.9806986511153,-0.0193013488846997,0.293089193162037,-0.0193013488846997,-0.0193013488846997,-0.0193013488846997,0,0,0,insufficient_gain,insufficient_gain,v3_insufficient_gain,NaN,NaN,NaN,NaN,0,0,0.132983945254805,0.0648946818096595,16.8331951682607,0.000134215953405015,0.000116367386405081
LOS,1,20,44,20270109,1.03117211326237,0.906616722995997,1.03117211326237,1.03117211326237,1.03117211326237,0.0311721132623659,-0.0933832770040026,0.0311721132623659,0.0311721132623659,0.0311721132623659,0,0,0,insufficient_gain,insufficient_gain,v3_insufficient_gain,NaN,NaN,NaN,NaN,0,0,0.06045558805242,0.0584893253576766,8.76471728062116,0.00011128168100516,0.000104554081540531
LOS,1,20,45,20270109,1.00654329414437,0.948262566052691,1.00654329414437,1.00654329414437,1.00654329414437,0.00654329414436505,-0.0517374339473092,0.00654329414436505,0.00654329414436505,0.00654329414436505,0,0,0,insufficient_gain,insufficient_gain,v3_insufficient_gain,NaN,NaN,NaN,NaN,0,0,0.232637534357307,0.207861141337932,5.90790302701889,0.000131440788112558,0.000100862727252071
LOS,1,20,46,20270109,1.0217145506064,1.47184113714696,1.0217145506064,1.0217145506064,1.0217145506064,0.0217145506064005,0.471841137146956,0.0217145506064005,0.0217145506064005,0.0217145506064005,0,0,0,insufficient_gain,insufficient_gain,v3_insufficient_gain,NaN,NaN,NaN,NaN,0,0,0.072367044057306,0.105900342383913,13.705632720688,0.000155648390222751,0.000144384576310053
LOS,1,20,47,20270109,0.972601017872725,0.876999515231639,0.972601017872725,0.972601017872725,0.972601017872725,-0.0273989821272752,-0.123000484768361,-0.0273989821272752,-0.0273989821272752,-0.0273989821272752,0,0,0,insufficient_gain,insufficient_gain,v3_insufficient_gain,NaN,NaN,NaN,NaN,0,0,0.341191705985402,0.0539286287776762,13.6483753332647,0.000134011892363839,8.82881461858886e-05
LOS,1,20,48,20270109,1.00920095552082,1.32504164161927,1.00920095552082,1.00920095552082,1.00920095552082,0.00920095552082101,0.325041641619273,0.00920095552082101,0.00920095552082101,0.00920095552082101,0,0,0,insufficient_gain,insufficient_gain,v3_insufficient_gain,NaN,NaN,NaN,NaN,0,0,0.291375500257368,0.0930425118960442,11.7339302129927,9.52363777828591e-05,6.74868305636789e-05
LOS,1,20,49,20270109,0.995926439093228,0.824922443471886,0.995926439093228,0.995926439093228,0.995926439093228,-0.00407356090677169,-0.175077556528114,-0.00407356090677169,-0.00407356090677169,-0.00407356090677169,0,0,0,insufficient_gain,insufficient_gain,v3_insufficient_gain,NaN,NaN,NaN,NaN,0,0,0.493653281429365,0.0378823815947655,19.7518660824311,5.73621496355869e-05,2.90451362381372e-05
LOS,1,20,50,20270109,0.992044365216529,0.987000562299126,0.992044365216529,0.992044365216529,0.992044365216529,-0.00795563478347072,-0.0129994377008744,-0.00795563478347072,-0.00795563478347072,-0.00795563478347072,0,0,0,candidate_invalid,candidate_invalid,v3_candidate_invalid,NaN,NaN,NaN,NaN,0,0,0.112574516829873,0.00298316011761971,93.9378286310591,0.000123444120925686,0.000109547458656989
LOS,3,20,1,20270109,3.0040236568327,2.99815485009093,3.0040236568327,3.0040236568327,3.0040236568327,0.004023656832703,-0.00184514990906592,0.004023656832703,0.004023656832703,0.004023656832703,0,0,0,candidate_invalid,candidate_invalid,v3_candidate_invalid,NaN,NaN,NaN,NaN,0,0,0.156965741212601,0.00420604070785991,97.9681861587263,0.000221780377828162,0.000186968456435954
LOS,3,20,2,20270109,3.01044149755213,2.97733686312804,3.01044149755213,3.01044149755213,3.01044149755213,0.0104414975521321,-0.022663136871957,0.0104414975521321,0.0104414975521321,0.0104414975521321,0,0,0,insufficient_gain,insufficient_gain,v3_insufficient_gain,NaN,NaN,NaN,NaN,0,0,0.0531978930784316,0.021585192880228,11.6415905852033,8.82389628273916e-05,8.35448359175484e-05
LOS,3,20,3,20270109,3.01467841076884,3.01544973338616,3.01467841076884,3.01467841076884,3.01467841076884,0.0146784107688371,0.0154497333861583,0.0146784107688371,0.0146784107688371,0.0146784107688371,0,0,0,candidate_invalid,candidate_invalid,v3_candidate_invalid,NaN,NaN,NaN,NaN,0,0,0.101894240799826,0.00299535579069816,99.9999911976028,0.000146601546003877,0.000131663692773731
LOS,3,20,4,20270109,3.00910599627095,2.5016514362618,3.00910599627095,3.00910599627095,3.00910599627095,0.00910599627095188,-0.498348563738202,0.00910599627095188,0.00910599627095188,0.00910599627095188,0,0,0,insufficient_gain,insufficient_gain,v3_insufficient_gain,NaN,NaN,NaN,NaN,0,0,0.330674067591762,0.171120636978795,13.3595199333961,0.000201479416721106,0.000134855398457923
LOS,3,20,5,20270109,3.00432376264413,3.56951286360994,3.00432376264413,3.00432376264413,3.00432376264413,0.00432376264412992,0.569512863609938,0.00432376264412992,0.00432376264412992,0.00432376264412992,0,0,0,insufficient_gain,insufficient_gain,v3_insufficient_gain,NaN,NaN,NaN,NaN,0,0,0.105164901291446,0.152581055393248,11.0405710780637,8.90184476158851e-05,7.96568313592427e-05
LOS,3,20,6,20270109,3.00843064357003,3.01346496528673,3.00843064357003,3.00843064357003,3.00843064357003,0.00843064357003476,0.0134649652867278,0.00843064357003476,0.00843064357003476,0.00843064357003476,0,0,0,candidate_invalid,candidate_invalid,v3_candidate_invalid,NaN,NaN,NaN,NaN,0,0,0.00225797209062624,0.00967402797763789,7.93058259793361,0.000122415329591119,0.000122138919193437
LOS,3,20,7,20270109,3.00552982551654,2.62971834118904,3.00552982551654,3.00552982551654,3.00552982551654,0.00552982551653525,-0.370281658810955,0.00552982551653525,0.00552982551653525,0.00552982551653525,0,0,0,insufficient_gain,insufficient_gain,v3_insufficient_gain,NaN,NaN,NaN,NaN,0,0,0.40497026576155,0.0718216062213041,21.280460673523,8.42993929273117e-05,5.0160645370001e-05
LOS,3,20,8,20270109,3.01935008754442,2.88254355066357,3.01935008754442,3.01935008754442,3.01935008754442,0.0193500875444217,-0.11745644933643,0.0193500875444217,0.0193500875444217,0.0193500875444217,0,0,0,insufficient_gain,insufficient_gain,v3_insufficient_gain,NaN,NaN,NaN,NaN,0,0,0.0562137493307896,0.0486159092727924,10.6429182295685,0.000139370039126563,0.00013153552668288
LOS,3,20,9,20270109,2.9922826725196,2.7652550306121,2.9922826725196,2.9922826725196,2.9922826725196,-0.00771732748039655,-0.234744969387904,-0.00771732748039655,-0.00771732748039655,-0.00771732748039655,0,0,0,insufficient_gain,insufficient_gain,v3_insufficient_gain,NaN,NaN,NaN,NaN,0,0,0.184077046759588,0.0705023673941056,12.9893610846936,5.30963537572759e-05,4.33225337639342e-05
LOS,3,20,10,20270109,3.01126609967681,3.05510409545147,3.01126609967681,3.01126609967681,3.01126609967681,0.0112660996768104,0.0551040954514654,0.0112660996768104,0.0112660996768104,0.0112660996768104,0,0,0,candidate_invalid,candidate_invalid,v3_candidate_invalid,NaN,NaN,NaN,NaN,0,0,0.724276318758739,0.00934004883264947,58.8659752472546,0.000116273826871849,3.20594475771152e-05
LOS,3,20,11,20270109,2.97756520458429,3.5306143753325,2.97756520458429,2.97756520458429,2.97756520458429,-0.0224347954157089,0.530614375332503,-0.0224347954157089,-0.0224347954157089,-0.0224347954157089,0,0,0,insufficient_gain,insufficient_gain,v3_insufficient_gain,NaN,NaN,NaN,NaN,0,0,0.154371557045223,0.133744543374595,12.9046534054909,0.000108670104744135,9.18945314705155e-05
LOS,3,20,12,20270109,2.99785428005304,3.16905954857486,2.99785428005304,2.99785428005304,2.99785428005304,-0.00214571994696344,0.169059548574857,-0.00214571994696344,-0.00214571994696344,-0.00214571994696344,0,0,0,insufficient_gain,insufficient_gain,v3_insufficient_gain,NaN,NaN,NaN,NaN,0,0,0.0327269084954743,0.114792233136269,5.00022017031457,4.34636729995663e-05,4.20412413504323e-05
LOS,3,20,13,20270109,3.02064304095553,3.01707587276897,3.02064304095553,3.02064304095553,3.02064304095553,0.0206430409555263,0.0170758727689702,0.0206430409555263,0.0206430409555263,0.0206430409555263,0,0,0,candidate_invalid,candidate_invalid,v3_candidate_invalid,NaN,NaN,NaN,NaN,0,0,0.047453219919761,0.00149839486252686,71.6411411473958,8.32181804841792e-05,7.92692098643411e-05
LOS,3,20,14,20270109,3.01819771384231,3.12219797864572,3.01819771384231,3.01819771384231,3.01819771384231,0.0181977138423051,0.122197978645715,0.0181977138423051,0.0181977138423051,0.0181977138423051,0,0,0,insufficient_gain,insufficient_gain,v3_insufficient_gain,NaN,NaN,NaN,NaN,0,0,0.0323885284062797,0.108084967062477,5.00057347368603,0.000152781990577777,0.000147833606735981
LOS,3,20,15,20270109,3.01024958309378,2.90376647536703,3.01024958309378,3.01024958309378,3.01024958309378,0.0102495830937821,-0.0962335246329662,0.0102495830937821,0.0102495830937821,0.0102495830937821,0,0,0,insufficient_gain,insufficient_gain,v3_insufficient_gain,NaN,NaN,NaN,NaN,0,0,0.0505722753790886,0.138852634714925,6.53200620429058,0.000313736783573493,0.000297870400558065
LOS,3,20,16,20270109,2.98307412495602,3.17835321243419,2.98307412495602,2.98307412495602,2.98307412495602,-0.0169258750439796,0.178353212434187,-0.0169258750439796,-0.0169258750439796,-0.0169258750439796,0,0,0,insufficient_gain,insufficient_gain,v3_insufficient_gain,NaN,NaN,NaN,NaN,0,0,0.00586705052844131,0.12722236294893,5.00000046714568,0.000127086431646939,0.000126340809130987
LOS,3,20,17,20270109,3.02294645846623,3.02301264142554,3.02294645846623,3.02294645846623,3.02294645846623,0.022946458466234,0.0230126414255434,0.022946458466234,0.022946458466234,0.022946458466234,0,0,0,insufficient_gain,insufficient_gain,v3_insufficient_gain,NaN,NaN,NaN,NaN,0,0,0.0111784099643155,0.0284886778203077,7.59742349321474,0.000153414602532154,0.000151699671210537
LOS,3,20,18,20270109,3.02237758526165,2.93877604166239,3.02237758526165,3.02237758526165,3.02237758526165,0.0223775852616543,-0.0612239583376111,0.0223775852616543,0.0223775852616543,0.0223775852616543,0,0,0,candidate_invalid,candidate_invalid,v3_candidate_invalid,NaN,NaN,NaN,NaN,0,0,0.331471138428609,0.0128997937953689,41.7398897109686,0.000171655564497941,0.000114756699116203
LOS,3,20,19,20270109,2.98738041193887,2.9326929525499,2.98738041193887,2.98738041193887,2.98738041193887,-0.0126195880611339,-0.0673070474500954,-0.0126195880611339,-0.0126195880611339,-0.0126195880611339,0,0,0,candidate_invalid,candidate_invalid,v3_candidate_invalid,NaN,NaN,NaN,NaN,0,0,0.480370075645869,0.0108735964082184,46.1920257687723,0.000196532298273544,0.000102124063285025
LOS,3,20,20,20270109,3.01357004018024,3.04331128802645,3.01357004018024,3.01357004018024,3.01357004018024,0.0135700401802441,0.0433112880264508,0.0135700401802441,0.0135700401802441,0.0135700401802441,0,0,0,candidate_invalid,candidate_invalid,v3_candidate_invalid,NaN,NaN,NaN,NaN,0,0,0.493468793947438,0.00892526209503989,50.6856637665594,0.000220784514380901,0.000111834246347087
LOS,3,20,21,20270109,2.98557878734509,2.98224946069879,2.98557878734509,2.98557878734509,2.98557878734509,-0.0144212126549101,-0.0177505393012058,-0.0144212126549101,-0.0144212126549101,-0.0144212126549101,0,0,0,candidate_invalid,candidate_invalid,v3_candidate_invalid,NaN,NaN,NaN,NaN,0,0,0.0775805189285083,0.00218107518896236,99.997590584597,0.00010577857469829,9.75722179816785e-05
LOS,3,20,22,20270109,3.00455332922661,3.6846025316015,3.00455332922661,3.00455332922661,3.00455332922661,0.00455332922660823,0.6846025316015,0.00455332922660823,0.00455332922660823,0.00455332922660823,0,0,0,insufficient_gain,insufficient_gain,v3_insufficient_gain,NaN,NaN,NaN,NaN,0,0,0.0939771253330543,0.233724416310607,7.71649066789246,6.25661375255326e-05,5.66863517776905e-05
LOS,3,20,23,20270109,2.97672907750497,2.97663299569397,2.97672907750497,2.97672907750497,2.97672907750497,-0.0232709224950303,-0.0233670043060332,-0.0232709224950303,-0.0232709224950303,-0.0232709224950303,0,0,0,candidate_invalid,candidate_invalid,v3_candidate_invalid,NaN,NaN,NaN,NaN,0,0,0.0316683015677107,0.00144228141034777,99.9502696333806,9.52295096032785e-05,9.22137527750166e-05
LOS,3,20,24,20270109,2.98134570492934,2.63805865186695,2.98134570492934,2.98134570492934,2.98134570492934,-0.0186542950706556,-0.361941348133052,-0.0186542950706556,-0.0186542950706556,-0.0186542950706556,0,0,0,insufficient_gain,insufficient_gain,v3_insufficient_gain,NaN,NaN,NaN,NaN,0,0,0.365176659141946,0.0827202559616134,16.7003791177586,6.78637437239171e-05,4.30814885139519e-05
LOS,3,20,25,20270109,2.98410925787832,3.42010859135859,2.98410925787832,2.98410925787832,2.98410925787832,-0.0158907421216816,0.420108591358588,-0.0158907421216816,-0.0158907421216816,-0.0158907421216816,0,0,0,insufficient_gain,insufficient_gain,v3_insufficient_gain,NaN,NaN,NaN,NaN,0,0,0.295667464298155,0.0944772380250045,15.6327199599576,0.000109435323540463,7.70788589246063e-05
LOS,3,20,26,20270109,2.98206551790693,2.96717191906126,2.98206551790693,2.98206551790693,2.98206551790693,-0.0179344820930654,-0.0328280809387369,-0.0179344820930654,-0.0179344820930654,-0.0179344820930654,0,0,0,insufficient_gain,insufficient_gain,v3_insufficient_gain,NaN,NaN,NaN,NaN,0,0,0.0376715145115048,0.0257410390207068,8.45692921337326,6.84240054211749e-05,6.58463695080158e-05
LOS,3,20,27,20270109,3.02012679880671,3.23659826909064,3.02012679880671,3.02012679880671,3.02012679880671,0.0201267988067095,0.236598269090642,0.0201267988067095,0.0201267988067095,0.0201267988067095,0,0,0,insufficient_gain,insufficient_gain,v3_insufficient_gain,NaN,NaN,NaN,NaN,0,0,0.0023769231789495,0.118282895641992,5.50861411107932,8.52476027617399e-05,8.50449757587857e-05
LOS,3,20,28,20270109,3.0086126800392,3.01108944264103,3.0086126800392,3.0086126800392,3.0086126800392,0.00861268003919546,0.0110894426410288,0.00861268003919546,0.00861268003919546,0.00861268003919546,0,0,0,candidate_invalid,candidate_invalid,v3_candidate_invalid,NaN,NaN,NaN,NaN,0,0,0.272008788181515,0.0045513685098448,92.2716438694698,0.000133329314790709,9.70625694454164e-05
LOS,3,20,29,20270109,3.01076778851901,3.0121622182656,3.01076778851901,3.01076778851901,3.01076778851901,0.0107677885190074,0.0121622182656047,0.0107677885190074,0.0107677885190074,0.0107677885190074,0,0,0,candidate_invalid,candidate_invalid,v3_candidate_invalid,NaN,NaN,NaN,NaN,0,0,0.334304169790493,0.00297516270017301,85.4765651592476,4.97232451044383e-05,3.31005569305098e-05
LOS,3,20,30,20270109,2.99539159502279,3.43281790314733,2.99539159502279,2.99539159502279,2.99539159502279,-0.00460840497721371,0.432817903147331,-0.00460840497721371,-0.00460840497721371,-0.00460840497721371,0,0,0,insufficient_gain,insufficient_gain,v3_insufficient_gain,NaN,NaN,NaN,NaN,0,0,0.0622198869934329,0.109272028854099,12.6133240745638,0.000111031537598061,0.000104123167876002
LOS,3,20,31,20270109,3.01459676093043,2.9524638471016,3.01459676093043,3.01459676093043,3.01459676093043,0.0145967609304294,-0.0475361528984033,0.0145967609304294,0.0145967609304294,0.0145967609304294,0,0,0,insufficient_gain,insufficient_gain,v3_insufficient_gain,NaN,NaN,NaN,NaN,0,0,0.07825521029884,0.0495113833861433,8.79325076943097,8.46183265892364e-05,7.79965016468598e-05
LOS,3,20,32,20270109,3.01026528032641,2.99709199226994,3.01026528032641,3.01026528032641,3.01026528032641,0.0102652803264101,-0.00290800773005806,0.0102652803264101,0.0102652803264101,0.0102652803264101,0,0,0,insufficient_gain,insufficient_gain,v3_insufficient_gain,NaN,NaN,NaN,NaN,0,0,0.0180849168925572,0.0591975330024412,5.00000699065446,7.01122051183223e-05,6.88442317156035e-05
LOS,3,20,33,20270109,3.02618228128514,3.0245511346776,3.02618228128514,3.02618228128514,3.02618228128514,0.0261822812851404,0.0245511346775968,0.0261822812851404,0.0261822812851404,0.0261822812851404,0,0,0,candidate_invalid,candidate_invalid,v3_candidate_invalid,NaN,NaN,NaN,NaN,0,0,0.037009188237137,0.000971447914185013,96.4553447694348,5.40666860044947e-05,5.20657218447962e-05
LOS,3,20,34,20270109,3.0088892513779,3.0150415951108,3.0088892513779,3.0088892513779,3.0088892513779,0.00888925137789798,0.0150415951107972,0.00888925137789798,0.00888925137789798,0.00888925137789798,0,0,0,candidate_invalid,candidate_invalid,v3_candidate_invalid,NaN,NaN,NaN,NaN,0,0,0.168331175834595,0.00365704508529869,99.9796386084835,0.000149075349424876,0.000123981320568234
LOS,3,20,35,20270109,3.03249387551477,3.02393303485576,3.03249387551477,3.03249387551477,3.03249387551477,0.0324938755147661,0.023933034855756,0.0324938755147661,0.0324938755147661,0.0324938755147661,0,0,0,candidate_invalid,candidate_invalid,v3_candidate_invalid,NaN,NaN,NaN,NaN,0,0,0.241365826298744,0.00438623228551992,99.9211903981647,0.000144229139642071,0.000109417154176006
LOS,3,20,36,20270109,2.98715194546102,3.4414971771235,2.98715194546102,2.98715194546102,2.98715194546102,-0.0128480545389813,0.441497177123502,-0.0128480545389813,-0.0128480545389813,-0.0128480545389813,0,0,0,insufficient_gain,insufficient_gain,v3_insufficient_gain,NaN,NaN,NaN,NaN,0,0,0.203557566035579,0.139423050889013,10.3670177588136,0.000188343838855909,0.000150005025440603
LOS,3,20,37,20270109,3.02552491050879,3.25856462976679,3.02552491050879,3.02552491050879,3.02552491050879,0.025524910508794,0.258564629766788,0.025524910508794,0.025524910508794,0.025524910508794,0,0,0,insufficient_gain,insufficient_gain,v3_insufficient_gain,NaN,NaN,NaN,NaN,0,0,0.00722271628185539,0.0919495181123794,8.00336773587011,0.000176595184028461,0.000175319687117481
LOS,3,20,38,20270109,2.98825024823331,2.99471419580874,2.98825024823331,2.98825024823331,2.98825024823331,-0.0117497517666867,-0.00528580419126001,-0.0117497517666867,-0.0117497517666867,-0.0117497517666867,0,0,0,candidate_invalid,candidate_invalid,v3_candidate_invalid,NaN,NaN,NaN,NaN,0,0,0.0817624026642667,0.00218253523474715,66.0209122498477,0.000113769229885374,0.000104467184300683
LOS,3,20,39,20270109,3.00448392736371,3.0015739425126,3.00448392736371,3.00448392736371,3.00448392736371,0.0044839273637054,0.0015739425126009,0.0044839273637054,0.0044839273637054,0.0044839273637054,0,0,0,candidate_invalid,candidate_invalid,v3_candidate_invalid,NaN,NaN,NaN,NaN,0,0,0.269159314110383,0.00485587535807384,99.9921847359873,0.000150479421604954,0.000109976483698038
LOS,3,20,40,20270109,3.00017195340665,3.48237420208384,3.00017195340665,3.00017195340665,3.00017195340665,0.000171953406648218,0.482374202083843,0.000171953406648218,0.000171953406648218,0.000171953406648218,0,0,0,insufficient_gain,insufficient_gain,v3_insufficient_gain,NaN,NaN,NaN,NaN,0,0,0.210243009943788,0.125353119096425,11.8555205267022,5.03415659243167e-05,3.97576035791047e-05
LOS,3,20,41,20270109,2.987956099857,2.96702930018884,2.987956099857,2.987956099857,2.987956099857,-0.0120439001430013,-0.032970699811159,-0.0120439001430013,-0.0120439001430013,-0.0120439001430013,0,0,0,insufficient_gain,insufficient_gain,v3_insufficient_gain,NaN,NaN,NaN,NaN,0,0,0.045374228626375,0.0208039608821211,9.88768626736474,5.48891722043088e-05,5.2398618355598e-05
LOS,3,20,42,20270109,3.00609031720687,2.95756015942985,3.00609031720687,3.00609031720687,3.00609031720687,0.00609031720686826,-0.0424398405701467,0.00609031720686826,0.00609031720686826,0.00609031720686826,0,0,0,insufficient_gain,insufficient_gain,v3_insufficient_gain,NaN,NaN,NaN,NaN,0,0,0.170685867404181,0.15014873725643,7.01666133167212,0.000196589902610178,0.000163034784560256
LOS,3,20,43,20270109,3.00762138284897,3.12618490883144,3.00762138284897,3.00762138284897,3.00762138284897,0.00762138284897063,0.126184908831442,0.00762138284897063,0.00762138284897063,0.00762138284897063,0,0,0,insufficient_gain,insufficient_gain,v3_insufficient_gain,NaN,NaN,NaN,NaN,0,0,0.28596003994279,0.072701488032554,9.28405112241958,8.06403169515413e-05,5.75804086950793e-05
LOS,3,20,44,20270109,2.98513438274576,2.9871694976559,2.98513438274576,2.98513438274576,2.98513438274576,-0.0148656172542423,-0.0128305023441015,-0.0148656172542423,-0.0148656172542423,-0.0148656172542423,0,0,0,candidate_invalid,candidate_invalid,v3_candidate_invalid,NaN,NaN,NaN,NaN,0,0,0.480062511207905,0.00540361523845699,98.1537774288319,0.000112092924406726,5.82813136273952e-05
LOS,3,20,45,20270109,3.01361506179608,2.97512121240432,3.01361506179608,3.01361506179608,3.01361506179608,0.0136150617960782,-0.024878787595676,0.0136150617960782,0.0136150617960782,0.0136150617960782,0,0,0,insufficient_gain,insufficient_gain,v3_insufficient_gain,NaN,NaN,NaN,NaN,0,0,0.221144226259468,0.0968991772099849,7.92116005091482,0.000102483380615137,7.9819772704548e-05
LOS,3,20,46,20270109,2.9887233235044,3.49881451692965,2.9887233235044,2.9887233235044,2.9887233235044,-0.0112766764955952,0.498814516929645,-0.0112766764955952,-0.0112766764955952,-0.0112766764955952,0,0,0,insufficient_gain,insufficient_gain,v3_insufficient_gain,NaN,NaN,NaN,NaN,0,0,0.280082382463716,0.109956641315937,14.9937762718028,6.46347265302882e-05,4.65316783337943e-05
LOS,3,20,47,20270109,3.01380424544589,3.03771409181287,3.01380424544589,3.01380424544589,3.01380424544589,0.0138042454458871,0.0377140918128687,0.0138042454458871,0.0138042454458871,0.0138042454458871,0,0,0,insufficient_gain,insufficient_gain,v3_insufficient_gain,NaN,NaN,NaN,NaN,0,0,0.0204769657106127,0.0350377983350307,6.62573021601752,9.44358950165647e-05,9.25021344324595e-05
LOS,3,20,48,20270109,2.99736242910291,2.99001254124697,2.99736242910291,2.99736242910291,2.99736242910291,-0.00263757089709316,-0.00998745875302731,-0.00263757089709316,-0.00263757089709316,-0.00263757089709316,0,0,0,candidate_invalid,candidate_invalid,v3_candidate_invalid,NaN,NaN,NaN,NaN,0,0,0.25222350321712,0.00322769920457506,99.3339417005664,8.38074273543654e-05,6.26692244314331e-05
LOS,3,20,49,20270109,2.98565207098966,2.84626242034334,2.98565207098966,2.98565207098966,2.98565207098966,-0.0143479290103401,-0.153737579656656,-0.0143479290103401,-0.0143479290103401,-0.0143479290103401,0,0,0,insufficient_gain,insufficient_gain,v3_insufficient_gain,NaN,NaN,NaN,NaN,0,0,0.20455852416159,0.0902255000214588,8.68621822850616,6.77006759775001e-05,5.38519256148007e-05
LOS,3,20,50,20270109,2.99363665895911,2.52976445440613,2.99363665895911,2.99363665895911,2.99363665895911,-0.00636334104089009,-0.470235545593875,-0.00636334104089009,-0.00636334104089009,-0.00636334104089009,0,0,0,insufficient_gain,insufficient_gain,v3_insufficient_gain,NaN,NaN,NaN,NaN,0,0,0.159203030365068,0.142679399683925,13.6929453763819,0.000186665818579401,0.000156948054595984
LOS,5,20,1,20270109,5.03073965201747,5.01901067113002,5.03073965201747,5.03073965201747,5.03073965201747,0.0307396520174699,0.0190106711300224,0.0307396520174699,0.0307396520174699,0.0307396520174699,0,0,0,insufficient_gain,insufficient_gain,v3_insufficient_gain,NaN,NaN,NaN,NaN,0,0,0.0207643675865536,0.0894997780858653,5.0000158838147,0.000160947866870931,0.000157605886200951
LOS,5,20,2,20270109,4.97975318039415,4.90508603870616,4.97975318039415,4.97975318039415,4.97975318039415,-0.0202468196058456,-0.0949139612938374,-0.0202468196058456,-0.0202468196058456,-0.0202468196058456,0,0,0,insufficient_gain,insufficient_gain,v3_insufficient_gain,NaN,NaN,NaN,NaN,0,0,0.0450051370867624,0.0659979174625155,6.34999070971203,8.89849142076127e-05,8.49801359450453e-05
LOS,5,20,3,20270109,5.00518320998411,4.91884471350573,5.00518320998411,5.00518320998411,5.00518320998411,0.00518320998410893,-0.0811552864942691,0.00518320998410893,0.00518320998410893,0.00518320998410893,0,0,0,insufficient_gain,insufficient_gain,v3_insufficient_gain,NaN,NaN,NaN,NaN,0,0,0.124171317931272,0.0468320107178153,11.5828565437954,0.000132333353844327,0.000115901346891212
LOS,5,20,4,20270109,5.01319423462052,5.00330639048565,5.01319423462052,5.01319423462052,5.01319423462052,0.0131942346205163,0.00330639048565118,0.0131942346205163,0.0131942346205163,0.0131942346205163,0,0,0,candidate_invalid,candidate_invalid,v3_candidate_invalid,NaN,NaN,NaN,NaN,0,0,0.0424268352389997,0.00182143325163256,51.6921106025439,7.56273509983085e-05,7.24187218379413e-05
LOS,5,20,5,20270109,5.03561203006848,4.92674474075956,5.03561203006848,5.03561203006848,5.03561203006848,0.0356120300684788,-0.0732552592404438,0.0356120300684788,0.0356120300684788,0.0356120300684788,0,0,0,insufficient_gain,insufficient_gain,v3_insufficient_gain,NaN,NaN,NaN,NaN,0,0,0.0268572792509921,0.0405063342369992,11.280899212797,0.000178410677911023,0.000173619052513008
LOS,5,20,6,20270109,4.97213832783119,4.96036614469409,4.97213832783119,4.97213832783119,4.97213832783119,-0.0278616721688136,-0.0396338553059081,-0.0278616721688136,-0.0278616721688136,-0.0278616721688136,0,0,0,candidate_invalid,candidate_invalid,v3_candidate_invalid,NaN,NaN,NaN,NaN,0,0,0.000625377223036218,0.0110582918189981,5.30652253894918,4.90247866040683e-05,4.89941276191619e-05
LOS,5,20,7,20270109,5.02181667952144,4.92056601327472,5.02181667952144,5.02181667952144,5.02181667952144,0.0218166795214429,-0.0794339867252774,0.0218166795214429,0.0218166795214429,0.0218166795214429,0,0,0,candidate_invalid,candidate_invalid,v3_candidate_invalid,NaN,NaN,NaN,NaN,0,0,0.259048942622325,0.0139201528844175,40.6507907168786,0.000131846905142341,9.76921037771916e-05
LOS,5,20,8,20270109,5.00174327284936,5.00257268575786,5.00174327284936,5.00174327284936,5.00174327284936,0.00174327284936293,0.00257268575785741,0.00174327284936293,0.00174327284936293,0.00174327284936293,0,0,0,candidate_invalid,candidate_invalid,v3_candidate_invalid,NaN,NaN,NaN,NaN,0,0,8.36496534528396e-07,0.000327243154012065,5.79761346839036,8.05431983432747e-05,8.05431309691684e-05
LOS,5,20,9,20270109,5.01260177974428,4.86952891177595,5.01260177974428,5.01260177974428,5.01260177974428,0.0126017797442808,-0.130471088224047,0.0126017797442808,0.0126017797442808,0.0126017797442808,0,0,0,insufficient_gain,insufficient_gain,v3_insufficient_gain,NaN,NaN,NaN,NaN,0,0,0.0983205666640854,0.0235049439707479,26.3851152414002,0.000167042669973805,0.000150618940004899
LOS,5,20,10,20270109,5.01396715714684,5.41336510686754,5.01396715714684,5.01396715714684,5.01396715714684,0.0139671571468361,0.413365106867545,0.0139671571468361,0.0139671571468361,0.0139671571468361,0,0,0,insufficient_gain,insufficient_gain,v3_insufficient_gain,NaN,NaN,NaN,NaN,0,0,0.089880916931592,0.082389284699337,16.2851572224668,0.000137821728198428,0.000125434184894857
LOS,5,20,11,20270109,5.00781463507975,5.38796216599354,5.00781463507975,5.00781463507975,5.00781463507975,0.00781463507974678,0.387962165993542,0.00781463507974678,0.00781463507974678,0.00781463507974678,0,0,0,insufficient_gain,insufficient_gain,v3_insufficient_gain,NaN,NaN,NaN,NaN,0,0,0.392346246880201,0.0631207847650511,22.2086616074358,9.04100638210448e-05,5.49380146006584e-05
LOS,5,20,12,20270109,4.99760516848704,5.19728660731141,4.99760516848704,4.99760516848704,4.99760516848704,-0.00239483151295872,0.197286607311408,-0.00239483151295872,-0.00239483151295872,-0.00239483151295872,0,0,0,insufficient_gain,insufficient_gain,v3_insufficient_gain,NaN,NaN,NaN,NaN,0,0,0.513734071789589,0.0524509221873472,17.8082400407788,0.00018156859306151,8.82906204389133e-05
LOS,5,20,13,20270109,5.03510902812819,4.86823869295189,5.03510902812819,5.03510902812819,5.03510902812819,0.0351090281281925,-0.131761307048107,0.0351090281281925,0.0351090281281925,0.0351090281281925,0,0,0,insufficient_gain,insufficient_gain,v3_insufficient_gain,NaN,NaN,NaN,NaN,0,0,0.24892022235678,0.0327893524882792,21.0950239909025,4.52675787740997e-05,3.39995630000978e-05
LOS,5,20,14,20270109,5.00450209114107,5.02563780996532,5.00450209114107,5.00450209114107,5.00450209114107,0.00450209114107203,0.0256378099653176,0.00450209114107203,0.00450209114107203,0.00450209114107203,0,0,0,candidate_invalid,candidate_invalid,v3_candidate_invalid,NaN,NaN,NaN,NaN,0,0,0.167020156602298,0.0033339350592187,99.2060653680824,9.46248772395464e-05,7.88206154245241e-05
LOS,5,20,15,20270109,5.01372042010286,5.01344960621649,5.01372042010286,5.01372042010286,5.01372042010286,0.0137204201028593,0.0134496062164935,0.0137204201028593,0.0137204201028593,0.0137204201028593,0,0,0,candidate_invalid,candidate_invalid,v3_candidate_invalid,NaN,NaN,NaN,NaN,0,0,0.324084639389344,0.00404021663556771,75.1862874575255,0.000111437542679393,7.53223468457076e-05
LOS,5,20,16,20270109,4.99612651888344,4.99701220732793,4.99612651888344,4.99612651888344,4.99612651888344,-0.00387348111656127,-0.00298779267207294,-0.00387348111656127,-0.00387348111656127,-0.00387348111656127,0,0,0,candidate_invalid,candidate_invalid,v3_candidate_invalid,NaN,NaN,NaN,NaN,0,0,0,1.55850880534929e-07,5.07829319834009,8.5539309240712e-05,8.5539325548778e-05
LOS,5,20,17,20270109,4.98686435292622,4.8761956337503,4.98686435292622,4.98686435292622,4.98686435292622,-0.0131356470737769,-0.123804366249699,-0.0131356470737769,-0.0131356470737769,-0.0131356470737769,0,0,0,insufficient_gain,insufficient_gain,v3_insufficient_gain,NaN,NaN,NaN,NaN,0,0,0.0577522416095333,0.0338880336000413,13.3619936890049,0.000103873711869484,9.78747721647188e-05
LOS,5,20,18,20270109,5.00250872731253,5.04814165566372,5.00250872731253,5.00250872731253,5.00250872731253,0.00250872731253438,0.0481416556637235,0.00250872731253438,0.00250872731253438,0.00250872731253438,0,0,0,candidate_invalid,candidate_invalid,v3_candidate_invalid,NaN,NaN,NaN,NaN,0,0,0.103799553570494,0.00610976614754732,43.4651369594945,0.000117018436865512,0.000104871975359355
LOS,5,20,19,20270109,4.99315664945985,5.53170504534449,4.99315664945985,4.99315664945985,4.99315664945985,-0.00684335054014795,0.53170504534449,-0.00684335054014795,-0.00684335054014795,-0.00684335054014795,0,0,0,insufficient_gain,insufficient_gain,v3_insufficient_gain,NaN,NaN,NaN,NaN,0,0,0.319249917042078,0.144761854804054,11.5781432411691,0.000123087310370806,8.3791696745994e-05
LOS,5,20,20,20270109,4.96884277331038,4.96895685760769,4.96884277331038,4.96884277331038,4.96884277331038,-0.0311572266896185,-0.0310431423923117,-0.0311572266896185,-0.0311572266896185,-0.0311572266896185,0,0,0,candidate_invalid,candidate_invalid,v3_candidate_invalid,NaN,NaN,NaN,NaN,0,0,0,8.50184346626785e-09,9.4789676915429,7.17544171842111e-05,7.17544174648754e-05
LOS,5,20,21,20270109,4.9876959292808,5.00549457917989,4.9876959292808,4.9876959292808,4.9876959292808,-0.0123040707192006,0.00549457917989216,-0.0123040707192006,-0.0123040707192006,-0.0123040707192006,0,0,0,candidate_invalid,candidate_invalid,v3_candidate_invalid,NaN,NaN,NaN,NaN,0,0,0.212166540342972,0.00471308987611898,96.6760870550848,0.000245853044789746,0.00019369125484392
LOS,5,20,22,20270109,5.00125622945146,5.01583469827145,5.00125622945146,5.00125622945146,5.00125622945146,0.00125622945145931,0.015834698271453,0.00125622945145931,0.00125622945145931,0.00125622945145931,0,0,0,candidate_invalid,candidate_invalid,v3_candidate_invalid,NaN,NaN,NaN,NaN,0,0,0.00211184820576984,0.00267159427527521,21.3002963606163,0.000132006045723054,0.000131727268992243
LOS,5,20,23,20270109,5.0173983774917,5.46369179767368,5.0173983774917,5.0173983774917,5.0173983774917,0.0173983774917019,0.463691797673684,0.0173983774917019,0.0173983774917019,0.0173983774917019,0,0,0,insufficient_gain,insufficient_gain,v3_insufficient_gain,NaN,NaN,NaN,NaN,0,0,0.22153189971359,0.137204071950058,10.1693003627421,9.26548668940264e-05,7.21288582132829e-05
LOS,5,20,24,20270109,4.99389851084251,5.68540075959668,4.99389851084251,4.99389851084251,4.99389851084251,-0.00610148915749065,0.685400759596678,-0.00610148915749065,-0.00610148915749065,-0.00610148915749065,0,0,0,insufficient_gain,insufficient_gain,v3_insufficient_gain,NaN,NaN,NaN,NaN,0,0,0.182024524894677,0.160636259202194,13.1112288603309,0.000227681383660361,0.000186237787972221
LOS,5,20,25,20270109,5.00075263028574,5.0023214797119,5.00075263028574,5.00075263028574,5.00075263028574,0.000752630285743905,0.00232147971189889,0.000752630285743905,0.000752630285743905,0.000752630285743905,0,0,0,candidate_invalid,candidate_invalid,v3_candidate_invalid,NaN,NaN,NaN,NaN,0,0,0.0778936727408405,0.00233679200735009,87.0872569659793,0.000130085722334305,0.000119952867650541
LOS,5,20,26,20270109,4.97930592140581,4.90331851553713,4.97930592140581,4.97930592140581,4.97930592140581,-0.0206940785941949,-0.0966814844628665,-0.0206940785941949,-0.0206940785941949,-0.0206940785941949,0,0,0,insufficient_gain,insufficient_gain,v3_insufficient_gain,NaN,NaN,NaN,NaN,0,0,0.0206337748616516,0.0316239155046128,10.6364789939841,0.000157426814535455,0.000154178505087144
LOS,5,20,27,20270109,5.01005731182898,5.73924516285987,5.01005731182898,5.01005731182898,5.01005731182898,0.0100573118289828,0.739245162859866,0.0100573118289828,0.0100573118289828,0.0100573118289828,0,0,0,insufficient_gain,insufficient_gain,v3_insufficient_gain,NaN,NaN,NaN,NaN,0,0,0.231463533557849,0.165604300785753,13.3740417653254,0.000156833962349445,0.000120532619242164
LOS,5,20,28,20270109,4.99090591077749,4.99761540382669,4.99090591077749,4.99090591077749,4.99090591077749,-0.00909408922250599,-0.00238459617331177,-0.00909408922250599,-0.00909408922250599,-0.00909408922250599,0,0,0,candidate_invalid,candidate_invalid,v3_candidate_invalid,NaN,NaN,NaN,NaN,0,0,0.122561735055265,0.00380385755180013,95.2687504340298,9.10506724711713e-05,7.98913440751559e-05
LOS,5,20,29,20270109,5.00010688008525,5.44109040425847,5.00010688008525,5.00010688008525,5.00010688008525,0.000106880085251504,0.441090404258468,0.000106880085251504,0.000106880085251504,0.000106880085251504,0,0,0,insufficient_gain,insufficient_gain,v3_insufficient_gain,NaN,NaN,NaN,NaN,0,0,0.141608991795336,0.0865659654605223,17.3786364541795,0.000140636785540549,0.000120721352130815
LOS,5,20,30,20270109,5.0380242634263,4.95945631282694,5.0380242634263,5.0380242634263,5.0380242634263,0.0380242634263031,-0.0405436871730629,0.0380242634263031,0.0380242634263031,0.0380242634263031,0,0,0,candidate_invalid,candidate_invalid,v3_candidate_invalid,NaN,NaN,NaN,NaN,0,0,0.0767429862973816,0.010745138409723,34.4275918497043,0.000105402112378306,9.73132395123422e-05
LOS,5,20,31,20270109,4.98920921877533,5.40931176918287,4.98920921877533,4.98920921877533,4.98920921877533,-0.0107907812246699,0.409311769182871,-0.0107907812246699,-0.0107907812246699,-0.0107907812246699,0,0,0,insufficient_gain,insufficient_gain,v3_insufficient_gain,NaN,NaN,NaN,NaN,0,0,0.302357513720548,0.0666445968395981,23.8006622225365,0.000187669186186179,0.000130925997648967
LOS,5,20,32,20270109,4.99025404656908,5.65828672225427,4.99025404656908,4.99025404656908,4.99025404656908,-0.00974595343092144,0.658286722254275,-0.00974595343092144,-0.00974595343092144,-0.00974595343092144,0,0,0,insufficient_gain,insufficient_gain,v3_insufficient_gain,NaN,NaN,NaN,NaN,0,0,0.0989907614642137,0.188465550491923,10.1492160608873,0.000104711558936321,9.43460819831099e-05
LOS,5,20,33,20270109,4.9752387317355,4.6402376275812,4.9752387317355,4.9752387317355,4.9752387317355,-0.0247612682645038,-0.359762372418804,-0.0247612682645038,-0.0247612682645038,-0.0247612682645038,0,0,0,insufficient_gain,insufficient_gain,v3_insufficient_gain,NaN,NaN,NaN,NaN,0,0,0.0932520419121746,0.0675794122758729,19.5064175223714,0.000132618966937059,0.000120251977473895
LOS,5,20,34,20270109,4.98557068714037,4.9874873019212,4.98557068714037,4.98557068714037,4.98557068714037,-0.0144293128596296,-0.0125126980787966,-0.0144293128596296,-0.0144293128596296,-0.0144293128596296,0,0,0,candidate_invalid,candidate_invalid,v3_candidate_invalid,NaN,NaN,NaN,NaN,0,0,0.175259219576362,0.0038227195972287,90.6590744515019,0.000161730487350908,0.000133385728356084
LOS,5,20,35,20270109,5.00191443021095,5.61156719956887,5.00191443021095,5.00191443021095,5.00191443021095,0.00191443021095061,0.611567199568874,0.00191443021095061,0.00191443021095061,0.00191443021095061,0,0,0,insufficient_gain,insufficient_gain,v3_insufficient_gain,NaN,NaN,NaN,NaN,0,0,0.0592389358400072,0.200415759742013,8.44813666536974,0.00010019675542039,9.42612062546644e-05
LOS,5,20,36,20270109,5.01372721085177,4.94081401644856,5.01372721085177,5.01372721085177,5.01372721085177,0.0137272108517736,-0.0591859835514352,0.0137272108517736,0.0137272108517736,0.0137272108517736,0,0,0,insufficient_gain,insufficient_gain,v3_insufficient_gain,NaN,NaN,NaN,NaN,0,0,0.0298935929409476,0.0517978966331421,8.26713005181846,0.000152172556510788,0.000147623572049671
LOS,5,20,37,20270109,5.00268306090935,4.99834505271293,5.00268306090935,5.00268306090935,5.00268306090935,0.00268306090934889,-0.00165494728706506,0.00268306090934889,0.00268306090934889,0.00268306090934889,0,0,0,candidate_invalid,candidate_invalid,v3_candidate_invalid,NaN,NaN,NaN,NaN,0,0,0.0096982079364422,0.00941786489986723,11.0913269411487,0.00011366449905581,0.000112562157108975
LOS,5,20,38,20270109,5.00028386939949,5.1567526857752,5.00028386939949,5.00028386939949,5.00028386939949,0.000283869399492431,0.156752685775201,0.000283869399492431,0.000283869399492431,0.000283869399492431,0,0,0,insufficient_gain,insufficient_gain,v3_insufficient_gain,NaN,NaN,NaN,NaN,0,0,0.00608535830355512,0.093749898600502,5.29167310916153,9.54811528404154e-05,9.49001158141449e-05
LOS,5,20,39,20270109,5.02264804493937,4.99260365975126,5.02264804493937,5.02264804493937,5.02264804493937,0.0226480449393662,-0.00739634024873759,0.0226480449393662,0.0226480449393662,0.0226480449393662,0,0,0,candidate_invalid,candidate_invalid,v3_candidate_invalid,NaN,NaN,NaN,NaN,0,0,0.00510903737287214,0.017984052858727,7.9335829475812,8.26021240070141e-05,8.21801066683836e-05
LOS,5,20,40,20270109,5.03602849869041,4.81792289937058,5.03602849869041,5.03602849869041,5.03602849869041,0.0360284986904063,-0.182077100629422,0.0360284986904063,0.0360284986904063,0.0360284986904063,0,0,0,insufficient_gain,insufficient_gain,v3_insufficient_gain,NaN,NaN,NaN,NaN,0,0,0.0419950575140329,0.170154842078779,5.90683314602203,0.000102963023555169,9.86390854591512e-05
LOS,5,20,41,20270109,5.01540658427514,5.37442327442491,5.01540658427514,5.01540658427514,5.01540658427514,0.0154065842751372,0.37442327442491,0.0154065842751372,0.0154065842751372,0.0154065842751372,0,0,0,insufficient_gain,insufficient_gain,v3_insufficient_gain,NaN,NaN,NaN,NaN,0,0,0.0670638089254273,0.0754600124684465,16.1336071444651,0.00015408879858847,0.000143755016842384
LOS,5,20,42,20270109,5.01509572918985,5.46885176957178,5.01509572918985,5.01509572918985,5.01509572918985,0.0150957291898539,0.468851769571778,0.0150957291898539,0.0150957291898539,0.0150957291898539,0,0,0,insufficient_gain,insufficient_gain,v3_insufficient_gain,NaN,NaN,NaN,NaN,0,0,0.10679219180362,0.0965110267634615,15.529825053324,0.000125553474967344,0.00011214534418702
LOS,5,20,43,20270109,5.01028062184506,5.41688921951582,5.01028062184506,5.01028062184506,5.01028062184506,0.0102806218450606,0.416889219515822,0.0102806218450606,0.0102806218450606,0.0102806218450606,0,0,0,insufficient_gain,insufficient_gain,v3_insufficient_gain,NaN,NaN,NaN,NaN,0,0,0.220242423092129,0.189540356400504,6.54784497668056,0.000102499239673648,7.99245587628228e-05
LOS,5,20,44,20270109,4.99494671853391,4.92976671150467,4.99494671853391,4.99494671853391,4.99494671853391,-0.00505328146609241,-0.0702332884953307,-0.00505328146609241,-0.00505328146609241,-0.00505328146609241,0,0,0,candidate_invalid,candidate_invalid,v3_candidate_invalid,NaN,NaN,NaN,NaN,0,0,0.0543665595133112,0.0187779668538372,16.3073280441234,0.00013056886038898,0.000123470280670057
LOS,5,20,45,20270109,5.00311901091535,4.92426382048571,5.00311901091535,5.00311901091535,5.00311901091535,0.00311901091535116,-0.0757361795142906,0.00311901091535116,0.00311901091535116,0.00311901091535116,0,0,0,candidate_invalid,candidate_invalid,v3_candidate_invalid,NaN,NaN,NaN,NaN,0,0,0.247455408089202,0.0155201773048404,26.5354752512044,0.00010526268633626,7.92148653323554e-05
LOS,5,20,46,20270109,4.99065615650443,4.81576190099903,4.99065615650443,4.99065615650443,4.99065615650443,-0.00934384349557416,-0.184238099000972,-0.00934384349557416,-0.00934384349557416,-0.00934384349557416,0,0,0,insufficient_gain,insufficient_gain,v3_insufficient_gain,NaN,NaN,NaN,NaN,0,0,0.0424584574645601,0.0395379658909348,16.743379197035,0.000108339250956435,0.000103739333477959
LOS,5,20,47,20270109,5.00531201484301,5.00640819484439,5.00531201484301,5.00531201484301,5.00531201484301,0.0053120148430148,0.00640819484438637,0.0053120148430148,0.0053120148430148,0.0053120148430148,0,0,0,candidate_invalid,candidate_invalid,v3_candidate_invalid,NaN,NaN,NaN,NaN,0,0,0.130555675765996,0.00280241726563266,98.4929632599145,0.000166264963802787,0.000144558129097305
LOS,5,20,48,20270109,4.99847054468233,5.00206377905341,4.99847054468233,4.99847054468233,4.99847054468233,-0.00152945531767479,0.00206377905341348,-0.00152945531767479,-0.00152945531767479,-0.00152945531767479,0,0,0,candidate_invalid,candidate_invalid,v3_candidate_invalid,NaN,NaN,NaN,NaN,0,0,0.133782354370859,0.00235933502981309,72.7679206673189,8.06983930790039e-05,6.99023720589498e-05
LOS,5,20,49,20270109,5.00081836573935,4.98915060637511,5.00081836573935,5.00081836573935,5.00081836573935,0.000818365739351457,-0.0108493936248921,0.000818365739351457,0.000818365739351457,0.000818365739351457,0,0,0,candidate_invalid,candidate_invalid,v3_candidate_invalid,NaN,NaN,NaN,NaN,0,0,0.180329500832436,0.0043216421480074,50.9308895101789,0.000147448214597334,0.000120858951660363
LOS,5,20,50,20270109,5.00717937013526,5.00602540719365,5.00717937013526,5.00717937013526,5.00717937013526,0.00717937013526093,0.00602540719365408,0.00717937013526093,0.00717937013526093,0.00717937013526093,0,0,0,candidate_invalid,candidate_invalid,v3_candidate_invalid,NaN,NaN,NaN,NaN,0,0,0.22816616746046,0.00409827041697886,82.7077033799642,0.000141849279415851,0.000109484072974508
LOS,10,20,1,20270109,10.0169853783088,10.1840238628823,10.0169853783088,10.0169853783088,10.0169853783088,0.0169853783087888,0.184023862882313,0.0169853783087888,0.0169853783087888,0.0169853783087888,0,0,0,insufficient_gain,insufficient_gain,v3_insufficient_gain,NaN,NaN,NaN,NaN,0,0,0.00806423360829977,0.0637695299783848,8.72471259395728,0.000188546701072712,0.000187026216429187
LOS,10,20,2,20270109,9.98897151502698,10.1073412741984,9.98897151502698,9.98897151502698,9.98897151502698,-0.0110284849730231,0.107341274198447,-0.0110284849730231,-0.0110284849730231,-0.0110284849730231,0,0,0,insufficient_gain,insufficient_gain,v3_insufficient_gain,NaN,NaN,NaN,NaN,0,0,0.00154270825960365,0.0417610863353392,9.27295823330947,0.000133493500361181,0.000133287558835571
LOS,10,20,3,20270109,9.98412315936367,10.2195398383003,9.98412315936367,9.98412315936367,9.98412315936367,-0.0158768406363343,0.2195398383003,-0.0158768406363343,-0.0158768406363343,-0.0158768406363343,0,0,0,insufficient_gain,insufficient_gain,v3_insufficient_gain,NaN,NaN,NaN,NaN,0,0,0.00678323864975477,0.0738591528542401,10.2686516286018,9.59348184588205e-05,9.52840696903934e-05
LOS,10,20,4,20270109,10.0112578399271,10.1026986433654,10.0112578399271,10.0112578399271,10.0112578399271,0.0112578399271275,0.102698643365384,0.0112578399271275,0.0112578399271275,0.0112578399271275,0,0,0,insufficient_gain,insufficient_gain,v3_insufficient_gain,NaN,NaN,NaN,NaN,0,0,0.0113786771367091,0.0734170911263222,5.0036796694045,9.481280976531e-05,9.37339654145664e-05
LOS,10,20,5,20270109,9.99351591323098,10.3317710935684,9.99351591323098,9.99351591323098,9.99351591323098,-0.00648408676901724,0.331771093568374,-0.00648408676901724,-0.00648408676901724,-0.00648408676901724,0,0,0,insufficient_gain,insufficient_gain,v3_insufficient_gain,NaN,NaN,NaN,NaN,0,0,0.0432497242110943,0.0841607543633197,13.1227335584785,9.75898264177211e-05,9.33690933393461e-05
LOS,10,20,6,20270109,9.99878605664973,9.99890668963405,9.99878605664973,9.99878605664973,9.99878605664973,-0.00121394335026892,-0.00109331036594895,-0.00121394335026892,-0.00121394335026892,-0.00121394335026892,0,0,0,candidate_invalid,candidate_invalid,v3_candidate_invalid,NaN,NaN,NaN,NaN,0,0,0.154991792170593,0.00264232769820955,86.8151253918478,8.39554227880512e-05,7.09430213476914e-05
LOS,10,20,7,20270109,10.0116332156495,10.9389785018524,10.0116332156495,10.0116332156495,10.0116332156495,0.0116332156495496,0.938978501852446,0.0116332156495496,0.0116332156495496,0.0116332156495496,0,0,0,insufficient_gain,insufficient_gain,v3_insufficient_gain,NaN,NaN,NaN,NaN,0,0,0.188800340882753,0.240028619120167,10.4266086415602,0.000146204677740291,0.000118601184744271
LOS,10,20,8,20270109,10.0009017387978,10.2000970297741,10.0009017387978,10.0009017387978,10.0009017387978,0.000901738797788099,0.200097029774144,0.000901738797788099,0.000901738797788099,0.000901738797788099,0,0,0,insufficient_gain,insufficient_gain,v3_insufficient_gain,NaN,NaN,NaN,NaN,0,0,0.00379045795862328,0.126637995107783,5.00010335872933,0.000143890762906551,0.00014334535101912
LOS,10,20,9,20270109,9.99711983077427,10.2859124044204,9.99711983077427,9.99711983077427,9.99711983077427,-0.00288016922573142,0.285912404420383,-0.00288016922573142,-0.00288016922573142,-0.00288016922573142,0,0,0,insufficient_gain,insufficient_gain,v3_insufficient_gain,NaN,NaN,NaN,NaN,0,0,0.00302720126738391,0.165353076202082,5.00023179325676,8.0785781216175e-05,8.05412263968908e-05
LOS,10,20,10,20270109,10.017640011081,10.0029068177597,10.017640011081,10.017640011081,10.017640011081,0.0176400110810331,0.00290681775966206,0.0176400110810331,0.0176400110810331,0.0176400110810331,0,0,0,insufficient_gain,insufficient_gain,v3_insufficient_gain,NaN,NaN,NaN,NaN,0,0,0.00642329882612526,0.0239233489676327,6.88509555304366,0.00022147370101111,0.000220051109247388
LOS,10,20,11,20270109,9.99055864477148,10.0602064816823,9.99055864477148,9.99055864477148,9.99055864477148,-0.00944135522852285,0.0602064816823003,-0.00944135522852285,-0.00944135522852285,-0.00944135522852285,0,0,0,insufficient_gain,insufficient_gain,v3_insufficient_gain,NaN,NaN,NaN,NaN,0,0,0.0045821652779617,0.0509445027349397,5.06658969358408,9.14265129514646e-05,9.10075815583333e-05
LOS,10,20,12,20270109,10.0020391222989,10.2531151221486,10.0020391222989,10.0020391222989,10.0020391222989,0.00203912229893888,0.253115122148635,0.00203912229893888,0.00203912229893888,0.00203912229893888,0,0,0,insufficient_gain,insufficient_gain,v3_insufficient_gain,NaN,NaN,NaN,NaN,0,0,0.0538379034369097,0.10608267198479,7.62132621824828,7.77788883759012e-05,7.35914360940892e-05
LOS,10,20,13,20270109,9.99317987274466,10.0734598670699,9.99317987274466,9.99317987274466,9.99317987274466,-0.00682012725534165,0.0734598670699,-0.00682012725534165,-0.00682012725534165,-0.00682012725534165,0,0,0,insufficient_gain,insufficient_gain,v3_insufficient_gain,NaN,NaN,NaN,NaN,0,0,0.00520882054806014,0.0599203592047775,5.25741487292897,0.000175288083839709,0.000174375039666774
LOS,10,20,14,20270109,9.99662131415971,10.3702601144032,9.99662131415971,9.99662131415971,9.99662131415971,-0.00337868584028556,0.370260114403191,-0.00337868584028556,-0.00337868584028556,-0.00337868584028556,0,0,0,insufficient_gain,insufficient_gain,v3_insufficient_gain,NaN,NaN,NaN,NaN,0,0,0.0654206033361423,0.216798564815508,5.00001099438035,0.000154339359457412,0.000144242385443194
LOS,10,20,15,20270109,9.97902271802861,10.3551941469544,9.97902271802861,9.97902271802861,9.97902271802861,-0.0209772819713887,0.355194146954414,-0.0209772819713887,-0.0209772819713887,-0.0209772819713887,0,0,0,insufficient_gain,insufficient_gain,v3_insufficient_gain,NaN,NaN,NaN,NaN,0,0,0.0515160810873361,0.120375135335704,9.51217778380001,4.66080344356801e-05,4.42069711543702e-05
LOS,10,20,16,20270109,10.008871571968,10.4753401671129,10.008871571968,10.008871571968,10.008871571968,0.00887157196798505,0.475340167112869,0.00887157196798505,0.00887157196798505,0.00887157196798505,0,0,0,insufficient_gain,insufficient_gain,v3_insufficient_gain,NaN,NaN,NaN,NaN,0,0,0.0325958593662231,0.213487860380724,5.91561269664102,9.24532105881504e-05,8.94396187378632e-05
LOS,10,20,17,20270109,10.0110456983042,10.0839689628821,10.0110456983042,10.0110456983042,10.0110456983042,0.011045698304244,0.0839689628820537,0.011045698304244,0.011045698304244,0.011045698304244,0,0,0,candidate_invalid,candidate_invalid,v3_candidate_invalid,NaN,NaN,NaN,NaN,0,0,0.137665195973326,0.0161411990381981,20.7335679923394,8.28798471701475e-05,7.14701767672299e-05
LOS,10,20,18,20270109,10.0380289469806,10.3498787239329,10.0380289469806,10.0380289469806,10.0380289469806,0.0380289469806439,0.349878723932949,0.0380289469806439,0.0380289469806439,0.0380289469806439,0,0,0,insufficient_gain,insufficient_gain,v3_insufficient_gain,NaN,NaN,NaN,NaN,0,0,0.307663856212009,0.0532827266352568,22.4217138034004,0.000163576291069001,0.000113249778573854
LOS,10,20,19,20270109,9.99213615273791,10.1428647505643,9.99213615273791,9.99213615273791,9.99213615273791,-0.00786384726209199,0.142864750564335,-0.00786384726209199,-0.00786384726209199,-0.00786384726209199,0,0,0,insufficient_gain,insufficient_gain,v3_insufficient_gain,NaN,NaN,NaN,NaN,0,0,0.314532743413348,0.0218658254387014,33.5040641685032,0.000209691074458007,0.000143736365539437
LOS,10,20,20,20270109,10.0099794369401,9.91675281603984,10.0099794369401,10.0099794369401,10.0099794369401,0.00997943694014936,-0.0832471839601574,0.00997943694014936,0.00997943694014936,0.00997943694014936,0,0,0,insufficient_gain,insufficient_gain,v3_insufficient_gain,NaN,NaN,NaN,NaN,0,0,0.0892790776097561,0.0269862418837064,16.2311067314682,0.000118989780219403,0.000108366482396427
LOS,10,20,21,20270109,9.98495706219848,10.4068197808163,9.98495706219848,9.98495706219848,9.98495706219848,-0.0150429378015211,0.406819780816281,-0.0150429378015211,-0.0150429378015211,-0.0150429378015211,0,0,0,insufficient_gain,insufficient_gain,v3_insufficient_gain,NaN,NaN,NaN,NaN,0,0,0.0813989534594237,0.0899577970720478,15.7021329240654,0.000243840177392984,0.000223991842141835
LOS,10,20,22,20270109,10.0408182420422,10.1592012115468,10.0408182420422,10.0408182420422,10.0408182420422,0.0408182420422083,0.159201211546829,0.0408182420422083,0.0408182420422083,0.0408182420422083,0,0,0,insufficient_gain,insufficient_gain,v3_insufficient_gain,NaN,NaN,NaN,NaN,0,0,0.000552769878288765,0.0433773696477259,8.80976703921261,0.000121490425020632,0.00012142326877318
LOS,10,20,23,20270109,10.006014686836,10.0027480495702,10.006014686836,10.006014686836,10.006014686836,0.00601468683603024,0.00274804957017238,0.00601468683603024,0.00601468683603024,0.00601468683603024,0,0,0,candidate_invalid,candidate_invalid,v3_candidate_invalid,NaN,NaN,NaN,NaN,0,0,0.00438944982973977,0.000755507150815607,18.6110663153438,6.88897857226145e-05,6.85873974644036e-05
LOS,10,20,24,20270109,10.0038190482793,10.2017871891915,10.0038190482793,10.0038190482793,10.0038190482793,0.00381904827932722,0.201787189191528,0.00381904827932722,0.00381904827932722,0.00381904827932722,0,0,0,candidate_invalid,candidate_invalid,v3_candidate_invalid,NaN,NaN,NaN,NaN,0,0,0,0.116595031917377,5.00000211394168,0.000139714282450631,0.000139847918668501
LOS,10,20,25,20270109,10.008360852385,10.009031291629,10.008360852385,10.008360852385,10.008360852385,0.00836085238502271,0.00903129162896477,0.00836085238502271,0.00836085238502271,0.00836085238502271,0,0,0,candidate_invalid,candidate_invalid,v3_candidate_invalid,NaN,NaN,NaN,NaN,0,0,0.0546804109263836,0.00235398620410031,91.3690817556778,0.000178431110551047,0.000168674424104065
LOS,10,20,26,20270109,9.98524133457602,9.85186543611746,9.98524133457602,9.98524133457602,9.98524133457602,-0.0147586654239777,-0.148134563882543,-0.0147586654239777,-0.0147586654239777,-0.0147586654239777,0,0,0,insufficient_gain,insufficient_gain,v3_insufficient_gain,NaN,NaN,NaN,NaN,0,0,0.104421845945193,0.0861271301125359,8.56998764258791,0.000124857272183032,0.000111819445341999
LOS,10,20,27,20270109,10.007543641113,10.2310483460326,10.007543641113,10.007543641113,10.007543641113,0.00754364111302586,0.231048346032612,0.00754364111302586,0.00754364111302586,0.00754364111302586,0,0,0,insufficient_gain,insufficient_gain,v3_insufficient_gain,NaN,NaN,NaN,NaN,0,0,0.00394186385792759,0.131969210055683,5.00004382489067,9.38493202073953e-05,9.34793789639787e-05
LOS,10,20,28,20270109,9.97051278498693,10.307017647146,9.97051278498693,9.97051278498693,9.97051278498693,-0.0294872150130683,0.307017647145997,-0.0294872150130683,-0.0294872150130683,-0.0294872150130683,0,0,0,insufficient_gain,insufficient_gain,v3_insufficient_gain,NaN,NaN,NaN,NaN,0,0,0.159725209583731,0.0583419182092401,21.1021927903205,0.000133242736598094,0.000111960512569453
LOS,10,20,29,20270109,9.9999578814163,10.270911602562,9.9999578814163,9.9999578814163,9.9999578814163,-4.21185836980698e-05,0.27091160256197,-4.21185836980698e-05,-4.21185836980698e-05,-4.21185836980698e-05,0,0,0,insufficient_gain,insufficient_gain,v3_insufficient_gain,NaN,NaN,NaN,NaN,0,0,0.064626126431639,0.0598096939379434,15.6149145918122,0.000123100913500318,0.000115145378300596
LOS,10,20,30,20270109,10.0119704359694,10.140834283295,10.0119704359694,10.0119704359694,10.0119704359694,0.0119704359694452,0.140834283294977,0.0119704359694452,0.0119704359694452,0.0119704359694452,0,0,0,insufficient_gain,insufficient_gain,v3_insufficient_gain,NaN,NaN,NaN,NaN,0,0,0.0115221472706701,0.0891918538723367,5.00006362354332,9.49004924177821e-05,9.38070349680853e-05
LOS,10,20,31,20270109,9.99152401066738,10.0559701567574,9.99152401066738,9.99152401066738,9.99152401066738,-0.00847598933262361,0.0559701567574216,-0.00847598933262361,-0.00847598933262361,-0.00847598933262361,0,0,0,insufficient_gain,insufficient_gain,v3_insufficient_gain,NaN,NaN,NaN,NaN,0,0,0.0315710019162659,0.0784433350542915,5.05568841783962,6.77745246386863e-05,6.56348149914443e-05
LOS,10,20,32,20270109,10.0105092443777,10.0230288213339,10.0105092443777,10.0105092443777,10.0105092443777,0.010509244377678,0.0230288213339165,0.010509244377678,0.010509244377678,0.010509244377678,0,0,0,candidate_invalid,candidate_invalid,v3_candidate_invalid,NaN,NaN,NaN,NaN,0,0,0.00272257944266914,0.0170275658419448,6.2945492532178,0.000123587149879478,0.000123250674045838
LOS,10,20,33,20270109,9.9948344452944,10.5764436328254,9.9948344452944,9.9948344452944,9.9948344452944,-0.0051655547055951,0.576443632825399,-0.0051655547055951,-0.0051655547055951,-0.0051655547055951,0,0,0,insufficient_gain,insufficient_gain,v3_insufficient_gain,NaN,NaN,NaN,NaN,0,0,0.144056818251605,0.152686579476877,11.5354407224366,0.00013720819536811,0.000117442419305336
LOS,10,20,34,20270109,9.99468509045322,10.0243472778072,9.99468509045322,9.99468509045322,9.99468509045322,-0.00531490954678482,0.0243472778071769,-0.00531490954678482,-0.00531490954678482,-0.00531490954678482,0,0,0,candidate_invalid,candidate_invalid,v3_candidate_invalid,NaN,NaN,NaN,NaN,0,0,0.0135440658096593,0.0148899737134641,12.947569364317,0.000257686746894858,0.000254196620636638
LOS,10,20,35,20270109,9.97009737716718,9.65010317531738,9.97009737716718,9.97009737716718,9.97009737716718,-0.0299026228328181,-0.349896824682624,-0.0299026228328181,-0.0299026228328181,-0.0299026228328181,0,0,0,insufficient_gain,insufficient_gain,v3_insufficient_gain,NaN,NaN,NaN,NaN,0,0,0.0951429862753229,0.140234209840904,9.58653333659815,0.000171247100284821,0.000154954139772734
LOS,10,20,36,20270109,9.98160145911266,10.0559731782266,9.98160145911266,9.98160145911266,9.98160145911266,-0.0183985408873397,0.0559731782266191,-0.0183985408873397,-0.0183985408873397,-0.0183985408873397,0,0,0,insufficient_gain,insufficient_gain,v3_insufficient_gain,NaN,NaN,NaN,NaN,0,0,0.0339658544837989,0.0461145563324933,8.54897923250932,0.000166631269344908,0.000160971495897888
LOS,10,20,37,20270109,10.0241900228644,10.3721216055068,10.0241900228644,10.0241900228644,10.0241900228644,0.0241900228643956,0.372121605506809,0.0241900228643956,0.0241900228643956,0.0241900228643956,0,0,0,insufficient_gain,insufficient_gain,v3_insufficient_gain,NaN,NaN,NaN,NaN,0,0,0.138277593287238,0.0657726901574731,18.5366324477506,0.000124151401249328,0.000106984044281333
LOS,10,20,38,20270109,10.0130592594291,10.150759627938,10.0130592594291,10.0130592594291,10.0130592594291,0.0130592594291024,0.150759627938022,0.0130592594291024,0.0130592594291024,0.0130592594291024,0,0,0,insufficient_gain,insufficient_gain,v3_insufficient_gain,NaN,NaN,NaN,NaN,0,0,0.00690002971364844,0.106832420530566,5.03502988583145,0.000226609195933758,0.000225045585748429
LOS,10,20,39,20270109,10.0205319850548,10.6010131583105,10.0205319850548,10.0205319850548,10.0205319850548,0.0205319850548484,0.601013158310547,0.0205319850548484,0.0205319850548484,0.0205319850548484,0,0,0,insufficient_gain,insufficient_gain,v3_insufficient_gain,NaN,NaN,NaN,NaN,0,0,0.0348972480855419,0.200897178635888,7.98699115804319,0.000114853689969108,0.000110845612256716
LOS,10,20,40,20270109,10.0413045275945,9.89962845189953,10.0413045275945,10.0413045275945,10.0413045275945,0.0413045275944945,-0.100371548100465,0.0413045275944945,0.0413045275944945,0.0413045275944945,0,0,0,insufficient_gain,insufficient_gain,v3_insufficient_gain,NaN,NaN,NaN,NaN,0,0,0.234922277065769,0.0233536907471237,27.2841949191912,0.00010959219613671,8.38465478716355e-05
LOS,10,20,41,20270109,10.0000756284652,9.85320313650457,10.0000756284652,10.0000756284652,10.0000756284652,7.56284652023709e-05,-0.146796863495426,7.56284652023709e-05,7.56284652023709e-05,7.56284652023709e-05,0,0,0,insufficient_gain,insufficient_gain,v3_insufficient_gain,NaN,NaN,NaN,NaN,0,0,0.215228253638357,0.0267652515644399,25.2981757578074,0.000170368349954542,0.000133700267518577
LOS,10,20,42,20270109,9.99287682880413,9.99927403131642,9.99287682880413,9.99287682880413,9.99287682880413,-0.00712317119586636,-0.000725968683575218,-0.00712317119586636,-0.00712317119586636,-0.00712317119586636,0,0,0,candidate_invalid,candidate_invalid,v3_candidate_invalid,NaN,NaN,NaN,NaN,0,0,0.475217531671344,0.00638724401385525,92.5792333903412,0.000237274490212602,0.000124517492645193
LOS,10,20,43,20270109,10.0113497293738,9.90271178666931,10.0113497293738,10.0113497293738,10.0113497293738,0.0113497293737854,-0.0972882133306925,0.0113497293737854,0.0113497293737854,0.0113497293737854,0,0,0,candidate_invalid,candidate_invalid,v3_candidate_invalid,NaN,NaN,NaN,NaN,0,0,0.21889086388404,0.0178024643776194,30.9724152497855,0.000189258422891303,0.000147831483207295
LOS,10,20,44,20270109,9.98857139737751,10.2230203000229,9.98857139737751,9.98857139737751,9.98857139737751,-0.0114286026224928,0.223020300022867,-0.0114286026224928,-0.0114286026224928,-0.0114286026224928,0,0,0,insufficient_gain,insufficient_gain,v3_insufficient_gain,NaN,NaN,NaN,NaN,0,0,0.215471973042336,0.0381331141550671,23.6535868267395,8.76249045262956e-05,6.87441934603683e-05
LOS,10,20,45,20270109,10.0263450656734,10.3335848047336,10.0263450656734,10.0263450656734,10.0263450656734,0.0263450656734499,0.333584804733551,0.0263450656734499,0.0263450656734499,0.0263450656734499,0,0,0,insufficient_gain,insufficient_gain,v3_insufficient_gain,NaN,NaN,NaN,NaN,0,0,0.0194802381650091,0.0805657179009772,12.3100919667607,0.000144927798264138,0.000142104570237223
LOS,10,20,46,20270109,10.0302926533386,10.3214277349925,10.0302926533386,10.0302926533386,10.0302926533386,0.0302926533385879,0.321427734992458,0.0302926533385879,0.0302926533385879,0.0302926533385879,0,0,0,insufficient_gain,insufficient_gain,v3_insufficient_gain,NaN,NaN,NaN,NaN,0,0,0.356054708144364,0.042509621448161,28.2728714292336,0.000157658735282062,0.000101523600304798
LOS,10,20,47,20270109,10.0063529058358,9.77235857102801,10.0063529058358,10.0063529058358,10.0063529058358,0.00635290583579007,-0.227641428971985,0.00635290583579007,0.00635290583579007,0.00635290583579007,0,0,0,insufficient_gain,insufficient_gain,v3_insufficient_gain,NaN,NaN,NaN,NaN,0,0,0.299531538770059,0.0838679761030752,14.005796396511,0.000191418556709566,0.000134082661869206
LOS,10,20,48,20270109,10.0034481531084,9.97546640871231,10.0034481531084,10.0034481531084,10.0034481531084,0.00344815310838875,-0.0245335912876889,0.00344815310838875,0.00344815310838875,0.00344815310838875,0,0,0,insufficient_gain,insufficient_gain,v3_insufficient_gain,NaN,NaN,NaN,NaN,0,0,0.0150114609268914,0.0500739514956139,5.1546584714299,8.94106373954262e-05,8.80684531057163e-05
LOS,10,20,49,20270109,10.0149665984364,10.7580422136913,10.0149665984364,10.0149665984364,10.0149665984364,0.0149665984363825,0.75804221369129,0.0149665984363825,0.0149665984363825,0.0149665984363825,0,0,0,insufficient_gain,insufficient_gain,v3_insufficient_gain,NaN,NaN,NaN,NaN,0,0,0.170697742791658,0.18789476551318,11.5016605708376,0.000152328428742354,0.000126326309793034
LOS,10,20,50,20270109,10.0204814566565,9.91460654367418,10.0204814566565,10.0204814566565,10.0204814566565,0.0204814566564533,-0.0853934563258214,0.0204814566564533,0.0204814566564533,0.0204814566564533,0,0,0,insufficient_gain,insufficient_gain,v3_insufficient_gain,NaN,NaN,NaN,NaN,0,0,0.150105142721011,0.038946762843255,15.6963605490028,0.000202191383448902,0.000171841416979346
LOS,15,20,1,20270109,14.9892569381239,14.9981266977276,14.9892569381239,14.9892569381239,14.9892569381239,-0.0107430618761359,-0.00187330227235805,-0.0107430618761359,-0.0107430618761359,-0.0107430618761359,0,0,0,candidate_invalid,candidate_invalid,v3_candidate_invalid,NaN,NaN,NaN,NaN,0,0,0.15388647119155,0.00408251061051683,99.8588453175746,0.000147724565138452,0.000124991753100989
LOS,15,20,2,20270109,15.0303336024773,15.0321133956234,15.0303336024773,15.0303336024773,15.0303336024773,0.0303336024772776,0.0321133956234441,0.0303336024772776,0.0303336024772776,0.0303336024772776,0,0,0,candidate_invalid,candidate_invalid,v3_candidate_invalid,NaN,NaN,NaN,NaN,0,0,0,3.25625334168825e-14,44.3944205793527,0.000152717774259514,0.000152717774259514
LOS,15,20,3,20270109,15.0072982163752,15.0142976783864,15.0072982163752,15.0072982163752,15.0072982163752,0.00729821637517603,0.0142976783864235,0.00729821637517603,0.00729821637517603,0.00729821637517603,0,0,0,candidate_invalid,candidate_invalid,v3_candidate_invalid,NaN,NaN,NaN,NaN,0,0,0.0564809809645693,0.00198836224180679,99.9991277661874,0.000126999499194147,0.000119826442897653
LOS,15,20,4,20270109,15.0233442121607,15.3528880229471,15.0233442121607,15.0233442121607,15.0233442121607,0.0233442121607119,0.352888022947099,0.0233442121607119,0.0233442121607119,0.0233442121607119,0,0,0,insufficient_gain,insufficient_gain,v3_insufficient_gain,NaN,NaN,NaN,NaN,0,0,0.372248727242465,0.134639676402055,8.53898002360484,8.8933216299214e-05,5.58279397222528e-05
LOS,15,20,5,20270109,15.0163012252205,14.9771108737926,15.0163012252205,15.0163012252205,15.0163012252205,0.0163012252204755,-0.02288912620741,0.0163012252204755,0.0163012252204755,0.0163012252204755,0,0,0,insufficient_gain,insufficient_gain,v3_insufficient_gain,NaN,NaN,NaN,NaN,0,0,0.0131581600099001,0.0556314150044704,5.53864885681547,0.000115127835428996,0.000113612964948828
LOS,15,20,6,20270109,15.0091122202879,15.0218988433244,15.0091122202879,15.0091122202879,15.0091122202879,0.00911222028790348,0.0218988433244007,0.00911222028790348,0.00911222028790348,0.00911222028790348,0,0,0,insufficient_gain,insufficient_gain,v3_insufficient_gain,NaN,NaN,NaN,NaN,0,0,0.0275540038014556,0.0222599812925132,10.8182479343664,0.000171856901938217,0.000167121556208905
LOS,15,20,7,20270109,15.0082955581889,15.382811807092,15.0082955581889,15.0082955581889,15.0082955581889,0.0082955581889248,0.382811807091965,0.0082955581889248,0.0082955581889248,0.0082955581889248,0,0,0,insufficient_gain,insufficient_gain,v3_insufficient_gain,NaN,NaN,NaN,NaN,0,0,0.0723916835373602,0.208152988132827,5.0016260662548,5.44256090095896e-05,5.04856475458393e-05
LOS,15,20,8,20270109,15.0043014095866,15.3639579905409,15.0043014095866,15.0043014095866,15.0043014095866,0.00430140958664182,0.363957990540904,0.00430140958664182,0.00430140958664182,0.00430140958664182,0,0,0,insufficient_gain,insufficient_gain,v3_insufficient_gain,NaN,NaN,NaN,NaN,0,0,0.148226485896769,0.148316558058121,7.62605555223836,0.000103221970347178,8.79217404152755e-05
LOS,15,20,9,20270109,14.9838288443633,15.3140976599864,14.9838288443633,14.9838288443633,14.9838288443633,-0.016171155636723,0.314097659986381,-0.016171155636723,-0.016171155636723,-0.016171155636723,0,0,0,insufficient_gain,insufficient_gain,v3_insufficient_gain,NaN,NaN,NaN,NaN,0,0,0.222928248749575,0.151826597590536,7.33803811353406,0.000112868647757614,8.77070377742761e-05
LOS,15,20,10,20270109,14.9921257867182,15.2096304919216,14.9921257867182,14.9921257867182,14.9921257867182,-0.00787421328184656,0.209630491921617,-0.00787421328184656,-0.00787421328184656,-0.00787421328184656,0,0,0,insufficient_gain,insufficient_gain,v3_insufficient_gain,NaN,NaN,NaN,NaN,0,0,0.000916183688218041,0.129819850959079,5.00002015772751,8.2355809091883e-05,8.2280356042963e-05
LOS,15,20,11,20270109,14.998502318789,14.9580192389301,14.998502318789,14.998502318789,14.998502318789,-0.00149768121101879,-0.0419807610698513,-0.00149768121101879,-0.00149768121101879,-0.00149768121101879,0,0,0,insufficient_gain,insufficient_gain,v3_insufficient_gain,NaN,NaN,NaN,NaN,0,0,0.059232561629432,0.0284796809852957,9.20730562416215,5.04202496667272e-05,4.74337291209714e-05
LOS,15,20,12,20270109,14.9888857604128,14.9843644371319,14.9888857604128,14.9888857604128,14.9888857604128,-0.011114239587247,-0.0156355628681091,-0.011114239587247,-0.011114239587247,-0.011114239587247,0,0,0,candidate_invalid,candidate_invalid,v3_candidate_invalid,NaN,NaN,NaN,NaN,0,0,0.341630078139392,0.00488671275654893,99.9977015195348,0.000118352469356653,7.79197060023495e-05
LOS,15,20,13,20270109,15.0000110850671,15.0062544664519,15.0000110850671,15.0000110850671,15.0000110850671,1.10850671291018e-05,0.0062544664518569,1.10850671291018e-05,1.10850671291018e-05,1.10850671291018e-05,0,0,0,candidate_invalid,candidate_invalid,v3_candidate_invalid,NaN,NaN,NaN,NaN,0,0,0.0168023644478884,0.00593892018876788,15.6147307492164,8.50535787659812e-05,8.3624477537958e-05
LOS,15,20,14,20270109,15.0327800630614,14.9859532176585,15.0327800630614,15.0327800630614,15.0327800630614,0.0327800630614234,-0.0140467823414951,0.0327800630614234,0.0327800630614234,0.0327800630614234,0,0,0,candidate_invalid,candidate_invalid,v3_candidate_invalid,NaN,NaN,NaN,NaN,0,0,0.0402006304404419,0.00643680153737424,40.8292792055727,0.000155493129930351,0.000149242208077993
LOS,15,20,15,20270109,15.0205165312915,15.0283274578141,15.0205165312915,15.0205165312915,15.0205165312915,0.0205165312914737,0.0283274578140507,0.0205165312914737,0.0205165312914737,0.0205165312914737,0,0,0,candidate_invalid,candidate_invalid,v3_candidate_invalid,NaN,NaN,NaN,NaN,0,0,0.0802456399628767,0.016453261146978,12.6424573153694,5.81502189775929e-05,5.34839174417545e-05
LOS,15,20,16,20270109,14.9828145795213,15.46003786264,14.9828145795213,14.9828145795213,14.9828145795213,-0.0171854204786825,0.460037862639968,-0.0171854204786825,-0.0171854204786825,-0.0171854204786825,0,0,0,insufficient_gain,insufficient_gain,v3_insufficient_gain,NaN,NaN,NaN,NaN,0,0,0.526874966521526,0.124598934382459,13.0499837207306,0.000172788919387656,8.17507632699943e-05
LOS,15,20,17,20270109,15.0084162601671,14.9624639629843,15.0084162601671,15.0084162601671,15.0084162601671,0.00841626016709718,-0.0375360370156947,0.00841626016709718,0.00841626016709718,0.00841626016709718,0,0,0,candidate_invalid,candidate_invalid,v3_candidate_invalid,NaN,NaN,NaN,NaN,0,0,0.0963856132418392,0.00689373030266532,38.3243576067414,0.000136704016520328,0.000123527716055394
LOS,15,20,18,20270109,14.9744800522623,14.8459688907488,14.9744800522623,14.9744800522623,14.9744800522623,-0.0255199477377115,-0.154031109251232,-0.0255199477377115,-0.0255199477377115,-0.0255199477377115,0,0,0,insufficient_gain,insufficient_gain,v3_insufficient_gain,NaN,NaN,NaN,NaN,0,0,0.497384519086143,0.023504935179833,27.244210740018,0.000102282105918006,5.14085698548605e-05
LOS,15,20,19,20270109,14.989509484297,14.9963374742893,14.989509484297,14.989509484297,14.989509484297,-0.0104905157030277,-0.00366252571066994,-0.0104905157030277,-0.0104905157030277,-0.0104905157030277,0,0,0,candidate_invalid,candidate_invalid,v3_candidate_invalid,NaN,NaN,NaN,NaN,0,0,0.210087909975275,0.00286410663475437,96.4734669108497,0.000127384469924552,0.000100622532874795
LOS,15,20,20,20270109,15.0387655861788,15.0386615989492,15.0387655861788,15.0387655861788,15.0387655861788,0.0387655861788332,0.0386615989492469,0.0387655861788332,0.0387655861788332,0.0387655861788332,0,0,0,candidate_invalid,candidate_invalid,v3_candidate_invalid,NaN,NaN,NaN,NaN,0,0,5.53206658935817e-12,1.06861443420581e-13,46.4726926522219,0.000120413195324964,0.000120413195324298
LOS,15,20,21,20270109,14.9969977754625,14.9238650639644,14.9969977754625,14.9969977754625,14.9969977754625,-0.0030022245375001,-0.0761349360355936,-0.0030022245375001,-0.0030022245375001,-0.0030022245375001,0,0,0,candidate_invalid,candidate_invalid,v3_candidate_invalid,NaN,NaN,NaN,NaN,0,0,0.187770419352822,0.0117976813633968,32.1399581116161,0.00011452841546844,9.30233668681169e-05
LOS,15,20,22,20270109,14.9848139714751,15.2941261363019,14.9848139714751,14.9848139714751,14.9848139714751,-0.0151860285248588,0.294126136301868,-0.0151860285248588,-0.0151860285248588,-0.0151860285248588,0,0,0,insufficient_gain,insufficient_gain,v3_insufficient_gain,NaN,NaN,NaN,NaN,0,0,0.13139766729848,0.202302746826366,5.0000745559833,9.9055067367404e-05,8.60394625812333e-05
LOS,15,20,23,20270109,15.011513308159,15.0036516103627,15.011513308159,15.011513308159,15.011513308159,0.011513308158996,0.00365161036265249,0.011513308158996,0.011513308158996,0.011513308158996,0,0,0,candidate_invalid,candidate_invalid,v3_candidate_invalid,NaN,NaN,NaN,NaN,0,0,0.339620709204223,0.00503882285049671,97.6949506004577,0.000113656251258476,7.5056234600579e-05
LOS,15,20,24,20270109,15.005866611687,15.3682174075267,15.005866611687,15.005866611687,15.005866611687,0.0058666116869599,0.368217407526677,0.0058666116869599,0.0058666116869599,0.0058666116869599,0,0,0,insufficient_gain,insufficient_gain,v3_insufficient_gain,NaN,NaN,NaN,NaN,0,0,0.184180269487668,0.124750763554275,9.11918076664589,5.56857340854311e-05,4.54295205749577e-05
LOS,15,20,25,20270109,14.9758803584197,14.9909839214764,14.9758803584197,14.9758803584197,14.9758803584197,-0.0241196415803291,-0.00901607852363639,-0.0241196415803291,-0.0241196415803291,-0.0241196415803291,0,0,0,candidate_invalid,candidate_invalid,v3_candidate_invalid,NaN,NaN,NaN,NaN,0,0,0.0597250008455175,0.00346531587886078,63.3993051055041,0.000217932717851754,0.000204916686093792
LOS,15,20,26,20270109,14.9988634491244,15.5083095878992,14.9988634491244,14.9988634491244,14.9988634491244,-0.00113655087562847,0.508309587899177,-0.00113655087562847,-0.00113655087562847,-0.00113655087562847,0,0,0,insufficient_gain,insufficient_gain,v3_insufficient_gain,NaN,NaN,NaN,NaN,0,0,0.148527180147179,0.149121994265599,10.3264604549463,9.59273830722918e-05,8.16795593656661e-05
LOS,15,20,27,20270109,15.000097734206,15.0353833823605,15.000097734206,15.000097734206,15.000097734206,9.77342059602648e-05,0.0353833823604717,9.77342059602648e-05,9.77342059602648e-05,9.77342059602648e-05,0,0,0,insufficient_gain,insufficient_gain,v3_insufficient_gain,NaN,NaN,NaN,NaN,0,0,0.0459907348129976,0.0384770032291871,8.30120552575958,9.51142848903963e-05,9.07399090370742e-05
LOS,15,20,28,20270109,15.0052553002984,15.5121710566567,15.0052553002984,15.0052553002984,15.0052553002984,0.00525530029843324,0.512171056656726,0.00525530029843324,0.00525530029843324,0.00525530029843324,0,0,0,insufficient_gain,insufficient_gain,v3_insufficient_gain,NaN,NaN,NaN,NaN,0,0,0.137769189962137,0.120883239392726,13.3626763428222,0.000136317148215159,0.000117536845127608
LOS,15,20,29,20270109,14.9951062178296,15.3783765600502,14.9951062178296,14.9951062178296,14.9951062178296,-0.00489378217041292,0.378376560050217,-0.00489378217041292,-0.00489378217041292,-0.00489378217041292,0,0,0,insufficient_gain,insufficient_gain,v3_insufficient_gain,NaN,NaN,NaN,NaN,0,0,0.209913064559332,0.140589266703306,8.92417928424869,0.000145800397797657,0.000115194989481981
LOS,15,20,30,20270109,15.0024782699008,14.9971046067897,15.0024782699008,15.0024782699008,15.0024782699008,0.00247826990082523,-0.00289539321029864,0.00247826990082523,0.00247826990082523,0.00247826990082523,0,0,0,candidate_invalid,candidate_invalid,v3_candidate_invalid,NaN,NaN,NaN,NaN,0,0,0.103862080066494,0.0029341297348816,99.8203248104368,0.000155029153979136,0.000138927503575914
LOS,15,20,31,20270109,15.0137149161338,15.0206044964335,15.0137149161338,15.0137149161338,15.0137149161338,0.01371491613377,0.0206044964335028,0.01371491613377,0.01371491613377,0.01371491613377,0,0,0,candidate_invalid,candidate_invalid,v3_candidate_invalid,NaN,NaN,NaN,NaN,0,0,0.203823697846526,0.00382129735647129,99.9999171689671,0.000128151458721915,0.000102031154520787
LOS,15,20,32,20270109,15.0012993279493,14.9644934037071,15.0012993279493,15.0012993279493,15.0012993279493,0.0012993279492779,-0.0355065962929011,0.0012993279492779,0.0012993279492779,0.0012993279492779,0,0,0,candidate_invalid,candidate_invalid,v3_candidate_invalid,NaN,NaN,NaN,NaN,0,0,0.246146326807773,0.00729346131952073,61.1818288730308,0.000191888238579629,0.00014465565349564
LOS,15,20,33,20270109,14.9900340008132,15.3239030432834,14.9900340008132,14.9900340008132,14.9900340008132,-0.0099659991867771,0.323903043283378,-0.0099659991867771,-0.0099659991867771,-0.0099659991867771,0,0,0,insufficient_gain,insufficient_gain,v3_insufficient_gain,NaN,NaN,NaN,NaN,0,0,0.0096568981127294,0.180258266765577,5.18108616751585,0.000150648212861482,0.000149193418419014
LOS,15,20,34,20270109,14.9953365114482,14.9967424492048,14.9953365114482,14.9953365114482,14.9953365114482,-0.00466348855177756,-0.00325755079515488,-0.00466348855177756,-0.00466348855177756,-0.00466348855177756,0,0,0,candidate_invalid,candidate_invalid,v3_candidate_invalid,NaN,NaN,NaN,NaN,0,0,7.98535362659374e-12,8.72771655541885e-12,36.3443360399172,5.56129672668604e-05,5.56129672664163e-05
LOS,15,20,35,20270109,15.0341977967798,15.3936572672123,15.0341977967798,15.0341977967798,15.0341977967798,0.0341977967798428,0.393657267212266,0.0341977967798428,0.0341977967798428,0.0341977967798428,0,0,0,insufficient_gain,insufficient_gain,v3_insufficient_gain,NaN,NaN,NaN,NaN,0,0,0.188890054484777,0.2020730390904,5.78370205820195,0.00013064016624309,0.000105963538123532
LOS,15,20,36,20270109,15.0318791849123,15.5459062672554,15.0318791849123,15.0318791849123,15.0318791849123,0.0318791849122597,0.545906267255445,0.0318791849122597,0.0318791849122597,0.0318791849122597,0,0,0,insufficient_gain,insufficient_gain,v3_insufficient_gain,NaN,NaN,NaN,NaN,0,0,0.0570152252380961,0.172824457361122,8.53513007593301,8.82511069479897e-05,8.32194502078387e-05
LOS,15,20,37,20270109,15.0009313065744,15.4843988273632,15.0009313065744,15.0009313065744,15.0009313065744,0.000931306574438295,0.484398827363229,0.000931306574438295,0.000931306574438295,0.000931306574438295,0,0,0,insufficient_gain,insufficient_gain,v3_insufficient_gain,NaN,NaN,NaN,NaN,0,0,0.0905694736952396,0.142735804685731,10.1194057892442,8.57963861555788e-05,7.80258526165145e-05
LOS,15,20,38,20270109,15.009719050014,15.3061505079958,15.009719050014,15.009719050014,15.009719050014,0.00971905001400586,0.306150507995774,0.00971905001400586,0.00971905001400586,0.00971905001400586,0,0,0,insufficient_gain,insufficient_gain,v3_insufficient_gain,NaN,NaN,NaN,NaN,0,0,0.0542034217245712,0.187805945519171,5.0003354098371,0.000126449029327125,0.000119595059263844
LOS,15,20,39,20270109,14.9939410934722,15.1711276022549,14.9939410934722,14.9939410934722,14.9939410934722,-0.00605890652784069,0.171127602254868,-0.00605890652784069,-0.00605890652784069,-0.00605890652784069,0,0,0,insufficient_gain,insufficient_gain,v3_insufficient_gain,NaN,NaN,NaN,NaN,0,0,0.0615596636712365,0.129529556400122,5.17631551453539,9.66292388655532e-05,9.06807754201822e-05
LOS,15,20,40,20270109,15.0148146376108,15.3539322958547,15.0148146376108,15.0148146376108,15.0148146376108,0.0148146376107761,0.353932295854726,0.0148146376107761,0.0148146376107761,0.0148146376107761,0,0,0,insufficient_gain,insufficient_gain,v3_insufficient_gain,NaN,NaN,NaN,NaN,0,0,0.137619557399211,0.0845691659082589,13.4757468138151,0.00012034774636871,0.000103785542779455
LOS,15,20,41,20270109,15.0199768135567,15.0765586862285,15.0199768135567,15.0199768135567,15.0199768135567,0.0199768135566512,0.0765586862285232,0.0199768135566512,0.0199768135566512,0.0199768135566512,0,0,0,candidate_invalid,candidate_invalid,v3_candidate_invalid,NaN,NaN,NaN,NaN,0,0,0.00614706298677447,0.0148733474570607,14.0428178500756,0.000148068884150199,0.000147158695392946
LOS,15,20,42,20270109,14.994800869059,14.8901422204375,14.994800869059,14.994800869059,14.994800869059,-0.00519913094095514,-0.10985777956245,-0.00519913094095514,-0.00519913094095514,-0.00519913094095514,0,0,0,insufficient_gain,insufficient_gain,v3_insufficient_gain,NaN,NaN,NaN,NaN,0,0,0.141039614381839,0.0221748359844577,17.445753592466,6.23251432929628e-05,5.35348291166304e-05
LOS,15,20,43,20270109,15.0145154153525,15.0201438185928,15.0145154153525,15.0145154153525,15.0145154153525,0.0145154153525446,0.0201438185927643,0.0145154153525446,0.0145154153525446,0.0145154153525446,0,0,0,candidate_invalid,candidate_invalid,v3_candidate_invalid,NaN,NaN,NaN,NaN,0,0,0.398808653754436,0.00599037611554528,93.8645109163312,0.000163761191929845,9.8451811439082e-05
LOS,15,20,44,20270109,14.9980304758756,15.2231722003493,14.9980304758756,14.9980304758756,14.9980304758756,-0.0019695241244353,0.223172200349286,-0.0019695241244353,-0.0019695241244353,-0.0019695241244353,0,0,0,insufficient_gain,insufficient_gain,v3_insufficient_gain,NaN,NaN,NaN,NaN,0,0,0.0828465724277061,0.156933770504427,5.00000078355037,8.75978501446717e-05,8.03406685081498e-05
LOS,15,20,45,20270109,14.9880106968709,14.9547966295505,14.9880106968709,14.9880106968709,14.9880106968709,-0.0119893031291056,-0.0452033704495207,-0.0119893031291056,-0.0119893031291056,-0.0119893031291056,0,0,0,candidate_invalid,candidate_invalid,v3_candidate_invalid,NaN,NaN,NaN,NaN,0,0,0.00527466496366011,0.0105915067546046,11.1293637511994,8.9013271884042e-05,8.85437566975344e-05
LOS,15,20,46,20270109,14.9886779131732,14.9880267084274,14.9886779131732,14.9886779131732,14.9886779131732,-0.0113220868268105,-0.0119732915726374,-0.0113220868268105,-0.0113220868268105,-0.0113220868268105,0,0,0,candidate_invalid,candidate_invalid,v3_candidate_invalid,NaN,NaN,NaN,NaN,0,0,0.00555947124780441,0.0188490104123398,6.73949220138083,9.23459543578087e-05,9.18325596797054e-05
LOS,15,20,47,20270109,15.0185734290852,14.9629099956977,15.0185734290852,15.0185734290852,15.0185734290852,0.018573429085226,-0.0370900043022786,0.018573429085226,0.018573429085226,0.018573429085226,0,0,0,insufficient_gain,insufficient_gain,v3_insufficient_gain,NaN,NaN,NaN,NaN,0,0,0.0591585426898562,0.0227355472396912,13.5128916063929,0.000110950653213093,0.000104386974258519
LOS,15,20,48,20270109,15.0218198134756,15.2099558282692,15.0218198134756,15.0218198134756,15.0218198134756,0.0218198134756129,0.209955828269184,0.0218198134756129,0.0218198134756129,0.0218198134756129,0,0,0,insufficient_gain,insufficient_gain,v3_insufficient_gain,NaN,NaN,NaN,NaN,0,0,0.0196533348551323,0.12358932047341,5.00000434613331,0.000103101626245827,0.000101075335461109
LOS,15,20,49,20270109,14.9992089323299,14.9855197957522,14.9992089323299,14.9992089323299,14.9992089323299,-0.000791067670068202,-0.0144802042478176,-0.000791067670068202,-0.000791067670068202,-0.000791067670068202,0,0,0,candidate_invalid,candidate_invalid,v3_candidate_invalid,NaN,NaN,NaN,NaN,0,0,0.256961053753923,0.00387583819543716,68.1258952869683,8.26055879856735e-05,6.13791690509125e-05
LOS,15,20,50,20270109,15.0063101430838,14.9621110064972,15.0063101430838,15.0063101430838,15.0063101430838,0.00631014308379285,-0.0378889935027971,0.00631014308379285,0.00631014308379285,0.00631014308379285,0,0,0,candidate_invalid,candidate_invalid,v3_candidate_invalid,NaN,NaN,NaN,NaN,0,0,0.141129588157363,0.0104499895446347,28.7796071154304,0.000127937735648453,0.000109881935706602
LOS,20,20,1,20270109,19.9999166780322,20.409905858037,19.9999166780322,19.9999166780322,19.9999166780322,-8.33219677680574e-05,0.409905858037042,-8.33219677680574e-05,-8.33219677680574e-05,-8.33219677680574e-05,0,0,0,insufficient_gain,insufficient_gain,v3_insufficient_gain,NaN,NaN,NaN,NaN,0,0,0.251207899350314,0.074526117175807,19.5160048422271,0.000120145101939251,8.99637032638623e-05
LOS,20,20,2,20270109,20.0149779151577,20.4866402734836,20.0149779151577,20.0149779151577,20.0149779151577,0.0149779151577043,0.486640273483573,0.0149779151577043,0.0149779151577043,0.0149779151577043,0,0,0,insufficient_gain,insufficient_gain,v3_insufficient_gain,NaN,NaN,NaN,NaN,0,0,0.163840149357195,0.101255566099104,15.2644728802373,8.70309455214269e-05,7.27717824084984e-05
LOS,20,20,3,20270109,20.0046601796584,20.0930377749285,20.0046601796584,20.0046601796584,20.0046601796584,0.00466017965844756,0.0930377749284901,0.00466017965844756,0.00466017965844756,0.00466017965844756,0,0,0,candidate_invalid,candidate_invalid,v3_candidate_invalid,NaN,NaN,NaN,NaN,0,0,0.0536118785316987,0.016264945072493,21.0195420933887,6.22611903615677e-05,5.89232509866644e-05
LOS,20,20,4,20270109,20.022352175099,20.4471506084322,20.022352175099,20.022352175099,20.022352175099,0.0223521750989555,0.447150608432182,0.0223521750989555,0.0223521750989555,0.0223521750989555,0,0,0,insufficient_gain,insufficient_gain,v3_insufficient_gain,NaN,NaN,NaN,NaN,0,0,0.0333348588288565,0.127037054937427,10.2391978337673,0.000152243339679003,0.00014716832944317
LOS,20,20,5,20270109,19.9991942781315,20.3809420638619,19.9991942781315,19.9991942781315,19.9991942781315,-0.000805721868516684,0.380942063861937,-0.000805721868516684,-0.000805721868516684,-0.000805721868516684,0,0,0,insufficient_gain,insufficient_gain,v3_insufficient_gain,NaN,NaN,NaN,NaN,0,0,0.240984357550052,0.0684043611083828,20.0994064514969,0.000100664501880843,7.64059315669918e-05
LOS,20,20,6,20270109,20.0227673640529,20.1265881175066,20.0227673640529,20.0227673640529,20.0227673640529,0.0227673640529282,0.126588117506593,0.0227673640529282,0.0227673640529282,0.0227673640529282,0,0,0,candidate_invalid,candidate_invalid,v3_candidate_invalid,NaN,NaN,NaN,NaN,0,0,0.0194741930080129,0.0185655689852577,21.619657331036,0.000152826813500706,0.000149850634637794
LOS,20,20,7,20270109,19.9896824374819,19.9523272372076,19.9896824374819,19.9896824374819,19.9896824374819,-0.0103175625181109,-0.0476727627923594,-0.0103175625181109,-0.0103175625181109,-0.0103175625181109,0,0,0,candidate_invalid,candidate_invalid,v3_candidate_invalid,NaN,NaN,NaN,NaN,0,0,0.115906517641342,0.00571067994695668,52.2176223624596,0.000154043852091501,0.000136189165631517
LOS,20,20,8,20270109,19.9749445494084,19.9742776818881,19.9749445494084,19.9749445494084,19.9749445494084,-0.0250554505915694,-0.0257223181118675,-0.0250554505915694,-0.0250554505915694,-0.0250554505915694,0,0,0,candidate_invalid,candidate_invalid,v3_candidate_invalid,NaN,NaN,NaN,NaN,0,0,0.17825295368595,0.00406591117496155,87.9896937734284,0.00017161511668462,0.000141024215238428
LOS,20,20,9,20270109,19.9992541035622,19.9317858910876,19.9992541035622,19.9992541035622,19.9992541035622,-0.000745896437813087,-0.0682141089123789,-0.000745896437813087,-0.000745896437813087,-0.000745896437813087,0,0,0,insufficient_gain,insufficient_gain,v3_insufficient_gain,NaN,NaN,NaN,NaN,0,0,0.0642635418747898,0.0440460108180104,8.77440316394208,7.26307847003227e-05,6.79632732263347e-05
LOS,20,20,10,20270109,20.0133269404933,20.0161355445732,20.0133269404933,20.0133269404933,20.0133269404933,0.0133269404933216,0.0161355445732028,0.0133269404933216,0.0133269404933216,0.0133269404933216,0,0,0,insufficient_gain,insufficient_gain,v3_insufficient_gain,NaN,NaN,NaN,NaN,0,0,0.00166958914705277,0.021437218330136,5.03657585349374,0.000101185176361485,0.000101016238689189
LOS,20,20,11,20270109,20.0159616473392,20.5274921824457,20.0159616473392,20.0159616473392,20.0159616473392,0.0159616473392248,0.52749218244573,0.0159616473392248,0.0159616473392248,0.0159616473392248,0,0,0,insufficient_gain,insufficient_gain,v3_insufficient_gain,NaN,NaN,NaN,NaN,0,0,0.0154283554534333,0.205096253717292,6.7891450132524,0.000111865099344799,0.000110139204829274
LOS,20,20,12,20270109,19.9771725845031,20.2895826200776,19.9771725845031,19.9771725845031,19.9771725845031,-0.0228274154969341,0.289582620077553,-0.0228274154969341,-0.0228274154969341,-0.0228274154969341,0,0,0,insufficient_gain,insufficient_gain,v3_insufficient_gain,NaN,NaN,NaN,NaN,0,0,0.116323182122925,0.0571845604199407,19.2952648385446,0.000110609237490511,9.77428190134244e-05
LOS,20,20,13,20270109,20.0347089109261,19.9830532685521,20.0347089109261,20.0347089109261,20.0347089109261,0.0347089109261383,-0.0169467314479022,0.0347089109261383,0.0347089109261383,0.0347089109261383,0,0,0,candidate_invalid,candidate_invalid,v3_candidate_invalid,NaN,NaN,NaN,NaN,0,0,0.254383400276186,0.007534539535249,42.5034920790847,6.99900445779722e-05,5.21857390527458e-05
LOS,20,20,14,20270109,19.977638749778,20.5164706793253,19.977638749778,19.977638749778,19.977638749778,-0.0223612502220085,0.516470679325344,-0.0223612502220085,-0.0223612502220085,-0.0223612502220085,0,0,0,insufficient_gain,insufficient_gain,v3_insufficient_gain,NaN,NaN,NaN,NaN,0,0,0.13843671869456,0.137930872627531,11.9254633635144,7.45351314421772e-05,6.42167324178544e-05
LOS,20,20,15,20270109,19.9778201304089,19.9414736407743,19.9778201304089,19.9778201304089,19.9778201304089,-0.0221798695910849,-0.0585263592257377,-0.0221798695910849,-0.0221798695910849,-0.0221798695910849,0,0,0,insufficient_gain,insufficient_gain,v3_insufficient_gain,NaN,NaN,NaN,NaN,0,0,0.133760595784,0.0477890095772731,8.75829278812704,5.89287043373243e-05,5.10463657363847e-05
LOS,20,20,16,20270109,19.9806228137415,19.959669904831,19.9806228137415,19.9806228137415,19.9806228137415,-0.0193771862585024,-0.0403300951689545,-0.0193771862585024,-0.0193771862585024,-0.0193771862585024,0,0,0,candidate_invalid,candidate_invalid,v3_candidate_invalid,NaN,NaN,NaN,NaN,0,0,0.192833401211962,0.00449965449861221,60.6732324060406,0.000127471935083001,0.000102891088281876
LOS,20,20,17,20270109,19.9976593893034,20.4390459322175,19.9976593893034,19.9976593893034,19.9976593893034,-0.00234061069658509,0.439045932217482,-0.00234061069658509,-0.00234061069658509,-0.00234061069658509,0,0,0,insufficient_gain,insufficient_gain,v3_insufficient_gain,NaN,NaN,NaN,NaN,0,0,0.181069964748865,0.0895432587416057,16.6891749400058,0.000142882083164153,0.000117010429402375
LOS,20,20,18,20270109,20.0167099731383,20.0149064052051,20.0167099731383,20.0167099731383,20.0167099731383,0.0167099731383011,0.0149064052051244,0.0167099731383011,0.0167099731383011,0.0167099731383011,0,0,0,candidate_invalid,candidate_invalid,v3_candidate_invalid,NaN,NaN,NaN,NaN,0,0,0.0679631644552631,0.00215502262710715,60.1503972417356,0.000135386490703215,0.000126185196370532
LOS,20,20,19,20270109,20.0077405819322,20.0015916645472,20.0077405819322,20.0077405819322,20.0077405819322,0.00774058193215055,0.00159166454724868,0.00774058193215055,0.00774058193215055,0.00774058193215055,0,0,0,candidate_invalid,candidate_invalid,v3_candidate_invalid,NaN,NaN,NaN,NaN,0,0,0.473555033370271,0.00573725777039017,69.5297562798828,0.000141517404585789,7.45011253346917e-05
LOS,20,20,20,20270109,20.0064529977197,20.0046070316858,20.0064529977197,20.0064529977197,20.0064529977197,0.00645299771968766,0.0046070316857616,0.00645299771968766,0.00645299771968766,0.00645299771968766,0,0,0,candidate_invalid,candidate_invalid,v3_candidate_invalid,NaN,NaN,NaN,NaN,0,0,0.000784804756875549,0.000785409486495429,13.3330882957012,8.96790289555138e-05,8.96086484269976e-05
LOS,20,20,21,20270109,20.0181131740956,20.0194801221286,20.0181131740956,20.0181131740956,20.0181131740956,0.018113174095614,0.0194801221286198,0.018113174095614,0.018113174095614,0.018113174095614,0,0,0,candidate_invalid,candidate_invalid,v3_candidate_invalid,NaN,NaN,NaN,NaN,0,0,0.069819480162829,0.00240979753660468,88.3509874040321,0.000153523089421848,0.000142804187125423
LOS,20,20,22,20270109,20.0355289295663,20.619477205172,20.0355289295663,20.0355289295663,20.0355289295663,0.035528929566329,0.619477205172039,0.035528929566329,0.035528929566329,0.035528929566329,0,0,0,insufficient_gain,insufficient_gain,v3_insufficient_gain,NaN,NaN,NaN,NaN,0,0,0.380057936030328,0.108207065524936,18.281021639056,0.000143892348735575,8.92049196645761e-05
LOS,20,20,23,20270109,19.9981083375572,19.9667743206594,19.9981083375572,19.9981083375572,19.9981083375572,-0.0018916624428158,-0.0332256793406458,-0.0018916624428158,-0.0018916624428158,-0.0018916624428158,0,0,0,insufficient_gain,insufficient_gain,v3_insufficient_gain,NaN,NaN,NaN,NaN,0,0,0.205452069209038,0.0980573474783264,8.80708844825077,0.000183696224505425,0.000145955455074898
LOS,20,20,24,20270109,19.992900745314,19.9835053918375,19.992900745314,19.992900745314,19.992900745314,-0.00709925468602535,-0.0164946081625459,-0.00709925468602535,-0.00709925468602535,-0.00709925468602535,0,0,0,insufficient_gain,insufficient_gain,v3_insufficient_gain,NaN,NaN,NaN,NaN,0,0,0.492158689096028,0.104966696669167,8.66810895339685,8.5685991272566e-05,4.35148861339663e-05
LOS,20,20,25,20270109,19.9921438460432,19.992115193343,19.9921438460432,19.9921438460432,19.9921438460432,-0.00785615395677652,-0.00788480665701741,-0.00785615395677652,-0.00785615395677652,-0.00785615395677652,0,0,0,candidate_invalid,candidate_invalid,v3_candidate_invalid,NaN,NaN,NaN,NaN,0,0,0.266934366131846,0.00390028590378697,78.3194244944942,0.00011462075081381,8.40245333497691e-05
LOS,20,20,26,20270109,20.0199831880411,20.6164132403302,20.0199831880411,20.0199831880411,20.0199831880411,0.0199831880410777,0.616413240330218,0.0199831880410777,0.0199831880410777,0.0199831880410777,0,0,0,insufficient_gain,insufficient_gain,v3_insufficient_gain,NaN,NaN,NaN,NaN,0,0,0.390052214931599,0.170978939638249,10.6499769169424,0.000145109010876388,8.85089197775191e-05
LOS,20,20,27,20270109,19.9998318963445,19.9161680758016,19.9998318963445,19.9998318963445,19.9998318963445,-0.000168103655518337,-0.083831924198364,-0.000168103655518337,-0.000168103655518337,-0.000168103655518337,0,0,0,insufficient_gain,insufficient_gain,v3_insufficient_gain,NaN,NaN,NaN,NaN,0,0,0.0427032269262619,0.0217247240806515,15.2666081053332,0.000112545338996295,0.000107739289845643
LOS,20,20,28,20270109,19.9837611800195,20.4939238175046,19.9837611800195,19.9837611800195,19.9837611800195,-0.0162388199805434,0.49392381750458,-0.0162388199805434,-0.0162388199805434,-0.0162388199805434,0,0,0,insufficient_gain,insufficient_gain,v3_insufficient_gain,NaN,NaN,NaN,NaN,0,0,0.0220726046872179,0.191869518292704,7.38008756196905,0.000108181613212022,0.000105793763229167
LOS,20,20,29,20270109,20.0022479778292,19.9885195967831,20.0022479778292,20.0022479778292,20.0022479778292,0.00224797782924568,-0.0114804032168649,0.00224797782924568,0.00224797782924568,0.00224797782924568,0,0,0,candidate_invalid,candidate_invalid,v3_candidate_invalid,NaN,NaN,NaN,NaN,0,0,0.271284251678433,0.00364711643738216,62.8803281496321,7.33715144791702e-05,5.34669780791752e-05
LOS,20,20,30,20270109,20.0363774168065,20.0534183414139,20.0363774168065,20.0363774168065,20.0363774168065,0.0363774168065127,0.0534183414139449,0.0363774168065127,0.0363774168065127,0.0363774168065127,0,0,0,candidate_invalid,candidate_invalid,v3_candidate_invalid,NaN,NaN,NaN,NaN,0,0,0.0135405560844642,0.0191965481657344,8.87137058088732,0.00010881422011022,0.000107340815060031
LOS,20,20,31,20270109,19.9892128793093,19.9993210605811,19.9892128793093,19.9892128793093,19.9892128793093,-0.0107871206906758,-0.000678939418889968,-0.0107871206906758,-0.0107871206906758,-0.0107871206906758,0,0,0,candidate_invalid,candidate_invalid,v3_candidate_invalid,NaN,NaN,NaN,NaN,0,0,0.000507125550773082,0.0134261464301885,5.08195863402042,0.000129637992970721,0.000129572250232135
LOS,20,20,32,20270109,20.0337360282552,20.6055607541431,20.0337360282552,20.0337360282552,20.0337360282552,0.033736028255241,0.605560754143099,0.033736028255241,0.033736028255241,0.033736028255241,0,0,0,insufficient_gain,insufficient_gain,v3_insufficient_gain,NaN,NaN,NaN,NaN,0,0,0.2341887638566,0.141112735171292,12.7142901167742,0.000202060674693527,0.000154740335063019
LOS,20,20,33,20270109,19.9768873683592,19.9667565435902,19.9768873683592,19.9768873683592,19.9768873683592,-0.0231126316408208,-0.0332434564097568,-0.0231126316408208,-0.0231126316408208,-0.0231126316408208,0,0,0,candidate_invalid,candidate_invalid,v3_candidate_invalid,NaN,NaN,NaN,NaN,0,0,0.359418966041211,0.00472523075159877,99.9999963793608,0.000119507844620115,7.65544586729394e-05
LOS,20,20,34,20270109,20.0016620519789,19.9920489947423,20.0016620519789,20.0016620519789,20.0016620519789,0.00166205197890079,-0.00795100525769143,0.00166205197890079,0.00166205197890079,0.00166205197890079,0,0,0,candidate_invalid,candidate_invalid,v3_candidate_invalid,NaN,NaN,NaN,NaN,0,0,0.200350695936761,0.00300312069740465,59.5901625481638,7.14913301920195e-05,5.71679924346036e-05
LOS,20,20,35,20270109,20.0128015735592,19.7304294731542,20.0128015735592,20.0128015735592,20.0128015735592,0.0128015735592193,-0.269570526845818,0.0128015735592193,0.0128015735592193,0.0128015735592193,0,0,0,insufficient_gain,insufficient_gain,v3_insufficient_gain,NaN,NaN,NaN,NaN,0,0,0.260398364849507,0.0469822926030795,25.132268627628,0.000175913758608592,0.000130106103512384
LOS,20,20,36,20270109,20.00243679275,20.0542459830378,20.00243679275,20.00243679275,20.00243679275,0.00243679275004283,0.0542459830378306,0.00243679275004283,0.00243679275004283,0.00243679275004283,0,0,0,candidate_invalid,candidate_invalid,v3_candidate_invalid,NaN,NaN,NaN,NaN,0,0,0.468984464980455,0.00986845608646528,46.420520262894,0.000169731497813297,9.01300621209966e-05
LOS,20,20,37,20270109,20.0154281818074,20.1584112328106,20.0154281818074,20.0154281818074,20.0154281818074,0.0154281818073976,0.15841123281055,0.0154281818073976,0.0154281818073976,0.0154281818073976,0,0,0,insufficient_gain,insufficient_gain,v3_insufficient_gain,NaN,NaN,NaN,NaN,0,0,0.0632094127298829,0.0210272257214969,29.0936831004616,0.000262438198217918,0.000245849633830675
LOS,20,20,38,20270109,19.991129951939,19.8614065437156,19.991129951939,19.991129951939,19.991129951939,-0.0088700480609738,-0.138593456284383,-0.0088700480609738,-0.0088700480609738,-0.0088700480609738,0,0,0,candidate_invalid,candidate_invalid,v3_candidate_invalid,NaN,NaN,NaN,NaN,0,0,0.112295920589829,0.0188542248127074,32.273609896109,0.000162253121345657,0.000144032757715573
LOS,20,20,39,20270109,20.0324043959879,20.0098617064009,20.0324043959879,20.0324043959879,20.0324043959879,0.0324043959879354,0.00986170640091188,0.0324043959879354,0.0324043959879354,0.0324043959879354,0,0,0,candidate_invalid,candidate_invalid,v3_candidate_invalid,NaN,NaN,NaN,NaN,0,0,0.162047344141942,0.00394318815848249,54.2482783412655,0.000163248515572478,0.000136794527188844
LOS,20,20,40,20270109,19.9933134644023,19.8711744375582,19.9933134644023,19.9933134644023,19.9933134644023,-0.00668653559772281,-0.12882556244184,-0.00668653559772281,-0.00668653559772281,-0.00668653559772281,0,0,0,insufficient_gain,insufficient_gain,v3_insufficient_gain,NaN,NaN,NaN,NaN,0,0,0.342508162999981,0.0301303241614436,20.3154963925206,0.000113940064308871,7.49146621903396e-05
LOS,20,20,41,20270109,19.9982985048592,19.9649425094632,19.9982985048592,19.9982985048592,19.9982985048592,-0.00170149514078943,-0.0350574905368077,-0.00170149514078943,-0.00170149514078943,-0.00170149514078943,0,0,0,candidate_invalid,candidate_invalid,v3_candidate_invalid,NaN,NaN,NaN,NaN,0,0,0.287693218148837,0.0170147129681366,23.0812300192638,0.000143813115397684,0.000102439057416914
LOS,20,20,42,20270109,19.9992052455916,20.4079035006064,19.9992052455916,19.9992052455916,19.9992052455916,-0.000794754408442344,0.407903500606434,-0.000794754408442344,-0.000794754408442344,-0.000794754408442344,0,0,0,insufficient_gain,insufficient_gain,v3_insufficient_gain,NaN,NaN,NaN,NaN,0,0,0.137254242549192,0.192706237573842,6.23157671266411,9.94556401252567e-05,8.58049315726195e-05
LOS,20,20,43,20270109,19.9858253034463,20.0571174395118,19.9858253034463,19.9858253034463,19.9858253034463,-0.0141746965537344,0.0571174395118419,-0.0141746965537344,-0.0141746965537344,-0.0141746965537344,0,0,0,insufficient_gain,insufficient_gain,v3_insufficient_gain,NaN,NaN,NaN,NaN,0,0,0.00570183610230103,0.0294161696724712,8.63313679958926,8.4486973181086e-05,8.40052423072279e-05
LOS,20,20,44,20270109,20.0040060388426,20.2100081774734,20.0040060388426,20.0040060388426,20.0040060388426,0.00400603884261486,0.210008177473448,0.00400603884261486,0.00400603884261486,0.00400603884261486,0,0,0,insufficient_gain,insufficient_gain,v3_insufficient_gain,NaN,NaN,NaN,NaN,0,0,0.00228296542457189,0.0741192816836941,8.88277030485705,0.000140123078673726,0.00013980318252993
LOS,20,20,45,20270109,19.985013178277,19.8286393191995,19.985013178277,19.985013178277,19.985013178277,-0.0149868217230242,-0.171360680800468,-0.0149868217230242,-0.0149868217230242,-0.0149868217230242,0,0,0,insufficient_gain,insufficient_gain,v3_insufficient_gain,NaN,NaN,NaN,NaN,0,0,0.206070129009568,0.0484801294435068,13.6080844829571,0.00011851143306596,9.40897667649487e-05
LOS,20,20,46,20270109,19.9994284512973,20.4728176579015,19.9994284512973,19.9994284512973,19.9994284512973,-0.000571548702719582,0.472817657901473,-0.000571548702719582,-0.000571548702719582,-0.000571548702719582,0,0,0,insufficient_gain,insufficient_gain,v3_insufficient_gain,NaN,NaN,NaN,NaN,0,0,0.18582896779455,0.100295652398793,15.7898102158736,0.000118080021963118,9.61373333645543e-05
LOS,20,20,47,20270109,19.9993528392277,19.9996180433707,19.9993528392277,19.9993528392277,19.9993528392277,-0.000647160772299316,-0.000381956629261992,-0.000647160772299316,-0.000647160772299316,-0.000647160772299316,0,0,0,candidate_invalid,candidate_invalid,v3_candidate_invalid,NaN,NaN,NaN,NaN,0,0,0,1.37887866679018e-06,5.34206890199695,0.000166728918735704,0.000166728959741791
LOS,20,20,48,20270109,20.0064589978522,20.0070948996349,20.0064589978522,20.0064589978522,20.0064589978522,0.00645899785220649,0.0070948996349216,0.00645899785220649,0.00645899785220649,0.00645899785220649,0,0,0,candidate_invalid,candidate_invalid,v3_candidate_invalid,NaN,NaN,NaN,NaN,0,0,0.000780268020505554,0.00168258204079951,10.1439608152849,6.70708100756201e-05,6.70184768674087e-05
LOS,20,20,49,20270109,19.9847475009731,20.2503289241322,19.9847475009731,19.9847475009731,19.9847475009731,-0.0152524990269356,0.250328924132177,-0.0152524990269356,-0.0152524990269356,-0.0152524990269356,0,0,0,insufficient_gain,insufficient_gain,v3_insufficient_gain,NaN,NaN,NaN,NaN,0,0,0.106765079825951,0.0544830383356197,16.8368905809443,5.92423399401465e-05,5.29173267873606e-05
LOS,20,20,50,20270109,20.009119440703,20.0075809878189,20.009119440703,20.009119440703,20.009119440703,0.0091194407030315,0.00758098781888705,0.0091194407030315,0.0091194407030315,0.0091194407030315,0,0,0,candidate_invalid,candidate_invalid,v3_candidate_invalid,NaN,NaN,NaN,NaN,0,0,0.39334633657409,0.00606272020812872,97.5024546457192,0.000162150969831965,9.83694798766255e-05
LOS,1,30,1,20270109,1.00404698042158,1.08130175616786,1.00404698042158,1.00404698042158,1.00404698042158,0.00404698042158302,0.0813017561678553,0.00404698042158302,0.00404698042158302,0.00404698042158302,0,0,0,candidate_invalid,candidate_invalid,v3_candidate_invalid,NaN,NaN,NaN,NaN,0,0,0.257053950506182,0.0105730753052419,42.7923029019196,9.0605371588337e-05,6.73149028844744e-05
LOS,1,30,2,20270109,0.989805161818062,1.18577403915327,0.989805161818062,0.989805161818062,0.989805161818062,-0.0101948381819384,0.185774039153271,-0.0101948381819384,-0.0101948381819384,-0.0101948381819384,0,0,0,insufficient_gain,insufficient_gain,v3_insufficient_gain,NaN,NaN,NaN,NaN,0,0,0.0151546310273759,0.124830928797132,5.00000023402096,0.000106932254009484,0.000105311735155045
LOS,1,30,3,20270109,1.01311744932258,1.00890233606484,1.01311744932258,1.01311744932258,1.01311744932258,0.0131174493225816,0.00890233606484347,0.0131174493225816,0.0131174493225816,0.0131174493225816,0,0,0,candidate_invalid,candidate_invalid,v3_candidate_invalid,NaN,NaN,NaN,NaN,0,0,0.156037257323057,0.00275649497072701,77.2263841182413,8.18154628154932e-05,6.90492023911471e-05
LOS,1,30,4,20270109,1.00250465766749,0.999130948372393,1.00250465766749,1.00250465766749,1.00250465766749,0.00250465766748675,-0.000869051627607087,0.00250465766748675,0.00250465766748675,0.00250465766748675,0,0,0,candidate_invalid,candidate_invalid,v3_candidate_invalid,NaN,NaN,NaN,NaN,0,0,0.212055868005687,0.00452219323201622,99.9999999651323,0.000159600347432454,0.000125756157223655
LOS,1,30,5,20270109,1.02016289027346,1.02316337722533,1.02016289027346,1.02016289027346,1.02016289027346,0.020162890273463,0.0231633772253288,0.020162890273463,0.020162890273463,0.020162890273463,0,0,0,candidate_invalid,candidate_invalid,v3_candidate_invalid,NaN,NaN,NaN,NaN,0,0,0.618362032244644,0.00653382075010982,99.8245155729105,0.000119601874493114,4.56446163212831e-05
LOS,1,30,6,20270109,0.985669028853412,0.983398913045008,0.985669028853412,0.985669028853412,0.985669028853412,-0.0143309711465882,-0.0166010869549924,-0.0143309711465882,-0.0143309711465882,-0.0143309711465882,0,0,0,insufficient_gain,insufficient_gain,v3_insufficient_gain,NaN,NaN,NaN,NaN,0,0,0.0151164381055063,0.0545031482140796,5.91113260196261,0.000162264171820414,0.00015981131551035
LOS,1,30,7,20270109,1.00787940034321,1.93619863455595,1.00787940034321,1.00787940034321,1.00787940034321,0.00787940034321477,0.936198634555948,0.00787940034321477,0.00787940034321477,0.00787940034321477,0,0,0,insufficient_gain,insufficient_gain,v3_insufficient_gain,NaN,NaN,NaN,NaN,0,0,0.208453345243873,0.324349977961982,6.71469080841353,7.99987867758922e-05,6.33227720570062e-05
LOS,1,30,8,20270109,1.00128970413765,0.997628028917991,1.00128970413765,1.00128970413765,1.00128970413765,0.00128970413765317,-0.00237197108200871,0.00128970413765317,0.00128970413765317,0.00128970413765317,0,0,0,candidate_invalid,candidate_invalid,v3_candidate_invalid,NaN,NaN,NaN,NaN,0,0,0.151469633821516,0.00273963372828971,99.9999487552232,8.79996070306532e-05,7.46703387772829e-05
LOS,1,30,9,20270109,0.980466869118519,0.951338305324368,0.980466869118519,0.980466869118519,0.980466869118519,-0.0195331308814809,-0.0486616946756324,-0.0195331308814809,-0.0195331308814809,-0.0195331308814809,0,0,0,insufficient_gain,insufficient_gain,v3_insufficient_gain,NaN,NaN,NaN,NaN,0,0,0.0854858861823323,0.0279980787453598,10.7751726145025,7.66218639109972e-05,7.00717759736236e-05
LOS,1,30,10,20270109,0.982971241825941,1.09883273422217,0.982971241825941,0.982971241825941,0.982971241825941,-0.0170287581740587,0.0988327342221718,-0.0170287581740587,-0.0170287581740587,-0.0170287581740587,0,0,0,insufficient_gain,insufficient_gain,v3_insufficient_gain,NaN,NaN,NaN,NaN,0,0,0.08431665050313,0.114174118095602,5.00000241550427,6.12968693054494e-05,5.61285225992858e-05
LOS,1,30,11,20270109,1.02879744794433,1.02290434352004,1.02879744794433,1.02879744794433,1.02879744794433,0.0287974479443316,0.022904343520044,0.0287974479443316,0.0287974479443316,0.0287974479443316,0,0,0,candidate_invalid,candidate_invalid,v3_candidate_invalid,NaN,NaN,NaN,NaN,0,0,0.264340942823869,0.00326251286089299,99.9987414743512,7.60043197403082e-05,5.59132662014683e-05
LOS,1,30,12,20270109,1.00549979579246,1.40885020368344,1.00549979579246,1.00549979579246,1.00549979579246,0.00549979579245585,0.408850203683439,0.00549979579245585,0.00549979579245585,0.00549979579245585,0,0,0,insufficient_gain,insufficient_gain,v3_insufficient_gain,NaN,NaN,NaN,NaN,0,0,0.0516770327360562,0.103145613840597,12.4449988193086,0.000119915841199969,0.000113718946348706
LOS,1,30,13,20270109,0.988652799773671,0.981884916166141,0.988652799773671,0.988652799773671,0.988652799773671,-0.011347200226329,-0.0181150838338588,-0.011347200226329,-0.011347200226329,-0.011347200226329,0,0,0,candidate_invalid,candidate_invalid,v3_candidate_invalid,NaN,NaN,NaN,NaN,0,0,0.0703022951053891,0.00254488552726767,34.2733176915029,5.79828210414135e-05,5.39064956455171e-05
LOS,1,30,14,20270109,1.00564015612012,1.02834883020659,1.00564015612012,1.00564015612012,1.00564015612012,0.00564015612012159,0.0283488302065948,0.00564015612012159,0.00564015612012159,0.00564015612012159,0,0,0,candidate_invalid,candidate_invalid,v3_candidate_invalid,NaN,NaN,NaN,NaN,0,0,0.0894549926464564,0.00489541641217637,37.520485726493,0.000142756986320824,0.000129986661159265
LOS,1,30,15,20270109,0.988647208838544,0.892419600028181,0.988647208838544,0.988647208838544,0.988647208838544,-0.0113527911614558,-0.107580399971819,-0.0113527911614558,-0.0113527911614558,-0.0113527911614558,0,0,0,candidate_invalid,candidate_invalid,v3_candidate_invalid,NaN,NaN,NaN,NaN,0,0,0.58710095458324,0.0153122401378045,36.2001970393875,0.000102153271184235,4.21789881581702e-05
LOS,1,30,16,20270109,1.00558360873405,0.999484149556807,1.00558360873405,1.00558360873405,1.00558360873405,0.00558360873404773,-0.000515850443193022,0.00558360873404773,0.00558360873404773,0.00558360873404773,0,0,0,candidate_invalid,candidate_invalid,v3_candidate_invalid,NaN,NaN,NaN,NaN,0,0,0.295207082589425,0.00357400583154413,99.6899836786499,8.02886895088228e-05,5.65868997139951e-05
LOS,1,30,17,20270109,0.990518758640029,1.49255687459051,0.990518758640029,0.990518758640029,0.990518758640029,-0.00948124135997064,0.492556874590511,-0.00948124135997064,-0.00948124135997064,-0.00948124135997064,0,0,0,insufficient_gain,insufficient_gain,v3_insufficient_gain,NaN,NaN,NaN,NaN,0,0,0.105145899713328,0.197324191303563,7.15149181404635,9.2793401249569e-05,8.30365555877233e-05
LOS,1,30,18,20270109,1.02406332783314,1.02045733172374,1.02406332783314,1.02406332783314,1.02406332783314,0.0240633278331437,0.0204573317237351,0.0240633278331437,0.0240633278331437,0.0240633278331437,0,0,0,candidate_invalid,candidate_invalid,v3_candidate_invalid,NaN,NaN,NaN,NaN,0,0,0.159621156652206,0.00338683454242104,99.9999993956757,0.000133679777001516,0.000112341656375525
LOS,1,30,19,20270109,1.01011479549371,1.65680535509955,1.01011479549371,1.01011479549371,1.01011479549371,0.0101147954937062,0.656805355099554,0.0101147954937062,0.0101147954937062,0.0101147954937062,0,0,0,insufficient_gain,insufficient_gain,v3_insufficient_gain,NaN,NaN,NaN,NaN,0,0,0.396550569940197,0.136848347996198,15.0813109892176,0.000113666386028832,6.85919158660564e-05
LOS,1,30,20,20270109,1.02069676767314,1.02122226171813,1.02069676767314,1.02069676767314,1.02069676767314,0.0206967676731393,0.0212222617181257,0.0206967676731393,0.0206967676731393,0.0206967676731393,0,0,0,candidate_invalid,candidate_invalid,v3_candidate_invalid,NaN,NaN,NaN,NaN,0,0,0.0333605206023457,0.00185101292490643,99.1938077817236,0.000134837527141718,0.000130339277039537
LOS,1,30,21,20270109,1.00819003760227,1.01029258144564,1.00819003760227,1.00819003760227,1.00819003760227,0.00819003760227077,0.0102925814456396,0.00819003760227077,0.00819003760227077,0.00819003760227077,0,0,0,candidate_invalid,candidate_invalid,v3_candidate_invalid,NaN,NaN,NaN,NaN,0,0,0.130154579096532,0.00219220232186587,99.9998123999704,6.59541527618934e-05,5.73699177695008e-05
LOS,1,30,22,20270109,1.00595550657668,0.964702855582071,1.00595550657668,1.00595550657668,1.00595550657668,0.00595550657668298,-0.0352971444179291,0.00595550657668298,0.00595550657668298,0.00595550657668298,0,0,0,candidate_invalid,candidate_invalid,v3_candidate_invalid,NaN,NaN,NaN,NaN,0,0,0.300389513623059,0.00959760720101871,29.9464544306534,7.67727862593937e-05,5.37110463354473e-05
LOS,1,30,23,20270109,1.00414271542296,1.11639362221256,1.00414271542296,1.00414271542296,1.00414271542296,0.00414271542295763,0.116393622212561,0.00414271542295763,0.00414271542295763,0.00414271542295763,0,0,0,candidate_invalid,candidate_invalid,v3_candidate_invalid,NaN,NaN,NaN,NaN,0,0,0.314066010802665,0.0168131280470333,32.2492245878024,9.8854741469756e-05,6.7807827167421e-05
LOS,1,30,24,20270109,1.00699707684448,1.00688526763192,1.00699707684448,1.00699707684448,1.00699707684448,0.00699707684447737,0.00688526763191621,0.00699707684447737,0.00699707684447737,0.00699707684447737,0,0,0,candidate_invalid,candidate_invalid,v3_candidate_invalid,NaN,NaN,NaN,NaN,0,0,0,1.90508647725453e-11,32.6104318698515,0.000103981175290535,0.00010398117529542
LOS,1,30,25,20270109,0.999583858083446,1.43542122095411,0.999583858083446,0.999583858083446,0.999583858083446,-0.000416141916554147,0.435421220954109,-0.000416141916554147,-0.000416141916554147,-0.000416141916554147,0,0,0,insufficient_gain,insufficient_gain,v3_insufficient_gain,NaN,NaN,NaN,NaN,0,0,0.120060017094037,0.119673651749997,11.3527926331511,6.53309396114743e-05,5.74873058849512e-05
LOS,1,30,26,20270109,0.978380083109642,0.977202660637945,0.978380083109642,0.978380083109642,0.978380083109642,-0.0216199168903584,-0.0227973393620552,-0.0216199168903584,-0.0216199168903584,-0.0216199168903584,0,0,0,candidate_invalid,candidate_invalid,v3_candidate_invalid,NaN,NaN,NaN,NaN,0,0,0,2.03476233537112e-13,99.8469294326735,3.83860614274756e-05,3.83860614288078e-05
LOS,1,30,27,20270109,0.98614410392453,0.898558498169974,0.98614410392453,0.98614410392453,0.98614410392453,-0.0138558960754702,-0.101441501830026,-0.0138558960754702,-0.0138558960754702,-0.0138558960754702,0,0,0,candidate_invalid,candidate_invalid,v3_candidate_invalid,NaN,NaN,NaN,NaN,0,0,0.173790040805091,0.0125693052629557,37.5003708850648,0.000152599301178169,0.000126079062399587
LOS,1,30,28,20270109,1.01459825189407,1.60405128891222,1.01459825189407,1.01459825189407,1.01459825189407,0.0145982518940699,0.604051288912222,0.0145982518940699,0.0145982518940699,0.0145982518940699,0,0,0,insufficient_gain,insufficient_gain,v3_insufficient_gain,NaN,NaN,NaN,NaN,0,0,0.328023553424965,0.148489735741806,12.1945243721221,9.45744155484984e-05,6.35517796971907e-05
LOS,1,30,29,20270109,0.999408264860575,1.0048689200075,0.999408264860575,0.999408264860575,0.999408264860575,-0.000591735139425231,0.00486892000750361,-0.000591735139425231,-0.000591735139425231,-0.000591735139425231,0,0,0,candidate_invalid,candidate_invalid,v3_candidate_invalid,NaN,NaN,NaN,NaN,0,0,0.0717696516055563,0.0047448789617636,31.5438440407438,0.000143905577389969,0.000133577524236594
LOS,1,30,30,20270109,1.00065359064962,0.990922724940003,1.00065359064962,1.00065359064962,1.00065359064962,0.000653590649617675,-0.00907727505999678,0.000653590649617675,0.000653590649617675,0.000653590649617675,0,0,0,candidate_invalid,candidate_invalid,v3_candidate_invalid,NaN,NaN,NaN,NaN,0,0,0.0259132357119378,0.00161292228483957,48.9869293369462,5.64601143777654e-05,5.49970501255714e-05
LOS,1,30,31,20270109,1.01216995204971,1.01572533278253,1.01216995204971,1.01216995204971,1.01216995204971,0.0121699520497138,0.0157253327825302,0.0121699520497138,0.0121699520497138,0.0121699520497138,0,0,0,candidate_invalid,candidate_invalid,v3_candidate_invalid,NaN,NaN,NaN,NaN,0,0,0.19432400597619,0.00213994864809201,78.7587568681999,9.02073184716468e-05,7.26778709778664e-05
LOS,1,30,32,20270109,1.00327630039443,0.999033927034387,1.00327630039443,1.00327630039443,1.00327630039443,0.00327630039442672,-0.000966072965612685,0.00327630039442672,0.00327630039442672,0.00327630039442672,0,0,0,candidate_invalid,candidate_invalid,v3_candidate_invalid,NaN,NaN,NaN,NaN,0,0,0.179552552309047,0.00354017545363513,99.9999993683293,0.000123391533194406,0.000101236268476024
LOS,1,30,33,20270109,0.984921728419668,0.938216226734922,0.984921728419668,0.984921728419668,0.984921728419668,-0.015078271580332,-0.0617837732650783,-0.015078271580332,-0.015078271580332,-0.015078271580332,0,0,0,candidate_invalid,candidate_invalid,v3_candidate_invalid,NaN,NaN,NaN,NaN,0,0,0.0830664904059529,0.0115488853249337,17.7919051164224,7.65441322239102e-05,7.01858797989008e-05
LOS,1,30,34,20270109,0.987354346703568,1.09975988422527,0.987354346703568,0.987354346703568,0.987354346703568,-0.0126456532964322,0.0997598842252745,-0.0126456532964322,-0.0126456532964322,-0.0126456532964322,0,0,0,insufficient_gain,insufficient_gain,v3_insufficient_gain,NaN,NaN,NaN,NaN,0,0,0.266591690065761,0.153681353945994,5.36427190857584,6.40147929389379e-05,4.69489811001367e-05
LOS,1,30,35,20270109,0.984289851851753,0.983381906941381,0.984289851851753,0.984289851851753,0.984289851851753,-0.0157101481482466,-0.0166180930586187,-0.0157101481482466,-0.0157101481482466,-0.0157101481482466,0,0,0,candidate_invalid,candidate_invalid,v3_candidate_invalid,NaN,NaN,NaN,NaN,0,0,0.0995530379242924,0.00233282512512716,99.9999992816151,9.63546789347625e-05,8.6762277928587e-05
LOS,1,30,36,20270109,0.989300195663959,0.919324550815581,0.989300195663959,0.989300195663959,0.989300195663959,-0.0106998043360411,-0.0806754491844193,-0.0106998043360411,-0.0106998043360411,-0.0106998043360411,0,0,0,insufficient_gain,insufficient_gain,v3_insufficient_gain,NaN,NaN,NaN,NaN,0,0,0.41842809283353,0.0480090548577485,12.3045597051846,6.35359916711931e-05,3.69507478499287e-05
LOS,1,30,37,20270109,1.00069771835501,0.870497774351641,1.00069771835501,1.00069771835501,1.00069771835501,0.000697718355010757,-0.129502225648359,0.000697718355010757,0.000697718355010757,0.000697718355010757,0,0,0,insufficient_gain,insufficient_gain,v3_insufficient_gain,NaN,NaN,NaN,NaN,0,0,0.322146925302042,0.0469648610102085,12.5654571425865,4.71329191533698e-05,3.1949194167602e-05
LOS,1,30,38,20270109,0.983514125615984,0.733953057922202,0.983514125615984,0.983514125615984,0.983514125615984,-0.0164858743840157,-0.266046942077798,-0.0164858743840157,-0.0164858743840157,-0.0164858743840157,0,0,0,insufficient_gain,insufficient_gain,v3_insufficient_gain,NaN,NaN,NaN,NaN,0,0,0.3484180579897,0.0712635351010601,14.6980200250976,7.31974992675966e-05,4.76941687230781e-05
LOS,1,30,39,20270109,1.01878230351081,1.0942287784647,1.01878230351081,1.01878230351081,1.01878230351081,0.0187823035108072,0.0942287784646993,0.0187823035108072,0.0187823035108072,0.0187823035108072,0,0,0,insufficient_gain,insufficient_gain,v3_insufficient_gain,NaN,NaN,NaN,NaN,0,0,0.0155041530599041,0.0453153411266944,6.58235228579168,7.27532874797987e-05,7.16253093751007e-05
LOS,1,30,40,20270109,1.00751372658512,1.00678573735993,1.00751372658512,1.00751372658512,1.00751372658512,0.00751372658511729,0.00678573735992538,0.00751372658511729,0.00751372658511729,0.00751372658511729,0,0,0,candidate_invalid,candidate_invalid,v3_candidate_invalid,NaN,NaN,NaN,NaN,0,0,0.373169270532527,0.00327781762024408,99.9874154546977,4.94810287270386e-05,3.10162293317706e-05
LOS,1,30,41,20270109,0.997204051990707,0.966206367624593,0.997204051990707,0.997204051990707,0.997204051990707,-0.00279594800929306,-0.0337936323754073,-0.00279594800929306,-0.00279594800929306,-0.00279594800929306,0,0,0,candidate_invalid,candidate_invalid,v3_candidate_invalid,NaN,NaN,NaN,NaN,0,0,0.0822741871135613,0.00495462549837838,36.3802047507054,8.11525086623632e-05,7.44757519799411e-05
LOS,1,30,42,20270109,1.00632972944768,0.954785479097693,1.00632972944768,1.00632972944768,1.00632972944768,0.00632972944768051,-0.0452145209023067,0.00632972944768051,0.00632972944768051,0.00632972944768051,0,0,0,insufficient_gain,insufficient_gain,v3_insufficient_gain,NaN,NaN,NaN,NaN,0,0,0.175667067839823,0.0644300172972979,8.03717292118675,5.56649185732283e-05,4.58864255459268e-05
LOS,1,30,43,20270109,1.00282549666266,1.46336987247104,1.00282549666266,1.00282549666266,1.00282549666266,0.00282549666266418,0.463369872471039,0.00282549666266418,0.00282549666266418,0.00282549666266418,0,0,0,insufficient_gain,insufficient_gain,v3_insufficient_gain,NaN,NaN,NaN,NaN,0,0,0.120655785938611,0.117732956394905,12.3039401424749,8.61821314201983e-05,7.57837586198296e-05
LOS,1,30,44,20270109,0.9876392322613,1.19631251833437,0.9876392322613,0.9876392322613,0.9876392322613,-0.0123607677386998,0.196312518334372,-0.0123607677386998,-0.0123607677386998,-0.0123607677386998,0,0,0,insufficient_gain,insufficient_gain,v3_insufficient_gain,NaN,NaN,NaN,NaN,0,0,0.0117978235215416,0.128346463305845,5.02188531897387,0.000112084198380602,0.000110761848788554
LOS,1,30,45,20270109,1.00693343520796,1.51284614730839,1.00693343520796,1.00693343520796,1.00693343520796,0.00693343520795842,0.512846147308389,0.00693343520795842,0.00693343520795842,0.00693343520795842,0,0,0,insufficient_gain,insufficient_gain,v3_insufficient_gain,NaN,NaN,NaN,NaN,0,0,0.0718978478547435,0.146114372651381,10.4238476908147,0.000132147237680291,0.000122646135691129
LOS,1,30,46,20270109,1.01759412877515,1.32828262208278,1.01759412877515,1.01759412877515,1.01759412877515,0.017594128775148,0.328282622082776,0.017594128775148,0.017594128775148,0.017594128775148,0,0,0,insufficient_gain,insufficient_gain,v3_insufficient_gain,NaN,NaN,NaN,NaN,0,0,0.102395183620236,0.172167787911279,5.65164782747058,9.38641352778991e-05,8.42528999107639e-05
LOS,1,30,47,20270109,1.00345451816563,0.919945098264601,1.00345451816563,1.00345451816563,1.00345451816563,0.00345451816562581,-0.0800549017353989,0.00345451816562581,0.00345451816562581,0.00345451816562581,0,0,0,candidate_invalid,candidate_invalid,v3_candidate_invalid,NaN,NaN,NaN,NaN,0,0,0.464038711615413,0.0127448111449104,40.2879005781957,0.000106535184944745,5.70987349812757e-05
LOS,1,30,48,20270109,0.994637191567468,0.994710841471544,0.994637191567468,0.994637191567468,0.994637191567468,-0.00536280843253212,-0.00528915852845624,-0.00536280843253212,-0.00536280843253212,-0.00536280843253212,0,0,0,candidate_invalid,candidate_invalid,v3_candidate_invalid,NaN,NaN,NaN,NaN,0,0,0.10211565404309,0.00175769331553196,91.2097268529868,5.75812570129397e-05,5.17013092924401e-05
LOS,1,30,49,20270109,0.999790952034037,1.27165031637874,0.999790952034037,0.999790952034037,0.999790952034037,-0.000209047965963327,0.27165031637874,-0.000209047965963327,-0.000209047965963327,-0.000209047965963327,0,0,0,insufficient_gain,insufficient_gain,v3_insufficient_gain,NaN,NaN,NaN,NaN,0,0,0.23095539142836,0.0508101430758457,19.2816887962558,6.17114378580474e-05,4.74588485719352e-05
LOS,1,30,50,20270109,0.999697527715227,0.765611024381514,0.999697527715227,0.999697527715227,0.999697527715227,-0.00030247228477287,-0.234388975618486,-0.00030247228477287,-0.00030247228477287,-0.00030247228477287,0,0,0,insufficient_gain,insufficient_gain,v3_insufficient_gain,NaN,NaN,NaN,NaN,0,0,0.222551941531329,0.0591103233754027,15.8833937686939,8.04950999802045e-05,6.25807591958516e-05
LOS,3,30,1,20270109,2.99414061946976,3.40599807038723,2.99414061946976,2.99414061946976,2.99414061946976,-0.00585938053024204,0.405998070387234,-0.00585938053024204,-0.00585938053024204,-0.00585938053024204,0,0,0,insufficient_gain,insufficient_gain,v3_insufficient_gain,NaN,NaN,NaN,NaN,0,0,0.150365614834898,0.0855471225725273,16.2002215942548,9.33955320712165e-05,7.93520554684957e-05
LOS,3,30,2,20270109,3.01613232703455,2.85163899660721,3.01613232703455,3.01613232703455,3.01613232703455,0.0161323270345521,-0.148361003392791,0.0161323270345521,0.0161323270345521,0.0161323270345521,0,0,0,insufficient_gain,insufficient_gain,v3_insufficient_gain,NaN,NaN,NaN,NaN,0,0,0.0957468827986225,0.0839019179644217,9.04517519988244,8.90873379821855e-05,8.05575030735639e-05
LOS,3,30,3,20270109,2.97767149128034,2.92131571463068,2.97767149128034,2.97767149128034,2.97767149128034,-0.0223285087196556,-0.0786842853693237,-0.0223285087196556,-0.0223285087196556,-0.0223285087196556,0,0,0,insufficient_gain,insufficient_gain,v3_insufficient_gain,NaN,NaN,NaN,NaN,0,0,0.027256172270317,0.0663773968527525,5.15631391104856,6.06820200492741e-05,5.90280604571003e-05
LOS,3,30,4,20270109,2.98815878017374,2.99479002798391,2.98815878017374,2.98815878017374,2.98815878017374,-0.0118412198262647,-0.00520997201609141,-0.0118412198262647,-0.0118412198262647,-0.0118412198262647,0,0,0,candidate_invalid,candidate_invalid,v3_candidate_invalid,NaN,NaN,NaN,NaN,0,0,0.000571485508213807,0.0091306859798666,5.00948457672129,6.82178972608583e-05,6.81789117211729e-05
LOS,3,30,5,20270109,2.99569728750365,3.41831498971236,2.99569728750365,2.99569728750365,2.99569728750365,-0.00430271249634728,0.418314989712361,-0.00430271249634728,-0.00430271249634728,-0.00430271249634728,0,0,0,insufficient_gain,insufficient_gain,v3_insufficient_gain,NaN,NaN,NaN,NaN,0,0,0.0495973932788035,0.135198562958884,9.44516257666955,0.000102019068291659,9.69591884396603e-05
LOS,3,30,6,20270109,3.01030481031096,3.01822945388338,3.01030481031096,3.01030481031096,3.01030481031096,0.0103048103109615,0.0182294538833832,0.0103048103109615,0.0103048103109615,0.0103048103109615,0,0,0,candidate_invalid,candidate_invalid,v3_candidate_invalid,NaN,NaN,NaN,NaN,0,0,0.323640769947304,0.00388299178576039,70.7171728569141,7.70688851192691e-05,5.21262518002885e-05
LOS,3,30,7,20270109,2.98714232373166,2.87583297774216,2.98714232373166,2.98714232373166,2.98714232373166,-0.0128576762683439,-0.124167022257836,-0.0128576762683439,-0.0128576762683439,-0.0128576762683439,0,0,0,insufficient_gain,insufficient_gain,v3_insufficient_gain,NaN,NaN,NaN,NaN,0,0,0.170945857672686,0.0239661767501483,19.8823860847094,0.000134664954988928,0.000111644538759892
LOS,3,30,8,20270109,3.02240864535977,3.03750582089436,3.02240864535977,3.02240864535977,3.02240864535977,0.0224086453597696,0.0375058208943564,0.0224086453597696,0.0224086453597696,0.0224086453597696,0,0,0,candidate_invalid,candidate_invalid,v3_candidate_invalid,NaN,NaN,NaN,NaN,0,0,0.292482275448734,0.00477312800027394,59.1087189379793,0.000125352726632499,8.86892759133229e-05
LOS,3,30,9,20270109,3.00963073024955,2.75255866230084,3.00963073024955,3.00963073024955,3.00963073024955,0.00963073024955419,-0.247441337699163,0.00963073024955419,0.00963073024955419,0.00963073024955419,0,0,0,insufficient_gain,insufficient_gain,v3_insufficient_gain,NaN,NaN,NaN,NaN,0,0,0.186911878328903,0.114535265492554,10.1638630061868,9.90408579615298e-05,8.05289451686342e-05
LOS,3,30,10,20270109,2.98969409288215,2.97944985587757,2.98969409288215,2.98969409288215,2.98969409288215,-0.0103059071178504,-0.0205501441224341,-0.0103059071178504,-0.0103059071178504,-0.0103059071178504,0,0,0,candidate_invalid,candidate_invalid,v3_candidate_invalid,NaN,NaN,NaN,NaN,0,0,0.568743483095562,0.00602794585424039,99.9908858448109,0.000116188852469001,5.01071998189051e-05
LOS,3,30,11,20270109,3.00340088242363,2.71697785440186,3.00340088242363,3.00340088242363,3.00340088242363,0.00340088242362535,-0.283022145598139,0.00340088242362535,0.00340088242362535,0.00340088242362535,0,0,0,insufficient_gain,insufficient_gain,v3_insufficient_gain,NaN,NaN,NaN,NaN,0,0,0.184941938147998,0.0886197411860637,12.9568047646612,9.25127654705094e-05,7.54032753209621e-05
LOS,3,30,12,20270109,3.00125260633842,3.08962690530978,3.00125260633842,3.00125260633842,3.00125260633842,0.00125260633841506,0.0896269053097756,0.00125260633841506,0.00125260633841506,0.00125260633841506,0,0,0,insufficient_gain,insufficient_gain,v3_insufficient_gain,NaN,NaN,NaN,NaN,0,0,0.0336664533887373,0.0801988866763687,5.00324743963043,5.93598850486821e-05,5.73614482455298e-05
LOS,3,30,13,20270109,2.98655670008754,3.35648775088312,2.98655670008754,2.98655670008754,2.98655670008754,-0.0134432999124598,0.356487750883115,-0.0134432999124598,-0.0134432999124598,-0.0134432999124598,0,0,0,insufficient_gain,insufficient_gain,v3_insufficient_gain,NaN,NaN,NaN,NaN,0,0,0.038852151731581,0.0922212133100445,12.9795432896608,0.000120505827617468,0.000115823916918334
LOS,3,30,14,20270109,3.01202285139588,3.15740450117128,3.01202285139588,3.01202285139588,3.01202285139588,0.0120228513958835,0.157404501171276,0.0120228513958835,0.0120228513958835,0.0120228513958835,0,0,0,insufficient_gain,insufficient_gain,v3_insufficient_gain,NaN,NaN,NaN,NaN,0,0,0.0365951962055965,0.0819156689368946,6.23630517544951,6.34563156738377e-05,6.11341193512693e-05
LOS,3,30,15,20270109,2.98387380062773,2.9811704290445,2.98387380062773,2.98387380062773,2.98387380062773,-0.0161261993722732,-0.0188295709555,-0.0161261993722732,-0.0161261993722732,-0.0161261993722732,0,0,0,candidate_invalid,candidate_invalid,v3_candidate_invalid,NaN,NaN,NaN,NaN,0,0,0.0641223604345982,0.00180033752090359,99.9999711771233,9.36756092564384e-05,8.76689080757664e-05
LOS,3,30,16,20270109,3.02574668646026,3.02614449411134,3.02574668646026,3.02574668646026,3.02574668646026,0.0257466864602582,0.0261444941113425,0.0257466864602582,0.0257466864602582,0.0257466864602582,0,0,0,candidate_invalid,candidate_invalid,v3_candidate_invalid,NaN,NaN,NaN,NaN,0,0,2.32041780813552e-12,6.9147667107101e-14,90.2431063700647,9.5691648351659e-05,9.5691648351437e-05
LOS,3,30,17,20270109,3.02782013893147,3.02758866528801,3.02782013893147,3.02782013893147,3.02782013893147,0.0278201389314727,0.0275886652880142,0.0278201389314727,0.0278201389314727,0.0278201389314727,0,0,0,candidate_invalid,candidate_invalid,v3_candidate_invalid,NaN,NaN,NaN,NaN,0,0,0,1.18509249120461e-13,91.0285318936248,7.5798709524566e-05,7.57987095263424e-05
LOS,3,30,18,20270109,3.01171809316486,3.01399839893945,3.01171809316486,3.01171809316486,3.01171809316486,0.0117180931648582,0.0139983989394463,0.0117180931648582,0.0117180931648582,0.0117180931648582,0,0,0,candidate_invalid,candidate_invalid,v3_candidate_invalid,NaN,NaN,NaN,NaN,0,0,0.0128097279648189,0.000973482502427409,75.1475638115665,0.000128309734475307,0.00012666612168144
LOS,3,30,19,20270109,3.01251509242894,2.95999625662565,3.01251509242894,3.01251509242894,3.01251509242894,0.0125150924289357,-0.0400037433743536,0.0125150924289357,0.0125150924289357,0.0125150924289357,0,0,0,insufficient_gain,insufficient_gain,v3_insufficient_gain,NaN,NaN,NaN,NaN,0,0,0.0528988453556503,0.0341672853989901,9.16524999172739,8.12626464472554e-05,7.69639462796512e-05
LOS,3,30,20,20270109,2.9742209855621,2.93279000313684,2.9742209855621,2.9742209855621,2.9742209855621,-0.025779014437902,-0.067209996863165,-0.025779014437902,-0.025779014437902,-0.025779014437902,0,0,0,insufficient_gain,insufficient_gain,v3_insufficient_gain,NaN,NaN,NaN,NaN,0,0,0.0480096105954659,0.0268396192635114,9.65195462235599,0.000111783741635563,0.000106417047728735
LOS,3,30,21,20270109,2.96540936133242,2.96687965049966,2.96540936133242,2.96540936133242,2.96540936133242,-0.0345906386675776,-0.0331203495003409,-0.0345906386675776,-0.0345906386675776,-0.0345906386675776,0,0,0,candidate_invalid,candidate_invalid,v3_candidate_invalid,NaN,NaN,NaN,NaN,0,0,0.248725466795341,0.00378218115043415,99.9999958929157,9.98887743512977e-05,7.50438923231567e-05
LOS,3,30,22,20270109,2.98692206286193,2.98566908982686,2.98692206286193,2.98692206286193,2.98692206286193,-0.0130779371380698,-0.0143309101731361,-0.0130779371380698,-0.0130779371380698,-0.0130779371380698,0,0,0,candidate_invalid,candidate_invalid,v3_candidate_invalid,NaN,NaN,NaN,NaN,0,0,0.0574479317848114,0.00134109062000112,99.9999882058563,5.65921124344726e-05,5.33410126197786e-05
LOS,3,30,23,20270109,2.98801601368688,2.84985219912451,2.98801601368688,2.98801601368688,2.98801601368688,-0.0119839863131199,-0.150147800875485,-0.0119839863131199,-0.0119839863131199,-0.0119839863131199,0,0,0,insufficient_gain,insufficient_gain,v3_insufficient_gain,NaN,NaN,NaN,NaN,0,0,0.160950788575443,0.0920162040047042,8.45697030782816,8.35085650450207e-05,7.0067795648221e-05
LOS,3,30,24,20270109,3.00788364238337,2.5224278311815,3.00788364238337,3.00788364238337,3.00788364238337,0.0078836423833728,-0.477572168818497,0.0078836423833728,0.0078836423833728,0.0078836423833728,0,0,0,insufficient_gain,insufficient_gain,v3_insufficient_gain,NaN,NaN,NaN,NaN,0,0,0.475048281778419,0.130110591218424,16.1383525667158,0.000156937624851361,8.23846758193358e-05
LOS,3,30,25,20270109,3.00391785387354,2.99219000154055,3.00391785387354,3.00391785387354,3.00391785387354,0.00391785387353627,-0.00780999845945196,0.00391785387353627,0.00391785387353627,0.00391785387353627,0,0,0,candidate_invalid,candidate_invalid,v3_candidate_invalid,NaN,NaN,NaN,NaN,0,0,0.0156443057636578,0.00841577825695296,12.4648433922364,9.21503896016418e-05,9.07087607304735e-05
LOS,3,30,26,20270109,2.9825589241739,3.57556879355287,2.9825589241739,2.9825589241739,2.9825589241739,-0.0174410758261021,0.575568793552872,-0.0174410758261021,-0.0174410758261021,-0.0174410758261021,0,0,0,insufficient_gain,insufficient_gain,v3_insufficient_gain,NaN,NaN,NaN,NaN,0,0,0.317592652488718,0.11229872704393,17.7046418620934,0.000148118445913337,0.000101077115793213
LOS,3,30,27,20270109,2.99326006009795,2.99179302025075,2.99326006009795,2.99326006009795,2.99326006009795,-0.00673993990205402,-0.00820697974925411,-0.00673993990205402,-0.00673993990205402,-0.00673993990205402,0,0,0,candidate_invalid,candidate_invalid,v3_candidate_invalid,NaN,NaN,NaN,NaN,0,0,0.166758519607921,0.00188152025151792,77.2139030563461,4.32263936451793e-05,3.601802423292e-05
LOS,3,30,28,20270109,3.00281424025007,3.0023772623771,3.00281424025007,3.00281424025007,3.00281424025007,0.00281424025007038,0.00237726237710145,0.00281424025007038,0.00281424025007038,0.00281424025007038,0,0,0,candidate_invalid,candidate_invalid,v3_candidate_invalid,NaN,NaN,NaN,NaN,0,0,0.203295653183288,0.00346971732787051,99.9999905633692,0.000100797821983578,8.03060629239738e-05
LOS,3,30,29,20270109,3.01703475648542,2.98215076384386,3.01703475648542,3.01703475648542,3.01703475648542,0.0170347564854234,-0.01784923615614,0.0170347564854234,0.0170347564854234,0.0170347564854234,0,0,0,candidate_invalid,candidate_invalid,v3_candidate_invalid,NaN,NaN,NaN,NaN,0,0,0.221124899456168,0.00557587812494474,38.772027441418,4.94357389544398e-05,3.85042661485979e-05
LOS,3,30,30,20270109,3.00681970348776,2.89440431523776,3.00681970348776,3.00681970348776,3.00681970348776,0.00681970348776062,-0.105595684762239,0.00681970348776062,0.00681970348776062,0.00681970348776062,0,0,0,insufficient_gain,insufficient_gain,v3_insufficient_gain,NaN,NaN,NaN,NaN,0,0,0.464304270716293,0.0382494485761203,16.1490611476185,6.8261955070037e-05,3.65676378035751e-05
LOS,3,30,31,20270109,2.99965545542373,3.00131787625448,2.99965545542373,2.99965545542373,2.99965545542373,-0.000344544576267758,0.00131787625447899,-0.000344544576267758,-0.000344544576267758,-0.000344544576267758,0,0,0,candidate_invalid,candidate_invalid,v3_candidate_invalid,NaN,NaN,NaN,NaN,0,0,0.253106591535146,0.00476696534426566,99.9999977775853,0.000153000850148688,0.000114275326465574
LOS,3,30,32,20270109,2.9842048529589,3.1038771526104,2.9842048529589,2.9842048529589,2.9842048529589,-0.0157951470410973,0.1038771526104,-0.0157951470410973,-0.0157951470410973,-0.0157951470410973,0,0,0,insufficient_gain,insufficient_gain,v3_insufficient_gain,NaN,NaN,NaN,NaN,0,0,0.0149686920183455,0.0918183168407941,5.01427270551053,0.000128692469019587,0.000126766111085752
LOS,3,30,33,20270109,2.98218099142182,3.37138816780474,2.98218099142182,2.98218099142182,2.98218099142182,-0.0178190085781766,0.371388167804737,-0.0178190085781766,-0.0178190085781766,-0.0178190085781766,0,0,0,insufficient_gain,insufficient_gain,v3_insufficient_gain,NaN,NaN,NaN,NaN,0,0,0.070082775824037,0.103059567229226,11.991480345686,6.70437933072421e-05,6.23451781704976e-05
LOS,3,30,34,20270109,3.00112405803712,2.99756242967775,3.00112405803712,3.00112405803712,3.00112405803712,0.00112405803712434,-0.00243757032225433,0.00112405803712434,0.00112405803712434,0.00112405803712434,0,0,0,candidate_invalid,candidate_invalid,v3_candidate_invalid,NaN,NaN,NaN,NaN,0,0,0.400400045777608,0.0058354014416923,99.9999895308234,0.000147791645188855,8.86158636896894e-05
LOS,3,30,35,20270109,3.00409139514126,3.17895513514693,3.00409139514126,3.00409139514126,3.00409139514126,0.00409139514126444,0.178955135146928,0.00409139514126444,0.00409139514126444,0.00409139514126444,0,0,0,insufficient_gain,insufficient_gain,v3_insufficient_gain,NaN,NaN,NaN,NaN,0,0,0.0331674354809572,0.116622087956579,5.0000114872432,6.31353224525011e-05,6.10412857184883e-05
LOS,3,30,36,20270109,2.99043030082593,2.99001455201372,2.99043030082593,2.99043030082593,2.99043030082593,-0.00956969917407013,-0.00998544798628487,-0.00956969917407013,-0.00956969917407013,-0.00956969917407013,0,0,0,candidate_invalid,candidate_invalid,v3_candidate_invalid,NaN,NaN,NaN,NaN,0,0,0.292338450738645,0.00273087917030102,94.7730271887275,4.39748952203445e-05,3.11193424802347e-05
LOS,3,30,37,20270109,2.99934314460654,3.49259028412503,2.99934314460654,2.99934314460654,2.99934314460654,-0.000656855393459388,0.492590284125026,-0.000656855393459388,-0.000656855393459388,-0.000656855393459388,0,0,0,insufficient_gain,insufficient_gain,v3_insufficient_gain,NaN,NaN,NaN,NaN,0,0,0.210216454436029,0.161558635095973,9.26945030577128,0.000123072613421371,9.72007249897544e-05
LOS,3,30,38,20270109,3.0117780186751,3.42920305453477,3.0117780186751,3.0117780186751,3.0117780186751,0.0117780186750993,0.429203054534767,0.0117780186750993,0.0117780186750993,0.0117780186750993,0,0,0,insufficient_gain,insufficient_gain,v3_insufficient_gain,NaN,NaN,NaN,NaN,0,0,0.0701501239803838,0.147800666573685,8.36712107652585,7.31560696798361e-05,6.8024162321878e-05
LOS,3,30,39,20270109,3.00123860328707,3.0017867595579,3.00123860328707,3.00123860328707,3.00123860328707,0.00123860328706504,0.00178675955789842,0.00123860328706504,0.00123860328706504,0.00123860328706504,0,0,0,candidate_invalid,candidate_invalid,v3_candidate_invalid,NaN,NaN,NaN,NaN,0,0,0.416275190618241,0.00540579076012051,99.9997630261835,0.000121068528953439,7.06707039854759e-05
LOS,3,30,40,20270109,2.99595120600937,2.92475791170806,2.99595120600937,2.99595120600937,2.99595120600937,-0.00404879399062708,-0.075242088291942,-0.00404879399062708,-0.00404879399062708,-0.00404879399062708,0,0,0,insufficient_gain,insufficient_gain,v3_insufficient_gain,NaN,NaN,NaN,NaN,0,0,0.0984335954388917,0.152307939732815,5.52454522204769,0.000108074669531222,9.74364912333936e-05
LOS,3,30,41,20270109,3.0250167688645,3.07341433946579,3.0250167688645,3.0250167688645,3.0250167688645,0.0250167688644956,0.0734143394657867,0.0250167688644956,0.0250167688644956,0.0250167688644956,0,0,0,candidate_invalid,candidate_invalid,v3_candidate_invalid,NaN,NaN,NaN,NaN,0,0,0.00381618643056454,0.0138251609136217,12.8481697433279,0.000106843531358036,0.000106435796523474
LOS,3,30,42,20270109,3.01044232060282,3.40916960464998,3.01044232060282,3.01044232060282,3.01044232060282,0.0104423206028232,0.409169604649984,0.0104423206028232,0.0104423206028232,0.0104423206028232,0,0,0,insufficient_gain,insufficient_gain,v3_insufficient_gain,NaN,NaN,NaN,NaN,0,0,0.0917419717048857,0.0970524220424407,13.3095037971014,0.000116891729056379,0.000106167851356753
LOS,3,30,43,20270109,2.98874087696839,2.99499026781766,2.98874087696839,2.98874087696839,2.98874087696839,-0.0112591230316097,-0.00500973218234302,-0.0112591230316097,-0.0112591230316097,-0.0112591230316097,0,0,0,candidate_invalid,candidate_invalid,v3_candidate_invalid,NaN,NaN,NaN,NaN,0,0,0.317043043368062,0.00431253608682729,64.5447359633332,0.000111076495930007,7.58604656136974e-05
LOS,3,30,44,20270109,3.01098129908064,3.00057940044536,3.01098129908064,3.01098129908064,3.01098129908064,0.0109812990806439,0.00057940044536231,0.0109812990806439,0.0109812990806439,0.0109812990806439,0,0,0,insufficient_gain,insufficient_gain,v3_insufficient_gain,NaN,NaN,NaN,NaN,0,0,0.00882918082617497,0.0382459143105439,5.00571963453351,0.000102554025734225,0.000101648557696565
LOS,3,30,45,20270109,2.99768765915567,2.99543390550253,2.99768765915567,2.99768765915567,2.99768765915567,-0.00231234084433174,-0.00456609449747214,-0.00231234084433174,-0.00231234084433174,-0.00231234084433174,0,0,0,candidate_invalid,candidate_invalid,v3_candidate_invalid,NaN,NaN,NaN,NaN,0,0,0.405798853810043,0.00346026920706928,87.639699306109,5.76940700989237e-05,3.42818825811442e-05
LOS,3,30,46,20270109,2.99597198680197,2.95218485059573,2.99597198680197,2.99597198680197,2.99597198680197,-0.00402801319803414,-0.0478151494042747,-0.00402801319803414,-0.00402801319803414,-0.00402801319803414,0,0,0,insufficient_gain,insufficient_gain,v3_insufficient_gain,NaN,NaN,NaN,NaN,0,0,0.154415990577374,0.192073708841503,5.29181258953936,0.00011701814948295,9.89486760150093e-05
LOS,3,30,47,20270109,3.01242079791411,3.09749630128963,3.01242079791411,3.01242079791411,3.01242079791411,0.0124207979141113,0.0974963012896328,0.0124207979141113,0.0124207979141113,0.0124207979141113,0,0,0,insufficient_gain,insufficient_gain,v3_insufficient_gain,NaN,NaN,NaN,NaN,0,0,0.0579682902479065,0.0905363089392288,5.01203719774804,5.6656907595487e-05,5.3372603531443e-05
LOS,3,30,48,20270109,3.01155138490709,3.18485925805695,3.01155138490709,3.01155138490709,3.01155138490709,0.0115513849070905,0.184859258056945,0.0115513849070905,0.0115513849070905,0.0115513849070905,0,0,0,insufficient_gain,insufficient_gain,v3_insufficient_gain,NaN,NaN,NaN,NaN,0,0,0.0281557232089409,0.0912106371365248,6.44697914525821,9.89493047163226e-05,9.61633154810126e-05
LOS,3,30,49,20270109,2.98275836299784,2.98726885705466,2.98275836299784,2.98275836299784,2.98275836299784,-0.0172416370021566,-0.0127311429453387,-0.0172416370021566,-0.0172416370021566,-0.0172416370021566,0,0,0,candidate_invalid,candidate_invalid,v3_candidate_invalid,NaN,NaN,NaN,NaN,0,0,0.204560051935663,0.00340441560149091,96.0171180930991,0.000104552875536124,8.31655338864312e-05
LOS,3,30,50,20270109,2.99016193081854,3.0989809731636,2.99016193081854,2.99016193081854,2.99016193081854,-0.00983806918145902,0.098980973163596,-0.00983806918145902,-0.00983806918145902,-0.00983806918145902,0,0,0,insufficient_gain,insufficient_gain,v3_insufficient_gain,NaN,NaN,NaN,NaN,0,0,0.0192551769284639,0.0740654290506487,5.58484590829504,8.62677548838509e-05,8.4606654000341e-05
LOS,5,30,1,20270109,4.98460062565699,4.97849955594619,4.98460062565699,4.98460062565699,4.98460062565699,-0.0153993743430076,-0.021500444053812,-0.0153993743430076,-0.0153993743430076,-0.0153993743430076,0,0,0,candidate_invalid,candidate_invalid,v3_candidate_invalid,NaN,NaN,NaN,NaN,0,0,0.163820786883884,0.00244609527301466,89.8635020506331,0.000117346371579563,9.81225966494303e-05
LOS,5,30,2,20270109,4.99602145765143,4.8248119447456,4.99602145765143,4.99602145765143,4.99602145765143,-0.00397854234856521,-0.175188055254401,-0.00397854234856521,-0.00397854234856521,-0.00397854234856521,0,0,0,insufficient_gain,insufficient_gain,v3_insufficient_gain,NaN,NaN,NaN,NaN,0,0,0.0804770243240907,0.037492098315789,17.8416453414366,0.000151911685340345,0.000139686284944096
LOS,5,30,3,20270109,4.99822628313368,4.96044168172495,4.99822628313368,4.99822628313368,4.99822628313368,-0.00177371686632277,-0.0395583182750521,-0.00177371686632277,-0.00177371686632277,-0.00177371686632277,0,0,0,candidate_invalid,candidate_invalid,v3_candidate_invalid,NaN,NaN,NaN,NaN,0,0,0.00656318809287451,0.0165135588401091,8.58096220280904,4.57308788024413e-05,4.54307384432084e-05
LOS,5,30,4,20270109,4.99567909890187,4.96441474805376,4.99567909890187,4.99567909890187,4.99567909890187,-0.0043209010981311,-0.0355852519462445,-0.0043209010981311,-0.0043209010981311,-0.0043209010981311,0,0,0,insufficient_gain,insufficient_gain,v3_insufficient_gain,NaN,NaN,NaN,NaN,0,0,0.0683204496029854,0.0257486139157965,11.0302601911514,9.41244746526237e-05,8.76938482257117e-05
LOS,5,30,5,20270109,5.00625723462651,5.0064772425708,5.00625723462651,5.00625723462651,5.00625723462651,0.00625723462651084,0.00647724257080284,0.00625723462651084,0.00625723462651084,0.00625723462651084,0,0,0,candidate_invalid,candidate_invalid,v3_candidate_invalid,NaN,NaN,NaN,NaN,0,0,0.11662286497069,0.00223506987458008,60.9630146749493,8.7772810537734e-05,7.75364939062939e-05
LOS,5,30,6,20270109,5.02679802641268,5.03297329842384,5.02679802641268,5.02679802641268,5.02679802641268,0.0267980264126786,0.0329732984238387,0.0267980264126786,0.0267980264126786,0.0267980264126786,0,0,0,candidate_invalid,candidate_invalid,v3_candidate_invalid,NaN,NaN,NaN,NaN,0,0,0.292888745528767,0.00507841936255994,99.3407881972132,0.000152599903485928,0.000107905109186124
LOS,5,30,7,20270109,5.00519248629206,5.00541396841466,5.00519248629206,5.00519248629206,5.00519248629206,0.00519248629205826,0.00541396841466124,0.00519248629205826,0.00519248629205826,0.00519248629205826,0,0,0,candidate_invalid,candidate_invalid,v3_candidate_invalid,NaN,NaN,NaN,NaN,0,0,0,4.68495045059695e-09,10.2690436791423,0.000167663969599996,0.000167663969672383
LOS,5,30,8,20270109,5.01072788595582,4.97438353560908,5.01072788595582,5.01072788595582,5.01072788595582,0.0107278859558155,-0.0256164643909162,0.0107278859558155,0.0107278859558155,0.0107278859558155,0,0,0,insufficient_gain,insufficient_gain,v3_insufficient_gain,NaN,NaN,NaN,NaN,0,0,0.0471997389007426,0.0255178162350432,9.22165092497685,4.55669644652268e-05,4.34162156399687e-05
LOS,5,30,9,20270109,5.00490468679428,5.00532719531153,5.00490468679428,5.00490468679428,5.00490468679428,0.00490468679427813,0.0053271953115317,0.00490468679427813,0.00490468679427813,0.00490468679427813,0,0,0,candidate_invalid,candidate_invalid,v3_candidate_invalid,NaN,NaN,NaN,NaN,0,0,0,4.44474989202966e-10,10.4766493313441,0.000104572613194742,0.000104572613227383
LOS,5,30,10,20270109,4.99844322073737,5.151007257692,4.99844322073737,4.99844322073737,4.99844322073737,-0.00155677926262765,0.151007257691996,-0.00155677926262765,-0.00155677926262765,-0.00155677926262765,0,0,0,insufficient_gain,insufficient_gain,v3_insufficient_gain,NaN,NaN,NaN,NaN,0,0,0.00683017228996049,0.04936774140118,10.269112365253,6.34166170840889e-05,6.29834706633581e-05
LOS,5,30,11,20270109,4.99518649475348,4.97888618604857,4.99518649475348,4.99518649475348,4.99518649475348,-0.00481350524651791,-0.0211138139514269,-0.00481350524651791,-0.00481350524651791,-0.00481350524651791,0,0,0,candidate_invalid,candidate_invalid,v3_candidate_invalid,NaN,NaN,NaN,NaN,0,0,0.176059149804202,0.00300928352895993,55.6521095051016,3.77414285350763e-05,3.10967047147948e-05
LOS,5,30,12,20270109,5.01927045678078,4.98990228011221,5.01927045678078,5.01927045678078,5.01927045678078,0.0192704567807818,-0.0100977198877894,0.0192704567807818,0.0192704567807818,0.0192704567807818,0,0,0,insufficient_gain,insufficient_gain,v3_insufficient_gain,NaN,NaN,NaN,NaN,0,0,0.00124130335070536,0.0234510798753284,5.17696511453928,0.000103718842882294,0.000103590096335093
LOS,5,30,13,20270109,4.9710563147851,5.57345656246413,4.9710563147851,4.9710563147851,4.9710563147851,-0.028943685214899,0.573456562464131,-0.028943685214899,-0.028943685214899,-0.028943685214899,0,0,0,insufficient_gain,insufficient_gain,v3_insufficient_gain,NaN,NaN,NaN,NaN,0,0,0.0594648863969887,0.171449811995255,10.2161360230142,0.000119829721240583,0.000112704060480029
LOS,5,30,14,20270109,4.98447278484819,4.95740543977623,4.98447278484819,4.98447278484819,4.98447278484819,-0.0155272151518089,-0.0425945602237716,-0.0155272151518089,-0.0155272151518089,-0.0155272151518089,0,0,0,insufficient_gain,insufficient_gain,v3_insufficient_gain,NaN,NaN,NaN,NaN,0,0,0.0582092045062731,0.0651014395493166,5.03279123698433,2.67715772681587e-05,2.5213225052001e-05
LOS,5,30,15,20270109,4.99725714514505,5.57803072804607,4.99725714514505,4.99725714514505,4.99725714514505,-0.00274285485495085,0.578030728046073,-0.00274285485495085,-0.00274285485495085,-0.00274285485495085,0,0,0,insufficient_gain,insufficient_gain,v3_insufficient_gain,NaN,NaN,NaN,NaN,0,0,0.12122723869247,0.125499977394171,14.7781261773393,0.000192484489758726,0.000169150126574147
LOS,5,30,16,20270109,5.01222806830399,5.01181340621228,5.01222806830399,5.01222806830399,5.01222806830399,0.0122280683039913,0.0118134062122817,0.0122280683039913,0.0122280683039913,0.0122280683039913,0,0,0,candidate_invalid,candidate_invalid,v3_candidate_invalid,NaN,NaN,NaN,NaN,0,0,0.359747240872793,0.00486578931667127,88.5289585100219,0.000121105419436551,7.75380789395097e-05
LOS,5,30,17,20270109,5.00274688577536,5.59572978832283,5.00274688577536,5.00274688577536,5.00274688577536,0.0027468857753572,0.595729788322828,0.0027468857753572,0.0027468857753572,0.0027468857753572,0,0,0,insufficient_gain,insufficient_gain,v3_insufficient_gain,NaN,NaN,NaN,NaN,0,0,0.283438277057083,0.12865119759751,14.6486835145578,8.11985255764203e-05,5.81837553874642e-05
LOS,5,30,18,20270109,5.00075608146939,5.2842116353723,5.00075608146939,5.00075608146939,5.00075608146939,0.0007560814693921,0.284211635372301,0.0007560814693921,0.0007560814693921,0.0007560814693921,0,0,0,insufficient_gain,insufficient_gain,v3_insufficient_gain,NaN,NaN,NaN,NaN,0,0,0.00788434852506649,0.0909200189071704,9.80581392917368,0.000119959880601872,0.000119014075094181
LOS,5,30,19,20270109,4.99693716349105,4.95846504529449,4.99693716349105,4.99693716349105,4.99693716349105,-0.00306283650895178,-0.0415349547055062,-0.00306283650895178,-0.00306283650895178,-0.00306283650895178,0,0,0,insufficient_gain,insufficient_gain,v3_insufficient_gain,NaN,NaN,NaN,NaN,0,0,0.0133751483696662,0.0681798835133952,5.0000638870267,0.000111168868839107,0.000109681968724296
LOS,5,30,20,20270109,5.00005701548568,4.93038905094016,5.00005701548568,5.00005701548568,5.00005701548568,5.70154856802674e-05,-0.0696109490598431,5.70154856802674e-05,5.70154856802674e-05,5.70154856802674e-05,0,0,0,candidate_invalid,candidate_invalid,v3_candidate_invalid,NaN,NaN,NaN,NaN,0,0,0.28487181123889,0.0100870404613273,37.4121257946079,6.83720057266246e-05,4.88947486172453e-05
LOS,5,30,21,20270109,5.01699783157994,5.84862708123739,5.01699783157994,5.01699783157994,5.01699783157994,0.0169978315799355,0.848627081237385,0.0169978315799355,0.0169978315799355,0.0169978315799355,0,0,0,insufficient_gain,insufficient_gain,v3_insufficient_gain,NaN,NaN,NaN,NaN,0,0,0.296706802189049,0.220061026771604,10.4526311679256,8.06932754500167e-05,5.67510317330822e-05
LOS,5,30,22,20270109,5.01338672121131,5.00240854748972,5.01338672121131,5.01338672121131,5.01338672121131,0.0133867212113126,0.00240854748972197,0.0133867212113126,0.0133867212113126,0.0133867212113126,0,0,0,candidate_invalid,candidate_invalid,v3_candidate_invalid,NaN,NaN,NaN,NaN,0,0,0.000263556614568265,0.00929044570878643,5.17493195393678,7.80180059707369e-05,7.79974438092079e-05
LOS,5,30,23,20270109,5.00153252484491,4.7972255769409,5.00153252484491,5.00153252484491,5.00153252484491,0.00153252484490896,-0.202774423059095,0.00153252484490896,0.00153252484490896,0.00153252484490896,0,0,0,insufficient_gain,insufficient_gain,v3_insufficient_gain,NaN,NaN,NaN,NaN,0,0,0.068334488256437,0.118505600211361,7.54152097125724,0.000123986902122564,0.000115514320615517
LOS,5,30,24,20270109,4.97428780259186,4.99710424514966,4.97428780259186,4.97428780259186,4.97428780259186,-0.0257121974081427,-0.00289575485033566,-0.0257121974081427,-0.0257121974081427,-0.0257121974081427,0,0,0,candidate_invalid,candidate_invalid,v3_candidate_invalid,NaN,NaN,NaN,NaN,0,0,0.0475786800668838,0.0195794597992366,10.936426650959,7.00664299986276e-05,6.67327617422941e-05
LOS,5,30,25,20270109,5.00021424124408,4.98388665077485,5.00021424124408,5.00021424124408,5.00021424124408,0.000214241244077762,-0.0161133492251526,0.000214241244077762,0.000214241244077762,0.000214241244077762,0,0,0,candidate_invalid,candidate_invalid,v3_candidate_invalid,NaN,NaN,NaN,NaN,0,0,0.107629033935741,0.00312918091393327,57.4599211325351,8.19162986314126e-05,7.3099726546122e-05
LOS,5,30,26,20270109,5.00180497346884,5.28920733374,5.00180497346884,5.00180497346884,5.00180497346884,0.00180497346884412,0.289207333740002,0.00180497346884412,0.00180497346884412,0.00180497346884412,0,0,0,insufficient_gain,insufficient_gain,v3_insufficient_gain,NaN,NaN,NaN,NaN,0,0,0.114420732046327,0.0621700350025644,15.7582575672756,4.20362529536256e-05,3.72264341181872e-05
LOS,5,30,27,20270109,4.99402105401368,5.55633826311527,4.99402105401368,4.99402105401368,4.99402105401368,-0.00597894598632198,0.556338263115272,-0.00597894598632198,-0.00597894598632198,-0.00597894598632198,0,0,0,insufficient_gain,insufficient_gain,v3_insufficient_gain,NaN,NaN,NaN,NaN,0,0,0.182468502095245,0.182976896349544,8.86340913686497,8.9068647392887e-05,7.28164247194574e-05
LOS,5,30,28,20270109,4.9766553425301,5.69108439880357,4.9766553425301,4.9766553425301,4.9766553425301,-0.023344657469897,0.691084398803568,-0.023344657469897,-0.023344657469897,-0.023344657469897,0,0,0,insufficient_gain,insufficient_gain,v3_insufficient_gain,NaN,NaN,NaN,NaN,0,0,0.329794179941035,0.168483361648796,12.6951759954406,7.111976139762e-05,4.76648780098898e-05
LOS,5,30,29,20270109,5.00126320156697,5.26284752858847,5.00126320156697,5.00126320156697,5.00126320156697,0.00126320156696735,0.26284752858847,0.00126320156696735,0.00126320156696735,0.00126320156696735,0,0,0,insufficient_gain,insufficient_gain,v3_insufficient_gain,NaN,NaN,NaN,NaN,0,0,0.0619505006729158,0.0539093704237326,16.8198689530587,7.75106945161141e-05,7.27088681833354e-05
LOS,5,30,30,20270109,5.00278973647526,5.00311551928173,5.00278973647526,5.00278973647526,5.00278973647526,0.00278973647525671,0.00311551928173159,0.00278973647525671,0.00278973647525671,0.00278973647525671,0,0,0,candidate_invalid,candidate_invalid,v3_candidate_invalid,NaN,NaN,NaN,NaN,0,0,0.216694695171614,0.00374666869890549,82.3635778130134,0.000125544927782606,9.83400079264118e-05
LOS,5,30,31,20270109,5.01762395969558,5.1333776444772,5.01762395969558,5.01762395969558,5.01762395969558,0.0176239596955847,0.133377644477196,0.0176239596955847,0.0176239596955847,0.0176239596955847,0,0,0,insufficient_gain,insufficient_gain,v3_insufficient_gain,NaN,NaN,NaN,NaN,0,0,0.0950310062983853,0.140441602709922,5.00138711445906,0.000100900702314055,9.13120070369366e-05
LOS,5,30,32,20270109,5.00265670427443,5.28462225124257,5.00265670427443,5.00265670427443,5.00265670427443,0.00265670427443343,0.284622251242567,0.00265670427443343,0.00265670427443343,0.00265670427443343,0,0,0,insufficient_gain,insufficient_gain,v3_insufficient_gain,NaN,NaN,NaN,NaN,0,0,0.0508175302088476,0.0669270494977423,13.9991671002612,5.70465660023611e-05,5.41476004112251e-05
LOS,5,30,33,20270109,4.98090181046564,5.47940848669417,4.98090181046564,4.98090181046564,4.98090181046564,-0.0190981895343576,0.479408486694169,-0.0190981895343576,-0.0190981895343576,-0.0190981895343576,0,0,0,insufficient_gain,insufficient_gain,v3_insufficient_gain,NaN,NaN,NaN,NaN,0,0,0.059078151945717,0.182948000058836,7.75922201437623,0.000120099758772918,0.000113004486975488
LOS,5,30,34,20270109,5.01236413236508,5.50244648642242,5.01236413236508,5.01236413236508,5.01236413236508,0.0123641323650814,0.502446486422419,0.0123641323650814,0.0123641323650814,0.0123641323650814,0,0,0,insufficient_gain,insufficient_gain,v3_insufficient_gain,NaN,NaN,NaN,NaN,0,0,0.111380872880111,0.19478504347883,6.96142212195477,2.90436251524362e-05,2.58087208313551e-05
LOS,5,30,35,20270109,5.00850179586468,5.47153041127943,5.00850179586468,5.00850179586468,5.00850179586468,0.00850179586467537,0.471530411279433,0.00850179586467537,0.00850179586467537,0.00850179586467537,0,0,0,insufficient_gain,insufficient_gain,v3_insufficient_gain,NaN,NaN,NaN,NaN,0,0,0.1194056090577,0.200252773623687,6.43890308936523,5.52106733771041e-05,4.86182092960252e-05
LOS,5,30,36,20270109,4.99323515686392,4.94877562810717,4.99323515686392,4.99323515686392,4.99323515686392,-0.00676484313608139,-0.0512243718928325,-0.00676484313608139,-0.00676484313608139,-0.00676484313608139,0,0,0,insufficient_gain,insufficient_gain,v3_insufficient_gain,NaN,NaN,NaN,NaN,0,0,0.00284171926271097,0.0334037354896213,5.19496955222812,5.15893503441056e-05,5.1442747893482e-05
LOS,5,30,37,20270109,4.99203840548759,4.96125152465627,4.99203840548759,4.99203840548759,4.99203840548759,-0.0079615945124063,-0.0387484753437306,-0.0079615945124063,-0.0079615945124063,-0.0079615945124063,0,0,0,insufficient_gain,insufficient_gain,v3_insufficient_gain,NaN,NaN,NaN,NaN,0,0,0.163705679375955,0.0598364932902282,8.31446919687008,7.00615038846664e-05,5.85920377931259e-05
LOS,5,30,38,20270109,5.00023905673001,4.99650914199882,5.00023905673001,5.00023905673001,5.00023905673001,0.000239056730009679,-0.00349085800118409,0.000239056730009679,0.000239056730009679,0.000239056730009679,0,0,0,candidate_invalid,candidate_invalid,v3_candidate_invalid,NaN,NaN,NaN,NaN,0,0,0.156401053960723,0.00369425114154221,69.5319897951049,0.000134980579393318,0.000113869474511974
LOS,5,30,39,20270109,4.99461329095034,4.90688603131868,4.99461329095034,4.99461329095034,4.99461329095034,-0.00538670904966043,-0.0931139686813225,-0.00538670904966043,-0.00538670904966043,-0.00538670904966043,0,0,0,insufficient_gain,insufficient_gain,v3_insufficient_gain,NaN,NaN,NaN,NaN,0,0,0.0911725109832697,0.0393499860639712,10.9944928900163,0.000142501480042467,0.000129509262288163
LOS,5,30,40,20270109,4.99514684804071,4.99115628133819,4.99514684804071,4.99514684804071,4.99514684804071,-0.00485315195929203,-0.00884371866180977,-0.00485315195929203,-0.00485315195929203,-0.00485315195929203,0,0,0,insufficient_gain,insufficient_gain,v3_insufficient_gain,NaN,NaN,NaN,NaN,0,0,0.0586066414224398,0.0223999878960215,9.80594437131788,5.93783639355472e-05,5.58983974521254e-05
LOS,5,30,41,20270109,4.98684469537302,4.97541250990312,4.98684469537302,4.98684469537302,4.98684469537302,-0.0131553046269772,-0.024587490096879,-0.0131553046269772,-0.0131553046269772,-0.0131553046269772,0,0,0,candidate_invalid,candidate_invalid,v3_candidate_invalid,NaN,NaN,NaN,NaN,0,0,0.00942335054726422,0.00374934532221927,14.1561037120982,6.32665000517285e-05,6.26703176438426e-05
LOS,5,30,42,20270109,4.995126910412,4.8089798553207,4.995126910412,4.995126910412,4.995126910412,-0.00487308958799737,-0.191020144679296,-0.00487308958799737,-0.00487308958799737,-0.00487308958799737,0,0,0,insufficient_gain,insufficient_gain,v3_insufficient_gain,NaN,NaN,NaN,NaN,0,0,0.0550839730915726,0.0433751116965385,16.1015863824297,7.19769951751381e-05,6.80122163096986e-05
LOS,5,30,43,20270109,5.00791145608154,4.84143599958806,5.00791145608154,5.00791145608154,5.00791145608154,0.0079114560815432,-0.158564000411943,0.0079114560815432,0.0079114560815432,0.0079114560815432,0,0,0,insufficient_gain,insufficient_gain,v3_insufficient_gain,NaN,NaN,NaN,NaN,0,0,0.172178118189333,0.0278116216419683,24.9203340421884,8.56608505750422e-05,7.09119265205338e-05
LOS,5,30,44,20270109,5.01554572672742,5.27097098956085,5.01554572672742,5.01554572672742,5.01554572672742,0.0155457267274199,0.270970989560851,0.0155457267274199,0.0155457267274199,0.0155457267274199,0,0,0,insufficient_gain,insufficient_gain,v3_insufficient_gain,NaN,NaN,NaN,NaN,0,0,0.0499723589065653,0.0874746496266275,9.28993968751019,4.46113797620828e-05,4.2382043881295e-05
LOS,5,30,45,20270109,5.00961785510054,5.46796330029299,5.00961785510054,5.00961785510054,5.00961785510054,0.00961785510053659,0.467963300292991,0.00961785510053659,0.00961785510053659,0.00961785510053659,0,0,0,insufficient_gain,insufficient_gain,v3_insufficient_gain,NaN,NaN,NaN,NaN,0,0,0.0726917425498902,0.185018588549222,7.06583215792168,0.000102258215717521,9.4824887826972e-05
LOS,5,30,46,20270109,4.99264057065001,4.90667441463253,4.99264057065001,4.99264057065001,4.99264057065001,-0.00735942934998768,-0.0933255853674684,-0.00735942934998768,-0.00735942934998768,-0.00735942934998768,0,0,0,insufficient_gain,insufficient_gain,v3_insufficient_gain,NaN,NaN,NaN,NaN,0,0,0.052000526605462,0.0251777486534754,12.5676241530781,8.98290912616506e-05,8.51579312115547e-05
LOS,5,30,47,20270109,4.99164822596808,5.62836080353962,4.99164822596808,4.99164822596808,4.99164822596808,-0.00835177403191967,0.628360803539618,-0.00835177403191967,-0.00835177403191967,-0.00835177403191967,0,0,0,insufficient_gain,insufficient_gain,v3_insufficient_gain,NaN,NaN,NaN,NaN,0,0,0.145709119990033,0.204985734327609,8.62980985866324,7.71574327063096e-05,6.5914891085983e-05
LOS,5,30,48,20270109,4.99956944452476,5.00276067271451,4.99956944452476,4.99956944452476,4.99956944452476,-0.000430555475244176,0.00276067271450842,-0.000430555475244176,-0.000430555475244176,-0.000430555475244176,0,0,0,candidate_invalid,candidate_invalid,v3_candidate_invalid,NaN,NaN,NaN,NaN,0,0,0.0275349232723104,0.00126746675960661,65.9469287447467,0.000103206083801322,0.000100364312202617
LOS,5,30,49,20270109,4.99281625264033,4.96066667096479,4.99281625264033,4.99281625264033,4.99281625264033,-0.00718374735966876,-0.0393333290352071,-0.00718374735966876,-0.00718374735966876,-0.00718374735966876,0,0,0,insufficient_gain,insufficient_gain,v3_insufficient_gain,NaN,NaN,NaN,NaN,0,0,0.0144512844572536,0.0323410248602206,6.28387297684109,5.23281755517857e-05,5.15719662017577e-05
LOS,5,30,50,20270109,5.01105376482938,5.49642021221263,5.01105376482938,5.01105376482938,5.01105376482938,0.0110537648293834,0.496420212212634,0.0110537648293834,0.0110537648293834,0.0110537648293834,0,0,0,insufficient_gain,insufficient_gain,v3_insufficient_gain,NaN,NaN,NaN,NaN,0,0,0.0543873966138435,0.167112646558175,8.35064572126323,4.95503895312499e-05,4.68554728434434e-05
LOS,10,30,1,20270109,9.98647759599352,9.89472229418655,9.98647759599352,9.98647759599352,9.98647759599352,-0.0135224040064781,-0.10527770581345,-0.0135224040064781,-0.0135224040064781,-0.0135224040064781,0,0,0,candidate_invalid,candidate_invalid,v3_candidate_invalid,NaN,NaN,NaN,NaN,0,0,0.27872815419719,0.0125036707951343,40.0143034947907,9.35172874376722e-05,6.74513865246418e-05
LOS,10,30,2,20270109,10.0096950503876,10.2415810157888,10.0096950503876,10.0096950503876,10.0096950503876,0.0096950503875739,0.241581015788775,0.0096950503875739,0.0096950503875739,0.0096950503875739,0,0,0,insufficient_gain,insufficient_gain,v3_insufficient_gain,NaN,NaN,NaN,NaN,0,0,0.0600762361939252,0.164372098099163,5.00000675217061,0.000148526002822669,0.000139603119596154
LOS,10,30,3,20270109,10.0110829363649,10.1455757613379,10.0110829363649,10.0110829363649,10.0110829363649,0.011082936364895,0.145575761337909,0.011082936364895,0.011082936364895,0.011082936364895,0,0,0,insufficient_gain,insufficient_gain,v3_insufficient_gain,NaN,NaN,NaN,NaN,0,0,0.00150092736889141,0.0738307041755284,5.81572292155624,8.72613108131581e-05,8.71303379235133e-05
LOS,10,30,4,20270109,10.0017023078697,10.0066254238564,10.0017023078697,10.0017023078697,10.0017023078697,0.00170230786969938,0.00662542385641984,0.00170230786969938,0.00170230786969938,0.00170230786969938,0,0,0,candidate_invalid,candidate_invalid,v3_candidate_invalid,NaN,NaN,NaN,NaN,0,0,0.295031007411102,0.0074140684746032,31.5055548385032,8.88291185969781e-05,6.26217742498714e-05
LOS,10,30,5,20270109,9.99623573470483,10.0599114325441,9.99623573470483,9.99623573470483,9.99623573470483,-0.00376426529516571,0.0599114325440624,-0.00376426529516571,-0.00376426529516571,-0.00376426529516571,0,0,0,insufficient_gain,insufficient_gain,v3_insufficient_gain,NaN,NaN,NaN,NaN,0,0,0.00606627604467916,0.0466806846849155,5.09388391339298,7.11845303649206e-05,7.07527053536161e-05
LOS,10,30,6,20270109,9.99299621999431,10.8414950866266,9.99299621999431,9.99299621999431,9.99299621999431,-0.00700378000568946,0.841495086626592,-0.00700378000568946,-0.00700378000568946,-0.00700378000568946,0,0,0,insufficient_gain,insufficient_gain,v3_insufficient_gain,NaN,NaN,NaN,NaN,0,0,0.148060511296001,0.29579199135192,6.98531558271073,4.73204550011097e-05,4.0314164238886e-05
LOS,10,30,7,20270109,9.99112359939715,10.2883463019058,9.99112359939715,9.99112359939715,9.99112359939715,-0.00887640060285122,0.288346301905843,-0.00887640060285122,-0.00887640060285122,-0.00887640060285122,0,0,0,insufficient_gain,insufficient_gain,v3_insufficient_gain,NaN,NaN,NaN,NaN,0,0,0.180993674976433,0.17716894572232,5.71952576365263,9.62639200405846e-05,7.88407593848017e-05
LOS,10,30,8,20270109,10.0196545170668,9.81698563046378,10.0196545170668,10.0196545170668,10.0196545170668,0.0196545170667548,-0.183014369536217,0.0196545170667548,0.0196545170667548,0.0196545170667548,0,0,0,insufficient_gain,insufficient_gain,v3_insufficient_gain,NaN,NaN,NaN,NaN,0,0,0.120363971140788,0.0597898414391779,13.0503223822352,6.72937180137279e-05,5.91939788807672e-05
LOS,10,30,9,20270109,10.0064576564006,10.2098276824071,10.0064576564006,10.0064576564006,10.0064576564006,0.00645765640057405,0.209827682407084,0.00645765640057405,0.00645765640057405,0.00645765640057405,0,0,0,insufficient_gain,insufficient_gain,v3_insufficient_gain,NaN,NaN,NaN,NaN,0,0,0.0168512269825391,0.0852122197033526,7.655652537548,9.83450953897513e-05,9.66878598647192e-05
LOS,10,30,10,20270109,10.0203398961368,10.3962356680265,10.0203398961368,10.0203398961368,10.0203398961368,0.0203398961367647,0.396235668026506,0.0203398961367647,0.0203398961367647,0.0203398961367647,0,0,0,insufficient_gain,insufficient_gain,v3_insufficient_gain,NaN,NaN,NaN,NaN,0,0,0.273567806353312,0.0606208324773012,23.3919384624887,0.000153030735147164,0.00011116645262832
LOS,10,30,11,20270109,10.0127471499563,10.2393484598923,10.0127471499563,10.0127471499563,10.0127471499563,0.0127471499563363,0.239348459892259,0.0127471499563363,0.0127471499563363,0.0127471499563363,0,0,0,candidate_invalid,candidate_invalid,v3_candidate_invalid,NaN,NaN,NaN,NaN,0,0,0,0.136261802559436,5.00044913900901,0.000112472225482163,0.000113707415155595
LOS,10,30,12,20270109,10.0133525153825,10.4904052563073,10.0133525153825,10.0133525153825,10.0133525153825,0.0133525153824952,0.490405256307263,0.0133525153824952,0.0133525153824952,0.0133525153824952,0,0,0,insufficient_gain,insufficient_gain,v3_insufficient_gain,NaN,NaN,NaN,NaN,0,0,0.204853571739205,0.158543617090248,9.35316468152245,0.00017204637580237,0.000136802061214469
LOS,10,30,13,20270109,9.99353628232694,10.1017985059262,9.99353628232694,9.99353628232694,9.99353628232694,-0.0064637176730642,0.101798505926233,-0.0064637176730642,-0.0064637176730642,-0.0064637176730642,0,0,0,insufficient_gain,insufficient_gain,v3_insufficient_gain,NaN,NaN,NaN,NaN,0,0,0.0122778153562735,0.0853812683171098,5.00142658913619,5.13683810690058e-05,5.07376895710898e-05
LOS,10,30,14,20270109,9.99067266560401,9.80471943992174,9.99067266560401,9.99067266560401,9.99067266560401,-0.00932733439598721,-0.195280560078263,-0.00932733439598721,-0.00932733439598721,-0.00932733439598721,0,0,0,insufficient_gain,insufficient_gain,v3_insufficient_gain,NaN,NaN,NaN,NaN,0,0,0.0463479148453671,0.0799996955712382,9.53571854659198,0.000176953703155958,0.000168752267990513
LOS,10,30,15,20270109,9.987947769612,10.8187031805432,9.987947769612,9.987947769612,9.987947769612,-0.0120522303879955,0.818703180543189,-0.0120522303879955,-0.0120522303879955,-0.0120522303879955,0,0,0,insufficient_gain,insufficient_gain,v3_insufficient_gain,NaN,NaN,NaN,NaN,0,0,0.405716974727224,0.202149212281703,11.8159613907834,9.6119324885624e-05,5.71220831802055e-05
LOS,10,30,16,20270109,10.0035485176582,10.0034732145725,10.0035485176582,10.0035485176582,10.0035485176582,0.00354851765822595,0.00347321457247496,0.00354851765822595,0.00354851765822595,0.00354851765822595,0,0,0,candidate_invalid,candidate_invalid,v3_candidate_invalid,NaN,NaN,NaN,NaN,0,0,0,5.31248004586574e-11,22.0591291808068,0.000120607315805765,0.000120607315815091
LOS,10,30,17,20270109,9.98832159420938,9.97274569502039,9.98832159420938,9.98832159420938,9.98832159420938,-0.011678405790617,-0.0272543049796141,-0.011678405790617,-0.011678405790617,-0.011678405790617,0,0,0,candidate_invalid,candidate_invalid,v3_candidate_invalid,NaN,NaN,NaN,NaN,0,0,0.265399406549305,0.00964403448841957,26.3111089598173,9.4852296505632e-05,6.96785533031985e-05
LOS,10,30,18,20270109,10.0007242301121,10.2174410567584,10.0007242301121,10.0007242301121,10.0007242301121,0.000724230112135515,0.217441056758432,0.000724230112135515,0.000724230112135515,0.000724230112135515,0,0,0,insufficient_gain,insufficient_gain,v3_insufficient_gain,NaN,NaN,NaN,NaN,0,0,0.0499391033507681,0.135042341972012,5.36665134888722,9.40589379712087e-05,8.9361718946801e-05
LOS,10,30,19,20270109,9.99124561022442,10.6232423804246,9.99124561022442,9.99124561022442,9.99124561022442,-0.00875438977558218,0.623242380424585,-0.00875438977558218,-0.00875438977558218,-0.00875438977558218,0,0,0,insufficient_gain,insufficient_gain,v3_insufficient_gain,NaN,NaN,NaN,NaN,0,0,0.0786386849624431,0.206311085294897,8.42955390664482,6.32624577645569e-05,5.828758127846e-05
LOS,10,30,20,20270109,9.98459336931962,9.93576454594838,9.98459336931962,9.98459336931962,9.98459336931962,-0.0154066306803795,-0.0642354540516159,-0.0154066306803795,-0.0154066306803795,-0.0154066306803795,0,0,0,insufficient_gain,insufficient_gain,v3_insufficient_gain,NaN,NaN,NaN,NaN,0,0,0.060446694463756,0.0632659843812144,7.56101989633234,0.000119719602334589,0.000112482948110948
LOS,10,30,21,20270109,10.0190537843749,10.035756656035,10.0190537843749,10.0190537843749,10.0190537843749,0.0190537843749432,0.0357566560349767,0.0190537843749432,0.0190537843749432,0.0190537843749432,0,0,0,candidate_invalid,candidate_invalid,v3_candidate_invalid,NaN,NaN,NaN,NaN,0,0,0.411244650768488,0.00688017481306634,44.2707151421354,0.000129478452064902,7.62311312634267e-05
LOS,10,30,22,20270109,9.99287897810407,10.5725075493529,9.99287897810407,9.99287897810407,9.99287897810407,-0.00712102189593367,0.572507549352917,-0.00712102189593367,-0.00712102189593367,-0.00712102189593367,0,0,0,insufficient_gain,insufficient_gain,v3_insufficient_gain,NaN,NaN,NaN,NaN,0,0,0.065675480462586,0.178612247520691,9.27611425928381,7.5546273371474e-05,7.05847355706446e-05
LOS,10,30,23,20270109,9.997622026873,9.85047280742855,9.997622026873,9.997622026873,9.997622026873,-0.00237797312699506,-0.149527192571451,-0.00237797312699506,-0.00237797312699506,-0.00237797312699506,0,0,0,insufficient_gain,insufficient_gain,v3_insufficient_gain,NaN,NaN,NaN,NaN,0,0,0.165208160092452,0.0284183790841151,21.702437970816,0.000100156203083124,8.36095810499149e-05
LOS,10,30,24,20270109,9.98342359946484,10.6278321396097,9.98342359946484,9.98342359946484,9.98342359946484,-0.016576400535163,0.627832139609726,-0.016576400535163,-0.016576400535163,-0.016576400535163,0,0,0,insufficient_gain,insufficient_gain,v3_insufficient_gain,NaN,NaN,NaN,NaN,0,0,0.367445281993908,0.190566998284216,9.77931185681636,8.46623761514564e-05,5.35535854722102e-05
LOS,10,30,25,20270109,9.99857128354603,10.0636303379448,9.99857128354603,9.99857128354603,9.99857128354603,-0.00142871645396525,0.0636303379447689,-0.00142871645396525,-0.00142871645396525,-0.00142871645396525,0,0,0,insufficient_gain,insufficient_gain,v3_insufficient_gain,NaN,NaN,NaN,NaN,0,0,0.0472681555339033,0.051771549207221,7.13736455563075,8.49056307654639e-05,8.08922982047378e-05
LOS,10,30,26,20270109,10.0182285393012,9.90708684156758,10.0182285393012,10.0182285393012,10.0182285393012,0.0182285393011909,-0.0929131584324239,0.0182285393011909,0.0182285393011909,0.0182285393011909,0,0,0,candidate_invalid,candidate_invalid,v3_candidate_invalid,NaN,NaN,NaN,NaN,0,0,0.248893245313967,0.0176071418215382,27.2023164183856,9.9052798157695e-05,7.43992257667969e-05
LOS,10,30,27,20270109,10.0090536932373,10.0770432435578,10.0090536932373,10.0090536932373,10.0090536932373,0.00905369323731442,0.0770432435577888,0.00905369323731442,0.00905369323731442,0.00905369323731442,0,0,0,insufficient_gain,insufficient_gain,v3_insufficient_gain,NaN,NaN,NaN,NaN,0,0,0.12946524116555,0.0539605277276473,8.8994592594277,8.81546525253185e-05,7.67416891762629e-05
LOS,10,30,28,20270109,9.99623065559212,10.0175288761961,9.99623065559212,9.99623065559212,9.99623065559212,-0.00376934440788013,0.0175288761961383,-0.00376934440788013,-0.00376934440788013,-0.00376934440788013,0,0,0,candidate_invalid,candidate_invalid,v3_candidate_invalid,NaN,NaN,NaN,NaN,0,0,0.123210619122406,0.00593680425102757,30.3228321824889,8.61366236533101e-05,7.55236769238721e-05
LOS,10,30,29,20270109,10.0015681465817,10.0006864470435,10.0015681465817,10.0015681465817,10.0015681465817,0.00156814658168436,0.000686447043525718,0.00156814658168436,0.00156814658168436,0.00156814658168436,0,0,0,candidate_invalid,candidate_invalid,v3_candidate_invalid,NaN,NaN,NaN,NaN,0,0,0.196137236224472,0.00253487502167077,92.15550517432,5.82884866680011e-05,4.68559439892324e-05
LOS,10,30,30,20270109,10.0104630439994,10.1415159446283,10.0104630439994,10.0104630439994,10.0104630439994,0.0104630439994171,0.141515944628331,0.0104630439994171,0.0104630439994171,0.0104630439994171,0,0,0,insufficient_gain,insufficient_gain,v3_insufficient_gain,NaN,NaN,NaN,NaN,0,0,0.162958726352541,0.0605769073770815,8.86807396091879,4.79180486252506e-05,4.01093844519806e-05
LOS,10,30,31,20270109,10.016180240959,10.2490173768506,10.016180240959,10.016180240959,10.016180240959,0.0161802409589988,0.249017376850576,0.0161802409589988,0.0161802409589988,0.0161802409589988,0,0,0,insufficient_gain,insufficient_gain,v3_insufficient_gain,NaN,NaN,NaN,NaN,0,0,0.0524627990804962,0.146072513568689,5.00000223997723,4.82765302087795e-05,4.57438083041328e-05
LOS,10,30,32,20270109,10.0190336008145,10.0413755114037,10.0190336008145,10.0190336008145,10.0190336008145,0.0190336008145202,0.0413755114036984,0.0190336008145202,0.0190336008145202,0.0190336008145202,0,0,0,insufficient_gain,insufficient_gain,v3_insufficient_gain,NaN,NaN,NaN,NaN,0,0,0.00483665514535143,0.0439064122348673,5.22057529628384,0.000139592548964673,0.000138917387944471
LOS,10,30,33,20270109,10.0067374034163,10.5377552645154,10.0067374034163,10.0067374034163,10.0067374034163,0.00673740341633966,0.537755264515397,0.00673740341633966,0.00673740341633966,0.00673740341633966,0,0,0,insufficient_gain,insufficient_gain,v3_insufficient_gain,NaN,NaN,NaN,NaN,0,0,0.0409291331662229,0.23723840439622,5.86740125345261,9.7419581821967e-05,9.34322827845779e-05
LOS,10,30,34,20270109,10.0173350567831,10.2076202458733,10.0173350567831,10.0173350567831,10.0173350567831,0.0173350567830628,0.20762024587329,0.0173350567830628,0.0173350567830628,0.0173350567830628,0,0,0,insufficient_gain,insufficient_gain,v3_insufficient_gain,NaN,NaN,NaN,NaN,0,0,0.0203289728466274,0.119438763288722,5.00768630793235,3.98351494428351e-05,3.90253417714703e-05
LOS,10,30,35,20270109,10.0371015249273,10.712156506479,10.0371015249273,10.0371015249273,10.0371015249273,0.0371015249272659,0.712156506478976,0.0371015249272659,0.0371015249272659,0.0371015249272659,0,0,0,insufficient_gain,insufficient_gain,v3_insufficient_gain,NaN,NaN,NaN,NaN,0,0,0.0771292026210519,0.243792389208781,7.24421152000877,0.000102996857174409,9.50527917080723e-05
LOS,10,30,36,20270109,9.99446454646056,10.3782436397307,9.99446454646056,9.99446454646056,9.99446454646056,-0.00553545353943719,0.378243639730671,-0.00553545353943719,-0.00553545353943719,-0.00553545353943719,0,0,0,insufficient_gain,insufficient_gain,v3_insufficient_gain,NaN,NaN,NaN,NaN,0,0,0.217299753604588,0.0665677131832314,20.7735049870543,0.000124048724434278,9.7092967179746e-05
LOS,10,30,37,20270109,9.9890962421869,10.4581000114199,9.9890962421869,9.9890962421869,9.9890962421869,-0.0109037578130984,0.45810001141988,-0.0109037578130984,-0.0109037578130984,-0.0109037578130984,0,0,0,insufficient_gain,insufficient_gain,v3_insufficient_gain,NaN,NaN,NaN,NaN,0,0,0.0269034625756232,0.174583374914952,7.62340542424337,6.11065940718802e-05,5.94626151051436e-05
LOS,10,30,38,20270109,10.0073915652279,10.3447604406565,10.0073915652279,10.0073915652279,10.0073915652279,0.00739156522785578,0.344760440656486,0.00739156522785578,0.00739156522785578,0.00739156522785578,0,0,0,insufficient_gain,insufficient_gain,v3_insufficient_gain,NaN,NaN,NaN,NaN,0,0,0.13486256263859,0.0714088953108419,16.0270356710265,5.52347055002844e-05,4.77856115699282e-05
LOS,10,30,39,20270109,9.99325593947667,10.0515729168754,9.99325593947667,9.99325593947667,9.99325593947667,-0.00674406052332799,0.0515729168753865,-0.00674406052332799,-0.00674406052332799,-0.00674406052332799,0,0,0,insufficient_gain,insufficient_gain,v3_insufficient_gain,NaN,NaN,NaN,NaN,0,0,0.0225062591533833,0.0403762151013657,6.43244957399569,4.28007211343839e-05,4.18374370125818e-05
LOS,10,30,40,20270109,10.0055048569846,10.39817489725,10.0055048569846,10.0055048569846,10.0055048569846,0.00550485698458836,0.398174897250026,0.00550485698458836,0.00550485698458836,0.00550485698458836,0,0,0,insufficient_gain,insufficient_gain,v3_insufficient_gain,NaN,NaN,NaN,NaN,0,0,0.0752742798422203,0.0839358644721365,15.6486830821979,0.000139060592305951,0.000128592906365688
LOS,10,30,41,20270109,9.98943625040108,10.6245497515562,9.98943625040108,9.98943625040108,9.98943625040108,-0.0105637495989175,0.624549751556167,-0.0105637495989175,-0.0105637495989175,-0.0105637495989175,0,0,0,insufficient_gain,insufficient_gain,v3_insufficient_gain,NaN,NaN,NaN,NaN,0,0,0.101576590240558,0.166948599358381,11.2186228155605,0.000112238038623813,0.000100837281365118
LOS,10,30,42,20270109,9.99441855822161,9.99062169451103,9.99441855822161,9.99441855822161,9.99441855822161,-0.00558144177838749,-0.00937830548896557,-0.00558144177838749,-0.00558144177838749,-0.00558144177838749,0,0,0,candidate_invalid,candidate_invalid,v3_candidate_invalid,NaN,NaN,NaN,NaN,0,0,0.361240931228496,0.00426626191260819,99.999887671262,8.65221225443413e-05,5.52667904245574e-05
LOS,10,30,43,20270109,10.0086680699601,9.93161673948968,10.0086680699601,10.0086680699601,10.0086680699601,0.00866806996005209,-0.0683832605103163,0.00866806996005209,0.00866806996005209,0.00866806996005209,0,0,0,insufficient_gain,insufficient_gain,v3_insufficient_gain,NaN,NaN,NaN,NaN,0,0,0.0833929507728988,0.0917926710753565,6.58153848400649,9.71189361806957e-05,8.90199015166626e-05
LOS,10,30,44,20270109,9.99468598926771,10.0327791938476,9.99468598926771,9.99468598926771,9.99468598926771,-0.00531401073228643,0.0327791938475812,-0.00531401073228643,-0.00531401073228643,-0.00531401073228643,0,0,0,insufficient_gain,insufficient_gain,v3_insufficient_gain,NaN,NaN,NaN,NaN,0,0,0.00140246848030768,0.0217131377365713,6.42470414753738,8.72425022704348e-05,8.71201474108574e-05
LOS,10,30,45,20270109,10.0000751747333,9.99328063658774,10.0000751747333,10.0000751747333,10.0000751747333,7.51747333342934e-05,-0.00671936341225532,7.51747333342934e-05,7.51747333342934e-05,7.51747333342934e-05,0,0,0,candidate_invalid,candidate_invalid,v3_candidate_invalid,NaN,NaN,NaN,NaN,0,0,0.132508403373076,0.00342697772279824,99.9994042568343,0.000180666862172219,0.000156726984723354
LOS,10,30,46,20270109,9.99510434516399,10.4701519500731,9.99510434516399,9.99510434516399,9.99510434516399,-0.00489565483600884,0.470151950073131,-0.00489565483600884,-0.00489565483600884,-0.00489565483600884,0,0,0,insufficient_gain,insufficient_gain,v3_insufficient_gain,NaN,NaN,NaN,NaN,0,0,0.0965317630063971,0.2174941604413,5.99980407431755,8.97097334340291e-05,8.10498947068083e-05
LOS,10,30,47,20270109,10.00593885606,10.0108245297046,10.00593885606,10.00593885606,10.00593885606,0.00593885605995581,0.0108245297045872,0.00593885605995581,0.00593885605995581,0.00593885605995581,0,0,0,candidate_invalid,candidate_invalid,v3_candidate_invalid,NaN,NaN,NaN,NaN,0,0,0.149143340801854,0.00348721134349676,96.0589910024797,0.000149537031269187,0.000127234578852109
LOS,10,30,48,20270109,10.0018175170333,10.1553445040159,10.0018175170333,10.0018175170333,10.0018175170333,0.0018175170333059,0.155344504015943,0.0018175170333059,0.0018175170333059,0.0018175170333059,0,0,0,insufficient_gain,insufficient_gain,v3_insufficient_gain,NaN,NaN,NaN,NaN,0,0,0.0994876376340302,0.0253229586026643,23.1597402604319,5.84427445631253e-05,5.26284139696909e-05
LOS,10,30,49,20270109,10.0106718658576,10.0151893341623,10.0106718658576,10.0106718658576,10.0106718658576,0.0106718658576117,0.0151893341623222,0.0106718658576117,0.0106718658576117,0.0106718658576117,0,0,0,candidate_invalid,candidate_invalid,v3_candidate_invalid,NaN,NaN,NaN,NaN,0,0,0.0978173849895884,0.00242449310518743,98.1186154989085,8.37866330527515e-05,7.55908437104491e-05
LOS,10,30,50,20270109,10.0076512773169,9.953626255444,10.0076512773169,10.0076512773169,10.0076512773169,0.0076512773168993,-0.0463737445559964,0.0076512773168993,0.0076512773168993,0.0076512773168993,0,0,0,insufficient_gain,insufficient_gain,v3_insufficient_gain,NaN,NaN,NaN,NaN,0,0,0.113513828377482,0.0638959638680794,7.56364408087812,7.23429252327268e-05,6.4131002833534e-05
LOS,15,30,1,20270109,15.0061460073586,14.9989864920743,15.0061460073586,15.0061460073586,15.0061460073586,0.00614600735863746,-0.00101350792571786,0.00614600735863746,0.00614600735863746,0.00614600735863746,0,0,0,candidate_invalid,candidate_invalid,v3_candidate_invalid,NaN,NaN,NaN,NaN,0,0,0.318248905932632,0.00537171242739524,72.8220565778876,0.000177920927905584,0.000121297787257113
LOS,15,30,2,20270109,15.0155467272448,15.5727225734815,15.0155467272448,15.0155467272448,15.0155467272448,0.015546727244784,0.572722573481478,0.015546727244784,0.015546727244784,0.015546727244784,0,0,0,insufficient_gain,insufficient_gain,v3_insufficient_gain,NaN,NaN,NaN,NaN,0,0,0.108726177159995,0.224205283987771,6.70888175361996,8.72547862520445e-05,7.77679069039472e-05
LOS,15,30,3,20270109,15.001066895429,14.9940693588435,15.001066895429,15.001066895429,15.001066895429,0.00106689542901606,-0.00593064115649611,0.00106689542901606,0.00106689542901606,0.00106689542901606,0,0,0,insufficient_gain,insufficient_gain,v3_insufficient_gain,NaN,NaN,NaN,NaN,0,0,0.0459513843950573,0.0486197161932953,7.17162197047478,0.000100532671868381,9.59130564190946e-05
LOS,15,30,4,20270109,15.0000218429679,15.785384412755,15.0000218429679,15.0000218429679,15.0000218429679,2.18429679375021e-05,0.785384412754979,2.18429679375021e-05,2.18429679375021e-05,2.18429679375021e-05,0,0,0,insufficient_gain,insufficient_gain,v3_insufficient_gain,NaN,NaN,NaN,NaN,0,0,0.286001991307094,0.19867302060723,11.2812652453583,7.41903640519848e-05,5.29717721973189e-05
LOS,15,30,5,20270109,15.0029179243015,15.6331840593585,15.0029179243015,15.0029179243015,15.0029179243015,0.00291792430153492,0.633184059358463,0.00291792430153492,0.00291792430153492,0.00291792430153492,0,0,0,insufficient_gain,insufficient_gain,v3_insufficient_gain,NaN,NaN,NaN,NaN,0,0,0.41371192466528,0.197691962667782,9.0482494829687,5.27893623640807e-05,3.0949773658584e-05
LOS,15,30,6,20270109,14.9922102592394,14.9878209928957,14.9922102592394,14.9922102592394,14.9922102592394,-0.00778974076063754,-0.0121790071043435,-0.00778974076063754,-0.00778974076063754,-0.00778974076063754,0,0,0,candidate_invalid,candidate_invalid,v3_candidate_invalid,NaN,NaN,NaN,NaN,0,0,0.0467518468584894,0.01594714155017,12.8695995708557,0.000140397601430031,0.000133833754268675
LOS,15,30,7,20270109,14.9832788571422,14.9840420400766,14.9832788571422,14.9832788571422,14.9832788571422,-0.0167211428578291,-0.0159579599233517,-0.0167211428578291,-0.0167211428578291,-0.0167211428578291,0,0,0,candidate_invalid,candidate_invalid,v3_candidate_invalid,NaN,NaN,NaN,NaN,0,0,0.00213001715455892,0.000295684171460198,58.6106131040247,7.30315710650853e-05,7.28760125658923e-05
LOS,15,30,8,20270109,15.005914224684,15.4826485241846,15.005914224684,15.005914224684,15.005914224684,0.00591422468402669,0.48264852418464,0.00591422468402669,0.00591422468402669,0.00591422468402669,0,0,0,insufficient_gain,insufficient_gain,v3_insufficient_gain,NaN,NaN,NaN,NaN,0,0,0.00642799254228689,0.194832340973065,6.72565079615747,0.000156146786209455,0.000155143075832198
LOS,15,30,9,20270109,15.0003032001409,15.4783665389663,15.0003032001409,15.0003032001409,15.0003032001409,0.000303200140917781,0.478366538966348,0.000303200140917781,0.000303200140917781,0.000303200140917781,0,0,0,insufficient_gain,insufficient_gain,v3_insufficient_gain,NaN,NaN,NaN,NaN,0,0,0.0376021836857147,0.201837081352189,6.46400587712286,4.65230123629645e-05,4.47736455064796e-05
LOS,15,30,10,20270109,14.9793391247662,15.505796849522,14.9793391247662,14.9793391247662,14.9793391247662,-0.0206608752337729,0.505796849521992,-0.0206608752337729,-0.0206608752337729,-0.0206608752337729,0,0,0,insufficient_gain,insufficient_gain,v3_insufficient_gain,NaN,NaN,NaN,NaN,0,0,0.219190501954494,0.130232395428364,12.6866541473542,0.000102869249025028,8.03212866955505e-05
LOS,15,30,11,20270109,14.9916973847397,14.9970398036252,14.9916973847397,14.9916973847397,14.9916973847397,-0.00830261526033027,-0.0029601963748096,-0.00830261526033027,-0.00830261526033027,-0.00830261526033027,0,0,0,candidate_invalid,candidate_invalid,v3_candidate_invalid,NaN,NaN,NaN,NaN,0,0,0.160047118110555,0.00246482232178073,99.8642766378708,7.49146132368317e-05,6.29247452839099e-05
LOS,15,30,12,20270109,14.9928354254002,14.9874920150434,14.9928354254002,14.9928354254002,14.9928354254002,-0.00716457459976461,-0.0125079849566312,-0.00716457459976461,-0.00716457459976461,-0.00716457459976461,0,0,0,candidate_invalid,candidate_invalid,v3_candidate_invalid,NaN,NaN,NaN,NaN,0,0,0.0566525779777985,0.00135534991021713,63.6338825754836,6.5986220818548e-05,6.2247931298165e-05
LOS,15,30,13,20270109,15.0037348464875,15.0030639500704,15.0037348464875,15.0037348464875,15.0037348464875,0.00373484648749667,0.00306395007040372,0.00373484648749667,0.00373484648749667,0.00373484648749667,0,0,0,candidate_invalid,candidate_invalid,v3_candidate_invalid,NaN,NaN,NaN,NaN,0,0,0,2.30125116389738e-12,37.9982508664815,0.000135691548172945,0.000135691548173389
LOS,15,30,14,20270109,15.0261393419025,15.0271998275078,15.0261393419025,15.0261393419025,15.0261393419025,0.0261393419025069,0.0271998275078467,0.0261393419025069,0.0261393419025069,0.0261393419025069,0,0,0,candidate_invalid,candidate_invalid,v3_candidate_invalid,NaN,NaN,NaN,NaN,0,0,4.1062240890802e-12,2.51957593094911e-13,47.1794788386752,0.000108150261704187,0.000108150261703743
LOS,15,30,15,20270109,15.0069163117468,15.0585231012737,15.0069163117468,15.0069163117468,15.0069163117468,0.0069163117468154,0.0585231012736713,0.0069163117468154,0.0069163117468154,0.0069163117468154,0,0,0,insufficient_gain,insufficient_gain,v3_insufficient_gain,NaN,NaN,NaN,NaN,0,0,0.00125431057760633,0.0228847424561926,7.94213438689103,9.94084606722456e-05,9.92837715885209e-05
LOS,15,30,16,20270109,15.017056593402,15.341939375441,15.017056593402,15.017056593402,15.017056593402,0.0170565934019731,0.341939375441049,0.0170565934019731,0.0170565934019731,0.0170565934019731,0,0,0,insufficient_gain,insufficient_gain,v3_insufficient_gain,NaN,NaN,NaN,NaN,0,0,0.138627284219316,0.0604601120885678,18.9879101743858,9.37675661487614e-05,8.07688231057035e-05
LOS,15,30,17,20270109,14.9777599251807,14.9722946366252,14.9777599251807,14.9777599251807,14.9777599251807,-0.0222400748193312,-0.0277053633748423,-0.0222400748193312,-0.0222400748193312,-0.0222400748193312,0,0,0,candidate_invalid,candidate_invalid,v3_candidate_invalid,NaN,NaN,NaN,NaN,0,0,0.0260469800257358,0.00655172437936795,15.0092021562432,5.35358718096735e-05,5.21414240259865e-05
LOS,15,30,18,20270109,15.0063903555353,14.9423459042895,15.0063903555353,15.0063903555353,15.0063903555353,0.00639035553531819,-0.0576540957104896,0.00639035553531819,0.00639035553531819,0.00639035553531819,0,0,0,candidate_invalid,candidate_invalid,v3_candidate_invalid,NaN,NaN,NaN,NaN,0,0,0.217360388391938,0.00983881662174075,36.7512176286999,0.000100098349291811,7.83409332123508e-05
LOS,15,30,19,20270109,14.9904094648263,15.6475778321143,14.9904094648263,14.9904094648263,14.9904094648263,-0.00959053517374819,0.64757783211429,-0.00959053517374819,-0.00959053517374819,-0.00959053517374819,0,0,0,insufficient_gain,insufficient_gain,v3_insufficient_gain,NaN,NaN,NaN,NaN,0,0,0.129845590796841,0.254629606447444,6.67889905011212,8.0783640215909e-05,7.02942407253548e-05
LOS,15,30,20,20270109,14.9980623000414,14.9999817948289,14.9980623000414,14.9980623000414,14.9980623000414,-0.00193769995855142,-1.82051710879705e-05,-0.00193769995855142,-0.00193769995855142,-0.00193769995855142,0,0,0,candidate_invalid,candidate_invalid,v3_candidate_invalid,NaN,NaN,NaN,NaN,0,0,0.00346706325897053,0.000505617556782562,72.0977331911505,0.000123585120565872,0.000123156643135003
LOS,15,30,21,20270109,14.9955765869548,15.5784824933229,14.9955765869548,14.9955765869548,14.9955765869548,-0.00442341304521499,0.578482493322888,-0.00442341304521499,-0.00442341304521499,-0.00442341304521499,0,0,0,insufficient_gain,insufficient_gain,v3_insufficient_gain,NaN,NaN,NaN,NaN,0,0,0.109959297297219,0.213138677153436,7.46008461454339,5.93453161812363e-05,5.28197469160663e-05
LOS,15,30,22,20270109,15.0101531862493,15.7593653928649,15.0101531862493,15.0101531862493,15.0101531862493,0.0101531862492834,0.759365392864904,0.0101531862492834,0.0101531862492834,0.0101531862492834,0,0,0,insufficient_gain,insufficient_gain,v3_insufficient_gain,NaN,NaN,NaN,NaN,0,0,0.111334531736032,0.224916698287687,9.0103893171027,8.6309189010203e-05,7.66999958672354e-05
LOS,15,30,23,20270109,14.991764833571,15.5144795324153,14.991764833571,14.991764833571,14.991764833571,-0.00823516642896926,0.514479532415312,-0.00823516642896926,-0.00823516642896926,-0.00823516642896926,0,0,0,insufficient_gain,insufficient_gain,v3_insufficient_gain,NaN,NaN,NaN,NaN,0,0,0.171219660321386,0.113314880999803,15.084576040036,0.00019090092189189,0.000158214930890521
LOS,15,30,24,20270109,14.9871823594435,14.7982421564789,14.9871823594435,14.9871823594435,14.9871823594435,-0.0128176405565164,-0.201757843521101,-0.0128176405565164,-0.0128176405565164,-0.0128176405565164,0,0,0,insufficient_gain,insufficient_gain,v3_insufficient_gain,NaN,NaN,NaN,NaN,0,0,0.214536017163898,0.0302275599055989,26.3389369737497,7.66774443530238e-05,6.02273708352197e-05
LOS,15,30,25,20270109,15.0135565163167,15.0084106956948,15.0135565163167,15.0135565163167,15.0135565163167,0.0135565163166511,0.00841069569478492,0.0135565163166511,0.0135565163166511,0.0135565163166511,0,0,0,candidate_invalid,candidate_invalid,v3_candidate_invalid,NaN,NaN,NaN,NaN,0,0,0.075026959690662,0.0025619426224248,71.5777981326407,0.000225464670858599,0.000208548742086423
LOS,15,30,26,20270109,15.0052532737538,15.9206414398073,15.0052532737538,15.0052532737538,15.0052532737538,0.00525327375377493,0.920641439807341,0.00525327375377493,0.00525327375377493,0.00525327375377493,0,0,0,insufficient_gain,insufficient_gain,v3_insufficient_gain,NaN,NaN,NaN,NaN,0,0,0.329771266047307,0.244333290718582,10.0339864584073,8.27139806875987e-05,5.54372865564368e-05
LOS,15,30,27,20270109,15.0298816206104,15.6051818595423,15.0298816206104,15.0298816206104,15.0298816206104,0.0298816206103947,0.605181859542256,0.0298816206103947,0.0298816206103947,0.0298816206103947,0,0,0,insufficient_gain,insufficient_gain,v3_insufficient_gain,NaN,NaN,NaN,NaN,0,0,0.0347369283850146,0.195132220249621,8.18235149160121,9.0265869844508e-05,8.71303107881083e-05
LOS,15,30,28,20270109,14.9959386200349,14.8813431049027,14.9959386200349,14.9959386200349,14.9959386200349,-0.00406137996505329,-0.118656895097317,-0.00406137996505329,-0.00406137996505329,-0.00406137996505329,0,0,0,candidate_invalid,candidate_invalid,v3_candidate_invalid,NaN,NaN,NaN,NaN,0,0,0.178361061351067,0.0161300160224052,37.3079271375975,0.000182841257047262,0.000150229496381549
LOS,15,30,29,20270109,15.0106660220395,15.507092054689,15.0106660220395,15.0106660220395,15.0106660220395,0.0106660220395227,0.507092054688982,0.0106660220395227,0.0106660220395227,0.0106660220395227,0,0,0,insufficient_gain,insufficient_gain,v3_insufficient_gain,NaN,NaN,NaN,NaN,0,0,0.0346202656835102,0.143161737595218,10.3798581029759,0.000121097590488173,0.000116905159731839
LOS,15,30,30,20270109,15.0201178773818,14.9623465967789,15.0201178773818,15.0201178773818,15.0201178773818,0.0201178773818338,-0.0376534032211282,0.0201178773818338,0.0201178773818338,0.0201178773818338,0,0,0,candidate_invalid,candidate_invalid,v3_candidate_invalid,NaN,NaN,NaN,NaN,0,0,0.396288301458502,0.0138486398588281,28.6860465148188,0.000103178830241024,6.22902668583336e-05
LOS,15,30,31,20270109,14.9989927731194,14.9559107928066,14.9989927731194,14.9989927731194,14.9989927731194,-0.00100722688058852,-0.0440892071933998,-0.00100722688058852,-0.00100722688058852,-0.00100722688058852,0,0,0,candidate_invalid,candidate_invalid,v3_candidate_invalid,NaN,NaN,NaN,NaN,0,0,0.242321023799746,0.00638776458767157,48.9034004528394,6.21515997698552e-05,4.70909604828318e-05
LOS,15,30,32,20270109,14.9838594136462,14.983684350246,14.9838594136462,14.9838594136462,14.9838594136462,-0.0161405863537745,-0.0163156497540342,-0.0161405863537745,-0.0161405863537745,-0.0161405863537745,0,0,0,candidate_invalid,candidate_invalid,v3_candidate_invalid,NaN,NaN,NaN,NaN,0,0,1.21018688951654e-11,1.13147780672265e-13,46.054277979269,3.66959197539707e-05,3.66959197535266e-05
LOS,15,30,33,20270109,15.0091182060539,15.0086573494863,15.0091182060539,15.0091182060539,15.0091182060539,0.00911820605391256,0.00865734948631314,0.00911820605391256,0.00911820605391256,0.00911820605391256,0,0,0,candidate_invalid,candidate_invalid,v3_candidate_invalid,NaN,NaN,NaN,NaN,0,0,2.30472337130694e-11,9.07260422575641e-14,42.0633025754905,7.70746225562391e-05,7.70746225544627e-05
LOS,15,30,34,20270109,15.0015356212285,15.512424320928,15.0015356212285,15.0015356212285,15.0015356212285,0.00153562122847184,0.512424320927966,0.00153562122847184,0.00153562122847184,0.00153562122847184,0,0,0,insufficient_gain,insufficient_gain,v3_insufficient_gain,NaN,NaN,NaN,NaN,0,0,0.0576890439362216,0.16045946674742,9.2801737350649,5.66006545346109e-05,5.33354168883449e-05
LOS,15,30,35,20270109,15.0055402630815,15.4516310672763,15.0055402630815,15.0055402630815,15.0055402630815,0.0055402630814676,0.451631067276303,0.0055402630814676,0.0055402630814676,0.0055402630814676,0,0,0,insufficient_gain,insufficient_gain,v3_insufficient_gain,NaN,NaN,NaN,NaN,0,0,0.0264579771199264,0.236273397389996,5.00000146050655,0.000109482038383124,0.00010658536511654
LOS,15,30,36,20270109,15.0072320659654,15.4131000837472,15.0072320659654,15.0072320659654,15.0072320659654,0.00723206596537906,0.413100083747182,0.00723206596537906,0.00723206596537906,0.00723206596537906,0,0,0,insufficient_gain,insufficient_gain,v3_insufficient_gain,NaN,NaN,NaN,NaN,0,0,0.00555366677547988,0.21877742312382,5.00003943121983,0.00010902424710868,0.000108418762769791
LOS,15,30,37,20270109,14.9958236698094,15.7764026285515,14.9958236698094,14.9958236698094,14.9958236698094,-0.00417633019064567,0.776402628551459,-0.00417633019064567,-0.00417633019064567,-0.00417633019064567,0,0,0,insufficient_gain,insufficient_gain,v3_insufficient_gain,NaN,NaN,NaN,NaN,0,0,0.575440273800004,0.170513818481218,13.9384735782988,9.27987950964937e-05,3.93986310378569e-05
LOS,15,30,38,20270109,14.9884900281856,14.8808321481975,14.9884900281856,14.9884900281856,14.9884900281856,-0.0115099718144229,-0.119167851802526,-0.0115099718144229,-0.0115099718144229,-0.0115099718144229,0,0,0,insufficient_gain,insufficient_gain,v3_insufficient_gain,NaN,NaN,NaN,NaN,0,0,0.0477023239513923,0.048067764851685,9.9180876420104,0.000112044703171721,0.000106699910443986
LOS,15,30,39,20270109,14.9831446934915,15.3407586278439,14.9831446934915,14.9831446934915,14.9831446934915,-0.0168553065084609,0.340758627843869,-0.0168553065084609,-0.0168553065084609,-0.0168553065084609,0,0,0,insufficient_gain,insufficient_gain,v3_insufficient_gain,NaN,NaN,NaN,NaN,0,0,0.198165173128152,0.124761122487644,9.47521499227178,0.000122803285131701,9.84679508728714e-05
LOS,15,30,40,20270109,14.9994756324552,15.5398542321523,14.9994756324552,14.9994756324552,14.9994756324552,-0.000524367544839421,0.539854232152347,-0.000524367544839421,-0.000524367544839421,-0.000524367544839421,0,0,0,insufficient_gain,insufficient_gain,v3_insufficient_gain,NaN,NaN,NaN,NaN,0,0,0.217479079072597,0.176307011885978,8.9026207646825,6.71254604667215e-05,5.25270771420949e-05
LOS,15,30,41,20270109,14.9966292617802,15.030969845986,14.9966292617802,14.9966292617802,14.9966292617802,-0.00337073821978251,0.0309698459860357,-0.00337073821978251,-0.00337073821978251,-0.00337073821978251,0,0,0,insufficient_gain,insufficient_gain,v3_insufficient_gain,NaN,NaN,NaN,NaN,0,0,0.111560878568125,0.0710522760815176,6.76662418290643,6.9634303746513e-05,6.18658396420724e-05
LOS,15,30,42,20270109,14.9958558146067,15.0562894383708,14.9958558146067,14.9958558146067,14.9958558146067,-0.00414418539326,0.0562894383708112,-0.00414418539326,-0.00414418539326,-0.00414418539326,0,0,0,candidate_invalid,candidate_invalid,v3_candidate_invalid,NaN,NaN,NaN,NaN,0,0,0.204515987427571,0.00904163767460589,46.6720773470343,0.000157243356289971,0.000125084576011902
LOS,15,30,43,20270109,15.0020763563659,15.4569158717505,15.0020763563659,15.0020763563659,15.0020763563659,0.002076356365869,0.456915871750486,0.002076356365869,0.002076356365869,0.002076356365869,0,0,0,insufficient_gain,insufficient_gain,v3_insufficient_gain,NaN,NaN,NaN,NaN,0,0,0.0422009264842352,0.151439080659538,8.84774889396118,9.76212771275353e-05,9.35015687881791e-05
LOS,15,30,44,20270109,15.0150482558825,15.0154001447294,15.0150482558825,15.0150482558825,15.0150482558825,0.0150482558824994,0.0154001447293926,0.0150482558824994,0.0150482558824994,0.0150482558824994,0,0,0,candidate_invalid,candidate_invalid,v3_candidate_invalid,NaN,NaN,NaN,NaN,0,0,0,7.44122170267252e-13,41.9664136674137,7.42685611114791e-05,7.4268561116142e-05
LOS,15,30,45,20270109,14.9935485774835,15.0374753322025,14.9935485774835,14.9935485774835,14.9935485774835,-0.0064514225164789,0.0374753322024528,-0.0064514225164789,-0.0064514225164789,-0.0064514225164789,0,0,0,candidate_invalid,candidate_invalid,v3_candidate_invalid,NaN,NaN,NaN,NaN,0,0,0.291996340440641,0.00722978344988915,49.8986159417069,0.000108395894353519,7.67446898835011e-05
LOS,15,30,46,20270109,15.0064979549833,15.4725236772918,15.0064979549833,15.0064979549833,15.0064979549833,0.00649795498334171,0.472523677291832,0.00649795498334171,0.00649795498334171,0.00649795498334171,0,0,0,insufficient_gain,insufficient_gain,v3_insufficient_gain,NaN,NaN,NaN,NaN,0,0,0.00198946764792132,0.242376297979581,5.00806405894051,8.35864685797549e-05,8.34201760047115e-05
LOS,15,30,47,20270109,15.005110853685,15.0044754227875,15.005110853685,15.005110853685,15.005110853685,0.0051108536849771,0.00447542278748259,0.0051108536849771,0.0051108536849771,0.0051108536849771,0,0,0,candidate_invalid,candidate_invalid,v3_candidate_invalid,NaN,NaN,NaN,NaN,0,0,0.165478155935324,0.00292051061500545,83.8895344971962,9.87767842839382e-05,8.24313841714108e-05
LOS,15,30,48,20270109,15.0105870219417,14.7992979667902,15.0105870219417,15.0105870219417,15.0105870219417,0.0105870219416886,-0.20070203320978,0.0105870219416886,0.0105870219416886,0.0105870219416886,0,0,0,insufficient_gain,insufficient_gain,v3_insufficient_gain,NaN,NaN,NaN,NaN,0,0,0.461957490329687,0.0306631603815057,32.3090576306319,0.000118179784182493,6.35857476738444e-05
LOS,15,30,49,20270109,14.9851446967734,14.9786258473673,14.9851446967734,14.9851446967734,14.9851446967734,-0.0148553032266463,-0.0213741526327453,-0.0148553032266463,-0.0148553032266463,-0.0148553032266463,0,0,0,candidate_invalid,candidate_invalid,v3_candidate_invalid,NaN,NaN,NaN,NaN,0,0,0.0275088332433893,0.0014743173546824,51.2385609821678,8.23982678874735e-05,8.01315876766129e-05
LOS,15,30,50,20270109,15.0110532212194,15.0208262737036,15.0110532212194,15.0110532212194,15.0110532212194,0.0110532212193846,0.0208262737036193,0.0110532212193846,0.0110532212193846,0.0110532212193846,0,0,0,candidate_invalid,candidate_invalid,v3_candidate_invalid,NaN,NaN,NaN,NaN,0,0,0.228748577103418,0.0048988856430405,99.99999922061,0.000198604056642182,0.000153173661278316
LOS,20,30,1,20270109,19.9962922749183,20.0361494588445,19.9962922749183,19.9962922749183,19.9962922749183,-0.003707725081739,0.0361494588444984,-0.003707725081739,-0.003707725081739,-0.003707725081739,0,0,0,insufficient_gain,insufficient_gain,v3_insufficient_gain,NaN,NaN,NaN,NaN,0,0,0.0144234412734961,0.0483618673009547,5.00810866506942,5.9510117086603e-05,5.86517764076255e-05
LOS,20,30,2,20270109,19.9967058152606,20.1586423143655,19.9967058152606,19.9967058152606,19.9967058152606,-0.00329418473944543,0.158642314365544,-0.00329418473944543,-0.00329418473944543,-0.00329418473944543,0,0,0,insufficient_gain,insufficient_gain,v3_insufficient_gain,NaN,NaN,NaN,NaN,0,0,0.0769560643203336,0.0277600449355826,22.1615018011394,8.57631424331373e-05,7.91631485277389e-05
LOS,20,30,3,20270109,19.9862861315941,20.4225087282404,19.9862861315941,19.9862861315941,19.9862861315941,-0.0137138684059011,0.422508728240388,-0.0137138684059011,-0.0137138684059011,-0.0137138684059011,0,0,0,insufficient_gain,insufficient_gain,v3_insufficient_gain,NaN,NaN,NaN,NaN,0,0,0.187508247650946,0.189172713928256,6.81709817481398,9.24513091844492e-05,7.51159262062373e-05
LOS,20,30,4,20270109,20.0026208822796,20.1415793883923,20.0026208822796,20.0026208822796,20.0026208822796,0.00262088227961499,0.141579388392259,0.00262088227961499,0.00262088227961499,0.00262088227961499,0,0,0,insufficient_gain,insufficient_gain,v3_insufficient_gain,NaN,NaN,NaN,NaN,0,0,0.0503122962855442,0.0596030174100314,8.36897729602681,6.60563764849353e-05,6.27329284996758e-05
LOS,20,30,5,20270109,19.9919387996929,19.913216481154,19.9919387996929,19.9919387996929,19.9919387996929,-0.00806120030714652,-0.0867835188459836,-0.00806120030714652,-0.00806120030714652,-0.00806120030714652,0,0,0,candidate_invalid,candidate_invalid,v3_candidate_invalid,NaN,NaN,NaN,NaN,0,0,0.0500522603958463,0.0147545612547793,21.2553384170297,7.13589515581869e-05,6.7787274733222e-05
LOS,20,30,6,20270109,20.0108609387547,20.7178423064345,20.0108609387547,20.0108609387547,20.0108609387547,0.0108609387546643,0.71784230643452,0.0108609387546643,0.0108609387546643,0.0108609387546643,0,0,0,insufficient_gain,insufficient_gain,v3_insufficient_gain,NaN,NaN,NaN,NaN,0,0,0.578768997710063,0.139169071372636,16.3330281419315,9.35800867525316e-05,3.94188337371482e-05
LOS,20,30,7,20270109,20.0098282293291,20.4994395857783,20.0098282293291,20.0098282293291,20.0098282293291,0.00982822932913763,0.499439585778294,0.00982822932913763,0.00982822932913763,0.00982822932913763,0,0,0,insufficient_gain,insufficient_gain,v3_insufficient_gain,NaN,NaN,NaN,NaN,0,0,0.0809967841328328,0.171075255779258,8.27358725173907,8.85098428955455e-05,8.13408302569041e-05
LOS,20,30,8,20270109,19.9876562256157,20.100343153659,19.9876562256157,19.9876562256157,19.9876562256157,-0.012343774384334,0.100343153659026,-0.012343774384334,-0.012343774384334,-0.012343774384334,0,0,0,candidate_invalid,candidate_invalid,v3_candidate_invalid,NaN,NaN,NaN,NaN,0,0,0.157054796160786,0.0188533928321593,24.798139383719,7.06002443087161e-05,5.9512137329909e-05
LOS,20,30,9,20270109,20.0065049840951,19.9705953940964,20.0065049840951,20.0065049840951,20.0065049840951,0.00650498409505929,-0.0294046059036006,0.00650498409505929,0.00650498409505929,0.00650498409505929,0,0,0,insufficient_gain,insufficient_gain,v3_insufficient_gain,NaN,NaN,NaN,NaN,0,0,0.0248645705833842,0.0362338937262452,6.73393164558172,6.49350517742953e-05,6.33204695961176e-05
LOS,20,30,10,20270109,19.9693446023403,20.0661978596647,19.9693446023403,19.9693446023403,19.9693446023403,-0.0306553976597179,0.0661978596646691,-0.0306553976597179,-0.0306553976597179,-0.0306553976597179,0,0,0,candidate_invalid,candidate_invalid,v3_candidate_invalid,NaN,NaN,NaN,NaN,0,0,0.0432079318178148,0.0190419300181051,19.1207886524626,5.04077982654838e-05,4.82297815549426e-05
LOS,20,30,11,20270109,20.0154521426259,20.413431919138,20.0154521426259,20.0154521426259,20.0154521426259,0.0154521426258896,0.413431919138038,0.0154521426258896,0.0154521426258896,0.0154521426258896,0,0,0,insufficient_gain,insufficient_gain,v3_insufficient_gain,NaN,NaN,NaN,NaN,0,0,0.00691406333224264,0.164786442293345,6.8699619008506,0.000106406534642556,0.000105670833123073
LOS,20,30,12,20270109,20.0049027707353,20.1143296977126,20.0049027707353,20.0049027707353,20.0049027707353,0.00490277073533463,0.114329697712627,0.00490277073533463,0.00490277073533463,0.00490277073533463,0,0,0,candidate_invalid,candidate_invalid,v3_candidate_invalid,NaN,NaN,NaN,NaN,0,0,0.133781467215957,0.0162326777633383,30.3970294395669,0.000127794792400104,0.00011069821757026
LOS,20,30,13,20270109,20.0135148121439,20.5081032667435,20.0135148121439,20.0135148121439,20.0135148121439,0.0135148121439101,0.508103266743497,0.0135148121439101,0.0135148121439101,0.0135148121439101,0,0,0,insufficient_gain,insufficient_gain,v3_insufficient_gain,NaN,NaN,NaN,NaN,0,0,0.146292034241419,0.135877542876409,11.3097991052777,0.000146143836496027,0.000124764157363177
LOS,20,30,14,20270109,20.00517220024,19.9500395957632,20.00517220024,20.00517220024,20.00517220024,0.00517220023996501,-0.0499604042367636,0.00517220023996501,0.00517220023996501,0.00517220023996501,0,0,0,insufficient_gain,insufficient_gain,v3_insufficient_gain,NaN,NaN,NaN,NaN,0,0,0.0661799360390209,0.0476520195934042,8.65460001955428,9.20015387753104e-05,8.59128828236688e-05
LOS,20,30,15,20270109,20.0116837059628,20.1261429820591,20.0116837059628,20.0116837059628,20.0116837059628,0.0116837059627528,0.126142982059079,0.0116837059627528,0.0116837059627528,0.0116837059627528,0,0,0,insufficient_gain,insufficient_gain,v3_insufficient_gain,NaN,NaN,NaN,NaN,0,0,0.0871532148429273,0.0257230525135833,17.1038530261938,7.27296239881881e-05,6.63910034433002e-05
LOS,20,30,16,20270109,20.0110287015107,19.8802353579092,20.0110287015107,20.0110287015107,20.0110287015107,0.0110287015107389,-0.119764642090821,0.0110287015107389,0.0110287015107389,0.0110287015107389,0,0,0,insufficient_gain,insufficient_gain,v3_insufficient_gain,NaN,NaN,NaN,NaN,0,0,0.127130039917952,0.0246482391736491,22.2737829118806,0.00010158953277406,8.86744514172477e-05
LOS,20,30,17,20270109,20.016607437966,20.0283468832171,20.016607437966,20.016607437966,20.016607437966,0.0166074379660053,0.0283468832171181,0.0166074379660053,0.0166074379660053,0.0166074379660053,0,0,0,candidate_invalid,candidate_invalid,v3_candidate_invalid,NaN,NaN,NaN,NaN,0,0,0.00150374246295805,0.0109231124601449,6.7549587956274,8.64897102736961e-05,8.63596520237486e-05
LOS,20,30,18,20270109,20.0095121673486,20.3609342360323,20.0095121673486,20.0095121673486,20.0095121673486,0.00951216734862115,0.3609342360323,0.00951216734862115,0.00951216734862115,0.00951216734862115,0,0,0,insufficient_gain,insufficient_gain,v3_insufficient_gain,NaN,NaN,NaN,NaN,0,0,0.417762717982045,0.0603150818565187,21.2932310223099,5.85486296034166e-05,3.40891949661692e-05
LOS,20,30,19,20270109,20.0121314866546,20.3281674831918,20.0121314866546,20.0121314866546,20.0121314866546,0.012131486654603,0.328167483191809,0.012131486654603,0.012131486654603,0.012131486654603,0,0,0,insufficient_gain,insufficient_gain,v3_insufficient_gain,NaN,NaN,NaN,NaN,0,0,0.0665656889039242,0.111113848314818,8.99592080628536,9.86591356157973e-05,9.20918222868661e-05
LOS,20,30,20,20270109,20.0079686890975,20.0099070330403,20.0079686890975,20.0079686890975,20.0079686890975,0.00796868909752746,0.00990703304028528,0.00796868909752746,0.00796868909752746,0.00796868909752746,0,0,0,candidate_invalid,candidate_invalid,v3_candidate_invalid,NaN,NaN,NaN,NaN,0,0,0.12436305429017,0.00266404364417247,99.9991717816967,9.16382264961602e-05,8.02418167593633e-05
LOS,20,30,21,20270109,20.0027149747132,20.0681349552832,20.0027149747132,20.0027149747132,20.0027149747132,0.0027149747132249,0.0681349552831563,0.0027149747132249,0.0027149747132249,0.0027149747132249,0,0,0,candidate_invalid,candidate_invalid,v3_candidate_invalid,NaN,NaN,NaN,NaN,0,0,0.00574073375299156,0.0134995573031769,17.9794907372278,9.92172723219831e-05,9.86476923778845e-05
LOS,20,30,22,20270109,19.9995576724756,20.4801399000122,19.9995576724756,19.9995576724756,19.9995576724756,-0.000442327524385888,0.480139900012205,-0.000442327524385888,-0.000442327524385888,-0.000442327524385888,0,0,0,insufficient_gain,insufficient_gain,v3_insufficient_gain,NaN,NaN,NaN,NaN,0,0,0.0662090060484869,0.135717946302067,10.7940922939853,0.000109199418846906,0.00010196943386398
LOS,20,30,23,20270109,19.9859468273223,19.9890691677965,19.9859468273223,19.9859468273223,19.9859468273223,-0.014053172677734,-0.0109308322034849,-0.014053172677734,-0.014053172677734,-0.014053172677734,0,0,0,candidate_invalid,candidate_invalid,v3_candidate_invalid,NaN,NaN,NaN,NaN,0,0,0.405365541684085,0.00499728922699484,93.5697338248441,0.000110221946381994,6.5541767381383e-05
LOS,20,30,24,20270109,20.0287328842309,20.1952871357835,20.0287328842309,20.0287328842309,20.0287328842309,0.0287328842308696,0.195287135783545,0.0287328842308696,0.0287328842308696,0.0287328842308696,0,0,0,insufficient_gain,insufficient_gain,v3_insufficient_gain,NaN,NaN,NaN,NaN,0,0,0.0755153638920302,0.0271237984165465,23.6940783744491,9.42582513290269e-05,8.7140305180089e-05
LOS,20,30,25,20270109,20.0118683409952,20.0115556733372,20.0118683409952,20.0118683409952,20.0118683409952,0.0118683409952034,0.0115556733371562,0.0118683409952034,0.0118683409952034,0.0118683409952034,0,0,0,candidate_invalid,candidate_invalid,v3_candidate_invalid,NaN,NaN,NaN,NaN,0,0,0.20160913861816,0.00349191841553676,87.8171933425731,0.00011036374830975,8.81134080783497e-05
LOS,20,30,26,20270109,20.0077950755308,20.1397082948679,20.0077950755308,20.0077950755308,20.0077950755308,0.00779507553077963,0.139708294867887,0.00779507553077963,0.00779507553077963,0.00779507553077963,0,0,0,insufficient_gain,insufficient_gain,v3_insufficient_gain,NaN,NaN,NaN,NaN,0,0,0.116352008272413,0.0221214169440529,23.5563765148836,7.30996292379604e-05,6.4594340572155e-05
LOS,20,30,27,20270109,20.0112488724076,20.4950730366374,20.0112488724076,20.0112488724076,20.0112488724076,0.0112488724076272,0.495073036637365,0.0112488724076272,0.0112488724076272,0.0112488724076272,0,0,0,insufficient_gain,insufficient_gain,v3_insufficient_gain,NaN,NaN,NaN,NaN,0,0,0.389899446433437,0.0994402605862205,16.200269940338,6.4961781000461e-05,3.96332185490511e-05
LOS,20,30,28,20270109,19.9981971308688,19.9933548886626,19.9981971308688,19.9981971308688,19.9981971308688,-0.00180286913115779,-0.00664511133737733,-0.00180286913115779,-0.00180286913115779,-0.00180286913115779,0,0,0,candidate_invalid,candidate_invalid,v3_candidate_invalid,NaN,NaN,NaN,NaN,0,0,0.187545277006035,0.00320451758371448,69.4978516956688,0.000109004770469712,8.85614405969903e-05
LOS,20,30,29,20270109,19.9889858301354,19.685827984919,19.9889858301354,19.9889858301354,19.9889858301354,-0.0110141698646409,-0.31417201508102,-0.0110141698646409,-0.0110141698646409,-0.0110141698646409,0,0,0,insufficient_gain,insufficient_gain,v3_insufficient_gain,NaN,NaN,NaN,NaN,0,0,0.246083391413582,0.0760698951234606,16.1139644682303,9.22329594765792e-05,6.95359600084711e-05
LOS,20,30,30,20270109,19.9939641660447,20.0028936355664,19.9939641660447,19.9939641660447,19.9939641660447,-0.00603583395534457,0.0028936355663518,-0.00603583395534457,-0.00603583395534457,-0.00603583395534457,0,0,0,candidate_invalid,candidate_invalid,v3_candidate_invalid,NaN,NaN,NaN,NaN,0,0,0.356026418095849,0.00508622499798987,66.1336123708974,0.000153849655655902,9.90751138274515e-05
LOS,20,30,31,20270109,20.0189368823329,19.9883390433638,20.0189368823329,20.0189368823329,20.0189368823329,0.0189368823328557,-0.0116609566361987,0.0189368823328557,0.0189368823328557,0.0189368823328557,0,0,0,insufficient_gain,insufficient_gain,v3_insufficient_gain,NaN,NaN,NaN,NaN,0,0,0.0247044623676967,0.0362048852440601,8.28651564420986,0.000145363111369035,0.000141771993854567
LOS,20,30,32,20270109,19.9986017885234,20.2070917440106,19.9986017885234,19.9986017885234,19.9986017885234,-0.00139821147663355,0.207091744010576,-0.00139821147663355,-0.00139821147663355,-0.00139821147663355,0,0,0,insufficient_gain,insufficient_gain,v3_insufficient_gain,NaN,NaN,NaN,NaN,0,0,0.162917414730976,0.0416603870690211,18.0922505898509,5.37614569191547e-05,4.50027793457153e-05
LOS,20,30,33,20270109,20.0152961068241,20.0854040419749,20.0152961068241,20.0152961068241,20.0152961068241,0.0152961068241488,0.0854040419748756,0.0152961068241488,0.0152961068241488,0.0152961068241488,0,0,0,insufficient_gain,insufficient_gain,v3_insufficient_gain,NaN,NaN,NaN,NaN,0,0,0.0120882900083349,0.0713832174060782,5.14705915142577,4.80688159181231e-05,4.74877461309475e-05
LOS,20,30,34,20270109,20.0110852973383,20.0173414019117,20.0110852973383,20.0110852973383,20.0110852973383,0.0110852973383473,0.0173414019116578,0.0110852973383473,0.0110852973383473,0.0110852973383473,0,0,0,insufficient_gain,insufficient_gain,v3_insufficient_gain,NaN,NaN,NaN,NaN,0,0,0.00887872565701242,0.0406258189596545,5.01474553883908,8.17160255863758e-05,8.0990491413413e-05
LOS,20,30,35,20270109,20.0080408295902,20.4443673046448,20.0080408295902,20.0080408295902,20.0080408295902,0.00804082959021102,0.44436730464485,0.00804082959021102,0.00804082959021102,0.00804082959021102,0,0,0,insufficient_gain,insufficient_gain,v3_insufficient_gain,NaN,NaN,NaN,NaN,0,0,0.0812881328921153,0.19128118988593,6.53688007305541,0.000122111642952394,0.000112185415492405
LOS,20,30,36,20270109,19.9908484014983,19.9476848637591,19.9908484014983,19.9908484014983,19.9908484014983,-0.00915159850165281,-0.0523151362409351,-0.00915159850165281,-0.00915159850165281,-0.00915159850165281,0,0,0,candidate_invalid,candidate_invalid,v3_candidate_invalid,NaN,NaN,NaN,NaN,0,0,0.0246079586505039,0.0181555967201207,11.3515290906869,0.000122262962026998,0.000119254320112949
LOS,20,30,37,20270109,19.9875851043296,19.9196891066606,19.9875851043296,19.9875851043296,19.9875851043296,-0.0124148956704389,-0.0803108933394441,-0.0124148956704389,-0.0124148956704389,-0.0124148956704389,0,0,0,candidate_invalid,candidate_invalid,v3_candidate_invalid,NaN,NaN,NaN,NaN,0,0,0.142011210358975,0.00968036732744395,39.2558982157485,0.000120507468649,0.00010339405716886
LOS,20,30,38,20270109,19.9912277451622,20.5002638225542,19.9912277451622,19.9912277451622,19.9912277451622,-0.00877225483783661,0.50026382255416,-0.00877225483783661,-0.00877225483783661,-0.00877225483783661,0,0,0,insufficient_gain,insufficient_gain,v3_insufficient_gain,NaN,NaN,NaN,NaN,0,0,0.0252368074973604,0.173954934264399,8.369701409993,0.000123190791815331,0.00012008184951684
LOS,20,30,39,20270109,20.0194522703002,20.5500417513791,20.0194522703002,20.0194522703002,20.0194522703002,0.019452270300242,0.550041751379098,0.019452270300242,0.019452270300242,0.019452270300242,0,0,0,insufficient_gain,insufficient_gain,v3_insufficient_gain,NaN,NaN,NaN,NaN,0,0,0.208176738334309,0.138759384999624,11.8545697924058,0.000117497669503308,9.30373879042268e-05
LOS,20,30,40,20270109,20.021006490457,20.0282409028462,20.021006490457,20.021006490457,20.021006490457,0.0210064904569975,0.0282409028462212,0.0210064904569975,0.0210064904569975,0.0210064904569975,0,0,0,candidate_invalid,candidate_invalid,v3_candidate_invalid,NaN,NaN,NaN,NaN,0,0,8.75850416819344e-05,0.00467330636475947,5.00115279683074,0.00011400900102676,0.000113999015543653
LOS,20,30,41,20270109,20.0024892391793,19.9833861836218,20.0024892391793,20.0024892391793,20.0024892391793,0.00248923917934007,-0.0166138163781753,0.00248923917934007,0.00248923917934007,0.00248923917934007,0,0,0,candidate_invalid,candidate_invalid,v3_candidate_invalid,NaN,NaN,NaN,NaN,0,0,0.01787204058038,0.00595134198479378,16.5648442854217,5.50331757964706e-05,5.40496206453689e-05
LOS,20,30,42,20270109,20.0057577217641,20.0048445087926,20.0057577217641,20.0057577217641,20.0057577217641,0.00575772176413025,0.00484450879255149,0.00575772176413025,0.00575772176413025,0.00575772176413025,0,0,0,candidate_invalid,candidate_invalid,v3_candidate_invalid,NaN,NaN,NaN,NaN,0,0,0.287029475624076,0.00403271865282747,99.7095112519384,0.000102660925637155,7.31942139844399e-05
LOS,20,30,43,20270109,19.9905179564528,19.9910612325067,19.9905179564528,19.9905179564528,19.9905179564528,-0.00948204354715187,-0.00893876749331213,-0.00948204354715187,-0.00948204354715187,-0.00948204354715187,0,0,0,candidate_invalid,candidate_invalid,v3_candidate_invalid,NaN,NaN,NaN,NaN,0,0,0.294522641222734,0.00340121533312033,81.3363973383382,7.63789509807822e-05,5.38836206041005e-05
LOS,20,30,44,20270109,19.993443927255,19.9926546122818,19.993443927255,19.993443927255,19.993443927255,-0.00655607274502401,-0.00734538771823168,-0.00655607274502401,-0.00655607274502401,-0.00655607274502401,0,0,0,candidate_invalid,candidate_invalid,v3_candidate_invalid,NaN,NaN,NaN,NaN,0,0,0.18411352120156,0.00301386718177512,82.5426858049395,9.60227539088532e-05,7.83436665712234e-05
LOS,20,30,45,20270109,19.9918424692007,19.987315042749,19.9918424692007,19.9918424692007,19.9918424692007,-0.00815753079925585,-0.0126849572510324,-0.00815753079925585,-0.00815753079925585,-0.00815753079925585,0,0,0,candidate_invalid,candidate_invalid,v3_candidate_invalid,NaN,NaN,NaN,NaN,0,0,0.201914927785101,0.00404232313430432,76.2101170813313,0.000150401218272256,0.000120032967146022
LOS,20,30,46,20270109,20.0038416923918,19.9976777617805,20.0038416923918,20.0038416923918,20.0038416923918,0.00384169239182341,-0.00232223821954136,0.00384169239182341,0.00384169239182341,0.00384169239182341,0,0,0,candidate_invalid,candidate_invalid,v3_candidate_invalid,NaN,NaN,NaN,NaN,0,0,0.192525038521188,0.00237387427097296,47.5231310053176,4.33645986503972e-05,3.50158276247736e-05
LOS,20,30,47,20270109,19.9766305315758,19.9689579251632,19.9766305315758,19.9766305315758,19.9766305315758,-0.0233694684241854,-0.031042074836769,-0.0233694684241854,-0.0233694684241854,-0.0233694684241854,0,0,0,candidate_invalid,candidate_invalid,v3_candidate_invalid,NaN,NaN,NaN,NaN,0,0,0.00938245579713064,0.0109852409122944,8.86736747680905,6.09933307653687e-05,6.04210635355429e-05
LOS,20,30,48,20270109,19.9965413058646,19.8830447905949,19.9965413058646,19.9965413058646,19.9965413058646,-0.00345869413540711,-0.116955209405077,-0.00345869413540711,-0.00345869413540711,-0.00345869413540711,0,0,0,insufficient_gain,insufficient_gain,v3_insufficient_gain,NaN,NaN,NaN,NaN,0,0,0.148286402567575,0.0225843015992525,21.4126327716923,0.00013152722831955,0.00011202352879236
LOS,20,30,49,20270109,20.0073400300191,20.4733527126365,20.0073400300191,20.0073400300191,20.0073400300191,0.00734003001913663,0.473352712636533,0.00734003001913663,0.00734003001913663,0.00734003001913663,0,0,0,insufficient_gain,insufficient_gain,v3_insufficient_gain,NaN,NaN,NaN,NaN,0,0,0.265392170772625,0.107665184298937,14.1928245626833,0.000107699350691437,7.91167862206343e-05
LOS,20,30,50,20270109,20.0367347272394,20.0514765197193,20.0367347272394,20.0367347272394,20.0367347272394,0.0367347272393523,0.0514765197193228,0.0367347272393523,0.0367347272393523,0.0367347272393523,0,0,0,candidate_invalid,candidate_invalid,v3_candidate_invalid,NaN,NaN,NaN,NaN,0,0,0.000366457814233938,0.0124765317037283,5.01288375058319,0.000104415530747692,0.000104377266860523
Light_multipath,1,0,1,20270109,2.35648017279368,2.24046263439945,2.35648017279368,2.35648017279368,2.35648017279368,1.35648017279368,1.24046263439945,1.35648017279368,1.35648017279368,1.35648017279368,0,0,0,weak_echo,weak_echo,v3_weak_echo,NaN,NaN,NaN,NaN,0,0,0.610577872754915,0.032776075128354,65.0037470149758,0.00259515523142695,0.00101061087075349
Light_multipath,1,0,2,20270109,2.22620951591404,1.99402312320566,2.22620951591404,2.22620951591404,2.22620951591404,1.22620951591404,0.994023123205664,1.22620951591404,1.22620951591404,1.22620951591404,0,0,0,insufficient_gain,insufficient_gain,v3_insufficient_gain,NaN,NaN,NaN,NaN,0,0,0.278933516562095,0.388499884859892,10.3894281442137,0.00304624998131642,0.00219654876170061
Light_multipath,1,0,3,20270109,2.27602852158837,2.06390257806524,2.27602852158837,2.27602852158837,2.27602852158837,1.27602852158837,1.06390257806524,1.27602852158837,1.27602852158837,1.27602852158837,0,0,0,insufficient_gain,insufficient_gain,v3_insufficient_gain,NaN,NaN,NaN,NaN,0,0,0.260475751674846,0.0338745066243585,49.2424892019851,0.00322609308312649,0.0023857740623261
Light_multipath,1,0,4,20270109,2.38862473113942,1.87292797521158,2.38862473113942,2.38862473113942,2.38862473113942,1.38862473113942,0.872927975211581,1.38862473113942,1.38862473113942,1.38862473113942,0,0,0,insufficient_gain,insufficient_gain,v3_insufficient_gain,NaN,NaN,NaN,NaN,0,0,0.155921498699742,0.0764918045294335,34.0688617410842,0.00291262943299309,0.00245848788664382
Light_multipath,1,0,5,20270109,2.1273131298372,1.36840317825029,2.1273131298372,2.1273131298372,2.1273131298372,1.1273131298372,0.36840317825029,1.1273131298372,1.1273131298372,1.1273131298372,0,0,0,insufficient_gain,insufficient_gain,v3_insufficient_gain,NaN,NaN,NaN,NaN,0,0,0.163823696147576,0.646968446905148,9.70225926868626,0.0020840427683988,0.00174262717915008
Light_multipath,1,0,6,20270109,2.13984110665596,0.23299584601605,2.13984110665596,2.13984110665596,2.13984110665596,1.13984110665596,-0.76700415398395,1.13984110665596,1.13984110665596,1.13984110665596,0,0,0,insufficient_gain,insufficient_gain,v3_insufficient_gain,NaN,NaN,NaN,NaN,0,0,0.218075049272903,0.307514912942827,30.8862911172913,0.0032510166834494,0.00254205106001915
Light_multipath,1,0,7,20270109,2.40621370971655,2.45492765605452,2.40621370971655,2.40621370971655,2.40621370971655,1.40621370971655,1.45492765605452,1.40621370971655,1.40621370971655,1.40621370971655,0,0,0,weak_echo,weak_echo,v3_weak_echo,NaN,NaN,NaN,NaN,0,0,0.604089014002884,0.0326707019538034,99.9999985028888,0.00309921445584616,0.00122701305103057
Light_multipath,1,0,8,20270109,2.31971784543967,1.02549994724744,2.31971784543967,2.31971784543967,2.31971784543967,1.31971784543967,0.0254999472474426,1.31971784543967,1.31971784543967,1.31971784543967,0,0,0,insufficient_gain,insufficient_gain,v3_insufficient_gain,NaN,NaN,NaN,NaN,0,0,0.410537970496284,0.203377982833985,31.595090597308,0.00383563547952392,0.00226096147419663
Light_multipath,1,0,9,20270109,2.04309250642052,2.02849008776483,2.04309250642052,2.04309250642052,2.04309250642052,1.04309250642052,1.02849008776483,1.04309250642052,1.04309250642052,1.04309250642052,0,0,0,insufficient_gain,insufficient_gain,v3_insufficient_gain,NaN,NaN,NaN,NaN,0,0,0.307056140320008,0.022045203633071,93.1693310147222,0.00268825875198431,0.00186281239541852
Light_multipath,1,0,10,20270109,2.38443111684147,2.45360910869234,2.38443111684147,2.38443111684147,2.38443111684147,1.38443111684147,1.45360910869234,1.38443111684147,1.38443111684147,1.38443111684147,0,0,0,insufficient_gain,insufficient_gain,v3_insufficient_gain,NaN,NaN,NaN,NaN,0,0,0.186098570658838,0.0247970687232843,62.4124309617807,0.00519831597513387,0.00423091680232845
Light_multipath,1,0,11,20270109,2.14680981047683,2.13987924026107,2.14680981047683,2.14680981047683,2.14680981047683,1.14680981047683,1.13987924026107,1.14680981047683,1.14680981047683,1.14680981047683,0,0,0,candidate_invalid,candidate_invalid,v3_candidate_invalid,NaN,NaN,NaN,NaN,0,0,0,4.31845792974341e-14,92.9469748221733,0.0027722392587064,0.00277223925870773
Light_multipath,1,0,12,20270109,2.2195539165455,2.43221050063347,2.2195539165455,2.2195539165455,2.2195539165455,1.2195539165455,1.43221050063347,1.2195539165455,1.2195539165455,1.2195539165455,0,0,0,insufficient_gain,insufficient_gain,v3_insufficient_gain,NaN,NaN,NaN,NaN,0,0,0.597609494555238,0.342926893805244,12.2643564596546,0.00447110964052899,0.00179913206815141
Light_multipath,1,0,13,20270109,2.43614232244615,2.35966010020171,2.43614232244615,2.43614232244615,2.43614232244615,1.43614232244615,1.35966010020171,1.43614232244615,1.43614232244615,1.43614232244615,0,0,0,insufficient_gain,insufficient_gain,v3_insufficient_gain,NaN,NaN,NaN,NaN,0,0,0.381797898278953,0.0268243436125739,55.0883041230262,0.00282167427916846,0.00174436496975416
Light_multipath,1,0,14,20270109,2.34742442752519,2.14338403076105,2.34742442752519,2.34742442752519,2.34742442752519,1.34742442752519,1.14338403076105,1.34742442752519,1.34742442752519,1.34742442752519,0,0,0,insufficient_gain,insufficient_gain,v3_insufficient_gain,NaN,NaN,NaN,NaN,0,0,0.315966680886778,0.0377983721467623,50.5921857152673,0.00379929676390978,0.00259884557571333
Light_multipath,1,0,15,20270109,2.09928418880518,5.57586541478884e-05,2.09928418880518,2.09928418880518,2.09928418880518,1.09928418880518,-0.999944241345852,1.09928418880518,1.09928418880518,1.09928418880518,0,0,0,insufficient_gain,insufficient_gain,v3_insufficient_gain,NaN,NaN,NaN,NaN,0,0,0.246958130170495,0.411895803029717,27.0041774135547,0.00506500739154059,0.00381416263682599
Light_multipath,1,0,16,20270109,1.98543529959179,1.11043353178301,1.98543529959179,1.98543529959179,1.98543529959179,0.985435299591789,0.110433531783011,0.985435299591789,0.985435299591789,0.985435299591789,0,0,0,insufficient_gain,insufficient_gain,v3_insufficient_gain,NaN,NaN,NaN,NaN,0,0,0.470790045595819,0.148266515242508,28.3679387613239,0.00193135334429928,0.00102209141527498
Light_multipath,1,0,17,20270109,2.2455452059806,2.79207759626707,2.2455452059806,2.2455452059806,2.2455452059806,1.2455452059806,1.79207759626707,1.2455452059806,1.2455452059806,1.2455452059806,0,0,0,insufficient_gain,insufficient_gain,v3_insufficient_gain,NaN,NaN,NaN,NaN,0,0,0.160537983439218,0.106097996525964,20.0771691330996,0.00195043093701042,0.0016373126875453
Light_multipath,1,0,18,20270109,2.30446327108196,0.0115348642490395,0.0115348642490395,2.30446327108196,1.55949680055442,1.30446327108196,-0.988465135750961,-0.988465135750961,1.30446327108196,0.559496800554421,1,0,1,two_path_selected,unstable_split_fit,soft_two_path_correction,0.051286123001449,0.88752848583902,7.32159804156506,0.88752848583902,0.324897396843068,0.324897396843068,0.605707028359405,0.386476065684418,31.8497946701906,0.00415222690367689,0.00163719388477679
Light_multipath,1,0,19,20270109,2.26439058040725,1.75731092843776,1.75731092843776,1.75731092843776,1.8740355700025,1.26439058040725,0.757310928437756,0.757310928437756,0.757310928437756,0.874035570002497,1,1,1,two_path_selected,stable_two_path_selected,soft_two_path_correction,0.052636857728621,0.711589540237356,15.7508034051395,0.711589540237356,0.76981004638742,0.76981004638742,0.759851230023904,0.0957120863024876,38.9047422712039,0.00509079178370198,0.00122254738506045
Light_multipath,1,0,20,20270109,2.36369818641748,0.538474712215161,2.36369818641748,2.36369818641748,2.36369818641748,1.36369818641748,-0.461525287784839,1.36369818641748,1.36369818641748,1.36369818641748,0,0,0,insufficient_gain,insufficient_gain,v3_insufficient_gain,NaN,NaN,NaN,NaN,0,0,0.200326403695708,0.33554563736716,27.0683712371024,0.00412697201571421,0.00330023055365336
Light_multipath,1,0,21,20270109,2.25078734571714,1.22313488612512,2.25078734571714,2.25078734571714,2.25078734571714,1.25078734571714,0.223134886125116,1.25078734571714,1.25078734571714,1.25078734571714,0,0,0,insufficient_gain,insufficient_gain,v3_insufficient_gain,NaN,NaN,NaN,NaN,0,0,0.368944656623607,0.183150348188456,27.5739787441798,0.0026918943958858,0.0016987343423287
Light_multipath,1,0,22,20270109,2.35974262216215,1.7527717892582,2.35974262216215,2.35974262216215,2.35974262216215,1.35974262216215,0.752771789258203,1.35974262216215,1.35974262216215,1.35974262216215,0,0,0,insufficient_gain,insufficient_gain,v3_insufficient_gain,NaN,NaN,NaN,NaN,0,0,0.265348226995282,0.0988853711283584,31.2289062064863,0.00308377462584719,0.0022655004964256
Light_multipath,1,0,23,20270109,2.14924897515566,0.000142733781492419,2.14924897515566,2.14924897515566,2.14924897515566,1.14924897515566,-0.999857266218508,1.14924897515566,1.14924897515566,1.14924897515566,0,0,0,insufficient_gain,insufficient_gain,v3_insufficient_gain,NaN,NaN,NaN,NaN,0,0,0.559530595054635,0.350620972235331,32.5156946363328,0.00526361798421027,0.00231846268136482
Light_multipath,1,0,24,20270109,2.21359899443352,2.29515791750472,2.21359899443352,2.21359899443352,2.21359899443352,1.21359899443352,1.29515791750472,1.21359899443352,1.21359899443352,1.21359899443352,0,0,0,weak_echo,weak_echo,v3_weak_echo,NaN,NaN,NaN,NaN,0,0,0.647107300351381,0.0338382171767059,99.6435609900007,0.00357113334679493,0.00126022688755567
Light_multipath,1,0,25,20270109,2.25594260754176,1.09458183890165,2.25594260754176,2.25594260754176,2.25594260754176,1.25594260754176,0.0945818389016453,1.25594260754176,1.25594260754176,1.25594260754176,0,0,0,insufficient_gain,insufficient_gain,v3_insufficient_gain,NaN,NaN,NaN,NaN,0,0,0.381074684416905,0.305725935263127,21.9089554018783,0.00490696563506154,0.00303704525423587
Light_multipath,1,0,26,20270109,2.14053665450969,0.8822482214951,0.8822482214951,2.14053665450969,1.68261938966903,1.14053665450969,-0.1177517785049,-0.1177517785049,1.14053665450969,0.682619389669028,1,0,1,two_path_selected,unstable_split_fit,soft_two_path_correction,0.0533624373341456,0.287298555325787,7.61945687773439,0.287298555325787,0.363920745693887,0.363920745693887,0.612555308183071,0.207138414678824,31.9804727846239,0.00442525309063635,0.00171454081991351
Light_multipath,1,0,27,20270109,2.12774151436053,2.07476547052912,2.12774151436053,2.12774151436053,2.12774151436053,1.12774151436053,1.07476547052912,1.12774151436053,1.12774151436053,1.12774151436053,0,0,0,weak_echo,weak_echo,v3_weak_echo,NaN,NaN,NaN,NaN,0,0,0.726429968343929,0.0464372024697618,75.6952397157968,0.00590611513868033,0.00161573610545318
Light_multipath,1,0,28,20270109,2.26159850925104,0.00164282017635346,2.26159850925104,2.26159850925104,2.26159850925104,1.26159850925104,-0.998357179823647,1.26159850925104,1.26159850925104,1.26159850925104,0,0,0,insufficient_gain,insufficient_gain,v3_insufficient_gain,NaN,NaN,NaN,NaN,0,0,0.552520291538816,0.390495389117756,31.8829624624523,0.00623924706347889,0.00279193645698284
Light_multipath,1,0,29,20270109,2.21776311441465,1.47545878777761,1.47545878777761,2.21776311441465,2.01302720102638,1.21776311441465,0.475458787777606,0.475458787777606,1.21776311441465,1.01302720102638,1,0,1,two_path_selected,unstable_split_fit,soft_two_path_correction,0.0514273251568811,1.42819545424673,7.30188310353315,1.42819545424673,0.275811289307453,0.275811289307453,0.605249500671429,0.471031145828187,13.5751754063447,0.00213567182853547,0.000843057520716339
Light_multipath,1,0,30,20270109,2.08111801399572,1.33301978272667,2.08111801399572,2.08111801399572,2.08111801399572,1.08111801399572,0.333019782726669,1.08111801399572,1.08111801399572,1.08111801399572,0,0,0,insufficient_gain,insufficient_gain,v3_insufficient_gain,NaN,NaN,NaN,NaN,0,0,0.401426375001266,0.102014742145954,41.6940499322896,0.0037879675252761,0.002267377452982
Light_multipath,1,0,31,20270109,2.14563659365389,1.36391246890028,2.14563659365389,2.14563659365389,2.14563659365389,1.14563659365389,0.363912468900284,1.14563659365389,1.14563659365389,1.14563659365389,0,0,0,insufficient_gain,insufficient_gain,v3_insufficient_gain,NaN,NaN,NaN,NaN,0,0,0.590745498535842,0.132007486139302,33.8787877962186,0.00447628036652925,0.00183193788981773
Light_multipath,1,0,32,20270109,2.4670417193366,2.14514291627993,2.4670417193366,2.4670417193366,2.4670417193366,1.4670417193366,1.14514291627993,1.4670417193366,1.4670417193366,1.4670417193366,0,0,0,insufficient_gain,insufficient_gain,v3_insufficient_gain,NaN,NaN,NaN,NaN,0,0,0.0872846989750383,0.0570450030473972,25.7666475098788,0.00235194304875597,0.00214665440773887
Light_multipath,1,0,33,20270109,2.36493661813326,2.16512372939863,2.36493661813326,2.36493661813326,2.36493661813326,1.36493661813326,1.16512372939863,1.36493661813326,1.36493661813326,1.36493661813326,0,0,0,insufficient_gain,insufficient_gain,v3_insufficient_gain,NaN,NaN,NaN,NaN,0,0,0.277860543845011,0.0356039768084187,53.1944662745183,0.00343846780635237,0.00248305327168574
Light_multipath,1,0,34,20270109,2.44156727038035,0.0609394674974302,2.44156727038035,2.44156727038035,2.44156727038035,1.44156727038035,-0.93906053250257,1.44156727038035,1.44156727038035,1.44156727038035,0,0,0,insufficient_gain,insufficient_gain,v3_insufficient_gain,NaN,NaN,NaN,NaN,0,0,0.543807260864659,0.461397067444347,28.3415733043622,0.00387415075901898,0.00176735944658013
Light_multipath,1,0,35,20270109,2.24514487749052,1.71687688102401,2.24514487749052,2.24514487749052,2.24514487749052,1.24514487749052,0.716876881024012,1.24514487749052,1.24514487749052,1.24514487749052,0,0,0,insufficient_gain,insufficient_gain,v3_insufficient_gain,NaN,NaN,NaN,NaN,0,0,0.36128292066197,0.0860287210697428,37.4177775108635,0.0048843817793145,0.00311973806445565
Light_multipath,1,0,36,20270109,2.09376748875298,1.07626211933476,1.07626211933476,2.09376748875298,1.71668286813999,1.09376748875298,0.0762621193347588,0.0762621193347588,1.09376748875298,0.716682868139992,1,0,1,two_path_selected,unstable_split_fit,soft_two_path_correction,0.0517892545734676,0.366244744808994,7.70387051213047,0.366244744808994,0.370597180070506,0.370597180070506,0.614474399289128,0.149095072393667,35.5312992131283,0.00340067884528272,0.00131104875465238
Light_multipath,1,0,37,20270109,2.27478048973679,0.55071252942178,0.55071252942178,2.27478048973679,1.48442911562719,1.27478048973679,-0.44928747057822,-0.44928747057822,1.27478048973679,0.48442911562719,1,0,1,two_path_selected,unstable_split_fit,soft_two_path_correction,0.0517241110361429,2.11055658786772,12.7807170648783,2.11055658786772,0.458422401147802,0.458422401147802,0.714006361549861,0.330801927421654,29.1226680247352,0.0055520266559399,0.00158784430410441
Light_multipath,1,0,38,20270109,2.15594676799923,1.42868538992924,1.42868538992924,2.15594676799923,1.97667069757926,1.15594676799923,0.428685389929235,0.428685389929235,1.15594676799923,0.976670697579255,1,0,1,two_path_selected,unstable_split_fit,soft_two_path_correction,0.0506819368676628,2.1055350919668,7.543990854942,2.1055350919668,0.246508443629633,0.246508443629633,0.610831549098246,0.106063709092712,46.6761611141324,0.00565156769054886,0.00219941184329731
Light_multipath,1,0,39,20270109,2.16115566943385,2.90943022758388,2.16115566943385,2.16115566943385,2.16115566943385,1.16115566943385,1.90943022758388,1.16115566943385,1.16115566943385,1.16115566943385,0,0,0,insufficient_gain,insufficient_gain,v3_insufficient_gain,NaN,NaN,NaN,NaN,0,0,0.089267625790615,0.154793440974261,15.7519037916808,0.00188525450885191,0.00171696231483565
Light_multipath,1,0,40,20270109,2.41151166470458,1.92150217414904,2.41151166470458,2.41151166470458,2.41151166470458,1.41151166470458,0.921502174149042,1.41151166470458,1.41151166470458,1.41151166470458,0,0,0,insufficient_gain,insufficient_gain,v3_insufficient_gain,NaN,NaN,NaN,NaN,0,0,0.320261418248416,0.079124562872173,32.1194699604507,0.0021597516259686,0.00146806650717157
Light_multipath,1,0,41,20270109,2.30973598909724,2.33052906795865,2.30973598909724,2.30973598909724,2.30973598909724,1.30973598909724,1.33052906795865,1.30973598909724,1.30973598909724,1.30973598909724,0,0,0,insufficient_gain,insufficient_gain,v3_insufficient_gain,NaN,NaN,NaN,NaN,0,0,0.539177938410409,0.026044950721576,73.1227381412294,0.00319652305657181,0.00147302834484808
Light_multipath,1,0,42,20270109,2.27764514251137,1.61009198186034,2.27764514251137,2.27764514251137,2.27764514251137,1.27764514251137,0.610091981860344,1.27764514251137,1.27764514251137,1.27764514251137,0,0,0,insufficient_gain,insufficient_gain,v3_insufficient_gain,NaN,NaN,NaN,NaN,0,0,0.374258538093882,0.122876262182496,31.6389957090907,0.00557447718539894,0.00348818150335384
Light_multipath,1,0,43,20270109,2.24639361436362,1.63566456904187,2.24639361436362,2.24639361436362,2.24639361436362,1.24639361436362,0.635664569041868,1.24639361436362,1.24639361436362,1.24639361436362,0,0,0,insufficient_gain,insufficient_gain,v3_insufficient_gain,NaN,NaN,NaN,NaN,0,0,0.241538080395138,0.0991547385279522,31.9550372577132,0.00393439250079997,0.00298408688863572
Light_multipath,1,0,44,20270109,2.33437595548275,1.66893183770027,2.33437595548275,2.33437595548275,2.33437595548275,1.33437595548275,0.668931837700272,1.33437595548275,1.33437595548275,1.33437595548275,0,0,0,insufficient_gain,insufficient_gain,v3_insufficient_gain,NaN,NaN,NaN,NaN,0,0,0.429367855517572,0.0999887742042029,37.8602504986162,0.004708145170641,0.00268661897525746
Light_multipath,1,0,45,20270109,2.30251483342818,2.93590310095199,2.30251483342818,2.30251483342818,2.30251483342818,1.30251483342818,1.93590310095199,1.30251483342818,1.30251483342818,1.30251483342818,0,0,0,insufficient_gain,insufficient_gain,v3_insufficient_gain,NaN,NaN,NaN,NaN,0,0,0.183056028024032,0.157611487511945,15.3118436017341,0.002974149852498,0.00242971379375145
Light_multipath,1,0,46,20270109,2.04107379001654,1.37080352601795,2.04107379001654,2.04107379001654,2.04107379001654,1.04107379001654,0.37080352601795,1.04107379001654,1.04107379001654,1.04107379001654,0,0,0,insufficient_gain,insufficient_gain,v3_insufficient_gain,NaN,NaN,NaN,NaN,0,0,0.16370170392825,0.111465635038136,28.4797199908685,0.00297583038500737,0.00248868188038021
Light_multipath,1,0,47,20270109,2.2174185857273,2.05635745990002,2.2174185857273,2.2174185857273,2.2174185857273,1.2174185857273,1.05635745990002,1.2174185857273,1.2174185857273,1.2174185857273,0,0,0,insufficient_gain,insufficient_gain,v3_insufficient_gain,NaN,NaN,NaN,NaN,0,0,0.0311276055423413,0.0222655943298287,37.5429392210527,0.00299994236966206,0.00290656134692946
Light_multipath,1,0,48,20270109,2.42677902189084,2.35878416272429,2.42677902189084,2.42677902189084,2.42677902189084,1.42677902189084,1.35878416272429,1.42677902189084,1.42677902189084,1.42677902189084,0,0,0,insufficient_gain,insufficient_gain,v3_insufficient_gain,NaN,NaN,NaN,NaN,0,0,0.247290046591319,0.026669525220453,44.1323523044116,0.00292325561150109,0.00220036359513465
Light_multipath,1,0,49,20270109,2.26048699253168,0.90037486246294,2.26048699253168,2.26048699253168,2.26048699253168,1.26048699253168,-0.0996251375370596,1.26048699253168,1.26048699253168,1.26048699253168,0,0,0,insufficient_gain,insufficient_gain,v3_insufficient_gain,NaN,NaN,NaN,NaN,0,0,0.45909177478674,0.201622888200188,33.6417752200205,0.0035204172288168,0.00190422263524948
Light_multipath,1,0,50,20270109,2.3873586075157,2.78110056053956,2.3873586075157,2.3873586075157,2.3873586075157,1.3873586075157,1.78110056053956,1.3873586075157,1.3873586075157,1.3873586075157,0,0,0,insufficient_gain,insufficient_gain,v3_insufficient_gain,NaN,NaN,NaN,NaN,0,0,0.0997180840751275,0.217900263908397,8.75897015665455,0.00268092103847883,0.00241358472896502
Light_multipath,3,0,1,20270109,4.11286338099214,2.84006657903582,4.11286338099214,4.11286338099214,4.11286338099214,1.11286338099214,-0.159933420964181,1.11286338099214,1.11286338099214,1.11286338099214,0,0,0,insufficient_gain,insufficient_gain,v3_insufficient_gain,NaN,NaN,NaN,NaN,0,0,0.274569964528198,0.226472931260922,26.9617752779783,0.00295585767591544,0.00214426793868894
Light_multipath,3,0,2,20270109,4.30999768522326,4.61472811373626,4.30999768522326,4.30999768522326,4.30999768522326,1.30999768522326,1.61472811373626,1.30999768522326,1.30999768522326,1.30999768522326,0,0,0,insufficient_gain,insufficient_gain,v3_insufficient_gain,NaN,NaN,NaN,NaN,0,0,0.10426754377712,0.0504000927492998,28.9865851199313,0.00288961600203996,0.0025883228390482
Light_multipath,3,0,3,20270109,4.3095575105442,2.39069639139204,4.3095575105442,4.3095575105442,4.3095575105442,1.3095575105442,-0.609303608607959,1.3095575105442,1.3095575105442,1.3095575105442,0,0,0,insufficient_gain,insufficient_gain,v3_insufficient_gain,NaN,NaN,NaN,NaN,0,0,0.42630265453019,0.493553662312098,23.2432245854723,0.00561845907787517,0.00322329505860774
Light_multipath,3,0,4,20270109,4.13844609468081,4.18405488765603,4.13844609468081,4.13844609468081,4.13844609468081,1.13844609468081,1.18405488765603,1.13844609468081,1.13844609468081,1.13844609468081,0,0,0,candidate_invalid,candidate_invalid,v3_candidate_invalid,NaN,NaN,NaN,NaN,0,0,0.150730469197926,0.0165017148649154,99.999970905214,0.00348723861849654,0.00296160550532543
Light_multipath,3,0,5,20270109,4.2954675088171,4.04904703031208,4.2954675088171,4.2954675088171,4.2954675088171,1.2954675088171,1.04904703031208,1.2954675088171,1.2954675088171,1.2954675088171,0,0,0,insufficient_gain,insufficient_gain,v3_insufficient_gain,NaN,NaN,NaN,NaN,0,0,0.468169786684617,0.0501825981461169,56.0372396243159,0.00614893467707889,0.00327018924097322
Light_multipath,3,0,6,20270109,4.24521417452293,3.61304305595038,3.61304305595038,4.24521417452293,3.8896604462164,1.24521417452293,0.613043055950385,0.613043055950385,1.24521417452293,0.889660446216403,1,0,1,two_path_selected,unstable_split_fit,soft_two_path_correction,0.0519388426190242,2.24828626831542,18.8287969130455,2.24828626831542,0.562432730412253,0.562432730412253,0.799623085682634,0.100494135293479,48.7766249087071,0.00669876202781272,0.00134227726487945
Light_multipath,3,0,7,20270109,4.32025563746281,4.31322699185109,4.32025563746281,4.32025563746281,4.32025563746281,1.32025563746281,1.31322699185109,1.32025563746281,1.32025563746281,1.32025563746281,0,0,0,candidate_invalid,candidate_invalid,v3_candidate_invalid,NaN,NaN,NaN,NaN,0,0,1.45186536106117e-12,1.82733373598148e-13,98.2057313237052,0.00367049911178108,0.00367049911177575
Light_multipath,3,0,8,20270109,4.42949690418672,4.42060784566827,4.42949690418672,4.42949690418672,4.42949690418672,1.42949690418672,1.42060784566827,1.42949690418672,1.42949690418672,1.42949690418672,0,0,0,candidate_invalid,candidate_invalid,v3_candidate_invalid,NaN,NaN,NaN,NaN,0,0,0.0343938394391005,0.00728941482891325,72.1395504735334,0.00240726457144502,0.00232446950028731
Light_multipath,3,0,9,20270109,4.14922410338469,3.37265227628702,4.14922410338469,4.14922410338469,4.14922410338469,1.14922410338469,0.372652276287019,1.14922410338469,1.14922410338469,1.14922410338469,0,0,0,insufficient_gain,insufficient_gain,v3_insufficient_gain,NaN,NaN,NaN,NaN,0,0,0.433117696750665,0.104040550581648,43.262078269002,0.00405006459989643,0.00229590994869788
Light_multipath,3,0,10,20270109,4.05318252174636,4.04564134694076,4.05318252174636,4.05318252174636,4.05318252174636,1.05318252174636,1.04564134694076,1.05318252174636,1.05318252174636,1.05318252174636,0,0,0,candidate_invalid,candidate_invalid,v3_candidate_invalid,NaN,NaN,NaN,NaN,0,0,0.0523371555662603,0.00873874904082223,99.9836301566004,0.00249736089690855,0.00236665613114195
Light_multipath,3,0,11,20270109,4.20059691489007,3.05187424059727,4.20059691489007,4.20059691489007,4.20059691489007,1.20059691489007,0.0518742405972681,1.20059691489007,1.20059691489007,1.20059691489007,0,0,0,insufficient_gain,insufficient_gain,v3_insufficient_gain,NaN,NaN,NaN,NaN,0,0,0.48783890325896,0.197443259224683,28.2002295911729,0.00207553363457924,0.00106300758260902
Light_multipath,3,0,12,20270109,4.50903508974013,3.66734728272668,4.50903508974013,4.50903508974013,4.50903508974013,1.50903508974013,0.667347282726682,1.50903508974013,1.50903508974013,1.50903508974013,0,0,0,insufficient_gain,insufficient_gain,v3_insufficient_gain,NaN,NaN,NaN,NaN,0,0,0.187223339741552,0.145751659367399,27.7332462420804,0.00348959292478113,0.00283625968306511
Light_multipath,3,0,13,20270109,4.29162139485768,3.96852659293432,4.29162139485768,4.29162139485768,4.29162139485768,1.29162139485768,0.968526592934323,1.29162139485768,1.29162139485768,1.29162139485768,0,0,0,insufficient_gain,insufficient_gain,v3_insufficient_gain,NaN,NaN,NaN,NaN,0,0,0.26813468542463,0.0500700240402137,38.1088151448318,0.00237030028286345,0.00173474056215595
Light_multipath,3,0,14,20270109,4.3781791685559,4.36869399954887,4.3781791685559,4.3781791685559,4.3781791685559,1.3781791685559,1.36869399954887,1.3781791685559,1.3781791685559,1.3781791685559,0,0,0,candidate_invalid,candidate_invalid,v3_candidate_invalid,NaN,NaN,NaN,NaN,0,0,0,7.03085714534962e-14,86.7944535727817,0.00149960182398901,0.00149960182399345
Light_multipath,3,0,15,20270109,4.14731650274309,3.46426232879629,3.46426232879629,4.14731650274309,3.83603336516732,1.14731650274309,0.464262328796289,0.464262328796289,1.14731650274309,0.836033365167321,1,0,1,two_path_selected,unstable_split_fit,soft_two_path_correction,0.052148108478146,2.42704824932976,13.9162103194955,2.42704824932976,0.455722473339303,0.455722473339303,0.732484944624116,0.418668313678205,16.5903669202519,0.00472209259197132,0.00126323086123126
Light_multipath,3,0,16,20270109,4.35728909437207,4.03306557223087,4.03306557223087,4.35728909437207,4.23448395620523,1.35728909437207,1.03306557223087,1.03306557223087,1.35728909437207,1.23448395620523,1,0,1,two_path_selected,unstable_split_fit,soft_two_path_correction,0.0509395978939364,2.26188892799434,10.7452774802956,2.26188892799434,0.378766899316338,0.378766899316338,0.677629563682538,0.119449057045803,22.9847348681476,0.00207276089898389,0.000668196835387214
Light_multipath,3,0,17,20270109,4.24467063719064,5.04884330681334,4.24467063719064,4.24467063719064,4.24467063719064,1.24467063719064,2.04884330681334,1.24467063719064,1.24467063719064,1.24467063719064,0,0,0,insufficient_gain,insufficient_gain,v3_insufficient_gain,NaN,NaN,NaN,NaN,0,0,0.511167099048593,0.261018405673476,11.9051528441466,0.00247375437359798,0.00120925252668713
Light_multipath,3,0,18,20270109,4.3436723253689,4.67973793764783,4.3436723253689,4.3436723253689,4.3436723253689,1.3436723253689,1.67973793764783,1.3436723253689,1.3436723253689,1.3436723253689,0,0,0,insufficient_gain,insufficient_gain,v3_insufficient_gain,NaN,NaN,NaN,NaN,0,0,0.165576881802756,0.0753973728243751,23.6436456192063,0.00387477043936157,0.00323319803231059
Light_multipath,3,0,19,20270109,4.17310191513484,3.7617254726221,4.17310191513484,4.17310191513484,4.17310191513484,1.17310191513484,0.761725472622099,1.17310191513484,1.17310191513484,1.17310191513484,0,0,0,weak_echo,weak_echo,v3_weak_echo,NaN,NaN,NaN,NaN,0,0,0.763645888025031,0.0775578486621427,60.4709614528628,0.00696368843338036,0.00164589639574197
Light_multipath,3,0,20,20270109,4.05365046515957,2.15563820817724,4.05365046515957,4.05365046515957,4.05365046515957,1.05365046515957,-0.844361791822762,1.05365046515957,1.05365046515957,1.05365046515957,0,0,0,insufficient_gain,insufficient_gain,v3_insufficient_gain,NaN,NaN,NaN,NaN,0,0,0.233762641560016,0.337314249531422,28.4823696538174,0.00461010266470008,0.00353243288793692
Light_multipath,3,0,21,20270109,4.2890719751654,3.53934039595353,3.53934039595353,4.2890719751654,3.97820405991704,1.2890719751654,0.539340395953531,0.539340395953531,1.2890719751654,0.978204059917042,1,0,1,two_path_selected,unstable_split_fit,soft_two_path_correction,0.0520535147273847,1.61314118244442,10.1074631333555,1.61314118244442,0.414638950616362,0.414638950616362,0.665304956723061,0.105231592371294,40.5302413487517,0.00271243665917509,0.000907839105028563
Light_multipath,3,0,22,20270109,4.28259557670979,1.59692298049262,4.28259557670979,4.28259557670979,4.28259557670979,1.28259557670979,-1.40307701950738,1.28259557670979,1.28259557670979,1.28259557670979,0,0,0,insufficient_gain,insufficient_gain,v3_insufficient_gain,NaN,NaN,NaN,NaN,0,0,0.449607695819352,0.493462565545226,30.3718778400686,0.00459996633948934,0.00253178607274496
Light_multipath,3,0,23,20270109,4.19655262963972,1.74774575967469,4.19655262963972,4.19655262963972,4.19655262963972,1.19655262963972,-1.25225424032531,1.19655262963972,1.19655262963972,1.19655262963972,0,0,0,insufficient_gain,insufficient_gain,v3_insufficient_gain,NaN,NaN,NaN,NaN,0,0,0.163865177071108,0.688849980620952,21.3639737292021,0.003187990161865,0.00266558958949004
Light_multipath,3,0,24,20270109,4.37518641554252,3.53540275769263,4.37518641554252,4.37518641554252,4.37518641554252,1.37518641554252,0.535402757692633,1.37518641554252,1.37518641554252,1.37518641554252,0,0,0,insufficient_gain,insufficient_gain,v3_insufficient_gain,NaN,NaN,NaN,NaN,0,0,0.333320737041815,0.11995278806597,35.0569251637396,0.0023614338795519,0.00157431899834415
Light_multipath,3,0,25,20270109,4.31068970141862,3.49642208792628,4.31068970141862,4.31068970141862,4.31068970141862,1.31068970141862,0.49642208792628,1.31068970141862,1.31068970141862,1.31068970141862,0,0,0,insufficient_gain,insufficient_gain,v3_insufficient_gain,NaN,NaN,NaN,NaN,0,0,0.217042652592299,0.131142634189356,30.6928544515224,0.00449639845573957,0.00352048820779394
Light_multipath,3,0,26,20270109,4.16976921604913,3.55899605244471,4.16976921604913,4.16976921604913,4.16976921604913,1.16976921604913,0.558996052444708,1.16976921604913,1.16976921604913,1.16976921604913,0,0,0,insufficient_gain,insufficient_gain,v3_insufficient_gain,NaN,NaN,NaN,NaN,0,0,0.356846780068578,0.084469192051427,38.8509965426761,0.00269179143743292,0.00173123433036881
Light_multipath,3,0,27,20270109,4.24751456493688,3.10092625851021,4.24751456493688,4.24751456493688,4.24751456493688,1.24751456493688,0.100926258510214,1.24751456493688,1.24751456493688,1.24751456493688,0,0,0,insufficient_gain,insufficient_gain,v3_insufficient_gain,NaN,NaN,NaN,NaN,0,0,0.307722712280185,0.206450406982482,26.716789041872,0.00259845806578585,0.0017988535020359
Light_multipath,3,0,28,20270109,4.23256639708066,4.20547977828771,4.23256639708066,4.23256639708066,4.23256639708066,1.23256639708066,1.20547977828771,1.23256639708066,1.23256639708066,1.23256639708066,0,0,0,insufficient_gain,insufficient_gain,v3_insufficient_gain,NaN,NaN,NaN,NaN,0,0,0.418015169330566,0.0324155272835885,60.8006967022848,0.00502925332411652,0.00292694914422964
Light_multipath,3,0,29,20270109,4.25704174520902,4.17597479140198,4.25704174520902,4.25704174520902,4.25704174520902,1.25704174520902,1.17597479140198,1.25704174520902,1.25704174520902,1.25704174520902,0,0,0,insufficient_gain,insufficient_gain,v3_insufficient_gain,NaN,NaN,NaN,NaN,0,0,0.30239104408194,0.0279750643961042,65.8557118783994,0.00475299216164071,0.0033157298993689
Light_multipath,3,0,30,20270109,4.16888055613824,2.8233045801729,2.8233045801729,4.16888055613824,3.48956141519976,1.16888055613824,-0.176695419827102,-0.176695419827102,1.16888055613824,0.489561415199757,1,0,1,two_path_selected,unstable_split_fit,soft_two_path_correction,0.0519973048636972,0.534982523025763,9.62321760726755,0.534982523025763,0.504853797238115,0.504853797238115,0.655634074266261,0.205703902868992,35.7488825446867,0.00596744002243321,0.00205498300758578
Light_multipath,3,0,31,20270109,4.32425009789048,3.63776728830329,4.32425009789048,4.32425009789048,4.32425009789048,1.32425009789048,0.637767288303293,1.32425009789048,1.32425009789048,1.32425009789048,0,0,0,insufficient_gain,insufficient_gain,v3_insufficient_gain,NaN,NaN,NaN,NaN,0,0,0.216657819111336,0.0988037541200395,34.1312869802633,0.00310745870791562,0.0024342034812801
Light_multipath,3,0,32,20270109,3.94517701505439,2.31800345265882,3.94517701505439,3.94517701505439,3.94517701505439,0.945177015054385,-0.681996547341184,0.945177015054385,0.945177015054385,0.945177015054385,0,0,0,insufficient_gain,insufficient_gain,v3_insufficient_gain,NaN,NaN,NaN,NaN,0,0,0.397747954008034,0.281384276306851,29.7939214538191,0.00501578411345349,0.00302076624458136
Light_multipath,3,0,33,20270109,4.13194122431076,3.91459460805006,4.13194122431076,4.13194122431076,4.13194122431076,1.13194122431076,0.914594608050065,1.13194122431076,1.13194122431076,1.13194122431076,0,0,0,insufficient_gain,insufficient_gain,v3_insufficient_gain,NaN,NaN,NaN,NaN,0,0,0.425774902619711,0.157509184411176,18.5901116047869,0.00320796578045202,0.00184209446267269
Light_multipath,3,0,34,20270109,4.24303001538004,4.29433752439183,4.24303001538004,4.24303001538004,4.24303001538004,1.24303001538004,1.29433752439183,1.24303001538004,1.24303001538004,1.24303001538004,0,0,0,insufficient_gain,insufficient_gain,v3_insufficient_gain,NaN,NaN,NaN,NaN,0,0,0.346258966093782,0.0214267548797164,99.9998787377822,0.00245346756646936,0.00160393242355905
Light_multipath,3,0,35,20270109,4.44036803128862,3.8545044484783,4.44036803128862,4.44036803128862,4.44036803128862,1.44036803128862,0.854504448478298,1.44036803128862,1.44036803128862,1.44036803128862,0,0,0,insufficient_gain,insufficient_gain,v3_insufficient_gain,NaN,NaN,NaN,NaN,0,0,0.0745435062035871,0.10776789176665,24.9176773028625,0.00335354037895486,0.00310355572091225
Light_multipath,3,0,36,20270109,4.36669539221095,3.03323145332574,4.36669539221095,4.36669539221095,4.36669539221095,1.36669539221095,0.0332314533257403,1.36669539221095,1.36669539221095,1.36669539221095,0,0,0,insufficient_gain,insufficient_gain,v3_insufficient_gain,NaN,NaN,NaN,NaN,0,0,0.557044607311158,0.223770871511361,29.9343729125217,0.0029198875697023,0.00129337994504475
Light_multipath,3,0,37,20270109,4.35088307543167,1.37200962369543,4.35088307543167,4.35088307543167,4.35088307543167,1.35088307543167,-1.62799037630457,1.35088307543167,1.35088307543167,1.35088307543167,0,0,0,insufficient_gain,insufficient_gain,v3_insufficient_gain,NaN,NaN,NaN,NaN,0,0,0.402722075233277,0.484917909715343,33.8851804327399,0.00462564180540892,0.00276279373824884
Light_multipath,3,0,38,20270109,4.10847757523453,2.8424679218258,4.10847757523453,4.10847757523453,4.10847757523453,1.10847757523453,-0.157532078174203,1.10847757523453,1.10847757523453,1.10847757523453,0,0,0,insufficient_gain,insufficient_gain,v3_insufficient_gain,NaN,NaN,NaN,NaN,0,0,0.382055609826138,0.199661898284375,31.9163846222648,0.00419373571413306,0.0025914954584203
Light_multipath,3,0,39,20270109,4.32431644032675,4.21922016701764,4.32431644032675,4.32431644032675,4.32431644032675,1.32431644032675,1.21922016701764,1.32431644032675,1.32431644032675,1.32431644032675,0,0,0,insufficient_gain,insufficient_gain,v3_insufficient_gain,NaN,NaN,NaN,NaN,0,0,0.155183947835155,0.0220510534394715,41.0766583477962,0.00210420338468253,0.0017776647963994
Light_multipath,3,0,40,20270109,4.18687723429951,3.11772612824847,4.18687723429951,4.18687723429951,4.18687723429951,1.18687723429951,0.117726128248471,1.18687723429951,1.18687723429951,1.18687723429951,0,0,0,insufficient_gain,insufficient_gain,v3_insufficient_gain,NaN,NaN,NaN,NaN,0,0,0.442007386478937,0.255334416505972,21.6977001405653,0.00234305717771033,0.00130740859821987
Light_multipath,3,0,41,20270109,4.26409511716242,3.4021501150659,3.4021501150659,3.4021501150659,3.91279262144041,1.26409511716242,0.402150115065901,0.402150115065901,0.402150115065901,0.912792621440408,1,1,1,two_path_selected,stable_two_path_selected,soft_two_path_correction,0.0531338978196535,0.683839359608164,8.18817373375863,0.683839359608164,0.407569502540807,0.407569502540807,0.625302447043643,0.136844899828879,38.4156097697035,0.00657713441568086,0.00246443617102066
Light_multipath,3,0,42,20270109,4.15889501329167,4.30723641755877,4.15889501329167,4.15889501329167,4.15889501329167,1.15889501329167,1.30723641755877,1.15889501329167,1.15889501329167,1.15889501329167,0,0,0,insufficient_gain,insufficient_gain,v3_insufficient_gain,NaN,NaN,NaN,NaN,0,0,0.423479569513388,0.0441130845490311,36.7330581856419,0.00292233776794903,0.00168478742800526
Light_multipath,3,0,43,20270109,4.29428561187485,2.78550320998418,2.78550320998418,4.29428561187485,3.93711885407929,1.29428561187485,-0.21449679001582,-0.21449679001582,1.29428561187485,0.937118854079289,1,0,1,two_path_selected,unstable_split_fit,soft_two_path_correction,0.0529559510842306,1.97064205310791,7.24025030483946,1.97064205310791,0.236725161526266,0.236725161526266,0.603815751592235,0.249898269034866,30.039226014378,0.00217850428057864,0.000863089081054147
Light_multipath,3,0,44,20270109,4.27708738033205,4.08686633173555,4.27708738033205,4.27708738033205,4.27708738033205,1.27708738033205,1.08686633173555,1.27708738033205,1.27708738033205,1.27708738033205,0,0,0,insufficient_gain,insufficient_gain,v3_insufficient_gain,NaN,NaN,NaN,NaN,0,0,0.363374855928959,0.135873296255998,18.9083022956852,0.00310773478946724,0.00197846210807917
Light_multipath,3,0,45,20270109,4.13904219723999,1.14024249782399,4.13904219723999,4.13904219723999,4.13904219723999,1.13904219723999,-1.85975750217601,1.13904219723999,1.13904219723999,1.13904219723999,0,0,0,excessive_shift,excessive_shift,v3_excessive_shift,NaN,NaN,NaN,NaN,0,0,0.610993558275339,0.534408876097689,32.0134346117314,0.00450547641594934,0.00175265934884283
Light_multipath,3,0,46,20270109,3.96994762988161,2.94872780289651,3.96994762988161,3.96994762988161,3.96994762988161,0.969947629881615,-0.0512721971034917,0.969947629881615,0.969947629881615,0.969947629881615,0,0,0,insufficient_gain,insufficient_gain,v3_insufficient_gain,NaN,NaN,NaN,NaN,0,0,0.441002651154303,0.444795459808735,16.4885122803188,0.00389515820331754,0.00217738310898907
Light_multipath,3,0,47,20270109,4.07627710296098,3.29038258658486,4.07627710296098,4.07627710296098,4.07627710296098,1.07627710296098,0.290382586584856,1.07627710296098,1.07627710296098,1.07627710296098,0,0,0,insufficient_gain,insufficient_gain,v3_insufficient_gain,NaN,NaN,NaN,NaN,0,0,0.389958616555586,0.151958048515031,28.1637219777751,0.00416938452865923,0.00254349710597501
Light_multipath,3,0,48,20270109,4.44996962589584,4.45229396151019,4.44996962589584,4.44996962589584,4.44996962589584,1.44996962589584,1.45229396151019,1.44996962589584,1.44996962589584,1.44996962589584,0,0,0,candidate_invalid,candidate_invalid,v3_candidate_invalid,NaN,NaN,NaN,NaN,0,0,0.000219963518564887,0.0197712710770552,5.38917287237872,0.00249239669028412,0.00249184845393846
Light_multipath,3,0,49,20270109,4.36893544161577,3.99782523555168,4.36893544161577,4.36893544161577,4.36893544161577,1.36893544161577,0.997825235551682,1.36893544161577,1.36893544161577,1.36893544161577,0,0,0,insufficient_gain,insufficient_gain,v3_insufficient_gain,NaN,NaN,NaN,NaN,0,0,0.403880265593033,0.0582713246032458,45.2084294661788,0.00388736952861102,0.00231733769093734
Light_multipath,3,0,50,20270109,4.16380327993889,3.52039269582898,4.16380327993889,4.16380327993889,4.16380327993889,1.16380327993889,0.520392695828976,1.16380327993889,1.16380327993889,1.16380327993889,0,0,0,insufficient_gain,insufficient_gain,v3_insufficient_gain,NaN,NaN,NaN,NaN,0,0,0.41633751553759,0.131645868371438,26.4566314769912,0.00265904909541193,0.00155198720133565
Light_multipath,5,0,1,20270109,6.20900882247683,5.81463199483288,6.20900882247683,6.20900882247683,6.20900882247683,1.20900882247683,0.814631994832883,1.20900882247683,1.20900882247683,1.20900882247683,0,0,0,insufficient_gain,insufficient_gain,v3_insufficient_gain,NaN,NaN,NaN,NaN,0,0,0.321725616357011,0.0826448314547983,32.2515024013182,0.00570992666257064,0.00387289698770177
Light_multipath,5,0,2,20270109,6.2467053625814,6.25095964841767,6.2467053625814,6.2467053625814,6.2467053625814,1.2467053625814,1.25095964841767,1.2467053625814,1.2467053625814,1.2467053625814,0,0,0,candidate_invalid,candidate_invalid,v3_candidate_invalid,NaN,NaN,NaN,NaN,0,0,3.97795034453443e-13,6.40277915646764e-13,58.3612112592004,0.00279094239109989,0.00279094239109878
Light_multipath,5,0,3,20270109,6.23748123047753,6.87431141841715,6.23748123047753,6.23748123047753,6.23748123047753,1.23748123047753,1.87431141841715,1.23748123047753,1.23748123047753,1.23748123047753,0,0,0,insufficient_gain,insufficient_gain,v3_insufficient_gain,NaN,NaN,NaN,NaN,0,0,0.0331249949310768,0.210322042901966,9.16716543869208,0.00312364993021763,0.00302017904211271
Light_multipath,5,0,4,20270109,6.35130869738488,5.69558412614352,6.35130869738488,6.35130869738488,6.35130869738488,1.35130869738488,0.695584126143522,1.35130869738488,1.35130869738488,1.35130869738488,0,0,0,insufficient_gain,insufficient_gain,v3_insufficient_gain,NaN,NaN,NaN,NaN,0,0,0.537613228133252,0.10029502777552,45.4912675930694,0.00607682220028538,0.00280984220039815
Light_multipath,5,0,5,20270109,6.18996443177969,4.55901504546134,6.18996443177969,6.18996443177969,6.18996443177969,1.18996443177969,-0.440984954538663,1.18996443177969,1.18996443177969,1.18996443177969,0,0,0,insufficient_gain,insufficient_gain,v3_insufficient_gain,NaN,NaN,NaN,NaN,0,0,0.36362177040822,0.243974164186328,33.6648816582299,0.00313088500435432,0.00199242705612646
Light_multipath,5,0,6,20270109,6.21374991851167,4.18749963336245,4.18749963336245,6.21374991851167,5.15279879018038,1.21374991851167,-0.812500366637551,-0.812500366637551,1.21374991851167,0.152798790180376,1,0,1,two_path_selected,unstable_split_fit,soft_two_path_correction,0.0506139770070658,1.39282043307653,12.0803614431603,1.39282043307653,0.523603197545342,0.523603197545342,0.701978105016923,0.372163332534673,29.915124741421,0.00459853037772628,0.00137046273730723
Light_multipath,5,0,7,20270109,6.20791822249789,5.03605852665126,6.20791822249789,6.20791822249789,6.20791822249789,1.20791822249789,0.0360585266512565,1.20791822249789,1.20791822249789,1.20791822249789,0,0,0,insufficient_gain,insufficient_gain,v3_insufficient_gain,NaN,NaN,NaN,NaN,0,0,0.488939846302908,0.241685211645721,24.711266390827,0.0027255419382175,0.00139291588185331
Light_multipath,5,0,8,20270109,6.4856832864722,5.96130451591136,6.4856832864722,6.4856832864722,6.4856832864722,1.4856832864722,0.961304515911356,1.4856832864722,1.4856832864722,1.4856832864722,0,0,0,insufficient_gain,insufficient_gain,v3_insufficient_gain,NaN,NaN,NaN,NaN,0,0,0.0237356654863336,0.155561720368325,14.7839622540836,0.00255044234500823,0.00248990589866493
Light_multipath,5,0,9,20270109,6.23736601637808,5.25296612800205,6.23736601637808,6.23736601637808,6.23736601637808,1.23736601637808,0.252966128002054,1.23736601637808,1.23736601637808,1.23736601637808,0,0,0,insufficient_gain,insufficient_gain,v3_insufficient_gain,NaN,NaN,NaN,NaN,0,0,0.30205904576429,0.154867817455331,33.024067031035,0.00486404745608082,0.00339481792294483
Light_multipath,5,0,10,20270109,6.18431098334061,7.08128886761308,6.18431098334061,6.18431098334061,6.18431098334061,1.18431098334061,2.08128886761308,1.18431098334061,1.18431098334061,1.18431098334061,0,0,0,insufficient_gain,insufficient_gain,v3_insufficient_gain,NaN,NaN,NaN,NaN,0,0,0.453538276408064,0.286604813473724,12.213823532515,0.00429335131766972,0.00234615216103951
Light_multipath,5,0,11,20270109,6.39140522199301,7.48010831209104,7.48010831209104,6.39140522199301,6.78316905948645,1.39140522199301,2.48010831209104,2.48010831209104,1.39140522199301,1.78316905948645,1,0,1,two_path_selected,unstable_split_fit,soft_two_path_correction,0.051657043935934,1.39942986241328,8.60636196540199,1.39942986241328,0.359844516890428,0.359844516890428,0.634407301770591,0.235719170352807,17.0502278850078,0.00396893009250832,0.00145101186160401
Light_multipath,5,0,12,20270109,6.06537843659409,6.48104102161707,6.06537843659409,6.06537843659409,6.06537843659409,1.06537843659409,1.48104102161707,1.06537843659409,1.06537843659409,1.06537843659409,0,0,0,insufficient_gain,insufficient_gain,v3_insufficient_gain,NaN,NaN,NaN,NaN,0,0,0.13055472131867,0.195050960858263,10.5002516485736,0.00288722809428421,0.0025102868350515
Light_multipath,5,0,13,20270109,6.11905779179736,3.12269729148175,6.11905779179736,6.11905779179736,6.11905779179736,1.11905779179736,-1.87730270851825,1.11905779179736,1.11905779179736,1.11905779179736,0,0,0,insufficient_gain,insufficient_gain,v3_insufficient_gain,NaN,NaN,NaN,NaN,0,0,0.370958257665717,0.469298697828031,34.884848236852,0.00364153938462897,0.00229068027928592
Light_multipath,5,0,14,20270109,6.19796464490911,5.69020023984547,6.19796464490911,6.19796464490911,6.19796464490911,1.19796464490911,0.690200239845467,1.19796464490911,1.19796464490911,1.19796464490911,0,0,0,insufficient_gain,insufficient_gain,v3_insufficient_gain,NaN,NaN,NaN,NaN,0,0,0.314496070337496,0.245330994490906,14.7377418061702,0.00203467939707891,0.00139478072230093
Light_multipath,5,0,15,20270109,6.39618587011343,6.86442642950527,6.39618587011343,6.39618587011343,6.39618587011343,1.39618587011343,1.86442642950527,1.39618587011343,1.39618587011343,1.39618587011343,0,0,0,insufficient_gain,insufficient_gain,v3_insufficient_gain,NaN,NaN,NaN,NaN,0,0,0.380553145464851,0.193816559272137,13.3589041278229,0.0025474324025323,0.00157799898888955
Light_multipath,5,0,16,20270109,6.18168397082768,5.30526769218811,6.18168397082768,6.18168397082768,6.18168397082768,1.18168397082768,0.30526769218811,1.18168397082768,1.18168397082768,1.18168397082768,0,0,0,insufficient_gain,insufficient_gain,v3_insufficient_gain,NaN,NaN,NaN,NaN,0,0,0.487625936336722,0.125755805942459,37.2240934054222,0.00346856004361618,0.0017772002046077
Light_multipath,5,0,17,20270109,6.19980695377649,5.91529494690435,6.19980695377649,6.19980695377649,6.19980695377649,1.19980695377649,0.915294946904353,1.19980695377649,1.19980695377649,1.19980695377649,0,0,0,insufficient_gain,insufficient_gain,v3_insufficient_gain,NaN,NaN,NaN,NaN,0,0,0.110326447430054,0.0395623928755402,37.9904317337095,0.00174319380952959,0.00155087342934213
Light_multipath,5,0,18,20270109,6.28503460941022,5.4347508539111,5.4347508539111,5.4347508539111,5.70192753861405,1.28503460941022,0.434750853911103,0.434750853911103,0.434750853911103,0.701927538614052,1,1,1,two_path_selected,stable_two_path_selected,soft_two_path_correction,0.0509988502483207,0.285861936323549,13.2612795501394,0.285861936323549,0.685779384852395,0.685779384852395,0.721977739033124,0.126114804209536,35.9914160410264,0.0026939510846169,0.000748978371479359
Light_multipath,5,0,19,20270109,6.34233658158095,6.16686106541248,6.34233658158095,6.34233658158095,6.34233658158095,1.34233658158095,1.16686106541248,1.34233658158095,1.34233658158095,1.34233658158095,0,0,0,insufficient_gain,insufficient_gain,v3_insufficient_gain,NaN,NaN,NaN,NaN,0,0,0.0833890554018134,0.0238755950981855,40.8838761916368,0.00278604153155171,0.00255371615992539
Light_multipath,5,0,20,20270109,6.23260318369278,5.24723988505006,6.23260318369278,6.23260318369278,6.23260318369278,1.23260318369278,0.247239885050062,1.23260318369278,1.23260318369278,1.23260318369278,0,0,0,insufficient_gain,insufficient_gain,v3_insufficient_gain,NaN,NaN,NaN,NaN,0,0,0.412507016787299,0.198681052949506,24.9302355172154,0.00267630864752477,0.00157231255133228
Light_multipath,5,0,21,20270109,6.27936742622931,6.3052193376785,6.27936742622931,6.27936742622931,6.27936742622931,1.27936742622931,1.3052193376785,1.27936742622931,1.27936742622931,1.27936742622931,0,0,0,candidate_invalid,candidate_invalid,v3_candidate_invalid,NaN,NaN,NaN,NaN,0,0,0.112003197301963,0.0187333731435878,51.5456327281789,0.00520127566596651,0.00461871616132936
Light_multipath,5,0,22,20270109,6.08701274766838,4.5408368248942,6.08701274766838,6.08701274766838,6.08701274766838,1.08701274766838,-0.459163175105802,1.08701274766838,1.08701274766838,1.08701274766838,0,0,0,insufficient_gain,insufficient_gain,v3_insufficient_gain,NaN,NaN,NaN,NaN,0,0,0.397717314759699,0.228039344678418,34.1597420307475,0.00419232442744244,0.00252496441355854
Light_multipath,5,0,23,20270109,6.23569496692541,3.69117080126449,6.23569496692541,6.23569496692541,6.23569496692541,1.23569496692541,-1.30882919873551,1.23569496692541,1.23569496692541,1.23569496692541,0,0,0,insufficient_gain,insufficient_gain,v3_insufficient_gain,NaN,NaN,NaN,NaN,0,0,0.571246908707,0.406020914553341,33.4034620210239,0.00337325323814186,0.00144629275356745
Light_multipath,5,0,24,20270109,6.26485397425903,5.7690946602719,6.26485397425903,6.26485397425903,6.26485397425903,1.26485397425903,0.769094660271904,1.26485397425903,1.26485397425903,1.26485397425903,0,0,0,insufficient_gain,insufficient_gain,v3_insufficient_gain,NaN,NaN,NaN,NaN,0,0,0.177020746541966,0.0703762632314168,38.8876066945624,0.00361491113176293,0.0029749968645354
Light_multipath,5,0,25,20270109,6.01889578175881,6.18381468309811,6.01889578175881,6.01889578175881,6.01889578175881,1.01889578175881,1.18381468309811,1.01889578175881,1.01889578175881,1.01889578175881,0,0,0,insufficient_gain,insufficient_gain,v3_insufficient_gain,NaN,NaN,NaN,NaN,0,0,0.386124829506335,0.0702592580471018,27.8610525678978,0.00397990374564849,0.00244316409040835
Light_multipath,5,0,26,20270109,6.28414878771384,6.21710851514702,6.28414878771384,6.28414878771384,6.28414878771384,1.28414878771384,1.21710851514702,1.28414878771384,1.28414878771384,1.28414878771384,0,0,0,insufficient_gain,insufficient_gain,v3_insufficient_gain,NaN,NaN,NaN,NaN,0,0,0.25554608519034,0.12289273592571,20.5725681318988,0.00595041219519898,0.00442980765344703
Light_multipath,5,0,27,20270109,6.22935853002028,6.19446394954445,6.22935853002028,6.22935853002028,6.22935853002028,1.22935853002028,1.19446394954445,1.22935853002028,1.22935853002028,1.22935853002028,0,0,0,insufficient_gain,insufficient_gain,v3_insufficient_gain,NaN,NaN,NaN,NaN,0,0,0.59088576902109,0.0423395259290396,73.4202855201618,0.00613351217775593,0.0025093071178024
Light_multipath,5,0,28,20270109,5.90061942796565,4.9086337039719,4.9086337039719,5.90061942796565,5.39479345042304,0.900619427965655,-0.0913662960280988,-0.0913662960280988,0.900619427965655,0.394793450423036,1,0,1,two_path_selected,unstable_split_fit,soft_two_path_correction,0.0515404495705539,0.773250852841473,9.77014350691315,0.773250852841473,0.509912557517616,0.509912557517616,0.658597501194111,0.148400754084217,37.8230489889891,0.00510371057454062,0.00174241954333021
Light_multipath,5,0,29,20270109,6.17387573594852,5.41141324127177,6.17387573594852,6.17387573594852,6.17387573594852,1.17387573594852,0.411413241271774,1.17387573594852,1.17387573594852,1.17387573594852,0,0,0,insufficient_gain,insufficient_gain,v3_insufficient_gain,NaN,NaN,NaN,NaN,0,0,0.400697630278912,0.121275542670049,35.0712800386986,0.00548280233879894,0.00328585643435453
Light_multipath,5,0,30,20270109,6.38792909396809,6.13912602427159,6.13912602427159,6.38792909396809,6.29998740205316,1.38792909396809,1.13912602427159,1.13912602427159,1.38792909396809,1.29998740205316,1,0,1,two_path_selected,unstable_split_fit,soft_two_path_correction,0.0537213310228409,2.995477642527,11.6991063061115,2.995477642527,0.353459030960545,0.353459030960545,0.695218925706568,0.374681873791697,13.9344388190149,0.0038471159755753,0.00117252813996727
Light_multipath,5,0,31,20270109,6.20709520609579,6.22108783950326,6.20709520609579,6.20709520609579,6.20709520609579,1.20709520609579,1.22108783950326,1.20709520609579,1.20709520609579,1.20709520609579,0,0,0,weak_echo,weak_echo,v3_weak_echo,NaN,NaN,NaN,NaN,0,0,0.746011283352109,0.0335363968560495,66.7388504699498,0.00313979460218494,0.000797472401546928
Light_multipath,5,0,32,20270109,6.17462790552491,6.07644780049865,6.17462790552491,6.17462790552491,6.17462790552491,1.17462790552491,1.07644780049865,1.17462790552491,1.17462790552491,1.17462790552491,0,0,0,insufficient_gain,insufficient_gain,v3_insufficient_gain,NaN,NaN,NaN,NaN,0,0,0.284363203727502,0.0273346376503438,40.2891089686497,0.00223496787973088,0.00159942525322254
Light_multipath,5,0,33,20270109,6.17009555978355,5.30745832146349,6.17009555978355,6.17009555978355,6.17009555978355,1.17009555978355,0.307458321463488,1.17009555978355,1.17009555978355,1.17009555978355,0,0,0,insufficient_gain,insufficient_gain,v3_insufficient_gain,NaN,NaN,NaN,NaN,0,0,0.480998336497939,0.122636440441598,41.0222445643704,0.00609600342265382,0.00316383591707159
Light_multipath,5,0,34,20270109,6.36771591949508,4.93117985899704,6.36771591949508,6.36771591949508,6.36771591949508,1.36771591949508,-0.0688201410029592,1.36771591949508,1.36771591949508,1.36771591949508,0,0,0,insufficient_gain,insufficient_gain,v3_insufficient_gain,NaN,NaN,NaN,NaN,0,0,0.595490029395725,0.276933158356451,26.8825023038302,0.00294289704585049,0.00119043119750839
Light_multipath,5,0,35,20270109,6.35602135729625,6.2850026548753,6.35602135729625,6.35602135729625,6.35602135729625,1.35602135729625,1.2850026548753,1.35602135729625,1.35602135729625,1.35602135729625,0,0,0,insufficient_gain,insufficient_gain,v3_insufficient_gain,NaN,NaN,NaN,NaN,0,0,0.57673109099926,0.029452856772045,64.4782318039375,0.00277003981014734,0.00117247172832968
Light_multipath,5,0,36,20270109,6.2381225298397,5.22366120079693,6.2381225298397,6.2381225298397,6.2381225298397,1.2381225298397,0.223661200796926,1.2381225298397,1.2381225298397,1.2381225298397,0,0,0,insufficient_gain,insufficient_gain,v3_insufficient_gain,NaN,NaN,NaN,NaN,0,0,0.293013358522942,0.179820215473034,26.9734470735737,0.00247963011754737,0.00175306536891018
Light_multipath,5,0,37,20270109,6.2831663468915,3.33785821096276,6.2831663468915,6.2831663468915,6.2831663468915,1.2831663468915,-1.66214178903724,1.2831663468915,1.2831663468915,1.2831663468915,0,0,0,excessive_shift,excessive_shift,v3_excessive_shift,NaN,NaN,NaN,NaN,0,0,0.608325671493526,0.465385696181377,35.7449962027239,0.00577181579134045,0.00226067207433633
Light_multipath,5,0,38,20270109,6.21666329718569,6.28412152614166,6.21666329718569,6.21666329718569,6.21666329718569,1.21666329718569,1.28412152614166,1.21666329718569,1.21666329718569,1.21666329718569,0,0,0,insufficient_gain,insufficient_gain,v3_insufficient_gain,NaN,NaN,NaN,NaN,0,0,0.242973471597863,0.110811768824437,16.0332018534069,0.00229177693845406,0.00173493593958995
Light_multipath,5,0,39,20270109,6.25700155747278,7.34986820840156,6.25700155747278,6.25700155747278,6.25700155747278,1.25700155747278,2.34986820840156,1.25700155747278,1.25700155747278,1.25700155747278,0,0,0,insufficient_gain,insufficient_gain,v3_insufficient_gain,NaN,NaN,NaN,NaN,0,0,0.423210362217155,0.228249473144627,16.5402397848575,0.00391382063305623,0.00225745118528753
Light_multipath,5,0,40,20270109,6.12962011882501,4.85881288205721,6.12962011882501,6.12962011882501,6.12962011882501,1.12962011882501,-0.141187117942787,1.12962011882501,1.12962011882501,1.12962011882501,0,0,0,insufficient_gain,insufficient_gain,v3_insufficient_gain,NaN,NaN,NaN,NaN,0,0,0.445970574598957,0.235774429415312,28.4955079142515,0.00499629163111637,0.00276809258152344
Light_multipath,5,0,41,20270109,6.32216824349244,6.35471569943388,6.32216824349244,6.32216824349244,6.32216824349244,1.32216824349244,1.35471569943388,1.32216824349244,1.32216824349244,1.32216824349244,0,0,0,insufficient_gain,insufficient_gain,v3_insufficient_gain,NaN,NaN,NaN,NaN,0,0,0.414676667550977,0.0213254052686699,95.9078819720599,0.0021906734733641,0.00128225229773715
Light_multipath,5,0,42,20270109,6.18179029616384,6.09059590795372,6.18179029616384,6.18179029616384,6.18179029616384,1.18179029616384,1.09059590795372,1.18179029616384,1.18179029616384,1.18179029616384,0,0,0,insufficient_gain,insufficient_gain,v3_insufficient_gain,NaN,NaN,NaN,NaN,0,0,0.135418807006681,0.0253336249542099,34.0410914949493,0.00246525950407372,0.00213141700307018
Light_multipath,5,0,43,20270109,6.41511778314963,6.43062644100851,6.41511778314963,6.41511778314963,6.41511778314963,1.41511778314963,1.43062644100851,1.41511778314963,1.41511778314963,1.41511778314963,0,0,0,candidate_invalid,candidate_invalid,v3_candidate_invalid,NaN,NaN,NaN,NaN,0,0,0.269194688221631,0.0162639455071448,92.6078790439713,0.00259095116822827,0.00189348087629959
Light_multipath,5,0,44,20270109,6.41056115998184,6.10295380000028,6.41056115998184,6.41056115998184,6.41056115998184,1.41056115998184,1.10295380000028,1.41056115998184,1.41056115998184,1.41056115998184,0,0,0,insufficient_gain,insufficient_gain,v3_insufficient_gain,NaN,NaN,NaN,NaN,0,0,0.305611479908686,0.0673380825236169,30.7651484797782,0.00339389481143715,0.00235668159545943
Light_multipath,5,0,45,20270109,6.13200543434696,5.90603130066407,6.13200543434696,6.13200543434696,6.13200543434696,1.13200543434696,0.906031300664072,1.13200543434696,1.13200543434696,1.13200543434696,0,0,0,insufficient_gain,insufficient_gain,v3_insufficient_gain,NaN,NaN,NaN,NaN,0,0,0.565428305457449,0.0566903075996446,42.2477253088879,0.00482621072442924,0.00209733457273464
Light_multipath,5,0,46,20270109,6.1098359635616,6.2083955224607,6.1098359635616,6.1098359635616,6.1098359635616,1.1098359635616,1.2083955224607,1.1098359635616,1.1098359635616,1.1098359635616,0,0,0,insufficient_gain,insufficient_gain,v3_insufficient_gain,NaN,NaN,NaN,NaN,0,0,0.00952308010381738,0.0784164833591564,8.94250657805754,0.00254507668586834,0.00252083971671846
Light_multipath,5,0,47,20270109,6.40957707444619,5.78995944515707,6.40957707444619,6.40957707444619,6.40957707444619,1.40957707444619,0.789959445157072,1.40957707444619,1.40957707444619,1.40957707444619,0,0,0,insufficient_gain,insufficient_gain,v3_insufficient_gain,NaN,NaN,NaN,NaN,0,0,0.226800960115435,0.0813341731193346,39.1967732419689,0.00298780561942391,0.00231016843630028
Light_multipath,5,0,48,20270109,6.20924129807768,6.20647682011709,6.20924129807768,6.20924129807768,6.20924129807768,1.20924129807768,1.20647682011709,1.20924129807768,1.20924129807768,1.20924129807768,0,0,0,insufficient_gain,insufficient_gain,v3_insufficient_gain,NaN,NaN,NaN,NaN,0,0,0.43762739995425,0.0245907822196251,86.4511775910786,0.0025272207879079,0.00142123972538544
Light_multipath,5,0,49,20270109,6.18275476827801,6.12990392254434,6.18275476827801,6.18275476827801,6.18275476827801,1.18275476827801,1.12990392254434,1.18275476827801,1.18275476827801,1.18275476827801,0,0,0,insufficient_gain,insufficient_gain,v3_insufficient_gain,NaN,NaN,NaN,NaN,0,0,0.306810056752009,0.121844177095148,17.8257370741367,0.00295339736883582,0.00204726535449207
Light_multipath,5,0,50,20270109,6.34635267690129,5.93565579044381,6.34635267690129,6.34635267690129,6.34635267690129,1.34635267690129,0.935655790443807,1.34635267690129,1.34635267690129,1.34635267690129,0,0,0,insufficient_gain,insufficient_gain,v3_insufficient_gain,NaN,NaN,NaN,NaN,0,0,0.161549278702173,0.125386545668853,20.4039834944522,0.00414226170021403,0.00347308231034882
Light_multipath,10,0,1,20270109,11.3847351843805,9.46074602668639,11.3847351843805,11.3847351843805,11.3847351843805,1.38473518438054,-0.539253973313606,1.38473518438054,1.38473518438054,1.38473518438054,0,0,0,insufficient_gain,insufficient_gain,v3_insufficient_gain,NaN,NaN,NaN,NaN,0,0,0.422266148936799,0.27490745556869,37.7445773045407,0.0058061188183185,0.00335439138463767
Light_multipath,10,0,2,20270109,11.4000300119536,11.3581533500577,11.4000300119536,11.4000300119536,11.4000300119536,1.40003001195361,1.35815335005769,1.40003001195361,1.40003001195361,1.40003001195361,0,0,0,insufficient_gain,insufficient_gain,v3_insufficient_gain,NaN,NaN,NaN,NaN,0,0,0.496987613347512,0.0665751123945254,25.2062343155822,0.00199606102507999,0.0010040434201295
Light_multipath,10,0,3,20270109,11.2213829723019,10.765187442686,11.2213829723019,11.2213829723019,11.2213829723019,1.2213829723019,0.765187442685999,1.2213829723019,1.2213829723019,1.2213829723019,0,0,0,insufficient_gain,insufficient_gain,v3_insufficient_gain,NaN,NaN,NaN,NaN,0,0,0.307333626884233,0.0654192239761081,46.0092293010131,0.00573889577455211,0.00397514012184841
Light_multipath,10,0,4,20270109,11.2245497968677,10.7860843350782,11.2245497968677,11.2245497968677,11.2245497968677,1.22454979686774,0.786084335078193,1.22454979686774,1.22454979686774,1.22454979686774,0,0,0,insufficient_gain,insufficient_gain,v3_insufficient_gain,NaN,NaN,NaN,NaN,0,0,0.0960631647541537,0.065476721750394,30.2924217431112,0.00320601360683015,0.00289803379351317
Light_multipath,10,0,5,20270109,11.1292894740539,10.9854561210199,11.1292894740539,11.1292894740539,11.1292894740539,1.12928947405394,0.985456121019936,1.12928947405394,1.12928947405394,1.12928947405394,0,0,0,insufficient_gain,insufficient_gain,v3_insufficient_gain,NaN,NaN,NaN,NaN,0,0,0.420779452147503,0.0408935918743202,45.6486448931164,0.00419137202932141,0.00242772880307718
Light_multipath,10,0,6,20270109,11.3177148661039,10.6578163897035,11.3177148661039,11.3177148661039,11.3177148661039,1.31771486610389,0.657816389703482,1.31771486610389,1.31771486610389,1.31771486610389,0,0,0,insufficient_gain,insufficient_gain,v3_insufficient_gain,NaN,NaN,NaN,NaN,0,0,0.529401174441262,0.102047032599267,37.1730026819731,0.00362809757319416,0.00170737845695768
Light_multipath,10,0,7,20270109,11.4516123788782,8.5567054767001,11.4516123788782,11.4516123788782,11.4516123788782,1.45161237887817,-1.4432945232999,1.45161237887817,1.45161237887817,1.45161237887817,0,0,0,insufficient_gain,insufficient_gain,v3_insufficient_gain,NaN,NaN,NaN,NaN,0,0,0.41255332159922,0.425289514545705,37.4224686801999,0.00559486635531092,0.00328668565652368
Light_multipath,10,0,8,20270109,11.1619400753185,9.14521584546212,11.1619400753185,11.1619400753185,11.1619400753185,1.16194007531847,-0.854784154537878,1.16194007531847,1.16194007531847,1.16194007531847,0,0,0,insufficient_gain,insufficient_gain,v3_insufficient_gain,NaN,NaN,NaN,NaN,0,0,0.252496543101621,0.380557955049318,27.0172710736578,0.00361671526679985,0.00270350716455003
Light_multipath,10,0,9,20270109,11.1659389208585,11.4620394619707,11.1659389208585,11.1659389208585,11.1659389208585,1.16593892085847,1.4620394619707,1.16593892085847,1.16593892085847,1.16593892085847,0,0,0,insufficient_gain,insufficient_gain,v3_insufficient_gain,NaN,NaN,NaN,NaN,0,0,0.434886079873424,0.24667207793063,12.5710124899028,0.00328661334800873,0.00185731095303354
Light_multipath,10,0,10,20270109,11.4734862173854,11.4030241446635,11.4734862173854,11.4734862173854,11.4734862173854,1.47348621738536,1.40302414466349,1.47348621738536,1.47348621738536,1.47348621738536,0,0,0,insufficient_gain,insufficient_gain,v3_insufficient_gain,NaN,NaN,NaN,NaN,0,0,0.561745046360817,0.0371880273402178,74.3190229604125,0.00433040776547045,0.00189782265449501
Light_multipath,10,0,11,20270109,11.2825904133642,8.39184833605854,11.2825904133642,11.2825904133642,11.2825904133642,1.28259041336423,-1.60815166394146,1.28259041336423,1.28259041336423,1.28259041336423,0,0,0,insufficient_gain,insufficient_gain,v3_insufficient_gain,NaN,NaN,NaN,NaN,0,0,0.380203633732,0.522531731330974,30.7791813664919,0.00426079152899517,0.00264082310709668
Light_multipath,10,0,12,20270109,11.3012265929556,10.7337650722734,11.3012265929556,11.3012265929556,11.3012265929556,1.30122659295563,0.733765072273396,1.30122659295563,1.30122659295563,1.30122659295563,0,0,0,insufficient_gain,insufficient_gain,v3_insufficient_gain,NaN,NaN,NaN,NaN,0,0,0.477665731371531,0.0819845751571572,43.4441987157108,0.00383077455666481,0.00200094482633606
Light_multipath,10,0,13,20270109,11.5205950170095,11.0455846108498,11.5205950170095,11.5205950170095,11.5205950170095,1.52059501700951,1.04558461084983,1.52059501700951,1.52059501700951,1.52059501700951,0,0,0,insufficient_gain,insufficient_gain,v3_insufficient_gain,NaN,NaN,NaN,NaN,0,0,0.546821013060643,0.0783188555341942,37.6547005468725,0.00277790890652119,0.00125888994406709
Light_multipath,10,0,14,20270109,11.067562620467,10.6862295264498,11.067562620467,11.067562620467,11.067562620467,1.06756262046701,0.686229526449814,1.06756262046701,1.06756262046701,1.06756262046701,0,0,0,weak_echo,weak_echo,v3_weak_echo,NaN,NaN,NaN,NaN,0,0,0.649632560745616,0.0745192978654386,37.2510754294656,0.00355937729243583,0.00124708990729094
Light_multipath,10,0,15,20270109,11.0149271289959,10.7175398598329,11.0149271289959,11.0149271289959,11.0149271289959,1.01492712899591,0.717539859832858,1.01492712899591,1.01492712899591,1.01492712899591,0,0,0,insufficient_gain,insufficient_gain,v3_insufficient_gain,NaN,NaN,NaN,NaN,0,0,0.263895707158105,0.0424389961173328,39.0380380506946,0.00160774647751061,0.00118346908389699
Light_multipath,10,0,16,20270109,11.2836641540132,11.098673800774,11.2836641540132,11.2836641540132,11.2836641540132,1.2836641540132,1.09867380077403,1.2836641540132,1.2836641540132,1.2836641540132,0,0,0,insufficient_gain,insufficient_gain,v3_insufficient_gain,NaN,NaN,NaN,NaN,0,0,0.397272722807167,0.0432891508452298,49.4126280795333,0.00531228018628283,0.00320185617236368
Light_multipath,10,0,17,20270109,11.2657338489529,10.8832314641434,11.2657338489529,11.2657338489529,11.2657338489529,1.26573384895287,0.883231464143371,1.26573384895287,1.26573384895287,1.26573384895287,0,0,0,insufficient_gain,insufficient_gain,v3_insufficient_gain,NaN,NaN,NaN,NaN,0,0,0.40527692451135,0.0532515854251227,41.5230353710892,0.00199739022059542,0.00118789405494346
Light_multipath,10,0,18,20270109,11.3751474671424,10.4089529580533,11.3751474671424,11.3751474671424,11.3751474671424,1.37514746714237,0.408952958053334,1.37514746714237,1.37514746714237,1.37514746714237,0,0,0,insufficient_gain,insufficient_gain,v3_insufficient_gain,NaN,NaN,NaN,NaN,0,0,0.238235837015795,0.168838845885634,27.4846889400184,0.00339714677720471,0.00258782467127183
Light_multipath,10,0,19,20270109,11.2578276431202,10.6318875002354,11.2578276431202,11.2578276431202,11.2578276431202,1.25782764312021,0.631887500235401,1.25782764312021,1.25782764312021,1.25782764312021,0,0,0,insufficient_gain,insufficient_gain,v3_insufficient_gain,NaN,NaN,NaN,NaN,0,0,0.20369180442309,0.0872281565450795,36.5591361121827,0.00285487083704261,0.00227335704485054
Light_multipath,10,0,20,20270109,11.1709795032932,10.4684752971708,11.1709795032932,11.1709795032932,11.1709795032932,1.17097950329321,0.468475297170805,1.17097950329321,1.17097950329321,1.17097950329321,0,0,0,insufficient_gain,insufficient_gain,v3_insufficient_gain,NaN,NaN,NaN,NaN,0,0,0.257079789848478,0.101979650378417,35.3213011035092,0.00336196689549273,0.00249767315252192
Light_multipath,10,0,21,20270109,11.2668492457449,11.2904795645174,11.2668492457449,11.2668492457449,11.2668492457449,1.26684924574489,1.29047956451742,1.26684924574489,1.26684924574489,1.26684924574489,0,0,0,insufficient_gain,insufficient_gain,v3_insufficient_gain,NaN,NaN,NaN,NaN,0,0,0.518641067625398,0.0343859806806661,39.6516946981124,0.00216060852943079,0.00104002821500626
Light_multipath,10,0,22,20270109,11.1259094019964,8.30271290290362,11.1259094019964,11.1259094019964,11.1259094019964,1.12590940199641,-1.69728709709638,1.12590940199641,1.12590940199641,1.12590940199641,0,0,0,excessive_shift,excessive_shift,v3_excessive_shift,NaN,NaN,NaN,NaN,0,0,0.66431020985883,0.624801300876191,27.4090804060658,0.00363888044331961,0.00122153501236677
Light_multipath,10,0,23,20270109,11.3337872757482,11.3098757538641,11.3337872757482,11.3337872757482,11.3337872757482,1.33378727574821,1.30987575386413,1.33378727574821,1.33378727574821,1.33378727574821,0,0,0,insufficient_gain,insufficient_gain,v3_insufficient_gain,NaN,NaN,NaN,NaN,0,0,0.428675160635153,0.0269034846020972,78.2497529737386,0.00316657612213489,0.00180914359431528
Light_multipath,10,0,24,20270109,11.3179647935353,11.1951982400637,11.3179647935353,11.3179647935353,11.3179647935353,1.31796479353526,1.19519824006372,1.31796479353526,1.31796479353526,1.31796479353526,0,0,0,weak_echo,weak_echo,v3_weak_echo,NaN,NaN,NaN,NaN,0,0,0.709286729539178,0.0338172413979186,59.6667232590641,0.00241667018572667,0.000702558093317762
Light_multipath,10,0,25,20270109,11.2892522743603,9.95898376572691,11.2892522743603,11.2892522743603,11.2892522743603,1.28925227436032,-0.0410162342730871,1.28925227436032,1.28925227436032,1.28925227436032,0,0,0,insufficient_gain,insufficient_gain,v3_insufficient_gain,NaN,NaN,NaN,NaN,0,0,0.342723240649342,0.205200253645408,32.5382677814024,0.00429103209388826,0.00282039566894055
Light_multipath,10,0,26,20270109,11.3216452648749,10.1809793183215,11.3216452648749,11.3216452648749,11.3216452648749,1.32164526487486,0.18097931832153,1.32164526487486,1.32164526487486,1.32164526487486,0,0,0,insufficient_gain,insufficient_gain,v3_insufficient_gain,NaN,NaN,NaN,NaN,0,0,0.220103235379586,0.166682362026502,32.6199403388873,0.00300559312019066,0.00234405235020207
Light_multipath,10,0,27,20270109,11.2938918692117,11.2643966587626,11.2938918692117,11.2938918692117,11.2938918692117,1.29389186921171,1.26439665876256,1.29389186921171,1.29389186921171,1.29389186921171,0,0,0,insufficient_gain,insufficient_gain,v3_insufficient_gain,NaN,NaN,NaN,NaN,0,0,0.426881128969661,0.0370101548595503,51.5596129937546,0.00506812803059686,0.00290463981513289
Light_multipath,10,0,28,20270109,11.4140335108317,10.1991870905319,11.4140335108317,11.4140335108317,11.4140335108317,1.41403351083166,0.199187090531925,1.41403351083166,1.41403351083166,1.41403351083166,0,0,0,insufficient_gain,insufficient_gain,v3_insufficient_gain,NaN,NaN,NaN,NaN,0,0,0.151211353850459,0.237750264574832,23.8936363381504,0.00228148074512102,0.00193649495286752
Light_multipath,10,0,29,20270109,11.2597808955982,10.468842065083,10.468842065083,11.2597808955982,10.9945744850403,1.25978089559818,0.468842065083027,0.468842065083027,1.25978089559818,0.994574485040289,1,0,1,two_path_selected,unstable_split_fit,soft_two_path_correction,0.0518461361260164,0.823847981162199,7.36738855696424,0.823847981162199,0.335305842027197,0.335305842027197,0.606767650962962,0.11820446067202,37.7907561507349,0.0037345076797457,0.00146852922740326
Light_multipath,10,0,30,20270109,11.363979202188,11.1530602489856,11.363979202188,11.363979202188,11.363979202188,1.36397920218797,1.15306024898564,1.36397920218797,1.36397920218797,1.36397920218797,0,0,0,insufficient_gain,insufficient_gain,v3_insufficient_gain,NaN,NaN,NaN,NaN,0,0,0.466112328540268,0.0396596920665191,59.0125933648463,0.00295316455204375,0.00157665814612806
Light_multipath,10,0,31,20270109,11.2184676256777,9.38734785914414,9.38734785914414,11.2184676256777,10.0685812977988,1.21846762567774,-0.612652140855865,-0.612652140855865,1.21846762567774,0.0685812977987652,1,0,1,two_path_selected,unstable_split_fit,soft_two_path_correction,0.0517780489103003,1.37848586442214,15.401128689262,1.37848586442214,0.627968934034153,0.627968934034153,0.754860433598283,0.254379758395193,39.5451031969316,0.00465912425193182,0.00114213569893029
Light_multipath,10,0,32,20270109,11.4555716141185,10.6855685782904,11.4555716141185,11.4555716141185,11.4555716141185,1.45557161411847,0.68556857829036,1.45557161411847,1.45557161411847,1.45557161411847,0,0,0,insufficient_gain,insufficient_gain,v3_insufficient_gain,NaN,NaN,NaN,NaN,0,0,0.587448521173547,0.513663962469878,15.0629960856554,0.00526437482279496,0.00217182561824081
Light_multipath,10,0,33,20270109,11.2209289066713,11.1701864647468,11.2209289066713,11.2209289066713,11.2209289066713,1.22092890667128,1.17018646474678,1.22092890667128,1.22092890667128,1.22092890667128,0,0,0,insufficient_gain,insufficient_gain,v3_insufficient_gain,NaN,NaN,NaN,NaN,0,0,0.293772294078744,0.0200061517398736,66.4161022342551,0.00306943584256802,0.00216772063356929
Light_multipath,10,0,34,20270109,11.209573311559,11.0166888940871,11.209573311559,11.209573311559,11.209573311559,1.209573311559,1.01668889408712,1.209573311559,1.209573311559,1.209573311559,0,0,0,insufficient_gain,insufficient_gain,v3_insufficient_gain,NaN,NaN,NaN,NaN,0,0,0.535372336653793,0.0451873138879628,62.6361247477641,0.00456893401363145,0.00212285313473659
Light_multipath,10,0,35,20270109,11.3184567487784,10.6986325668621,11.3184567487784,11.3184567487784,11.3184567487784,1.31845674877838,0.698632566862116,1.31845674877838,1.31845674877838,1.31845674877838,0,0,0,insufficient_gain,insufficient_gain,v3_insufficient_gain,NaN,NaN,NaN,NaN,0,0,0.0378815907155207,0.157489610143774,15.919707111575,0.00135598145888571,0.00130461472424237
Light_multipath,10,0,36,20270109,11.1222578220172,9.29250327775422,11.1222578220172,11.1222578220172,11.1222578220172,1.12225782201716,-0.707496722245775,1.12225782201716,1.12225782201716,1.12225782201716,0,0,0,insufficient_gain,insufficient_gain,v3_insufficient_gain,NaN,NaN,NaN,NaN,0,0,0.507864119709658,0.305454828009811,30.452311492462,0.00337081203465162,0.00165889754796655
Light_multipath,10,0,37,20270109,11.219142095674,11.5132607104075,11.219142095674,11.219142095674,11.219142095674,1.21914209567399,1.51326071040749,1.21914209567399,1.21914209567399,1.21914209567399,0,0,0,insufficient_gain,insufficient_gain,v3_insufficient_gain,NaN,NaN,NaN,NaN,0,0,0.134380392004186,0.0646175102866028,24.9775319562046,0.004149104510073,0.00359154621954305
Light_multipath,10,0,38,20270109,11.3821558798412,11.2936348736702,11.3821558798412,11.3821558798412,11.3821558798412,1.38215587984119,1.2936348736702,1.38215587984119,1.38215587984119,1.38215587984119,0,0,0,weak_echo,weak_echo,v3_weak_echo,NaN,NaN,NaN,NaN,0,0,0.689321615768865,0.0407298875011164,52.3674266682715,0.00378792114706372,0.0011768252215647
Light_multipath,10,0,39,20270109,11.3056103599105,10.96008548349,11.3056103599105,11.3056103599105,11.3056103599105,1.30561035991052,0.960085483489966,1.30561035991052,1.30561035991052,1.30561035991052,0,0,0,insufficient_gain,insufficient_gain,v3_insufficient_gain,NaN,NaN,NaN,NaN,0,0,0.225187406755542,0.0551018948962277,34.0520023445825,0.0032868446287857,0.00254668861042107
Light_multipath,10,0,40,20270109,11.3100385250191,11.3988941785876,11.3100385250191,11.3100385250191,11.3100385250191,1.3100385250191,1.3988941785876,1.3100385250191,1.3100385250191,1.3100385250191,0,0,0,candidate_invalid,candidate_invalid,v3_candidate_invalid,NaN,NaN,NaN,NaN,0,0,0,0.0823232691903654,5.16830113692786,0.00144884027312209,0.0014511426925321
Light_multipath,10,0,41,20270109,11.1915274240389,11.1195447096182,11.1915274240389,11.1915274240389,11.1915274240389,1.19152742403893,1.11954470961822,1.19152742403893,1.19152742403893,1.19152742403893,0,0,0,insufficient_gain,insufficient_gain,v3_insufficient_gain,NaN,NaN,NaN,NaN,0,0,0.54768366249483,0.022239250421689,52.6721467221123,0.00118713981650531,0.000536962733908242
Light_multipath,10,0,42,20270109,11.1105031462858,10.2470773917175,11.1105031462858,11.1105031462858,11.1105031462858,1.11050314628581,0.247077391717477,1.11050314628581,1.11050314628581,1.11050314628581,0,0,0,insufficient_gain,insufficient_gain,v3_insufficient_gain,NaN,NaN,NaN,NaN,0,0,0.438822814144316,0.12652940761381,42.3506422492752,0.00885355159857082,0.00496841117091407
Light_multipath,10,0,43,20270109,11.1362431058714,10.2208666069526,11.1362431058714,11.1362431058714,11.1362431058714,1.13624310587137,0.220866606952587,1.13624310587137,1.13624310587137,1.13624310587137,0,0,0,insufficient_gain,insufficient_gain,v3_insufficient_gain,NaN,NaN,NaN,NaN,0,0,0.302575120007498,0.149114052173931,30.8389553981227,0.00454918278465155,0.00317271325764956
Light_multipath,10,0,44,20270109,11.3762897872227,9.8066870206727,11.3762897872227,11.3762897872227,11.3762897872227,1.37628978722267,-0.193312979327299,1.37628978722267,1.37628978722267,1.37628978722267,0,0,0,insufficient_gain,insufficient_gain,v3_insufficient_gain,NaN,NaN,NaN,NaN,0,0,0.217208424631172,0.233088543640533,33.0593897423346,0.00437236154441734,0.00342264778143653
Light_multipath,10,0,45,20270109,11.1908974900245,10.1526005447954,11.1908974900245,11.1908974900245,11.1908974900245,1.19089749002449,0.152600544795394,1.19089749002449,1.19089749002449,1.19089749002449,0,0,0,insufficient_gain,insufficient_gain,v3_insufficient_gain,NaN,NaN,NaN,NaN,0,0,0.473678688560611,0.153282564507885,35.4904114431731,0.00410687968275614,0.00216153830055199
Light_multipath,10,0,46,20270109,11.2745811113108,10.6100420418531,11.2745811113108,11.2745811113108,11.2745811113108,1.27458111131077,0.610042041853067,1.27458111131077,1.27458111131077,1.27458111131077,0,0,0,insufficient_gain,insufficient_gain,v3_insufficient_gain,NaN,NaN,NaN,NaN,0,0,0.496682844528105,0.103500782941502,36.0418759966703,0.0035797074552304,0.0018017281737881
Light_multipath,10,0,47,20270109,11.3586587767704,11.3498037868359,11.3586587767704,11.3586587767704,11.3586587767704,1.35865877677045,1.34980378683592,1.35865877677045,1.35865877677045,1.35865877677045,0,0,0,insufficient_gain,insufficient_gain,v3_insufficient_gain,NaN,NaN,NaN,NaN,0,0,0.491933124271145,0.0250616691613195,85.5336109918224,0.00235937509459139,0.00119872033298152
Light_multipath,10,0,48,20270109,11.0596857861323,8.85213132142698,8.85213132142698,11.0596857861323,10.1187716658008,1.05968578613227,-1.14786867857302,-1.14786867857302,1.05968578613227,0.118771665800754,1,0,1,two_path_selected,unstable_split_fit,soft_two_path_correction,0.0527026680189959,0.810238269613349,8.56436428005531,0.810238269613349,0.426224646039312,0.426224646039312,0.633503005979315,0.348433214933279,35.8185507363578,0.00966714246722611,0.00354297865500808
Light_multipath,10,0,49,20270109,11.3096084739403,11.4555840755885,11.3096084739403,11.3096084739403,11.3096084739403,1.30960847394026,1.45558407558851,1.30960847394026,1.30960847394026,1.30960847394026,0,0,0,insufficient_gain,insufficient_gain,v3_insufficient_gain,NaN,NaN,NaN,NaN,0,0,0.0869410036355084,0.035562265864141,27.1689558792445,0.00298213755323684,0.00272286752137929
Light_multipath,10,0,50,20270109,11.3543285158045,12.0320178371068,11.3543285158045,11.3543285158045,11.3543285158045,1.35432851580446,2.03201783710684,1.35432851580446,1.35432851580446,1.35432851580446,0,0,0,insufficient_gain,insufficient_gain,v3_insufficient_gain,NaN,NaN,NaN,NaN,0,0,0.122476456990029,0.21467084617978,11.7351561587005,0.00459208151380031,0.00402965963978064
Light_multipath,15,0,1,20270109,16.1737374650852,16.6045293711967,16.1737374650852,16.1737374650852,16.1737374650852,1.17373746508522,1.60452937119669,1.17373746508522,1.17373746508522,1.17373746508522,0,0,0,insufficient_gain,insufficient_gain,v3_insufficient_gain,NaN,NaN,NaN,NaN,0,0,0.295613927663875,0.128636101552404,20.3626787905519,0.00526627428373749,0.00370949025856659
Light_multipath,15,0,2,20270109,16.2455308878511,15.7812631346837,16.2455308878511,16.2455308878511,16.2455308878511,1.24553088785112,0.781263134683652,1.24553088785112,1.24553088785112,1.24553088785112,0,0,0,insufficient_gain,insufficient_gain,v3_insufficient_gain,NaN,NaN,NaN,NaN,0,0,0.0139512637590687,0.237791832071286,8.52400679526263,0.00333908266300509,0.00329249824006017
Light_multipath,15,0,3,20270109,16.0621041091066,15.5521816710675,16.0621041091066,16.0621041091066,16.0621041091066,1.06210410910658,0.552181671067487,1.06210410910658,1.06210410910658,1.06210410910658,0,0,0,insufficient_gain,insufficient_gain,v3_insufficient_gain,NaN,NaN,NaN,NaN,0,0,0.141368460663757,0.092574116173026,25.6840002915991,0.00371384039467726,0.00318882049493086
Light_multipath,15,0,4,20270109,16.2221217423348,16.1724039416365,16.2221217423348,16.2221217423348,16.2221217423348,1.22212174233481,1.17240394163645,1.22212174233481,1.22212174233481,1.22212174233481,0,0,0,insufficient_gain,insufficient_gain,v3_insufficient_gain,NaN,NaN,NaN,NaN,0,0,0.378593116685392,0.0366561594085774,74.939064927202,0.00652556002550897,0.00405502791733392
Light_multipath,15,0,5,20270109,16.1967959671657,15.3791463322956,16.1967959671657,16.1967959671657,16.1967959671657,1.19679596716568,0.379146332295633,1.19679596716568,1.19679596716568,1.19679596716568,0,0,0,insufficient_gain,insufficient_gain,v3_insufficient_gain,NaN,NaN,NaN,NaN,0,0,0.259665992325812,0.124178241780032,32.9420527237882,0.00410821057698851,0.00304144800083139
Light_multipath,15,0,6,20270109,16.3281839450462,15.4878445889141,16.3281839450462,16.3281839450462,16.3281839450462,1.32818394504617,0.487844588914074,1.32818394504617,1.32818394504617,1.32818394504617,0,0,0,insufficient_gain,insufficient_gain,v3_insufficient_gain,NaN,NaN,NaN,NaN,0,0,0.45264657160741,0.147707454846112,27.9486079992929,0.00211677065603011,0.00115862167569891
Light_multipath,15,0,7,20270109,16.2403463847609,15.3828860146644,16.2403463847609,16.2403463847609,16.2403463847609,1.2403463847609,0.382886014664386,1.2403463847609,1.2403463847609,1.2403463847609,0,0,0,insufficient_gain,insufficient_gain,v3_insufficient_gain,NaN,NaN,NaN,NaN,0,0,0.532200977742696,0.320250362785994,17.9866737040136,0.00313494672427028,0.00146652501244238
Light_multipath,15,0,8,20270109,16.3965226922375,15.1736161487972,16.3965226922375,16.3965226922375,16.3965226922375,1.39652269223745,0.173616148797228,1.39652269223745,1.39652269223745,1.39652269223745,0,0,0,insufficient_gain,insufficient_gain,v3_insufficient_gain,NaN,NaN,NaN,NaN,0,0,0.337017203671707,0.190868952270945,32.8040942502894,0.005289430690121,0.00350680154992111
Light_multipath,15,0,9,20270109,16.3257032339614,14.6033552568516,16.3257032339614,16.3257032339614,16.3257032339614,1.32570323396137,-0.396644743148403,1.32570323396137,1.32570323396137,1.32570323396137,0,0,0,insufficient_gain,insufficient_gain,v3_insufficient_gain,NaN,NaN,NaN,NaN,0,0,0.432028844640039,0.258639286659693,34.3130409386707,0.00368229501296424,0.00209143735288952
Light_multipath,15,0,10,20270109,16.2080792993381,16.1028188820326,16.2080792993381,16.2080792993381,16.2080792993381,1.20807929933808,1.10281888203261,1.20807929933808,1.20807929933808,1.20807929933808,0,0,0,insufficient_gain,insufficient_gain,v3_insufficient_gain,NaN,NaN,NaN,NaN,0,0,0.475414506350603,0.0300464541129173,71.3243641781903,0.00256942516296488,0.00134788316750911
Light_multipath,15,0,11,20270109,16.3133278353814,16.2134345936043,16.3133278353814,16.3133278353814,16.3133278353814,1.31332783538137,1.2134345936043,1.31332783538137,1.31332783538137,1.31332783538137,0,0,0,insufficient_gain,insufficient_gain,v3_insufficient_gain,NaN,NaN,NaN,NaN,0,0,0.464686325775587,0.0454176074070799,47.5800314566139,0.0057091375470637,0.00305617939697123
Light_multipath,15,0,12,20270109,16.0562020213201,15.0529673045821,16.0562020213201,16.0562020213201,16.0562020213201,1.05620202132009,0.0529673045821326,1.05620202132009,1.05620202132009,1.05620202132009,0,0,0,insufficient_gain,insufficient_gain,v3_insufficient_gain,NaN,NaN,NaN,NaN,0,0,0.0366129728573481,0.216875900974521,20.2701907993155,0.00320047848995042,0.00308329945786734
Light_multipath,15,0,13,20270109,16.2742014196314,15.4945562957104,16.2742014196314,16.2742014196314,16.2742014196314,1.27420141963145,0.494556295710408,1.27420141963145,1.27420141963145,1.27420141963145,0,0,0,insufficient_gain,insufficient_gain,v3_insufficient_gain,NaN,NaN,NaN,NaN,0,0,0.118040279731922,0.243529671271225,16.2715268522019,0.00258754531113725,0.00228211073879159
Light_multipath,15,0,14,20270109,16.1869007562756,15.1172412391163,15.1172412391163,15.1172412391163,15.4512520260564,1.1869007562756,0.117241239116314,0.117241239116314,0.117241239116314,0.451252026056361,1,1,1,two_path_selected,stable_two_path_selected,soft_two_path_correction,0.050930418723478,0.391701271006792,13.3113790389739,0.391701271006792,0.687741022650755,0.687741022650755,0.722795872507155,0.154062307391697,35.2169978075085,0.00181783207642305,0.000503910554673359
Light_multipath,15,0,15,20270109,16.2812905568435,14.2655593723169,16.2812905568435,16.2812905568435,16.2812905568435,1.28129055684345,-0.734440627683064,1.28129055684345,1.28129055684345,1.28129055684345,0,0,0,insufficient_gain,insufficient_gain,v3_insufficient_gain,NaN,NaN,NaN,NaN,0,0,0.577940511175342,0.303865321460648,34.7278854774516,0.00346908755459774,0.00146416131998151
Light_multipath,15,0,16,20270109,16.3141536582344,15.435831397936,16.3141536582344,16.3141536582344,16.3141536582344,1.31415365823444,0.435831397936036,1.31415365823444,1.31415365823444,1.31415365823444,0,0,0,insufficient_gain,insufficient_gain,v3_insufficient_gain,NaN,NaN,NaN,NaN,0,0,0.130678412467347,0.185641477308971,21.4341457955513,0.002416229500527,0.00210048046524136
Light_multipath,15,0,17,20270109,16.3187417274243,16.3396296758005,16.3187417274243,16.3187417274243,16.3187417274243,1.31874172742434,1.33962967580047,1.31874172742434,1.31874172742434,1.31874172742434,0,0,0,insufficient_gain,insufficient_gain,v3_insufficient_gain,NaN,NaN,NaN,NaN,0,0,0.326220509733467,0.0233050149912271,77.8657399749797,0.00335193565030556,0.0022584654938691
Light_multipath,15,0,18,20270109,16.4259303708935,17.4476035606565,16.4259303708935,16.4259303708935,16.4259303708935,1.42593037089353,2.44760356065645,1.42593037089353,1.42593037089353,1.42593037089353,0,0,0,insufficient_gain,insufficient_gain,v3_insufficient_gain,NaN,NaN,NaN,NaN,0,0,0.377579871925884,0.2107103011909,16.0935645106412,0.00274270239265562,0.00170711317450589
Light_multipath,15,0,19,20270109,16.1451573872708,15.2570339178465,16.1451573872708,16.1451573872708,16.1451573872708,1.14515738727082,0.257033917846492,1.14515738727082,1.14515738727082,1.14515738727082,0,0,0,insufficient_gain,insufficient_gain,v3_insufficient_gain,NaN,NaN,NaN,NaN,0,0,0.502269991410996,0.14143481730945,31.3693753271341,0.0024795536574731,0.00123414826323098
Light_multipath,15,0,20,20270109,16.0049686206518,15.8560924494707,16.0049686206518,16.0049686206518,16.0049686206518,1.00496862065176,0.856092449470696,1.00496862065176,1.00496862065176,1.00496862065176,0,0,0,insufficient_gain,insufficient_gain,v3_insufficient_gain,NaN,NaN,NaN,NaN,0,0,0.393088504918595,0.0372560396556913,62.9556391603374,0.00491059843581532,0.00298029863842508
Light_multipath,15,0,21,20270109,16.4599991118851,15.8050229049774,16.4599991118851,16.4599991118851,16.4599991118851,1.45999911188512,0.805022904977378,1.45999911188512,1.45999911188512,1.45999911188512,0,0,0,insufficient_gain,insufficient_gain,v3_insufficient_gain,NaN,NaN,NaN,NaN,0,0,0.566494929364026,0.108128263703556,38.0063226288141,0.00558346129418474,0.00242045878272878
Light_multipath,15,0,22,20270109,16.042172619138,15.1789557731386,16.042172619138,16.042172619138,16.042172619138,1.04217261913804,0.17895577313864,1.04217261913804,1.04217261913804,1.04217261913804,0,0,0,insufficient_gain,insufficient_gain,v3_insufficient_gain,NaN,NaN,NaN,NaN,0,0,0.318800662359925,0.128502344018031,32.9468243273304,0.00290030879912662,0.00197568843291673
Light_multipath,15,0,23,20270109,16.3464596586875,13.8149900527456,16.3464596586875,16.3464596586875,16.3464596586875,1.34645965868746,-1.18500994725441,1.34645965868746,1.34645965868746,1.34645965868746,0,0,0,insufficient_gain,insufficient_gain,v3_insufficient_gain,NaN,NaN,NaN,NaN,0,0,0.54332069255593,0.699999967221454,24.1425650334824,0.00595759957369779,0.0027207124473454
Light_multipath,15,0,24,20270109,16.3955011588841,16.6662827087867,16.3955011588841,16.3955011588841,16.3955011588841,1.39550115888411,1.66628270878667,1.39550115888411,1.39550115888411,1.39550115888411,0,0,0,insufficient_gain,insufficient_gain,v3_insufficient_gain,NaN,NaN,NaN,NaN,0,0,0.388387532273137,0.0541526191032575,36.658492286275,0.00377654931813787,0.0023097846479585
Light_multipath,15,0,25,20270109,16.1303778993065,15.9948512480551,16.1303778993065,16.1303778993065,16.1303778993065,1.13037789930651,0.994851248055106,1.13037789930651,1.13037789930651,1.13037789930651,0,0,0,weak_echo,weak_echo,v3_weak_echo,NaN,NaN,NaN,NaN,0,0,0.66918144216898,0.0541930391826463,40.4103545491174,0.0037458209164114,0.00123918707346049
Light_multipath,15,0,26,20270109,16.1760292613932,15.4769983088301,16.1760292613932,16.1760292613932,16.1760292613932,1.17602926139315,0.476998308830076,1.17602926139315,1.17602926139315,1.17602926139315,0,0,0,insufficient_gain,insufficient_gain,v3_insufficient_gain,NaN,NaN,NaN,NaN,0,0,0.346541311760815,0.106699141148638,34.5501752056799,0.00339482341301678,0.00221837685427362
Light_multipath,15,0,27,20270109,16.1396883003238,14.6733927233324,14.6733927233324,16.1396883003238,15.4775960834813,1.13968830032377,-0.326607276667616,-0.326607276667616,1.13968830032377,0.477596083481343,1,0,1,two_path_selected,unstable_split_fit,soft_two_path_correction,0.0523743564317313,2.31868142108697,13.3090121721552,2.31868142108697,0.451540758378975,0.451540758378975,0.722757275393778,0.678006561087454,17.3717336433245,0.00517929816380835,0.00143592273448223
Light_multipath,15,0,28,20270109,16.3829025942446,15.6620827106584,16.3829025942446,16.3829025942446,16.3829025942446,1.38290259424455,0.66208271065836,1.38290259424455,1.38290259424455,1.38290259424455,0,0,0,insufficient_gain,insufficient_gain,v3_insufficient_gain,NaN,NaN,NaN,NaN,0,0,0.0886589600497056,0.128522069845199,23.8887578824601,0.0045609642957376,0.00415659394445367
Light_multipath,15,0,29,20270109,16.4146156390701,16.4465238693895,16.4146156390701,16.4146156390701,16.4146156390701,1.41461563907013,1.44652386938948,1.41461563907013,1.41461563907013,1.41461563907013,0,0,0,insufficient_gain,insufficient_gain,v3_insufficient_gain,NaN,NaN,NaN,NaN,0,0,0.482968629365901,0.0389380158872343,67.5760698589849,0.00637535597841121,0.00329625903979824
Light_multipath,15,0,30,20270109,16.2867639908491,14.2284762657696,16.2867639908491,16.2867639908491,16.2867639908491,1.28676399084915,-0.771523734230385,1.28676399084915,1.28676399084915,1.28676399084915,0,0,0,insufficient_gain,insufficient_gain,v3_insufficient_gain,NaN,NaN,NaN,NaN,0,0,0.588048339575485,0.332773223402753,32.3861573736501,0.00318971854602212,0.00131400985132069
Light_multipath,15,0,31,20270109,16.1784339194917,15.6376571303432,16.1784339194917,16.1784339194917,16.1784339194917,1.17843391949173,0.637657130343243,1.17843391949173,1.17843391949173,1.17843391949173,0,0,0,insufficient_gain,insufficient_gain,v3_insufficient_gain,NaN,NaN,NaN,NaN,0,0,0.483984841025318,0.0809240911906142,38.1770940905313,0.00309546005484829,0.00159730431230232
Light_multipath,15,0,32,20270109,16.3017313612875,16.0655029061294,16.3017313612875,16.3017313612875,16.3017313612875,1.30173136128746,1.06550290612938,1.30173136128746,1.30173136128746,1.30173136128746,0,0,0,weak_echo,weak_echo,v3_weak_echo,NaN,NaN,NaN,NaN,0,0,0.788809333542257,0.0554986692051878,50.1401587000551,0.00429778647151124,0.000907652389211533
Light_multipath,15,0,33,20270109,16.1244508157876,15.439574561011,16.1244508157876,16.1244508157876,16.1244508157876,1.12445081578764,0.43957456101105,1.12445081578764,1.12445081578764,1.12445081578764,0,0,0,insufficient_gain,insufficient_gain,v3_insufficient_gain,NaN,NaN,NaN,NaN,0,0,0.228010510732757,0.107795933895415,32.1258379667168,0.00400627933969533,0.0030928055413133
Light_multipath,15,0,34,20270109,16.2205341608254,15.4080947922842,16.2205341608254,16.2205341608254,16.2205341608254,1.22053416082545,0.408094792284153,1.22053416082545,1.22053416082545,1.22053416082545,0,0,0,insufficient_gain,insufficient_gain,v3_insufficient_gain,NaN,NaN,NaN,NaN,0,0,0.373749558944572,0.69847542639627,11.1704731105523,0.00306401035393455,0.00191883783554991
Light_multipath,15,0,35,20270109,16.2608726349604,16.271548794435,16.2608726349604,16.2608726349604,16.2608726349604,1.26087263496037,1.27154879443501,1.26087263496037,1.26087263496037,1.26087263496037,0,0,0,candidate_invalid,candidate_invalid,v3_candidate_invalid,NaN,NaN,NaN,NaN,0,0,0.298970781979023,0.0191845142870949,99.9915280127465,0.00334223510308029,0.00234300446075464
Light_multipath,15,0,36,20270109,16.292887708577,15.5839867626076,15.5839867626076,16.292887708577,15.9724018603928,1.29288770857696,0.58398676260763,0.58398676260763,1.29288770857696,0.972401860392752,1,0,1,two_path_selected,unstable_split_fit,soft_two_path_correction,0.0504112494447431,1.05835723416306,9.52211585138527,1.05835723416306,0.452088334775722,0.452088334775722,0.653579972296055,0.110899821259946,41.3104710330904,0.00548661811119766,0.00190067439808206
Light_multipath,15,0,37,20270109,16.4427165550618,16.6253279193246,16.4427165550618,16.4427165550618,16.4427165550618,1.44271655506178,1.62532791932463,1.44271655506178,1.44271655506178,1.44271655506178,0,0,0,insufficient_gain,insufficient_gain,v3_insufficient_gain,NaN,NaN,NaN,NaN,0,0,0.197296142357226,0.146342737547925,13.2557911532698,0.00247371238744121,0.00198565847609777
Light_multipath,15,0,38,20270109,16.3611842869883,14.9378387945964,16.3611842869883,16.3611842869883,16.3611842869883,1.36118428698832,-0.0621612054036156,1.36118428698832,1.36118428698832,1.36118428698832,0,0,0,insufficient_gain,insufficient_gain,v3_insufficient_gain,NaN,NaN,NaN,NaN,0,0,0.0987017517684468,0.224692922017305,30.3008624619229,0.0052865993850526,0.00476480276484992
Light_multipath,15,0,39,20270109,16.3190415305447,13.4727718057546,16.3190415305447,16.3190415305447,16.3190415305447,1.3190415305447,-1.5272281942454,1.3190415305447,1.3190415305447,1.3190415305447,0,0,0,insufficient_gain,insufficient_gain,v3_insufficient_gain,NaN,NaN,NaN,NaN,0,0,0.380819117835622,0.542345164800969,28.9700631739863,0.00264050011361783,0.00163494718970503
Light_multipath,15,0,40,20270109,16.3911805409285,14.2608321836445,16.3911805409285,16.3911805409285,16.3911805409285,1.39118054092847,-0.739167816355526,1.39118054092847,1.39118054092847,1.39118054092847,0,0,0,insufficient_gain,insufficient_gain,v3_insufficient_gain,NaN,NaN,NaN,NaN,0,0,0.450688121711506,0.35541713690376,31.6513373642133,0.00658864220221234,0.0036192194234681
Light_multipath,15,0,41,20270109,16.3093936988379,15.177605375543,16.3093936988379,16.3093936988379,16.3093936988379,1.30939369883786,0.177605375543017,1.30939369883786,1.30939369883786,1.30939369883786,0,0,0,insufficient_gain,insufficient_gain,v3_insufficient_gain,NaN,NaN,NaN,NaN,0,0,0.218663492951828,0.284286184068626,19.3996133641181,0.00190137488076547,0.00148561360792643
Light_multipath,15,0,42,20270109,16.2156017615064,16.1293334489004,16.2156017615064,16.2156017615064,16.2156017615064,1.21560176150636,1.1293334489004,1.21560176150636,1.21560176150636,1.21560176150636,0,0,0,insufficient_gain,insufficient_gain,v3_insufficient_gain,NaN,NaN,NaN,NaN,0,0,0.43417499712657,0.0373328927226916,40.8031590887464,0.0029226329777472,0.00165369881303179
Light_multipath,15,0,43,20270109,15.9896271081845,15.3685695814096,15.9896271081845,15.9896271081845,15.9896271081845,0.989627108184457,0.368569581409602,0.989627108184457,0.989627108184457,0.989627108184457,0,0,0,insufficient_gain,insufficient_gain,v3_insufficient_gain,NaN,NaN,NaN,NaN,0,0,0.419393616756589,0.107799534566555,34.0434538504885,0.00521583794842351,0.0030283488068179
Light_multipath,15,0,44,20270109,16.1134892272913,15.2040781115317,16.1134892272913,16.1134892272913,16.1134892272913,1.1134892272913,0.204078111531674,1.1134892272913,1.1134892272913,1.1134892272913,0,0,0,insufficient_gain,insufficient_gain,v3_insufficient_gain,NaN,NaN,NaN,NaN,0,0,0.114856612280997,0.215858184920314,18.8913074146097,0.00154607215019453,0.00136849554068119
Light_multipath,15,0,45,20270109,16.3306143506887,13.3339236460424,16.3306143506887,16.3306143506887,16.3306143506887,1.33061435068868,-1.66607635395759,1.33061435068868,1.33061435068868,1.33061435068868,0,0,0,insufficient_gain,insufficient_gain,v3_insufficient_gain,NaN,NaN,NaN,NaN,0,0,0.555380911719239,0.599674397786398,29.2476615608293,0.00346144484606659,0.00153902445159226
Light_multipath,15,0,46,20270109,16.1225503862605,14.6730354795747,16.1225503862605,16.1225503862605,16.1225503862605,1.12255038626047,-0.326964520425285,1.12255038626047,1.12255038626047,1.12255038626047,0,0,0,insufficient_gain,insufficient_gain,v3_insufficient_gain,NaN,NaN,NaN,NaN,0,0,0.465323402782602,0.258366278710526,27.9309108281418,0.00302310185689358,0.00161638181388546
Light_multipath,15,0,47,20270109,16.3096416049332,16.8573763467189,16.3096416049332,16.3096416049332,16.3096416049332,1.30964160493319,1.85737634671887,1.30964160493319,1.30964160493319,1.30964160493319,0,0,0,insufficient_gain,insufficient_gain,v3_insufficient_gain,NaN,NaN,NaN,NaN,0,0,0.453050404547708,0.162415962482729,18.1440549980813,0.00383958361949421,0.00210005870738761
Light_multipath,15,0,48,20270109,16.1355661123307,13.2155304491089,16.1355661123307,16.1355661123307,16.1355661123307,1.13556611233068,-1.78446955089114,1.13556611233068,1.13556611233068,1.13556611233068,0,0,0,excessive_shift,excessive_shift,v3_excessive_shift,NaN,NaN,NaN,NaN,0,0,0.654501485741344,0.503525210905523,32.941345172064,0.00567370877679552,0.00196025795271915
Light_multipath,15,0,49,20270109,16.2906697615821,15.1236614446394,16.2906697615821,16.2906697615821,16.2906697615821,1.29066976158208,0.123661444639367,1.29066976158208,1.29066976158208,1.29066976158208,0,0,0,insufficient_gain,insufficient_gain,v3_insufficient_gain,NaN,NaN,NaN,NaN,0,0,0.223168222535066,0.193812723032257,28.1290698528841,0.00257510242286574,0.00200042139230905
Light_multipath,15,0,50,20270109,16.3697156104158,16.3518700545558,16.3697156104158,16.3697156104158,16.3697156104158,1.3697156104158,1.35187005455583,1.3697156104158,1.3697156104158,1.3697156104158,0,0,0,insufficient_gain,insufficient_gain,v3_insufficient_gain,NaN,NaN,NaN,NaN,0,0,0.194845241830608,0.0204361194153795,69.7960360108388,0.00504095905886515,0.00405875217198237
Light_multipath,20,0,1,20270109,21.3194919635885,21.0944648444954,21.3194919635885,21.3194919635885,21.3194919635885,1.31949196358849,1.09446484449539,1.31949196358849,1.31949196358849,1.31949196358849,0,0,0,insufficient_gain,insufficient_gain,v3_insufficient_gain,NaN,NaN,NaN,NaN,0,0,0.436898464837187,0.0465540509952385,52.4791666307268,0.00587585496022558,0.00330870294849706
Light_multipath,20,0,2,20270109,21.3252444077441,21.2964835310076,21.3252444077441,21.3252444077441,21.3252444077441,1.3252444077441,1.29648353100755,1.3252444077441,1.3252444077441,1.3252444077441,0,0,0,insufficient_gain,insufficient_gain,v3_insufficient_gain,NaN,NaN,NaN,NaN,0,0,0.261349595504562,0.0224492916760493,63.376048960317,0.00388493165449821,0.00286960633803224
Light_multipath,20,0,3,20270109,21.3812365340699,21.1528360065722,21.3812365340699,21.3812365340699,21.3812365340699,1.38123653406988,1.15283600657223,1.38123653406988,1.38123653406988,1.38123653406988,0,0,0,insufficient_gain,insufficient_gain,v3_insufficient_gain,NaN,NaN,NaN,NaN,0,0,0.203909737025882,0.443306419084341,10.4944057865618,0.00590621900047594,0.00470188343727163
Light_multipath,20,0,4,20270109,21.2387911554467,20.6524784985217,21.2387911554467,21.2387911554467,21.2387911554467,1.23879115544668,0.65247849852166,1.23879115544668,1.23879115544668,1.23879115544668,0,0,0,insufficient_gain,insufficient_gain,v3_insufficient_gain,NaN,NaN,NaN,NaN,0,0,0.439266409074864,0.100624282946653,35.9549870443404,0.00523964305529856,0.00293804386556351
Light_multipath,20,0,5,20270109,21.2427167279822,22.2328447994992,21.2427167279822,21.2427167279822,21.2427167279822,1.24271672798216,2.23284479949922,1.24271672798216,1.24271672798216,1.24271672798216,0,0,0,insufficient_gain,insufficient_gain,v3_insufficient_gain,NaN,NaN,NaN,NaN,0,0,0.249958769541155,0.215148595389957,15.3128284107719,0.00324725517961411,0.00243557527053162
Light_multipath,20,0,6,20270109,21.3035977571812,20.6503352125913,21.3035977571812,21.3035977571812,21.3035977571812,1.30359775718123,0.65033521259133,1.30359775718123,1.30359775718123,1.30359775718123,0,0,0,insufficient_gain,insufficient_gain,v3_insufficient_gain,NaN,NaN,NaN,NaN,0,0,0.242036264592109,0.0903144036920813,34.995499800955,0.00230014890316754,0.00174342945463923
Light_multipath,20,0,7,20270109,21.2236766302607,18.2523467932834,21.2236766302607,21.2236766302607,21.2236766302607,1.22367663026074,-1.74765320671658,1.22367663026074,1.22367663026074,1.22367663026074,0,0,0,insufficient_gain,insufficient_gain,v3_insufficient_gain,NaN,NaN,NaN,NaN,0,0,0.407920201378694,0.505282099311172,32.4939255364715,0.00373784605618543,0.00221310314022372
Light_multipath,20,0,8,20270109,21.0474344469115,18.0483503187765,21.0474344469115,21.0474344469115,21.0474344469115,1.0474344469115,-1.95164968122354,1.0474344469115,1.0474344469115,1.0474344469115,0,0,0,insufficient_gain,insufficient_gain,v3_insufficient_gain,NaN,NaN,NaN,NaN,0,0,0.551282003567617,0.469285504831782,36.1724613415547,0.00662551903134179,0.00297298962506831
Light_multipath,20,0,9,20270109,21.1736785946178,21.7988402694901,21.1736785946178,21.1736785946178,21.1736785946178,1.17367859461776,1.79884026949006,1.17367859461776,1.17367859461776,1.17367859461776,0,0,0,insufficient_gain,insufficient_gain,v3_insufficient_gain,NaN,NaN,NaN,NaN,0,0,0.0667961014899222,0.104557919004497,21.2841987925755,0.00139150327954884,0.00129855628526454
Light_multipath,20,0,10,20270109,21.3888770635501,21.2409652956108,21.3888770635501,21.3888770635501,21.3888770635501,1.38887706355014,1.2409652956108,1.38887706355014,1.38887706355014,1.38887706355014,0,0,0,insufficient_gain,insufficient_gain,v3_insufficient_gain,NaN,NaN,NaN,NaN,0,0,0.421871197685908,0.0403657748169128,61.6175398138544,0.00505530690904776,0.00292261852865794
Light_multipath,20,0,11,20270109,21.2520016929596,20.1509074808625,21.2520016929596,21.2520016929596,21.2520016929596,1.25200169295964,0.150907480862536,1.25200169295964,1.25200169295964,1.25200169295964,0,0,0,insufficient_gain,insufficient_gain,v3_insufficient_gain,NaN,NaN,NaN,NaN,0,0,0.415414004881734,0.157580740728521,35.3968337224146,0.00319841341208194,0.00186974768730153
Light_multipath,20,0,12,20270109,21.4105413997015,21.3040691576695,21.4105413997015,21.4105413997015,21.4105413997015,1.4105413997015,1.30406915766952,1.4105413997015,1.4105413997015,1.4105413997015,0,0,0,insufficient_gain,insufficient_gain,v3_insufficient_gain,NaN,NaN,NaN,NaN,0,0,0.549566172525989,0.0417755876796456,68.5070734294237,0.00524661929007975,0.0023632548081296
Light_multipath,20,0,13,20270109,21.1135347794763,20.6246512046509,21.1135347794763,21.1135347794763,21.1135347794763,1.11353477947631,0.624651204650903,1.11353477947631,1.11353477947631,1.11353477947631,0,0,0,insufficient_gain,insufficient_gain,v3_insufficient_gain,NaN,NaN,NaN,NaN,0,0,0.0261396341530499,0.249812197741697,9.55879892194499,0.00227726379580506,0.00221773695331273
Light_multipath,20,0,14,20270109,21.3340109382019,21.8177912643197,21.3340109382019,21.3340109382019,21.3340109382019,1.33401093820187,1.81779126431968,1.33401093820187,1.33401093820187,1.33401093820187,0,0,0,insufficient_gain,insufficient_gain,v3_insufficient_gain,NaN,NaN,NaN,NaN,0,0,0.436093312020962,0.0898321056097666,26.8632419718477,0.0028239693625578,0.00159245521019424
Light_multipath,20,0,15,20270109,21.2521063168952,19.8307829149823,21.2521063168952,21.2521063168952,21.2521063168952,1.2521063168952,-0.169217085017678,1.2521063168952,1.2521063168952,1.2521063168952,0,0,0,insufficient_gain,insufficient_gain,v3_insufficient_gain,NaN,NaN,NaN,NaN,0,0,0.251501551300238,0.220753487920799,30.6798663828902,0.00235680874719435,0.001764067691157
Light_multipath,20,0,16,20270109,21.1833441863177,18.1986104061235,21.1833441863177,21.1833441863177,21.1833441863177,1.18334418631766,-1.80138959387653,1.18334418631766,1.18334418631766,1.18334418631766,0,0,0,insufficient_gain,insufficient_gain,v3_insufficient_gain,NaN,NaN,NaN,NaN,0,0,0.502878503841877,0.571127717092238,29.6156883599969,0.00330963737393675,0.00164529188307228
Light_multipath,20,0,17,20270109,21.063626583876,19.5255302801855,21.063626583876,21.063626583876,21.063626583876,1.063626583876,-0.474469719814472,1.063626583876,1.063626583876,1.063626583876,0,0,0,insufficient_gain,insufficient_gain,v3_insufficient_gain,NaN,NaN,NaN,NaN,0,0,0.418820243211505,0.228644164074671,34.018886245164,0.00323476207940954,0.00187997823857988
Light_multipath,20,0,18,20270109,21.2906364960939,20.8336790522098,21.2906364960939,21.2906364960939,21.2906364960939,1.29063649609391,0.833679052209789,1.29063649609391,1.29063649609391,1.29063649609391,0,0,0,insufficient_gain,insufficient_gain,v3_insufficient_gain,NaN,NaN,NaN,NaN,0,0,0.25063798586609,0.063114185213814,41.367452064071,0.00208856157036141,0.00156508870500871
Light_multipath,20,0,19,20270109,21.2599749312482,22.265694279019,21.2599749312482,21.2599749312482,21.2599749312482,1.25997493124821,2.26569427901897,1.25997493124821,1.25997493124821,1.25997493124821,0,0,0,insufficient_gain,insufficient_gain,v3_insufficient_gain,NaN,NaN,NaN,NaN,0,0,0.0993963503658694,0.165751516982973,20.3469235173365,0.00321191744821525,0.0028926645761862
Light_multipath,20,0,20,20270109,21.3721464559916,22.2701589896424,21.3721464559916,21.3721464559916,21.3721464559916,1.37214645599163,2.27015898964241,1.37214645599163,1.37214645599163,1.37214645599163,0,0,0,insufficient_gain,insufficient_gain,v3_insufficient_gain,NaN,NaN,NaN,NaN,0,0,0.0468379094067645,0.170720198713958,16.7909124884555,0.00398351659575824,0.00379693700632577
Light_multipath,20,0,21,20270109,21.2553843245944,20.967713158269,21.2553843245944,21.2553843245944,21.2553843245944,1.25538432459442,0.967713158269014,1.25538432459442,1.25538432459442,1.25538432459442,0,0,0,insufficient_gain,insufficient_gain,v3_insufficient_gain,NaN,NaN,NaN,NaN,0,0,0.15568153913058,0.0766841725029945,23.003153955386,0.00273621546956648,0.00231023723387147
Light_multipath,20,0,22,20270109,21.1456087719314,20.0380605627069,21.1456087719314,21.1456087719314,21.1456087719314,1.1456087719314,0.0380605627069457,1.1456087719314,1.1456087719314,1.1456087719314,0,0,0,insufficient_gain,insufficient_gain,v3_insufficient_gain,NaN,NaN,NaN,NaN,0,0,0.426685506912962,0.162528958806873,35.3554439953249,0.00435727201360736,0.00249808719572364
Light_multipath,20,0,23,20270109,21.1100539467142,21.6005264333853,21.1100539467142,21.1100539467142,21.1100539467142,1.1100539467142,1.60052643338534,1.1100539467142,1.1100539467142,1.1100539467142,0,0,0,insufficient_gain,insufficient_gain,v3_insufficient_gain,NaN,NaN,NaN,NaN,0,0,0.392645322684342,0.200145234001584,13.1515191749108,0.00254545078571033,0.00154599144057799
Light_multipath,20,0,24,20270109,21.1401606918107,21.126732730156,21.1401606918107,21.1401606918107,21.1401606918107,1.14016069181075,1.12673273015605,1.14016069181075,1.14016069181075,1.14016069181075,0,0,0,weak_echo,weak_echo,v3_weak_echo,NaN,NaN,NaN,NaN,0,0,0.637021695265199,0.0419311233422105,41.7355218672352,0.00278417148425691,0.00101059384544655
Light_multipath,20,0,25,20270109,21.2969898015179,20.0118454807598,21.2969898015179,21.2969898015179,21.2969898015179,1.29698980151793,0.0118454807598098,1.29698980151793,1.29698980151793,1.29698980151793,0,0,0,insufficient_gain,insufficient_gain,v3_insufficient_gain,NaN,NaN,NaN,NaN,0,0,0.376505584330173,0.235731836135439,27.3012036484095,0.00329035509449471,0.00205151802698822
Light_multipath,20,0,26,20270109,21.2000700318116,21.1516936922698,21.2000700318116,21.2000700318116,21.2000700318116,1.20007003181156,1.15169369226983,1.20007003181156,1.20007003181156,1.20007003181156,0,0,0,insufficient_gain,insufficient_gain,v3_insufficient_gain,NaN,NaN,NaN,NaN,0,0,0.399200126805941,0.0330180783917448,77.0987665668105,0.00489877022516749,0.00294318053008746
Light_multipath,20,0,27,20270109,21.2843810086067,19.9489175919712,21.2843810086067,21.2843810086067,21.2843810086067,1.2843810086067,-0.0510824080288401,1.2843810086067,1.2843810086067,1.2843810086067,0,0,0,insufficient_gain,insufficient_gain,v3_insufficient_gain,NaN,NaN,NaN,NaN,0,0,0.341763470527535,0.265785350849177,24.7477560268342,0.00259538506701906,0.00170837725915929
Light_multipath,20,0,28,20270109,21.2794730135514,19.721554546075,21.2794730135514,21.2794730135514,21.2794730135514,1.27947301355138,-0.278445453925048,1.27947301355138,1.27947301355138,1.27947301355138,0,0,0,insufficient_gain,insufficient_gain,v3_insufficient_gain,NaN,NaN,NaN,NaN,0,0,0.361544689909868,0.252385998799945,29.6933250821686,0.00173353391346653,0.00110678393227404
Light_multipath,20,0,29,20270109,21.1127652344587,21.1405641522354,21.1127652344587,21.1127652344587,21.1127652344587,1.11276523445873,1.14056415223537,1.11276523445873,1.11276523445873,1.11276523445873,0,0,0,candidate_invalid,candidate_invalid,v3_candidate_invalid,NaN,NaN,NaN,NaN,0,0,0,0.0421280479183071,5.1938509798619,0.00175168963217143,0.00175204887687919
Light_multipath,20,0,30,20270109,21.0766032962584,19.74050686347,21.0766032962584,21.0766032962584,21.0766032962584,1.07660329625844,-0.259493136530047,1.07660329625844,1.07660329625844,1.07660329625844,0,0,0,insufficient_gain,insufficient_gain,v3_insufficient_gain,NaN,NaN,NaN,NaN,0,0,0.356356105857786,0.217036179267033,29.8265665195269,0.0023970108587803,0.00154282140344653
Light_multipath,20,0,31,20270109,21.2621450339464,19.5623207285621,21.2621450339464,21.2621450339464,21.2621450339464,1.26214503394637,-0.437679271437858,1.26214503394637,1.26214503394637,1.26214503394637,0,0,0,insufficient_gain,insufficient_gain,v3_insufficient_gain,NaN,NaN,NaN,NaN,0,0,0.222029383957203,0.307984203339417,27.7250667300306,0.00536609911205432,0.00417466743195161
Light_multipath,20,0,32,20270109,21.1471616857419,20.472252650585,21.1471616857419,21.1471616857419,21.1471616857419,1.14716168574189,0.472252650584988,1.14716168574189,1.14716168574189,1.14716168574189,0,0,0,insufficient_gain,insufficient_gain,v3_insufficient_gain,NaN,NaN,NaN,NaN,0,0,0.343124666932821,0.102871181509496,34.0759476446965,0.004234104355193,0.0027812787085586
Light_multipath,20,0,33,20270109,21.1640307979645,21.163441685209,21.1640307979645,21.1640307979645,21.1640307979645,1.16403079796455,1.16344168520897,1.16403079796455,1.16403079796455,1.16403079796455,0,0,0,insufficient_gain,insufficient_gain,v3_insufficient_gain,NaN,NaN,NaN,NaN,0,0,0.400102865545217,0.0345280971694122,75.9411736222106,0.00603589140781846,0.00362091395943054
Light_multipath,20,0,34,20270109,21.2528556816675,20.8085841706973,21.2528556816675,21.2528556816675,21.2528556816675,1.25285568166746,0.808584170697308,1.25285568166746,1.25285568166746,1.25285568166746,0,0,0,insufficient_gain,insufficient_gain,v3_insufficient_gain,NaN,NaN,NaN,NaN,0,0,0.322488927855316,0.0739004825593325,34.4852232036433,0.00319058933263849,0.0021616595995293
Light_multipath,20,0,35,20270109,21.2927377921038,20.1841741293432,21.2927377921038,21.2927377921038,21.2927377921038,1.29273779210376,0.184174129343177,1.29273779210376,1.29273779210376,1.29273779210376,0,0,0,insufficient_gain,insufficient_gain,v3_insufficient_gain,NaN,NaN,NaN,NaN,0,0,0.41148361347268,0.165056064296061,33.4636473145608,0.00303931897154275,0.00178868901863627
Light_multipath,20,0,36,20270109,21.0943481634066,20.7753586509303,21.0943481634066,21.0943481634066,21.0943481634066,1.09434816340658,0.775358650930279,1.09434816340658,1.09434816340658,1.09434816340658,0,0,0,insufficient_gain,insufficient_gain,v3_insufficient_gain,NaN,NaN,NaN,NaN,0,0,0.0721602634692401,0.0442126819132751,37.0933233636078,0.0020751457616599,0.00192540269676145
Light_multipath,20,0,37,20270109,21.0242412541068,20.0818027072666,21.0242412541068,21.0242412541068,21.0242412541068,1.02424125410679,0.0818027072666112,1.02424125410679,1.02424125410679,1.02424125410679,0,0,0,insufficient_gain,insufficient_gain,v3_insufficient_gain,NaN,NaN,NaN,NaN,0,0,0.178144240078287,0.240182410633114,19.1657365853293,0.00298085222443678,0.00244983057012882
Light_multipath,20,0,38,20270109,21.0165035533254,20.029874672786,21.0165035533254,21.0165035533254,21.0165035533254,1.01650355332544,0.0298746727859793,1.01650355332544,1.01650355332544,1.01650355332544,0,0,0,insufficient_gain,insufficient_gain,v3_insufficient_gain,NaN,NaN,NaN,NaN,0,0,0.585110643191039,0.156840764072751,33.6315079668729,0.00396108102051662,0.00164341035687032
Light_multipath,20,0,39,20270109,21.225374276925,20.2260729668893,21.225374276925,21.225374276925,21.225374276925,1.22537427692495,0.226072966889294,1.22537427692495,1.22537427692495,1.22537427692495,0,0,0,insufficient_gain,insufficient_gain,v3_insufficient_gain,NaN,NaN,NaN,NaN,0,0,0.160735461453141,0.169265676089729,26.6142352913313,0.00171449861491735,0.00143891788888784
Light_multipath,20,0,40,20270109,21.2856872804534,19.9845251570271,21.2856872804534,21.2856872804534,21.2856872804534,1.28568728045341,-0.0154748429728926,1.28568728045341,1.28568728045341,1.28568728045341,0,0,0,insufficient_gain,insufficient_gain,v3_insufficient_gain,NaN,NaN,NaN,NaN,0,0,0.221759791796628,0.332450689971587,19.5712557244201,0.00225041581860963,0.00175136407521892
Light_multipath,20,0,41,20270109,21.3853721849249,20.327559524842,21.3853721849249,21.3853721849249,21.3853721849249,1.38537218492493,0.327559524842044,1.38537218492493,1.38537218492493,1.38537218492493,0,0,0,insufficient_gain,insufficient_gain,v3_insufficient_gain,NaN,NaN,NaN,NaN,0,0,0.201467606687158,0.175041941889135,29.3200751801855,0.00512419243074458,0.00409183364551802
Light_multipath,20,0,42,20270109,21.1026884650894,20.4260431707845,21.1026884650894,21.1026884650894,21.1026884650894,1.10268846508938,0.426043170784524,1.10268846508938,1.10268846508938,1.10268846508938,0,0,0,insufficient_gain,insufficient_gain,v3_insufficient_gain,NaN,NaN,NaN,NaN,0,0,0.0882127990461876,0.173104457110418,18.7690869755645,0.00384946745421644,0.0035098951552428
Light_multipath,20,0,43,20270109,21.317055459701,21.4634678659321,21.317055459701,21.317055459701,21.317055459701,1.317055459701,1.46346786593209,1.317055459701,1.317055459701,1.317055459701,0,0,0,insufficient_gain,insufficient_gain,v3_insufficient_gain,NaN,NaN,NaN,NaN,0,0,0.116062565283521,0.0492274649538082,25.5803239752527,0.00424399540672993,0.00375142641277337
Light_multipath,20,0,44,20270109,21.3026343889862,19.7782092715388,21.3026343889862,21.3026343889862,21.3026343889862,1.30263438898616,-0.221790728461201,1.30263438898616,1.30263438898616,1.30263438898616,0,0,0,insufficient_gain,insufficient_gain,v3_insufficient_gain,NaN,NaN,NaN,NaN,0,0,0.196808604251157,0.308671479783991,24.2525460086154,0.00350618478384601,0.00281613745029063
Light_multipath,20,0,45,20270109,21.1282067102243,22.2043962248471,21.1282067102243,21.1282067102243,21.1282067102243,1.12820671022425,2.20439622484714,1.12820671022425,1.12820671022425,1.12820671022425,0,0,0,insufficient_gain,insufficient_gain,v3_insufficient_gain,NaN,NaN,NaN,NaN,0,0,0.330406804480373,0.162276679493369,25.0376813347359,0.00344229033178567,0.00230493418316668
Light_multipath,20,0,46,20270109,21.1386023667033,21.0963695167264,21.1386023667033,21.1386023667033,21.1386023667033,1.13860236670329,1.09636951672638,1.13860236670329,1.13860236670329,1.13860236670329,0,0,0,insufficient_gain,insufficient_gain,v3_insufficient_gain,NaN,NaN,NaN,NaN,0,0,0.000133132934560282,0.0285715235411629,5.51105961324644,0.00318871125239983,0.00318828672991334
Light_multipath,20,0,47,20270109,21.1730117613018,21.0973541527781,21.1730117613018,21.1730117613018,21.1730117613018,1.17301176130183,1.09735415277813,1.17301176130183,1.17301176130183,1.17301176130183,0,0,0,insufficient_gain,insufficient_gain,v3_insufficient_gain,NaN,NaN,NaN,NaN,0,0,0.514578177366525,0.0345885769443928,72.3129885144107,0.00407523785229591,0.00197820938592641
Light_multipath,20,0,48,20270109,21.2724644905002,21.1186195011105,21.2724644905002,21.2724644905002,21.2724644905002,1.27246449050025,1.11861950111054,1.27246449050025,1.27246449050025,1.27246449050025,0,0,0,insufficient_gain,insufficient_gain,v3_insufficient_gain,NaN,NaN,NaN,NaN,0,0,0.244798991806053,0.0315493536257886,55.7786165172554,0.00451960001584695,0.00341320648860099
Light_multipath,20,0,49,20270109,21.2332744695584,20.2945835931232,21.2332744695584,21.2332744695584,21.2332744695584,1.23327446955844,0.294583593123214,1.23327446955844,1.23327446955844,1.23327446955844,0,0,0,insufficient_gain,insufficient_gain,v3_insufficient_gain,NaN,NaN,NaN,NaN,0,0,0.0416117046727669,0.291797114032136,14.6742328260725,0.00465820124199579,0.00446436554760754
Light_multipath,20,0,50,20270109,21.2910743494198,20.2499376298825,21.2910743494198,21.2910743494198,21.2910743494198,1.29107434941977,0.249937629882524,1.29107434941977,1.29107434941977,1.29107434941977,0,0,0,insufficient_gain,insufficient_gain,v3_insufficient_gain,NaN,NaN,NaN,NaN,0,0,0.19614603637735,0.155031622560344,32.2362018764209,0.00333403936800214,0.00268008076084247
Light_multipath,1,10,1,20270109,2.26560780669912,1.57810698431198,1.57810698431198,2.26560780669912,1.81419467934475,1.26560780669912,0.57810698431198,0.57810698431198,1.26560780669912,0.814194679344751,1,0,1,two_path_selected,unstable_split_fit,soft_two_path_correction,0.0164201836118784,1.04251563718218,14.201518377009,1.04251563718218,0.656600127090719,0.656600127090719,0.736937138791801,0.150691261297981,24.7616672837367,0.00166934796559093,0.000439143452180435
Light_multipath,1,10,2,20270109,2.25835167039789,2.18718727396048,2.25835167039789,2.25835167039789,2.25835167039789,1.25835167039789,1.18718727396048,1.25835167039789,1.25835167039789,1.25835167039789,0,0,0,weak_echo,weak_echo,v3_weak_echo,NaN,NaN,NaN,NaN,0,0,0.686397303626216,0.0253116920687898,66.1454922126456,0.00166845087361889,0.000523230692734078
Light_multipath,1,10,3,20270109,2.22838628097554,1.1786924122198,1.1786924122198,2.22838628097554,1.41101278576978,1.22838628097554,0.178692412219801,0.178692412219801,1.22838628097554,0.411012785769784,1,0,1,two_path_selected,unstable_split_fit,soft_two_path_correction,0.0165107489093605,0.917639038595576,17.8163289555086,0.917639038595576,0.778677974155108,0.778677974155108,0.787326717476725,0.240406363827381,21.6760303281421,0.000908558366282008,0.000193226090121179
Light_multipath,1,10,4,20270109,2.27924232263184,1.84622485924498,2.27924232263184,2.27924232263184,2.27924232263184,1.27924232263184,0.846224859244979,1.27924232263184,1.27924232263184,1.27924232263184,0,0,0,weak_echo,weak_echo,v3_weak_echo,NaN,NaN,NaN,NaN,0,0,0.866307882041783,0.0740785459480091,36.8452911184374,0.00183188063346518,0.000244908001734601
Light_multipath,1,10,5,20270109,2.22889103121989,1.64074682154873,1.64074682154873,1.64074682154873,1.67393671575851,1.22889103121989,0.640746821548726,0.640746821548726,0.640746821548726,0.673936715758507,1,1,1,two_path_selected,stable_two_path_selected,soft_two_path_correction,0.0162557946619333,0.507042202600494,26.9978138724566,0.507042202600494,0.943568441780056,0.943568441780056,0.876075841290012,0.105270273896966,30.1775999394904,0.00144733173163947,0.000179359367217691
Light_multipath,1,10,6,20270109,2.245445699475,2.0654071695721,2.245445699475,2.245445699475,2.245445699475,1.245445699475,1.0654071695721,1.245445699475,1.245445699475,1.245445699475,0,0,0,weak_echo,weak_echo,v3_weak_echo,NaN,NaN,NaN,NaN,0,0,0.828119638395995,0.0382941120863206,45.4027476083827,0.00155478917820506,0.000267237726167879
Light_multipath,1,10,7,20270109,2.20296807052045,1.56567752822344,1.56567752822344,1.56567752822344,1.69484754825087,1.20296807052045,0.565677528223437,0.565677528223437,0.565677528223437,0.694847548250871,1,1,1,two_path_selected,stable_two_path_selected,soft_two_path_correction,0.0162196493486042,0.0685591566632846,16.7687691252065,0.0685591566632846,0.797313765928705,0.797313765928705,0.773809340500274,0.109629579736964,31.2290027572536,0.00183199363544939,0.000414379848601598
Light_multipath,1,10,8,20270109,2.18631544584524,1.42937521404106,1.42937521404106,2.18631544584524,1.6084559595603,1.18631544584524,0.429375214041058,0.429375214041058,1.18631544584524,0.608455959560297,1,0,1,two_path_selected,unstable_split_fit,soft_two_path_correction,0.0162694635471716,0.990043136583012,17.9208897225882,0.990043136583012,0.763414946128049,0.763414946128049,0.78863077835125,0.174558851802651,23.359266397245,0.00156796112798951,0.00033141872319864
Light_multipath,1,10,9,20270109,2.22478603748615,1.54624363147066,1.54624363147066,1.54624363147066,1.81608792706586,1.22478603748615,0.546243631470661,0.546243631470661,0.546243631470661,0.816087927065857,1,1,1,two_path_selected,stable_two_path_selected,soft_two_path_correction,0.0165484016562415,0.094303145226335,11.3768149384339,0.094303145226335,0.60231771337658,0.60231771337658,0.689385670230795,0.128886296994803,26.6936153648857,0.00138486176347175,0.000430157908483775
Light_multipath,1,10,10,20270109,2.24315125846598,1.53507350736753,1.53507350736753,1.53507350736753,1.67589526592588,1.24315125846598,0.535073507367533,0.535073507367533,0.535073507367533,0.675895265925881,1,1,1,two_path_selected,stable_two_path_selected,soft_two_path_correction,0.0163527349903202,0.111439087745598,16.9204715087975,0.111439087745598,0.801121051551344,0.801121051551344,0.775818811952963,0.157565161624577,23.4686747002916,0.00117467952470252,0.000263341051422339
Light_multipath,1,10,11,20270109,2.23531856777392,1.11000649386566,1.11000649386566,1.11000649386566,1.35261774334412,1.23531856777392,0.110006493865659,0.110006493865659,0.110006493865659,0.352617743344123,1,1,1,two_path_selected,stable_two_path_selected,soft_two_path_correction,0.0166061722019787,0.497163946569963,16.2748424742812,0.497163946569963,0.784405361762568,0.784405361762568,0.767141079537886,0.269728688643401,22.1183949978622,0.00163327864186935,0.000380323501359525
Light_multipath,1,10,12,20270109,2.28666759245591,1.57461576128726,1.57461576128726,2.28666759245591,1.73281267544231,1.28666759245591,0.574615761287263,0.574615761287263,1.28666759245591,0.732812675442309,1,0,1,two_path_selected,unstable_split_fit,soft_two_path_correction,0.0166325155870161,0.803141204412871,16.546665704103,0.803141204412871,0.77782949606996,0.77782949606996,0.770834791750883,0.129836999939671,29.4605363749149,0.00195783084013712,0.000448666712196566
Light_multipath,1,10,13,20270109,2.21379200382459,0.91066067338544,0.91066067338544,0.91066067338544,0.942095671512747,1.21379200382459,-0.0893393266145601,-0.0893393266145601,-0.0893393266145601,-0.0579043284872527,1,1,1,two_path_selected,stable_two_path_selected,soft_two_path_correction,0.0164603119120848,0.528424967603819,33.7968280048383,0.528424967603819,0.975877336847765,0.975877336847765,0.916926334742606,0.246015543410285,27.1722709223101,0.00202514126991415,0.000168235907955783
Light_multipath,1,10,14,20270109,2.25081575277315,1.15903809998096,1.15903809998096,2.25081575277315,1.37091808867719,1.25081575277315,0.159038099980961,0.159038099980961,1.25081575277315,0.370918088677188,1,0,1,two_path_selected,unstable_split_fit,soft_two_path_correction,0.016451306675467,1.03930332786506,21.2092683633426,1.03930332786506,0.805931191067751,0.805931191067751,0.825805510247497,0.214492945549685,26.4710031576737,0.00206445323191651,0.000359616377351601
Light_multipath,1,10,15,20270109,2.23100135309066,0.928817196285144,0.928817196285144,0.928817196285144,0.937374522192547,1.23100135309066,-0.0711828037148559,-0.0711828037148559,-0.0711828037148559,-0.0626254778074526,1,1,1,two_path_selected,stable_two_path_selected,soft_two_path_correction,0.0163414779294848,0.213595456820876,44.2000840551356,0.213595456820876,0.993428482551657,0.993428482551657,0.95495006644481,0.228265936571631,29.008083977144,0.00188644522708681,8.49842321357652e-05
Light_multipath,1,10,16,20270109,2.26978425571216,1.94299811755013,2.26978425571216,2.26978425571216,2.26978425571216,1.26978425571216,0.942998117550134,1.26978425571216,1.26978425571216,1.26978425571216,0,0,0,weak_echo,weak_echo,v3_weak_echo,NaN,NaN,NaN,NaN,0,0,0.832744611945581,0.0702463159599654,30.8516992636693,0.00127795200744596,0.000213744358920298
Light_multipath,1,10,17,20270109,2.25003906169245,0.909856985453274,0.909856985453274,2.25003906169245,0.974459437823487,1.25003906169245,-0.0901430145467261,-0.0901430145467261,1.25003906169245,-0.0255405621765132,1,0,1,two_path_selected,unstable_split_fit,soft_two_path_correction,0.0163716296931911,0.567036472166888,28.2584671123971,0.567036472166888,0.951795764534099,0.951795764534099,0.884933101853278,0.274112458455585,25.3963571977175,0.00186651876823474,0.000214774524993411
Light_multipath,1,10,18,20270109,2.28477801126324,0.901981464240084,0.901981464240084,0.901981464240084,1.36814466085968,1.28477801126324,-0.0980185357599161,-0.0980185357599161,-0.0980185357599161,0.368144660859678,1,1,1,two_path_selected,stable_two_path_selected,soft_two_path_correction,0.0164236549527143,0.114201618795462,12.6986194463858,0.114201618795462,0.662883742642303,0.662883742642303,0.712621880244715,0.314188900779048,23.3143480021253,0.00189854069401996,0.000545599054926349
Light_multipath,1,10,19,20270109,2.19548179164248,1.26455586048016,1.26455586048016,1.26455586048016,1.39157552552441,1.19548179164248,0.26455586048016,0.26455586048016,0.26455586048016,0.391575525524409,1,1,1,two_path_selected,stable_two_path_selected,soft_two_path_correction,0.0165577137722898,0.224718978763875,19.9347023872601,0.224718978763875,0.86355556248642,0.86355556248642,0.81224331396744,0.180585468956382,25.4637248229448,0.00120915588303405,0.000227027101495247
Light_multipath,1,10,20,20270109,2.20298888635014,0.000334266540715261,0.000334266540715261,0.000334266540715261,0.374068403125883,1.20298888635014,-0.999665733459285,-0.999665733459285,-0.999665733459285,-0.625931596874117,1,1,1,two_path_selected,stable_two_path_selected,soft_two_path_correction,0.0165573945977729,0.737763026694213,18.1909910193444,0.737763026694213,0.830325583855038,0.830325583855038,0.79196254027771,0.498188426878682,24.510582888583,0.00148693487939511,0.000309338155081829
Light_multipath,1,10,21,20270109,2.19772021990634,1.1179300194995,1.1179300194995,2.19772021990634,1.51189689170809,1.19772021990634,0.117930019499502,0.117930019499502,1.19772021990634,0.511896891708092,1,0,1,two_path_selected,unstable_split_fit,soft_two_path_correction,0.0164090009852762,1.88210064711545,20.6245104721192,1.88210064711545,0.635144982738172,0.635144982738172,0.819709406908677,0.277339827867557,20.3544729209068,0.00107285867726326,0.000193426327226964
Light_multipath,1,10,22,20270109,2.22163506015584,1.31906211606763,1.31906211606763,1.31906211606763,1.35259117311416,1.22163506015584,0.319062116067631,0.319062116067631,0.319062116067631,0.352591173114158,1,1,1,two_path_selected,stable_two_path_selected,soft_two_path_correction,0.0162392432232389,0.10071745462512,30.3426965921045,0.10071745462512,0.962851692745566,0.962851692745566,0.898209991787756,0.203883276423694,22.8792891150019,0.00121923662447943,0.000124106106018429
Light_multipath,1,10,23,20270109,2.25272187602121,0.729119713911819,0.729119713911819,2.25272187602121,1.30841280039879,1.25272187602121,-0.270880286088181,-0.270880286088181,1.25272187602121,0.308412800398792,1,0,1,two_path_selected,unstable_split_fit,soft_two_path_correction,0.0164710390947668,1.37111715051486,15.0300172304359,1.37111715051486,0.61978717220711,0.61978717220711,0.749450177504379,0.277959781009374,27.7679774785913,0.00209853100698809,0.000525786571302422
Light_multipath,1,10,24,20270109,2.24545442297048,1.8105733810809,1.8105733810809,2.24545442297048,2.02475022055204,1.24545442297048,0.810573381080901,0.810573381080901,1.24545442297048,1.02475022055204,1,0,1,two_path_selected,unstable_split_fit,soft_two_path_correction,0.0163916393230633,2.2228921058404,15.3067384829424,2.2228921058404,0.507504768337277,0.507504768337277,0.753495543553227,0.39307191006117,12.6116727563349,0.00175514802135557,0.000432651808987883
Light_multipath,1,10,25,20270109,2.27287690625922,2.07600625267634,2.27287690625922,2.27287690625922,2.27287690625922,1.27287690625922,1.07600625267634,1.27287690625922,1.27287690625922,1.27287690625922,0,0,0,weak_echo,weak_echo,v3_weak_echo,NaN,NaN,NaN,NaN,0,0,0.859415770982606,0.0457194716183585,38.3576556630531,0.00138333245398115,0.000194474726517679
Light_multipath,1,10,26,20270109,2.20754833451308,1.8242696880096,2.20754833451308,2.20754833451308,2.20754833451308,1.20754833451308,0.824269688009604,1.20754833451308,1.20754833451308,1.20754833451308,0,0,0,weak_echo,weak_echo,v3_weak_echo,NaN,NaN,NaN,NaN,0,0,0.873448085147658,0.0654547827949504,40.7904915149278,0.00209209537338273,0.00026475867555531
Light_multipath,1,10,27,20270109,2.25852991259836,1.94502502468817,2.25852991259836,2.25852991259836,2.25852991259836,1.25852991259836,0.945025024688171,1.25852991259836,1.25852991259836,1.25852991259836,0,0,0,weak_echo,weak_echo,v3_weak_echo,NaN,NaN,NaN,NaN,0,0,0.610953762949497,0.0668355963698217,30.8161434745771,0.00157650075855753,0.00061333168782407
Light_multipath,1,10,28,20270109,2.24608395831199,1.19814600566406,1.19814600566406,1.19814600566406,1.40914308105117,1.24608395831199,0.198146005664064,0.198146005664064,0.198146005664064,0.409143081051168,1,1,1,two_path_selected,stable_two_path_selected,soft_two_path_correction,0.0164941693597538,0.524986403402488,16.8218830798741,0.524986403402488,0.798654992068988,0.798654992068988,0.774514936510865,0.263761919706488,20.0998333428041,0.000832922853983176,0.000187811662611947
Light_multipath,1,10,29,20270109,2.19072717548949,1.21720116792002,1.21720116792002,1.21720116792002,1.36781968714198,1.19072717548949,0.217201167920024,0.217201167920024,0.217201167920024,0.367819687141983,1,1,1,two_path_selected,stable_two_path_selected,soft_two_path_correction,0.0162392861740989,0.253817234326826,18.9293941006357,0.253817234326826,0.845285572187231,0.845285572187231,0.80080531104256,0.182943022094985,25.8955702132515,0.00121756168636677,0.000242531821402325
Light_multipath,1,10,30,20270109,2.24875832814063,1.87135915691752,2.24875832814063,2.24875832814063,2.24875832814063,1.24875832814063,0.87135915691752,1.24875832814063,1.24875832814063,1.24875832814063,0,0,0,weak_echo,weak_echo,v3_weak_echo,NaN,NaN,NaN,NaN,0,0,0.89869333702597,0.0644642540391408,40.462262266017,0.00184774618130024,0.000187188999650534
Light_multipath,1,10,31,20270109,2.23808139513132,1.27274890918108,1.27274890918108,2.23808139513132,1.58332044884968,1.23808139513132,0.272748909181078,0.272748909181078,1.23808139513132,0.583320448849676,1,0,1,two_path_selected,unstable_split_fit,soft_two_path_correction,0.0164572365774719,1.76385953156332,23.0443961346993,1.76385953156332,0.678275056326441,0.678275056326441,0.84363019610362,0.169125346608139,29.40777591993,0.00191860275295341,0.000300011536234379
Light_multipath,1,10,32,20270109,2.27767902978211,0.503588693950224,0.503588693950224,2.27767902978211,1.28604996389074,1.27767902978211,-0.496411306049776,-0.496411306049776,1.27767902978211,0.286049963890735,1,0,1,two_path_selected,unstable_split_fit,soft_two_path_correction,0.016321846109792,2.10080278774424,17.3123403339222,2.10080278774424,0.558950717369412,0.558950717369412,0.780927331865796,0.69983794869042,17.0771175263681,0.00127780129885324,0.000279931339885131
Light_multipath,1,10,33,20270109,2.26422685258512,0.731694046248063,0.731694046248063,0.731694046248063,0.747795329976605,1.26422685258512,-0.268305953751937,-0.268305953751937,-0.268305953751937,-0.252204670023395,1,1,1,two_path_selected,stable_two_path_selected,soft_two_path_correction,0.0163800057289689,0.314168537378213,40.4462245691912,0.314168537378213,0.989493677615277,0.989493677615277,0.943818542034593,0.298410434364009,27.03877087555,0.00221685999559895,0.000124546426657934
Light_multipath,1,10,34,20270109,2.29600480539718,1.61588356542403,1.61588356542403,2.29600480539718,1.73930690056886,1.29600480539718,0.615883565424035,0.615883565424035,1.29600480539718,0.739306900568861,1,0,1,two_path_selected,unstable_split_fit,soft_two_path_correction,0.0166163022213505,0.497663877006923,17.653207048817,0.497663877006923,0.818527450856115,0.818527450856115,0.785276208928386,0.315783986463656,16.1341911151822,0.00175588133545035,0.000377029497019787
Light_multipath,1,10,35,20270109,2.19384417625193,1.63678022901554,1.63678022901554,1.63678022901554,1.68139815189572,1.19384417625193,0.636780229015542,0.636780229015542,0.636780229015542,0.681398151895723,1,1,1,two_path_selected,stable_two_path_selected,soft_two_path_correction,0.0165441464170809,0.745537178961692,24.1963552261074,0.745537178961692,0.919905204597189,0.919905204597189,0.853875143134075,0.120595748568335,27.1730285322528,0.00174813809829732,0.000255446429395567
Light_multipath,1,10,36,20270109,2.21490276987807,0.471269036271145,0.471269036271145,2.21490276987807,1.03325853958582,1.21490276987807,-0.528730963728855,-0.528730963728855,1.21490276987807,0.0332585395858167,1,0,1,two_path_selected,unstable_split_fit,soft_two_path_correction,0.0165749943348887,2.04709664015083,32.2415329490541,2.04709664015083,0.677690622472572,0.677690622472572,0.908967581361378,0.327902288909216,26.8921763392174,0.001228127389723,0.000111799406682822
Light_multipath,1,10,37,20270109,2.2484008882578,1.29080137549676,1.29080137549676,1.29080137549676,1.3177944244431,1.2484008882578,0.29080137549676,0.29080137549676,0.29080137549676,0.317794424443101,1,1,1,two_path_selected,stable_two_path_selected,soft_two_path_correction,0.0162119947323012,0.519480487791123,32.550802072028,0.519480487791123,0.971811755763625,0.971811755763625,0.910608697453044,0.188458095032826,26.025721747168,0.0015066890301807,0.000134684894941062
Light_multipath,1,10,38,20270109,2.24424108421982,0.735057325062756,0.735057325062756,2.24424108421982,1.25048238401091,1.24424108421982,-0.264942674937244,-0.264942674937244,1.24424108421982,0.25048238401091,1,0,1,two_path_selected,unstable_split_fit,soft_two_path_correction,0.0165672085862567,1.08682368126243,14.5462211210101,1.08682368126243,0.658474287295511,0.658474287295511,0.742217453213292,0.319287269454432,24.5318546269121,0.00193859444874067,0.000499735814182944
Light_multipath,1,10,39,20270109,2.27209978467405,0.772854461886168,0.772854461886168,2.27209978467405,1.2786575181667,1.27209978467405,-0.227145538113832,-0.227145538113832,1.27209978467405,0.278657518166699,1,0,1,two_path_selected,unstable_split_fit,soft_two_path_correction,0.016389924710092,0.5958028156099,12.6925581252516,0.5958028156099,0.662628224619052,0.662628224619052,0.712519397795195,0.275377671580597,26.8003787567608,0.00131529154008203,0.000378120804017668
Light_multipath,1,10,40,20270109,2.21010804225246,0.627283115221386,0.627283115221386,2.21010804225246,0.908423118874226,1.21010804225246,-0.372716884778614,-0.372716884778614,1.21010804225246,-0.0915768811257738,1,0,1,two_path_selected,unstable_split_fit,soft_two_path_correction,0.0162671431367622,1.00657082924439,21.8580448861267,1.00657082924439,0.822380859151505,0.822380859151505,0.832328097711358,0.33687122779459,25.3264574234213,0.00239737105508531,0.000401971765297882
Light_multipath,1,10,41,20270109,2.23364433926645,1.07263192801093,1.07263192801093,2.23364433926645,1.31415457159922,1.23364433926645,0.0726319280109324,0.0726319280109324,1.23364433926645,0.314154571599221,1,0,1,two_path_selected,unstable_split_fit,soft_two_path_correction,0.0161931693571298,0.873799294334621,17.9279647078587,0.873799294334621,0.791972384406205,0.791972384406205,0.788718726762506,0.213055133829463,28.1901612029381,0.00233544346473358,0.000493435468803094
Light_multipath,1,10,42,20270109,2.24305810485164,0.612893637172139,0.612893637172139,2.24305810485164,1.15619361974018,1.24305810485164,-0.387106362827861,-0.387106362827861,1.24305810485164,0.156193619740179,1,0,1,two_path_selected,unstable_split_fit,soft_two_path_correction,0.0164511846925651,1.60196231192054,19.5069295529262,1.60196231192054,0.6667207552736,0.6667207552736,0.807458828405774,0.295211130549094,28.4478023952473,0.00218056486372076,0.000419848513597998
Light_multipath,1,10,43,20270109,2.23369395661879,1.18271877856062,1.18271877856062,2.23369395661879,1.65036240358398,1.23369395661879,0.182718778560616,0.182718778560616,1.23369395661879,0.65036240358398,1,0,1,two_path_selected,unstable_split_fit,soft_two_path_correction,0.0166062160030307,2.28609253943531,18.6224998853582,2.28609253943531,0.555038373135127,0.555038373135127,0.797176674201431,0.245277472287459,22.3629437894937,0.0014192453030708,0.000287856052492819
Light_multipath,1,10,44,20270109,2.27435905081848,1.95837105430839,2.27435905081848,2.27435905081848,2.27435905081848,1.27435905081848,0.958371054308393,1.27435905081848,1.27435905081848,1.27435905081848,0,0,0,weak_echo,weak_echo,v3_weak_echo,NaN,NaN,NaN,NaN,0,0,0.837332645651018,0.0733482952651041,32.2585422657915,0.00185145287595923,0.000301170941034101
Light_multipath,1,10,45,20270109,2.25754584336559,1.82302228606893,1.82302228606893,2.25754584336559,2.01703087484168,1.25754584336559,0.823022286068927,0.823022286068927,1.25754584336559,1.01703087484168,1,0,1,two_path_selected,unstable_split_fit,soft_two_path_correction,0.0163956771609512,1.13175470669205,11.8242605295064,1.13175470669205,0.553514221461882,0.553514221461882,0.697454488761173,0.0859128330372341,28.298544662702,0.00125138766789812,0.0003786017217422
Light_multipath,1,10,46,20270109,2.28769072263979,1.6488198172581,1.6488198172581,1.6488198172581,1.9775324119736,1.28769072263979,0.648819817258102,0.648819817258102,0.648819817258102,0.977532411973601,1,1,1,two_path_selected,stable_two_path_selected,soft_two_path_correction,0.0163918223793954,0.72920952164186,9.31614889020287,0.72920952164186,0.485478847218571,0.485478847218571,0.649357321379744,0.279238513226196,14.9375236972642,0.00104606660533313,0.000366795596509206
Light_multipath,1,10,47,20270109,2.24833400663496,0.719655613159578,0.719655613159578,2.24833400663496,1.04403850801207,1.24833400663496,-0.280344386840422,-0.280344386840422,1.24833400663496,0.0440385080120713,1,0,1,two_path_selected,unstable_split_fit,soft_two_path_correction,0.0164951606590325,1.24024949439694,23.8672502233425,1.24024949439694,0.787801740224101,0.787801740224101,0.851018735255502,0.367260626193142,22.9414069105352,0.00197686588036206,0.000294515979086585
Light_multipath,1,10,48,20270109,2.19361403574029,1.41184308290475,1.41184308290475,2.19361403574029,1.69568973786021,1.19361403574029,0.411843082904751,0.411843082904751,1.19361403574029,0.695689737860211,1,0,1,two_path_selected,unstable_split_fit,soft_two_path_correction,0.0161894786199401,1.83193848679038,20.1164585548126,1.83193848679038,0.636918391600598,0.636918391600598,0.814240028950451,0.16546641211122,25.6299294992701,0.00187079845723748,0.000347519467255974
Light_multipath,1,10,49,20270109,2.19615185920633,1.35545781509912,2.19615185920633,2.19615185920633,2.19615185920633,1.19615185920633,0.355457815099124,1.19615185920633,1.19615185920633,1.19615185920633,0,0,0,insufficient_gain,insufficient_gain,v3_insufficient_gain,NaN,NaN,NaN,NaN,0,0,0.573686115457734,0.389619426926913,14.2143827395711,0.00121898625542061,0.000519670765751989
Light_multipath,1,10,50,20270109,2.24481687433261,1.71422207922717,1.71422207922717,1.71422207922717,1.7347643104459,1.24481687433261,0.714222079227174,0.714222079227174,0.714222079227174,0.7347643104459,1,1,1,two_path_selected,stable_two_path_selected,soft_two_path_correction,0.0164836991036257,0.43413092785871,30.012126444985,0.43413092785871,0.961284521807937,0.961284521807937,0.896211284503622,0.0920935422199146,31.3229397399179,0.00132981687764167,0.000138019985575832
Light_multipath,3,10,1,20270109,4.25340695417488,2.58785485598868,2.58785485598868,4.25340695417488,2.652147763689,1.25340695417488,-0.412145144011322,-0.412145144011322,1.25340695417488,-0.347852236311002,1,0,1,two_path_selected,unstable_split_fit,soft_two_path_correction,0.0165833783983268,0.136595191734082,30.0357009035462,0.136595191734082,0.961398440931188,0.961398440931188,0.896355111977349,0.37287720232185,24.016335117491,0.00167522216109761,0.000173628213300026
Light_multipath,3,10,2,20270109,4.25105328685288,3.80284191285499,3.80284191285499,4.25105328685288,4.00341638063844,1.25105328685288,0.802841912854987,0.802841912854987,1.25105328685288,1.00341638063844,1,0,1,two_path_selected,unstable_split_fit,soft_two_path_correction,0.0164547139645372,1.64353839665217,14.1001730007348,1.64353839665217,0.552500272372826,0.552500272372826,0.735364207608793,0.193663086809126,17.9477639137921,0.00157009127888275,0.000415502349713659
Light_multipath,3,10,3,20270109,4.23014016714231,3.6602211247125,3.6602211247125,3.6602211247125,3.699462527892,1.23014016714231,0.660221124712503,0.660221124712503,0.660221124712503,0.699462527891997,1,1,1,two_path_selected,stable_two_path_selected,soft_two_path_correction,0.0164363725726297,0.00720238451513966,25.4060954156158,0.00720238451513966,0.931145653578812,0.931145653578812,0.86391220177282,0.125142342107648,26.0238570180561,0.0015171412805095,0.000206464416464103
Light_multipath,3,10,4,20270109,4.17291110872373,2.51845217776912,2.51845217776912,4.17291110872373,2.83093976090549,1.17291110872373,-0.481547822230877,-0.481547822230877,1.17291110872373,-0.169060239094511,1,0,1,two_path_selected,unstable_split_fit,soft_two_path_correction,0.016161000576448,1.14769329748842,24.0719746454536,1.14769329748842,0.811124001152411,0.811124001152411,0.85280209924698,0.693812737272185,16.3209555956286,0.00116345710324506,0.000171258443213862
Light_multipath,3,10,5,20270109,4.31466819754895,3.06132647606447,3.06132647606447,3.06132647606447,3.08659982071477,1.31466819754895,0.0613264760644694,0.0613264760644694,0.0613264760644694,0.0865998207147731,1,1,1,two_path_selected,stable_two_path_selected,soft_two_path_correction,0.0163929791165584,0.0074229071527272,35.2305469693135,0.0074229071527272,0.979835232309693,0.979835232309693,0.923645166429794,0.269955766205228,25.2138400601422,0.00229801123331552,0.000175464265262271
Light_multipath,3,10,6,20270109,4.22641300583166,3.57864473997065,3.57864473997065,4.22641300583166,3.98953898273781,1.22641300583166,0.578644739970653,0.578644739970653,1.22641300583166,0.98953898273781,1,0,1,two_path_selected,split_invalid,soft_two_path_correction,0.0162632575075282,NaN,9.34872104444411,NaN,0.365677103337259,0.365677103337259,0.650028512723681,0.120166613125605,26.633214024091,0.00117091560360416,0.000409787075268397
Light_multipath,3,10,7,20270109,4.21202305022497,2.88220255994165,2.88220255994165,4.21202305022497,3.05998824312808,1.21202305022497,-0.117797440058348,-0.117797440058348,1.21202305022497,0.0599882431280783,1,0,1,two_path_selected,unstable_split_fit,soft_two_path_correction,0.0162176977622758,0.0088684410199722,20.0977635565451,0.0088684410199722,0.866308509693252,0.866308509693252,0.814035635270657,0.26116399944821,25.5138447141135,0.00145148799383654,0.000269925042686081
Light_multipath,3,10,8,20270109,4.22525177852008,2.87221784074985,2.87221784074985,2.87221784074985,3.27551701684181,1.22525177852008,-0.127782159250147,-0.127782159250147,-0.127782159250147,0.275517016841808,1,1,1,two_path_selected,stable_two_path_selected,soft_two_path_correction,0.0162710934975145,0.533928125252012,13.6834084179465,0.533928125252012,0.701929741129343,0.701929741129343,0.728796333359906,0.299901486269945,23.1851960230824,0.0015753270007739,0.000427234458767023
Light_multipath,3,10,9,20270109,4.22475099268509,3.15359272905448,3.15359272905448,4.22475099268509,3.37237453746986,1.22475099268509,0.153592729054484,0.153592729054484,1.22475099268509,0.372374537469855,1,0,1,two_path_selected,unstable_split_fit,soft_two_path_correction,0.0161968625127067,0.964907747345787,19.3253434041937,0.964907747345787,0.795752116336358,0.795752116336358,0.805391169303211,0.194005040679546,26.9143828717738,0.00132315011278372,0.000257496696285164
Light_multipath,3,10,10,20270109,4.27101436694466,2.86350029286204,2.86350029286204,4.27101436694466,3.23174722959403,1.27101436694466,-0.136499707137962,-0.136499707137962,1.27101436694466,0.231747229594029,1,0,1,two_path_selected,unstable_split_fit,soft_two_path_correction,0.016492094578046,1.38677337564427,22.0376482078101,1.38677337564427,0.738370689492391,0.738370689492391,0.834090210143639,0.280946586226575,25.729691073563,0.00186150981414746,0.000308842702080758
Light_multipath,3,10,11,20270109,4.24853811811237,3.28797361499621,3.28797361499621,3.28797361499621,3.33644745052569,1.24853811811237,0.28797361499621,0.28797361499621,0.28797361499621,0.336447450525692,1,1,1,two_path_selected,stable_two_path_selected,soft_two_path_correction,0.0165604121873727,0.522767064293504,27.8919756557322,0.522767064293504,0.949536095314548,0.949536095314548,0.882425520222117,0.194331701243923,25.3996524575761,0.00146890726408366,0.00017270600741659
Light_multipath,3,10,12,20270109,4.21663668477603,3.25106278173311,3.25106278173311,3.25106278173311,3.31764479709555,1.21663668477603,0.251062781733106,0.251062781733106,0.251062781733106,0.317644797095547,1,1,1,two_path_selected,stable_two_path_selected,soft_two_path_correction,0.0163889666880799,0.274450605704213,25.3943051301384,0.274450605704213,0.931044102214637,0.931044102214637,0.86381778585976,0.156851421791445,30.9036764504188,0.0016170546286427,0.000220214079714287
Light_multipath,3,10,13,20270109,4.25978207869874,3.70420814109757,3.70420814109757,3.70420814109757,3.85804073006222,1.25978207869874,0.70420814109757,0.70420814109757,0.70420814109757,0.858040730062215,1,1,1,two_path_selected,stable_two_path_selected,soft_two_path_correction,0.0163653259634822,0.238994538272066,14.2730941980109,0.238994538272066,0.723110501495346,0.723110501495346,0.738042395126786,0.180756503168668,20.7562064044559,0.00191370597514173,0.000501309833679686
Light_multipath,3,10,14,20270109,4.24342138546996,4.01203200997618,4.01203200997618,4.24342138546996,4.06504982829115,1.24342138546996,1.01203200997618,1.01203200997618,1.24342138546996,1.06504982829115,1,0,1,two_path_selected,unstable_split_fit,soft_two_path_correction,0.0165232151210238,1.05764643584178,19.1728994804517,1.05764643584178,0.77087185527933,0.77087185527933,0.803638207642591,0.12006736071227,22.0415042139756,0.00181056206177188,0.000355525211623853
Light_multipath,3,10,15,20270109,4.21724412830177,2.40002895553338,2.40002895553338,4.21724412830177,2.64512994916817,1.21724412830177,-0.599971044466618,-0.599971044466618,1.21724412830177,-0.354870050831829,1,0,1,two_path_selected,unstable_split_fit,soft_two_path_correction,0.0166388133635556,1.04359855935471,27.9321706937694,1.04359855935471,0.865122745337088,0.865122745337088,0.882703186579935,0.339389290137869,27.5245703624255,0.00159276630872052,0.000186826412535757
Light_multipath,3,10,16,20270109,4.26360988283801,3.9826017796209,4.26360988283801,4.26360988283801,4.26360988283801,1.26360988283801,0.9826017796209,1.26360988283801,1.26360988283801,1.26360988283801,0,0,0,weak_echo,weak_echo,v3_weak_echo,NaN,NaN,NaN,NaN,0,0,0.800360409185389,0.0500013345708817,36.3766890551232,0.00150469311155965,0.000300396317093332
Light_multipath,3,10,17,20270109,4.21440567470987,3.61580357024234,3.61580357024234,3.61580357024234,3.95095839590187,1.21440567470987,0.615803570242342,0.615803570242342,0.615803570242342,0.950958395901874,1,1,1,two_path_selected,stable_two_path_selected,soft_two_path_correction,0.0162994470350726,0.126820039440908,8.64003615883543,0.126820039440908,0.440104164087991,0.440104164087991,0.63513076378334,0.103000722104856,29.7134078089626,0.00137175105098053,0.000500509758250667
Light_multipath,3,10,18,20270109,4.2672438975248,3.58470290384858,3.58470290384858,3.58470290384858,3.62707446650793,1.2672438975248,0.58470290384858,0.58470290384858,0.58470290384858,0.627074466507927,1,1,1,two_path_selected,stable_two_path_selected,soft_two_path_correction,0.0163870497643808,0.507039120062043,26.2347611521835,0.507039120062043,0.93792085303019,0.93792085303019,0.870386724988816,0.262337339620616,18.4721544697949,0.00194951045573655,0.00025268243483656
Light_multipath,3,10,19,20270109,4.24373154024204,4.12248533815043,4.24373154024204,4.24373154024204,4.24373154024204,1.24373154024204,1.12248533815043,1.24373154024204,1.24373154024204,1.24373154024204,0,0,0,weak_echo,weak_echo,v3_weak_echo,NaN,NaN,NaN,NaN,0,0,0.772902840818855,0.0439391247124114,36.607946555825,0.00155706796415611,0.000353605711311822
Light_multipath,3,10,20,20270109,4.29162633144018,3.69523610067501,3.69523610067501,3.69523610067501,3.86707720234922,1.29162633144018,0.69523610067501,0.69523610067501,0.69523610067501,0.86707720234922,1,1,1,two_path_selected,stable_two_path_selected,soft_two_path_correction,0.0164192268363328,0.178359072777158,13.95459984056,0.178359072777158,0.711864660402405,0.711864660402405,0.733088367443976,0.0911895527670443,32.7283871260088,0.00112830038065503,0.000301156496614219
Light_multipath,3,10,21,20270109,4.25547347993782,3.49596638329407,3.49596638329407,4.25547347993782,3.72073535123606,1.25547347993782,0.495966383294069,0.495966383294069,1.25547347993782,0.720735351236064,1,0,1,two_path_selected,unstable_split_fit,soft_two_path_correction,0.0164464562759895,1.37617363392205,19.2312184618528,1.37617363392205,0.704059423624551,0.704059423624551,0.804310678207633,0.217555210839946,20.5713498363208,0.00161664628436209,0.000316360414964967
Light_multipath,3,10,22,20270109,4.18886540448831,3.52857770620744,3.52857770620744,4.18886540448831,3.76358534703432,1.18886540448831,0.528577706207444,0.528577706207444,1.18886540448831,0.763585347034316,1,0,1,two_path_selected,unstable_split_fit,soft_two_path_correction,0.0163514987132135,1.30248151759987,15.5073602790371,1.30248151759987,0.644082963473741,0.644082963473741,0.756387514144254,0.115505743133713,30.5491612682295,0.00177699612303384,0.000432898442888296
Light_multipath,3,10,23,20270109,4.25206037540456,3.52279005913512,3.52279005913512,4.25206037540456,3.77766519348761,1.25206037540456,0.52279005913512,0.52279005913512,1.25206037540456,0.777665193487611,1,0,1,two_path_selected,split_invalid,soft_two_path_correction,0.016539145602399,NaN,20.1598582569517,NaN,0.65050663839398,0.65050663839398,0.814713655151739,0.193277947984629,20.4852405181189,0.00110541293314537,0.0002048179219305
Light_multipath,3,10,24,20270109,4.23691870998883,4.10207611835035,4.23691870998883,4.23691870998883,4.23691870998883,1.23691870998883,1.10207611835035,1.23691870998883,1.23691870998883,1.23691870998883,0,0,0,weak_echo,weak_echo,v3_weak_echo,NaN,NaN,NaN,NaN,0,0,0.771020985953028,0.0288770877278486,52.9904782082455,0.00118543733821008,0.000271440272917811
Light_multipath,3,10,25,20270109,4.27897788753289,2.94301439555751,2.94301439555751,4.27897788753289,3.38952836417675,1.27897788753289,-0.0569856044424943,-0.0569856044424943,1.27897788753289,0.389528364176749,1,0,1,two_path_selected,unstable_split_fit,soft_two_path_correction,0.0164374753551456,2.05610461840784,28.9216382971174,2.05610461840784,0.665773824433617,0.665773824433617,0.889335443471444,0.241424916544248,26.9811060035145,0.00114415261076473,0.000126617141271268
Light_multipath,3,10,26,20270109,4.32191018759272,3.63167772921997,3.63167772921997,4.32191018759272,3.72345409495689,1.32191018759272,0.631677729219968,0.631677729219968,1.32191018759272,0.723454094956888,1,0,1,two_path_selected,unstable_split_fit,soft_two_path_correction,0.0163362533347473,1.03629641086072,27.9305166423307,1.03629641086072,0.867035569504676,0.867035569504676,0.882691773379826,0.165033874610751,23.1529482594797,0.00129516895728798,0.000151933973552953
Light_multipath,3,10,27,20270109,4.28722673044014,3.1887729680761,3.1887729680761,4.28722673044014,3.48585662853443,1.28722673044014,0.188772968076096,0.188772968076096,1.28722673044014,0.485856628534428,1,0,1,two_path_selected,unstable_split_fit,soft_two_path_correction,0.0164273152716479,1.57175728812164,25.2035060407881,1.57175728812164,0.729543772676455,0.729543772676455,0.862280738697768,0.193977511191247,28.185359042381,0.00152069329052629,0.000209428756638541
Light_multipath,3,10,28,20270109,4.24938899670123,3.76924648776483,3.76924648776483,3.76924648776483,3.83947266056364,1.24938899670123,0.769246487764827,0.769246487764827,0.769246487764827,0.839472660563643,1,1,1,two_path_selected,stable_two_path_selected,soft_two_path_correction,0.0166464044853495,0.424097904747457,19.3788950401285,0.424097904747457,0.853738897323674,0.853738897323674,0.806003241298418,0.103423876349374,27.9227519188915,0.00174641091421668,0.000338798056719103
Light_multipath,3,10,29,20270109,4.19856701057039,2.5284651126677,2.5284651126677,2.5284651126677,2.58953268097772,1.19856701057039,-0.471534887332297,-0.471534887332297,-0.471534887332297,-0.41046731902228,1,1,1,two_path_selected,stable_two_path_selected,soft_two_path_correction,0.016304705302433,0.635982442063194,30.4692719351409,0.635982442063194,0.963434824912956,0.963434824912956,0.898965065848209,0.321314798412908,26.8485599514429,0.00182736782937476,0.000184627988311981
Light_multipath,3,10,30,20270109,4.24259737050658,4.07279997779631,4.24259737050658,4.24259737050658,4.24259737050658,1.24259737050658,1.07279997779631,1.24259737050658,1.24259737050658,1.24259737050658,0,0,0,weak_echo,weak_echo,v3_weak_echo,NaN,NaN,NaN,NaN,0,0,0.862163828068476,0.0359095235641656,47.8862791806926,0.00147070498381585,0.00020271634500979
Light_multipath,3,10,31,20270109,4.20612141396778,4.05442744770812,4.20612141396778,4.20612141396778,4.20612141396778,1.20612141396778,1.05442744770812,1.20612141396778,1.20612141396778,1.20612141396778,0,0,0,weak_echo,weak_echo,v3_weak_echo,NaN,NaN,NaN,NaN,0,0,0.839139205021459,0.065501125971335,31.0306992765091,0.00195861996869184,0.000315065165224615
Light_multipath,3,10,32,20270109,4.2176058582863,3.43103673441483,3.43103673441483,3.43103673441483,3.50723394736527,1.2176058582863,0.431036734414832,0.431036734414832,0.431036734414832,0.50723394736527,1,1,1,two_path_selected,stable_two_path_selected,soft_two_path_correction,0.0162985218783029,0.00913792363897503,22.674845760118,0.00913792363897503,0.903127124320114,0.903127124320114,0.840193773471327,0.143785265032268,27.9949743820238,0.00148532582196714,0.000237364314774169
Light_multipath,3,10,33,20270109,4.24965607911524,3.95985806244037,3.95985806244037,4.24965607911524,4.07506521247876,1.24965607911524,0.959858062440371,0.959858062440371,1.24965607911524,1.07506521247876,1,0,1,two_path_selected,unstable_split_fit,soft_two_path_correction,0.0163940667958213,1.26254144118001,13.7766910113058,1.26254144118001,0.602457079036383,0.602457079036383,0.730280409760004,0.283356001287645,13.2876374683405,0.00145882596601576,0.000393473941785238
Light_multipath,3,10,34,20270109,4.23340988359411,3.20121553142321,3.20121553142321,3.20121553142321,3.54921635659613,1.23340988359411,0.201215531423206,0.201215531423206,0.201215531423206,0.549216356596129,1,1,1,two_path_selected,stable_two_path_selected,soft_two_path_correction,0.0164541663375435,0.00198772507850009,12.6978992247938,0.00198772507850009,0.662853391475153,0.662853391475153,0.712609704932282,0.208687658178997,24.7038678245805,0.00152432531841118,0.000438076303037382
Light_multipath,3,10,35,20270109,4.30899991087015,3.18844718561779,3.18844718561779,4.30899991087015,3.24606941593526,1.30899991087015,0.188447185617793,0.188447185617793,1.30899991087015,0.246069415935255,1,0,1,two_path_selected,unstable_split_fit,soft_two_path_correction,0.0163734439110203,0.850248983530531,35.4069133049817,0.850248983530531,0.948576957586279,0.948576957586279,0.924433214048257,0.191596458070093,29.8698825334141,0.00198384725601053,0.0001499129609559
Light_multipath,3,10,36,20270109,4.30325769330972,1.35547612790718,4.30325769330972,4.30325769330972,4.30325769330972,1.30325769330972,-1.64452387209282,1.30325769330972,1.30325769330972,1.30325769330972,0,0,0,excessive_shift,excessive_shift,v3_excessive_shift,NaN,NaN,NaN,NaN,0,0,0.710885594675381,0.599669766220215,28.2096116951915,0.00152494283292404,0.000440882940294873
Light_multipath,3,10,37,20270109,4.20810170443816,4.14745713035282,4.20810170443816,4.20810170443816,4.20810170443816,1.20810170443816,1.14745713035282,1.20810170443816,1.20810170443816,1.20810170443816,0,0,0,weak_echo,weak_echo,v3_weak_echo,NaN,NaN,NaN,NaN,0,0,0.905991480322,0.0280724165580218,58.0853633427834,0.00159214962235765,0.000149675629103729
Light_multipath,3,10,38,20270109,4.22289053413729,2.75042816283215,2.75042816283215,4.22289053413729,2.99497738277083,1.22289053413729,-0.249571837167847,-0.249571837167847,1.22289053413729,-0.00502261722916852,1,0,1,two_path_selected,unstable_split_fit,soft_two_path_correction,0.01643804223661,1.17920439484975,28.4993032720251,1.17920439484975,0.833918187177905,0.833918187177905,0.886551742794415,0.352637286018873,22.5568419755315,0.00167019988652317,0.00018948126631102
Light_multipath,3,10,39,20270109,4.20212429479428,2.44568808710488,2.44568808710488,4.20212429479428,3.05296404487792,1.20212429479428,-0.554311912895118,-0.554311912895118,1.20212429479428,0.0529640448779158,1,0,1,two_path_selected,unstable_split_fit,soft_two_path_correction,0.0161887637752376,2.05600528335745,26.3852451175697,2.05600528335745,0.654256752898581,0.654256752898581,0.871528998276071,0.473212665168346,21.3839637194998,0.00165149280020804,0.000212168934382584
Light_multipath,3,10,40,20270109,4.2015122122663,3.38388627266434,3.38388627266434,4.2015122122663,3.91497716684582,1.2015122122663,0.383886272664341,0.383886272664341,1.2015122122663,0.914977166845822,1,0,1,two_path_selected,unstable_split_fit,soft_two_path_correction,0.0163321301131798,3.0296043344999,11.6723657043993,3.0296043344999,0.350447596562272,0.350447596562272,0.694739134966458,0.195982718120295,20.4511016062454,0.00083484276576673,0.000254844824844946
Light_multipath,3,10,41,20270109,4.23412144650461,3.20334599365284,3.20334599365284,3.20334599365284,3.38864809997919,1.23412144650461,0.203345993652843,0.203345993652843,0.203345993652843,0.388648099979187,1,1,1,two_path_selected,stable_two_path_selected,soft_two_path_correction,0.016351093693781,0.0205293364109522,17.7286333157329,0.0205293364109522,0.820230384984737,0.820230384984737,0.786226793513415,0.289595825376018,20.1480108692038,0.00165048655315059,0.000352829802729993
Light_multipath,3,10,42,20270109,4.20169984582957,3.62083081640266,3.62083081640266,3.62083081640266,3.66614411217176,1.20169984582957,0.620830816402664,0.620830816402664,0.620830816402664,0.666144112171759,1,1,1,two_path_selected,stable_two_path_selected,soft_two_path_correction,0.0163740477147597,0.0668998138631425,24.4073985160469,0.0668998138631425,0.921990511675581,0.921990511675581,0.85567796900314,0.120692677350375,27.0358068674246,0.00151237755461042,0.000218269400315441
Light_multipath,3,10,43,20270109,4.22568384410563,3.2564985979106,3.2564985979106,3.2564985979106,3.37835874489008,1.22568384410563,0.2564985979106,0.2564985979106,0.2564985979106,0.378358744890083,1,1,1,two_path_selected,stable_two_path_selected,soft_two_path_correction,0.0164023019916928,0.510639414599095,20.5886537216795,0.510639414599095,0.874265371395303,0.874265371395303,0.819328732951651,0.167574407857613,29.7977312495483,0.00211973643343288,0.000382975467236868
Light_multipath,3,10,44,20270109,4.22016056623979,2.94642141144253,2.94642141144253,2.94642141144253,3.32955001361318,1.22016056623979,-0.0535785885574693,-0.0535785885574693,-0.0535785885574693,0.329550013613179,1,1,1,two_path_selected,stable_two_path_selected,soft_two_path_correction,0.0166849430016242,0.27025903729859,13.610730891111,0.27025903729859,0.69920952753342,0.69920952753342,0.727634415457836,0.229111868621749,27.1342491227586,0.00134943790397335,0.000367540443519054
Light_multipath,3,10,45,20270109,4.26686339263484,3.89118350041109,3.89118350041109,4.26686339263484,3.946732784228,1.26686339263484,0.891183500411088,0.891183500411088,1.26686339263484,0.946732784227999,1,0,1,two_path_selected,unstable_split_fit,soft_two_path_correction,0.0165173194181129,0.992087524740445,24.2963942929553,0.992087524740445,0.852136659515896,0.852136659515896,0.854732511786046,0.46118465601132,11.4170340053174,0.00168696190943396,0.000245060719296086
Light_multipath,3,10,46,20270109,4.25084533796805,3.82114836763361,3.82114836763361,4.25084533796805,3.96068565674962,1.25084533796805,0.82114836763361,0.82114836763361,1.25084533796805,0.960685656749622,1,0,1,two_path_selected,unstable_split_fit,soft_two_path_correction,0.0164084702169557,1.07414633378243,15.0338342992154,1.07414633378243,0.675265829760431,0.675265829760431,0.749506428007034,0.111443354883989,24.022502573501,0.00139218922351114,0.00034873445148742
Light_multipath,3,10,47,20270109,4.24552927224587,3.19705727150061,3.19705727150061,4.24552927224587,3.69369949250497,1.24552927224587,0.19705727150061,0.19705727150061,1.24552927224587,0.693699492504971,1,0,1,two_path_selected,unstable_split_fit,soft_two_path_correction,0.0161692847832926,1.2627235811487,11.6625285270057,1.2627235811487,0.526318088941484,0.526318088941484,0.69456244236204,0.217863020690845,23.4483279702362,0.0010974811509894,0.000335211962311899
Light_multipath,3,10,48,20270109,4.23764076894558,4.09140495220913,4.09140495220913,4.23764076894558,4.12301575250064,1.23764076894558,1.09140495220913,1.09140495220913,1.23764076894558,1.12301575250064,1,0,1,two_path_selected,unstable_split_fit,soft_two_path_correction,0.0163475769109133,1.01012592451095,19.2736613142473,1.01012592451095,0.783836812369429,0.783836812369429,0.804798634299808,0.382123862952693,11.0200219054428,0.00162816532189392,0.000317820094419385
Light_multipath,3,10,49,20270109,4.21803459055129,3.32292237063452,3.32292237063452,4.21803459055129,3.65950364231792,1.21803459055129,0.322922370634521,0.322922370634521,1.21803459055129,0.659503642317923,1,0,1,two_path_selected,split_invalid,soft_two_path_correction,0.0163849396944004,NaN,18.2689773424496,NaN,0.623978687594391,0.623978687594391,0.792914712041082,0.163115936902905,28.2564785249378,0.00187473072480171,0.000388229151990993
Light_multipath,3,10,50,20270109,4.2683570715811,4.08175253340196,4.2683570715811,4.2683570715811,4.2683570715811,1.2683570715811,1.08175253340196,1.2683570715811,1.2683570715811,1.2683570715811,0,0,0,weak_echo,weak_echo,v3_weak_echo,NaN,NaN,NaN,NaN,0,0,0.746532760674888,0.0388959154371071,51.3001174860286,0.00215366978924703,0.000545884735898339
Light_multipath,5,10,1,20270109,6.22301749232499,5.63685216384,5.63685216384,6.22301749232499,5.71784367200325,1.22301749232499,0.63685216384,0.63685216384,1.22301749232499,0.717843672003246,1,0,1,two_path_selected,unstable_split_fit,soft_two_path_correction,0.0162955225705537,0.771842681326216,20.2058776197387,0.771842681326216,0.861828217693158,0.861828217693158,0.81521455096762,0.13023365553858,25.337310147363,0.00149231095131142,0.000275757349234018
Light_multipath,5,10,2,20270109,6.23992244674607,5.27057931267812,5.27057931267812,6.23992244674607,5.59702435134369,1.23992244674607,0.270579312678123,0.270579312678123,1.23992244674607,0.597024351343695,1,0,1,two_path_selected,unstable_split_fit,soft_two_path_correction,0.016484966070901,1.59537646461471,19.1835689300068,1.59537646461471,0.663230669107222,0.663230669107222,0.803761408520624,0.166797862838752,28.1733948063964,0.00121618131713586,0.000238661708658272
Light_multipath,5,10,3,20270109,6.24587729068336,5.93746125327243,6.24587729068336,6.24587729068336,6.24587729068336,1.24587729068336,0.937461253272435,1.24587729068336,1.24587729068336,1.24587729068336,0,0,0,weak_echo,weak_echo,v3_weak_echo,NaN,NaN,NaN,NaN,0,0,0.818827958938537,0.0669264297120442,34.4039531008529,0.00190938517812711,0.000345927209893793
Light_multipath,5,10,4,20270109,6.22484209447415,4.96518326068684,4.96518326068684,4.96518326068684,5.21787838712113,1.22484209447415,-0.0348167393131593,-0.0348167393131593,-0.0348167393131593,0.217878387121131,1,1,1,two_path_selected,stable_two_path_selected,soft_two_path_correction,0.0161178244960898,0.316281354130371,16.851299745698,0.316281354130371,0.799393994900562,0.799393994900562,0.774904776699571,0.27140123965231,23.5886264337217,0.00146677803153694,0.000330164728540971
Light_multipath,5,10,5,20270109,6.29770165627015,3.78669240755352,6.29770165627015,6.29770165627015,6.29770165627015,1.29770165627015,-1.21330759244648,1.29770165627015,1.29770165627015,1.29770165627015,0,0,0,excessive_shift,excessive_shift,v3_excessive_shift,NaN,NaN,NaN,NaN,0,0,0.784379300655146,0.680644645548754,22.8868329843864,0.00150086540021466,0.000323617647216778
Light_multipath,5,10,6,20270109,6.24122070356223,3.62588794853905,6.24122070356223,6.24122070356223,6.24122070356223,1.24122070356223,-1.37411205146095,1.24122070356223,1.24122070356223,1.24122070356223,0,0,0,excessive_shift,excessive_shift,v3_excessive_shift,NaN,NaN,NaN,NaN,0,0,0.773511910625415,0.606447852093782,25.4255828577842,0.00181447528065015,0.000410957039531867
Light_multipath,5,10,7,20270109,6.22943531034779,5.18932860620057,5.18932860620057,5.18932860620057,5.2898295286087,1.22943531034779,0.18932860620057,0.18932860620057,0.18932860620057,0.289829528608701,1,1,1,two_path_selected,stable_two_path_selected,soft_two_path_correction,0.0165318412519978,0.717577125056222,22.6952934509326,0.717577125056222,0.90337441148355,0.90337441148355,0.840385873701535,0.19279426771498,26.7854392927276,0.00139270918257339,0.000222296059364302
Light_multipath,5,10,8,20270109,6.22022343269882,5.23185964248871,5.23185964248871,6.22022343269882,5.65893921162292,1.22022343269882,0.231859642488711,0.231859642488711,1.22022343269882,0.658939211622925,1,0,1,two_path_selected,unstable_split_fit,soft_two_path_correction,0.0165974176390412,1.36606906408013,13.2290931701509,1.36606906408013,0.56789233542902,0.56789233542902,0.721450856286932,0.18682313675785,26.4932052249539,0.00178451212911912,0.000497074325511715
Light_multipath,5,10,9,20270109,6.22730204622064,6.04224238037145,6.22730204622064,6.22730204622064,6.22730204622064,1.22730204622064,1.04224238037145,1.22730204622064,1.22730204622064,1.22730204622064,0,0,0,weak_echo,weak_echo,v3_weak_echo,NaN,NaN,NaN,NaN,0,0,0.645223362442713,0.0386387247583473,34.9237811767093,0.000857108642944082,0.00030408212236499
Light_multipath,5,10,10,20270109,6.17624790639927,5.63840811670108,5.63840811670108,5.63840811670108,5.71156421255778,1.17624790639927,0.638408116701079,0.638408116701079,0.638408116701079,0.711564212557779,1,1,1,two_path_selected,stable_two_path_selected,soft_two_path_correction,0.0164508599673091,0.316660201807945,19.9597221560162,0.316660201807945,0.863981621929178,0.863981621929178,0.812519441831674,0.101473345777752,30.333830149906,0.00172069438133504,0.000322596743049797
Light_multipath,5,10,11,20270109,6.20621512577425,4.77085395966986,4.77085395966986,6.20621512577425,5.3324151712547,1.20621512577425,-0.229146040330139,-0.229146040330139,1.20621512577425,0.332415171254704,1,0,1,two_path_selected,unstable_split_fit,soft_two_path_correction,0.0162044806165167,1.91875972485572,18.9629889923291,1.91875972485572,0.608766612302229,0.608766612302229,0.801198564934608,0.253638430249183,28.4189717759654,0.00174223755733083,0.000346359326622192
Light_multipath,5,10,12,20270109,6.22042690715774,5.96889312483642,6.22042690715774,6.22042690715774,6.22042690715774,1.22042690715774,0.96889312483642,1.22042690715774,1.22042690715774,1.22042690715774,0,0,0,weak_echo,weak_echo,v3_weak_echo,NaN,NaN,NaN,NaN,0,0,0.884789022921137,0.0741482012336231,32.7276588807656,0.00238291886423503,0.000274538410648173
Light_multipath,5,10,13,20270109,6.29787182572327,5.84478155616176,5.84478155616176,6.29787182572327,5.96842102372924,1.29787182572327,0.844781556161765,0.844781556161765,1.29787182572327,0.96842102372924,1,0,1,two_path_selected,unstable_split_fit,soft_two_path_correction,0.0165994991598601,0.846123378460334,15.1037196435647,0.846123378460334,0.727119570042563,0.727119570042563,0.75053406897244,0.176267045239595,18.6018170345561,0.00142543227675529,0.000355596790037493
Light_multipath,5,10,14,20270109,6.20241867944485,4.89368813076072,4.89368813076072,6.20241867944485,5.15028814647765,1.20241867944485,-0.106311869239278,-0.106311869239278,1.20241867944485,0.150288146477649,1,0,1,two_path_selected,unstable_split_fit,soft_two_path_correction,0.0163465206229641,1.13942514925923,23.1129259272422,1.13942514925923,0.803932126460312,0.803932126460312,0.84425927964811,0.379734887471309,19.1592882663535,0.00116875159502561,0.000182022215321709
Light_multipath,5,10,15,20270109,6.24364561779121,6.08114904324208,6.24364561779121,6.24364561779121,6.24364561779121,1.24364561779121,1.08114904324208,1.24364561779121,1.24364561779121,1.24364561779121,0,0,0,weak_echo,weak_echo,v3_weak_echo,NaN,NaN,NaN,NaN,0,0,0.813361688775188,0.0318806818246064,44.7002897394016,0.000923573811942857,0.000172374256552477
Light_multipath,5,10,16,20270109,6.33314229321218,5.79592128430823,5.79592128430823,5.79592128430823,5.88634742938639,1.33314229321218,0.795921284308232,0.795921284308232,0.795921284308232,0.886347429386394,1,1,1,two_path_selected,stable_two_path_selected,soft_two_path_correction,0.0163010371707409,0.165446687397676,18.2550090479626,0.165446687397676,0.831677943380041,0.831677943380041,0.792744487511876,0.0837815176111771,34.037889399244,0.00125198524149894,0.000259480842854432
Light_multipath,5,10,17,20270109,6.22838433764445,4.80491555711579,4.80491555711579,4.80491555711579,4.85665853780877,1.22838433764445,-0.195084442884209,-0.195084442884209,-0.195084442884209,-0.143341462191229,1,1,1,two_path_selected,stable_two_path_selected,soft_two_path_correction,0.016398666712032,0.26735422083318,30.5165055266253,0.26735422083318,0.963650076910178,0.963650076910178,0.899245396391174,0.284265670960812,25.295563472547,0.00135641866455982,0.000136665424875337
Light_multipath,5,10,18,20270109,6.28116009014131,5.39449725651663,5.39449725651663,6.28116009014131,5.84578705586964,1.28116009014131,0.394497256516633,0.394497256516633,1.28116009014131,0.845787055869642,1,0,1,two_path_selected,unstable_split_fit,soft_two_path_correction,0.0166144355455529,3.10418535466487,20.7220861166338,3.10418535466487,0.491024341791642,0.491024341791642,0.820741264589457,0.162129716518159,28.6409892666454,0.00206665510791959,0.000370465981175405
Light_multipath,5,10,19,20270109,6.18729424891077,5.79983545275299,6.18729424891077,6.18729424891077,6.18729424891077,1.18729424891077,0.799835452752991,1.18729424891077,1.18729424891077,1.18729424891077,0,0,0,weak_echo,weak_echo,v3_weak_echo,NaN,NaN,NaN,NaN,0,0,0.768594953241694,0.0624364654047231,35.5592705373176,0.00107781607471025,0.000249412079165179
Light_multipath,5,10,20,20270109,6.22261533247169,5.48986997564164,5.48986997564164,5.48986997564164,5.72275325175929,1.22261533247169,0.489869975641639,0.489869975641639,0.489869975641639,0.722753251759292,1,1,1,two_path_selected,stable_two_path_selected,soft_two_path_correction,0.0165611917106439,0.0606585617689452,13.1700870060848,0.0606585617689452,0.682177070182832,0.682177070182832,0.720482346052729,0.117989537757007,29.7254343213073,0.000887856655355845,0.000248171609346537
Light_multipath,5,10,21,20270109,6.20987955856562,5.73239124433852,5.73239124433852,5.73239124433852,5.74755311320666,1.20987955856562,0.732391244338515,0.732391244338515,0.732391244338515,0.747553113206662,1,1,1,two_path_selected,stable_two_path_selected,soft_two_path_correction,0.0164652457634666,0.724628544369288,31.5980483033537,0.724628544369288,0.968246617945638,0.968246617945638,0.905455773545062,0.196533667536605,18.1365701212351,0.00133376958390352,0.000126100213579283
Light_multipath,5,10,22,20270109,6.17566200288738,6.37449570931587,6.37449570931587,6.17566200288738,6.35744395190368,1.17566200288738,1.37449570931587,1.37449570931587,1.17566200288738,1.35744395190368,1,0,1,two_path_selected,unstable_split_fit,soft_two_path_correction,0.0163853097949791,0.853075644409889,27.2989431138226,0.853075644409889,0.914241112744528,0.914241112744528,0.878251642587358,0.142475079963478,17.339245632939,0.00152320618172497,0.000185447850625797
Light_multipath,5,10,23,20270109,6.27583723640221,5.35662299638542,5.35662299638542,6.27583723640221,5.51698610712236,1.27583723640221,0.356622996385417,0.356622996385417,1.27583723640221,0.516986107122364,1,0,1,two_path_selected,unstable_split_fit,soft_two_path_correction,0.0165056281682221,1.02366950362953,22.4891280860937,1.02366950362953,0.825543269723478,0.825543269723478,0.838438388358589,0.155707259957443,29.5892800134452,0.00156823063639733,0.000253365869041788
Light_multipath,5,10,24,20270109,6.176524987886,5.25255701733222,5.25255701733222,5.25255701733222,5.3573898599686,1.176524987886,0.25255701733222,0.25255701733222,0.25255701733222,0.357389859968595,1,1,1,two_path_selected,stable_two_path_selected,soft_two_path_correction,0.0164073739798046,0.0128373392221341,21.4104824032857,0.0128373392221341,0.886540609656042,0.886540609656042,0.827855143350941,0.304155397639682,18.4123229521145,0.00155020947793494,0.000266860588355122
Light_multipath,5,10,25,20270109,6.2635447553657,4.61284842328699,4.61284842328699,4.61284842328699,4.73280370980797,1.2635447553657,-0.387151576713006,-0.387151576713006,-0.387151576713006,-0.267196290192031,1,1,1,two_path_selected,stable_two_path_selected,soft_two_path_correction,0.0163361260413869,0.32946658953425,24.974667490332,0.32946658953425,0.927330494295146,0.927330494295146,0.860414353553082,0.323915093340604,26.3656452193065,0.00180325306693807,0.000251708245055937
Light_multipath,5,10,26,20270109,6.24547413017103,5.11748027188038,5.11748027188038,6.24547413017103,5.40499241977829,1.24547413017103,0.117480271880382,0.117480271880382,1.24547413017103,0.404992419778285,1,0,1,two_path_selected,unstable_split_fit,soft_two_path_correction,0.0162132736373663,0.987213017266964,17.0382968003612,0.987213017266964,0.745111956253381,0.745111956253381,0.777367217119211,0.201325837778368,27.2411730269632,0.00129219625339094,0.000287685247920555
Light_multipath,5,10,27,20270109,6.27070764943871,5.275870480198,5.275870480198,6.27070764943871,5.665558599342,1.27070764943871,0.275870480198003,0.275870480198003,1.27070764943871,0.665558599342003,1,0,1,two_path_selected,unstable_split_fit,soft_two_path_correction,0.0163981111760976,1.7294045040241,17.1554122919278,1.7294045040241,0.608289546075745,0.608289546075745,0.778895695987505,0.169402798075805,28.7153876454653,0.00138452830101343,0.000306125166381177
Light_multipath,5,10,28,20270109,6.2730383517834,5.60944764997283,5.60944764997283,5.60944764997283,5.66694078376285,1.2730383517834,0.609447649972833,0.609447649972833,0.609447649972833,0.666940783762847,1,1,1,two_path_selected,stable_two_path_selected,soft_two_path_correction,0.0161340527609175,0.479777344136916,23.568000145236,0.479777344136916,0.913360549457449,0.913360549457449,0.848373008153509,0.699583087983419,10.2277733061021,0.00146300878497008,0.000221831621110002
Light_multipath,5,10,29,20270109,6.20788953225461,5.72069049402425,6.20788953225461,6.20788953225461,6.20788953225461,1.20788953225461,0.720690494024247,1.20788953225461,1.20788953225461,1.20788953225461,0,0,0,weak_echo,weak_echo,v3_weak_echo,NaN,NaN,NaN,NaN,0,0,0.819953053645851,0.0786448125626336,34.0663315186866,0.0012553048419286,0.000226013803532821
Light_multipath,5,10,30,20270109,6.20850534857476,5.40575298308833,5.40575298308833,5.40575298308833,5.56278378586594,1.20850534857476,0.405752983088325,0.405752983088325,0.405752983088325,0.562783785865943,1,1,1,two_path_selected,stable_two_path_selected,soft_two_path_correction,0.0164630849305672,0.52459112676582,17.0528343804303,0.52459112676582,0.804384503205465,0.804384503205465,0.77755752055652,0.238247828876344,19.9174959009859,0.00164281716922976,0.000365432324395787
Light_multipath,5,10,31,20270109,6.1893733582252,4.7409550575518,4.7409550575518,4.7409550575518,4.85661415778691,1.1893733582252,-0.259044942448197,-0.259044942448197,-0.259044942448197,-0.143385842213091,1,1,1,two_path_selected,stable_two_path_selected,soft_two_path_correction,0.016452463001551,0.477385610969996,24.2206427168294,0.477385610969996,0.92014799855723,0.92014799855723,0.85408375914128,0.254996831030183,28.50610096889,0.00166002761519568,0.000242224989331019
Light_multipath,5,10,32,20270109,6.28169348904654,5.37404453350848,5.37404453350848,5.37404453350848,5.51823314002823,1.28169348904654,0.374044533508485,0.374044533508485,0.374044533508485,0.518233140028229,1,1,1,two_path_selected,stable_two_path_selected,soft_two_path_correction,0.0166066958097903,0.351911906122826,18.7178838474138,0.351911906122826,0.841140558097961,0.841140558097961,0.798311493027478,0.168393742481793,26.0905991321129,0.0011040909044655,0.000222682446083589
Light_multipath,5,10,33,20270109,6.23337985799653,5.59399158649725,5.59399158649725,5.59399158649725,5.64603990568358,1.23337985799653,0.593991586497253,0.593991586497253,0.593991586497253,0.646039905683576,1,1,1,two_path_selected,stable_two_path_selected,soft_two_path_correction,0.0165560804953351,0.182960286821666,24.0667151298295,0.182960286821666,0.918596693892623,0.918596693892623,0.852756551633342,0.171618625501583,20.6727410057558,0.00102451316026353,0.000150852850614225
Light_multipath,5,10,34,20270109,6.25376190615089,5.84438210714499,6.25376190615089,6.25376190615089,6.25376190615089,1.25376190615089,0.844382107144988,1.25376190615089,1.25376190615089,1.25376190615089,0,0,0,weak_echo,weak_echo,v3_weak_echo,NaN,NaN,NaN,NaN,0,0,0.863492994979413,0.0688589480736899,38.2241801038529,0.00168728874403712,0.000230326733053454
Light_multipath,5,10,35,20270109,6.25550200982662,4.76324539047351,4.76324539047351,6.25550200982662,5.477041678097,1.25550200982662,-0.236754609526486,-0.236754609526486,1.25550200982662,0.477041678096996,1,0,1,two_path_selected,unstable_split_fit,soft_two_path_correction,0.0162872501743991,1.04728672085262,10.8145434557178,1.04728672085262,0.521666529492152,0.521666529492152,0.678940379824363,0.281541207636966,26.1229325916361,0.00145434967367586,0.000466932953832933
Light_multipath,5,10,36,20270109,6.26025735855873,5.76128639748243,5.76128639748243,6.26025735855873,5.84842471226676,1.26025735855873,0.761286397482426,0.761286397482426,1.26025735855873,0.848424712266763,1,0,1,two_path_selected,unstable_split_fit,soft_two_path_correction,0.0161431674384366,0.876234619591008,19.7342641244511,0.876234619591008,0.825363955857519,0.825363955857519,0.810016469387569,0.0837793931605756,32.46788255218,0.00133701906582351,0.000254011602621285
Light_multipath,5,10,37,20270109,6.19157135659574,4.9453078320917,4.9453078320917,6.19157135659574,5.43828372642909,1.19157135659574,-0.0546921679082999,-0.0546921679082999,1.19157135659574,0.438283726429088,1,0,1,two_path_selected,unstable_split_fit,soft_two_path_correction,0.0165126854409061,1.54380220921766,15.5639847286897,1.54380220921766,0.604436874991128,0.604436874991128,0.757197600900098,0.261426461704719,23.5154101771191,0.00110087072579157,0.000267294053321043
Light_multipath,5,10,38,20270109,6.19219732604785,4.95833597136982,4.95833597136982,6.19219732604785,5.10849061340363,1.19219732604785,-0.0416640286301835,-0.0416640286301835,1.19219732604785,0.108490613403633,1,0,1,two_path_selected,unstable_split_fit,soft_two_path_correction,0.0164843530131683,0.872632264073104,23.6466306356769,0.872632264073104,0.878305093627802,0.878305093627802,0.849072712534526,0.237895082996172,25.7743101545427,0.00141179645254774,0.00021307860903641
Light_multipath,5,10,39,20270109,6.2347308351864,5.66004342341782,5.66004342341782,5.66004342341782,5.76280708566443,1.2347308351864,0.660043423417816,0.660043423417816,0.660043423417816,0.76280708566443,1,1,1,two_path_selected,stable_two_path_selected,soft_two_path_correction,0.0162090724064514,0.0343954533505695,17.7711556066265,0.0343954533505695,0.821183377011234,0.821183377011234,0.786760838650277,0.169968345495149,21.7470180678591,0.001863056489948,0.00039727660346367
Light_multipath,5,10,40,20270109,6.28824003133524,5.34994313793199,5.34994313793199,5.34994313793199,5.53382075382497,1.28824003133524,0.349943137931986,0.349943137931986,0.349943137931986,0.533820753824974,1,1,1,two_path_selected,stable_two_path_selected,soft_two_path_correction,0.0162466767011414,0.198835017076071,17.0383680889421,0.198835017076071,0.804030454341531,0.804030454341531,0.777368150715792,0.161850589614254,28.1840879276763,0.0012445890094781,0.000277085152778911
Light_multipath,5,10,41,20270109,6.25376152951458,5.77371593177426,5.77371593177426,6.25376152951458,5.90966527059434,1.25376152951458,0.773715931774255,0.773715931774255,1.25376152951458,0.909665270594345,1,0,1,two_path_selected,unstable_split_fit,soft_two_path_correction,0.0164120584742144,1.77708671875734,30.2044294333727,1.77708671875734,0.716799113542484,0.716799113542484,0.897378720843265,0.101583066177927,30.390308571696,0.00209398616555645,0.000214887538845909
Light_multipath,5,10,42,20270109,6.20680978570363,5.34702160991468,5.34702160991468,6.20680978570363,5.59111869894822,1.20680978570363,0.347021609914677,0.347021609914677,1.20680978570363,0.591118698948216,1,0,1,two_path_selected,unstable_split_fit,soft_two_path_correction,0.0163468522935182,1.54195064864992,22.8423089335672,1.54195064864992,0.716096247997882,0.716096247997882,0.841760260415394,0.190325002392524,23.3510119047935,0.00135137214339132,0.000213840776052132
Light_multipath,5,10,43,20270109,6.26079719596618,6.48276266282332,6.48276266282332,6.26079719596618,6.35591039928139,1.26079719596618,1.48276266282332,1.48276266282332,1.26079719596618,1.35591039928139,1,0,1,two_path_selected,unstable_split_fit,soft_two_path_correction,0.0163712257303126,2.20159241347788,12.0813499143724,2.20159241347788,0.42850450866045,0.42850450866045,0.70199543310513,0.209456872632755,11.5164317085844,0.00100206358963306,0.00029861952602972
Light_multipath,5,10,44,20270109,6.26967624185436,5.80921784913883,5.80921784913883,5.80921784913883,5.85364607943415,1.26967624185436,0.809217849138829,0.809217849138829,0.809217849138829,0.853646079434146,1,1,1,two_path_selected,stable_two_path_selected,soft_two_path_correction,0.0163548582275031,0.56165996472021,22.7067793148006,0.56165996472021,0.903513040487103,0.903513040487103,0.840493678815589,0.196908597851716,17.3769123554166,0.00118788428032079,0.000189475051546761
Light_multipath,5,10,45,20270109,6.15923117856733,4.73057629558306,4.73057629558306,6.15923117856733,5.08755958451812,1.15923117856733,-0.269423704416941,-0.269423704416941,1.15923117856733,0.0875595845181163,1,0,1,two_path_selected,unstable_split_fit,soft_two_path_correction,0.0166458653460087,0.940525553923016,16.7866269870799,0.940525553923016,0.750126294889801,0.750126294889801,0.774046820543818,0.351932873873674,21.5486824074848,0.00138097273292725,0.000312035179747205
Light_multipath,5,10,46,20270109,6.29455040984645,4.58456566502203,4.58456566502203,6.29455040984645,4.78969859793662,1.29455040984645,-0.415434334977967,-0.415434334977967,1.29455040984645,-0.21030140206338,1,0,1,two_path_selected,unstable_split_fit,soft_two_path_correction,0.0162742639376994,0.793837718621074,21.8717719842791,0.793837718621074,0.880038150319493,0.880038150319493,0.832463434161167,0.340386902306512,25.984739568826,0.00169615320430294,0.000284167682985448
Light_multipath,5,10,47,20270109,6.25878193787394,5.32682943544739,5.32682943544739,6.25878193787394,5.69020713114391,1.25878193787394,0.32682943544739,0.32682943544739,1.25878193787394,0.690207131143914,1,0,1,two_path_selected,unstable_split_fit,soft_two_path_correction,0.0161418225835976,2.48253213906611,30.2509793073784,2.48253213906611,0.610089897553377,0.610089897553377,0.89765933692049,0.234876244372761,23.4531964135908,0.00253218673367095,0.000259145669365024
Light_multipath,5,10,48,20270109,6.30351753116016,4.95895849239396,4.95895849239396,6.30351753116016,5.17649666511723,1.30351753116016,-0.0410415076060353,-0.0410415076060353,1.30351753116016,0.176496665117234,1,0,1,two_path_selected,unstable_split_fit,soft_two_path_correction,0.0164975499500286,0.898295476186195,20.9383247462493,0.898295476186195,0.838208537928621,0.838208537928621,0.823006980841004,0.378936985085972,19.5082822749259,0.00114618937030819,0.000202867517178795
Light_multipath,5,10,49,20270109,6.23937977022327,3.48886410364934,6.23937977022327,6.23937977022327,6.23937977022327,1.23937977022327,-1.51113589635066,1.23937977022327,1.23937977022327,1.23937977022327,0,0,0,excessive_shift,excessive_shift,v3_excessive_shift,NaN,NaN,NaN,NaN,0,0,0.627793898973872,0.548222681244165,27.9551631908576,0.00150890964466632,0.000561625375641972
Light_multipath,5,10,50,20270109,6.20894318179256,5.85838392004498,6.20894318179256,6.20894318179256,6.20894318179256,1.20894318179256,0.858383920044982,1.20894318179256,1.20894318179256,1.20894318179256,0,0,0,weak_echo,weak_echo,v3_weak_echo,NaN,NaN,NaN,NaN,0,0,0.819293908756649,0.0614333240258331,36.5952424459885,0.00133017555970705,0.000240370826062097
Light_multipath,10,10,1,20270109,11.2251795336173,10.6198763370117,10.6198763370117,10.6198763370117,10.6624787316702,1.22517953361734,0.619876337011707,0.619876337011707,0.619876337011707,0.66247873167015,1,1,1,two_path_selected,stable_two_path_selected,soft_two_path_correction,0.016230795817067,0.160155245299361,25.2305521566058,0.160155245299361,0.92961809073974,0.92961809073974,0.862499668680335,0.145483184508383,23.7343377420627,0.00138139436700557,0.000189942183146385
Light_multipath,10,10,2,20270109,11.186195493745,10.8019693849107,11.186195493745,11.186195493745,11.186195493745,1.18619549374498,0.80196938491072,1.18619549374498,1.18619549374498,1.18619549374498,0,0,0,weak_echo,weak_echo,v3_weak_echo,NaN,NaN,NaN,NaN,0,0,0.868571143944774,0.0761864148538107,32.9462403878323,0.00167765433892697,0.000220492190621258
Light_multipath,10,10,3,20270109,11.3069666789712,11.1620253579671,11.3069666789712,11.3069666789712,11.3069666789712,1.30696667897118,1.16202535796707,1.30696667897118,1.30696667897118,1.30696667897118,0,0,0,weak_echo,weak_echo,v3_weak_echo,NaN,NaN,NaN,NaN,0,0,0.808236263872166,0.045959925561718,34.9336547717745,0.00131303838611241,0.000251793146600177
Light_multipath,10,10,4,20270109,11.1917593068044,9.50662537453804,9.50662537453804,9.50662537453804,9.64026938678384,1.19175930680442,-0.493374625461964,-0.493374625461964,-0.493374625461964,-0.35973061321616,1,1,1,two_path_selected,stable_two_path_selected,soft_two_path_correction,0.0163520266718322,0.297852139457813,24.2753654785861,0.297852139457813,0.920692349915438,0.920692349915438,0.854552706303586,0.326384706989607,26.4653099412158,0.0016642448630686,0.000242059911381487
Light_multipath,10,10,5,20270109,11.2164813810534,10.5316444831249,10.5316444831249,10.5316444831249,10.6823465377263,1.21648138105338,0.53164448312495,0.53164448312495,0.53164448312495,0.682346537726275,1,1,1,two_path_selected,stable_two_path_selected,soft_two_path_correction,0.0164087343493094,0.231473854842889,16.1110077235124,0.231473854842889,0.779944604244916,0.779944604244916,0.764886090758177,0.133954647209019,25.4749758296227,0.00102333967148782,0.000240601390645745
Light_multipath,10,10,6,20270109,11.2054137718192,10.7380479483567,10.7380479483567,10.7380479483567,10.7958482653825,1.20541377181921,0.738047948356709,0.738047948356709,0.738047948356709,0.795848265382499,1,1,1,two_path_selected,stable_two_path_selected,soft_two_path_correction,0.016619138886938,0.123363433276236,20.7209443068715,0.123363433276236,0.876327463147443,0.876327463147443,0.820729224221933,0.0871003245575192,32.9634073952987,0.00191038147115918,0.000342475568366751
Light_multipath,10,10,7,20270109,11.272207854472,10.4834575060764,10.4834575060764,10.4834575060764,10.6117828488184,1.27220785447203,0.483457506076366,0.483457506076366,0.483457506076366,0.611782848818429,1,1,1,two_path_selected,stable_two_path_selected,soft_two_path_correction,0.0164165845306799,0.264989726162101,18.5270486098222,0.264989726162101,0.837305501033273,0.837305501033273,0.79603466259058,0.124450052054978,31.9124242056042,0.00132432329685095,0.000270116048081359
Light_multipath,10,10,8,20270109,11.2230071157321,10.9327552717887,11.2230071157321,11.2230071157321,11.2230071157321,1.22300711573209,0.932755271788722,1.22300711573209,1.22300711573209,1.22300711573209,0,0,0,weak_echo,weak_echo,v3_weak_echo,NaN,NaN,NaN,NaN,0,0,0.804485424507234,0.0561619710952959,38.4110322445018,0.00182454486958172,0.000356725115643775
Light_multipath,10,10,9,20270109,11.2864274598349,10.4217209477491,10.4217209477491,10.4217209477491,10.6376776942193,1.28642745983488,0.42172094774909,0.42172094774909,0.42172094774909,0.637677694219292,1,1,1,two_path_selected,stable_two_path_selected,soft_two_path_correction,0.016390227376918,0.0984228993478027,15.0984961373126,0.0984228993478027,0.750254284601969,0.750254284601969,0.750457405027296,0.170266960132705,25.4473237772923,0.00133290450862766,0.000332616449933765
Light_multipath,10,10,10,20270109,11.2438395877583,10.1582758764244,10.1582758764244,11.2438395877583,10.3190983444056,1.24383958775827,0.158275876424408,0.158275876424408,1.24383958775827,0.319098344405585,1,0,1,two_path_selected,unstable_split_fit,soft_two_path_correction,0.016616595840111,0.489449892025391,19.2764288594935,0.489449892025391,0.851853496665276,0.851853496665276,0.804830409866887,0.416150354604051,16.9428578937885,0.00169538288743087,0.000330887183258577
Light_multipath,10,10,11,20270109,11.214213757904,10.1008869026355,10.1008869026355,10.1008869026355,10.2341268298418,1.21421375790405,0.100886902635473,0.100886902635473,0.100886902635473,0.234126829841824,1,1,1,two_path_selected,stable_two_path_selected,soft_two_path_correction,0.0165957037529049,0.510941601065724,20.9836520933932,0.510941601065724,0.880322722320205,0.880322722320205,0.823478271317556,0.213708908566128,25.9129648012523,0.00138357096180619,0.00024423033793286
Light_multipath,10,10,12,20270109,11.2366922062889,10.8314636137076,11.2366922062889,11.2366922062889,11.2366922062889,1.23669220628894,0.831463613707619,1.23669220628894,1.23669220628894,1.23669220628894,0,0,0,weak_echo,weak_echo,v3_weak_echo,NaN,NaN,NaN,NaN,0,0,0.736970927594652,0.067915618701808,35.8080365988035,0.00178822926575095,0.000470356285018569
Light_multipath,10,10,13,20270109,11.2578833917165,8.97006572165932,8.97006572165932,11.2578833917165,9.09021298919549,1.25788339171651,-1.02993427834068,-1.02993427834068,1.25788339171651,-0.909787010804509,1,0,1,two_path_selected,unstable_split_fit,soft_two_path_correction,0.0163394455331377,0.057997329928595,27.5730835187554,0.057997329928595,0.947483897380177,0.947483897380177,0.88019919990817,0.682661364173329,21.5536964440893,0.00176546747655704,0.000211504416227637
Light_multipath,10,10,14,20270109,11.2319632357357,10.509517051174,10.509517051174,10.509517051174,10.7771167180421,1.23196323573569,0.509517051173999,0.509517051173999,0.509517051173999,0.777116718042137,1,1,1,two_path_selected,stable_two_path_selected,soft_two_path_correction,0.0163152335344364,0.035842945036844,11.9452067904863,0.035842945036844,0.629592248410181,0.629592248410181,0.699599305864711,0.141405972815957,27.2137734585562,0.00197966192785404,0.000594691817280557
Light_multipath,10,10,15,20270109,11.1627977533397,10.4797876351201,10.4797876351201,10.4797876351201,10.531545766003,1.16279775333974,0.479787635120061,0.479787635120061,0.479787635120061,0.531545766002983,1,1,1,two_path_selected,stable_two_path_selected,soft_two_path_correction,0.0164444328129777,0.239545322002691,24.6394250841928,0.239545322002691,0.924220550322396,0.924220550322396,0.85763438424429,0.152110276498311,23.2481737160182,0.000994721622755268,0.000141614156329073
Light_multipath,10,10,16,20270109,11.1970806861521,10.7156943721901,10.7156943721901,11.1970806861521,10.9101191356488,1.19708068615211,0.715694372190086,0.715694372190086,1.19708068615211,0.910119135648811,1,0,1,two_path_selected,unstable_split_fit,soft_two_path_correction,0.0163958638280762,1.28805328686896,13.7129595929689,1.28805328686896,0.596114891886891,0.596114891886891,0.729267358379427,0.137112838527866,21.3744530932666,0.0012470862775551,0.000337626962251258
Light_multipath,10,10,17,20270109,11.2702049467396,10.5071662371283,10.5071662371283,11.2702049467396,10.7182501040374,1.27020494673961,0.507166237128317,0.507166237128317,1.27020494673961,0.718250104037395,1,0,1,two_path_selected,unstable_split_fit,soft_two_path_correction,0.0161834394410373,1.31556924576702,19.7137732402292,1.31556924576702,0.723364143587672,0.723364143587672,0.809787335408913,0.132314751457022,29.093462205091,0.00131348420655986,0.00024984133082806
Light_multipath,10,10,18,20270109,11.2123734785857,10.1873806309079,10.1873806309079,11.2123734785857,10.5247386064903,1.21237347858573,0.187380630907935,0.187380630907935,1.21237347858573,0.524738606490253,1,0,1,two_path_selected,unstable_split_fit,soft_two_path_correction,0.0162284913131763,1.23863452401272,16.1180314895024,1.23863452401272,0.670867971082306,0.670867971082306,0.76498321099236,0.191371799764401,26.1340595901599,0.00130597248558106,0.000306925460093588
Light_multipath,10,10,19,20270109,11.2086350609366,9.54901179638846,9.54901179638846,9.54901179638846,10.2308064944757,1.20863506093663,-0.450988203611537,-0.450988203611537,-0.450988203611537,0.230806494475743,1,1,1,two_path_selected,stable_two_path_selected,soft_two_path_correction,0.0163477464249462,0.218741961573855,11.1169385855907,0.218741961573855,0.589187068745449,0.589187068745449,0.684600878333139,0.380018059693331,22.8782156392998,0.00135932939628103,0.000428731297642981
Light_multipath,10,10,20,20270109,11.2187224220197,10.4352012159079,11.2187224220197,11.2187224220197,11.2187224220197,1.21872242201972,0.435201215907906,1.21872242201972,1.21872242201972,1.21872242201972,0,0,0,insufficient_gain,insufficient_gain,v3_insufficient_gain,NaN,NaN,NaN,NaN,0,0,0.494096818901906,0.202673538902288,19.4782755148908,0.00115027187187833,0.000581926199110905
Light_multipath,10,10,21,20270109,11.226823159022,10.5266419797383,11.226823159022,11.226823159022,11.226823159022,1.22682315902204,0.526641979738251,1.22682315902204,1.22682315902204,1.22682315902204,0,0,0,insufficient_gain,insufficient_gain,v3_insufficient_gain,NaN,NaN,NaN,NaN,0,0,0.597873954122861,0.169880981917369,20.8748121298851,0.00102051104898049,0.000410374072900455
Light_multipath,10,10,22,20270109,11.2888034668709,11.2184488939995,11.2888034668709,11.2888034668709,11.2888034668709,1.28880346687091,1.21844889399951,1.28880346687091,1.28880346687091,1.28880346687091,0,0,0,weak_echo,weak_echo,v3_weak_echo,NaN,NaN,NaN,NaN,0,0,0.718672595688138,0.0489328346865092,31.2903971984877,0.00142401748828513,0.000400615143673955
Light_multipath,10,10,23,20270109,11.1890098818303,9.77732550344072,9.77732550344072,9.77732550344072,10.0032784509459,1.18900988183033,-0.222674496559284,-0.222674496559284,-0.222674496559284,0.00327845094591517,1,1,1,two_path_selected,stable_two_path_selected,soft_two_path_correction,0.0164596350954343,0.559804091560714,18.6576966743818,0.559804091560714,0.839940888371269,0.839940888371269,0.79759616507754,0.255903414349217,28.0689916389862,0.00217958679805563,0.000441156726472824
Light_multipath,10,10,24,20270109,11.2264654115334,10.6868775963301,10.6868775963301,10.6868775963301,10.7029218744076,1.22646541153336,0.686877596330056,0.686877596330056,0.686877596330056,0.702921874407592,1,1,1,two_path_selected,stable_two_path_selected,soft_two_path_correction,0.0163862709534605,0.293623124469466,32.1236261037879,0.293623124469466,0.970265677568183,0.970265677568183,0.908334013531091,0.0903788676143856,34.9709407760193,0.00176866462199143,0.000162126387307504
Light_multipath,10,10,25,20270109,11.248642414943,10.1484623421972,10.1484623421972,10.1484623421972,10.4550428547939,1.24864241494304,0.148462342197231,0.148462342197231,0.148462342197231,0.455042854793907,1,1,1,two_path_selected,stable_two_path_selected,soft_two_path_correction,0.0163333135152036,0.369286711609231,14.221989945319,0.369286711609231,0.72133606107633,0.72133606107633,0.737253731033731,0.24510513621859,22.3146509315851,0.0011299940201599,0.000296901712751207
Light_multipath,10,10,26,20270109,11.2002727966555,11.84511236237,11.84511236237,11.2002727966555,11.6333331572419,1.20027279665548,1.84511236236999,1.84511236236999,1.20027279665548,1.63333315724194,1,0,1,two_path_selected,unstable_split_fit,soft_two_path_correction,0.0163636363551059,1.12147916502533,15.2434127042156,1.12147916502533,0.671578457048641,0.671578457048641,0.752575590791901,0.233323855983415,11.2401890996214,0.00101591290831715,0.000251361651147253
Light_multipath,10,10,27,20270109,11.2170248196563,10.9701438709682,11.2170248196563,11.2170248196563,11.2170248196563,1.2170248196563,0.970143870968201,1.2170248196563,1.2170248196563,1.2170248196563,0,0,0,weak_echo,weak_echo,v3_weak_echo,NaN,NaN,NaN,NaN,0,0,0.940926503819863,0.0472030707162036,49.7987857344684,0.00208247880514456,0.000123019303740923
Light_multipath,10,10,28,20270109,11.2252867556269,8.80238874541258,8.80238874541258,11.2252867556269,9.06472673653343,1.2252867556269,-1.19761125458742,-1.19761125458742,1.2252867556269,-0.935273263466566,1,0,1,two_path_selected,unstable_split_fit,soft_two_path_correction,0.016245837109309,0.269749349663885,21.7846873020351,0.269749349663885,0.891725532806207,0.891725532806207,0.831603004647692,0.579335074969692,24.4070556835089,0.00166903629665716,0.000281060697491009
Light_multipath,10,10,29,20270109,11.2476338121503,10.3351182445849,10.3351182445849,11.2476338121503,10.4335560787483,1.24763381215026,0.335118244584883,0.335118244584883,1.24763381215026,0.433556078748286,1,0,1,two_path_selected,unstable_split_fit,soft_two_path_correction,0.0167068643724911,0.961821823157042,28.8292592135124,0.961821823157042,0.892124761853611,0.892124761853611,0.888732448344189,0.162181668815144,28.623027229264,0.00167630195005142,0.000186518013818082
Light_multipath,10,10,30,20270109,11.2333329413293,10.0673553449639,10.0673553449639,10.0673553449639,10.1546513378924,1.23333294132929,0.0673553449638788,0.0673553449638788,0.0673553449638788,0.154651337892428,1,1,1,two_path_selected,stable_two_path_selected,soft_two_path_correction,0.016457707373542,0.699156705823537,24.7360847268439,0.699156705823537,0.92513064298948,0.92513064298948,0.858441558479002,0.202243422199232,29.6008796293591,0.00217216437189749,0.000307488203213246
Light_multipath,10,10,31,20270109,11.2162332282423,10.9985714321622,11.2162332282423,11.2162332282423,11.2162332282423,1.21623322824226,0.998571432162173,1.21623322824226,1.21623322824226,1.21623322824226,0,0,0,weak_echo,weak_echo,v3_weak_echo,NaN,NaN,NaN,NaN,0,0,0.722933333153394,0.0532457251862389,34.5985969454608,0.00169936431133944,0.000470837205500896
Light_multipath,10,10,32,20270109,11.2339357646984,9.68239200674796,9.68239200674796,11.2339357646984,9.81644227900041,1.2339357646984,-0.317607993252041,-0.317607993252041,1.2339357646984,-0.183557720999593,1,0,1,two_path_selected,unstable_split_fit,soft_two_path_correction,0.0164593604720086,0.719750505136158,23.590326331807,0.719750505136158,0.913602003446216,0.913602003446216,0.848572009950409,0.309247052226468,25.6914528617766,0.00165595193297841,0.000250757472829655
Light_multipath,10,10,33,20270109,11.2141913159572,10.4080400129752,10.4080400129752,11.2141913159572,10.7133890330624,1.21419131595722,0.408040012975242,0.408040012975242,1.21419131595722,0.713389033062423,1,0,1,two_path_selected,unstable_split_fit,soft_two_path_correction,0.016367027934661,1.25843157606038,14.3719168475822,1.25843157606038,0.621226165661847,0.621226165661847,0.739560762618093,0.155968662154466,26.134862068818,0.00143992396072501,0.000375012698219157
Light_multipath,10,10,34,20270109,11.2193056582443,11.1200554019046,11.2193056582443,11.2193056582443,11.2193056582443,1.2193056582443,1.12005540190457,1.2193056582443,1.2193056582443,1.2193056582443,0,0,0,weak_echo,weak_echo,v3_weak_echo,NaN,NaN,NaN,NaN,0,0,0.816423682092592,0.0318202138437239,59.4277680315544,0.00198231449897235,0.000363905996655811
Light_multipath,10,10,35,20270109,11.2751673510125,10.6892260193313,10.6892260193313,11.2751673510125,10.9928001377205,1.27516735101247,0.689226019331329,0.689226019331329,1.27516735101247,0.992800137720495,1,0,1,two_path_selected,unstable_split_fit,soft_two_path_correction,0.0165878792639373,1.90462376839207,12.8059403014156,1.90462376839207,0.48190355932364,0.48190355932364,0.714430381331789,0.32212162846412,14.3714723384832,0.00140748192982532,0.000401934077982613
Light_multipath,10,10,36,20270109,11.2676487273592,11.1941235415313,11.1941235415313,11.2676487273592,11.2391302054749,1.26764872735917,1.19412354153129,1.19412354153129,1.26764872735917,1.2391302054749,1,0,1,two_path_selected,unstable_split_fit,soft_two_path_correction,0.0163136117516163,1.30584111542418,8.92563321402218,1.30584111542418,0.387874189818892,0.387874189818892,0.641209301592845,0.129487369296932,16.6207609474987,0.00117097647923026,0.000420135468801375
Light_multipath,10,10,37,20270109,11.2134744654558,10.0709496658154,10.0709496658154,10.0709496658154,10.2519514164065,1.21347446545582,0.0709496658154052,0.0709496658154052,0.0709496658154052,0.251951416406463,1,1,1,two_path_selected,stable_two_path_selected,soft_two_path_correction,0.0163107834918913,0.079439283713274,18.7399130080685,0.079439283713274,0.841577398890576,0.841577398890576,0.79857267838359,0.236230271699904,24.4972880121634,0.00156723586648067,0.000315684122926374
Light_multipath,10,10,38,20270109,11.2270176658242,10.5812835124648,10.5812835124648,10.5812835124648,10.6485647086487,1.22701766582423,0.581283512464768,0.581283512464768,0.581283512464768,0.648564708648655,1,1,1,two_path_selected,stable_two_path_selected,soft_two_path_correction,0.0164836208960104,0.12316630232754,22.0920567766263,0.12316630232754,0.89580666310764,0.89580666310764,0.834620356277721,0.170034365840292,22.5841872041935,0.0017067401606754,0.000282260079699004
Light_multipath,10,10,39,20270109,11.22834343195,11.2082070071321,11.2082070071321,11.22834343195,11.2158576903321,1.22834343194997,1.2082070071321,1.2082070071321,1.22834343194997,1.21585769033212,1,0,1,two_path_selected,split_invalid,soft_two_path_correction,0.016322463498362,NaN,18.0238504741236,NaN,0.6200575191862,0.6200575191862,0.789907070327665,0.10458600254459,19.1265949539535,0.00111701095725181,0.000234676104485132
Light_multipath,10,10,40,20270109,11.2139684692455,9.93390340598775,9.93390340598775,11.2139684692455,10.2403436830729,1.21396846924548,-0.0660965940122473,-0.0660965940122473,1.21396846924548,0.240343683072894,1,0,1,two_path_selected,unstable_split_fit,soft_two_path_correction,0.0165640721194844,1.55781197476631,30.9145661201544,1.55781197476631,0.760605702099815,0.760605702099815,0.90157719216512,0.234131715659787,27.9434054476794,0.00189997773201411,0.000187001143208576
Light_multipath,10,10,41,20270109,11.1443238046285,10.8357122778014,11.1443238046285,11.1443238046285,11.1443238046285,1.14432380462855,0.835712277801385,1.14432380462855,1.14432380462855,1.14432380462855,0,0,0,weak_echo,weak_echo,v3_weak_echo,NaN,NaN,NaN,NaN,0,0,0.804576797397724,0.0603830379613991,37.9470149678238,0.00196951036237358,0.000384888022573415
Light_multipath,10,10,42,20270109,11.1834072027792,10.4891696319776,10.4891696319776,11.1834072027792,10.5896968473991,1.1834072027792,0.489169631977642,0.489169631977642,1.1834072027792,0.589696847399058,1,0,1,two_path_selected,unstable_split_fit,soft_two_path_correction,0.0164135545640523,0.756347996625603,19.5596919569406,0.756347996625603,0.855197673463065,0.855197673463065,0.808055486428538,0.158892398545456,23.473912423178,0.00135002735477552,0.000259130343920555
Light_multipath,10,10,43,20270109,11.2596354070945,10.1952783720918,10.1952783720918,10.1952783720918,10.3031008021731,1.25963540709453,0.195278372091828,0.195278372091828,0.195278372091828,0.303100802173116,1,1,1,two_path_selected,stable_two_path_selected,soft_two_path_correction,0.0162844372010412,0.659381953552799,22.3171237179294,0.659381953552799,0.898697122736624,0.898697122736624,0.836795425827852,0.170524973895118,32.172478937083,0.00223772488894824,0.000365206937615214
Light_multipath,10,10,44,20270109,11.2739062428717,10.6999856746664,10.6999856746664,10.6999856746664,10.7257491565869,1.27390624287172,0.699985674666355,0.699985674666355,0.699985674666355,0.725749156586856,1,1,1,two_path_selected,stable_two_path_selected,soft_two_path_correction,0.0162693118626363,0.504907885327647,28.828263552025,0.504907885327647,0.955109673101518,0.955109673101518,0.888725931399467,0.116820155095221,28.1239794352036,0.00169320114147409,0.000188409379970889
Light_multipath,10,10,45,20270109,11.2484409561294,10.5781410903213,10.5781410903213,10.5781410903213,10.636648041836,1.24844095612941,0.578141090321321,0.578141090321321,0.578141090321321,0.63664804183602,1,1,1,two_path_selected,stable_two_path_selected,soft_two_path_correction,0.0164552538994407,0.175297843793345,23.5086367734227,0.175297843793345,0.912715257007899,0.912715257007899,0.847842606768876,0.141346181947906,26.3043198265806,0.00171589482028178,0.000261086082912865
Light_multipath,10,10,46,20270109,11.2152743656575,10.8905357945952,11.2152743656575,11.2152743656575,11.2152743656575,1.2152743656575,0.890535794595245,1.2152743656575,1.2152743656575,1.2152743656575,0,0,0,weak_echo,weak_echo,v3_weak_echo,NaN,NaN,NaN,NaN,0,0,0.754659894059675,0.0751967934779867,26.8781486541145,0.00114523354424412,0.000280971719071266
Light_multipath,10,10,47,20270109,11.2275856359845,10.6610244391845,10.6610244391845,10.6610244391845,10.733940793141,1.22758563598446,0.66102443918453,0.66102443918453,0.66102443918453,0.733940793140999,1,1,1,two_path_selected,stable_two_path_selected,soft_two_path_correction,0.0166400159618903,0.285397080992855,20.4021772223636,0.285397080992855,0.871300127208999,0.871300127208999,0.817336003283658,0.110602876511381,28.2992599257179,0.00151571784469229,0.000276867079405774
Light_multipath,10,10,48,20270109,11.2438549088004,10.4448127199278,10.4448127199278,10.4448127199278,10.5551120422398,1.24385490880044,0.444812719927839,0.444812719927839,0.444812719927839,0.555112042239756,1,1,1,two_path_selected,stable_two_path_selected,soft_two_path_correction,0.0163182849110745,0.447004966291207,19.8417277141549,0.447004966291207,0.861960577491482,0.861960577491482,0.81121364104818,0.133302057828286,30.5416036943274,0.00156735732284852,0.000295895682157044
Light_multipath,10,10,49,20270109,11.2079255445628,10.9683787169278,11.2079255445628,11.2079255445628,11.2079255445628,1.20792554456282,0.968378716927795,1.20792554456282,1.20792554456282,1.20792554456282,0,0,0,weak_echo,weak_echo,v3_weak_echo,NaN,NaN,NaN,NaN,0,0,0.795270661178418,0.0547215200759159,33.0391328658964,0.00125806458577382,0.000257562730840322
Light_multipath,10,10,50,20270109,11.1892690976177,10.8490363737104,11.1892690976177,11.1892690976177,11.1892690976177,1.18926909761768,0.849036373710412,1.18926909761768,1.18926909761768,1.18926909761768,0,0,0,weak_echo,weak_echo,v3_weak_echo,NaN,NaN,NaN,NaN,0,0,0.821432714760677,0.0611698696498504,37.3175197428194,0.00160894528367028,0.000287304991403614
Light_multipath,15,10,1,20270109,16.3090701443027,16.1965002046865,16.3090701443027,16.3090701443027,16.3090701443027,1.30907014430274,1.19650020468651,1.30907014430274,1.30907014430274,1.30907014430274,0,0,0,weak_echo,weak_echo,v3_weak_echo,NaN,NaN,NaN,NaN,0,0,0.917318267294662,0.042693242954864,41.1873185537087,0.0017781969151629,0.000147024402036955
Light_multipath,15,10,2,20270109,16.2820797972462,16.1152681547091,16.2820797972462,16.2820797972462,16.2820797972462,1.28207979724615,1.11526815470906,1.28207979724615,1.28207979724615,1.28207979724615,0,0,0,weak_echo,weak_echo,v3_weak_echo,NaN,NaN,NaN,NaN,0,0,0.723774962974273,0.0391387652823837,37.3064694779253,0.00114442469796283,0.00031611875456794
Light_multipath,15,10,3,20270109,16.1812248857777,16.0624199487883,16.1812248857777,16.1812248857777,16.1812248857777,1.18122488577766,1.06241994878834,1.18122488577766,1.18122488577766,1.18122488577766,0,0,0,weak_echo,weak_echo,v3_weak_echo,NaN,NaN,NaN,NaN,0,0,0.881772801690935,0.0314249366273878,62.0503257137176,0.00165076028783195,0.000195164763910238
Light_multipath,15,10,4,20270109,16.2244005608183,16.0867353069867,16.2244005608183,16.2244005608183,16.2244005608183,1.22440056081833,1.08673530698675,1.22440056081833,1.22440056081833,1.22440056081833,0,0,0,weak_echo,weak_echo,v3_weak_echo,NaN,NaN,NaN,NaN,0,0,0.756996488907135,0.0443287460833744,34.5340146006429,0.00130241528095687,0.00031649148617352
Light_multipath,15,10,5,20270109,16.2883931239657,15.3553759149713,15.3553759149713,16.2883931239657,15.6310517289177,1.28839312396574,0.355375914971326,0.355375914971326,1.28839312396574,0.631051728917669,1,0,1,two_path_selected,unstable_split_fit,soft_two_path_correction,0.0163923730026874,0.827366057199225,14.2612991578967,0.827366057199225,0.704532980432954,0.704532980432954,0.737860579091644,0.18521031822015,24.5766818063997,0.00113584403571743,0.000297749497765176
Light_multipath,15,10,6,20270109,16.2160959084306,15.4271947109806,15.4271947109806,15.4271947109806,15.705477295308,1.21609590843061,0.42719471098059,0.42719471098059,0.42719471098059,0.705477295308008,1,1,1,two_path_selected,stable_two_path_selected,soft_two_path_correction,0.016462834059456,0.441694060429711,12.3360320013792,0.441694060429711,0.647252932018719,0.647252932018719,0.706426653100991,0.136501302049449,28.0264745890679,0.00114869299635423,0.000337225647499162
Light_multipath,15,10,7,20270109,16.2677122204078,15.913428035587,15.913428035587,16.2677122204078,16.0063910573785,1.26771222040784,0.913428035586989,0.913428035586989,1.26771222040784,1.00639105737845,1,0,1,two_path_selected,unstable_split_fit,soft_two_path_correction,0.0164168591620822,0.876287343223972,15.7107000554485,0.876287343223972,0.737603241198944,0.737603241198944,0.759284045398587,0.0931132004017116,27.0770510625395,0.00179814737187112,0.000432842761133978
Light_multipath,15,10,8,20270109,16.2233826816008,15.3792405929472,15.3792405929472,15.3792405929472,15.4835954883563,1.22338268160084,0.379240592947216,0.379240592947216,0.379240592947216,0.483595488356263,1,1,1,two_path_selected,stable_two_path_selected,soft_two_path_correction,0.0163769635346476,0.17251993425743,20.7241862890369,0.17251993425743,0.876377571013559,0.876377571013559,0.820763408765653,0.165570646879868,25.7262587891024,0.00126511140349983,0.00022675425549501
Light_multipath,15,10,9,20270109,16.2576635095946,15.8320522883413,15.8320522883413,15.8320522883413,15.9388877378385,1.2576635095946,0.832052288341295,0.832052288341295,0.832052288341295,0.938887737838517,1,1,1,two_path_selected,stable_two_path_selected,soft_two_path_correction,0.0162803515568327,0.573630486630371,15.0578920625909,0.573630486630371,0.748983475617441,0.748983475617441,0.749860666417924,0.0837904182183799,30.358922508496,0.00151546481156739,0.000379077358032553
Light_multipath,15,10,10,20270109,16.2128019663477,15.7591505440752,16.2128019663477,16.2128019663477,16.2128019663477,1.21280196634768,0.759150544075244,1.21280196634768,1.21280196634768,1.21280196634768,0,0,0,weak_echo,weak_echo,v3_weak_echo,NaN,NaN,NaN,NaN,0,0,0.776499134545229,0.0746323537008445,32.6455292490817,0.00106515799815887,0.000238063734434579
Light_multipath,15,10,11,20270109,16.2367842993886,15.6235181125333,15.6235181125333,15.6235181125333,15.8157978326887,1.23678429938864,0.623518112533315,0.623518112533315,0.623518112533315,0.815797832688734,1,1,1,two_path_selected,stable_two_path_selected,soft_two_path_correction,0.0163562827232579,0.624712310236418,13.2787831229216,0.624712310236418,0.686466131222102,0.686466131222102,0.72226384953149,0.100288511994727,31.9357746042997,0.00145730105943342,0.000404745186320721
Light_multipath,15,10,12,20270109,16.1961963976297,16.0687550362876,16.1961963976297,16.1961963976297,16.1961963976297,1.19619639762969,1.06875503628756,1.19619639762969,1.19619639762969,1.19619639762969,0,0,0,weak_echo,weak_echo,v3_weak_echo,NaN,NaN,NaN,NaN,0,0,0.817957730615147,0.0382182108399015,51.4557100446359,0.00238225154773253,0.000433670477994808
Light_multipath,15,10,13,20270109,16.2349462800074,16.0333492302852,16.2349462800074,16.2349462800074,16.2349462800074,1.23494628000741,1.03334923028516,1.23494628000741,1.23494628000741,1.23494628000741,0,0,0,weak_echo,weak_echo,v3_weak_echo,NaN,NaN,NaN,NaN,0,0,0.796053750684314,0.0645023591358901,27.0465364991492,0.00103624291895277,0.000211337856700355
Light_multipath,15,10,14,20270109,16.2952540947328,16.0990593241909,16.2952540947328,16.2952540947328,16.2952540947328,1.2952540947328,1.09905932419087,1.2952540947328,1.2952540947328,1.2952540947328,0,0,0,weak_echo,weak_echo,v3_weak_echo,NaN,NaN,NaN,NaN,0,0,0.837013892555571,0.0454195070862913,41.5031990587532,0.00172820018104547,0.000281672620393358
Light_multipath,15,10,15,20270109,16.2244430178243,15.879435234495,16.2244430178243,16.2244430178243,16.2244430178243,1.22444301782427,0.879435234494998,1.22444301782427,1.22444301782427,1.22444301782427,0,0,0,weak_echo,weak_echo,v3_weak_echo,NaN,NaN,NaN,NaN,0,0,0.836105601217887,0.0692071607305056,28.5553086436013,0.000805538288259688,0.000132023213450294
Light_multipath,15,10,16,20270109,16.2247598971749,15.4499713958604,15.4499713958604,16.2247598971749,15.8200528996726,1.22475989717488,0.449971395860366,0.449971395860366,1.22475989717488,0.820052899672643,1,0,1,two_path_selected,split_invalid,soft_two_path_correction,0.0164715175953067,NaN,13.5379394866015,NaN,0.522345126206195,0.522345126206195,0.726465687236229,0.247500570494021,19.3613472951077,0.00184224685682199,0.000503917727922021
Light_multipath,15,10,17,20270109,16.2112138065554,15.9231776626637,15.9231776626637,15.9231776626637,15.9660201658424,1.21121380655542,0.923177662663708,0.923177662663708,0.923177662663708,0.966020165842375,1,1,1,two_path_selected,stable_two_path_selected,soft_two_path_correction,0.0164954950963576,0.520136506563212,19.2444423771074,0.520136506563212,0.85125997522459,0.85125997522459,0.804462841312407,0.699885152843159,8.15453572029313,0.00165391593690489,0.000323402023010511
Light_multipath,15,10,18,20270109,16.230169911178,17.0015051169979,17.0015051169979,17.0015051169979,16.8083136691065,1.23016991117802,2.00150511699785,2.00150511699785,2.00150511699785,1.80831366910652,1,1,1,two_path_selected,stable_two_path_selected,soft_two_path_correction,0.0163932922018719,0.226745197596671,15.0755311316298,0.226745197596671,0.749536328131172,0.749536328131172,0.75012007446031,0.251622661667138,12.7914080130787,0.00209802031779693,0.000524253160791854
Light_multipath,15,10,19,20270109,16.2296255535344,15.5327395307845,15.5327395307845,15.5327395307845,15.5546795287749,1.22962555353438,0.532739530784482,0.532739530784482,0.532739530784482,0.554679528774917,1,1,1,two_path_selected,stable_two_path_selected,soft_two_path_correction,0.0166546093542095,0.505971060567514,31.6664840693517,0.505971060567514,0.968517092789636,0.968517092789636,0.905835608878992,0.172086647306206,25.0497567623221,0.00239791445029902,0.000225798154172674
Light_multipath,15,10,20,20270109,16.2618145089114,16.0480401582075,16.2618145089114,16.2618145089114,16.2618145089114,1.2618145089114,1.04804015820753,1.2618145089114,1.2618145089114,1.2618145089114,0,0,0,weak_echo,weak_echo,v3_weak_echo,NaN,NaN,NaN,NaN,0,0,0.704232164878638,0.0483499540934936,32.7457711917578,0.00104859688246783,0.00031014122984252
Light_multipath,15,10,21,20270109,16.2109275004452,15.6737414235144,15.6737414235144,15.6737414235144,15.8510561278544,1.21092750044523,0.673741423514393,0.673741423514393,0.673741423514393,0.851056127854397,1,1,1,two_path_selected,stable_two_path_selected,soft_two_path_correction,0.0166335004314189,0.01395058972793,12.867347216175,0.01395058972793,0.669919396732922,0.669919396732922,0.715460046973176,0.113468485759615,24.8603562826524,0.00105625408836052,0.000300546488686493
Light_multipath,15,10,22,20270109,16.1800290650558,15.8871741817804,16.1800290650558,16.1800290650558,16.1800290650558,1.1800290650558,0.887174181780352,1.1800290650558,1.1800290650558,1.1800290650558,0,0,0,weak_echo,weak_echo,v3_weak_echo,NaN,NaN,NaN,NaN,0,0,0.854307379537718,0.057994785761046,37.6517734587249,0.00165409096273139,0.000240988846843315
Light_multipath,15,10,23,20270109,16.2388307303035,15.5460745124072,15.5460745124072,16.2388307303035,15.6381570723813,1.23883073030348,0.546074512407209,0.546074512407209,1.23883073030348,0.638157072381285,1,0,1,two_path_selected,unstable_split_fit,soft_two_path_correction,0.0163042940570697,0.892642851879778,23.1143400469314,0.892642851879778,0.867077974047339,0.867077974047339,0.844272234169246,0.112601133668739,32.8438488495365,0.00176625499389615,0.000275054944086861
Light_multipath,15,10,24,20270109,16.2392551972443,15.6523226370671,15.6523226370671,16.2392551972443,15.8104952666449,1.2392551972443,0.652322637067071,0.652322637067071,1.2392551972443,0.810495266644905,1,0,1,two_path_selected,split_invalid,soft_two_path_correction,0.0164628141618792,NaN,33.2012519043972,NaN,0.730509703653052,0.730509703653052,0.913964359428358,0.114219637674232,28.8156986726198,0.00155630745844415,0.000133897909113667
Light_multipath,15,10,25,20270109,16.2498015027038,15.2272686161812,15.2272686161812,15.2272686161812,15.3411769685271,1.24980150270385,0.227268616181242,0.227268616181242,0.227268616181242,0.341176968527076,1,1,1,two_path_selected,stable_two_path_selected,soft_two_path_correction,0.0162177458922808,0.458940302470966,21.5571508158153,0.458940302470966,0.888601771300276,0.888601771300276,0.829333943953494,0.222686990346457,23.1126059190431,0.00120461262648996,0.000205586486026865
Light_multipath,15,10,26,20270109,16.2155763753695,15.4964275647566,15.4964275647566,16.2155763753695,15.8989726859896,1.21557637536946,0.496427564756644,0.496427564756644,1.21557637536946,0.898972685989579,1,0,1,two_path_selected,unstable_split_fit,soft_two_path_correction,0.0164703277566901,1.42020822201635,10.1879260213538,1.42020822201635,0.440247810616679,0.440247810616679,0.666885362465348,0.131357800288158,28.4005502468564,0.00189399556723102,0.000630917646870399
Light_multipath,15,10,27,20270109,16.2034118837797,15.6980491915196,15.6980491915196,16.2034118837797,15.8531985188765,1.20341188377973,0.698049191519633,0.698049191519633,1.20341188377973,0.853198518876498,1,0,1,two_path_selected,unstable_split_fit,soft_two_path_correction,0.0163153896843823,1.68356121550645,23.1440099496657,1.68356121550645,0.692994101596613,0.692994101596613,0.844543786993979,0.147205153182363,23.1462897426479,0.0019165955862992,0.000297946691710127
Light_multipath,15,10,28,20270109,16.2659972370642,15.5303473681585,15.5303473681585,16.2659972370642,15.5642309983622,1.26599723706419,0.530347368158546,0.530347368158546,1.26599723706419,0.564230998362218,1,0,1,two_path_selected,unstable_split_fit,soft_two_path_correction,0.0162350512807401,0.816159165175939,33.5039510596017,0.816159165175939,0.95394054748616,0.95394054748616,0.915482737537522,0.146667996968538,27.5210655866016,0.0017584390962011,0.000148618458617911
Light_multipath,15,10,29,20270109,16.2614711900891,15.3377555932071,15.3377555932071,16.2614711900891,15.4293989837483,1.26147119008913,0.337755593207085,0.337755593207085,1.26147119008913,0.429398983748335,1,0,1,two_path_selected,unstable_split_fit,soft_two_path_correction,0.0165985426412632,0.818680770973131,24.348145848422,0.818680770973131,0.90078830448399,0.90078830448399,0.855174063972555,0.178815535128804,27.6240440113755,0.00225299463058626,0.000326292056239463
Light_multipath,15,10,30,20270109,16.2283571218017,15.849453171546,15.849453171546,16.2283571218017,15.898281040231,1.22835712180167,0.849453171545971,0.849453171545971,1.22835712180167,0.898281040231012,1,0,1,two_path_selected,unstable_split_fit,soft_two_path_correction,0.0165809241777256,0.869388844208753,22.8988341015665,0.869388844208753,0.871133914935196,0.871133914935196,0.842285535357161,0.0953626840998482,27.0569720315842,0.0016046489932886,0.000253076356916182
Light_multipath,15,10,31,20270109,16.2556338432817,16.1702057490794,16.2556338432817,16.2556338432817,16.2556338432817,1.25563384328171,1.1702057490794,1.25563384328171,1.25563384328171,1.25563384328171,0,0,0,weak_echo,weak_echo,v3_weak_echo,NaN,NaN,NaN,NaN,0,0,0.866613668802138,0.0373789174196103,58.2263782349537,0.00302934926947174,0.000404073784971759
Light_multipath,15,10,32,20270109,16.2473620051209,14.8683611547133,14.8683611547133,14.8683611547133,14.8878624913359,1.24736200512092,-0.131638845286652,-0.131638845286652,-0.131638845286652,-0.11213750866408,1,1,1,two_path_selected,stable_two_path_selected,soft_two_path_correction,0.0164611434657123,0.599952532113424,38.0690518920756,0.599952532113424,0.985858357798106,0.985858357798106,0.935386687855392,0.271133452328003,26.43355324676,0.00200602793219096,0.000129616108953456
Light_multipath,15,10,33,20270109,16.2127102966914,14.9260387147381,14.9260387147381,16.2127102966914,15.0947747416453,1.21271029669142,-0.0739612852618858,-0.0739612852618858,1.21271029669142,0.0947747416452902,1,0,1,two_path_selected,unstable_split_fit,soft_two_path_correction,0.0164357725437343,0.982502416958585,26.015483281296,0.982502416958585,0.868858511158678,0.868858511158678,0.868704053655138,0.262093088861099,25.7779046169682,0.00230094634462974,0.000302104927806912
Light_multipath,15,10,34,20270109,16.1891432942538,15.7961808050049,16.1891432942538,16.1891432942538,16.1891432942538,1.18914329425384,0.796180805004909,1.18914329425384,1.18914329425384,1.18914329425384,0,0,0,weak_echo,weak_echo,v3_weak_echo,NaN,NaN,NaN,NaN,0,0,0.746102480482159,0.0724136573206805,30.8991094476925,0.00107099303189107,0.000271922474218034
Light_multipath,15,10,35,20270109,16.1879689229182,15.7257104759748,16.1879689229182,16.1879689229182,16.1879689229182,1.18796892291822,0.725710475974829,1.18796892291822,1.18796892291822,1.18796892291822,0,0,0,weak_echo,weak_echo,v3_weak_echo,NaN,NaN,NaN,NaN,0,0,0.86634885518045,0.075466017339853,34.4074722407398,0.00122096007743888,0.000163182712128673
Light_multipath,15,10,36,20270109,16.2418353963399,15.6117461235777,15.6117461235777,16.2418353963399,15.7691232607319,1.24183539633993,0.611746123577703,0.611746123577703,1.24183539633993,0.769123260731895,1,0,1,two_path_selected,unstable_split_fit,soft_two_path_correction,0.0162812682828802,1.07951025453054,18.3005438034991,1.07951025453054,0.750230413439236,0.750230413439236,0.793298881709398,0.153263927098162,22.478168327839,0.00121778337132583,0.000251717184688749
Light_multipath,15,10,37,20270109,16.224744003737,15.5380200106551,15.5380200106551,16.224744003737,15.7924480555583,1.22474400373701,0.53802001065511,0.53802001065511,1.22474400373701,0.792448055558252,1,0,1,two_path_selected,unstable_split_fit,soft_two_path_correction,0.0163847484609103,0.982876211662514,13.0748327909777,0.982876211662514,0.629504651845189,0.629504651845189,0.718911759737239,0.120883646344253,28.0506649478934,0.00114371868101926,0.000321485871403349
Light_multipath,15,10,38,20270109,16.2471052767758,15.720358883556,15.720358883556,15.720358883556,15.7754617677212,1.24710527677578,0.720358883556038,0.720358883556038,0.720358883556038,0.775461767721231,1,1,1,two_path_selected,stable_two_path_selected,soft_two_path_correction,0.0162797546844179,0.255802734716397,22.0601371715402,0.255802734716397,0.895390106369073,0.895390106369073,0.834309543814773,0.0967956109039573,30.5851922255832,0.00154088434787325,0.000255309830527795
Light_multipath,15,10,39,20270109,16.1933519295558,15.6971287452711,15.6971287452711,15.6971287452711,15.8141495706782,1.19335192955582,0.697128745271094,0.697128745271094,0.697128745271094,0.814149570678188,1,1,1,two_path_selected,stable_two_path_selected,soft_two_path_correction,0.0165067783433632,0.361716533631162,15.5573910395565,0.361716533631162,0.764177029382914,0.764177029382914,0.757103408308408,0.111088006449338,24.8907510371983,0.00115986391827572,0.000281726992575226
Light_multipath,15,10,40,20270109,16.2588742557442,16.2013313859697,16.2588742557442,16.2588742557442,16.2588742557442,1.2588742557442,1.2013313859697,1.2588742557442,1.2588742557442,1.2588742557442,0,0,0,weak_echo,weak_echo,v3_weak_echo,NaN,NaN,NaN,NaN,0,0,0.876569485875648,0.0244693482036512,62.3880411551561,0.00125454676087333,0.000154849351687636
Light_multipath,15,10,41,20270109,16.2366992906772,15.853164786826,15.853164786826,15.853164786826,15.8607086680837,1.23669929067724,0.853164786825976,0.853164786825976,0.853164786825976,0.860708668083713,1,1,1,two_path_selected,stable_two_path_selected,soft_two_path_correction,0.0162359154648381,0.547188959952159,35.4295422595397,0.547188959952159,0.980330632102235,0.980330632102235,0.924533735211119,0.088962368192876,29.7080954982932,0.00173880716589991,0.000131221281998606
Light_multipath,15,10,42,20270109,16.2580878919261,15.8811725093968,15.8811725093968,15.8811725093968,15.9353478391483,1.25808789192606,0.881172509396833,0.881172509396833,0.881172509396833,0.935347839148278,1,1,1,two_path_selected,stable_two_path_selected,soft_two_path_correction,0.0164040202470513,0.141406113878823,19.5183606283551,0.141406113878823,0.856266599182259,0.856266599182259,0.807588252690678,0.0935532087618688,27.3227917462337,0.00160677920922492,0.000309163195187256
Light_multipath,15,10,43,20270109,16.2462292442239,16.1538916575063,16.2462292442239,16.2462292442239,16.2462292442239,1.24622924422393,1.15389165750634,1.24622924422393,1.24622924422393,1.24622924422393,0,0,0,weak_echo,weak_echo,v3_weak_echo,NaN,NaN,NaN,NaN,0,0,0.91564590162886,0.0355489307142811,50.2717984098023,0.00193502937748136,0.000163227658459109
Light_multipath,15,10,44,20270109,16.241832735843,15.4866357843126,16.241832735843,16.241832735843,16.241832735843,1.24183273584302,0.486635784312618,1.24183273584302,1.24183273584302,1.24183273584302,0,0,0,insufficient_gain,insufficient_gain,v3_insufficient_gain,NaN,NaN,NaN,NaN,0,0,0.569015879717465,0.208929917064338,19.5431749595383,0.00135705740927694,0.000584870193710119
Light_multipath,15,10,45,20270109,16.2277314666329,15.6695983003688,15.6695983003688,16.2277314666329,16.0492212187449,1.22773146663285,0.669598300368833,0.669598300368833,1.22773146663285,1.0492212187449,1,0,1,two_path_selected,split_invalid,soft_two_path_correction,0.0165599695346973,NaN,8.44722569604276,NaN,0.319834510252903,0.319834510252903,0.630968936146729,0.114223565809751,26.1740743833836,0.00150180153846113,0.000554211419434791
Light_multipath,15,10,46,20270109,16.2282404851109,15.3183877197679,15.3183877197679,16.2282404851109,15.4719977543198,1.22824048511085,0.318387719767902,0.318387719767902,1.22824048511085,0.471997754319817,1,0,1,two_path_selected,unstable_split_fit,soft_two_path_correction,0.0163803348813496,0.567430178906605,18.2309251392022,0.567430178906605,0.831170448227394,0.831170448227394,0.792450660437191,0.187271157021449,25.4450282387762,0.00200816992931196,0.000416794342558591
Light_multipath,15,10,47,20270109,16.2117227467478,15.6191916181207,15.6191916181207,15.6191916181207,15.6832398804991,1.21172274674779,0.619191618120681,0.619191618120681,0.619191618120681,0.683239880499098,1,1,1,two_path_selected,stable_two_path_selected,soft_two_path_correction,0.0164173714890073,0.0516367699985736,21.7981320845147,0.0516367699985736,0.891907345818578,0.891907345818578,0.831736132054765,0.154406870538545,23.0709390401251,0.00159949180492869,0.000269136677844006
Light_multipath,15,10,48,20270109,16.1180599901406,15.2953573033261,15.2953573033261,16.1180599901406,15.8766302043739,1.11805999014058,0.295357303326124,0.295357303326124,1.11805999014058,0.876630204373935,1,0,1,two_path_selected,unstable_split_fit,soft_two_path_correction,0.0162998791506808,1.29568940738663,7.40744755916449,1.29568940738663,0.293459337906716,0.293459337906716,0.607693177458308,0.165004579633069,24.7122497142725,0.00150473906561088,0.000590319401584161
Light_multipath,15,10,49,20270109,16.1671192910648,15.8580635242005,15.8580635242005,16.1671192910648,15.9332859821459,1.16711929106476,0.858063524200542,0.858063524200542,1.16711929106476,0.933285982145904,1,0,1,two_path_selected,unstable_split_fit,soft_two_path_correction,0.0162946214633236,1.48788319690156,26.8757851186686,1.48788319690156,0.756605551455668,0.756605551455668,0.875183093293064,0.0837317164889508,28.5667317479115,0.00167054937261457,0.000208512805190963
Light_multipath,15,10,50,20270109,16.2576476340297,15.424002492688,15.424002492688,15.424002492688,15.6098110081351,1.25764763402969,0.424002492687961,0.424002492687961,0.424002492687961,0.609811008135146,1,1,1,two_path_selected,stable_two_path_selected,soft_two_path_correction,0.0164865126942355,0.498795695327239,16.0087293218377,0.498795695327239,0.777113178938305,0.777113178938305,0.763467293213048,0.213208778814482,21.4177366975237,0.00152518801784152,0.000360756850219079
Light_multipath,20,10,1,20270109,21.22161738121,20.8975136050123,20.8975136050123,20.8975136050123,21.0152887455624,1.22161738121002,0.897513605012321,0.897513605012321,0.897513605012321,1.0152887455624,1,1,1,two_path_selected,stable_two_path_selected,soft_two_path_correction,0.0160940288557434,0.434724230825147,12.0982923476111,0.434724230825147,0.636612871556783,0.636612871556783,0.702292280599384,0.223899233326074,14.6242834910873,0.0012574669215426,0.000374357609434162
Light_multipath,20,10,2,20270109,21.1597807431851,19.9925351659366,19.9925351659366,21.1597807431851,20.2047438155419,1.15978074318508,-0.00746483406336296,-0.00746483406336296,1.15978074318508,0.204743815541928,1,0,1,two_path_selected,unstable_split_fit,soft_two_path_correction,0.016554723266686,0.961759923052583,20.6966205202709,0.961759923052583,0.818197084022773,0.818197084022773,0.820472538037269,0.223960145683124,26.3052850503275,0.00173717183250899,0.000311870050083485
Light_multipath,20,10,3,20270109,21.2048610712556,19.4759369381916,19.4759369381916,21.2048610712556,20.287257637517,1.20486107125565,-0.524063061808405,-0.524063061808405,1.20486107125565,0.287257637517005,1,0,1,two_path_selected,unstable_split_fit,soft_two_path_correction,0.0163777845043551,1.44459164790732,12.4817142423785,1.44459164790732,0.530736668076023,0.530736668076023,0.708931693835471,0.512423665352232,19.6349872947181,0.00135026875411959,0.000393020439128478
Light_multipath,20,10,4,20270109,21.2427728781607,20.5177053389931,20.5177053389931,20.5177053389931,20.6145894005662,1.2427728781607,0.517705338993139,0.517705338993139,0.517705338993139,0.614589400566189,1,1,1,two_path_selected,stable_two_path_selected,soft_two_path_correction,0.0164424447849871,0.621652096556595,20.1019982869654,0.621652096556595,0.866379259393847,0.866379259393847,0.814081953557457,0.120132772314879,30.7432331105683,0.00135689313541221,0.000252270920967135
Light_multipath,20,10,5,20270109,21.2081852138054,20.462224057103,20.462224057103,21.2081852138054,20.6799183565087,1.20818521380542,0.462224057103036,0.462224057103036,1.20818521380542,0.679918356508708,1,0,1,two_path_selected,unstable_split_fit,soft_two_path_correction,0.016616853864434,0.814280115636098,14.2798181229497,0.814280115636098,0.708169389988056,0.708169389988056,0.738145985419885,0.181734272376215,22.6857019374377,0.00171710880533915,0.000449631834148922
Light_multipath,20,10,6,20270109,21.2802378058482,21.0387676256563,21.2802378058482,21.2802378058482,21.2802378058482,1.28023780584815,1.03876762565633,1.28023780584815,1.28023780584815,1.28023780584815,0,0,0,weak_echo,weak_echo,v3_weak_echo,NaN,NaN,NaN,NaN,0,0,0.76787822577829,0.0545056832162553,34.3044248977762,0.00142124460006809,0.00032990181817083
Light_multipath,20,10,7,20270109,21.2151736032221,19.7584502497259,19.7584502497259,21.2151736032221,20.0732941204547,1.21517360322205,-0.241549750274103,-0.241549750274103,1.21517360322205,0.0732941204546691,1,0,1,two_path_selected,unstable_split_fit,soft_two_path_correction,0.0163106091087506,0.606887731994121,16.2549443730935,0.606887731994121,0.783868453832952,0.783868453832952,0.766868364061853,0.280817028021764,25.934186057008,0.00153417662923561,0.000357665107391769
Light_multipath,20,10,8,20270109,21.2036338520971,18.2080639590765,21.2036338520971,21.2036338520971,21.2036338520971,1.20363385209708,-1.79193604092353,1.20363385209708,1.20363385209708,1.20363385209708,0,0,0,excessive_shift,excessive_shift,v3_excessive_shift,NaN,NaN,NaN,NaN,0,0,0.915168110966691,0.690198116680415,26.7041720284519,0.00170203675948399,0.000144386993511159
Light_multipath,20,10,9,20270109,21.2355390815686,20.2845867343048,20.2845867343048,21.2355390815686,20.7028628632885,1.23553908156862,0.284586734304838,0.284586734304838,1.23553908156862,0.702862863288484,1,0,1,two_path_selected,unstable_split_fit,soft_two_path_correction,0.0165164563478779,1.95950315425749,16.333665247536,1.95950315425749,0.560150274419988,0.560150274419988,0.767945417017619,0.245981475953556,20.8353114887768,0.0013932323368695,0.00032330594892982
Light_multipath,20,10,10,20270109,21.2438979350149,21.1198360648555,21.2438979350149,21.2438979350149,21.2438979350149,1.2438979350149,1.11983606485555,1.2438979350149,1.2438979350149,1.2438979350149,0,0,0,weak_echo,weak_echo,v3_weak_echo,NaN,NaN,NaN,NaN,0,0,0.676241438790953,0.0349238623585828,38.5310544314867,0.00120963148995301,0.000391628550780343
Light_multipath,20,10,11,20270109,21.2946069232226,20.7429627921303,20.7429627921303,20.7429627921303,20.8601309822717,1.29460692322256,0.742962792130314,0.742962792130314,0.742962792130314,0.860130982271738,1,1,1,two_path_selected,stable_two_path_selected,soft_two_path_correction,0.0163468026153707,0.201841985065244,16.3943417855779,0.201841985065244,0.787601855004905,0.787601855004905,0.768772191776211,0.0909602179288069,34.2545552762697,0.00183574981824641,0.000424476406920338
Light_multipath,20,10,12,20270109,21.2649638027268,21.1380569236839,21.2649638027268,21.2649638027268,21.2649638027268,1.26496380272676,1.13805692368393,1.26496380272676,1.26496380272676,1.26496380272676,0,0,0,weak_echo,weak_echo,v3_weak_echo,NaN,NaN,NaN,NaN,0,0,0.802557495066894,0.0360799082318473,46.1259465091489,0.00172862324212009,0.000341303703009777
Light_multipath,20,10,13,20270109,21.2254321237751,21.2389277240672,21.2254321237751,21.2254321237751,21.2254321237751,1.22543212377515,1.23892772406721,1.22543212377515,1.22543212377515,1.22543212377515,0,0,0,weak_echo,weak_echo,v3_weak_echo,NaN,NaN,NaN,NaN,0,0,0.763897547845774,0.0459960265923408,31.2001413479842,0.00126981263579284,0.000299805877087111
Light_multipath,20,10,14,20270109,21.2705095922997,21.7167884980125,21.7167884980125,21.2705095922997,21.5259104424688,1.27050959229974,1.71678849801253,1.71678849801253,1.27050959229974,1.5259104424688,1,0,1,two_path_selected,unstable_split_fit,soft_two_path_correction,0.016468692745025,0.854526393088577,11.1764072837308,0.854526393088577,0.572289765211138,0.572289765211138,0.685702266979726,0.170765373325672,14.1864541830702,0.00129264629181303,0.000406275799113898
Light_multipath,20,10,15,20270109,21.2143350196488,20.344914562426,20.344914562426,20.344914562426,20.379932371536,1.21433501964878,0.344914562426005,0.344914562426005,0.344914562426005,0.379932371535968,1,1,1,two_path_selected,stable_two_path_selected,soft_two_path_correction,0.0164968903699443,0.455818437220373,29.6957606781052,0.455818437220373,0.959722814411544,0.959722814411544,0.894261718144738,0.228959197019881,22.3210624858279,0.00205205597091029,0.000216980872634887
Light_multipath,20,10,16,20270109,21.216552991735,20.109085976503,20.109085976503,20.109085976503,20.2529683285552,1.21655299173496,0.109085976502989,0.109085976502989,0.109085976502989,0.252968328555156,1,1,1,two_path_selected,stable_two_path_selected,soft_two_path_correction,0.0164676131535858,0.523925354620204,20.3266780190187,0.523925354620204,0.870079785606952,0.870079785606952,0.816522964730974,0.26542723068587,22.2810683039292,0.00156164246589596,0.000286525529792803
Light_multipath,20,10,17,20270109,21.2188836660524,21.1693093670537,21.2188836660524,21.2188836660524,21.2188836660524,1.21888366605242,1.16930936705371,1.21888366605242,1.21888366605242,1.21888366605242,0,0,0,weak_echo,weak_echo,v3_weak_echo,NaN,NaN,NaN,NaN,0,0,0.833692867085888,0.0227882828661555,68.6490825906704,0.00136892160923807,0.000227661428016557
Light_multipath,20,10,18,20270109,21.1971208493772,19.4155939660054,19.4155939660054,21.1971208493772,19.8555774249947,1.19712084937721,-0.584406033994632,-0.584406033994632,1.19712084937721,-0.144422575005297,1,0,1,two_path_selected,unstable_split_fit,soft_two_path_correction,0.016489734250481,1.53813354602381,28.1045850035541,1.53813354602381,0.753030132132168,0.753030132132168,0.88388680073535,0.330297507519025,27.9221403850603,0.00200790722494881,0.000233144531715412
Light_multipath,20,10,19,20270109,21.2605392817184,20.3988565534431,20.3988565534431,20.3988565534431,20.4257352670901,1.26053928171839,0.398856553443068,0.398856553443068,0.398856553443068,0.425735267090065,1,1,1,two_path_selected,stable_two_path_selected,soft_two_path_correction,0.0164409665165689,0.0231447499162982,31.7404198332006,0.0231447499162982,0.968806716480443,0.968806716480443,0.906244255844979,0.186138690468078,24.6631743576886,0.00161407110056278,0.000151328437152376
Light_multipath,20,10,20,20270109,21.1859200112504,20.1813207009065,20.1813207009065,21.1859200112504,20.459655095225,1.18592001125037,0.181320700906525,0.181320700906525,1.18592001125037,0.459655095225003,1,0,1,two_path_selected,unstable_split_fit,soft_two_path_correction,0.0163288436039848,1.58182313157045,24.5524927213958,1.58182313157045,0.722939891106225,0.722939891106225,0.85690450911458,0.243527369745035,23.7700589710011,0.00259485957925509,0.000371312705272242
Light_multipath,20,10,21,20270109,21.2656570539045,21.4479143257411,21.4479143257411,21.4479143257411,21.4393204440167,1.26565705390447,1.44791432574109,1.44791432574109,1.44791432574109,1.43932044401674,1,1,1,two_path_selected,stable_two_path_selected,soft_two_path_correction,0.0165732807108325,0.261676100571211,28.4349499820581,0.261676100571211,0.952847523515809,0.952847523515809,0.886121471939712,0.267361646349186,12.6453959151987,0.00186143613387357,0.000211977607003755
Light_multipath,20,10,22,20270109,21.2037126233152,20.6175669090901,20.6175669090901,21.2037126233152,20.6449759997432,1.20371262331518,0.617566909090133,0.617566909090133,1.20371262331518,0.644975999743192,1,0,1,two_path_selected,unstable_split_fit,soft_two_path_correction,0.01656251500718,0.814146168718636,33.0813851054836,0.814146168718636,0.953238435447241,0.953238435447241,0.913355579416233,0.166095096460006,22.5166332260782,0.00171910825437149,0.00014895113862079
Light_multipath,20,10,23,20270109,21.2693802896446,20.8468076141647,21.2693802896446,21.2693802896446,21.2693802896446,1.26938028964455,0.846807614164689,1.26938028964455,1.26938028964455,1.26938028964455,0,0,0,weak_echo,weak_echo,v3_weak_echo,NaN,NaN,NaN,NaN,0,0,0.740722556720808,0.074954832571836,31.0958950698567,0.00114719455684931,0.000297441671643695
Light_multipath,20,10,24,20270109,21.2581798053241,21.1797718225168,21.2581798053241,21.2581798053241,21.2581798053241,1.25817980532407,1.17977182251677,1.25817980532407,1.25817980532407,1.25817980532407,0,0,0,weak_echo,weak_echo,v3_weak_echo,NaN,NaN,NaN,NaN,0,0,0.787692155146041,0.0343425433074187,41.7105726536007,0.00139034005124117,0.000295180099893155
Light_multipath,20,10,25,20270109,21.2206514683847,19.2831039029396,19.2831039029396,19.2831039029396,19.8356329772211,1.22065146838472,-0.716896097060356,-0.716896097060356,-0.716896097060356,-0.164367022778858,1,1,1,two_path_selected,stable_two_path_selected,soft_two_path_correction,0.0165185270870285,0.373471246359809,14.037378045536,0.373471246359809,0.714830704476368,0.714830704476368,0.734384882777802,0.411592629369514,24.6549802143888,0.00130437740895739,0.000346462358382205
Light_multipath,20,10,26,20270109,21.2168788495136,20.2111352147906,20.2111352147906,20.2111352147906,20.5053180784845,1.21687884951355,0.211135214790616,0.211135214790616,0.211135214790616,0.505318078484471,1,1,1,two_path_selected,stable_two_path_selected,soft_two_path_correction,0.0164633540704853,0.0934564622281755,13.8342473806775,0.0934564622281755,0.707497165741548,0.707497165741548,0.731192046836387,0.186848634862528,26.5976536418794,0.00151571352530011,0.000407435850318327
Light_multipath,20,10,27,20270109,21.1737613886237,18.422714960105,21.1737613886237,21.1737613886237,21.1737613886237,1.17376138862366,-1.57728503989502,1.17376138862366,1.17376138862366,1.17376138862366,0,0,0,excessive_shift,excessive_shift,v3_excessive_shift,NaN,NaN,NaN,NaN,0,0,0.702956325613545,0.681317349452161,24.5495997377067,0.00166304257898342,0.000493996278322362
Light_multipath,20,10,28,20270109,21.2686982785742,20.5349577608545,20.5349577608545,21.2686982785742,20.9267981418917,1.26869827857416,0.53495776085451,0.53495776085451,1.26869827857416,0.926798141891663,1,0,1,two_path_selected,unstable_split_fit,soft_two_path_correction,0.0163950724296864,2.17918783801007,13.3168461204771,2.17918783801007,0.46596872930647,0.46596872930647,0.722885005089356,0.135145805818345,27.4829627022462,0.00146495707103167,0.000405961571283253
Light_multipath,20,10,29,20270109,21.2246493561024,20.0518951521267,20.0518951521267,20.0518951521267,20.1737336870697,1.22464935610241,0.0518951521266544,0.0518951521266544,0.0518951521266544,0.173733687069667,1,1,1,two_path_selected,stable_two_path_selected,soft_two_path_correction,0.0163626265941231,0.694734401518438,22.1153087826974,0.694734401518438,0.896109061447005,0.896109061447005,0.834846402152471,0.283388477739151,21.7386148567672,0.00135753379537129,0.00022420159050518
Light_multipath,20,10,30,20270109,21.2284680440156,20.5555142439337,20.5555142439337,20.5555142439337,20.7366620977126,1.22846804401557,0.555514243933672,0.555514243933672,0.555514243933672,0.736662097712571,1,1,1,two_path_selected,stable_two_path_selected,soft_two_path_correction,0.0163274171803932,0.241743071665546,14.4989048804019,0.241743071665546,0.730816805318798,0.730816805318798,0.741498965496113,0.133778660914231,25.5071206352384,0.0012147669562621,0.000314018514874892
Light_multipath,20,10,31,20270109,21.2975732998478,21.0189450445407,21.2975732998478,21.2975732998478,21.2975732998478,1.29757329984775,1.01894504454066,1.29757329984775,1.29757329984775,1.29757329984775,0,0,0,insufficient_gain,insufficient_gain,v3_insufficient_gain,NaN,NaN,NaN,NaN,0,0,0.508012529573083,0.0702765525002026,26.2582713376784,0.00134686799806905,0.000662642179368955
Light_multipath,20,10,32,20270109,21.2751508347919,21.1229309133316,21.2751508347919,21.2751508347919,21.2751508347919,1.27515083479188,1.12293091333161,1.27515083479188,1.27515083479188,1.27515083479188,0,0,0,weak_echo,weak_echo,v3_weak_echo,NaN,NaN,NaN,NaN,0,0,0.717766883297652,0.0291550009143791,48.8465770700087,0.00127114573948783,0.000358759423838562
Light_multipath,20,10,33,20270109,21.207825544064,19.8651509040894,19.8651509040894,21.207825544064,20.0276503199225,1.207825544064,-0.13484909591061,-0.13484909591061,1.207825544064,0.0276503199225075,1,0,1,two_path_selected,unstable_split_fit,soft_two_path_correction,0.016308002526622,0.806009883486972,22.0596508332413,0.806009883486972,0.878973348423271,0.878973348423271,0.834304803651993,0.250171525758424,26.5395980417738,0.00131489848343902,0.000217872362391125
Light_multipath,20,10,34,20270109,21.2840070734141,20.6164658048915,20.6164658048915,21.2840070734141,20.7216074017762,1.28400707341413,0.616465804891497,0.616465804891497,1.28400707341413,0.721607401776154,1,0,1,two_path_selected,unstable_split_fit,soft_two_path_correction,0.0164703961457442,0.838754638089888,20.1645117452498,0.838754638089888,0.842494236922082,0.842494236922082,0.814764367495122,0.145761420608916,23.180644394599,0.000895787680265103,0.000165931797543983
Light_multipath,20,10,35,20270109,21.1938443415603,20.1565247399857,20.1565247399857,21.1938443415603,20.6923730398876,1.19384434156028,0.15652473998567,0.15652473998567,1.19384434156028,0.692373039887595,1,0,1,two_path_selected,unstable_split_fit,soft_two_path_correction,0.0163866263096071,1.11424589888586,10.2492842705995,1.11424589888586,0.483429890760254,0.483429890760254,0.668085508898669,0.251720168510521,21.3079555446469,0.00138265594861364,0.000458923545552326
Light_multipath,20,10,36,20270109,21.2608325769352,20.2668376488071,20.2668376488071,20.2668376488071,20.4093501599886,1.26083257693524,0.26683764880709,0.26683764880709,0.26683764880709,0.409350159988612,1,1,1,two_path_selected,stable_two_path_selected,soft_two_path_correction,0.016371481941263,0.219861095470101,19.5384184842961,0.219861095470101,0.856626520771192,0.856626520771192,0.807815140409552,0.169236750684849,29.5853851226937,0.00169918590894258,0.000326557805328198
Light_multipath,20,10,37,20270109,21.2970678170045,20.4702561918634,20.4702561918634,20.4702561918634,20.529155247158,1.29706781700454,0.470256191863395,0.470256191863395,0.470256191863395,0.529155247158034,1,1,1,two_path_selected,stable_two_path_selected,soft_two_path_correction,0.0162749064279148,0.413457794101035,25.1340146937846,0.413457794101035,0.928763634298705,0.928763634298705,0.861716627872281,0.208026570394619,21.6580917733419,0.00133069697312393,0.000184013264723726
Light_multipath,20,10,38,20270109,21.2148610342115,19.1636039607844,19.1636039607844,21.2148610342115,20.2659500074109,1.21486103421148,-0.836396039215625,-0.836396039215625,1.21486103421148,0.265950007410879,1,0,1,two_path_selected,unstable_split_fit,soft_two_path_correction,0.0162747509870967,1.94025296299285,12.3107561013662,1.94025296299285,0.462599758505754,0.462599758505754,0.705989838416469,0.375419878941464,27.6014255761048,0.000885411447720363,0.000260319962812172
Light_multipath,20,10,39,20270109,21.1633130447705,20.9808189575513,21.1633130447705,21.1633130447705,21.1633130447705,1.16331304477045,0.980818957551296,1.16331304477045,1.16331304477045,1.16331304477045,0,0,0,weak_echo,weak_echo,v3_weak_echo,NaN,NaN,NaN,NaN,0,0,0.815666732485906,0.0426678966013827,40.4722023875455,0.00152455747380098,0.000281026660658767
Light_multipath,20,10,40,20270109,21.2514425981926,20.219125480886,20.219125480886,21.2514425981926,20.5408809336207,1.25144259819265,0.219125480885992,0.219125480885992,1.25144259819265,0.540880933620741,1,0,1,two_path_selected,unstable_split_fit,soft_two_path_correction,0.0164305947457211,1.36947082152312,18.196767285674,1.36947082152312,0.688317235720922,0.688317235720922,0.792033215315556,0.366734000886123,18.6954851104779,0.00258623684652837,0.00053785136140494
Light_multipath,20,10,41,20270109,21.2445128906763,20.6522603342969,20.6522603342969,21.2445128906763,20.6926044640982,1.2445128906763,0.652260334296898,0.652260334296898,1.2445128906763,0.692604464098196,1,0,1,two_path_selected,unstable_split_fit,soft_two_path_correction,0.016492542702548,0.779488708696071,26.6471918909789,0.779488708696071,0.931880193058294,0.931880193058294,0.873493387741395,0.338699192452299,15.3513963741065,0.00190778705644679,0.000241347677421899
Light_multipath,20,10,42,20270109,21.2838587159866,20.4345710057044,20.4345710057044,20.4345710057044,20.4561772825661,1.28385871598659,0.434571005704356,0.434571005704356,0.434571005704356,0.456177282566149,1,1,1,two_path_selected,stable_two_path_selected,soft_two_path_correction,0.0166033002943825,0.0730757368534682,33.3713131387534,0.0730757368534682,0.97455953194635,0.97455953194635,0.914820735173592,0.156247389040084,27.242507307578,0.00121051364836844,0.000103110662630357
Light_multipath,20,10,43,20270109,21.1885380347808,20.889467979221,21.1885380347808,21.1885380347808,21.1885380347808,1.18853803478079,0.889467979220974,1.18853803478079,1.18853803478079,1.18853803478079,0,0,0,weak_echo,weak_echo,v3_weak_echo,NaN,NaN,NaN,NaN,0,0,0.848585197541889,0.0563630293568601,38.3013583909594,0.00161778289372072,0.000244956277272834
Light_multipath,20,10,44,20270109,21.2491723387059,20.7740057229531,20.7740057229531,20.7740057229531,20.9005421867697,1.24917233870588,0.774005722953056,0.774005722953056,0.774005722953056,0.900542186769719,1,1,1,two_path_selected,stable_two_path_selected,soft_two_path_correction,0.0163311132583746,0.282099085828264,14.5850799551118,0.282099085828264,0.733700854349405,0.733700854349405,0.742806023171651,0.0824993927782224,30.1026643314232,0.000969988067299976,0.000249475088504925
Light_multipath,20,10,45,20270109,21.2111074387573,18.8222642452773,18.8222642452773,21.2111074387573,18.8885647055739,1.21110743875727,-1.1777357547227,-1.1777357547227,1.21110743875727,-1.11143529442609,1,0,1,two_path_selected,unstable_split_fit,soft_two_path_correction,0.0162971664304718,0.0750771012539104,32.6749413478762,0.0750771012539104,0.972245788054416,0.972245788054416,0.911259082937892,0.620009063924389,23.3312624101715,0.00167424024960838,0.000148573615132541
Light_multipath,20,10,46,20270109,21.213034667256,20.203499822513,20.203499822513,21.213034667256,20.4101138445646,1.21303466725599,0.203499822513045,0.203499822513045,1.21303466725599,0.410113844564574,1,0,1,two_path_selected,unstable_split_fit,soft_two_path_correction,0.0165450590990359,1.27048461808643,25.6633255636491,1.27048461808643,0.795337404025774,0.795337404025774,0.865955870888577,0.214447418623277,24.5881126610549,0.00167801459028905,0.000224928004391556
Light_multipath,20,10,47,20270109,21.2318341208647,20.7123740793473,21.2318341208647,21.2318341208647,21.2318341208647,1.2318341208647,0.712374079347263,1.2318341208647,1.2318341208647,1.2318341208647,0,0,0,weak_echo,weak_echo,v3_weak_echo,NaN,NaN,NaN,NaN,0,0,0.807887823244912,0.0753259227784614,40.1232892890495,0.001548354269862,0.000297457709171223
Light_multipath,20,10,48,20270109,21.2312480978361,20.4060458244936,20.4060458244936,20.4060458244936,20.5912659466869,1.23124809783608,0.406045824493624,0.406045824493624,0.406045824493624,0.591265946686917,1,1,1,two_path_selected,stable_two_path_selected,soft_two_path_correction,0.0165477743669692,0.0991522820701149,15.9526685490431,0.0991522820701149,0.775545792617528,0.775545792617528,0.76268599354077,0.142357513757995,27.9720689101265,0.00101952975985475,0.000241948692015548
Light_multipath,20,10,49,20270109,21.2914951274776,20.448655841209,20.448655841209,20.448655841209,20.7133351364344,1.29149512747761,0.448655841208961,0.448655841208961,0.448655841208961,0.713335136434413,1,1,1,two_path_selected,stable_two_path_selected,soft_two_path_correction,0.0164178187217044,0.207310390675211,13.2660592674623,0.207310390675211,0.685967064495511,0.685967064495511,0.722055896740315,0.69999966125892,11.1442583122677,0.00157199599451485,0.000436927017023248
Light_multipath,20,10,50,20270109,21.2200054582051,19.5856507151699,19.5856507151699,21.2200054582051,20.1116652452179,1.22000545820508,-0.414349284830074,-0.414349284830074,1.22000545820508,0.111665245217928,1,0,1,two_path_selected,unstable_split_fit,soft_two_path_correction,0.0163058647811354,0.357033620224644,13.0693961346884,0.357033620224644,0.678151556576302,0.678151556576302,0.718821852411719,0.326457132031482,25.6332938116073,0.0019193832397626,0.00053968862386844
Light_multipath,1,20,1,20270109,2.24845846186912,1.15074031969419,1.15074031969419,2.24845846186912,1.1647736628809,1.24845846186912,0.150740319694191,0.150740319694191,1.24845846186912,0.164773662880898,1,0,1,two_path_selected,unstable_split_fit,soft_two_path_correction,0.00525059834630471,0.7748905603767,47.065219991491,0.7748905603767,0.987215895731757,0.987215895731757,0.961937326600189,0.223545439328439,25.4632889731268,0.00160871319842681,6.12319250656856e-05
Light_multipath,1,20,2,20270109,2.24543197592916,1.64518414379572,1.64518414379572,1.64518414379572,1.65666513884797,1.24543197592916,0.645184143795722,0.645184143795722,0.645184143795722,0.656665138847974,1,1,1,two_path_selected,stable_two_path_selected,soft_two_path_correction,0.00520269140836182,0.113583597432985,35.6531964746248,0.113583597432985,0.980872908759294,0.980872908759294,0.92552007677818,0.103577997432077,30.8530675451729,0.00120385483856578,8.9663015946595e-05
Light_multipath,1,20,3,20270109,2.22045645524378,1.32677484060258,1.32677484060258,1.32677484060258,1.32740164686375,1.22045645524378,0.326774840602585,0.326774840602585,0.326774840602585,0.327401646863752,1,1,1,two_path_selected,stable_two_path_selected,soft_two_path_correction,0.00518588188753806,0.177303782795186,62.0997388435696,0.177303782795186,0.999298624643388,0.999298624643388,0.984281307028578,0.175245999377746,26.5856530113242,0.00148510096026566,2.33438460259805e-05
Light_multipath,1,20,4,20270109,2.23565163974795,1.0222178714985,1.0222178714985,2.23565163974795,1.11048141045099,1.23565163974795,0.0222178714985013,0.0222178714985013,1.23565163974795,0.110481410450985,1,0,1,two_path_selected,unstable_split_fit,soft_two_path_correction,0.00525972165809591,0.871919297430855,30.8067030260677,0.871919297430855,0.927261346056146,0.927261346056146,0.900950725154034,0.228377358764244,26.6757571000399,0.00149462632317809,0.000148041653476483
Light_multipath,1,20,5,20270109,2.28145985579317,1.39839476055259,1.39839476055259,1.39839476055259,1.40658639628913,1.28145985579317,0.398394760552585,0.398394760552585,0.398394760552585,0.406586396289134,1,1,1,two_path_selected,stable_two_path_selected,soft_two_path_correction,0.00515602953630893,0.653970929547921,41.4422825350063,0.653970929547921,0.990723633194541,0.990723633194541,0.947015727301821,0.180797791984981,25.0172669798459,0.00121975954231224,6.46280722160775e-05
Light_multipath,1,20,6,20270109,2.20098025095064,1.73076182830159,1.73076182830159,1.73076182830159,1.73876729996728,1.20098025095064,0.730761828301588,0.730761828301588,0.730761828301588,0.738767299967283,1,1,1,two_path_selected,stable_two_path_selected,soft_two_path_correction,0.00516564777709179,0.381988149513604,36.5845763975405,0.381988149513604,0.982974993577249,0.982974993577249,0.929490845826412,0.100264451963676,29.0235540954124,0.00160972093872269,0.000113500061844851
Light_multipath,1,20,7,20270109,2.2416130762391,1.13137774773024,1.13137774773024,1.13137774773024,1.14230833492145,1.2416130762391,0.131377747730239,0.131377747730239,0.131377747730239,0.142308334921455,1,1,1,two_path_selected,stable_two_path_selected,soft_two_path_correction,0.00517257074978806,0.158914491059366,40.9660980469083,0.158914491059366,0.990154711428705,0.990154711428705,0.945510611286212,0.224588794557866,26.0135216224289,0.00188062588338611,0.000102474154785037
Light_multipath,1,20,8,20270109,2.23694251420742,1.22265598447935,1.22265598447935,2.23694251420742,1.33424582024716,1.23694251420742,0.222655984479352,0.222655984479352,1.23694251420742,0.33424582024716,1,0,1,two_path_selected,unstable_split_fit,soft_two_path_correction,0.0051634733524192,0.92432226457251,26.7367447139731,0.92432226457251,0.889981940509725,0.889981940509725,0.874158048740891,0.187951195320789,25.9813073976658,0.000931315622592299,0.000117198575185107
Light_multipath,1,20,9,20270109,2.23723364343951,1.49932164698306,1.49932164698306,1.49932164698306,1.50808457875679,1.23723364343951,0.499321646983062,0.499321646983062,0.499321646983062,0.508084578756793,1,1,1,two_path_selected,stable_two_path_selected,soft_two_path_correction,0.00519273091076154,0.153308986492971,39.4663523613859,0.153308986492971,0.98812469262485,0.98812469262485,0.940485123015262,0.13693882619896,27.7001546454504,0.00122244738324984,7.2753805634429e-05
Light_multipath,1,20,10,20270109,2.24636074448226,1.394421991596,1.394421991596,2.24636074448226,1.62049039882817,1.24636074448226,0.394421991596002,0.394421991596002,1.24636074448226,0.620490398828167,1,0,1,two_path_selected,unstable_split_fit,soft_two_path_correction,0.00522803284410093,1.71052801652484,32.0144982721112,1.71052801652484,0.734642418288551,0.734642418288551,0.907743690813458,0.171805730507122,24.6631735276975,0.00100522218269483,9.27380884878648e-05
Light_multipath,1,20,11,20270109,2.25812785341542,0.615242890118437,0.615242890118437,2.25812785341542,0.844131737304049,1.25812785341542,-0.384757109881563,-0.384757109881563,1.25812785341542,-0.155868262695951,1,0,1,two_path_selected,unstable_split_fit,soft_two_path_correction,0.00521939039705803,1.03312689229819,26.7655169089511,1.03312689229819,0.860678713178876,0.860678713178876,0.874370853850269,0.367746327175194,23.2870457639866,0.00116063185594983,0.000145809189057156
Light_multipath,1,20,12,20270109,2.21777052489578,1.02635389297039,1.02635389297039,2.21777052489578,1.33585069888208,1.21777052489578,0.0263538929703895,0.0263538929703895,1.21777052489578,0.335850698882082,1,0,1,two_path_selected,unstable_split_fit,soft_two_path_correction,0.00522772843469037,1.68134768821773,32.0607541753914,1.68134768821773,0.740227895415955,0.740227895415955,0.907994373079233,0.255749689642658,23.738635428671,0.00127409677377832,0.000117224072429201
Light_multipath,1,20,13,20270109,2.24150351429385,0.879623573348651,0.879623573348651,0.879623573348651,0.915235857981844,1.24150351429385,-0.120376426651349,-0.120376426651349,-0.120376426651349,-0.084764142018156,1,1,1,two_path_selected,stable_two_path_selected,soft_two_path_correction,0.00518247988754432,0.205712888356655,33.1514454515088,0.205712888356655,0.973850643098189,0.973850643098189,0.913711923341168,0.567546304727526,16.3759999795543,0.00144884018390146,0.000125017632854885
Light_multipath,1,20,14,20270109,2.25497699112391,0.99225439215193,0.99225439215193,0.99225439215193,1.01462378167208,1.25497699112391,-0.00774560784806999,-0.00774560784806999,-0.00774560784806999,0.0146237816720753,1,1,1,two_path_selected,stable_two_path_selected,soft_two_path_correction,0.00520574582798231,0.640799287684153,36.2666558128769,0.640799287684153,0.98228479514158,0.98228479514158,0.928159832275575,0.273930680568709,23.5199866793311,0.00124340312708382,8.93262891987767e-05
Light_multipath,1,20,15,20270109,2.24441086584737,0.625662475399801,0.625662475399801,0.625662475399801,0.672007547314468,1.24441086584737,-0.374337524600199,-0.374337524600199,-0.374337524600199,-0.327992452685532,1,1,1,two_path_selected,stable_two_path_selected,soft_two_path_correction,0.00523736337429381,0.0115158001633375,32.4263485446261,0.0115158001633375,0.97136981127632,0.97136981127632,0.909951880709951,0.345534095602141,24.7338743636202,0.001698324539257,0.000152930930704231
Light_multipath,1,20,16,20270109,2.2353483414821,1.3764838014526,1.3764838014526,1.3764838014526,1.45375813624265,1.2353483414821,0.376483801452598,0.376483801452598,0.376483801452598,0.45375813624265,1,1,1,two_path_selected,stable_two_path_selected,soft_two_path_correction,0.005214279950661,0.11099566728521,23.2659946796342,0.11099566728521,0.910027331216401,0.910027331216401,0.845655281723279,0.215672165514969,21.4829740819297,0.00129537584280537,0.000199934419520265
Light_multipath,1,20,17,20270109,2.22807377026851,1.13210731754201,1.13210731754201,1.13210731754201,1.16538190405685,1.22807377026851,0.13210731754201,0.13210731754201,0.13210731754201,0.16538190405685,1,1,1,two_path_selected,stable_two_path_selected,soft_two_path_correction,0.00526157494515492,0.568303957028112,31.9567833624812,0.568303957028112,0.969639046494478,0.969639046494478,0.907429948859409,0.219526820313685,24.553435483791,0.00102281226618195,9.46817837876868e-05
Light_multipath,1,20,18,20270109,2.24149580012222,1.90463026413868,2.24149580012222,2.24149580012222,2.24149580012222,1.24149580012222,0.904630264138678,1.24149580012222,1.24149580012222,1.24149580012222,0,0,0,weak_echo,weak_echo,v3_weak_echo,NaN,NaN,NaN,NaN,0,0,0.939609144217684,0.0595195988958627,36.6395722723406,0.00117539956902601,7.09833858596465e-05
Light_multipath,1,20,19,20270109,2.2672688298894,1.19849431420997,1.19849431420997,2.2672688298894,1.2482785556876,1.2672688298894,0.198494314209971,0.198494314209971,1.2672688298894,0.248278555687596,1,0,1,two_path_selected,unstable_split_fit,soft_two_path_correction,0.00515807359660857,0.877767108381583,44.9607429146775,0.877767108381583,0.953419322085934,0.953419322085934,0.956921377760118,0.29677798284939,20.2894425560368,0.00139269533121111,5.99953960684907e-05
Light_multipath,1,20,20,20270109,2.25150737383612,1.6545871368646,1.6545871368646,1.6545871368646,1.65602510336243,1.25150737383612,0.6545871368646,0.6545871368646,0.6545871368646,0.65602510336243,1,1,1,two_path_selected,stable_two_path_selected,soft_two_path_correction,0.00515713170456921,0.0552666783231575,52.2284282942398,0.0552666783231575,0.997591024045146,0.997591024045146,0.971907125556391,0.114318674979841,28.0545807603847,0.00118222506824517,3.32121004062991e-05
Light_multipath,1,20,21,20270109,2.23316521218227,2.10387241035752,2.23316521218227,2.23316521218227,2.23316521218227,1.23316521218227,1.10387241035752,1.23316521218227,1.23316521218227,1.23316521218227,0,0,0,weak_echo,weak_echo,v3_weak_echo,NaN,NaN,NaN,NaN,0,0,0.946510947537406,0.0329778975922878,53.4560063706088,0.00154554900536508,8.26699518314822e-05
Light_multipath,1,20,22,20270109,2.26452536811452,0.487231193566668,0.487231193566668,2.26452536811452,0.934229913273547,1.26452536811452,-0.512768806433332,-0.512768806433332,1.26452536811452,-0.065770086726453,1,0,1,two_path_selected,unstable_split_fit,soft_two_path_correction,0.0051709658995753,1.66660067936166,34.242726657573,1.66660067936166,0.748494804006997,0.748494804006997,0.919076973326613,0.428597688079341,22.7921403819004,0.00141945480101047,0.000114866578723838
Light_multipath,1,20,23,20270109,2.26720704444076,1.67183137541341,1.67183137541341,1.67183137541341,1.68312563789101,1.26720704444076,0.671831375413412,0.671831375413412,0.671831375413412,0.683125637891014,1,1,1,two_path_selected,stable_two_path_selected,soft_two_path_correction,0.00517137069907514,0.53754691965432,35.719181851207,0.53754691965432,0.981030023453842,0.981030023453842,0.925808609727924,0.111721193191442,29.3879955469127,0.00143502344964608,0.000106466384802273
Light_multipath,1,20,24,20270109,2.24930392191924,1.54458855148505,1.54458855148505,1.54458855148505,1.55601926458564,1.24930392191924,0.544588551485046,0.544588551485046,0.544588551485046,0.556019264585641,1,1,1,two_path_selected,stable_two_path_selected,soft_two_path_correction,0.00516231306246695,0.148648684462546,36.9719210163741,0.148648684462546,0.983779673922038,0.983779673922038,0.931079230946059,0.122441904026962,29.8150399461508,0.00127751790643438,8.80475165916383e-05
Light_multipath,1,20,25,20270109,2.22681527760844,1.30003054147863,1.30003054147863,2.22681527760844,1.58523297200201,1.22681527760844,0.300030541478634,0.300030541478634,1.22681527760844,0.585232972002012,1,0,1,two_path_selected,unstable_split_fit,soft_two_path_correction,0.00517710389769769,2.01701398619998,37.4065417144306,2.01701398619998,0.692266802197923,0.692266802197923,0.932818920902836,0.185728373582768,25.4798560430937,0.0013315090382513,8.94522140173493e-05
Light_multipath,1,20,26,20270109,2.2423626202242,0.822853752098239,0.822853752098239,2.2423626202242,0.961743857652426,1.2423626202242,-0.177146247901761,-0.177146247901761,1.2423626202242,-0.0382561423475745,1,0,1,two_path_selected,unstable_split_fit,soft_two_path_correction,0.00521054091145039,1.0207092374607,36.8660389830324,1.0207092374607,0.902156225527812,0.902156225527812,0.930648628355371,0.261704572949393,26.8063543322283,0.00116464117055326,8.07694626516753e-05
Light_multipath,1,20,27,20270109,2.23513028306857,1.62914640031311,1.62914640031311,1.62914640031311,1.63385536413473,1.23513028306857,0.629146400313109,0.629146400313109,0.629146400313109,0.633855364134731,1,1,1,two_path_selected,stable_two_path_selected,soft_two_path_correction,0.00515523690860326,0.36923924857055,42.8590840094894,0.36923924857055,0.992229225965203,0.992229225965203,0.951252502403771,0.105548079099386,30.9438038850878,0.00129165076321569,6.29647424750246e-05
Light_multipath,1,20,28,20270109,2.26405213981707,1.78421311040328,1.78421311040328,1.78421311040328,1.79742744881682,1.26405213981707,0.784213110403276,0.784213110403276,0.784213110403276,0.797427448816821,1,1,1,two_path_selected,stable_two_path_selected,soft_two_path_correction,0.00515675558389818,0.716729574150539,32.7371856701012,0.716729574150539,0.972460892917176,0.972460892917176,0.911583407549291,0.0872681264618183,32.0092976368293,0.00142760611191206,0.00012622406777707
Light_multipath,1,20,29,20270109,2.1979238757609,1.05295236798373,1.05295236798373,1.05295236798373,1.08013308181869,1.1979238757609,0.0529523679837258,0.0529523679837258,0.0529523679837258,0.0801330818186938,1,1,1,two_path_selected,stable_two_path_selected,soft_two_path_correction,0.00517660370756653,0.00977584208937832,33.9250188801548,0.00977584208937832,0.976260794569696,0.976260794569696,0.917550407412197,0.221744878159231,26.3027850228952,0.00158651051908376,0.000130807145934719
Light_multipath,1,20,30,20270109,2.24546909809245,1.80760147632597,1.80760147632597,1.80760147632597,1.81831819115164,1.24546909809245,0.807601476325973,0.807601476325973,0.807601476325973,0.818318191151641,1,1,1,two_path_selected,stable_two_path_selected,soft_two_path_correction,0.00519456918585391,0.179907220749341,33.6808958035037,0.179907220749341,0.975525217456286,0.975525217456286,0.916357874338666,0.082900848777926,32.2597600480407,0.0014934786480667,0.000124917728754115
Light_multipath,1,20,31,20270109,2.24808812199691,1.84748337794854,2.24808812199691,2.24808812199691,2.24808812199691,1.24808812199691,0.847483377948541,1.24808812199691,1.24808812199691,1.24808812199691,0,0,0,weak_echo,weak_echo,v3_weak_echo,NaN,NaN,NaN,NaN,0,0,0.92701410527695,0.0723969216909922,33.9891131081891,0.00129605447091152,9.45936951692872e-05
Light_multipath,1,20,32,20270109,2.24266168999615,1.53628136055026,1.53628136055026,1.53628136055026,1.55376671231203,1.24266168999615,0.536281360550264,0.536281360550264,0.536281360550264,0.553766712312033,1,1,1,two_path_selected,stable_two_path_selected,soft_two_path_correction,0.00518253381490244,0.0136080770559097,33.5903225157987,0.0136080770559097,0.975246547740811,0.975246547740811,0.915911053199052,0.165090139961859,23.4633085476172,0.00133765331803537,0.000112481858698388
Light_multipath,1,20,33,20270109,2.2548654045044,1.97342649244377,2.2548654045044,2.2548654045044,2.2548654045044,1.2548654045044,0.973426492443769,1.2548654045044,1.2548654045044,1.2548654045044,0,0,0,weak_echo,weak_echo,v3_weak_echo,NaN,NaN,NaN,NaN,0,0,0.93142897069545,0.0522954923695807,40.1692760044055,0.00143850608891416,9.86398431777058e-05
Light_multipath,1,20,34,20270109,2.21586200237213,1.38832170430398,1.38832170430398,2.21586200237213,1.52297241784041,1.21586200237213,0.388321704303982,0.388321704303982,1.21586200237213,0.522972417840405,1,0,1,two_path_selected,unstable_split_fit,soft_two_path_correction,0.00518906379123037,1.25145285442586,34.2625392674482,1.25145285442586,0.837288028328337,0.837288028328337,0.919171229940805,0.164722224047465,26.549942444188,0.00162391907319259,0.000131259381361826
Light_multipath,1,20,35,20270109,2.24011843348653,1.67419700289139,1.67419700289139,1.67419700289139,1.68913778268608,1.24011843348653,0.67419700289139,0.67419700289139,0.67419700289139,0.689137782686078,1,1,1,two_path_selected,stable_two_path_selected,soft_two_path_correction,0.00519319053434274,0.502310178707614,33.0748870394325,0.502310178707614,0.973599197720828,0.973599197720828,0.913322454193527,0.105001891376574,30.7372634183676,0.00163370073055558,0.0001416051699068
Light_multipath,1,20,36,20270109,2.25543315457952,1.95489177228264,2.25543315457952,2.25543315457952,2.25543315457952,1.25543315457952,0.954891772282638,1.25543315457952,1.25543315457952,1.25543315457952,0,0,0,weak_echo,weak_echo,v3_weak_echo,NaN,NaN,NaN,NaN,0,0,0.926525585512786,0.0549220821576576,38.221738100611,0.00129325613281317,9.50212371404469e-05
Light_multipath,1,20,37,20270109,2.23322940431274,0.993985653337365,0.993985653337365,0.993985653337365,1.00639561713674,1.23322940431274,-0.00601434666263523,-0.00601434666263523,-0.00601434666263523,0.00639561713673586,1,1,1,two_path_selected,stable_two_path_selected,soft_two_path_correction,0.00522249003148054,0.643119515092962,40.8300552971429,0.643119515092962,0.989985857270127,0.989985857270127,0.94507280973219,0.206586067292324,29.8326442949065,0.0014349751515963,7.88191531813087e-05
Light_multipath,1,20,38,20270109,2.22028538425868,0.991237790623398,0.991237790623398,0.991237790623398,0.995413653345363,1.22028538425868,-0.00876220937660177,-0.00876220937660177,-0.00876220937660177,-0.00458634665463653,1,1,1,two_path_selected,stable_two_path_selected,soft_two_path_correction,0.00517291583349994,0.257012987656296,49.4773908589232,0.257012987656296,0.996602358815403,0.996602358815403,0.966972462038737,0.247914131496789,25.6515698075365,0.00165168979797881,5.45512475029764e-05
Light_multipath,1,20,39,20270109,2.24538468725833,1.98733918657291,2.24538468725833,2.24538468725833,2.24538468725833,1.24538468725833,0.98733918657291,1.24538468725833,1.24538468725833,1.24538468725833,0,0,0,weak_echo,weak_echo,v3_weak_echo,NaN,NaN,NaN,NaN,0,0,0.938705924115428,0.0488314869878375,42.5519184428511,0.00157133762677586,9.63136877358828e-05
Light_multipath,1,20,40,20270109,2.23236868007149,1.1594493021179,1.1594493021179,2.23236868007149,1.3965119151501,1.23236868007149,0.159449302117898,0.159449302117898,1.23236868007149,0.396511915150096,1,0,1,two_path_selected,unstable_split_fit,soft_two_path_correction,0.00518162164072227,1.3835299745324,26.9974621031951,1.3835299745324,0.779048996687566,0.779048996687566,0.876073276986435,0.267543040754089,21.3818643862359,0.00131249526045685,0.000162653236599253
Light_multipath,1,20,41,20270109,2.22312989353847,0.981738975362742,0.981738975362742,0.981738975362742,1.01926793889045,1.22312989353847,-0.0182610246372583,-0.0182610246372583,-0.0182610246372583,0.0192679388904515,1,1,1,two_path_selected,stable_two_path_selected,soft_two_path_correction,0.00516388030559714,0.662180543996819,31.9909979404999,0.662180543996819,0.969768617622191,0.969768617622191,0.907616070044116,0.252990420770586,24.6191702267896,0.00123650843410972,0.000114233508566652
Light_multipath,1,20,42,20270109,2.23944836990869,1.11800996291996,1.11800996291996,1.11800996291996,1.13146114127755,1.23944836990869,0.11800996291996,0.11800996291996,0.11800996291996,0.131461141277552,1,1,1,two_path_selected,stable_two_path_selected,soft_two_path_correction,0.00518040470072397,0.00450714249991724,39.3864057584454,0.00450714249991724,0.988005423861208,0.988005423861208,0.940204580800656,0.26509730386834,22.427272215747,0.00137220167615482,8.20513744517193e-05
Light_multipath,1,20,43,20270109,2.24160961244562,1.99845093985424,2.24160961244562,2.24160961244562,2.24160961244562,1.24160961244562,0.998450939854243,1.24160961244562,1.24160961244562,1.24160961244562,0,0,0,weak_echo,weak_echo,v3_weak_echo,NaN,NaN,NaN,NaN,0,0,0.931321685145328,0.0447073049609178,42.3828193412289,0.00113977690438061,7.82779571031345e-05
Light_multipath,1,20,44,20270109,2.24585484314634,1.74649284689997,1.74649284689997,1.74649284689997,1.75192119089629,1.24585484314634,0.746492846899974,0.746492846899974,0.746492846899974,0.751921190896289,1,1,1,two_path_selected,stable_two_path_selected,soft_two_path_correction,0.00521198790558306,0.397231136009264,40.1735772939715,0.397231136009264,0.989129441092597,0.989129441092597,0.942910235321267,0.0926989056493441,31.0009451139155,0.00138083715212822,7.88316680746526e-05
Light_multipath,1,20,45,20270109,2.22169616023544,1.7309546635199,1.7309546635199,1.7309546635199,1.73703682003614,1.22169616023544,0.730954663519896,0.730954663519896,0.730954663519896,0.73703682003614,1,1,1,two_path_selected,stable_two_path_selected,soft_two_path_correction,0.00522746725875231,0.567165013688028,39.1244654609893,0.567165013688028,0.987606190719653,0.987606190719653,0.939276103125908,0.0962992574823934,29.6117962917487,0.00134276380610276,8.15378508880471e-05
Light_multipath,1,20,46,20270109,2.20429658330242,1.67138323349735,1.67138323349735,1.67138323349735,1.6826957440134,1.20429658330242,0.671383233497353,0.671383233497353,0.671383233497353,0.682695744013401,1,1,1,two_path_selected,stable_two_path_selected,soft_two_path_correction,0.00522428664000444,0.381740063869484,34.8195968128526,0.381740063869484,0.978772326645249,0.978772326645249,0.921776909700911,0.0886159017729923,34.2052819384415,0.00154272810585065,0.000120676959930899
Light_multipath,1,20,47,20270109,2.24605199749913,0.555836542154994,0.555836542154994,2.24605199749913,0.589786916228226,1.24605199749913,-0.444163457845006,-0.444163457845006,1.24605199749913,-0.410213083771774,1,0,1,two_path_selected,unstable_split_fit,soft_two_path_correction,0.00518624986601702,0.0105656829590011,35.2616913268729,0.0105656829590011,0.979913582043113,0.979913582043113,0.923784922034167,0.348680973599207,25.0380238904652,0.00129125619381987,9.84131914858466e-05
Light_multipath,1,20,48,20270109,2.25518969312247,1.69291714038316,1.69291714038316,1.69291714038316,1.70574333414952,1.25518969312247,0.692917140383156,0.692917140383156,0.692917140383156,0.705743334149519,1,1,1,two_path_selected,stable_two_path_selected,soft_two_path_correction,0.00522514780762088,0.685347444382468,34.2439778695856,0.685347444382468,0.977188653965278,0.977188653965278,0.91908292909938,0.101081039952095,30.5896401513745,0.00136075737726316,0.000110108501174544
Light_multipath,1,20,49,20270109,2.23756680745129,1.32156475567619,1.32156475567619,2.23756680745129,1.34025073323574,1.23756680745129,0.321564755676188,0.321564755676188,1.23756680745129,0.340250733235737,1,0,1,two_path_selected,unstable_split_fit,soft_two_path_correction,0.00517735350899163,0.770082796572481,38.2405056181715,0.770082796572481,0.979600506872951,0.979600506872951,0.936035071139263,0.18508935077482,25.0339388165354,0.0012031006884563,7.69562499494114e-05
Light_multipath,1,20,50,20270109,2.2352525781617,1.55708598510556,1.55708598510556,1.55708598510556,1.56335000013816,1.2352525781617,0.557085985105559,0.557085985105559,0.557085985105559,0.563350000138155,1,1,1,two_path_selected,stable_two_path_selected,soft_two_path_correction,0.00519951935235723,0.276678892912656,41.4765728936387,0.276678892912656,0.990763309345027,0.990763309345027,0.947122493100559,0.142952902856558,25.3074466758046,0.00115052310721109,6.08367935395204e-05
Light_multipath,3,20,1,20270109,4.22392488485319,3.55975617635726,3.55975617635726,3.55975617635726,3.56133203542046,1.22392488485319,0.55975617635726,0.55975617635726,0.55975617635726,0.561332035420462,1,1,1,two_path_selected,stable_two_path_selected,soft_two_path_correction,0.00515173032920636,0.529314735313208,52.3498850858336,0.529314735313208,0.997627321126328,0.997627321126328,0.972107120296082,0.145315343194497,24.8925310705376,0.00121817299426596,3.39783527876225e-05
Light_multipath,3,20,2,20270109,4.24868185771501,2.99600249042548,2.99600249042548,2.99600249042548,3.00446576423065,1.24868185771501,-0.00399750957451595,-0.00399750957451595,-0.00399750957451595,0.00446576423065359,1,1,1,two_path_selected,stable_two_path_selected,soft_two_path_correction,0.00521297703120607,0.624761858930144,43.978431654028,0.624761858930144,0.993243862694504,0.993243862694504,0.95435884252377,0.244602524683593,26.2542415036904,0.00165498805657283,7.55355705113203e-05
Light_multipath,3,20,3,20270109,4.24842078601607,3.1146219920449,3.1146219920449,3.1146219920449,3.13648039408739,1.24842078601607,0.114621992044903,0.114621992044903,0.114621992044903,0.136480394087387,1,1,1,two_path_selected,stable_two_path_selected,soft_two_path_correction,0.00525622816208582,0.398152280927595,35.5899492617594,0.398152280927595,0.980721092526545,0.980721092526545,0.925242463764108,0.190929782642508,29.6080748048179,0.00148148349217281,0.000110752055848984
Light_multipath,3,20,4,20270109,4.22734135666298,3.34013138226781,3.34013138226781,3.34013138226781,3.35515360560634,1.22734135666298,0.340131382267812,0.340131382267812,0.340131382267812,0.355153605606337,1,1,1,two_path_selected,stable_two_path_selected,soft_two_path_correction,0.0051935394549781,0.190758318122082,36.6284081435651,0.190758318122082,0.983068017975377,0.983068017975377,0.929672408093039,0.161450342667251,27.1021903698198,0.00108018737741689,7.59669770620253e-05
Light_multipath,3,20,5,20270109,4.23934327022853,3.73242037317587,3.73242037317587,3.73242037317587,3.73935871603746,1.23934327022853,0.73242037317587,0.73242037317587,0.73242037317587,0.739358716037462,1,1,1,two_path_selected,stable_two_path_selected,soft_two_path_correction,0.00517047584128448,0.749584173469318,38.3303675996116,0.749584173469318,0.986312824096262,0.986312824096262,0.936372297608786,0.085142692901205,32.9774900791009,0.00119922748780454,7.63040896933909e-05
Light_multipath,3,20,6,20270109,4.23394999918294,3.43351339166993,3.43351339166993,4.23394999918294,3.5538951888775,1.23394999918294,0.43351339166993,0.43351339166993,1.23394999918294,0.553895188877501,1,0,1,two_path_selected,unstable_split_fit,soft_two_path_correction,0.00522734055359083,1.12482638342764,28.9443326657904,1.12482638342764,0.849604833065291,0.849604833065291,0.889483077979455,0.140972899339396,28.3617175020031,0.00116576172623373,0.000128836397792709
Light_multipath,3,20,7,20270109,4.23052500898206,3.59271780628743,3.59271780628743,3.59271780628743,3.62404178129497,1.23052500898206,0.592717806287433,0.592717806287433,0.592717806287433,0.62404178129497,1,1,1,two_path_selected,stable_two_path_selected,soft_two_path_correction,0.00525566351852315,0.629771479276465,28.1092181481873,0.629771479276465,0.950888019333744,0.950888019333744,0.883918441673242,0.11088180268529,29.092661237447,0.000965627169142058,0.000112091506556666
Light_multipath,3,20,8,20270109,4.23766959371356,3.5796287983727,3.5796287983727,3.5796287983727,3.61571890551955,1.23766959371356,0.579628798372698,0.579628798372698,0.579628798372698,0.615718905519549,1,1,1,two_path_selected,stable_two_path_selected,soft_two_path_correction,0.00519274817361293,0.207989092443026,27.2259851269778,0.207989092443026,0.945155213168575,0.945155213168575,0.877728018901426,0.109945371069759,31.1057164812417,0.00130013917684257,0.000158970592856411
Light_multipath,3,20,9,20270109,4.22798841263093,3.38648429055268,3.38648429055268,3.38648429055268,3.39612481137081,1.22798841263093,0.386484290552682,0.386484290552682,0.386484290552682,0.396124811370814,1,1,1,two_path_selected,stable_two_path_selected,soft_two_path_correction,0.00519199179295668,0.11632397597592,39.7537262253385,0.11632397597592,0.988543703393486,0.988543703393486,0.941482727345015,0.162037531410449,26.199968795501,0.0011626428906597,6.80346910331142e-05
Light_multipath,3,20,10,20270109,4.24961260325541,3.93151748295386,4.24961260325541,4.24961260325541,4.24961260325541,1.24961260325541,0.931517482953862,1.24961260325541,1.24961260325541,1.24961260325541,0,0,0,weak_echo,weak_echo,v3_weak_echo,NaN,NaN,NaN,NaN,0,0,0.910496720823909,0.0598805444385709,35.8457188122361,0.0013726468067039,0.00012285639035059
Light_multipath,3,20,11,20270109,4.23906238886315,3.78942356134804,4.23906238886315,4.23906238886315,4.23906238886315,1.23906238886315,0.789423561348045,1.23906238886315,1.23906238886315,1.23906238886315,0,0,0,weak_echo,weak_echo,v3_weak_echo,NaN,NaN,NaN,NaN,0,0,0.907984360032606,0.077978032208087,33.7454486243106,0.00130366106450341,0.000119957207150856
Light_multipath,3,20,12,20270109,4.25314339605775,3.92455439195646,4.25314339605775,4.25314339605775,4.25314339605775,1.25314339605775,0.924554391956462,1.25314339605775,1.25314339605775,1.25314339605775,0,0,0,weak_echo,weak_echo,v3_weak_echo,NaN,NaN,NaN,NaN,0,0,0.957204613005349,0.061700042868765,35.6775134253224,0.00129566182363905,5.54483491568281e-05
Light_multipath,3,20,13,20270109,4.23289819394624,3.20194052574134,3.20194052574134,4.23289819394624,3.21894630406682,1.23289819394624,0.201940525741343,0.201940525741343,1.23289819394624,0.218946304066816,1,0,1,two_path_selected,unstable_split_fit,soft_two_path_correction,0.00518839917502245,0.457208441909153,36.8375218912453,0.457208441909153,0.983504872362913,0.983504872362913,0.930532195465352,0.18809800494354,26.8176109373749,0.00107899601059125,7.49554839574174e-05
Light_multipath,3,20,14,20270109,4.23939232342303,3.64448757590978,3.64448757590978,4.23939232342303,3.68668075260685,1.23939232342303,0.644487575909777,0.644487575909777,1.23939232342303,0.686680752606849,1,0,1,two_path_selected,unstable_split_fit,soft_two_path_correction,0.00522552599368995,0.962233419540762,46.0769556956004,0.962233419540762,0.929075743850687,0.929075743850687,0.959659041410585,0.109198718127034,30.1516219658116,0.00141397518792252,5.7041114502443e-05
Light_multipath,3,20,15,20270109,4.24488141221079,3.45328467422509,3.45328467422509,3.45328467422509,3.45356126750698,1.24488141221079,0.453284674225088,0.453284674225088,0.453284674225088,0.453561267506978,1,1,1,two_path_selected,stable_two_path_selected,soft_two_path_correction,0.0051758563347311,0.742870701047135,67.6740739292807,0.742870701047135,0.999650588148464,0.999650588148464,0.988675725863956,0.151547754595591,27.5936744847996,0.00147532586369681,1.6706994520499e-05
Light_multipath,3,20,16,20270109,4.22520795609521,3.31930404291413,3.31930404291413,3.31930404291413,3.32394622437867,1.22520795609521,0.319304042914133,0.319304042914133,0.319304042914133,0.323946224378668,1,1,1,two_path_selected,stable_two_path_selected,soft_two_path_correction,0.00518308247479911,0.292811307613104,46.1899907628241,0.292811307613104,0.994875635928944,0.994875635928944,0.95992638356955,0.150701380781138,30.8154643977234,0.00155811044681764,6.24391204020469e-05
Light_multipath,3,20,17,20270109,4.23741278299329,3.33578517961797,3.33578517961797,3.33578517961797,3.34612074087263,1.23741278299329,0.33578517961797,0.33578517961797,0.33578517961797,0.346120740872625,1,1,1,two_path_selected,stable_two_path_selected,soft_two_path_correction,0.00520175610899349,0.0364397024996652,39.74888864303,0.0364397024996652,0.98853677370129,0.98853677370129,0.941466073085944,0.167213864281004,26.6532721783386,0.00106824082462187,6.25283303550273e-05
Light_multipath,3,20,18,20270109,4.23921489601543,3.2749419932076,3.2749419932076,3.2749419932076,3.30612396749177,1.23921489601543,0.274941993207596,0.274941993207596,0.274941993207596,0.306123967491766,1,1,1,two_path_selected,stable_two_path_selected,soft_two_path_correction,0.00517188183175513,0.116564536442549,31.4522733455443,0.116564536442549,0.967662708146862,0.967662708146862,0.904641571135086,0.211381122263263,23.2500818418304,0.00114885184106872,0.000109552706562877
Light_multipath,3,20,19,20270109,4.22221793471432,3.60557433050499,3.60557433050499,3.60557433050499,3.61945378815379,1.22221793471432,0.605574330504988,0.605574330504988,0.605574330504988,0.619453788153793,1,1,1,two_path_selected,stable_two_path_selected,soft_two_path_correction,0.00517016138362662,0.251265848532798,34.35105080083,0.251265848532798,0.977491929610456,0.977491929610456,0.919590976180099,0.116240260822793,28.7666896524599,0.00137563042024391,0.000110613099228773
Light_multipath,3,20,20,20270109,4.24367735374088,3.19403489169725,3.19403489169725,3.19403489169725,3.21048253980433,1.24367735374088,0.19403489169725,0.19403489169725,0.19403489169725,0.210482539804326,1,1,1,two_path_selected,stable_two_path_selected,soft_two_path_correction,0.00516630639839105,0.177629180735848,37.248179024392,0.177629180735848,0.984330237483864,0.984330237483864,0.932190174780816,0.204139065463168,25.7280849385364,0.00127903964418841,8.67314547208231e-05
Light_multipath,3,20,21,20270109,4.22827471607581,3.07224088649878,3.07224088649878,4.22827471607581,3.32481835511935,1.22827471607581,0.0722408864987774,0.0722408864987774,1.22827471607581,0.324818355119347,1,0,1,two_path_selected,unstable_split_fit,soft_two_path_correction,0.00521203543523864,1.51732820075139,35.8794568318517,1.51732820075139,0.781513773941216,0.781513773941216,0.926504794754642,0.224141502300028,25.8628647429106,0.00134201376609067,9.86315771809299e-05
Light_multipath,3,20,22,20270109,4.21924130137132,2.91027533751328,2.91027533751328,4.21924130137132,2.9430641360473,1.21924130137132,-0.0897246624867218,-0.0897246624867218,1.21924130137132,-0.056935863952698,1,0,1,two_path_selected,unstable_split_fit,soft_two_path_correction,0.00517467905430291,0.556752890831248,33.495246519853,0.556752890831248,0.974950610299001,0.974950610299001,0.915439450934613,0.285242457056094,23.4302730937557,0.00121214827320459,0.000102499923530841
Light_multipath,3,20,23,20270109,4.22971159523068,2.9098764854412,2.9098764854412,4.22971159523068,3.18324758921772,1.22971159523068,-0.0901235145588033,-0.0901235145588033,1.22971159523068,0.183247589217721,1,0,1,two_path_selected,unstable_split_fit,soft_two_path_correction,0.0051792821079925,1.49709441938806,41.106165184727,1.49709441938806,0.792874805535271,0.792874805535271,0.945957718182009,0.24772052162861,26.3838795545696,0.00119131218338997,6.43812287479673e-05
Light_multipath,3,20,24,20270109,4.26565284528694,2.67646529101113,2.67646529101113,2.67646529101113,2.6846952447102,1.26565284528694,-0.323534708988869,-0.323534708988869,-0.323534708988869,-0.315304755289797,1,1,1,two_path_selected,stable_two_path_selected,soft_two_path_correction,0.00520691573997767,0.0695235366967442,46.105582429352,0.0695235366967442,0.994821282310619,0.994821282310619,0.959726915416621,0.31924504555392,26.0770291782561,0.00181806253870165,7.3218986399004e-05
Light_multipath,3,20,25,20270109,4.23180675735396,2.5441585931515,2.5441585931515,2.5441585931515,2.66625008825009,1.23180675735396,-0.455841406848496,-0.455841406848496,-0.455841406848496,-0.333749911749906,1,1,1,two_path_selected,stable_two_path_selected,soft_two_path_correction,0.00517760515942892,0.293839505720312,25.0105639713828,0.293839505720312,0.927655836276581,0.927655836276581,0.860708785736214,0.699906977561087,16.5747488314524,0.00120486892350891,0.000167827655384256
Light_multipath,3,20,26,20270109,4.22282639939271,3.94424331265628,4.22282639939271,4.22282639939271,4.22282639939271,1.22282639939271,0.944243312656283,1.22282639939271,1.22282639939271,1.22282639939271,0,0,0,weak_echo,weak_echo,v3_weak_echo,NaN,NaN,NaN,NaN,0,0,0.930737177309233,0.0528521583510739,35.7559692422715,0.00105076077478139,7.2778657234096e-05
Light_multipath,3,20,27,20270109,4.24951801328459,2.75621855129165,2.75621855129165,4.24951801328459,2.92580259678376,1.24951801328459,-0.243781448708349,-0.243781448708349,1.24951801328459,-0.074197403216242,1,0,1,two_path_selected,unstable_split_fit,soft_two_path_correction,0.00519156254814256,1.09614397777037,39.8741894311986,1.09614397777037,0.886436679441522,0.886436679441522,0.941895919207482,0.288431326691087,26.0775572258905,0.00129101106502705,7.50130112263658e-05
Light_multipath,3,20,28,20270109,4.23707407601573,3.08335239506284,3.08335239506284,4.23707407601573,3.13263356141444,1.23707407601573,0.0833523950628443,0.0833523950628443,1.23707407601573,0.132633561414441,1,0,1,two_path_selected,unstable_split_fit,soft_two_path_correction,0.00517466149671608,0.81785435318123,34.8819114960264,0.81785435318123,0.957285047888764,0.957285047888764,0.922063117005745,0.220032428686799,26.2388439346061,0.00134543105853568,0.000104858702985933
Light_multipath,3,20,29,20270109,4.26397382773922,3.18362598727929,3.18362598727929,4.26397382773922,3.22239280137632,1.26397382773922,0.183625987279288,0.183625987279288,1.26397382773922,0.222392801376316,1,0,1,two_path_selected,unstable_split_fit,soft_two_path_correction,0.00521345511294953,0.756694968955354,31.1144513612735,0.756694968955354,0.964116358967752,0.964116358967752,0.902727666280056,0.2093633581615,25.7636094938805,0.00126586682528895,0.000123133820274512
Light_multipath,3,20,30,20270109,4.22883878055092,3.96825684211564,4.22883878055092,4.22883878055092,4.22883878055092,1.22883878055092,0.96825684211564,1.22883878055092,1.22883878055092,1.22883878055092,0,0,0,weak_echo,weak_echo,v3_weak_echo,NaN,NaN,NaN,NaN,0,0,0.951264306950388,0.0457908837082238,42.0301417282419,0.00114120979784893,5.56176504131756e-05
Light_multipath,3,20,31,20270109,4.24754921211369,3.40201480411963,3.40201480411963,3.40201480411963,3.40984385887069,1.24754921211369,0.402014804119627,0.402014804119627,0.402014804119627,0.409843858870691,1,1,1,two_path_selected,stable_two_path_selected,soft_two_path_correction,0.00522764143497375,0.22165138774736,41.4570166534606,0.22165138774736,0.990740702356942,0.990740702356942,0.947061629556919,0.145361187004751,29.9924744947739,0.00156134702571054,8.26551672372666e-05
Light_multipath,3,20,32,20270109,4.24368436055214,3.36490375677234,3.36490375677234,3.36490375677234,3.39466716822207,1.24368436055214,0.364903756772335,0.364903756772335,0.364903756772335,0.394667168222075,1,1,1,two_path_selected,stable_two_path_selected,soft_two_path_correction,0.00516287788345405,0.390376747249883,31.0820434685406,0.390376747249883,0.96613101003627,0.96613101003627,0.902542054630487,0.19774630921412,23.629692467669,0.00144774959776495,0.000141094701207711
Light_multipath,3,20,33,20270109,4.23767847780131,3.13727176759456,3.13727176759456,3.13727176759456,3.15365452218072,1.23767847780131,0.137271767594562,0.137271767594562,0.137271767594562,0.153654522180715,1,1,1,two_path_selected,stable_two_path_selected,soft_two_path_correction,0.00525629164639087,0.60252065854792,37.6576471605058,0.60252065854792,0.985112091343868,0.985112091343868,0.933803953657496,0.198864187015289,27.6823481293673,0.00142290638834019,9.41907772236128e-05
Light_multipath,3,20,34,20270109,4.21884688647654,3.44506282405505,3.44506282405505,3.44506282405505,3.46545327860438,1.21884688647654,0.445062824055052,0.445062824055052,0.445062824055052,0.465453278604381,1,1,1,two_path_selected,stable_two_path_selected,soft_two_path_correction,0.00517943897705841,0.072116693865083,33.0898077475992,0.072116693865083,0.97364839166431,0.97364839166431,0.913398496721669,0.174220607092939,23.978078260728,0.00141110773914255,0.000122204051497432
Light_multipath,3,20,35,20270109,4.25070887597974,3.74145535740787,3.74145535740787,4.25070887597974,3.77028453536727,1.25070887597974,0.741455357407869,0.741455357407869,1.25070887597974,0.770284535367269,1,0,1,two_path_selected,unstable_split_fit,soft_two_path_correction,0.00515958445960881,0.868651761471467,35.5815919306816,0.868651761471467,0.943389339674574,0.943389339674574,0.925205703347768,0.088697277506996,30.3986315314386,0.000914457517668943,6.83962068523947e-05
Light_multipath,3,20,36,20270109,4.2436532888082,3.25793499682601,3.25793499682601,4.2436532888082,3.32524170182223,1.2436532888082,0.257934996826013,0.257934996826013,1.2436532888082,0.325241701822226,1,0,1,two_path_selected,unstable_split_fit,soft_two_path_correction,0.00513785980814091,0.835074059939067,29.3873571066034,0.835074059939067,0.931718113031193,0.931718113031193,0.89232597364399,0.200776439098615,25.1242863235909,0.00141500397029493,0.000152359174791394
Light_multipath,3,20,37,20270109,4.24596638414457,4.08789422100431,4.24596638414457,4.24596638414457,4.24596638414457,1.24596638414457,1.08789422100431,1.24596638414457,1.24596638414457,1.24596638414457,0,0,0,weak_echo,weak_echo,v3_weak_echo,NaN,NaN,NaN,NaN,0,0,0.946173424317499,0.0424953562130521,44.150110007873,0.00176846948817522,9.5190656747457e-05
Light_multipath,3,20,38,20270109,4.2212028431231,3.27528243175461,3.27528243175461,3.27528243175461,3.30465403541355,1.2212028431231,0.275282431754611,0.275282431754611,0.275282431754611,0.304654035413555,1,1,1,two_path_selected,stable_two_path_selected,soft_two_path_correction,0.00517147796296842,0.191160490568137,31.7770407048648,0.191160490568137,0.968949180812738,0.968949180812738,0.906446004177233,0.210241036071296,23.6196347904594,0.00142028073231493,0.000132872937698147
Light_multipath,3,20,39,20270109,4.25308346056088,2.82190351543971,2.82190351543971,4.25308346056088,3.00538066735453,1.25308346056088,-0.178096484560285,-0.178096484560285,1.25308346056088,0.00538066735452603,1,0,1,two_path_selected,unstable_split_fit,soft_two_path_correction,0.00517045669871543,1.12302890911195,35.3775132254558,1.12302890911195,0.871800081785468,0.871800081785468,0.924302414535296,0.30551141286096,24.5949078251928,0.00166520963998185,0.000126052349039174
Light_multipath,3,20,40,20270109,4.2289714039536,2.72975344905239,2.72975344905239,2.72975344905239,2.82646688479013,1.2289714039536,-0.270246550947613,-0.270246550947613,-0.270246550947613,-0.17353311520987,1,1,1,two_path_selected,stable_two_path_selected,soft_two_path_correction,0.00521355811490764,0.170724159255469,25.9275724195766,0.170724159255469,0.935490743409543,0.935490743409543,0.868023333930201,0.292800256695279,25.6265571085259,0.00118589298608018,0.000156510202618421
Light_multipath,3,20,41,20270109,4.26704837341499,3.46011116913079,3.46011116913079,3.46011116913079,3.48806923421746,1.26704837341499,0.46011116913079,0.46011116913079,0.46011116913079,0.488069234217464,1,1,1,two_path_selected,stable_two_path_selected,soft_two_path_correction,0.00516816834209094,0.175011896896903,30.900321115246,0.175011896896903,0.965352861488801,0.965352861488801,0.901494685050075,0.132832342328287,31.1455994393739,0.00148339644398932,0.000146122433910767
Light_multipath,3,20,42,20270109,4.25463833218169,3.74681813457219,3.74681813457219,3.74681813457219,3.74868517896887,1.25463833218169,0.746818134572189,0.746818134572189,0.746818134572189,0.748685178968873,1,1,1,two_path_selected,stable_two_path_selected,soft_two_path_correction,0.00516841499008306,0.142259140708799,48.8461663939564,0.142259140708799,0.996323414457573,0.996323414457573,0.965723069489026,0.0955283790128699,30.2946314205122,0.00129239489926425,4.42993301548178e-05
Light_multipath,3,20,43,20270109,4.24261295069823,3.19806495600891,3.19806495600891,3.19806495600891,3.21773892375031,1.24261295069823,0.198064956008906,0.198064956008906,0.198064956008906,0.217738923750309,1,1,1,two_path_selected,stable_two_path_selected,soft_two_path_correction,0.00523542067893511,0.150971595452885,35.7763456194078,0.150971595452885,0.981165089740798,0.981165089740798,0.92605766484452,0.203089828675738,25.6152769701659,0.00121245439252982,8.96517090531734e-05
Light_multipath,3,20,44,20270109,4.26845439580008,3.0943494893728,3.0943494893728,3.0943494893728,3.10748200518512,1.26845439580008,0.0943494893727959,0.0943494893727959,0.0943494893727959,0.107482005185116,1,1,1,two_path_selected,stable_two_path_selected,soft_two_path_correction,0.00520168594304408,0.704379256991332,39.9453606128456,0.704379256991332,0.988814870170093,0.988814870170093,0.942138665782824,0.20691047220515,28.3170376305021,0.00143430173804449,8.29906122332691e-05
Light_multipath,3,20,45,20270109,4.27178871277905,3.86533210897558,3.86533210897558,4.27178871277905,3.96016658976952,1.27178871277905,0.865332108975578,0.865332108975578,1.27178871277905,0.960166589769519,1,0,1,two_path_selected,unstable_split_fit,soft_two_path_correction,0.00519896606939995,1.56973702704117,33.8951222121055,1.56973702704117,0.76667993604603,0.76667993604603,0.917405281715025,0.0845449960352117,29.8197520374454,0.00132329336398684,0.000109297042606871
Light_multipath,3,20,46,20270109,4.2225386198799,3.73038368212199,3.73038368212199,3.73038368212199,3.7403203471542,1.2225386198799,0.730383682121987,0.730383682121987,0.730383682121987,0.740320347154199,1,1,1,two_path_selected,stable_two_path_selected,soft_two_path_correction,0.00517803804599733,0.466101795005394,35.2204970121981,0.466101795005394,0.979809884510192,0.979809884510192,0.923600014096259,0.0891412434683039,32.1008026142066,0.00148761829904509,0.000113654017077192
Light_multipath,3,20,47,20270109,4.22606399233963,2.86746928522099,2.86746928522099,2.86746928522099,2.87715122507982,1.22606399233963,-0.132530714779012,-0.132530714779012,-0.132530714779012,-0.12284877492018,1,1,1,two_path_selected,stable_two_path_selected,soft_two_path_correction,0.00518407646956087,0.358550698625464,43.5515508885089,0.358550698625464,0.992873562801252,0.992873562801252,0.953198253577741,0.260135979230434,26.3838595231187,0.00145711539935744,6.81955454286953e-05
Light_multipath,3,20,48,20270109,4.22651246547148,3.32388180191363,3.32388180191363,4.22651246547148,3.40349851114037,1.22651246547148,0.323881801913631,0.323881801913631,1.22651246547148,0.403498511140373,1,0,1,two_path_selected,unstable_split_fit,soft_two_path_correction,0.00520404601879964,0.892702230781972,28.8384021599691,0.892702230781972,0.911794809947048,0.911794809947048,0.888792274211853,0.166510894863388,26.9552205642449,0.00121931254642371,0.000135596975312735
Light_multipath,3,20,49,20270109,4.24460846835415,2.84393135900965,2.84393135900965,2.84393135900965,2.88530313003777,1.24460846835415,-0.156068640990348,-0.156068640990348,-0.156068640990348,-0.114696869962229,1,1,1,two_path_selected,stable_two_path_selected,soft_two_path_correction,0.0052065541595555,0.497379814920871,32.1768980734322,0.497379814920871,0.970463020526208,0.970463020526208,0.90862081261831,0.26972632593357,26.5792859890631,0.00170002026868121,0.000155346470684492
Light_multipath,3,20,50,20270109,4.27517344779132,3.28714143031687,3.28714143031687,4.27517344779132,3.35986861569899,1.27517344779132,0.287141430316869,0.287141430316869,1.27517344779132,0.35986861569899,1,0,1,two_path_selected,unstable_split_fit,soft_two_path_correction,0.0051917000961961,0.94732760885908,38.9456872780427,0.94732760885908,0.926391873850382,0.926391873850382,0.938634138892686,0.322115122110396,18.474431483765,0.001366529283374,8.38582462026061e-05
Light_multipath,5,20,1,20270109,6.22848671670363,5.22765520201112,5.22765520201112,5.22765520201112,5.23089817631439,1.22848671670363,0.22765520201112,0.22765520201112,0.22765520201112,0.23089817631439,1,1,1,two_path_selected,stable_two_path_selected,soft_two_path_correction,0.00520777521252864,0.257749153251218,49.8567643569328,0.257749153251218,0.996759720037127,0.996759720037127,0.967701344336577,0.249395842043542,21.4986073962602,0.00121801599372451,3.93402791738495e-05
Light_multipath,5,20,2,20270109,6.24669991508767,4.63341434157809,4.63341434157809,6.24669991508767,4.66824719188108,1.24669991508767,-0.366585658421913,-0.366585658421913,1.24669991508767,-0.331752808118923,1,0,1,two_path_selected,unstable_split_fit,soft_two_path_correction,0.00516789008832917,0.400438448502314,34.6837375333364,0.400438448502314,0.978408751138081,0.978408751138081,0.921149267854697,0.404441431930552,22.1563495410125,0.00158698709401395,0.000125135094268147
Light_multipath,5,20,3,20270109,6.22579134867645,5.14358835571983,5.14358835571983,5.14358835571983,5.17565750445226,1.22579134867645,0.143588355719828,0.143588355719828,0.143588355719828,0.175657504452255,1,1,1,two_path_selected,stable_two_path_selected,soft_two_path_correction,0.00519240278419733,0.142378920329222,32.1508766521684,0.142378920329222,0.970366789834121,0.970366789834121,0.908480833966149,0.211474919746369,26.3152951468583,0.00168848702619817,0.000154528924496633
Light_multipath,5,20,4,20270109,6.24328748895709,5.04689454270822,5.04689454270822,6.24328748895709,5.42391785262287,1.24328748895709,0.0468945427082161,0.0468945427082161,1.24328748895709,0.423917852622867,1,0,1,two_path_selected,unstable_split_fit,soft_two_path_correction,0.00515158261312657,2.03514049659287,34.6251128369053,2.03514049659287,0.684866655978912,0.684866655978912,0.920876880798777,0.290578469657801,21.5352875955936,0.00112677116933457,8.91536495437606e-05
Light_multipath,5,20,5,20270109,6.23093973040602,5.57620088089911,5.57620088089911,6.23093973040602,5.72868046410095,1.23093973040602,0.57620088089911,0.57620088089911,1.23093973040602,0.728680464100953,1,0,1,two_path_selected,unstable_split_fit,soft_two_path_correction,0.00522924865595508,1.59909596865948,37.1980099502514,1.59909596865948,0.767113890802911,0.767113890802911,0.931989764140559,0.116583224320814,29.7362442015178,0.00132164571942561,8.98854371007562e-05
Light_multipath,5,20,6,20270109,6.23945110573081,5.52171601120759,5.52171601120759,5.52171601120759,5.52946366122648,1.23945110573081,0.521716011207591,0.521716011207591,0.521716011207591,0.529463661226479,1,1,1,two_path_selected,stable_two_path_selected,soft_two_path_correction,0.00518329755793562,0.473352897912342,40.2296878225861,0.473352897912342,0.989205418436401,0.989205418436401,0.943098356273516,0.119986749405329,31.7278119200681,0.00152020525231533,8.65021776583763e-05
Light_multipath,5,20,7,20270109,6.21166763145929,5.81760426971988,6.21166763145929,6.21166763145929,6.21166763145929,1.21166763145929,0.81760426971988,1.21166763145929,1.21166763145929,1.21166763145929,0,0,0,weak_echo,weak_echo,v3_weak_echo,NaN,NaN,NaN,NaN,0,0,0.93718075776759,0.0657967930587142,35.7637068444407,0.00109116605478654,6.85462247114188e-05
Light_multipath,5,20,8,20270109,6.22726783821439,6.03943159446835,6.22726783821439,6.22726783821439,6.22726783821439,1.22726783821439,1.03943159446835,1.22726783821439,1.22726783821439,1.22726783821439,0,0,0,weak_echo,weak_echo,v3_weak_echo,NaN,NaN,NaN,NaN,0,0,0.906851790763287,0.0384149542930365,40.3792902983222,0.000952708522170553,8.87430927647426e-05
Light_multipath,5,20,9,20270109,6.2506500316283,5.44933241080836,5.44933241080836,6.2506500316283,5.52655073398518,1.2506500316283,0.449332410808362,0.449332410808362,1.2506500316283,0.526550733985178,1,0,1,two_path_selected,unstable_split_fit,soft_two_path_correction,0.00521242810716023,0.949542858368652,30.5364311687557,0.949542858368652,0.903635810357193,0.903635810357193,0.899363421337255,0.141008471282868,28.3873621965249,0.00114656960781301,0.000115386842528986
Light_multipath,5,20,10,20270109,6.23602983368783,5.3238793203029,5.3238793203029,5.3238793203029,5.33498750698745,1.23602983368783,0.323879320302899,0.323879320302899,0.323879320302899,0.334987506987455,1,1,1,two_path_selected,stable_two_path_selected,soft_two_path_correction,0.00521298059566256,0.246123718474227,39.2649810995558,0.246123718474227,0.987821980559619,0.987821980559619,0.939775955492314,0.201451032141627,23.1924336496463,0.00113564739224281,6.83932790954689e-05
Light_multipath,5,20,11,20270109,6.26636570795885,5.16885581907655,5.16885581907655,5.16885581907655,5.18403999529893,1.26636570795885,0.168855819076555,0.168855819076555,0.168855819076555,0.184039995298925,1,1,1,two_path_selected,stable_two_path_selected,soft_two_path_correction,0.00519245978702181,0.596401918825955,38.2443624614878,0.596401918825955,0.986164884365794,0.986164884365794,0.936049581417225,0.231843250827724,24.4848814467032,0.00150304029564374,9.6120056053195e-05
Light_multipath,5,20,12,20270109,6.22940795911288,5.54507443687078,5.54507443687078,5.54507443687078,5.54841366702435,1.22940795911288,0.545074436870781,0.545074436870781,0.545074436870781,0.548413667024349,1,1,1,two_path_selected,stable_two_path_selected,soft_two_path_correction,0.00520153054158189,0.490003361347952,46.5816409353726,0.490003361347952,0.995120463860039,0.995120463860039,0.96083905582974,0.134181611274417,26.8672144802244,0.00123386694715366,4.83193946310134e-05
Light_multipath,5,20,13,20270109,6.24621710394115,5.02372071743831,5.02372071743831,5.02372071743831,5.02780487281542,1.24621710394115,0.0237207174383123,0.0237207174383123,0.0237207174383123,0.0278048728154214,1,1,1,two_path_selected,stable_two_path_selected,soft_two_path_correction,0.00520161447484322,0.238594050513811,49.6122825649174,0.238594050513811,0.996659167730718,0.996659167730718,0.967233492171553,0.275604351624215,23.0115766004071,0.00124160525987715,4.06830684676063e-05
Light_multipath,5,20,14,20270109,6.24329117754771,5.77679711426995,5.77679711426995,6.24329117754771,5.85476944000084,1.24329117754771,0.776797114269954,0.776797114269954,1.24329117754771,0.854769440000839,1,0,1,two_path_selected,unstable_split_fit,soft_two_path_correction,0.00518588148871692,1.34651063152121,55.791364750961,1.34651063152121,0.832854623737282,0.832854623737282,0.977218894911051,0.0827316606041439,33.0991457618281,0.00128345611819847,2.92385487057345e-05
Light_multipath,5,20,15,20270109,6.22290416747446,3.75715569608907,3.75715569608907,6.22290416747446,3.81493681726615,1.22290416747446,-1.24284430391093,-1.24284430391093,1.22290416747446,-1.18506318273385,1,0,1,two_path_selected,unstable_split_fit,soft_two_path_correction,0.00518679837863592,0.66080609999705,34.0287086464275,0.66080609999705,0.976566498226554,0.976566498226554,0.918051769735139,0.514020543151825,26.7379090301487,0.00150202875497918,0.000123088598277477
Light_multipath,5,20,16,20270109,6.23281007112517,5.90744132714735,6.23281007112517,6.23281007112517,6.23281007112517,1.23281007112517,0.907441327147352,1.23281007112517,1.23281007112517,1.23281007112517,0,0,0,weak_echo,weak_echo,v3_weak_echo,NaN,NaN,NaN,NaN,0,0,0.931713757200008,0.0573700542152714,39.9167777027912,0.00149605674529796,0.000102160094151982
Light_multipath,5,20,17,20270109,6.2574544978053,5.26777554919166,5.26777554919166,6.2574544978053,5.30129230384563,1.2574544978053,0.267775549191659,0.267775549191659,1.2574544978053,0.301292303845625,1,0,1,two_path_selected,unstable_split_fit,soft_two_path_correction,0.00517747468469835,0.81890219984578,39.6012714254358,0.81890219984578,0.966133709622785,0.966133709622785,0.940955588435416,0.267164317209039,20.7271810672632,0.00142964098830278,8.44123109029482e-05
Light_multipath,5,20,18,20270109,6.2514785937513,5.09774703457417,5.09774703457417,6.2514785937513,5.27626877188619,1.2514785937513,0.0977470345741676,0.0977470345741676,1.2514785937513,0.276268771886191,1,0,1,two_path_selected,unstable_split_fit,soft_two_path_correction,0.00522989721099945,1.27066488993566,42.5924497982144,1.27066488993566,0.845265793509758,0.845265793509758,0.950481901444352,0.221837737951103,26.0641984971094,0.00133059800578383,6.58886831883532e-05
Light_multipath,5,20,19,20270109,6.23264787827437,5.85576566248554,6.23264787827437,6.23264787827437,6.23264787827437,1.23264787827437,0.855765662485537,1.23264787827437,1.23264787827437,1.23264787827437,0,0,0,weak_echo,weak_echo,v3_weak_echo,NaN,NaN,NaN,NaN,0,0,0.899309601714138,0.0641031480471081,37.2194921911819,0.00140372442360426,0.000141341571296305
Light_multipath,5,20,20,20270109,6.26075841908701,5.37662696147482,5.37662696147482,5.37662696147482,5.38410544643528,1.26075841908701,0.37662696147482,0.37662696147482,0.37662696147482,0.384105446435282,1,1,1,two_path_selected,stable_two_path_selected,soft_two_path_correction,0.00520067658015308,0.192796782961853,42.1806042656746,0.192796782961853,0.991541433238153,0.991541433238153,0.949267616326265,0.203656046912892,23.2022072079207,0.001344358778955,6.82025253690988e-05
Light_multipath,5,20,21,20270109,6.25383470425143,4.19671696667978,4.19671696667978,6.25383470425143,4.2176486967959,1.25383470425143,-0.803283033320223,-0.803283033320223,1.25383470425143,-0.782351303204105,1,0,1,two_path_selected,unstable_split_fit,soft_two_path_correction,0.0051489151038632,0.594941674532219,40.7023594437443,0.594941674532219,0.989824729166534,0.989824729166534,0.944658669536564,0.432179810078291,25.7046452680592,0.00153222053409374,8.47951229201449e-05
Light_multipath,5,20,22,20270109,6.23235965432069,5.37257209604831,5.37257209604831,5.37257209604831,5.37912124004276,1.23235965432069,0.372572096048309,0.372572096048309,0.372572096048309,0.379121240042764,1,1,1,two_path_selected,stable_two_path_selected,soft_two_path_correction,0.00520289081518127,0.470455209948911,43.0188078418379,0.470455209948911,0.992382834653231,0.992382834653231,0.951708365581279,0.151898678132274,28.5624401963245,0.00128294627392078,6.1955572439043e-05
Light_multipath,5,20,23,20270109,6.26168709314058,5.26619171314696,5.26619171314696,5.26619171314696,5.27968012016478,1.26168709314058,0.266191713146961,0.266191713146961,0.266191713146961,0.279680120164779,1,1,1,two_path_selected,stable_two_path_selected,soft_two_path_correction,0.00517754552126416,0.558854158400748,38.4112792440598,0.558854158400748,0.986450557894196,0.986450557894196,0.936674414664293,0.19471326189059,25.3526085998192,0.00109827301273002,6.9548781389539e-05
Light_multipath,5,20,24,20270109,6.25459666170182,6.04781862000154,6.25459666170182,6.25459666170182,6.25459666170182,1.25459666170182,1.04781862000154,1.25459666170182,1.25459666170182,1.25459666170182,0,0,0,weak_echo,weak_echo,v3_weak_echo,NaN,NaN,NaN,NaN,0,0,0.9712170488895,0.0381162768943393,48.1506232330714,0.00114704308577895,3.30152850596122e-05
Light_multipath,5,20,25,20270109,6.24241225509509,5.42843629397681,5.42843629397681,5.42843629397681,5.44113210976598,1.24241225509509,0.428436293976812,0.428436293976812,0.428436293976812,0.441132109765984,1,1,1,two_path_selected,stable_two_path_selected,soft_two_path_correction,0.00515222973626354,0.391737636253149,37.2852668800907,0.391737636253149,0.984402714090315,0.984402714090315,0.932337950056241,0.14341361903902,29.3511396677677,0.00149553189322527,0.000101190753651892
Light_multipath,5,20,26,20270109,6.26086781316753,5.76265522317036,5.76265522317036,5.76265522317036,5.76422627783726,1.26086781316753,0.762655223170356,0.762655223170356,0.762655223170356,0.764226277837261,1,1,1,two_path_selected,stable_two_path_selected,soft_two_path_correction,0.0051856302194654,0.444167186058721,50.0742377383173,0.444167186058721,0.996846617892747,0.996846617892747,0.968111894969734,0.0821410125025128,34.7939824368888,0.00127984737585973,4.08119075441249e-05
Light_multipath,5,20,27,20270109,6.2411229096476,4.97056990710313,4.97056990710313,4.97056990710313,4.9749938930589,1.2411229096476,-0.0294300928968667,-0.0294300928968667,-0.0294300928968667,-0.0250061069411034,1,1,1,two_path_selected,stable_two_path_selected,soft_two_path_correction,0.00518744538327374,0.63654554794916,49.2813314407507,0.63654554794916,0.996518062649174,0.996518062649174,0.966589353585892,0.27183430931836,24.0962936399494,0.00137713335283007,4.60109155164812e-05
Light_multipath,5,20,28,20270109,6.23523938070887,4.47133760679659,4.47133760679659,4.47133760679659,4.48136017544419,1.23523938070887,-0.528662393203412,-0.528662393203412,-0.528662393203412,-0.518639824555814,1,1,1,two_path_selected,stable_two_path_selected,soft_two_path_correction,0.0051953123423815,0.434596550227125,45.3635530914668,0.434596550227125,0.994317955344323,0.994317955344323,0.957930115420571,0.418857159957814,23.1803244353141,0.00152839334495503,6.4299331614226e-05
Light_multipath,5,20,29,20270109,6.24971362714537,4.98899704835544,4.98899704835544,4.98899704835544,5.02870171153873,1.24971362714537,-0.0110029516445609,-0.0110029516445609,-0.0110029516445609,0.0287017115387309,1,1,1,two_path_selected,stable_two_path_selected,soft_two_path_correction,0.00513676525358628,0.330434952823224,31.6637352822657,0.330434952823224,0.968506273454894,0.968506273454894,0.905820381891369,0.245637498330531,24.9096567918034,0.000881749171367296,8.30428002269734e-05
Light_multipath,5,20,30,20270109,6.25767257743719,5.4724019499592,5.4724019499592,6.25767257743719,5.60511463502163,1.25767257743719,0.472401949959195,0.472401949959195,1.25767257743719,0.605114635021628,1,0,1,two_path_selected,unstable_split_fit,soft_two_path_correction,0.00522049096749352,1.32894092333629,42.0142249061474,1.32894092333629,0.830997518029349,0.830997518029349,0.948768659747775,0.140443231156418,29.4097584862441,0.00156995043003905,8.0430664660458e-05
Light_multipath,5,20,31,20270109,6.24088979331688,5.16523549557161,5.16523549557161,6.24088979331688,5.25531817998205,1.24088979331688,0.165235495571608,0.165235495571608,1.24088979331688,0.25531817998205,1,0,1,two_path_selected,unstable_split_fit,soft_two_path_correction,0.00519826799173068,0.999373022566943,43.0537832957979,0.999373022566943,0.916253126493086,0.916253126493086,0.951807617672316,0.306140576871711,19.9061199912453,0.00133804136642457,6.44834011009898e-05
Light_multipath,5,20,32,20270109,6.21972318070524,5.79799721563801,6.21972318070524,6.21972318070524,6.21972318070524,1.21972318070524,0.797997215638006,1.21972318070524,1.21972318070524,1.21972318070524,0,0,0,weak_echo,weak_echo,v3_weak_echo,NaN,NaN,NaN,NaN,0,0,0.946568370583787,0.0770985517172079,32.265982722928,0.0011755334010215,6.28106650497617e-05
Light_multipath,5,20,33,20270109,6.23576021647901,4.76052372605912,4.76052372605912,4.76052372605912,4.7876559824289,1.23576021647901,-0.23947627394088,-0.23947627394088,-0.23947627394088,-0.212344017571096,1,1,1,two_path_selected,stable_two_path_selected,soft_two_path_correction,0.00520723125044283,0.264840540953564,35.96680237111,0.264840540953564,0.981608198722049,0.981608198722049,0.92688144269525,0.305448756336354,25.1354810900742,0.00163465658748474,0.000119523731365589
Light_multipath,5,20,34,20270109,6.27079749791767,5.16097056028638,5.16097056028638,6.27079749791767,5.20571234662156,1.27079749791767,0.160970560286383,0.160970560286383,1.27079749791767,0.20571234662156,1,0,1,two_path_selected,unstable_split_fit,soft_two_path_correction,0.0051547695024684,0.845276678945807,40.9739400086403,0.845276678945807,0.959685798913235,0.959685798913235,0.945535741001529,0.203408401983457,27.0843682009505,0.00127547217460644,6.94676468631084e-05
Light_multipath,5,20,35,20270109,6.21752091284451,4.97558702910185,4.97558702910185,4.97558702910185,5.00408096592866,1.21752091284451,-0.0244129708981458,-0.0244129708981458,-0.0244129708981458,0.00408096592865803,1,1,1,two_path_selected,stable_two_path_selected,soft_two_path_correction,0.0051835953631068,0.3233270750799,34.1978696452195,0.3233270750799,0.977056800527146,0.977056800527146,0.918863164001787,0.219120936747262,28.6832174513947,0.00173579466812668,0.000140836887314366
Light_multipath,5,20,36,20270109,6.24456960931856,5.10734607860133,5.10734607860133,6.24456960931856,5.20050504496516,1.24456960931856,0.107346078601328,0.107346078601328,1.24456960931856,0.200505044965164,1,0,1,two_path_selected,unstable_split_fit,soft_two_path_correction,0.0052229979872023,0.918218544333964,31.9363960277298,0.918218544333964,0.91808209745266,0.91808209745266,0.907318867169761,0.237750027357463,23.2385858821789,0.000797229266980226,7.38881115891488e-05
Light_multipath,5,20,37,20270109,6.26763508143817,5.46582501481131,5.46582501481131,5.46582501481131,5.49561318691586,1.26763508143817,0.465825014811312,0.465825014811312,0.465825014811312,0.495613186915859,1,1,1,two_path_selected,stable_two_path_selected,soft_two_path_correction,0.00522056414382206,0.472745539261725,30.3420827974855,0.472745539261725,0.962848842457338,0.962848842457338,0.898206316535567,0.135215685650174,29.2727257447067,0.00104344707392201,0.000106216321154706
Light_multipath,5,20,38,20270109,6.25033039786051,4.88165261466009,4.88165261466009,6.25033039786051,4.9519750949341,1.25033039786051,-0.118347385339911,-0.118347385339911,1.25033039786051,-0.048024905065903,1,0,1,two_path_selected,unstable_split_fit,soft_two_path_correction,0.00518681389002908,0.897623652763928,46.8810730476569,0.897623652763928,0.948620134602046,0.948620134602046,0.961522783985429,0.256371002099767,26.7329007736287,0.00133401579878512,5.13292140567057e-05
Light_multipath,5,20,39,20270109,6.25010975170591,5.82249149155394,6.25010975170591,6.25010975170591,6.25010975170591,1.25010975170591,0.822491491553944,1.25010975170591,1.25010975170591,1.25010975170591,0,0,0,weak_echo,weak_echo,v3_weak_echo,NaN,NaN,NaN,NaN,0,0,0.931462719527454,0.0711410571184321,35.8857993731634,0.00127508197494053,8.73906509419875e-05
Light_multipath,5,20,40,20270109,6.23230631511782,5.55128406778958,5.55128406778958,5.55128406778958,5.55246809849116,1.23230631511782,0.551284067789583,0.551284067789583,0.551284067789583,0.552468098491158,1,1,1,two_path_selected,stable_two_path_selected,soft_two_path_correction,0.00520130647983166,0.112653368763231,54.8373640617874,0.112653368763231,0.998261392037896,0.998261392037896,0.975903920382088,0.142461375482955,25.9281654233198,0.00133787776748462,3.22376092043442e-05
Light_multipath,5,20,41,20270109,6.26625635533761,5.36330211694814,5.36330211694814,5.36330211694814,5.37156927751965,1.26625635533761,0.363302116948145,0.363302116948145,0.363302116948145,0.371569277519654,1,1,1,two_path_selected,stable_two_path_selected,soft_two_path_correction,0.0052092325643392,0.018288480956631,41.5470461244125,0.018288480956631,0.990844319434996,0.990844319434996,0.947341242244175,0.166942519716082,27.5222719465733,0.00138742609476572,7.30601346283777e-05
Light_multipath,5,20,42,20270109,6.25032926993569,5.98459094109511,6.25032926993569,6.25032926993569,6.25032926993569,1.25032926993569,0.984590941095108,1.25032926993569,1.25032926993569,1.25032926993569,0,0,0,weak_echo,weak_echo,v3_weak_echo,NaN,NaN,NaN,NaN,0,0,0.945153233743485,0.0566871785740594,35.1802442071138,0.00128052992046923,7.02329252324496e-05
Light_multipath,5,20,43,20270109,6.26076165533666,5.44597328250842,5.44597328250842,5.44597328250842,5.46212668508105,1.26076165533666,0.445973282508419,0.445973282508419,0.445973282508419,0.462126685081046,1,1,1,two_path_selected,stable_two_path_selected,soft_two_path_correction,0.00516676298819446,0.156571500054188,35.3663816095317,0.156571500054188,0.980174726209511,0.980174726209511,0.924252831453675,0.164097894515126,25.6288027354856,0.00127941306802404,9.69119173039878e-05
Light_multipath,5,20,44,20270109,6.24699930103626,5.1019387684281,5.1019387684281,5.1019387684281,5.13278589631334,1.24699930103626,0.1019387684281,0.1019387684281,0.1019387684281,0.132785896313337,1,1,1,two_path_selected,stable_two_path_selected,soft_two_path_correction,0.00520970479551579,0.699950283959064,32.9133530785942,0.699950283959064,0.973060701153524,0.973060701153524,0.91249491896037,0.228607969927464,25.5082670617493,0.00153100002239626,0.000133970281031459
Light_multipath,5,20,45,20270109,6.24310005808213,4.77850688407485,4.77850688407485,4.77850688407485,4.80761628653894,1.24310005808213,-0.221493115925153,-0.221493115925153,-0.221493115925153,-0.192383713461057,1,1,1,two_path_selected,stable_two_path_selected,soft_two_path_correction,0.00518326047202814,0.105156354996559,35.3461724419362,0.105156354996559,0.980124581364497,0.980124581364497,0.924162731602783,0.334051029582227,23.2130158838728,0.00146440885768762,0.000111056767583717
Light_multipath,5,20,46,20270109,6.23674899235368,4.86073886040473,4.86073886040473,4.86073886040473,4.87639876606052,1.23674899235368,-0.139261139595266,-0.139261139595266,-0.139261139595266,-0.123601233939485,1,1,1,two_path_selected,stable_two_path_selected,soft_two_path_correction,0.00520738006366996,0.0534751985853852,39.8067177263334,0.0534751985853852,0.988619338410247,0.988619338410247,0.941664850293306,0.301655017280342,23.3483461711565,0.00115016995819528,6.70953366994631e-05
Light_multipath,5,20,47,20270109,6.25561324766445,5.00538783408948,5.00538783408948,6.25561324766445,5.09023315612764,1.25561324766445,0.00538783408948351,0.00538783408948351,1.25561324766445,0.0902331561276384,1,0,1,two_path_selected,unstable_split_fit,soft_two_path_correction,0.00518993621310791,0.847595179394588,30.2587802473104,0.847595179394588,0.932135980346501,0.932135980346501,0.897706288109877,0.373522972034986,18.8030189775246,0.00105913152615678,0.000108342495190428
Light_multipath,5,20,48,20270109,6.23861695875222,5.06897995629881,5.06897995629881,5.06897995629881,5.0713228453328,1.23861695875222,0.0689799562988114,0.0689799562988114,0.0689799562988114,0.0713228453328023,1,1,1,two_path_selected,stable_two_path_selected,soft_two_path_correction,0.00520514397790672,0.20998085168994,53.704511420706,0.20998085168994,0.997996909272641,0.997996909272641,0.974243486503068,0.256389985747865,23.5385327326863,0.00127287654129504,3.27848618157933e-05
Light_multipath,5,20,49,20270109,6.23758705499528,4.66840557789458,4.66840557789458,6.23758705499528,4.78034836096936,1.23758705499528,-0.331594422105418,-0.331594422105418,1.23758705499528,-0.219651639030635,1,0,1,two_path_selected,unstable_split_fit,soft_two_path_correction,0.00521017826085504,0.952347992195604,41.9547961111489,0.952347992195604,0.92866167189176,0.92866167189176,0.948589251234411,0.311942841754176,25.5807767207604,0.00127257551827187,6.54240602551148e-05
Light_multipath,5,20,50,20270109,6.23670596586856,4.77216047818943,4.77216047818943,6.23670596586856,4.89590662147581,1.23670596586856,-0.227839521810571,-0.227839521810571,1.23670596586856,-0.104093378524185,1,0,1,two_path_selected,unstable_split_fit,soft_two_path_correction,0.00523604866802216,0.988813152719576,39.6427504003783,0.988813152719576,0.915505428593764,0.915505428593764,0.941099477627542,0.26997412259985,27.253624905086,0.00141701198814115,8.34627463095483e-05
Light_multipath,10,20,1,20270109,11.2329713074037,10.4941863601716,10.4941863601716,10.4941863601716,10.4962147926003,1.23297130740369,0.494186360171579,0.494186360171579,0.494186360171579,0.496214792600327,1,1,1,two_path_selected,stable_two_path_selected,soft_two_path_correction,0.0052274088991298,0.725741490273478,51.1819486506768,0.725741490273478,0.997254366867722,0.997254366867722,0.970123458962816,0.12938446151877,30.2219925026637,0.00151837805853616,4.53638843758153e-05
Light_multipath,10,20,2,20270109,11.2409955260324,10.5049846437967,10.5049846437967,11.2409955260324,10.5452477142771,1.24099552603244,0.504984643796739,0.504984643796739,1.24099552603244,0.54524771427706,1,0,1,two_path_selected,unstable_split_fit,soft_two_path_correction,0.00512746052676202,0.881644758564327,38.6061493358805,0.881644758564327,0.945295550035866,0.945295550035866,0.937396167853742,0.121121189399385,31.3427685767098,0.00129636275363376,8.1157276229149e-05
Light_multipath,10,20,3,20270109,11.2325860469539,10.1873571197515,10.1873571197515,10.1873571197515,10.1935156312402,1.23258604695391,0.187357119751546,0.187357119751546,0.187357119751546,0.19351563124023,1,1,1,two_path_selected,stable_two_path_selected,soft_two_path_correction,0.00518658910305277,0.688258489611613,45.0732488208164,0.688258489611613,0.994107978330482,0.994107978330482,0.957205530546363,0.204554740987144,25.9409266656304,0.00138658354293475,5.9338107073037e-05
Light_multipath,10,20,4,20270109,11.2686917097889,10.35750496847,10.35750496847,10.35750496847,10.3799068217891,1.26869170978888,0.357504968470042,0.357504968470042,0.357504968470042,0.379906821789074,1,1,1,two_path_selected,stable_two_path_selected,soft_two_path_correction,0.00516103499383883,0.68599326242304,33.6448333467233,0.68599326242304,0.975414640815989,0.975414640815989,0.916180254214055,0.16292101008726,28.0555785475682,0.00128687457987109,0.000107865500143189
Light_multipath,10,20,5,20270109,11.240538473539,10.0613417386519,10.0613417386519,11.240538473539,10.1389403004683,1.24053847353904,0.0613417386519473,0.0613417386519473,1.24053847353904,0.138940300468281,1,0,1,two_path_selected,unstable_split_fit,soft_two_path_correction,0.00518485070211815,0.932609469865362,41.7358932906302,0.932609469865362,0.934193710412738,0.934193710412738,0.947922973206467,0.255895254932745,23.4381849128962,0.00117842902679866,6.1369080002871e-05
Light_multipath,10,20,6,20270109,11.2645306519243,9.66240652520381,9.66240652520381,9.66240652520381,9.685976117403,1.26453065192432,-0.337593474796194,-0.337593474796194,-0.337593474796194,-0.314023882597001,1,1,1,two_path_selected,stable_two_path_selected,soft_two_path_correction,0.00520399278643341,0.0655848984037686,37.7530255349167,0.0655848984037686,0.985288535509768,0.985288535509768,0.934174306184927,0.327344441607425,25.1946287913026,0.00138991913490116,9.14923914017152e-05
Light_multipath,10,20,7,20270109,11.2218952597906,10.8231147897308,11.2218952597906,11.2218952597906,11.2218952597906,1.22189525979063,0.823114789730822,1.22189525979063,1.22189525979063,1.22189525979063,0,0,0,weak_echo,weak_echo,v3_weak_echo,NaN,NaN,NaN,NaN,0,0,0.935321146765457,0.0725705611460161,34.6729137229778,0.00149457153468013,9.66671729401014e-05
Light_multipath,10,20,8,20270109,11.2293001058015,9.97318708244115,9.97318708244115,9.97318708244115,10.0360690329829,1.22930010580149,-0.0268129175588463,-0.0268129175588463,-0.0268129175588463,0.0360690329828763,1,1,1,two_path_selected,stable_two_path_selected,soft_two_path_correction,0.00523513485642649,0.103140133124754,27.9561452962083,0.103140133124754,0.949939257557014,0.949939257557014,0.882868490253959,0.2585576154933,24.2577519657437,0.00115128115763552,0.000134851300136019
Light_multipath,10,20,9,20270109,11.2407763704464,10.4911183080599,10.4911183080599,10.4911183080599,10.557614916617,1.24077637044643,0.491118308059853,0.491118308059853,0.491118308059853,0.557614916616998,1,1,1,two_path_selected,stable_two_path_selected,soft_two_path_correction,0.00524901117619388,0.103777468948042,23.3797299082412,0.103777468948042,0.911297414256508,0.911297414256508,0.846684448798658,0.149559979843467,26.121844703758,0.0013911059168954,0.000213278170428266
Light_multipath,10,20,10,20270109,11.2739596317798,9.87606265815575,9.87606265815575,11.2739596317798,10.078601603217,1.27395963177976,-0.123937341844254,-0.123937341844254,1.27395963177976,0.0786016032170398,1,0,1,two_path_selected,unstable_split_fit,soft_two_path_correction,0.00521240805271913,1.18308788145963,34.7391725225906,1.18308788145963,0.855111679270458,0.855111679270458,0.921405971997431,0.259422642451034,27.4477009220636,0.00176392078074472,0.000138633639236163
Light_multipath,10,20,11,20270109,11.2416144912356,10.3789135651718,10.3789135651718,10.3789135651718,10.396230414323,1.2416144912356,0.378913565171754,0.378913565171754,0.378913565171754,0.396230414323039,1,1,1,two_path_selected,stable_two_path_selected,soft_two_path_correction,0.00522336372441282,0.21259806132613,35.2671049009371,0.21259806132613,0.979927169859091,0.979927169859091,0.923809188521324,0.150738955600321,29.3001770399658,0.00147861265405091,0.000112656697974778
Light_multipath,10,20,12,20270109,11.2360175130972,10.497182569976,10.497182569976,10.497182569976,10.5064271515488,1.2360175130972,0.497182569975987,0.497182569975987,0.497182569975987,0.506427151548801,1,1,1,two_path_selected,stable_two_path_selected,soft_two_path_correction,0.00517466644703111,0.377312990001958,39.0482955228809,0.377312990001958,0.987487622697215,0.987487622697215,0.939003414122175,0.183234382467639,23.0966395664992,0.00157308906747367,9.59530623976246e-05
Light_multipath,10,20,13,20270109,11.2339644151702,10.5133263745053,10.5133263745053,10.5133263745053,10.5323260074668,1.23396441517022,0.513326374505294,0.513326374505294,0.513326374505294,0.53232600746677,1,1,1,two_path_selected,stable_two_path_selected,soft_two_path_correction,0.00518683226362399,0.00883130229217954,33.0857386081823,0.00883130229217954,0.973634984708904,0.973634984708904,0.91337776520587,0.173013082448907,22.7959042384895,0.00124790945583664,0.000108096705885297
Light_multipath,10,20,14,20270109,11.2448394376722,10.3359845522847,10.3359845522847,10.3359845522847,10.3735324479657,1.24483943767219,0.335984552284732,0.335984552284732,0.335984552284732,0.373532447965736,1,1,1,two_path_selected,stable_two_path_selected,soft_two_path_correction,0.00516923171113837,0.730557184545281,29.4925448256647,0.730557184545281,0.958686588712126,0.958686588712126,0.892990151147103,0.194153440029184,23.0739744965342,0.000877332850963697,9.38832557753067e-05
Light_multipath,10,20,15,20270109,11.2421660779517,10.8426433737245,11.2421660779517,11.2421660779517,11.2421660779517,1.24216607795169,0.842643373724503,1.24216607795169,1.24216607795169,1.24216607795169,0,0,0,weak_echo,weak_echo,v3_weak_echo,NaN,NaN,NaN,NaN,0,0,0.935464944205831,0.0745678930417911,34.187396980273,0.00152347114387652,9.83172952708777e-05
Light_multipath,10,20,16,20270109,11.2111514969323,10.4351314884964,10.4351314884964,10.4351314884964,10.4463005196657,1.21115149693229,0.435131488496378,0.435131488496378,0.435131488496378,0.446300519665707,1,1,1,two_path_selected,stable_two_path_selected,soft_two_path_correction,0.00512375031352724,0.329347138238079,37.9282674373027,0.329347138238079,0.98560728969883,0.98560728969883,0.934849374892253,0.145120914891497,27.5302937422089,0.00130479271468498,8.50080609977599e-05
Light_multipath,10,20,17,20270109,11.235332243711,10.3943765651663,10.3943765651663,10.3943765651663,10.3995778432262,1.23533224371104,0.394376565166311,0.394376565166311,0.394376565166311,0.399577843226226,1,1,1,two_path_selected,stable_two_path_selected,soft_two_path_correction,0.00523628141398485,0.636352324667747,44.6850766523602,0.636352324667747,0.993815039017376,0.993815039017376,0.956217134910716,0.163309477111455,26.4661705721027,0.00130577424654432,5.71705376735121e-05
Light_multipath,10,20,18,20270109,11.2198128788766,10.4969993309637,10.4969993309637,10.4969993309637,10.5070708358327,1.21981287887655,0.496999330963686,0.496999330963686,0.496999330963686,0.507070835832678,1,1,1,two_path_selected,stable_two_path_selected,soft_two_path_correction,0.00519658203614666,0.0926935741049952,38.1875293265378,0.0926935741049952,0.986066247792292,0.986066247792292,0.935835429367528,0.195654627120477,21.2329675818729,0.00128947596420392,8.27386715840372e-05
Light_multipath,10,20,19,20270109,11.2509851420257,10.5417201407198,10.5417201407198,10.5417201407198,10.5723079412825,1.25098514202567,0.541720140719764,0.541720140719764,0.541720140719764,0.572307941282491,1,1,1,two_path_selected,stable_two_path_selected,soft_two_path_correction,0.00519878510257409,0.632007830071654,29.1490237548949,0.632007830071654,0.956873946259287,0.956873946259287,0.890805794644784,0.127383963077715,30.6657287660938,0.00196640255858394,0.000214719764793037
Light_multipath,10,20,20,20270109,11.2266282363419,10.4522063555877,10.4522063555877,10.4522063555877,10.4759957065709,1.22662823634192,0.452206355587723,0.452206355587723,0.452206355587723,0.475995706570883,1,1,1,two_path_selected,stable_two_path_selected,soft_two_path_correction,0.00518758124910216,0.316154145749195,31.8630299824352,0.316154145749195,0.969281148203107,0.969281148203107,0.906918023536294,0.147063668487298,27.1694079861602,0.00133879179401308,0.000124617386260129
Light_multipath,10,20,21,20270109,11.2235125811409,10.2967821594085,10.2967821594085,11.2235125811409,10.3858076795143,1.22351258114085,0.296782159408494,0.296782159408494,1.22351258114085,0.385807679514325,1,0,1,two_path_selected,unstable_split_fit,soft_two_path_correction,0.00518622585706469,0.912824265938756,28.4603174561814,0.912824265938756,0.903935904100984,0.903935904100984,0.886291275253686,0.185423655357933,24.7468975243691,0.00106955128920427,0.000121617313146194
Light_multipath,10,20,22,20270109,11.2582097730022,10.2562019402264,10.2562019402264,10.2562019402264,10.2768334589857,1.25820977300221,0.25620194022644,0.25620194022644,0.25620194022644,0.276833458985719,1,1,1,two_path_selected,stable_two_path_selected,soft_two_path_correction,0.00523055233831677,0.560506175193055,35.0635292433264,0.560506175193055,0.979409822873215,0.979409822873215,0.922891315794546,0.186468184794646,26.7830576803388,0.00127729184454317,9.8490293479081e-05
Light_multipath,10,20,23,20270109,11.2599129457272,10.1481181201193,10.1481181201193,10.1481181201193,10.1937759058315,1.25991294572715,0.148118120119278,0.148118120119278,0.148118120119278,0.19377590583149,1,1,1,two_path_selected,stable_two_path_selected,soft_two_path_correction,0.00522234561886999,0.307899533514142,29.5404544291902,0.307899533514142,0.958933262990095,0.958933262990095,0.89329130303003,0.201856932657141,27.4733522834913,0.00140469141020061,0.000149892790027417
Light_multipath,10,20,24,20270109,11.2252289975607,9.6688250155563,9.6688250155563,9.6688250155563,9.70369241112671,1.22522899756065,-0.331174984443695,-0.331174984443695,-0.331174984443695,-0.29630758887329,1,1,1,two_path_selected,stable_two_path_selected,soft_two_path_correction,0.00520951214674368,0.503819016750722,34.3886490509841,0.503819016750722,0.977597464428545,0.977597464428545,0.919768617230976,0.311272830911625,25.0956620669744,0.0010835297882863,8.69330931856371e-05
Light_multipath,10,20,25,20270109,11.2513780437615,10.4773525934368,10.4773525934368,10.4773525934368,10.529304029939,1.25137804376151,0.477352593436844,0.477352593436844,0.477352593436844,0.529304029939041,1,1,1,two_path_selected,stable_two_path_selected,soft_two_path_correction,0.00519713894242063,0.386302095991368,25.6103630864982,0.386302095991368,0.932881487966054,0.932881487966054,0.865537613279536,0.176287902115988,22.6605821655139,0.00103886314679902,0.000139688018194528
Light_multipath,10,20,26,20270109,11.2288317302719,10.5216483021844,10.5216483021844,10.5216483021844,10.5618052491021,1.22883173027191,0.521648302184406,0.521648302184406,0.521648302184406,0.561805249102097,1,1,1,two_path_selected,stable_two_path_selected,soft_two_path_correction,0.00524243411460474,0.745237831092437,26.9479570270959,0.745237831092437,0.943215656189385,0.943215656189385,0.875711868557752,0.16225778652415,23.4623483809892,0.00125531650535593,0.000156020942819302
Light_multipath,10,20,27,20270109,11.2353854897787,10.4982243244183,10.4982243244183,11.2353854897787,10.5988143209225,1.23538548977874,0.498224324418299,0.498224324418299,1.23538548977874,0.598814320922534,1,0,1,two_path_selected,unstable_split_fit,soft_two_path_correction,0.00517439682999478,1.10926927057254,31.2800590462015,1.10926927057254,0.863544091535193,0.863544091535193,0.903670656632657,0.133523803482074,27.657053046856,0.00106706662955625,0.000102789827754357
Light_multipath,10,20,28,20270109,11.250486615779,11.0516814378594,11.250486615779,11.250486615779,11.250486615779,1.25048661577903,1.05168143785943,1.25048661577903,1.25048661577903,1.25048661577903,0,0,0,weak_echo,weak_echo,v3_weak_echo,NaN,NaN,NaN,NaN,0,0,0.951896291917003,0.055449624285743,35.1817457314987,0.00155585783084033,7.48425309133882e-05
Light_multipath,10,20,29,20270109,11.2685459386863,10.1742712292162,10.1742712292162,10.1742712292162,10.1890307649648,1.26854593868631,0.174271229216213,0.174271229216213,0.174271229216213,0.189030764964796,1,1,1,two_path_selected,stable_two_path_selected,soft_two_path_correction,0.00520131968441291,0.035497724880976,38.447661533433,0.035497724880976,0.986512037954592,0.986512037954592,0.936809795027129,0.212799206090439,25.5586270559768,0.00118679626916718,7.49938995097121e-05
Light_multipath,10,20,30,20270109,11.2425757679101,10.5825715514295,10.5825715514295,10.5825715514295,10.5859055437715,1.2425757679101,0.582571551429503,0.582571551429503,0.582571551429503,0.585905543771506,1,1,1,two_path_selected,stable_two_path_selected,soft_two_path_correction,0.00519920465164125,0.362825996697378,46.3046058897649,0.362825996697378,0.994948528723374,0.994948528723374,0.960195653809144,0.114341954855254,31.5020452910793,0.00158913527444393,6.32544906080668e-05
Light_multipath,10,20,31,20270109,11.2126692145392,10.8134191856823,11.2126692145392,11.2126692145392,11.2126692145392,1.21266921453915,0.813419185682331,1.21266921453915,1.21266921453915,1.21266921453915,0,0,0,weak_echo,weak_echo,v3_weak_echo,NaN,NaN,NaN,NaN,0,0,0.926098421792461,0.0741194731085764,33.2450188793032,0.00131089738957835,9.6877385957983e-05
Light_multipath,10,20,32,20270109,11.2180681685958,10.7087895717456,10.7087895717456,10.7087895717456,10.7380902149092,1.21806816859585,0.708789571745566,0.708789571745566,0.708789571745566,0.738090214909175,1,1,1,two_path_selected,stable_two_path_selected,soft_two_path_correction,0.00515638026410061,0.00978874842352084,26.8430859328628,0.00978874842352084,0.942466376272586,0.942466376272586,0.874942779234148,0.0930854827692607,31.0112928626056,0.0013878644427805,0.000173562470013877
Light_multipath,10,20,33,20270109,11.2290433611016,10.6443584002122,10.6443584002122,10.6443584002122,10.6475526253389,1.2290433611016,0.644358400212244,0.644358400212244,0.644358400212244,0.647552625338911,1,1,1,two_path_selected,stable_two_path_selected,soft_two_path_correction,0.00518414783367326,0.0141023140468235,45.6778291378302,0.0141023140468235,0.994536844043657,0.994536844043657,0.95870070920417,0.10899629359039,29.0839161113743,0.00121393311814844,5.01345768531003e-05
Light_multipath,10,20,34,20270109,11.2348189608345,10.3886819262589,10.3886819262589,10.3886819262589,10.4609892633152,1.23481896083446,0.388681926258887,0.388681926258887,0.388681926258887,0.460989263315186,1,1,1,two_path_selected,stable_two_path_selected,soft_two_path_correction,0.00519945822868315,0.547623537220783,23.6780457692276,0.547623537220783,0.91454417653215,0.91454417653215,0.84935136092605,0.164799216447191,25.6010276645106,0.00115415757257309,0.000173872267585029
Light_multipath,10,20,35,20270109,11.2213147850693,10.461682786232,10.461682786232,10.461682786232,10.4704964936612,1.22131478506931,0.461682786232032,0.461682786232032,0.461682786232032,0.470496493661152,1,1,1,two_path_selected,stable_two_path_selected,soft_two_path_correction,0.00519139723527947,0.583070866623771,39.652207455755,0.583070866623771,0.988397398421065,0.988397398421065,0.941132234721343,0.129401641845836,30.3768642957412,0.00138703560877729,8.16516866506412e-05
Light_multipath,10,20,36,20270109,11.2334029689127,10.9543068166297,11.2334029689127,11.2334029689127,11.2334029689127,1.23340296891271,0.954306816629707,1.23340296891271,1.23340296891271,1.23340296891271,0,0,0,weak_echo,weak_echo,v3_weak_echo,NaN,NaN,NaN,NaN,0,0,0.836045456772011,0.0590454995440501,31.8815447564214,0.00107292540354353,0.000175910994455686
Light_multipath,10,20,37,20270109,11.2450530054129,10.1109486022757,10.1109486022757,11.2450530054129,10.4565638269798,1.24505300541291,0.110948602275656,0.110948602275656,1.24505300541291,0.456563826979817,1,0,1,two_path_selected,unstable_split_fit,soft_two_path_correction,0.0051709010113288,1.91846395966554,31.0618265833657,1.91846395966554,0.695252726514339,0.695252726514339,0.902426085917449,0.194329347066559,28.8145674006366,0.00136425368735682,0.000133115572076958
Light_multipath,10,20,38,20270109,11.2486648764655,9.87977443394192,9.87977443394192,11.2486648764655,9.97889463537866,1.24866487646547,-0.120225566058082,-0.120225566058082,1.24866487646547,-0.0211053646213415,1,0,1,two_path_selected,unstable_split_fit,soft_two_path_correction,0.00519859510366035,0.867824711681791,30.5987556196937,0.867824711681791,0.927590844118969,0.927590844118969,0.899731694060759,0.345717421550478,21.2655889960621,0.00125378859868763,0.000125715258796344
Light_multipath,10,20,39,20270109,11.2594788394509,10.379941008763,10.379941008763,10.379941008763,10.390580465325,1.25947883945091,0.379941008763044,0.379941008763044,0.379941008763044,0.39058046532495,1,1,1,two_path_selected,stable_two_path_selected,soft_two_path_correction,0.00514055210689523,0.574340912178158,39.3186173560804,0.574340912178158,0.987903355386562,0.987903355386562,0.939965667369217,0.158216738355636,28.4741296521025,0.00150677150856993,9.04580219440732e-05
Light_multipath,10,20,40,20270109,11.2491446008017,9.45710750297289,9.45710750297289,9.45710750297289,9.54899618021393,1.24914460080165,-0.542892497027108,-0.542892497027108,-0.542892497027108,-0.451003819786068,1,1,1,two_path_selected,stable_two_path_selected,soft_two_path_correction,0.00521318854814885,0.0581876831014512,27.7642438468081,0.0581876831014512,0.948723897874451,0.948723897874451,0.881538781254327,0.355585436327354,26.0437806786338,0.0014273573537158,0.000169086491706771
Light_multipath,10,20,41,20270109,11.2476003780513,10.4748212233219,10.4748212233219,10.4748212233219,10.5053943452394,1.24760037805126,0.474821223321857,0.474821223321857,0.474821223321857,0.505394345239365,1,1,1,two_path_selected,stable_two_path_selected,soft_two_path_correction,0.00519373466185512,0.408452805885682,29.8389764366647,0.408452805885682,0.960437439687134,0.960437439687134,0.895148764002731,0.14012958704383,27.1602029282594,0.000959547240788616,0.000100609714194455
Light_multipath,10,20,42,20270109,11.2259607194991,10.0785001786197,10.0785001786197,10.0785001786197,10.099787274367,1.22596071949911,0.0785001786196844,0.0785001786196844,0.0785001786196844,0.0997872743669994,1,1,1,two_path_selected,stable_two_path_selected,soft_two_path_correction,0.00519958476463897,0.0575402146318069,35.8976439891639,0.0575402146318069,0.981448516102348,0.981448516102348,0.926583380290425,0.262210823452616,22.7382793063709,0.00129183174772707,9.48419201516337e-05
Light_multipath,10,20,43,20270109,11.2578895133058,10.5780285676544,10.5780285676544,10.5780285676544,10.5829240617561,1.25788951330579,0.578028567654449,0.578028567654449,0.578028567654449,0.582924061756062,1,1,1,two_path_selected,stable_two_path_selected,soft_two_path_correction,0.0051908999698804,0.738424359267579,43.4685845969386,0.738424359267579,0.992799271479077,0.992799271479077,0.952969285464128,0.154559084582162,24.5323597084415,0.00140563846840691,6.61081815482856e-05
Light_multipath,10,20,44,20270109,11.2491120374075,10.454043286529,10.454043286529,10.454043286529,10.458910072257,1.24911203740752,0.454043286528977,0.454043286528977,0.454043286528977,0.458910072256979,1,1,1,two_path_selected,stable_two_path_selected,soft_two_path_correction,0.00521202849459378,0.279317846889088,44.7679590848226,0.279317846889088,0.993878786302915,0.993878786302915,0.956430076007783,0.136000285435883,30.031958987028,0.00136423471435432,5.94396028119615e-05
Light_multipath,10,20,45,20270109,11.2383794413311,10.342323897528,10.342323897528,10.342323897528,10.3629318866058,1.23837944133114,0.342323897527997,0.342323897527997,0.342323897527997,0.362931886605843,1,1,1,two_path_selected,stable_two_path_selected,soft_two_path_correction,0.00514822051079589,0.695031063351465,34.1785886558351,0.695031063351465,0.977001437890359,0.977001437890359,0.91877108835705,0.2442337216384,20.2056410423772,0.00120030634575752,9.749957810401e-05
Light_multipath,10,20,46,20270109,11.2241486537919,10.3953853308376,10.3953853308376,11.2241486537919,10.4161302404893,1.22414865379187,0.395385330837616,0.395385330837616,1.22414865379187,0.416130240489325,1,0,1,two_path_selected,unstable_split_fit,soft_two_path_correction,0.00520000197383416,0.805961818592998,43.8748844766275,0.805961818592998,0.974968837209445,0.974968837209445,0.954079993382906,0.14993754566755,27.8602260398518,0.00120386321383981,5.52814067455998e-05
Light_multipath,10,20,47,20270109,11.2186989263872,10.8190705179184,11.2186989263872,11.2186989263872,11.2186989263872,1.21869892638722,0.819070517918419,1.21869892638722,1.21869892638722,1.21869892638722,0,0,0,weak_echo,weak_echo,v3_weak_echo,NaN,NaN,NaN,NaN,0,0,0.945826508505911,0.0690150449680879,38.3240004586036,0.00169691395377192,9.19277536408636e-05
Light_multipath,10,20,48,20270109,11.2465547374582,10.5815222403492,10.5815222403492,10.5815222403492,10.5895149088374,1.24655473745821,0.581522240349209,0.581522240349209,0.581522240349209,0.589514908837449,1,1,1,two_path_selected,stable_two_path_selected,soft_two_path_correction,0.00518428234126678,0.245216878448165,39.3704897981759,0.245216878448165,0.98798153695799,0.98798153695799,0.940148572144038,0.117363491078612,30.064186189788,0.00135346601503916,8.10068735546121e-05
Light_multipath,10,20,49,20270109,11.2303897025637,10.6464811446963,10.6464811446963,11.2303897025637,10.7519497995158,1.23038970256366,0.646481144696303,0.646481144696303,1.23038970256366,0.751949799515838,1,0,1,two_path_selected,unstable_split_fit,soft_two_path_correction,0.00518742822484356,1.19404302712013,26.5949529291145,1.19404302712013,0.819374706195873,0.819374706195873,0.873104050201415,0.0967949899132337,32.4887705652074,0.00134938209895008,0.000171231123087479
Light_multipath,10,20,50,20270109,11.2502477131774,10.5573882633375,10.5573882633375,10.5573882633375,10.5798435672749,1.25024771317742,0.557388263337469,0.557388263337469,0.557388263337469,0.579843567274921,1,1,1,two_path_selected,stable_two_path_selected,soft_two_path_correction,0.00525937637186564,0.205357494824028,31.4344025814918,0.205357494824028,0.967590390890044,0.967590390890044,0.904541275605409,0.138796725039018,25.8159028114453,0.00111125555191816,0.000106079037462514
Light_multipath,15,20,1,20270109,16.2528178887988,15.7182067733518,15.7182067733518,15.7182067733518,15.721011199611,1.25281788879878,0.718206773351827,0.718206773351827,0.718206773351827,0.721011199610979,1,1,1,two_path_selected,stable_two_path_selected,soft_two_path_correction,0.00520323326140276,0.639442597437817,46.0027249576735,0.639442597437817,0.994754268704631,0.994754268704631,0.959482506910612,0.110884272283714,27.847103079859,0.00136732025407516,5.54003889454702e-05
Light_multipath,15,20,2,20270109,16.2395659800915,15.1678054660877,15.1678054660877,16.2395659800915,15.1977614195528,1.23956598009151,0.167805466087749,0.167805466087749,1.23956598009151,0.197761419552773,1,0,1,two_path_selected,unstable_split_fit,soft_two_path_correction,0.00522444566349506,0.751235423977967,32.7340414927501,0.751235423977967,0.972049769446051,0.972049769446051,0.911567053245934,0.197302136767214,27.4036788768647,0.00150260357031695,0.000132879661526308
Light_multipath,15,20,3,20270109,16.2351193585753,15.6397861847158,15.6397861847158,16.2351193585753,15.722030176776,1.2351193585753,0.639786184715813,0.639786184715813,1.2351193585753,0.722030176776,1,0,1,two_path_selected,unstable_split_fit,soft_two_path_correction,0.00520896744717364,1.06235973767905,28.224082229981,1.06235973767905,0.861852159981264,0.861852159981264,0.884700127393737,0.124191904821859,26.6821818509007,0.00143063382187014,0.000164951897407839
Light_multipath,15,20,4,20270109,16.2412936663947,15.7046641596404,15.7046641596404,16.2412936663947,15.7427315510238,1.24129366639466,0.704664159640435,0.704664159640435,1.24129366639466,0.742731551023834,1,0,1,two_path_selected,unstable_split_fit,soft_two_path_correction,0.00513340978147082,0.940218363076124,39.3630016234871,0.940218363076124,0.929062060687555,0.929062060687555,0.940122202928241,0.10889741391051,27.5609136543631,0.00123750888877505,7.40993061165707e-05
Light_multipath,15,20,5,20270109,16.2521597022954,15.9232774046093,16.2521597022954,16.2521597022954,16.2521597022954,1.25215970229537,0.923277404609308,1.25215970229537,1.25215970229537,1.25215970229537,0,0,0,weak_echo,weak_echo,v3_weak_echo,NaN,NaN,NaN,NaN,0,0,0.946102620531371,0.0619470171383799,38.4152531007094,0.00170110921652733,9.16853289607555e-05
Light_multipath,15,20,6,20270109,16.2256536191964,15.7070867482063,15.7070867482063,15.7070867482063,15.7125826269006,1.22565361919638,0.707086748206269,0.707086748206269,0.707086748206269,0.712582626900636,1,1,1,two_path_selected,stable_two_path_selected,soft_two_path_correction,0.00518432531232866,0.216768254941439,40.3765640510863,0.216768254941439,0.989401793670555,0.989401793670555,0.943587856221121,0.119615687966541,25.9838228977337,0.0014236460665753,8.03109265978819e-05
Light_multipath,15,20,7,20270109,16.2476702749469,15.375214627252,15.375214627252,15.375214627252,15.3957359960988,1.24767027494688,0.375214627252014,0.375214627252014,0.375214627252014,0.395735996098786,1,1,1,two_path_selected,stable_two_path_selected,soft_two_path_correction,0.00520234482644032,0.289481329419083,33.9987607454954,0.289481329419083,0.976478610802748,0.976478610802748,0.917907279120928,0.162015491454013,27.618551703758,0.00146768053199953,0.000120485888253086
Light_multipath,15,20,8,20270109,16.2492047267089,15.8166346673999,15.8166346673999,15.8166346673999,15.8348553695012,1.24920472670886,0.816634667399875,0.816634667399875,0.816634667399875,0.834855369501202,1,1,1,two_path_selected,stable_two_path_selected,soft_two_path_correction,0.00519080588098342,0.0622240294259804,29.3374869948437,0.0622240294259804,0.957878032218794,0.957878032218794,0.892009644257964,0.082466172581592,32.9468176438391,0.00177790472722328,0.000191996563968289
Light_multipath,15,20,9,20270109,16.2435270909145,15.2556018972477,15.2556018972477,16.2435270909145,15.4732459855745,1.24352709091453,0.255601897247733,0.255601897247733,1.24352709091453,0.473245985574547,1,0,1,two_path_selected,unstable_split_fit,soft_two_path_correction,0.00516238226488745,1.46162845660179,30.7389798065869,1.46162845660179,0.779695780893082,0.779695780893082,0.900555353694921,0.174818549927891,28.0028008192509,0.00128329183876952,0.000127616503012629
Light_multipath,15,20,10,20270109,16.2198805940524,15.6321874790014,15.6321874790014,15.6321874790014,15.6427556690357,1.21988059405242,0.632187479001423,0.632187479001423,0.632187479001423,0.642755669035667,1,1,1,two_path_selected,stable_two_path_selected,soft_two_path_correction,0.00516044360406819,0.278426100349767,36.1468507949872,0.278426100349767,0.982017502394381,0.982017502394381,0.92765176100641,0.132789637875995,25.5574283689005,0.00147794419675518,0.000106926659966033
Light_multipath,15,20,11,20270109,16.2506769129575,15.5284195828718,15.5284195828718,15.5284195828718,15.535306514258,1.25067691295753,0.528419582871763,0.528419582871763,0.528419582871763,0.53530651425803,1,1,1,two_path_selected,stable_two_path_selected,soft_two_path_correction,0.00517068641511418,0.406505569487976,41.2220469962465,0.406505569487976,0.990464712368583,0.990464712368583,0.946324848856421,0.129468049694028,28.7498377372495,0.00123786961575312,6.64428387215921e-05
Light_multipath,15,20,12,20270109,16.2242950216791,15.511675405195,15.511675405195,15.511675405195,15.51466639868,1.2242950216791,0.511675405195028,0.511675405195028,0.511675405195028,0.514666398680042,1,1,1,two_path_selected,stable_two_path_selected,soft_two_path_correction,0.00516662307491039,0.293885712649271,47.7867374351051,0.293885712649271,0.995802819041426,0.995802819041426,0.963518988273431,0.140688334190543,26.5038291686055,0.00119225023327663,4.34944947411697e-05
Light_multipath,15,20,13,20270109,16.2310120739288,15.5080307174815,15.5080307174815,15.5080307174815,15.5255748733597,1.23101207392883,0.508030717481489,0.508030717481489,0.508030717481489,0.525574873359686,1,1,1,two_path_selected,stable_two_path_selected,soft_two_path_correction,0.00515573570943355,0.27888974895334,33.7493003150734,0.27888974895334,0.975733598492212,0.975733598492212,0.916693756874427,0.124996868416582,29.8692628301395,0.00131821486998196,0.000109815528450463
Light_multipath,15,20,14,20270109,16.239030999839,15.2384449192764,15.2384449192764,15.2384449192764,15.2449552521911,1.23903099983904,0.238444919276432,0.238444919276432,0.238444919276432,0.24495525219106,1,1,1,two_path_selected,stable_two_path_selected,soft_two_path_correction,0.00526365552721645,0.27985833230556,44.2796047519508,0.27985833230556,0.993493480430022,0.993493480430022,0.955160303884636,0.189929816590597,27.2229158882495,0.00168652632833766,7.56233280532204e-05
Light_multipath,15,20,15,20270109,16.2451924878336,15.3372088698865,15.3372088698865,15.3372088698865,15.3447477157358,1.24519248783364,0.337208869886481,0.337208869886481,0.337208869886481,0.344747715735803,1,1,1,two_path_selected,stable_two_path_selected,soft_two_path_correction,0.00514297001415166,0.229524942537834,42.3292578928678,0.229524942537834,0.991697156534205,0.991697156534205,0.949709303139853,0.1622832564752,28.7307079213193,0.00154588872957384,7.77438214785153e-05
Light_multipath,15,20,16,20270109,16.2428480195357,15.5866664655562,15.5866664655562,15.5866664655562,15.6212702959469,1.24284801953569,0.586666465556217,0.586666465556217,0.586666465556217,0.62127029594688,1,1,1,two_path_selected,stable_two_path_selected,soft_two_path_correction,0.00521907584326368,0.637271666141128,27.5397850311966,0.637271666141128,0.947264853483299,0.947264853483299,0.879964311973982,0.127441014280533,26.4074613839031,0.00110739955078443,0.000132927466998112
Light_multipath,15,20,17,20270109,16.2528177226134,15.4557308070383,15.4557308070383,15.4557308070383,15.4570677619528,1.25281772261343,0.455730807038318,0.455730807038318,0.455730807038318,0.457067761952816,1,1,1,two_path_selected,stable_two_path_selected,soft_two_path_correction,0.00518947900642675,0.214847581331361,55.1245532008376,0.214847581331361,0.998322698706535,0.998322698706535,0.976307567886535,0.159400557616313,26.9233220713351,0.00161512508523387,3.82662414366575e-05
Light_multipath,15,20,18,20270109,16.2291272940998,15.6638747361558,15.6638747361558,16.2291272940998,15.7520847321603,1.22912729409981,0.663874736155833,0.663874736155833,1.22912729409981,0.752084732160258,1,0,1,two_path_selected,unstable_split_fit,soft_two_path_correction,0.00514126417503359,1.26206186720875,39.3805913317443,1.26206186720875,0.843945870275626,0.843945870275626,0.940184125768553,0.136020887664774,24.8223812025189,0.00151315411050135,9.05106359665453e-05
Light_multipath,15,20,19,20270109,16.2560139347443,15.1303141537086,15.1303141537086,15.1303141537086,15.1644488182013,1.25601393474433,0.130314153708568,0.130314153708568,0.130314153708568,0.164448818201297,1,1,1,two_path_selected,stable_two_path_selected,soft_two_path_correction,0.00519058168552492,0.378537460003557,31.966773814877,0.378537460003557,0.969676937787692,0.969676937787692,0.907484333859245,0.213714050756876,26.1711945087302,0.00129488207804429,0.000119796878023992
Light_multipath,15,20,20,20270109,16.2480179537251,15.8732557364267,16.2480179537251,16.2480179537251,16.2480179537251,1.24801795372507,0.873255736426682,1.24801795372507,1.24801795372507,1.24801795372507,0,0,0,weak_echo,weak_echo,v3_weak_echo,NaN,NaN,NaN,NaN,0,0,0.93537453297328,0.0758451883133187,32.2279640821846,0.0014639661311624,9.46094949376697e-05
Light_multipath,15,20,21,20270109,16.1966712265374,15.5715441647416,15.5715441647416,16.1966712265374,15.6577599284952,1.19667122653741,0.571544164741596,0.571544164741596,1.19667122653741,0.657759928495249,1,0,1,two_path_selected,unstable_split_fit,soft_two_path_correction,0.00522090849695798,1.11183450008733,31.0652688341098,1.11183450008733,0.862082816402188,0.862082816402188,0.902445841204265,0.121823830158791,28.6545515016273,0.00169358242017936,0.000165216008351843
Light_multipath,15,20,22,20270109,16.2559815326106,15.4385580368803,15.4385580368803,15.4385580368803,15.4495502625606,1.25598153261058,0.43855803688033,0.43855803688033,0.43855803688033,0.449550262560621,1,1,1,two_path_selected,stable_two_path_selected,soft_two_path_correction,0.00523911760043461,0.584047429521604,38.4717523887725,0.584047429521604,0.986552593927497,0.986552593927497,0.936899279024734,0.141533257636712,29.7475699256359,0.00144651047777167,9.12758540456693e-05
Light_multipath,15,20,23,20270109,16.2143173192963,14.9649196095161,14.9649196095161,14.9649196095161,15.0211207198471,1.21431731929626,-0.0350803904839072,-0.0350803904839072,-0.0350803904839072,0.0211207198471222,1,1,1,two_path_selected,stable_two_path_selected,soft_two_path_correction,0.00519128173071157,0.546509299637433,28.8118429481415,0.546509299637433,0.955017437689302,0.955017437689302,0.888618397861603,0.233460887461016,26.3787980925455,0.00122779557111485,0.0001367538378092
Light_multipath,15,20,24,20270109,16.2177516921045,14.9394985974785,14.9394985974785,14.9394985974785,14.9568473891189,1.21775169210451,-0.0605014025214636,-0.0605014025214636,-0.0605014025214636,-0.0431526108811475,1,1,1,two_path_selected,stable_two_path_selected,soft_two_path_correction,0.00516181048449662,0.722428170502589,38.3978143765396,0.722428170502589,0.986427733511263,0.986427733511263,0.93662423770043,0.26798021514705,23.9230859281209,0.00108598619309563,6.8825202834244e-05
Light_multipath,15,20,25,20270109,16.2209296434655,15.2458724719647,15.2458724719647,15.2458724719647,15.2733406524328,1.22092964346546,0.245872471964738,0.245872471964738,0.245872471964738,0.273340652432809,1,1,1,two_path_selected,stable_two_path_selected,soft_two_path_correction,0.00527008521796532,0.65697732224662,32.5557427668638,0.65697732224662,0.971829159078134,0.971829159078134,0.9106346733927,0.196022660520183,25.5648822273941,0.00146980225486537,0.000131349358554189
Light_multipath,15,20,26,20270109,16.2321343599363,15.8860365743332,16.2321343599363,16.2321343599363,16.2321343599363,1.23213435993632,0.886036574333229,1.23213435993632,1.23213435993632,1.23213435993632,0,0,0,weak_echo,weak_echo,v3_weak_echo,NaN,NaN,NaN,NaN,0,0,0.964672695814902,0.0672445510302769,35.9765797243139,0.00163232820791692,5.76657551309978e-05
Light_multipath,15,20,27,20270109,16.2326585926739,15.6247114180786,15.6247114180786,15.6247114180786,15.6433905833051,1.23265859267389,0.624711418078611,0.624711418078611,0.624711418078611,0.643390583305059,1,1,1,two_path_selected,stable_two_path_selected,soft_two_path_correction,0.00517159851872029,0.63614708133545,31.8614340047336,0.63614708133545,0.969275019266464,0.969275019266464,0.906909284493211,0.118827971751048,27.8669536429074,0.00136809611196176,0.000127357045944576
Light_multipath,15,20,28,20270109,16.2488797480487,15.2412379314036,15.2412379314036,15.2412379314036,15.2619623239898,1.24887974804867,0.241237931403639,0.241237931403639,0.241237931403639,0.261962323989779,1,1,1,two_path_selected,stable_two_path_selected,soft_two_path_correction,0.00521544113562835,0.0476760417709343,35.0724532202344,0.0476760417709343,0.979432778350601,0.979432778350601,0.922931782590963,0.180798951443186,27.7560405133669,0.0013371803780613,0.000103054108091527
Light_multipath,15,20,29,20270109,16.2599440568321,15.2761977620157,15.2761977620157,15.2761977620157,15.3299302952383,1.25994405683211,0.27619776201567,0.27619776201567,0.27619776201567,0.329930295238295,1,1,1,two_path_selected,stable_two_path_selected,soft_two_path_correction,0.00524055866426067,0.267117531307349,27.2587950595312,0.267117531307349,0.945379684268441,0.945379684268441,0.877963775761756,0.199190069605045,24.3063087048451,0.00102419732453085,0.000124989174360657
Light_multipath,15,20,30,20270109,16.2497828622792,15.4928865136611,15.4928865136611,15.4928865136611,15.497727984468,1.24978286227921,0.492886513661084,0.492886513661084,0.492886513661084,0.497727984467998,1,1,1,two_path_selected,stable_two_path_selected,soft_two_path_correction,0.005198951646068,0.332414202048888,44.4160620790841,0.332414202048888,0.99360352204664,0.99360352204664,0.955518787033684,0.171534943692678,24.0370656702992,0.0013889720763931,6.1783162734308e-05
Light_multipath,15,20,31,20270109,16.266772561828,14.7412080773656,14.7412080773656,14.7412080773656,15.0013050305351,1.26677256182802,-0.258791922634448,-0.258791922634448,-0.258791922634448,0.00130503053510189,1,1,1,two_path_selected,stable_two_path_selected,soft_two_path_correction,0.0052710469402577,0.138190562006208,18.1525225278771,0.138190562006208,0.829507729225097,0.829507729225097,0.791491249174514,0.285520602249837,26.2754809857409,0.00111852004677804,0.000233221217726953
Light_multipath,15,20,32,20270109,16.2484016359063,15.7213433070503,15.7213433070503,16.2484016359063,15.8050340669554,1.24840163590626,0.721343307050322,0.721343307050322,1.24840163590626,0.805034066955368,1,0,1,two_path_selected,unstable_split_fit,soft_two_path_correction,0.00519367868940262,1.22135680671385,33.0092947233854,1.22135680671385,0.841211578827128,0.841211578827128,0.912987374002067,0.111970647386337,27.3520094581822,0.00144566728017681,0.000125791306367473
Light_multipath,15,20,33,20270109,16.2083750787364,15.2036336664718,15.2036336664718,16.2083750787364,15.5057402281326,1.20837507873639,0.203633666471781,0.203633666471781,1.20837507873639,0.505740228132646,1,0,1,two_path_selected,split_invalid,soft_two_path_correction,0.00518360681991678,NaN,25.5561912410383,NaN,0.699319090491213,0.699319090491213,0.865108454831735,0.217320809920978,23.9838157307604,0.00150708204621952,0.000203292625909901
Light_multipath,15,20,34,20270109,16.2341419315727,15.0621388718922,15.0621388718922,16.2341419315727,15.2965120440128,1.2341419315727,0.0621388718922447,0.0621388718922447,1.2341419315727,0.29651204401279,1,0,1,two_path_selected,unstable_split_fit,soft_two_path_correction,0.00523190310865979,1.38738210266978,32.0516492872045,1.38738210266978,0.800023412750778,0.800023412750778,0.907945083354859,0.207168528712487,28.2881617364421,0.00160698683457694,0.000147931039106819
Light_multipath,15,20,35,20270109,16.2448030331603,15.4699697705718,15.4699697705718,15.4699697705718,15.477485838287,1.24480303316028,0.469969770571772,0.469969770571772,0.469969770571772,0.477485838287038,1,1,1,two_path_selected,stable_two_path_selected,soft_two_path_correction,0.00517904691868804,0.0736285987582797,41.084838161334,0.0736285987582797,0.990299761150991,0.990299761150991,0.945889877930679,0.139211769716713,30.2091145465148,0.0018994561407164,0.000102779803639486
Light_multipath,15,20,36,20270109,16.2418644683413,15.1960026039445,15.1960026039445,15.1960026039445,15.225640706665,1.24186446834127,0.196002603944532,0.196002603944532,0.196002603944532,0.225640706664954,1,1,1,two_path_selected,stable_two_path_selected,soft_two_path_correction,0.00524525675852481,0.110208423714969,32.508286300006,0.110208423714969,0.971661551367954,0.971661551367954,0.910384856474076,0.198327996885699,26.2745153067922,0.00126751256673829,0.000113588320589164
Light_multipath,15,20,37,20270109,16.2581327811969,15.8563474724222,16.2581327811969,16.2581327811969,16.2581327811969,1.25813278119691,0.856347472422183,1.25813278119691,1.25813278119691,1.25813278119691,0,0,0,weak_echo,weak_echo,v3_weak_echo,NaN,NaN,NaN,NaN,0,0,0.887945056552767,0.0753428889542661,32.4345964375904,0.00128176042437911,0.000143627591866702
Light_multipath,15,20,38,20270109,16.2601910942609,15.687075613692,15.687075613692,15.687075613692,15.6936267841784,1.26019109426094,0.687075613692031,0.687075613692031,0.687075613692031,0.693626784178393,1,1,1,two_path_selected,stable_two_path_selected,soft_two_path_correction,0.00522883889718646,0.0732853662456918,39.771547994306,0.0732853662456918,0.988569196421183,0.988569196421183,0.941544041160196,0.115289535691847,29.2110093310475,0.00177889361955774,0.000103986932205258
Light_multipath,15,20,39,20270109,16.2475630472495,15.7434267512274,15.7434267512274,15.7434267512274,15.7575364280087,1.2475630472495,0.743426751227421,0.743426751227421,0.743426751227421,0.757536428008724,1,1,1,two_path_selected,stable_two_path_selected,soft_two_path_correction,0.00518299007951221,0.185774724951816,32.6078864127256,0.185774724951816,0.97201217826878,0.97201217826878,0.910908361319289,0.0987634553161288,29.0778118130867,0.00130350202442875,0.000116131131379982
Light_multipath,15,20,40,20270109,16.256250215936,15.7485946472725,15.7485946472725,15.7485946472725,15.7576071769005,1.25625021593599,0.748594647272499,0.748594647272499,0.748594647272499,0.757607176900498,1,1,1,two_path_selected,stable_two_path_selected,soft_two_path_correction,0.00519586407834434,0.201548129273533,36.2494993051298,0.201548129273533,0.982246762993804,0.982246762993804,0.928087294126156,0.0954936279684413,30.0516025381697,0.00127717882453759,9.18453851572743e-05
Light_multipath,15,20,41,20270109,16.2282923316964,15.1042665988752,15.1042665988752,15.1042665988752,15.1229685772058,1.22829233169644,0.104266598875199,0.104266598875199,0.104266598875199,0.122968577205778,1,1,1,two_path_selected,stable_two_path_selected,soft_two_path_correction,0.00521321471298765,0.363896762107199,36.7683409025338,0.363896762107199,0.98336161016204,0.98336161016204,0.930248922329275,0.194712514443433,28.5540921743196,0.00133468423869121,9.30956639988434e-05
Light_multipath,15,20,42,20270109,16.2467806129082,15.3519281540313,15.3519281540313,15.3519281540313,15.362001650379,1.2467806129082,0.351928154031263,0.351928154031263,0.351928154031263,0.362001650379035,1,1,1,two_path_selected,stable_two_path_selected,soft_two_path_correction,0.00521464619032712,0.545392953485109,39.8940080276234,0.545392953485109,0.98874284107079,0.98874284107079,0.941963617463677,0.182180621991228,24.3599339285133,0.000961578665596541,5.58065472753277e-05
Light_multipath,15,20,43,20270109,16.2337837357993,15.3975538361455,15.3975538361455,15.3975538361455,15.400941061649,1.23378373579934,0.397553836145541,0.397553836145541,0.397553836145541,0.400941061648977,1,1,1,two_path_selected,stable_two_path_selected,soft_two_path_correction,0.00515867660232299,0.608551715764655,48.0711393931063,0.608551715764655,0.995949408763261,0.995949408763261,0.96412422159255,0.145485631522731,29.0255341240083,0.00124836416485397,4.47860361501018e-05
Light_multipath,15,20,44,20270109,16.2257069609742,14.8878810850397,14.8878810850397,14.8878810850397,14.9352544599356,1.22570696097416,-0.112118914960309,-0.112118914960309,-0.112118914960309,-0.0647455400644255,1,1,1,two_path_selected,stable_two_path_selected,soft_two_path_correction,0.00518097499187588,0.131664859292449,30.7259258786154,0.131664859292449,0.964589281947628,0.964589281947628,0.900478963001656,0.253405974232187,25.8663736649441,0.00106548817944963,0.000106038488528304
Light_multipath,15,20,45,20270109,16.2320279172005,15.9835269862957,16.2320279172005,16.2320279172005,16.2320279172005,1.23202791720045,0.983526986295729,1.23202791720045,1.23202791720045,1.23202791720045,0,0,0,weak_echo,weak_echo,v3_weak_echo,NaN,NaN,NaN,NaN,0,0,0.934297521745006,0.0448141530310208,46.9137456402219,0.00150228163329857,9.87036263446761e-05
Light_multipath,15,20,46,20270109,16.266252499377,15.6111948914709,15.6111948914709,15.6111948914709,15.6680556607256,1.26625249937695,0.611194891470939,0.611194891470939,0.611194891470939,0.668055660725646,1,1,1,two_path_selected,stable_two_path_selected,soft_two_path_correction,0.00521385967489982,0.0725441033791814,23.5529403816997,0.0725441033791814,0.913197299644425,0.913197299644425,0.848238627073087,0.20192915370103,19.0759402369045,0.0010799977870346,0.000163901946918399
Light_multipath,15,20,47,20270109,16.260286452293,15.5570516088264,15.5570516088264,15.5570516088264,15.5766204141806,1.26028645229298,0.557051608826384,0.557051608826384,0.557051608826384,0.576620414180617,1,1,1,two_path_selected,stable_two_path_selected,soft_two_path_correction,0.00523274782417873,0.177038842633085,32.6540332817315,0.177038842633085,0.972173157322854,0.972173157322854,0.91114987456156,0.160529618461839,23.1339654190529,0.00104937529563176,9.32371266488818e-05
Light_multipath,15,20,48,20270109,16.2300193265481,15.0705863568244,15.0705863568244,15.0705863568244,15.0790539089114,1.23001932654811,0.0705863568244141,0.0705863568244141,0.0705863568244141,0.0790539089114137,1,1,1,two_path_selected,stable_two_path_selected,soft_two_path_correction,0.00518291512370387,0.665107069463902,43.3555591063395,0.665107069463902,0.992696816195405,0.992696816195405,0.952655557253538,0.217731196991141,26.4856371707281,0.00127334670611612,6.02858902241099e-05
Light_multipath,15,20,49,20270109,16.2793794373995,15.4202363128273,15.4202363128273,15.4202363128273,15.4368919201734,1.27937943739949,0.420236312827349,0.420236312827349,0.420236312827349,0.43689192017345,1,1,1,two_path_selected,stable_two_path_selected,soft_two_path_correction,0.0051885766492453,0.386906202129143,35.5455087079557,0.386906202129143,0.980613698847448,0.980613698847448,0.92504678067297,0.201794051478236,21.8431475061527,0.000929002232204601,6.96317080657316e-05
Light_multipath,15,20,50,20270109,16.2790905079513,15.7090097799006,15.7090097799006,15.7090097799006,15.7298858599109,1.27909050795127,0.709009779900562,0.709009779900562,0.709009779900562,0.729885859910867,1,1,1,two_path_selected,stable_two_path_selected,soft_two_path_correction,0.00518829514015875,0.512366487315891,30.4573917803215,0.512366487315891,0.963380484582091,0.963380484582091,0.898894434661989,0.0974411095899002,30.8221101502066,0.00107941736429606,0.00010913510285282
Light_multipath,20,20,1,20270109,21.2504666350439,20.0776100427136,20.0776100427136,20.0776100427136,20.0973668545874,1.25046663504385,0.0776100427135731,0.0776100427135731,0.0776100427135731,0.0973668545874169,1,1,1,two_path_selected,stable_two_path_selected,soft_two_path_correction,0.00518169324030753,0.00792871446222421,36.6695939769262,0.00792871446222421,0.983154963698854,0.983154963698854,0.929842584248483,0.225835333609384,25.8223958934664,0.00118534888864597,8.31610147913331e-05
Light_multipath,20,20,2,20270109,21.2140975523117,20.1524295660472,20.1524295660472,21.2140975523117,20.2593772948064,1.21409755231174,0.152429566047232,0.152429566047232,1.21409755231174,0.259377294806406,1,0,1,two_path_selected,unstable_split_fit,soft_two_path_correction,0.00517034831385611,0.910040297226942,27.5356031659884,0.910040297226942,0.89926443093055,0.89926443093055,0.879934780514379,0.198785236330324,27.3262943582523,0.00184480695668898,0.000221497152163463
Light_multipath,20,20,3,20270109,21.2209394461255,20.3071484247302,20.3071484247302,20.3071484247302,20.3165745754412,1.22093944612546,0.30714842473024,0.30714842473024,0.30714842473024,0.316574575441198,1,1,1,two_path_selected,stable_two_path_selected,soft_two_path_correction,0.00526398904827266,0.622401663465116,40.5929126902589,0.622401663465116,0.989684566284571,0.989684566284571,0.944301230227715,0.23678140320412,21.0516993575938,0.00123296672832929,6.86747299381008e-05
Light_multipath,20,20,4,20270109,21.2098205683926,19.8968717578571,19.8968717578571,21.2098205683926,19.9482873580649,1.2098205683926,-0.103128242142944,-0.103128242142944,1.2098205683926,-0.0517126419351257,1,0,1,two_path_selected,unstable_split_fit,soft_two_path_correction,0.00514170447173135,0.782534041948651,32.3956115435759,0.782534041948651,0.960839600298775,0.960839600298775,0.909788921131901,0.279641437131624,23.926414168705,0.0012992411377899,0.000117205944749843
Light_multipath,20,20,5,20270109,21.1947337983444,19.68751009073,19.68751009073,21.1947337983444,19.7009780318057,1.19473379834444,-0.312489909270013,-0.312489909270013,1.19473379834444,-0.299021968194346,1,0,1,two_path_selected,unstable_split_fit,soft_two_path_correction,0.0051601872282278,0.598486012271575,41.7417000569567,0.598486012271575,0.991064404701421,0.991064404701421,0.947940758352675,0.285874196932234,26.4201061566838,0.00122032078238554,6.35289744974621e-05
Light_multipath,20,20,6,20270109,21.2143029988112,20.9561996975372,21.2143029988112,21.2143029988112,21.2143029988112,1.21430299881118,0.956199697537215,1.21430299881118,1.21430299881118,1.21430299881118,0,0,0,weak_echo,weak_echo,v3_weak_echo,NaN,NaN,NaN,NaN,0,0,0.927094156688782,0.0491288945989882,41.6758591423778,0.00147804956000375,0.000107758449627848
Light_multipath,20,20,7,20270109,21.2538336312032,19.8960015427958,19.8960015427958,19.8960015427958,19.9242809932275,1.25383363120325,-0.103998457204234,-0.103998457204234,-0.103998457204234,-0.0757190067725055,1,1,1,two_path_selected,stable_two_path_selected,soft_two_path_correction,0.00523979584177121,0.563288902914479,34.9720739720195,0.563288902914479,0.979173087251976,0.979173087251976,0.922475374701418,0.3002839993645,23.2643678322662,0.00124741541632845,9.67054127425371e-05
Light_multipath,20,20,8,20270109,21.2431081418495,20.041097622839,20.041097622839,20.041097622839,20.067353858962,1.24310814184954,0.0410976228389899,0.0410976228389899,0.0410976228389899,0.0673538589619938,1,1,1,two_path_selected,stable_two_path_selected,soft_two_path_correction,0.00521472672632831,0.0881941464646125,34.5907787111983,0.0881941464646125,0.978156400707195,0.978156400707195,0.920716917958262,0.266989647523195,22.8908043745773,0.00113579637087735,9.00494368549776e-05
Light_multipath,20,20,9,20270109,21.2294977555062,20.6437129933398,20.6437129933398,20.6437129933398,20.6817178051358,1.22949775550617,0.6437129933398,0.6437129933398,0.6437129933398,0.681717805135822,1,1,1,two_path_selected,stable_two_path_selected,soft_two_path_correction,0.00520347056775472,0.0829157658319772,25.8819171530193,0.0829157658319772,0.935121542500577,0.935121542500577,0.867668420513985,0.112465605996424,27.1375794799935,0.0010976346739564,0.000145251730103269
Light_multipath,20,20,10,20270109,21.2365421344741,20.4251812863961,20.4251812863961,20.4251812863961,20.430895694966,1.23654213447413,0.425181286396125,0.425181286396125,0.425181286396125,0.430895694965958,1,1,1,two_path_selected,stable_two_path_selected,soft_two_path_correction,0.00514974153090266,0.58392800089246,43.6457767420219,0.58392800089246,0.992957007251003,0.992957007251003,0.953456943906288,0.203550207165396,22.1376887103717,0.0013599240065445,6.32950193197868e-05
Light_multipath,20,20,11,20270109,21.2291411129249,20.5495101122592,20.5495101122592,20.5495101122592,20.552408551622,1.22914111292494,0.549510112259167,0.549510112259167,0.549510112259167,0.552408551621976,1,1,1,two_path_selected,stable_two_path_selected,soft_two_path_correction,0.00523634906310243,0.187670924114911,47.6590205073852,0.187670924114911,0.995735274936004,0.995735274936004,0.963243883065388,0.12643849729916,29.8603962638004,0.00177482629069359,6.52357226793576e-05
Light_multipath,20,20,12,20270109,21.2399460683851,19.8354851809051,19.8354851809051,19.8354851809051,19.8463681326418,1.23994606838513,-0.164514819094862,-0.164514819094862,-0.164514819094862,-0.153631867358236,1,1,1,two_path_selected,stable_two_path_selected,soft_two_path_correction,0.00521355335995247,0.40033276483592,42.8816903535888,0.40033276483592,0.992251153568147,0.992251153568147,0.951317283010595,0.31002639195174,23.6067763307545,0.00138957341368751,6.76482092345498e-05
Light_multipath,20,20,13,20270109,21.2075576758176,20.3454433198778,20.3454433198778,20.3454433198778,20.3513148438171,1.20755767581763,0.345443319877795,0.345443319877795,0.345443319877795,0.351314843817143,1,1,1,two_path_selected,stable_two_path_selected,soft_two_path_correction,0.00519345167858796,0.0651300406506721,43.9141896827338,0.0651300406506721,0.993189390828614,0.993189390828614,0.954186041054,0.162203134023076,27.0324470966609,0.00129362896445961,5.92662642691089e-05
Light_multipath,20,20,14,20270109,21.2329368576066,19.8037564519351,19.8037564519351,19.8037564519351,19.8458269854786,1.23293685760661,-0.196243548064921,-0.196243548064921,-0.196243548064921,-0.154173014521408,1,1,1,two_path_selected,stable_two_path_selected,soft_two_path_correction,0.00522398813052573,0.277388866832176,32.2040706900469,0.277388866832176,0.970563174966182,0.970563174966182,0.908766755457877,0.276981919724756,26.1507100021223,0.00149965165499388,0.000136818086168056
Light_multipath,20,20,15,20270109,21.2460366908005,20.4266972376574,20.4266972376574,21.2460366908005,20.4397196730998,1.24603669080055,0.426697237657365,0.426697237657365,1.24603669080055,0.439719673099752,1,0,1,two_path_selected,unstable_split_fit,soft_two_path_correction,0.00520140028964801,0.387485510370368,37.134598379603,0.387485510370368,0.984106177979797,0.984106177979797,0.931735605955195,0.139322278670781,30.2807043069079,0.00145351693793438,9.92234530019509e-05
Light_multipath,20,20,16,20270109,21.2319363198786,19.8877471766234,19.8877471766234,19.8877471766234,19.9507293080341,1.23193631987863,-0.112252823376608,-0.112252823376608,-0.112252823376608,-0.0492706919658978,1,1,1,two_path_selected,stable_two_path_selected,soft_two_path_correction,0.00518484336554605,0.125449482341367,28.4855614800809,0.125449482341367,0.953144889075518,0.953144889075518,0.886460000876109,0.250859285316539,26.8413687439561,0.00151389661902046,0.000171887820797245
Light_multipath,20,20,17,20270109,21.2526069032567,19.4039218081571,19.4039218081571,21.2526069032567,19.5057450329085,1.25260690325672,-0.596078191842878,-0.596078191842878,1.25260690325672,-0.49425496709145,1,0,1,two_path_selected,unstable_split_fit,soft_two_path_correction,0.00519057877794392,0.920064309485113,55.9496348778693,0.920064309485113,0.944921271328829,0.944921271328829,0.977430002936015,0.391172189215979,24.9765517117625,0.00134854311619748,3.04366141732348e-05
Light_multipath,20,20,18,20270109,21.2626004087236,20.1654077836748,20.1654077836748,20.1654077836748,20.2203808185374,1.26260040872361,0.165407783674787,0.165407783674787,0.165407783674787,0.220380818537375,1,1,1,two_path_selected,stable_two_path_selected,soft_two_path_correction,0.00519828656064411,0.12287990567032,27.9493379811813,0.12287990567032,0.949896642022963,0.949896642022963,0.882821577856929,0.219439348602658,24.9383588472894,0.00121739409560573,0.00014265231924937
Light_multipath,20,20,19,20270109,21.256478302606,21.0860616132643,21.256478302606,21.256478302606,21.256478302606,1.25647830260602,1.08606161326435,1.25647830260602,1.25647830260602,1.25647830260602,0,0,0,weak_echo,weak_echo,v3_weak_echo,NaN,NaN,NaN,NaN,0,0,0.948300397279855,0.0373475955213974,41.5585812779614,0.00101708020990099,5.25826427864029e-05
Light_multipath,20,20,20,20270109,21.2226122861342,20.3199998986487,20.3199998986487,21.2226122861342,20.4304309605401,1.22261228613421,0.31999989864871,0.31999989864871,1.22261228613421,0.430430960540086,1,0,1,two_path_selected,unstable_split_fit,soft_two_path_correction,0.0051387586991055,1.08989425211523,34.2096145440551,1.08989425211523,0.877653948225757,0.877653948225757,0.918919200167858,0.17192600166262,26.4161670987236,0.00122925746163971,9.96691781893766e-05
Light_multipath,20,20,21,20270109,21.2453564399794,20.1710304388494,20.1710304388494,20.1710304388494,20.2269666663356,1.24535643997943,0.171030438849407,0.171030438849407,0.171030438849407,0.226966666335588,1,1,1,two_path_selected,stable_two_path_selected,soft_two_path_correction,0.00515966048551783,0.338883845747059,27.6418921704911,0.338883845747059,0.947933655680543,0.947933655680543,0.880683121749061,0.262522457424132,22.5309048689067,0.00189819069228436,0.000226486187728359
Light_multipath,20,20,22,20270109,21.2194853491985,20.3183924940535,20.3183924940535,20.3183924940535,20.3695141305924,1.21948534919851,0.318392494053498,0.318392494053498,0.318392494053498,0.3695141305924,1,1,1,two_path_selected,stable_two_path_selected,soft_two_path_correction,0.00522893142210974,0.22960274380776,26.9552038955538,0.22960274380776,0.943267071482136,0.943267071482136,0.875764839604146,0.162097076623764,27.7933335027642,0.00136746485192596,0.000169887215214715
Light_multipath,20,20,23,20270109,21.2218394808668,20.2674504479789,20.2674504479789,20.2674504479789,20.3074521718383,1.22183948086677,0.267450447978923,0.267450447978923,0.267450447978923,0.30745217183831,1,1,1,two_path_selected,stable_two_path_selected,soft_two_path_correction,0.0051389882461445,0.438318761615214,29.3771906395285,0.438318761615214,0.958086563779607,0.958086563779607,0.892261562359947,0.167712617733352,28.32873798304,0.00136991712296664,0.000147592730524782
Light_multipath,20,20,24,20270109,21.2613279924286,19.7093960910811,19.7093960910811,19.7093960910811,19.7273692953082,1.2613279924286,-0.290603908918925,-0.290603908918925,-0.290603908918925,-0.272630704691842,1,1,1,two_path_selected,stable_two_path_selected,soft_two_path_correction,0.00521002401591279,0.283856648824159,39.6669906166707,0.283856648824159,0.988418819014238,0.988418819014238,0.941183403743231,0.330145751512278,24.1670399566395,0.00126436108993278,7.43654157493445e-05
Light_multipath,20,20,25,20270109,21.2262762855362,20.4539886711019,20.4539886711019,20.4539886711019,20.460572879395,1.22627628553623,0.453988671101914,0.453988671101914,0.453988671101914,0.460572879394956,1,1,1,two_path_selected,stable_two_path_selected,soft_two_path_correction,0.00521916561055973,0.72934425542627,42.1174635126395,0.72934425542627,0.991474409054373,0.991474409054373,0.949078837677314,0.144582340068109,27.4332253176072,0.00123203231077196,6.27365172836125e-05
Light_multipath,20,20,26,20270109,21.2404638493544,20.384808003053,20.384808003053,20.384808003053,20.4050579328175,1.24046384935444,0.384808003053038,0.384808003053038,0.384808003053038,0.40505793281751,1,1,1,two_path_selected,stable_two_path_selected,soft_two_path_correction,0.00518087145228646,0.54607092942264,33.9497353716787,0.54607092942264,0.976334025120027,0.976334025120027,0.917670194702601,0.176895851947029,25.3652090670755,0.00145683045931255,0.000119940568066523
Light_multipath,20,20,27,20270109,21.2503941344632,20.8941796621918,21.2503941344632,21.2503941344632,21.2503941344632,1.25039413446321,0.894179662191817,1.25039413446321,1.25039413446321,1.25039413446321,0,0,0,weak_echo,weak_echo,v3_weak_echo,NaN,NaN,NaN,NaN,0,0,0.962346974521981,0.0677933536024954,35.1454268921909,0.00145806513900348,5.49005638275091e-05
Light_multipath,20,20,28,20270109,21.243855217419,20.9612297608828,21.243855217419,21.243855217419,21.243855217419,1.24385521741895,0.961229760882759,1.24385521741895,1.24385521741895,1.24385521741895,0,0,0,weak_echo,weak_echo,v3_weak_echo,NaN,NaN,NaN,NaN,0,0,0.936170020464155,0.0525569735900802,36.16570602996,0.00102609147148325,6.54953976266803e-05
Light_multipath,20,20,29,20270109,21.2577137628921,19.8123075501418,19.8123075501418,19.8123075501418,19.8320010793049,1.25771376289212,-0.187692449858162,-0.187692449858162,-0.187692449858162,-0.167998920695137,1,1,1,two_path_selected,stable_two_path_selected,soft_two_path_correction,0.00518975996220083,0.350150617228927,38.3668445138144,0.350150617228927,0.986375090276144,0.986375090276144,0.936508677255679,0.288376529003592,25.8698727490094,0.00170275922454799,0.000108110435481645
Light_multipath,20,20,30,20270109,21.2467122202346,21.0854411827853,21.2467122202346,21.2467122202346,21.2467122202346,1.24671222023463,1.08544118278529,1.24671222023463,1.24671222023463,1.24671222023463,0,0,0,weak_echo,weak_echo,v3_weak_echo,NaN,NaN,NaN,NaN,0,0,0.967053783607231,0.0405710430775513,43.9888247061863,0.00149544311359051,4.9269192423429e-05
Light_multipath,20,20,31,20270109,21.2438797643534,20.7015477791789,20.7015477791789,21.2438797643534,20.7208504932073,1.24387976435336,0.701547779178867,0.701547779178867,1.24387976435336,0.720850493207308,1,0,1,two_path_selected,unstable_split_fit,soft_two_path_correction,0.00519292022919828,0.838146674224696,43.4078403702462,0.838146674224696,0.964407937285442,0.964407937285442,0.952800935199802,0.0966599708789364,31.1770485147085,0.00134296059481143,6.33864841386167e-05
Light_multipath,20,20,32,20270109,21.2751888922373,20.3023613283935,20.3023613283935,21.2751888922373,20.6459526728263,1.27518889223728,0.302361328393467,0.302361328393467,1.27518889223728,0.645952672826319,1,0,1,two_path_selected,unstable_split_fit,soft_two_path_correction,0.00524050902520315,2.30838374191678,36.5052159492785,2.30838374191678,0.646811668169371,0.646811668169371,0.929160921156949,0.169170677411856,28.8573979176184,0.00139923610313275,9.91205966298647e-05
Light_multipath,20,20,33,20270109,21.213249428804,20.0218141827426,20.0218141827426,20.0218141827426,20.0381958189492,1.21324942880399,0.0218141827425846,0.0218141827425846,0.0218141827425846,0.0381958189492231,1,1,1,two_path_selected,stable_two_path_selected,soft_two_path_correction,0.00518114746984657,0.313224903563054,38.2940238763225,0.313224903563054,0.986250502273799,0.986250502273799,0.936236124594391,0.219009469786351,26.7714155930838,0.0011859077926446,7.56180767327308e-05
Light_multipath,20,20,34,20270109,21.2257879149377,19.9033099630389,19.9033099630389,19.9033099630389,19.9162140549631,1.22578791493773,-0.0966900369611032,-0.0966900369611032,-0.0966900369611032,-0.0837859450369471,1,1,1,two_path_selected,stable_two_path_selected,soft_two_path_correction,0.00519820118064813,0.0748147415571232,41.0377442205545,0.0748147415571232,0.990242489936693,0.990242489936693,0.945739772531869,0.239458674828649,27.3768968659667,0.00129604010590145,7.03234309540335e-05
Light_multipath,20,20,35,20270109,21.2599357582983,20.0506737831715,20.0506737831715,21.2599357582983,20.1666051550642,1.25993575829833,0.0506737831715256,0.0506737831715256,1.25993575829833,0.166605155064207,1,0,1,two_path_selected,unstable_split_fit,soft_two_path_correction,0.00517792421432737,1.01008045328197,36.3702409901159,1.01008045328197,0.904130474390775,0.904130474390775,0.928596241146603,0.222267355375079,27.2575308080339,0.00145548574307686,0.000103927153013217
Light_multipath,20,20,36,20270109,21.2480321763617,20.2534408200451,20.2534408200451,21.2480321763617,20.389837052229,1.24803217636165,0.253440820045121,0.253440820045121,1.24803217636165,0.389837052229026,1,0,1,two_path_selected,unstable_split_fit,soft_two_path_correction,0.00521651636062975,1.06794286215295,28.686827886432,1.06794286215295,0.862862037441136,0.862862037441136,0.887796297724428,0.205941155680578,24.5209080868261,0.00130739684049419,0.000146694765846833
Light_multipath,20,20,37,20270109,21.2424080491173,18.7185455027097,21.2424080491173,21.2424080491173,21.2424080491173,1.24240804911732,-1.28145449729033,1.24240804911732,1.24240804911732,1.24240804911732,0,0,0,excessive_shift,excessive_shift,v3_excessive_shift,NaN,NaN,NaN,NaN,0,0,0.941841281623602,0.543490066519116,26.5657163233609,0.00176812166710172,0.000102831690092176
Light_multipath,20,20,38,20270109,21.2327505979656,20.2169191284036,20.2169191284036,20.2169191284036,20.2231691753812,1.2327505979656,0.216919128403646,0.216919128403646,0.216919128403646,0.223169175381194,1,1,1,two_path_selected,stable_two_path_selected,soft_two_path_correction,0.00517554906746786,0.657598297994053,44.7269900626911,0.657598297994053,0.99384735838097,0.99384735838097,0.95632494837228,0.191078773565785,27.2490637357232,0.00159155804072064,6.95113795969871e-05
Light_multipath,20,20,39,20270109,21.2382860957541,20.2181009803008,20.2181009803008,20.2181009803008,20.2712479508416,1.2382860957541,0.218100980300825,0.218100980300825,0.218100980300825,0.271247950841598,1,1,1,two_path_selected,stable_two_path_selected,soft_two_path_correction,0.00514875269861235,0.183400091835225,27.6374261654311,0.183400091835225,0.947904581496309,0.947904581496309,0.880651772350106,0.226158074321724,22.8811911418299,0.00112212047569948,0.000133923089984389
Light_multipath,20,20,40,20270109,21.2395356954398,20.3197878817532,20.3197878817532,20.3197878817532,20.3664167585927,1.2395356954398,0.319787881753179,0.319787881753179,0.319787881753179,0.366416758592653,1,1,1,two_path_selected,stable_two_path_selected,soft_two_path_correction,0.00517481621233635,0.40477808522801,27.8550359442333,0.40477808522801,0.949302541255769,0.949302541255769,0.882169762018057,0.175524613883278,26.4772614491286,0.00136419192893,0.000160743059638868
Light_multipath,20,20,41,20270109,21.2358355969257,20.8158616761174,21.2358355969257,21.2358355969257,21.2358355969257,1.23583559692567,0.81586167611735,1.23583559692567,1.23583559692567,1.23583559692567,0,0,0,weak_echo,weak_echo,v3_weak_echo,NaN,NaN,NaN,NaN,0,0,0.916599721744858,0.0770076693714404,32.3336026227293,0.00122312313817985,0.000102008810064502
Light_multipath,20,20,42,20270109,21.2253392953581,19.9449892734691,19.9449892734691,19.9449892734691,19.9512797727564,1.22533929535807,-0.055010726530881,-0.055010726530881,-0.055010726530881,-0.0487202272435638,1,1,1,two_path_selected,stable_two_path_selected,soft_two_path_correction,0.00521332566023807,0.739501068346712,46.5267866289507,0.739501068346712,0.99508689094406,0.99508689094406,0.960712490188583,0.249672864261554,25.8189073456993,0.00133470500833655,5.24372361103698e-05
Light_multipath,20,20,43,20270109,21.2325176077132,20.2286215267186,20.2286215267186,21.2325176077132,20.4347730565232,1.23251760771318,0.228621526718584,0.228621526718584,1.23251760771318,0.434773056523227,1,0,1,two_path_selected,unstable_split_fit,soft_two_path_correction,0.00520029616213397,1.4791350513301,39.2400062908474,1.4791350513301,0.79464853613095,0.79464853613095,0.939687414941598,0.201147348500279,25.298190990117,0.00131634965722371,7.93924506679033e-05
Light_multipath,20,20,44,20270109,21.2451598742752,20.5488364987048,20.5488364987048,20.5488364987048,20.5632795188954,1.24515987427523,0.548836498704816,0.548836498704816,0.548836498704816,0.563279518895445,1,1,1,two_path_selected,stable_two_path_selected,soft_two_path_correction,0.00524807842803938,0.428340181502023,35.0048232514699,0.428340181502023,0.979258171278829,0.979258171278829,0.922624576566535,0.133277765292779,27.5636872876125,0.0013346732672388,0.000103270909197928
Light_multipath,20,20,45,20270109,21.2520724898069,20.4390072528242,20.4390072528242,21.2520724898069,20.6138586229753,1.25207248980688,0.43900725282424,0.43900725282424,1.25207248980688,0.613858622975286,1,0,1,two_path_selected,unstable_split_fit,soft_two_path_correction,0.00518339607461896,1.50666882020531,36.5633647144198,1.50666882020531,0.784947920292431,0.784947920292431,0.929402813397043,0.145864431493105,28.5540666211473,0.00138191431391621,9.755926268884e-05
Light_multipath,20,20,46,20270109,21.2433281923358,20.2073982159817,20.2073982159817,20.2073982159817,20.2998474311561,1.24332819233579,0.207398215981723,0.207398215981723,0.207398215981723,0.299847431156099,1,1,1,two_path_selected,stable_two_path_selected,soft_two_path_correction,0.00519303997286166,0.335821971846599,23.3311628922899,0.335821971846599,0.91075727386541,0.91075727386541,0.846245817901836,0.187158593664514,26.9172282450912,0.00112528087040409,0.000173016639859691
Light_multipath,20,20,47,20270109,21.2369387234966,19.7861480803727,19.7861480803727,19.7861480803727,19.8135910126931,1.23693872349663,-0.213851919627253,-0.213851919627253,-0.213851919627253,-0.18640898730688,1,1,1,two_path_selected,stable_two_path_selected,soft_two_path_correction,0.00519024892637063,0.666971190930553,35.7420423823411,0.666971190930553,0.981084154043561,0.981084154043561,0.925908310594066,0.270820825250998,26.95652056694,0.00142656114342055,0.00010569632515689
Light_multipath,20,20,48,20270109,21.23564624933,19.8621160762775,19.8621160762775,21.23564624933,20.0798263606755,1.23564624932999,-0.137883923722541,-0.137883923722541,1.23564624932999,0.0798263606755363,1,0,1,two_path_selected,unstable_split_fit,soft_two_path_correction,0.00521268278089859,1.29217470285156,44.3805433916303,1.29217470285156,0.841495812273102,0.841495812273102,0.955425753743345,0.271672187919396,25.5708985476952,0.00135924205898719,6.05871902596977e-05
Light_multipath,20,20,49,20270109,21.2551585451544,20.3305266665493,20.3305266665493,21.2551585451544,20.3483515122944,1.25515854515439,0.330526666549268,0.330526666549268,1.25515854515439,0.348351512294386,1,0,1,two_path_selected,unstable_split_fit,soft_two_path_correction,0.00527033545200793,0.77183920425496,39.2910650086368,0.77183920425496,0.980722224533283,0.980722224533283,0.939868289255886,0.164294664664491,28.8196460614799,0.00155628267134933,9.35819394296544e-05
Light_multipath,20,20,50,20270109,21.2383144310797,20.2560747698937,20.2560747698937,21.2383144310797,20.3205594383417,1.2383144310797,0.256074769893683,0.256074769893683,1.2383144310797,0.320559438341675,1,0,1,two_path_selected,unstable_split_fit,soft_two_path_correction,0.00520895337755308,0.901723826785137,35.9648488187482,0.901723826785137,0.93434935383272,0.93434935383272,0.926873039804786,0.202512644020871,24.3537903733528,0.00113097863208478,8.27050294101017e-05
Light_multipath,1,30,1,20270109,2.23046682980577,1.30759029331768,1.30759029331768,1.30759029331768,1.31538564761977,1.23046682980577,0.307590293317678,0.307590293317678,0.307590293317678,0.315385647619773,1,1,1,two_path_selected,stable_two_path_selected,soft_two_path_correction,0.00163182402019375,0.142536147125337,42.1917400664987,0.142536147125337,0.991553199161656,0.991553199161656,0.949300837545517,0.198388477116342,24.0194520737837,0.00124736228299094,6.32402230249518e-05
Light_multipath,1,30,2,20270109,2.21236240047977,0.0222260530690151,0.0222260530690151,2.21236240047977,0.0701668487456386,1.21236240047977,-0.977773946930985,-0.977773946930985,1.21236240047977,-0.929833151254361,1,0,1,two_path_selected,unstable_split_fit,soft_two_path_correction,0.00164772501318808,0.25864562573434,34.5740180300215,0.25864562573434,0.978110588533312,0.978110588533312,0.920638712444029,0.446923810738651,26.1352044045291,0.00114529563953658,9.08921365858628e-05
Light_multipath,1,30,3,20270109,2.2476750736301,1.50106656771626,1.50106656771626,1.50106656771626,1.5033293646995,1.2476750736301,0.50106656771626,0.50106656771626,0.50106656771626,0.503329364699497,1,1,1,two_path_selected,stable_two_path_selected,soft_two_path_correction,0.00163514168212368,0.0139358870294117,50.3915144639592,0.0139358870294117,0.996969232247807,0.996969232247807,0.968701514168473,0.130605183214455,29.1636078696081,0.00117250689980786,3.66976905910033e-05
Light_multipath,1,30,4,20270109,2.23167466211138,0.291392993242219,0.291392993242219,2.23167466211138,0.314865494825158,1.23167466211138,-0.708607006757781,-0.708607006757781,1.23167466211138,-0.685134505174842,1,0,1,two_path_selected,unstable_split_fit,soft_two_path_correction,0.0016472650052451,0.155042950195278,39.3180707285477,0.155042950195278,0.987902528813448,0.987902528813448,0.939963736960586,0.421370353479706,24.4451120916386,0.00112719696043762,6.76726932140603e-05
Light_multipath,1,30,5,20270109,2.22094328906365,1.25008912637949,1.25008912637949,1.25008912637949,1.26015235312394,1.22094328906365,0.250089126379487,0.250089126379487,0.250089126379487,0.260152353123944,1,1,1,two_path_selected,stable_two_path_selected,soft_two_path_correction,0.00164430858089375,0.0675777476974497,40.5543072073011,0.0675777476974497,0.989634666944585,0.989634666944585,0.944174599562946,0.1836448766827,26.461462048273,0.00127706355775481,7.12925844952306e-05
Light_multipath,1,30,6,20270109,2.21862523408909,2.04205798176537,2.21862523408909,2.21862523408909,2.21862523408909,1.21862523408909,1.04205798176537,1.21862523408909,1.21862523408909,1.21862523408909,0,0,0,weak_echo,weak_echo,v3_weak_echo,NaN,NaN,NaN,NaN,0,0,0.942985717793259,0.040723114063131,43.2884982532971,0.00139722463309222,7.96617595373306e-05
Light_multipath,1,30,7,20270109,2.23670333237307,0.922949267607037,0.922949267607037,2.23670333237307,1.15842015807942,1.23670333237307,-0.077050732392963,-0.077050732392963,1.23670333237307,0.158420158079422,1,0,1,two_path_selected,unstable_split_fit,soft_two_path_correction,0.00164490751149455,1.31828510523377,33.9183547622424,1.31828510523377,0.820764862474988,0.820764862474988,0.917518080264211,0.268804124309697,24.467169963704,0.00116283214793689,9.5912627892325e-05
Light_multipath,1,30,8,20270109,2.22271412812061,1.57647488195663,1.57647488195663,2.22271412812061,1.65962046738887,1.22271412812061,0.576474881956628,0.576474881956628,1.22271412812061,0.659620467388867,1,0,1,two_path_selected,unstable_split_fit,soft_two_path_correction,0.00165984272978913,1.06947655967811,30.6228634765566,1.06947655967811,0.87133931291579,0.87133931291579,0.899873784696776,0.114580337111957,29.5716603457851,0.00130160647045319,0.000130324929700665
Light_multipath,1,30,9,20270109,2.22007100767096,1.61443304243989,1.61443304243989,1.61443304243989,1.61649994712657,1.22007100767096,0.614433042439885,0.614433042439885,0.614433042439885,0.616499947126569,1,1,1,two_path_selected,stable_two_path_selected,soft_two_path_correction,0.00163364128319975,0.346532794785582,49.4418417816571,0.346532794785582,0.996587227344814,0.996587227344814,0.966903325159517,0.106950319695942,31.4261992259206,0.00153241650717617,5.07178908581984e-05
Light_multipath,1,30,10,20270109,2.23771319302188,1.8723027939448,2.23771319302188,2.23771319302188,2.23771319302188,1.23771319302188,0.872302793944797,1.23771319302188,1.23771319302188,1.23771319302188,0,0,0,weak_echo,weak_echo,v3_weak_echo,NaN,NaN,NaN,NaN,0,0,0.957993784601774,0.0700115427450024,32.1881847745813,0.00111592321336995,4.6875710868699e-05
Light_multipath,1,30,11,20270109,2.23935223656655,1.37817301230463,1.37817301230463,1.37817301230463,1.38311713504502,1.23935223656655,0.378173012304633,0.378173012304633,0.378173012304633,0.383117135045018,1,1,1,two_path_selected,stable_two_path_selected,soft_two_path_correction,0.00164268186712227,0.0904240431061329,45.2808247603918,0.0904240431061329,0.994258892224644,0.994258892224644,0.957724888744993,0.172196582118909,26.1874992035419,0.00148071963658336,6.25975873740359e-05
Light_multipath,1,30,12,20270109,2.24046190302089,0.704303496472255,0.704303496472255,2.24046190302089,0.731741379133947,1.24046190302089,-0.295696503527745,-0.295696503527745,1.24046190302089,-0.268258620866053,1,0,1,two_path_selected,unstable_split_fit,soft_two_path_correction,0.00165133964545445,0.752019495145154,36.5026641733748,0.752019495145154,0.98213863717132,0.98213863717132,0.929150287096833,0.49780697021843,18.6166879692386,0.00127925148050623,9.06346001248171e-05
Light_multipath,1,30,13,20270109,2.22458614382506,1.9786280627444,2.22458614382506,2.22458614382506,2.22458614382506,1.22458614382506,0.978628062744399,1.22458614382506,1.22458614382506,1.22458614382506,0,0,0,weak_echo,weak_echo,v3_weak_echo,NaN,NaN,NaN,NaN,0,0,0.948435193080136,0.0513671278413552,39.0765073285969,0.00147428991686271,7.60214749069288e-05
Light_multipath,1,30,14,20270109,2.24872068583805,0.948402733945265,0.948402733945265,2.24872068583805,1.01475599346115,1.24872068583805,-0.0515972660547348,-0.0515972660547348,1.24872068583805,0.0147559934611505,1,0,1,two_path_selected,unstable_split_fit,soft_two_path_correction,0.00164020693346318,0.855760511748588,36.3307154941979,0.855760511748588,0.948971511606604,0.948971511606604,0.928430032178828,0.248117248254523,26.2037915999859,0.00132762313863188,9.50179453105271e-05
Light_multipath,1,30,15,20270109,2.25022770541712,1.5853135700478,1.5853135700478,1.5853135700478,1.59084655859902,1.25022770541712,0.585313570047805,0.585313570047805,0.585313570047805,0.590846558599023,1,1,1,two_path_selected,stable_two_path_selected,soft_two_path_correction,0.00166806253896592,0.20986127044377,42.3114385427324,0.20986127044377,0.991678642012709,0.991678642012709,0.949656560941638,0.110503245770006,31.4440320376791,0.00120927112441893,6.08788671572214e-05
Light_multipath,1,30,16,20270109,2.22550922062716,1.4376164497059,1.4376164497059,1.4376164497059,1.47372830768142,1.22550922062716,0.437616449705901,0.437616449705901,0.437616449705901,0.473728307681425,1,1,1,two_path_selected,stable_two_path_selected,soft_two_path_correction,0.00165895927339403,0.256953138720252,28.6619257272692,0.256953138720252,0.954166532162366,0.954166532162366,0.88763181761221,0.133681447709448,29.3901690934202,0.00112541136193189,0.000126460429178854
Light_multipath,1,30,17,20270109,2.23772818892507,1.40485061734014,1.40485061734014,1.40485061734014,1.42126304539465,1.23772818892507,0.404850617340144,0.404850617340144,0.404850617340144,0.421263045394651,1,1,1,two_path_selected,stable_two_path_selected,soft_two_path_correction,0.00164608236407491,0.723834934018365,35.4147824195032,0.723834934018365,0.980294309014379,0.980294309014379,0.924468184994544,0.159496843207531,26.5000278379613,0.00122986762554911,9.28941339741751e-05
Light_multipath,1,30,18,20270109,2.2329898263853,0.00215717900760324,0.00215717900760324,2.2329898263853,0.0255598423464534,1.2329898263853,-0.997842820992397,-0.997842820992397,1.2329898263853,-0.974440157653547,1,0,1,two_path_selected,unstable_split_fit,soft_two_path_correction,0.00162997821701849,0.61195993163985,40.4582427636109,0.61195993163985,0.989509449143861,0.989509449143861,0.943858245627167,0.458210958730259,26.504607699808,0.00151050815732967,8.4802577946963e-05
Light_multipath,1,30,19,20270109,2.25544794491466,1.48245966685635,1.48245966685635,1.48245966685635,1.48884246790473,1.25544794491466,0.482459666856353,0.482459666856353,0.482459666856353,0.488842467904735,1,1,1,two_path_selected,stable_two_path_selected,soft_two_path_correction,0.00164548680022745,0.558865382578748,42.3732547795819,0.558865382578748,0.991742693609255,0.991742693609255,0.94983928980778,0.141994930359728,27.8968146521156,0.00124265995263539,6.23327057516221e-05
Light_multipath,1,30,20,20270109,2.23150856468061,1.88671799199404,2.23150856468061,2.23150856468061,2.23150856468061,1.23150856468061,0.886717991994042,1.23150856468061,1.23150856468061,1.23150856468061,0,0,0,weak_echo,weak_echo,v3_weak_echo,NaN,NaN,NaN,NaN,0,0,0.968643201211478,0.0591741455365395,36.7449882517414,0.0010608789234825,3.32657669426251e-05
Light_multipath,1,30,21,20270109,2.24266438994713,1.22118221296136,1.22118221296136,2.24266438994713,1.23817494143066,1.24266438994713,0.221182212961363,0.221182212961363,1.24266438994713,0.238174941430665,1,0,1,two_path_selected,unstable_split_fit,soft_two_path_correction,0.00164807526557683,0.785037338529561,46.149232706172,0.785037338529561,0.983364635377736,0.983364635377736,0.959830190495033,0.221869904132022,23.729288691633,0.00129778818130899,5.213190402098e-05
Light_multipath,1,30,22,20270109,2.23365685229656,1.38334777153274,1.38334777153274,1.38334777153274,1.38575238313981,1.23365685229656,0.383347771532741,0.383347771532741,0.383347771532741,0.385752383139808,1,1,1,two_path_selected,stable_two_path_selected,soft_two_path_correction,0.00165342020914693,0.503009156264507,50.9456920899494,0.503009156264507,0.997172073471322,0.997172073471322,0.969705352810254,0.157126754499739,28.7706666481337,0.00178905780144278,5.41988748967714e-05
Light_multipath,1,30,23,20270109,2.2359562599816,1.33583230049142,1.33583230049142,1.33583230049142,1.34491658176921,1.2359562599816,0.335832300491422,0.335832300491422,0.335832300491422,0.344916581769211,1,1,1,two_path_selected,stable_two_path_selected,soft_two_path_correction,0.00165013416307485,0.204924245320712,40.767895190028,0.204924245320712,0.98990774417011,0.98990774417011,0.944871602099038,0.165206831587215,27.3395569297258,0.00124165241938123,6.84503086303412e-05
Light_multipath,1,30,24,20270109,2.24749391787494,1.86407490502453,2.24749391787494,2.24749391787494,2.24749391787494,1.24749391787494,0.864074905024535,1.24749391787494,1.24749391787494,1.24749391787494,0,0,0,weak_echo,weak_echo,v3_weak_echo,NaN,NaN,NaN,NaN,0,0,0.951235627004241,0.0694655988304434,35.4435039305572,0.00142026019986363,6.92580981371815e-05
Light_multipath,1,30,25,20270109,2.2335113284274,1.59782220158164,1.59782220158164,1.59782220158164,1.61268856309588,1.2335113284274,0.597822201581643,0.597822201581643,0.597822201581643,0.61268856309588,1,1,1,two_path_selected,stable_two_path_selected,soft_two_path_correction,0.00162853124973243,0.118697514425645,34.0448688429957,0.118697514425645,0.976613786697904,0.976613786697904,0.918129632692166,0.101921977076033,33.4628874217446,0.00137522817333902,0.000112590435683346
Light_multipath,1,30,26,20270109,2.23078384413467,1.00588115994049,1.00588115994049,1.00588115994049,1.02573383768858,1.23078384413467,0.00588115994049421,0.00588115994049421,0.00588115994049421,0.0257338376885787,1,1,1,two_path_selected,stable_two_path_selected,soft_two_path_correction,0.00163090467379369,0.623934374857219,36.9782222493287,0.623934374857219,0.983792444898474,0.983792444898474,0.93110477243693,0.22479935221344,26.8535317148227,0.00121349944223392,8.36043202203651e-05
Light_multipath,1,30,27,20270109,2.2160236356549,1.57491842809723,1.57491842809723,1.57491842809723,1.59242380854288,1.2160236356549,0.574918428097233,0.574918428097233,0.574918428097233,0.592423808542875,1,1,1,two_path_selected,stable_two_path_selected,soft_two_path_correction,0.0016456082329981,0.187487115400118,32.8054822887686,0.187487115400118,0.972694995705416,0.972694995705416,0.911937904063195,0.107900586976961,32.0845351223235,0.00150892210717757,0.000132878843363438
Light_multipath,1,30,28,20270109,2.23572862432783,1.10338680113845,1.10338680113845,1.10338680113845,1.10889933468,1.23572862432783,0.10338680113845,0.10338680113845,0.10338680113845,0.108899334680005,1,1,1,two_path_selected,stable_two_path_selected,soft_two_path_correction,0.00164302240263035,0.607188278604176,46.6001508139136,0.607188278604176,0.995131740761789,0.995131740761789,0.960881671702755,0.229636330343455,25.6857174685374,0.00171989479907086,6.72794093867779e-05
Light_multipath,1,30,29,20270109,2.22429997284048,1.03252700225729,1.03252700225729,1.03252700225729,1.05627452188339,1.22429997284048,0.0325270022572921,0.0325270022572921,0.0325270022572921,0.0562745218833862,1,1,1,two_path_selected,stable_two_path_selected,soft_two_path_correction,0.00164427680309166,0.341330820607913,35.3257542426757,0.341330820607913,0.980073789041823,0.980073789041823,0.924071590971311,0.258227620501252,23.5714512210743,0.00125556139324234,9.53327790267355e-05
Light_multipath,1,30,30,20270109,2.22598896284386,1.91239092844619,2.22598896284386,2.22598896284386,2.22598896284386,1.22598896284386,0.912390928446194,1.22598896284386,1.22598896284386,1.22598896284386,0,0,0,weak_echo,weak_echo,v3_weak_echo,NaN,NaN,NaN,NaN,0,0,0.937458870484874,0.058854184589466,38.0624174509993,0.00149324301308007,9.33891046785984e-05
Light_multipath,1,30,31,20270109,2.23780388066286,1.62179591559183,1.62179591559183,2.23780388066286,1.7756231455632,1.23780388066286,0.621795915591829,0.621795915591829,1.23780388066286,0.775623145563203,1,0,1,two_path_selected,unstable_split_fit,soft_two_path_correction,0.00165450602624486,1.53357217187987,27.3874182837924,1.53357217187987,0.750283699734894,0.750283699734894,0.878883626406613,0.130961546880041,24.67963064397,0.00100310616439159,0.000121492580960281
Light_multipath,1,30,32,20270109,2.23978168294605,1.91675272334659,2.23978168294605,2.23978168294605,2.23978168294605,1.23978168294605,0.916752723346593,1.23978168294605,1.23978168294605,1.23978168294605,0,0,0,weak_echo,weak_echo,v3_weak_echo,NaN,NaN,NaN,NaN,0,0,0.911674085406412,0.0547687414601655,39.2792808268226,0.00125130821545616,0.000110522942568636
Light_multipath,1,30,33,20270109,2.24746142855567,1.30977968382228,1.30977968382228,2.24746142855567,1.54554804445102,1.24746142855567,0.309779683822278,0.309779683822278,1.24746142855567,0.545548044451017,1,0,1,two_path_selected,unstable_split_fit,soft_two_path_correction,0.00164610261564078,1.65408701680484,33.2438781149053,1.65408701680484,0.748562492601609,0.748562492601609,0.914179817036387,0.196551091042272,24.8242499353386,0.00146985589401782,0.000126143301754755
Light_multipath,1,30,34,20270109,2.23361591115822,1.05034183666837,1.05034183666837,2.23361591115822,1.17278299861705,1.23361591115822,0.0503418366683723,0.0503418366683723,1.23361591115822,0.172782998617045,1,0,1,two_path_selected,unstable_split_fit,soft_two_path_correction,0.00163354598321826,1.04927189212827,38.1257143400019,1.04927189212827,0.896523413646613,0.896523413646613,0.935601691017051,0.262801310154575,23.4568662475713,0.0014443986886008,9.30168330430803e-05
Light_multipath,1,30,35,20270109,2.23402061348402,0.912870148849394,0.912870148849394,2.23402061348402,0.924330332798114,1.23402061348402,-0.0871298511506057,-0.0871298511506057,1.23402061348402,-0.0756696672018864,1,0,1,two_path_selected,unstable_split_fit,soft_two_path_correction,0.0016401178166288,0.760657688339794,46.1459518194438,0.760657688339794,0.991325602756467,0.991325602756467,0.959822437241312,0.259102453457348,25.6269212955989,0.00128684904367971,5.17024582133985e-05
Light_multipath,1,30,36,20270109,2.24576119887503,1.66266629633866,1.66266629633866,1.66266629633866,1.6683085946187,1.24576119887503,0.66266629633866,0.66266629633866,0.66266629633866,0.6683085946187,1,1,1,two_path_selected,stable_two_path_selected,soft_two_path_correction,0.00164161592422196,0.113803275348499,41.1044678177377,0.113803275348499,0.990323533518306,0.990323533518306,0.945952322054673,0.101730735073296,31.1181572431345,0.00130371788994887,7.04629246475186e-05
Light_multipath,1,30,37,20270109,2.2554845308115,1.86820019353849,2.2554845308115,2.2554845308115,2.2554845308115,1.2554845308115,0.868200193538492,1.2554845308115,1.2554845308115,1.2554845308115,0,0,0,weak_echo,weak_echo,v3_weak_echo,NaN,NaN,NaN,NaN,0,0,0.954060176825101,0.0695608006519065,35.1053424975909,0.00134095735105899,6.1603343592731e-05
Light_multipath,1,30,38,20270109,2.24805393874859,1.75486334745721,1.75486334745721,2.24805393874859,1.79897349604743,1.24805393874859,0.75486334745721,0.75486334745721,1.24805393874859,0.798973496047433,1,0,1,two_path_selected,unstable_split_fit,soft_two_path_correction,0.00164099946448025,1.02126600148659,43.5773019643439,1.02126600148659,0.91056165837486,0.91056165837486,0.95326909375337,0.0856874608768383,33.9396495582618,0.00152989723251173,7.14934841394843e-05
Light_multipath,1,30,39,20270109,2.22886764152987,2.08467194914654,2.22886764152987,2.22886764152987,2.22886764152987,1.22886764152987,1.08467194914654,1.22886764152987,1.22886764152987,1.22886764152987,0,0,0,weak_echo,weak_echo,v3_weak_echo,NaN,NaN,NaN,NaN,0,0,0.958612778815398,0.0323567925411758,49.5040773620279,0.0011606502932715,4.8036090405601e-05
Light_multipath,1,30,40,20270109,2.22461360619179,1.00606922363498,1.00606922363498,2.22461360619179,1.15596661169657,1.22461360619179,0.00606922363497819,0.00606922363497819,1.22461360619179,0.15596661169657,1,0,1,two_path_selected,unstable_split_fit,soft_two_path_correction,0.00163826274142018,1.1426370034499,42.3955141189762,1.1426370034499,0.876986517514389,0.876986517514389,0.949904925902189,0.281199039834134,23.0766840600418,0.00157426150178175,7.88627465810876e-05
Light_multipath,1,30,41,20270109,2.22976338730171,1.30063305348706,1.30063305348706,1.30063305348706,1.31188338671738,1.22976338730171,0.300633053487062,0.300633053487062,0.300633053487062,0.311883386717379,1,1,1,two_path_selected,stable_two_path_selected,soft_two_path_correction,0.00164682870963365,0.737849119975283,39.3108102002432,0.737849119975283,0.987891544575746,0.987891544575746,0.939938090602732,0.164439633640099,28.0714611771504,0.00119994909358256,7.20712337400897e-05
Light_multipath,1,30,42,20270109,2.23430772690927,1.79266006499539,2.23430772690927,2.23430772690927,2.23430772690927,1.23430772690927,0.792660064995392,1.23430772690927,1.23430772690927,1.23430772690927,0,0,0,weak_echo,weak_echo,v3_weak_echo,NaN,NaN,NaN,NaN,0,0,0.974562492167768,0.0772466891025558,34.07237997914,0.00128088181416497,3.25824411799847e-05
Light_multipath,1,30,43,20270109,2.21533630752245,1.26828887224169,1.26828887224169,2.21533630752245,1.54665344386895,1.21533630752245,0.268288872241689,0.268288872241689,1.21533630752245,0.546653443868945,1,0,1,two_path_selected,unstable_split_fit,soft_two_path_correction,0.00163065805797775,1.97054150290026,44.0861050453266,1.97054150290026,0.706071141468503,0.706071141468503,0.954647007698517,0.173786395230819,27.456334956875,0.00133019589474426,6.03283641738006e-05
Light_multipath,1,30,44,20270109,2.23929419852774,1.21825065653713,1.21825065653713,2.23929419852774,1.29180852298545,1.23929419852774,0.218250656537132,0.218250656537132,1.23929419852774,0.291808522985451,1,0,1,two_path_selected,unstable_split_fit,soft_two_path_correction,0.00163742204387534,0.935795504432185,37.8293919405211,0.935795504432185,0.927958149262752,0.927958149262752,0.934469341350294,0.272180793356373,21.3234542055714,0.00167908195824884,0.000110031346650885
Light_multipath,1,30,45,20270109,2.21485473638835,1.29190175789452,1.29190175789452,2.21485473638835,1.57228944619787,1.21485473638835,0.291901757894524,0.291901757894524,1.21485473638835,0.572289446197873,1,0,1,two_path_selected,unstable_split_fit,soft_two_path_correction,0.00166693027241657,1.94693795565976,33.1903888780517,1.94693795565976,0.696205879566134,0.696205879566134,0.913909364951793,0.178836730033857,26.2938258231606,0.00139749333349415,0.000120311088556146
Light_multipath,1,30,46,20270109,2.24708333246868,1.0941596321922,1.0941596321922,1.0941596321922,1.10706688574824,1.24708333246868,0.0941596321921985,0.0941596321921985,0.0941596321921985,0.107066885748235,1,1,1,two_path_selected,stable_two_path_selected,soft_two_path_correction,0.00166095247924712,0.202337765017303,39.9381351889378,0.202337765017303,0.988804763443633,0.988804763443633,0.94211406804601,0.69889787124594,13.3080160975497,0.00133624168954882,7.73495955153081e-05
Light_multipath,1,30,47,20270109,2.23731124135439,1.23292138691,1.23292138691,2.23731124135439,1.37778146833885,1.23731124135439,0.232921386910004,0.232921386910004,1.23731124135439,0.377781468338851,1,0,1,two_path_selected,unstable_split_fit,soft_two_path_correction,0.00164219090918393,1.22093465678529,40.9304830052017,1.22093465678529,0.855773053871614,0.855773053871614,0.945396336221702,0.185889104624371,26.6344168210796,0.00111292928103568,6.07700162706948e-05
Light_multipath,1,30,48,20270109,2.2293139437973,1.76919597616678,1.76919597616678,2.2293139437973,1.80502957097416,1.2293139437973,0.769195976166776,0.769195976166776,1.2293139437973,0.805029570974158,1,0,1,two_path_selected,unstable_split_fit,soft_two_path_correction,0.0016445597429593,0.991547393317004,48.9396989207052,0.991547393317004,0.922120853067497,0.922120853067497,0.965911140341006,0.0817547573696206,33.977967157716,0.00152080776748775,5.18426025541974e-05
Light_multipath,1,30,49,20270109,2.24525334433157,0.969868393289642,0.969868393289642,2.24525334433157,1.18088376450232,1.24525334433157,-0.0301316067103579,-0.0301316067103579,1.24525334433157,0.180883764502317,1,0,1,two_path_selected,unstable_split_fit,soft_two_path_correction,0.00163662069012287,1.28925511734026,37.3658704999595,1.28925511734026,0.834547701821097,0.834547701821097,0.932658002835886,0.269529043571815,24.1142868706269,0.00131498813197184,8.85539270540914e-05
Light_multipath,1,30,50,20270109,2.21363015496629,0.707048738109277,0.707048738109277,0.707048738109277,0.709950203691948,1.21363015496629,-0.292951261890723,-0.292951261890723,-0.292951261890723,-0.290049796308052,1,1,1,two_path_selected,stable_two_path_selected,soft_two_path_correction,0.00166362013068832,0.282424743287618,54.0190593452492,0.282424743287618,0.998074139538556,0.998074139538556,0.974715672753157,0.315195694463386,24.7090325838554,0.00137242800356607,3.47009187648961e-05
Light_multipath,3,30,1,20270109,4.21616554231155,3.07915688659175,3.07915688659175,3.07915688659175,3.15474663583707,1.21616554231155,0.0791568865917496,0.0791568865917496,0.0791568865917496,0.154746635837069,1,1,1,two_path_selected,stable_two_path_selected,soft_two_path_correction,0.00165728828602675,0.353008778180238,25.6866833959432,0.353008778180238,0.933518756550304,0.933518756550304,0.866139919730024,0.233721875338853,24.3920056483099,0.0012520176046551,0.000167595177058555
Light_multipath,3,30,2,20270109,4.24825597301503,3.27450693340667,3.27450693340667,3.27450693340667,3.28314015207228,1.24825597301503,0.274506933406668,0.274506933406668,0.274506933406668,0.283140152072284,1,1,1,two_path_selected,stable_two_path_selected,soft_two_path_correction,0.00163774003733504,0.136007870022523,41.8042897034298,0.136007870022523,0.991134041406512,0.991134041406512,0.948132074743488,0.187481900593901,25.8515236990719,0.00113896696674654,5.90758535008451e-05
Light_multipath,3,30,3,20270109,4.21328009726657,3.73209613852795,3.73209613852795,3.73209613852795,3.73393228466792,1.21328009726657,0.732096138527947,0.732096138527947,0.732096138527947,0.733932284667919,1,1,1,two_path_selected,stable_two_path_selected,soft_two_path_correction,0.00163497471412563,0.0387583672673619,48.5486460929974,0.0387583672673619,0.996184107747927,0.996184107747927,0.965117902143254,0.0853501526441497,32.9842784315703,0.00139439857712809,4.86395476186896e-05
Light_multipath,3,30,4,20270109,4.21817321628059,3.37809243242755,3.37809243242755,3.37809243242755,3.40042199698859,1.21817321628059,0.378092432427549,0.378092432427549,0.378092432427549,0.40042199698859,1,1,1,two_path_selected,stable_two_path_selected,soft_two_path_correction,0.00164576915088295,0.155569723816801,33.0206919438575,0.155569723816801,0.97341974130318,0.97341974130318,0.913045689868293,0.192435639301113,23.3482799694872,0.00138175663496409,0.000120149694963212
Light_multipath,3,30,5,20270109,4.2410879234174,3.45138089524653,3.45138089524653,3.45138089524653,3.45809292874433,1.2410879234174,0.451380895246532,0.451380895246532,0.451380895246532,0.458092928744334,1,1,1,two_path_selected,stable_two_path_selected,soft_two_path_correction,0.00164449312736846,0.277747898015093,42.1420805310129,0.277747898015093,0.991500603061177,0.991500603061177,0.949152521208796,0.165123446944538,26.0954485417894,0.00169458825811719,8.61655405144379e-05
Light_multipath,3,30,6,20270109,4.23861906561321,3.74325787311456,3.74325787311456,3.74325787311456,3.74896678811131,1.23861906561321,0.743257873114564,0.743257873114564,0.743257873114564,0.748966788111307,1,1,1,two_path_selected,stable_two_path_selected,soft_two_path_correction,0.0016387714888535,0.575716652762466,39.706065526138,0.575716652762466,0.988475247792533,0.988475247792533,0.941318439855072,0.0825576481962496,33.3986104719238,0.00112969670769814,6.62923652983149e-05
Light_multipath,3,30,7,20270109,4.22058005446081,2.76465927601585,2.76465927601585,4.22058005446081,2.79387153529684,1.22058005446081,-0.235340723984146,-0.235340723984146,1.22058005446081,-0.206128464703165,1,0,1,two_path_selected,unstable_split_fit,soft_two_path_correction,0.00164024236726338,0.289524868427337,35.2704428584891,0.289524868427337,0.979935543393933,0.979935543393933,0.92382414715239,0.354250393942357,21.651374372438,0.00106152375790969,8.08624775767708e-05
Light_multipath,3,30,8,20270109,4.25475201979741,3.12091862466225,3.12091862466225,3.12091862466225,3.13154646275941,1.25475201979741,0.120918624662245,0.120918624662245,0.120918624662245,0.131546462759411,1,1,1,two_path_selected,stable_two_path_selected,soft_two_path_correction,0.0016312085367302,0.191424282163478,41.3590620916403,0.191424282163478,0.990626631617339,0.990626631617339,0.946755716422495,0.197246486934448,28.4889274234267,0.00138793901672818,7.3899818594958e-05
Light_multipath,3,30,9,20270109,4.22428330912748,3.66802533186702,3.66802533186702,3.66802533186702,3.67551834068165,1.22428330912748,0.668025331867019,0.668025331867019,0.668025331867019,0.675518340681653,1,1,1,two_path_selected,stable_two_path_selected,soft_two_path_correction,0.00163298350731148,0.272705336442587,38.4580939740493,0.272705336442587,0.986529615536418,0.986529615536418,0.93684856125225,0.111879027678356,28.8404043580442,0.00157357841741534,9.93737410421858e-05
Light_multipath,3,30,10,20270109,4.22995092079562,3.52278375849778,3.52278375849778,3.52278375849778,3.52501717354813,1.22995092079562,0.522783758497778,0.522783758497778,0.522783758497778,0.525017173548134,1,1,1,two_path_selected,stable_two_path_selected,soft_two_path_correction,0.00164765590553626,0.340393821274899,50.061882000574,0.340393821274899,0.996841743834514,0.996841743834514,0.968088710012137,0.125691360925018,29.3242013851918,0.00126481587627425,4.0361906209041e-05
Light_multipath,3,30,11,20270109,4.22672172857513,3.1368610158276,3.1368610158276,3.1368610158276,3.15163190883653,1.22672172857513,0.136861015827602,0.136861015827602,0.136861015827602,0.151631908836529,1,1,1,two_path_selected,stable_two_path_selected,soft_two_path_correction,0.00164533598639942,0.00910611475429635,38.4091729989997,0.00910611475429635,0.986446990118866,0.986446990118866,0.936666568342866,0.244906069909525,22.7795244186675,0.00113195864552673,7.16908255151694e-05
Light_multipath,3,30,12,20270109,4.23056218763178,3.77572272499033,3.77572272499033,3.77572272499033,3.78753981720601,1.23056218763178,0.775722724990333,0.775722724990333,0.775722724990333,0.787539817206011,1,1,1,two_path_selected,stable_two_path_selected,soft_two_path_correction,0.00165534862543654,0.348106775111066,33.2031804084854,0.348106775111066,0.974019201968423,0.974019201968423,0.913974118879759,0.084805433833762,31.1096176825931,0.00124195842950869,0.000106840568213196
Light_multipath,3,30,13,20270109,4.23309019629676,3.58808743649896,3.58808743649896,3.58808743649896,3.60095817453173,1.23309019629676,0.58808743649896,0.58808743649896,0.58808743649896,0.600958174531733,1,1,1,two_path_selected,stable_two_path_selected,soft_two_path_correction,0.00163159388938613,0.157692395041799,35.3143858430016,0.157692395041799,0.980045452771693,0.980045452771693,0.924020798431121,0.115470791055424,30.5952406123053,0.00161578202586199,0.000122765828234339
Light_multipath,3,30,14,20270109,4.21860922291164,3.03745590488005,3.03745590488005,3.03745590488005,3.05303019656789,1.21860922291164,0.0374559048800513,0.0374559048800513,0.0374559048800513,0.0530301965678923,1,1,1,two_path_selected,stable_two_path_selected,soft_two_path_correction,0.00164270666316783,0.577132994287635,38.6290003372487,0.577132994287635,0.986814335234823,0.986814335234823,0.937480261925618,0.246771162676644,24.4646941678014,0.00137114849988662,8.57238450739928e-05
Light_multipath,3,30,15,20270109,4.21715091792713,3.87086348109134,4.21715091792713,4.21715091792713,4.21715091792713,1.21715091792713,0.870863481091344,1.21715091792713,1.21715091792713,1.21715091792713,0,0,0,weak_echo,weak_echo,v3_weak_echo,NaN,NaN,NaN,NaN,0,0,0.93009966785411,0.0665619876610622,33.5561613031979,0.00122966260437329,8.59538244730729e-05
Light_multipath,3,30,16,20270109,4.2396943310536,3.66691873965758,3.66691873965758,3.66691873965758,3.68011819530736,1.2396943310536,0.666918739657581,0.666918739657581,0.666918739657581,0.680118195307363,1,1,1,two_path_selected,stable_two_path_selected,soft_two_path_correction,0.00164259228594583,0.578995525673315,34.1625472949048,0.578995525673315,0.976955275594739,0.976955275594739,0.91869440381263,0.104945608592192,29.8537716136259,0.00132224777071976,0.000107506143305791
Light_multipath,3,30,17,20270109,4.23108113938734,3.77954815917104,3.77954815917104,4.23108113938734,3.95270883788597,1.23108113938734,0.779548159171041,0.779548159171041,1.23108113938734,0.952708837885971,1,0,1,two_path_selected,unstable_split_fit,soft_two_path_correction,0.00165568574832694,2.52122446461035,35.4964474590635,2.52122446461035,0.616504914808262,0.616504914808262,0.924830156560178,0.0983664366411968,27.4885338117212,0.00126458973873422,9.50590126762574e-05
Light_multipath,3,30,18,20270109,4.21789195323149,3.13159982408644,3.13159982408644,3.13159982408644,3.14843116641067,1.21789195323149,0.131599824086441,0.131599824086441,0.131599824086441,0.148431166410671,1,1,1,two_path_selected,stable_two_path_selected,soft_two_path_correction,0.00164634307741538,0.567575244007196,37.33826157601,0.567575244007196,0.98450569430391,0.98450569430391,0.932548546915332,0.192865119180622,28.3569113741888,0.00152986032825209,0.000103191302157191
Light_multipath,3,30,19,20270109,4.23908304983834,3.82999506264004,4.23908304983834,4.23908304983834,4.23908304983834,1.23908304983834,0.829995062640041,1.23908304983834,1.23908304983834,1.23908304983834,0,0,0,weak_echo,weak_echo,v3_weak_echo,NaN,NaN,NaN,NaN,0,0,0.956816640762588,0.0709410791422976,36.5931633067767,0.00149872615939817,6.47200301397977e-05
Light_multipath,3,30,20,20270109,4.20640914761923,3.4687222190408,3.4687222190408,3.4687222190408,3.47566613638291,1.20640914761923,0.468722219040799,0.468722219040799,0.468722219040799,0.475666136382909,1,1,1,two_path_selected,stable_two_path_selected,soft_two_path_correction,0.00164412998887145,0.507461290864686,41.3252275583028,0.507461290864686,0.990586904724622,0.990586904724622,0.946649640575091,0.169631848389207,23.4274243809128,0.00120926381599062,6.45146592226364e-05
Light_multipath,3,30,21,20270109,4.23281428791226,3.77408502242146,4.23281428791226,4.23281428791226,4.23281428791226,1.23281428791226,0.774085022421461,1.23281428791226,1.23281428791226,1.23281428791226,0,0,0,weak_echo,weak_echo,v3_weak_echo,NaN,NaN,NaN,NaN,0,0,0.966870774240295,0.0783627101615608,35.5597151852192,0.00150486199542521,4.98549127836423e-05
Light_multipath,3,30,22,20270109,4.24982398132313,3.42394801717986,3.42394801717986,3.42394801717986,3.43074688870703,1.24982398132313,0.423948017179859,0.423948017179859,0.423948017179859,0.430746888707028,1,1,1,two_path_selected,stable_two_path_selected,soft_two_path_correction,0.00164849690708098,0.126521244760408,42.397503609969,0.126521244760408,0.991767684467943,0.991767684467943,0.949910788129669,0.148824402827019,28.7401106370672,0.00148013214575982,7.41386526450505e-05
Light_multipath,3,30,23,20270109,4.22634271690945,2.91905459923884,2.91905459923884,4.22634271690945,2.93591423135051,1.22634271690945,-0.0809454007611592,-0.0809454007611592,1.22634271690945,-0.064085768649492,1,0,1,two_path_selected,unstable_split_fit,soft_two_path_correction,0.00163443429026921,0.455827327623199,38.806303993302,0.455827327623199,0.987103353970884,0.987103353970884,0.938128930895373,0.267974249160003,24.6206302066479,0.00123361047727366,7.63247990875904e-05
Light_multipath,3,30,24,20270109,4.25202464275623,3.75345383314734,3.75345383314734,3.75345383314734,3.75574127251565,1.25202464275623,0.753453833147342,0.753453833147342,0.753453833147342,0.755741272515648,1,1,1,two_path_selected,stable_two_path_selected,soft_two_path_correction,0.00165626948628686,0.701510366984628,47.0745009000847,0.701510366984628,0.995412007032461,0.995412007032461,0.961958100705048,0.0825807955401154,35.1629379267592,0.00140611266866886,5.34911965388574e-05
Light_multipath,3,30,25,20270109,4.23343164010142,2.99857926435426,2.99857926435426,2.99857926435426,3.00307644315163,1.23343164010142,-0.00142073564574297,-0.00142073564574297,-0.00142073564574297,0.00307644315162658,1,1,1,two_path_selected,stable_two_path_selected,soft_two_path_correction,0.00163472795013703,0.256071900217385,48.92205153485,0.256071900217385,0.996358124350979,0.996358124350979,0.965875734952065,0.257196002881015,24.2282203979345,0.00116526978400211,3.97639749616374e-05
Light_multipath,3,30,26,20270109,4.22926268016501,3.03049718314026,3.03049718314026,3.03049718314026,3.03343369155671,1.22926268016501,0.0304971831402607,0.0304971831402607,0.0304971831402607,0.0334336915567128,1,1,1,two_path_selected,stable_two_path_selected,soft_two_path_correction,0.00165420111325907,0.265389245199348,52.0946103331246,0.265389245199348,0.997550389610195,0.997550389610195,0.971685115783487,0.207832509346595,28.8092952065793,0.00142638940929474,4.03880509718402e-05
Light_multipath,3,30,27,20270109,4.23611143475212,2.20358480849245,2.20358480849245,4.23611143475212,2.46690848626034,1.23611143475212,-0.796415191507545,-0.796415191507545,1.23611143475212,-0.53309151373966,1,0,1,two_path_selected,unstable_split_fit,soft_two_path_correction,0.00165726980923755,1.18102157796866,47.2389692228606,1.18102157796866,0.870445152173744,0.870445152173744,0.962324366542841,0.49532470431955,23.0001431862332,0.00120523991792099,4.54081773755277e-05
Light_multipath,3,30,28,20270109,4.24008294136979,3.07284809198878,3.07284809198878,3.07284809198878,3.08999849820418,1.24008294136979,0.0728480919887842,0.0728480919887842,0.0728480919887842,0.0899984982041824,1,1,1,two_path_selected,stable_two_path_selected,soft_two_path_correction,0.00165022117277813,0.00714973701809996,37.7629679572106,0.00714973701809996,0.985306807602177,0.985306807602177,0.934212792979107,0.240561742355319,24.9723023678615,0.00153805954415986,0.000101184641642105
Light_multipath,3,30,29,20270109,4.25163159362639,3.38638786530462,3.38638786530462,3.38638786530462,3.4203682032411,1.25163159362639,0.386387865304618,0.386387865304618,0.386387865304618,0.420368203241097,1,1,1,two_path_selected,stable_two_path_selected,soft_two_path_correction,0.00164377038787096,0.341434880143627,29.8978333818912,0.341434880143627,0.960727438033689,0.960727438033689,0.895511149464478,0.175676826382775,24.612738332473,0.00109612303315498,0.000114532635779874
Light_multipath,3,30,30,20270109,4.21985898411429,3.95643297521578,4.21985898411429,4.21985898411429,4.21985898411429,1.21985898411429,0.956432975215781,1.21985898411429,1.21985898411429,1.21985898411429,0,0,0,weak_echo,weak_echo,v3_weak_echo,NaN,NaN,NaN,NaN,0,0,0.907106274692018,0.0530222740548251,35.7645049232443,0.00114595731454692,0.000106452243992194
Light_multipath,3,30,31,20270109,4.23581543564437,3.22741343346163,3.22741343346163,4.23581543564437,3.30103303729263,1.23581543564437,0.227413433461628,0.227413433461628,1.23581543564437,0.301033037292632,1,0,1,two_path_selected,unstable_split_fit,soft_two_path_correction,0.0016423451197092,0.924059837360399,35.6135670197596,0.924059837360399,0.926993794467236,0.926993794467236,0.925346250793946,0.206184665598387,24.9464142844763,0.0013485401342177,0.000100673576974186
Light_multipath,3,30,32,20270109,4.2221905681459,3.38132075350171,3.38132075350171,4.2221905681459,3.39471651233754,1.2221905681459,0.38132075350171,0.38132075350171,1.2221905681459,0.394716512337543,1,0,1,two_path_selected,unstable_split_fit,soft_two_path_correction,0.00165032497255443,0.780815473333346,45.1679983944857,0.780815473333346,0.98406916433134,0.98406916433134,0.957443382257822,0.165219390538711,26.5710507179583,0.00146129938737927,6.21879594355779e-05
Light_multipath,3,30,33,20270109,4.23657813788011,3.23393932197492,3.23393932197492,3.23393932197492,3.2385806296956,1.23657813788011,0.233939321974917,0.233939321974917,0.233939321974917,0.238580629695603,1,1,1,two_path_selected,stable_two_path_selected,soft_two_path_correction,0.00163479056347674,0.163379886007461,47.0031556515272,0.163379886007461,0.99537090760196,0.99537090760196,0.961798111764213,0.195947934693236,25.9409691789867,0.00134114203275559,5.12341580436448e-05
Light_multipath,3,30,34,20270109,4.24715258660396,3.61316851238462,3.61316851238462,3.61316851238462,3.61379460672367,1.24715258660396,0.613168512384618,0.613168512384618,0.613168512384618,0.613794606723672,1,1,1,two_path_selected,stable_two_path_selected,soft_two_path_correction,0.00164343941589106,0.00604668515059892,59.3622244197293,0.00604668515059892,0.999012444689837,0.999012444689837,0.981534928888301,0.109867933675085,31.3304464479588,0.00140847648468378,2.60076184488423e-05
Light_multipath,3,30,35,20270109,4.22044288111685,3.59726115303734,3.59726115303734,4.22044288111685,3.6086124157725,1.22044288111685,0.597261153037337,0.597261153037337,1.22044288111685,0.608612415772504,1,0,1,two_path_selected,unstable_split_fit,soft_two_path_correction,0.00164744994243627,0.764259639723615,38.4119071214234,0.764259639723615,0.981784987871597,0.981784987871597,0.9366767534859,0.108883008002993,29.9241116349585,0.00113610474035042,7.19418405390471e-05
Light_multipath,3,30,36,20270109,4.23703927512938,3.84099640147046,4.23703927512938,4.23703927512938,4.23703927512938,1.23703927512938,0.840996401470456,1.23703927512938,1.23703927512938,1.23703927512938,0,0,0,weak_echo,weak_echo,v3_weak_echo,NaN,NaN,NaN,NaN,0,0,0.954256779094321,0.0707813250551767,34.535704750715,0.0012804992131854,5.85741583782884e-05
Light_multipath,3,30,37,20270109,4.22859489192744,3.61072121484377,3.61072121484377,3.61072121484377,3.61911781090956,1.22859489192744,0.610721214843768,0.610721214843768,0.610721214843768,0.61911781090956,1,1,1,two_path_selected,stable_two_path_selected,soft_two_path_correction,0.00163761462822392,0.0988551852071851,38.3876610967357,0.0988551852071851,0.986410497198353,0.986410497198353,0.936586375109664,0.10332444056282,32.8737668068334,0.00152364168049601,9.66196419942555e-05
Light_multipath,3,30,38,20270109,4.22443794714366,3.52631900818297,3.52631900818297,3.52631900818297,3.53807783600322,1.22443794714366,0.526319008182972,0.526319008182972,0.526319008182972,0.538077836003223,1,1,1,two_path_selected,stable_two_path_selected,soft_two_path_correction,0.00163695969494941,0.330697295579811,36.6702818043942,0.330697295579811,0.983156411946427,0.983156411946427,0.92984542279092,0.127042208512145,27.8424230919292,0.00106323167124112,7.45905683712245e-05
Light_multipath,3,30,39,20270109,4.22559444767561,3.28379385819997,3.28379385819997,4.22559444767561,3.38914203707324,1.22559444767561,0.283793858199967,0.283793858199967,1.22559444767561,0.389142037073239,1,0,1,two_path_selected,unstable_split_fit,soft_two_path_correction,0.00164807221719158,1.09219969822413,40.4122878090416,1.09219969822413,0.888141736105809,0.888141736105809,0.943706276093347,0.18856850015145,25.5584430241036,0.00134880479992572,7.59292450109861e-05
Light_multipath,3,30,40,20270109,4.22548359438496,3.53892688070209,3.53892688070209,3.53892688070209,3.56335027129388,1.22548359438496,0.538926880702088,0.538926880702088,0.538926880702088,0.56335027129388,1,1,1,two_path_selected,stable_two_path_selected,soft_two_path_correction,0.00164370670821946,0.0403630987057113,30.6891802453779,0.0403630987057113,0.964426259178534,0.964426259178534,0.900263614845669,0.125798871399438,28.1194563823048,0.00120853830845902,0.000120535242206232
Light_multipath,3,30,41,20270109,4.22983626467265,3.51225019207387,3.51225019207387,3.51225019207387,3.52347516432342,1.22983626467265,0.512250192073869,0.512250192073869,0.512250192073869,0.523475164323425,1,1,1,two_path_selected,stable_two_path_selected,soft_two_path_correction,0.00163674748928981,0.663082677984675,37.2620155265903,0.663082677984675,0.984357315898142,0.984357315898142,0.932245343549789,0.134645836322531,27.8129833842965,0.00130789589433133,8.86160369930611e-05
Light_multipath,3,30,42,20270109,4.24308155188209,3.79944535609827,4.24308155188209,4.24308155188209,4.24308155188209,1.24308155188209,0.79944535609827,1.24308155188209,1.24308155188209,1.24308155188209,0,0,0,weak_echo,weak_echo,v3_weak_echo,NaN,NaN,NaN,NaN,0,0,0.960535902528566,0.0796411647847096,34.7691355862353,0.00161970881117268,6.39203463994598e-05
Light_multipath,3,30,43,20270109,4.23527372512005,2.42516276735379,2.42516276735379,4.23527372512005,2.88407591624221,1.23527372512005,-0.574837232646213,-0.574837232646213,1.23527372512005,-0.115924083757788,1,0,1,two_path_selected,unstable_split_fit,soft_two_path_correction,0.00164296529061601,1.7221498210021,39.6310628515089,1.7221498210021,0.746472365730144,0.746472365730144,0.941058969425935,0.4036706736706,23.648055054974,0.00105998295243737,6.24764876075989e-05
Light_multipath,3,30,44,20270109,4.23570629964129,2.45557410962979,2.45557410962979,4.23570629964129,2.82826093227564,1.23570629964129,-0.544425890370206,-0.544425890370206,1.23570629964129,-0.171739067724357,1,0,1,two_path_selected,unstable_split_fit,soft_two_path_correction,0.00164521687750633,1.23016193247615,23.9292800502094,1.23016193247615,0.790640928388896,0.790640928388896,0.851561349531345,0.650323282907536,17.9598374418116,0.00123684709764138,0.00018359591400996
Light_multipath,3,30,45,20270109,4.20587321678521,2.96651639576312,2.96651639576312,4.20587321678521,2.97431874898145,1.20587321678521,-0.0334836042368849,-0.0334836042368849,1.20587321678521,-0.0256812510185478,1,0,1,two_path_selected,unstable_split_fit,soft_two_path_correction,0.00163909976991941,0.751539695500778,45.2192247160159,0.751539695500778,0.993704514239973,0.993704514239973,0.957571425654324,0.22544208843472,27.0436453429243,0.00115213629083111,4.8883500271879e-05
Light_multipath,3,30,46,20270109,4.2351860950782,3.62806046212568,3.62806046212568,3.62806046212568,3.63374312233615,1.2351860950782,0.628060462125676,0.628060462125676,0.628060462125676,0.633743122336148,1,1,1,two_path_selected,stable_two_path_selected,soft_two_path_correction,0.00163829720572489,0.351086199032602,41.3705301855925,0.351086199032602,0.990640058824667,0.990640058824667,0.94679162257166,0.139441140100014,24.2677537982698,0.00118874836999194,6.32513719378558e-05
Light_multipath,3,30,47,20270109,4.21913911530981,3.68430411526011,3.68430411526011,3.68430411526011,3.68625571035025,1.21913911530981,0.684304115260113,0.684304115260113,0.684304115260113,0.686255710350252,1,1,1,two_path_selected,stable_two_path_selected,soft_two_path_correction,0.00163348905361796,0.278440370573183,48.9064900405006,0.278440370573183,0.996351033328116,0.996351033328116,0.965844483912238,0.0894013634492312,35.1683432226907,0.00167637747983251,5.7257537981581e-05
Light_multipath,3,30,48,20270109,4.22762928066521,3.33475546715006,3.33475546715006,4.22762928066521,3.47810209457896,1.22762928066521,0.334755467150057,0.334755467150057,1.22762928066521,0.478102094578956,1,0,1,two_path_selected,unstable_split_fit,soft_two_path_correction,0.00164070480750931,1.26949391815372,37.5015049498772,1.26949391815372,0.839454774841522,0.839454774841522,0.933193153075754,0.167943971419954,27.345463355848,0.0014818824768319,9.89998957894311e-05
Light_multipath,3,30,49,20270109,4.254331235836,3.35273342373876,3.35273342373876,4.254331235836,3.43963383457343,1.254331235836,0.352733423738763,0.352733423738763,1.254331235836,0.439633834573432,1,0,1,two_path_selected,unstable_split_fit,soft_two_path_correction,0.00163532178308854,1.05430948539882,46.8385154918201,1.05430948539882,0.903615104574703,0.903615104574703,0.961426340007622,0.155168582587801,29.7438219109656,0.0015235354327976,5.87683377710757e-05
Light_multipath,3,30,50,20270109,4.21741819900808,3.15639873170784,3.15639873170784,4.21741819900808,3.18383365966697,1.21741819900808,0.156398731707835,0.156398731707835,1.21741819900808,0.183833659666971,1,0,1,two_path_selected,unstable_split_fit,soft_two_path_correction,0.0016431809154831,0.789456096876249,38.7146920420935,0.789456096876249,0.974142860894961,0.974142860894961,0.937794611516836,0.212065973308252,24.9426254976469,0.00115990508912245,7.21523466724605e-05
Light_multipath,5,30,1,20270109,6.23198345323281,4.4118512940604,4.4118512940604,6.23198345323281,4.72275843944567,1.23198345323281,-0.588148705939604,-0.588148705939604,1.23198345323281,-0.27724156055433,1,0,1,two_path_selected,unstable_split_fit,soft_two_path_correction,0.00164844136135663,1.32239856767437,38.987561813324,1.32239856767437,0.829184301909902,0.829184301909902,0.938785109757447,0.385813752957244,24.9659661783233,0.00142172002591412,8.70304353419726e-05
Light_multipath,5,30,2,20270109,6.22735903238168,5.07435909479256,5.07435909479256,6.22735903238168,5.12522922589085,1.22735903238168,0.0743590947925608,0.0743590947925608,1.22735903238168,0.125229225890848,1,0,1,two_path_selected,unstable_split_fit,soft_two_path_correction,0.00165308430385975,0.867062849660834,43.9026378766623,0.867062849660834,0.955880196138904,0.955880196138904,0.95415489906448,0.241259832022364,24.8420783499303,0.00157725477398696,7.23094043144634e-05
Light_multipath,5,30,3,20270109,6.22584739685833,5.6254454723856,5.6254454723856,5.6254454723856,5.63065242209537,1.22584739685833,0.625445472385604,0.625445472385604,0.625445472385604,0.630652422095372,1,1,1,two_path_selected,stable_two_path_selected,soft_two_path_correction,0.00163372127373449,0.645613730316515,41.9808407130764,0.645613730316515,0.991327559926891,0.991327559926891,0.948667954018725,0.0982539154036564,32.6829103186049,0.00120428282218121,6.18183012026652e-05
Light_multipath,5,30,4,20270109,6.24280715149103,3.93967592340946,3.93967592340946,6.24280715149103,4.55514059975967,1.24280715149103,-1.06032407659054,-1.06032407659054,1.24280715149103,-0.444859400240328,1,0,1,two_path_selected,unstable_split_fit,soft_two_path_correction,0.00164965081325931,1.83316355635124,51.4371145885947,1.83316355635124,0.732770469677981,0.732770469677981,0.970568549993604,0.511422404530779,24.9058822278968,0.00103924736180105,3.05865567731267e-05
Light_multipath,5,30,5,20270109,6.22516415350902,5.78805064357016,6.22516415350902,6.22516415350902,6.22516415350902,1.22516415350902,0.788050643570159,1.22516415350902,1.22516415350902,1.22516415350902,0,0,0,weak_echo,weak_echo,v3_weak_echo,NaN,NaN,NaN,NaN,0,0,0.968193686129795,0.0686583060134379,37.9440030337869,0.00117090209869519,3.72420796623807e-05
Light_multipath,5,30,6,20270109,6.23090706483115,5.74326785328279,5.74326785328279,6.23090706483115,5.76074613726612,1.23090706483115,0.74326785328279,0.74326785328279,1.23090706483115,0.760746137266125,1,0,1,two_path_selected,unstable_split_fit,soft_two_path_correction,0.00163323081214354,0.825062916241698,39.5726912978318,0.825062916241698,0.964157345083391,0.964157345083391,0.940856240429041,0.0831210609085192,32.3548001972676,0.00106142203105253,6.27764894078897e-05
Light_multipath,5,30,7,20270109,6.22912637687125,5.50377648484789,5.50377648484789,6.22912637687125,5.68552508877894,1.22912637687125,0.503776484847894,0.503776484847894,1.22912637687125,0.685525088778935,1,0,1,two_path_selected,unstable_split_fit,soft_two_path_correction,0.00163651368592753,1.68377296739519,36.4563977563596,1.68377296739519,0.749433196406696,0.749433196406696,0.928957203156386,0.119298516570757,31.0717119302277,0.00117778757684528,8.36733235467513e-05
Light_multipath,5,30,8,20270109,6.23660027064693,5.81248680520682,6.23660027064693,6.23660027064693,6.23660027064693,1.23660027064693,0.812486805206818,1.23660027064693,1.23660027064693,1.23660027064693,0,0,0,weak_echo,weak_echo,v3_weak_echo,NaN,NaN,NaN,NaN,0,0,0.965849648910505,0.0749093846990236,34.7473817604265,0.00138099101252442,4.71613279291461e-05
Light_multipath,5,30,9,20270109,6.24381805645568,6.01763692002998,6.24381805645568,6.24381805645568,6.24381805645568,1.24381805645568,1.01763692002998,1.24381805645568,1.24381805645568,1.24381805645568,0,0,0,weak_echo,weak_echo,v3_weak_echo,NaN,NaN,NaN,NaN,0,0,0.929439707810935,0.0408825632811892,39.6086439736223,0.00083024328146486,5.85822085281684e-05
Light_multipath,5,30,10,20270109,6.22832275921476,5.82882974965696,6.22832275921476,6.22832275921476,6.22832275921476,1.22832275921476,0.828829749656961,1.22832275921476,1.22832275921476,1.22832275921476,0,0,0,weak_echo,weak_echo,v3_weak_echo,NaN,NaN,NaN,NaN,0,0,0.954518404228113,0.0714885995360383,33.3209853021452,0.00110188118779275,5.01153147718369e-05
Light_multipath,5,30,11,20270109,6.23995085267376,5.30653546146943,5.30653546146943,6.23995085267376,5.54857597114751,1.23995085267376,0.306535461469428,0.306535461469428,1.23995085267376,0.548575971147508,1,0,1,two_path_selected,unstable_split_fit,soft_two_path_correction,0.0016547840885041,1.70616528097388,34.0980981551392,1.70616528097388,0.740693680478325,0.740693680478325,0.918385579036752,0.220084733412726,22.2890931870265,0.00121510420039894,9.91700257255701e-05
Light_multipath,5,30,12,20270109,6.22185540088057,5.83958110747563,6.22185540088057,6.22185540088057,6.22185540088057,1.22185540088057,0.839581107475627,1.22185540088057,1.22185540088057,1.22185540088057,0,0,0,weak_echo,weak_echo,v3_weak_echo,NaN,NaN,NaN,NaN,0,0,0.936415094353523,0.0633441620361972,39.5218727488063,0.00147610382890706,9.38579226854586e-05
Light_multipath,5,30,13,20270109,6.22744792913328,4.88758375487904,4.88758375487904,4.88758375487904,4.89383600746919,1.22744792913328,-0.112416245120956,-0.112416245120956,-0.112416245120956,-0.106163992530812,1,1,1,two_path_selected,stable_two_path_selected,soft_two_path_correction,0.00163750422087886,0.320601157183889,46.9390536965836,0.320601157183889,0.995333666866924,0.995333666866924,0.961653791858004,0.235602625079327,28.7461979743267,0.00167699315005532,6.43063283847223e-05
Light_multipath,5,30,14,20270109,6.24322175176447,5.71112087702982,5.71112087702982,5.71112087702982,5.71851204254702,1.24322175176447,0.711120877029821,0.711120877029821,0.711120877029821,0.718512042547024,1,1,1,two_path_selected,stable_two_path_selected,soft_two_path_correction,0.00165759809242838,0.0659476143080724,38.2123811804151,0.0659476143080724,0.986109465576636,0.986109465576636,0.935929161340648,0.10864645952555,27.3394621504687,0.001189678790529,7.62237178444369e-05
Light_multipath,5,30,15,20270109,6.20641852247157,5.94330272243514,6.20641852247157,6.20641852247157,6.20641852247157,1.20641852247157,0.943302722435138,1.20641852247157,1.20641852247157,1.20641852247157,0,0,0,weak_echo,weak_echo,v3_weak_echo,NaN,NaN,NaN,NaN,0,0,0.91092192655271,0.0469838996213298,42.8442286429469,0.0013211858657225,0.00011768869158435
Light_multipath,5,30,16,20270109,6.21654544795626,5.21921381312786,5.21921381312786,6.21654544795626,5.5706251890859,1.21654544795626,0.219213813127858,0.219213813127858,1.21654544795626,0.570625189085905,1,0,1,two_path_selected,unstable_split_fit,soft_two_path_correction,0.00163666161878526,2.33300393528549,40.3689896936837,2.33300393528549,0.647648421361357,0.647648421361357,0.94356271616573,0.166926385098824,29.4252334421256,0.00117439131514541,6.6279455985363e-05
Light_multipath,5,30,17,20270109,6.23284450666642,5.12922183522631,5.12922183522631,5.12922183522631,5.14146241179759,1.23284450666642,0.129221835226314,0.129221835226314,0.129221835226314,0.14146241179759,1,1,1,two_path_selected,stable_two_path_selected,soft_two_path_correction,0.00165652455044041,0.110161040460721,40.0127760306315,0.110161040460721,0.988908730412993,0.988908730412993,0.942367667065734,0.232351542412613,24.743118913424,0.00154315785906944,8.89357875040186e-05
Light_multipath,5,30,18,20270109,6.24229595056216,5.4530682702617,5.4530682702617,5.4530682702617,5.46853196337811,1.24229595056216,0.453068270261699,0.453068270261699,0.453068270261699,0.468531963378108,1,1,1,two_path_selected,stable_two_path_selected,soft_two_path_correction,0.00164624889462907,0.426946295104354,35.4604796058415,0.426946295104354,0.980406549969811,0.980406549969811,0.924670947142742,0.126359951555388,31.9437640024964,0.0013662236098626,0.000102916330522174
Light_multipath,5,30,19,20270109,6.26426535670563,5.9100705576117,6.26426535670563,6.26426535670563,6.26426535670563,1.26426535670563,0.910070557611699,1.26426535670563,1.26426535670563,1.26426535670563,0,0,0,weak_echo,weak_echo,v3_weak_echo,NaN,NaN,NaN,NaN,0,0,0.937317371784333,0.0625907501652579,37.6548672844045,0.00142767390745813,8.94903527544066e-05
Light_multipath,5,30,20,20270109,6.22712964973122,5.57870723595099,5.57870723595099,6.22712964973122,5.63241822128057,1.22712964973122,0.578707235950986,0.578707235950986,1.22712964973122,0.632418221280567,1,0,1,two_path_selected,unstable_split_fit,soft_two_path_correction,0.00163761060758824,1.01188177533432,51.1105495208205,1.01188177533432,0.917166673779134,0.917166673779134,0.969997715145729,0.106638200609137,33.2700485610579,0.00154161403527531,4.62519434216713e-05
Light_multipath,5,30,21,20270109,6.23461329946031,5.45976605743279,5.45976605743279,5.45976605743279,5.4658979269743,1.23461329946031,0.459766057432793,0.459766057432793,0.459766057432793,0.465897926974297,1,1,1,two_path_selected,stable_two_path_selected,soft_two_path_correction,0.00164887537197761,0.102479311590318,42.7133297369006,0.102479311590318,0.992086350432816,0.992086350432816,0.950832755208812,0.142545164319861,28.0625584155127,0.00132877761745442,6.53323343904333e-05
Light_multipath,5,30,22,20270109,6.22332209513812,4.9697137436015,4.9697137436015,4.9697137436015,4.97509213398647,1.22332209513812,-0.0302862563984991,-0.0302862563984991,-0.0302862563984991,-0.02490786601353,1,1,1,two_path_selected,stable_two_path_selected,soft_two_path_correction,0.00166016177221,0.452377756786003,47.611137668826,0.452377756786003,0.995709672499887,0.995709672499887,0.963140208467443,0.287955062359493,22.5240578741935,0.00114850488135532,4.23336505008809e-05
Light_multipath,5,30,23,20270109,6.25973325469287,5.72352679719918,5.72352679719918,6.25973325469287,5.74755756706829,1.25973325469287,0.723526797199179,0.723526797199179,1.25973325469287,0.747557567068285,1,0,1,two_path_selected,unstable_split_fit,soft_two_path_correction,0.00165696448859037,0.760004877395802,29.4313267846782,0.760004877395802,0.95518373653792,0.95518373653792,0.892604107462388,0.0957343077887434,29.6944661826694,0.0010368597271373,0.000111354475832215
Light_multipath,5,30,24,20270109,6.25010626805621,5.32795906782578,5.32795906782578,6.25010626805621,5.404483082819,1.25010626805621,0.32795906782578,0.32795906782578,1.25010626805621,0.404483082818996,1,0,1,two_path_selected,unstable_split_fit,soft_two_path_correction,0.00163696352728025,0.990128802472976,41.1812861660925,0.990128802472976,0.917015401690649,0.917015401690649,0.946195997755906,0.172285496747931,27.4029194123635,0.00146242353331538,7.86842390683162e-05
Light_multipath,5,30,25,20270109,6.22321945071772,5.04173176341604,5.04173176341604,5.04173176341604,5.04517492931473,1.22321945071772,0.0417317634160419,0.0417317634160419,0.0417317634160419,0.0451749293147348,1,1,1,two_path_selected,stable_two_path_selected,soft_two_path_correction,0.0016454878064053,0.153859923961829,50.7051064623317,0.153859923961829,0.99708573696053,0.99708573696053,0.969273571967297,0.24640338619721,24.4975137977292,0.00132463402976524,4.07012721852507e-05
Light_multipath,5,30,26,20270109,6.24530808343519,5.9991917619385,6.24530808343519,6.24530808343519,6.24530808343519,1.24530808343519,0.999191761938498,1.24530808343519,1.24530808343519,1.24530808343519,0,0,0,weak_echo,weak_echo,v3_weak_echo,NaN,NaN,NaN,NaN,0,0,0.94215666006755,0.0471312166838819,41.2588113515786,0.00130029478266924,7.52133931263277e-05
Light_multipath,5,30,27,20270109,6.23788144266399,4.75366515336337,4.75366515336337,4.75366515336337,4.75441209001234,1.23788144266399,-0.246334846636628,-0.246334846636628,-0.246334846636628,-0.245587909987663,1,1,1,two_path_selected,stable_two_path_selected,soft_two_path_correction,0.00164679015902784,0.195903606577199,64.7553365226887,0.195903606577199,0.999496746765044,0.999496746765044,0.986554573499973,0.281925751787531,26.9470667861248,0.00160864182149822,2.16288753758231e-05
Light_multipath,5,30,28,20270109,6.23081758756647,4.38072165456038,4.38072165456038,4.38072165456038,4.3910271996315,1.23081758756647,-0.619278345439616,-0.619278345439616,-0.619278345439616,-0.6089728003685,1,1,1,two_path_selected,stable_two_path_selected,soft_two_path_correction,0.00163154210943508,0.408133850171637,45.5224853249128,0.408133850171637,0.994429723947141,0.994429723947141,0.958321592074374,0.507229455642964,21.0494242937629,0.00126617557168851,5.27721819822968e-05
Light_multipath,5,30,29,20270109,6.22087576962126,5.72664515388692,5.72664515388692,6.22087576962126,5.90724920489633,1.22087576962126,0.726645153886924,0.726645153886924,1.22087576962126,0.907249204896327,1,0,1,two_path_selected,unstable_split_fit,soft_two_path_correction,0.00164305560479365,2.3312740286069,31.8042265479289,2.3312740286069,0.634575347500364,0.634575347500364,0.906595493101683,0.0860266530163918,32.8183911736097,0.00135070961619177,0.000126162365663207
Light_multipath,5,30,30,20270109,6.23697576540406,4.8216214502827,4.8216214502827,6.23697576540406,5.18092142534235,1.23697576540406,-0.178378549717303,-0.178378549717303,1.23697576540406,0.180921425342355,1,0,1,two_path_selected,unstable_split_fit,soft_two_path_correction,0.00164348848674317,1.73272344137988,41.3008506117846,1.73272344137988,0.746141322196875,0.746141322196875,0.946573084590621,0.282430020620423,25.1563963244163,0.00116670714718059,6.23335640599354e-05
Light_multipath,5,30,31,20270109,6.2378117735566,6.04406832623226,6.2378117735566,6.2378117735566,6.2378117735566,1.2378117735566,1.04406832623226,1.2378117735566,1.2378117735566,1.2378117735566,0,0,0,weak_echo,weak_echo,v3_weak_echo,NaN,NaN,NaN,NaN,0,0,0.93784246988652,0.0390900792216238,46.6752614589927,0.00133202960140388,8.27956700613086e-05
Light_multipath,5,30,32,20270109,6.22737845471906,4.20646418933651,4.20646418933651,6.22737845471906,4.21200351068314,1.22737845471906,-0.793535810663489,-0.793535810663489,1.22737845471906,-0.787996489316855,1,0,1,two_path_selected,unstable_split_fit,soft_two_path_correction,0.00164415645841611,0.47842551793585,51.1954664158172,0.47842551793585,0.997259002303304,0.997259002303304,0.970147206229798,0.388026367649153,27.2919326055848,0.00140038792626562,4.18054919610888e-05
Light_multipath,5,30,33,20270109,6.23065094925765,5.01670227877059,5.01670227877059,6.23065094925765,5.09367111267996,1.23065094925765,0.0167022787705937,0.0167022787705937,1.23065094925765,0.0936711126799619,1,0,1,two_path_selected,unstable_split_fit,soft_two_path_correction,0.00164942471309356,0.915258061211439,39.5102428464476,0.915258061211439,0.936596302808679,0.936596302808679,0.94063857994001,0.247326624288248,24.6912971593212,0.00121969272545153,7.24026922196419e-05
Light_multipath,5,30,34,20270109,6.24229625160687,5.14905866684557,5.14905866684557,5.14905866684557,5.15375916648616,1.24229625160687,0.149058666845567,0.149058666845567,0.149058666845567,0.153759166486159,1,1,1,two_path_selected,stable_two_path_selected,soft_two_path_correction,0.00163986807491408,0.568121708066434,47.5938401950953,0.568121708066434,0.995700385985524,0.995700385985524,0.963102684599515,0.241848196451836,23.5200845697986,0.00134895120887157,4.97726782135999e-05
Light_multipath,5,30,35,20270109,6.23593304841975,4.4676497715202,4.4676497715202,6.23593304841975,4.51391030111747,1.23593304841975,-0.532350228479801,-0.532350228479801,1.23593304841975,-0.486089698882529,1,0,1,two_path_selected,unstable_split_fit,soft_two_path_correction,0.00164559778112914,0.754933940797784,33.6532049259604,0.754933940797784,0.97383873375855,0.97383873375855,0.916221520737368,0.377192518812816,24.5252081765403,0.00125285772237649,0.000104962514713147
Light_multipath,5,30,36,20270109,6.23409133923809,3.31274825251332,6.23409133923809,6.23409133923809,6.23409133923809,1.23409133923809,-1.68725174748668,1.23409133923809,1.23409133923809,1.23409133923809,0,0,0,excessive_shift,excessive_shift,v3_excessive_shift,NaN,NaN,NaN,NaN,0,0,0.9541525783931,0.635050618069501,27.3133392123589,0.00150162497126938,6.88456331532361e-05
Light_multipath,5,30,37,20270109,6.22860831623263,5.32929248772065,5.32929248772065,5.32929248772065,5.34832113280156,1.22860831623263,0.32929248772065,0.32929248772065,0.32929248772065,0.348321132801565,1,1,1,two_path_selected,stable_two_path_selected,soft_two_path_correction,0.00164788995224128,0.455615140004411,34.8455104322288,0.455615140004411,0.978840976131378,0.978840976131378,0.921896056714503,0.163366925531296,28.0259398918529,0.00141323400524507,0.000110379148594797
Light_multipath,5,30,38,20270109,6.23959369104597,5.32459247853191,5.32459247853191,6.23959369104597,5.59116110071853,1.23959369104597,0.324592478531907,0.324592478531907,1.23959369104597,0.591161100718532,1,0,1,two_path_selected,unstable_split_fit,soft_two_path_correction,0.00164217890283913,1.91489378019591,37.0032599287841,1.91489378019591,0.708668558532071,0.708668558532071,0.931206166964595,0.174666386809909,26.6611480182832,0.00136420567420137,9.38489373769613e-05
Light_multipath,5,30,39,20270109,6.22713602306158,5.27441635994746,5.27441635994746,5.27441635994746,5.28295052177793,1.22713602306158,0.274416359947464,0.274416359947464,0.274416359947464,0.28295052177793,1,1,1,two_path_selected,stable_two_path_selected,soft_two_path_correction,0.0016481700103111,0.0569464695262436,41.7219484019453,0.0569464695262436,0.991042315844967,0.991042315844967,0.947880237543351,0.171646488191393,28.6976655264041,0.00169844985357437,8.85228029128271e-05
Light_multipath,5,30,40,20270109,6.21904684826939,3.94840489497797,3.94840489497797,6.21904684826939,3.95857987961786,1.21904684826939,-1.05159510502203,-1.05159510502203,1.21904684826939,-1.04142012038214,1,0,1,two_path_selected,unstable_split_fit,soft_two_path_correction,0.00164548334958463,0.450918453925941,47.2630851805469,0.450918453925941,0.995518895163046,0.995518895163046,0.962377774768414,0.524319256116894,24.4935923883343,0.00141113089231415,5.30898842618921e-05
Light_multipath,5,30,41,20270109,6.22081153324007,5.59122160018753,5.59122160018753,6.22081153324007,5.7507834452643,1.22081153324007,0.591221600187529,0.591221600187529,1.22081153324007,0.750783445264301,1,0,1,two_path_selected,unstable_split_fit,soft_two_path_correction,0.00163496875292975,1.68458659836208,34.9585938876785,1.68458659836208,0.74656226743788,0.74656226743788,0.922413877470437,0.1135640872155,29.5366256262541,0.00137475800791242,0.000106662143250391
Light_multipath,5,30,42,20270109,6.23966375272767,5.42819065335666,5.42819065335666,6.23966375272767,5.59641267941202,1.23966375272767,0.428190653356658,0.428190653356658,1.23966375272767,0.596412679412023,1,0,1,two_path_selected,unstable_split_fit,soft_two_path_correction,0.00165683211333437,1.51906204015976,47.9861972380117,1.51906204015976,0.792695498857871,0.792695498857871,0.96394451618903,0.141200190502625,29.1068029500384,0.00122295301410524,4.40941626016489e-05
Light_multipath,5,30,43,20270109,6.2374731324362,5.53803691625804,5.53803691625804,6.2374731324362,5.58062035492884,1.2374731324362,0.538036916258037,0.538036916258037,1.2374731324362,0.580620354928841,1,0,1,two_path_selected,unstable_split_fit,soft_two_path_correction,0.00162449937103322,0.865929444788392,33.6426522848923,0.865929444788392,0.939117481071415,0.939117481071415,0.916169499638986,0.12009286004703,31.0916173332734,0.0016445289839071,0.000137861687579122
Light_multipath,5,30,44,20270109,6.24459373522328,4.32591714693574,4.32591714693574,6.24459373522328,4.69922101964341,1.24459373522328,-0.67408285306426,-0.67408285306426,1.24459373522328,-0.300778980356585,1,0,1,two_path_selected,unstable_split_fit,soft_two_path_correction,0.00164659726645353,1.41430730195868,36.9766728991838,1.41430730195868,0.805436791699816,0.805436791699816,0.931098493160745,0.43015051549761,24.4342403805022,0.00165536841448599,0.000114057378132193
Light_multipath,5,30,45,20270109,6.24341311664718,5.28305942746212,5.28305942746212,5.28305942746212,5.31123282199808,1.24341311664718,0.283059427462124,0.283059427462124,0.283059427462124,0.311232821998075,1,1,1,two_path_selected,stable_two_path_selected,soft_two_path_correction,0.0016434217209644,0.185697602031911,32.2313885312545,0.185697602031911,0.970663522353042,0.970663522353042,0.908913243333473,0.177004980158604,27.4200789803431,0.00144886317213921,0.000131972247203738
Light_multipath,5,30,46,20270109,6.23376683688161,5.69319605675747,5.69319605675747,6.23376683688161,5.71209478015932,1.23376683688161,0.693196056757467,0.693196056757467,1.23376683688161,0.712094780159322,1,0,1,two_path_selected,unstable_split_fit,soft_two_path_correction,0.00164665968310878,0.642599052345931,30.8282496531829,0.642599052345931,0.965039317520057,0.965039317520057,0.901076185500032,0.0969552072015198,30.3857777801297,0.00120957748966477,0.000119656019210934
Light_multipath,5,30,47,20270109,6.25352207873134,5.20776409437015,5.20776409437015,5.20776409437015,5.21337281864644,1.25352207873134,0.207764094370152,0.207764094370152,0.207764094370152,0.213372818646437,1,1,1,two_path_selected,stable_two_path_selected,soft_two_path_correction,0.00163456531444738,0.462150388569595,45.8253916272568,0.462150388569595,0.994636689979745,0.994636689979745,0.959057641741584,0.182770608856928,28.5128797051336,0.0013242532081319,5.42180492721922e-05
Light_multipath,5,30,48,20270109,6.25362206728365,5.08290526186019,5.08290526186019,5.08290526186019,5.08376749203898,1.25362206728365,0.0829052618601871,0.0829052618601871,0.0829052618601871,0.0837674920389802,1,1,1,two_path_selected,stable_two_path_selected,soft_two_path_correction,0.00164353932831613,0.141807707914139,61.7088360768472,0.141807707914139,0.999263502347623,0.999263502347623,0.983915679433144,0.242577992198571,24.9928010751019,0.00151429762185229,2.43564483835002e-05
Light_multipath,5,30,49,20270109,6.23834937580589,5.11328790436262,5.11328790436262,5.11328790436262,5.1203164307594,1.23834937580589,0.113287904362624,0.113287904362624,0.113287904362624,0.1203164307594,1,1,1,two_path_selected,stable_two_path_selected,soft_two_path_correction,0.00165161007948924,0.224888401740808,44.6049270957518,0.224888401740808,0.993752762337724,0.993752762337724,0.956010225348173,0.239030083084878,23.7016512244386,0.00111030186814109,4.88419289750297e-05
Light_multipath,5,30,50,20270109,6.24423804454273,5.12077159425988,5.12077159425988,5.12077159425988,5.13673754851825,1.24423804454273,0.120771594259876,0.120771594259876,0.120771594259876,0.136737548518251,1,1,1,two_path_selected,stable_two_path_selected,soft_two_path_correction,0.00165573051894316,0.489833108978269,38.0297250649042,0.489833108978269,0.985788668407182,0.985788668407182,0.935237042092351,0.227413557599643,24.9948418084078,0.00133304231314235,8.63317632151528e-05
Light_multipath,10,30,1,20270109,11.2525766502486,10.5968937656585,10.5968937656585,10.5968937656585,10.6016956592448,1.25257665024859,0.596893765658518,0.596893765658518,0.596893765658518,0.601695659244793,1,1,1,two_path_selected,stable_two_path_selected,soft_two_path_correction,0.00163942068392926,0.0443903071398957,43.3333354173342,0.0443903071398957,0.992676500029007,0.992676500029007,0.95259362453539,0.12781941076388,27.4362480576326,0.00128469905949591,6.09029259734939e-05
Light_multipath,10,30,2,20270109,11.2427927630763,10.9884088185944,11.2427927630763,11.2427927630763,11.2427927630763,1.24279276307631,0.988408818594351,1.24279276307631,1.24279276307631,1.24279276307631,0,0,0,weak_echo,weak_echo,v3_weak_echo,NaN,NaN,NaN,NaN,0,0,0.97037398720537,0.0498319832124906,41.5012323518277,0.00147585933722305,4.37238276076446e-05
Light_multipath,10,30,3,20270109,11.2541554275774,10.8186403803933,11.2541554275774,11.2541554275774,11.2541554275774,1.25415542757744,0.81864038039334,1.25415542757744,1.25415542757744,1.25415542757744,0,0,0,weak_echo,weak_echo,v3_weak_echo,NaN,NaN,NaN,NaN,0,0,0.938311147240874,0.0774678151488678,34.6771608774858,0.00152470372242242,9.40572234338077e-05
Light_multipath,10,30,4,20270109,11.2212171858618,10.3708321245643,10.3708321245643,10.3708321245643,10.3767731529142,1.22121718586178,0.370832124564274,0.370832124564274,0.370832124564274,0.376773152914152,1,1,1,two_path_selected,stable_two_path_selected,soft_two_path_correction,0.00164271954070542,0.452718699460311,43.7104561514429,0.452718699460311,0.993013719760301,0.993013719760301,0.953633688487976,0.142940666952119,29.9721987717637,0.00124546563704198,5.77476477046091e-05
Light_multipath,10,30,5,20270109,11.2125941301364,10.8652059345345,11.2125941301364,11.2125941301364,11.2125941301364,1.21259413013636,0.865205934534536,1.21259413013636,1.21259413013636,1.21259413013636,0,0,0,weak_echo,weak_echo,v3_weak_echo,NaN,NaN,NaN,NaN,0,0,0.898620539929241,0.0603774818073373,37.733406888828,0.00141348569331079,0.000143298416405591
Light_multipath,10,30,6,20270109,11.2458759558244,10.4480823662813,10.4480823662813,10.4480823662813,10.4538489465894,1.24587595582443,0.448082366281323,0.448082366281323,0.448082366281323,0.453848946589364,1,1,1,two_path_selected,stable_two_path_selected,soft_two_path_correction,0.00162592216436239,0.456317545662134,43.4381653362545,0.456317545662134,0.992771839253128,0.992771839253128,0.952885054858249,0.13759263207915,29.6566868949745,0.00130600574928907,6.15323892325659e-05
Light_multipath,10,30,7,20270109,11.2532472412887,10.4230241793592,10.4230241793592,11.2532472412887,10.5500516669939,1.25324724128869,0.423024179359246,0.423024179359246,1.25324724128869,0.550051666993904,1,0,1,two_path_selected,unstable_split_fit,soft_two_path_correction,0.00162799632948884,1.17038015620794,30.9768495590511,1.17038015620794,0.846995953907319,0.846995953907319,0.901937127170908,0.153211638214664,27.1296550483342,0.0011702242307694,0.000114755549923462
Light_multipath,10,30,8,20270109,11.2457428525985,10.5003941321826,10.5003941321826,11.2457428525985,10.6481215512764,1.24574285259849,0.500394132182576,0.500394132182576,1.24574285259849,0.648121551276438,1,0,1,two_path_selected,unstable_split_fit,soft_two_path_correction,0.00164068821727978,1.44481212561318,39.0570278189954,1.44481212561318,0.801800935525283,0.801800935525283,0.939034737855945,0.137955865895871,27.4055826953106,0.00110231511328451,6.72029298467436e-05
Light_multipath,10,30,9,20270109,11.2151209800292,10.4966803689445,10.4966803689445,10.4966803689445,10.4998864451185,1.21512098002923,0.496680368944528,0.496680368944528,0.496680368944528,0.499886445118483,1,1,1,two_path_selected,stable_two_path_selected,soft_two_path_correction,0.00164255277533376,0.405126590935289,47.2962818526435,0.405126590935289,0.995537451357164,0.995537451357164,0.962451169712186,0.14226893675718,26.7901287749259,0.00133650169807331,5.01840754403293e-05
Light_multipath,10,30,10,20270109,11.24557167581,10.529331074436,10.529331074436,10.529331074436,10.5572437211971,1.24557167581005,0.529331074436,0.529331074436,0.529331074436,0.557243721197061,1,1,1,two_path_selected,stable_two_path_selected,soft_two_path_correction,0.00163335310827513,0.152708808695984,29.9594901672171,0.152708808695984,0.961028952132128,0.961028952132128,0.89588943051039,0.117546051623948,30.2686781495378,0.00100777975982891,0.00010492052471589
Light_multipath,10,30,11,20270109,11.2438459395116,10.3378955617975,10.3378955617975,10.3378955617975,10.3425597042616,1.2438459395116,0.337895561797531,0.337895561797531,0.337895561797531,0.342559704261584,1,1,1,two_path_selected,stable_two_path_selected,soft_two_path_correction,0.0016568286721675,0.13913562305234,46.152644318083,0.13913562305234,0.994851657906671,0.994851657906671,0.959838251086227,0.164689418995116,27.8600673121271,0.0013418268405323,5.38901126552194e-05
Light_multipath,10,30,12,20270109,11.2361722297955,10.4398431964388,10.4398431964388,10.4398431964388,10.4407004471077,1.23617222979547,0.439843196438833,0.439843196438833,0.439843196438833,0.440700447107719,1,1,1,two_path_selected,stable_two_path_selected,soft_two_path_correction,0.00165115967651061,0.254565192274903,58.6722989303495,0.254565192274903,0.998923496905202,0.998923496905202,0.980770130914039,0.134026803394262,31.4054712211444,0.00162896895934872,3.13248598333704e-05
Light_multipath,10,30,13,20270109,11.2198563296944,10.8523736028549,11.2198563296944,11.2198563296944,11.2198563296944,1.21985632969437,0.852373602854946,1.21985632969437,1.21985632969437,1.21985632969437,0,0,0,weak_echo,weak_echo,v3_weak_echo,NaN,NaN,NaN,NaN,0,0,0.941779585835804,0.0760677517127639,30.8122521160683,0.00121246831080102,7.05904072157981e-05
Light_multipath,10,30,14,20270109,11.2263716486871,10.8476912422776,11.2263716486871,11.2263716486871,11.2263716486871,1.22637164868711,0.847691242277589,1.22637164868711,1.22637164868711,1.22637164868711,0,0,0,weak_echo,weak_echo,v3_weak_echo,NaN,NaN,NaN,NaN,0,0,0.940151526085724,0.0607612278684882,39.2421667453804,0.00119967624066453,7.17987921949881e-05
Light_multipath,10,30,15,20270109,11.2388527887862,10.7063301005085,10.7063301005085,11.2388527887862,10.7401549161833,1.23885278878621,0.706330100508465,0.706330100508465,1.23885278878621,0.740154916183288,1,0,1,two_path_selected,unstable_split_fit,soft_two_path_correction,0.00164523694742476,0.936379776020997,45.8637677213789,0.936379776020997,0.936481925710589,0.936481925710589,0.959149961488172,0.0907255590859938,33.7654894937854,0.00151558424687614,6.19116748528103e-05
Light_multipath,10,30,16,20270109,11.2302498348119,10.3129305905766,10.3129305905766,10.3129305905766,10.3257849009718,1.23024983481185,0.312930590576642,0.312930590576642,0.312930590576642,0.325784900971778,1,1,1,two_path_selected,stable_two_path_selected,soft_two_path_correction,0.00164556841461629,0.0496630713842841,38.1422108568613,0.0496630713842841,0.985987091761218,0.985987091761218,0.935664151753183,0.217013882287896,22.4558839829321,0.00131117580025708,8.43556073102381e-05
Light_multipath,10,30,17,20270109,11.2136755763511,10.1048232523437,10.1048232523437,10.1048232523437,10.1117065709244,1.21367557635114,0.104823252343721,0.104823252343721,0.104823252343721,0.111706570924376,1,1,1,two_path_selected,stable_two_path_selected,soft_two_path_correction,0.00164604672815682,0.69385063995891,44.6558394367445,0.69385063995891,0.993792393782628,0.993792393782628,0.956141770765423,0.232370168369466,24.5070309735118,0.00140209629301502,6.14934606280038e-05
Light_multipath,10,30,18,20270109,11.2326682376909,10.7326595552025,10.7326595552025,10.7326595552025,10.7354507782161,1.23266823769089,0.732659555202481,0.732659555202481,0.732659555202481,0.735450778216061,1,1,1,two_path_selected,stable_two_path_selected,soft_two_path_correction,0.00164113557378403,0.355983379104604,45.5051648587467,0.355983379104604,0.994417650910204,0.994417650910204,0.958279106349189,0.0985043255682927,28.9606169606648,0.00123689861181031,5.16045154401734e-05
Light_multipath,10,30,19,20270109,11.2328046173302,10.6104764727327,10.6104764727327,10.6104764727327,10.6109417898204,1.23280461733021,0.610476472732692,0.610476472732692,0.610476472732692,0.610941789820439,1,1,1,two_path_selected,stable_two_path_selected,soft_two_path_correction,0.00165599452715938,0.305276347351679,61.5880297115613,0.305276347351679,0.999252296249518,0.999252296249518,0.983800973037199,0.122230447312104,28.0292607878452,0.0013738297490502,2.22547051471622e-05
Light_multipath,10,30,20,20270109,11.2222691898846,10.324953827695,10.324953827695,10.324953827695,10.3511415194563,1.22226918988462,0.32495382769501,0.32495382769501,0.32495382769501,0.351141519456347,1,1,1,two_path_selected,stable_two_path_selected,soft_two_path_correction,0.00163861224720447,0.243078223572041,32.2729428346742,0.243078223572041,0.970815509390775,0.970815509390775,0.909135621243011,0.17659218575184,25.585567406315,0.00120664998630837,0.00010964150138304
Light_multipath,10,30,21,20270109,11.2166180491547,10.1769598351696,10.1769598351696,11.2166180491547,10.2000086893725,1.21661804915466,0.176959835169633,0.176959835169633,1.21661804915466,0.200008689372531,1,0,1,two_path_selected,unstable_split_fit,soft_two_path_correction,0.00164522852879063,0.803074508987553,46.5967042953494,0.803074508987553,0.977830354348328,0.977830354348328,0.960873740190269,0.195674048467164,25.7592406180628,0.0009050126215564,3.54097589621016e-05
Light_multipath,10,30,22,20270109,11.2164367228009,9.98670126653544,9.98670126653544,9.98670126653544,9.9910125987078,1.21643672280087,-0.0132987334645627,-0.0132987334645627,-0.0132987334645627,-0.00898740129219533,1,1,1,two_path_selected,stable_two_path_selected,soft_two_path_correction,0.00163230458184571,0.235129545985501,49.2264592316288,0.235129545985501,0.99649409785625,0.99649409785625,0.966481337237039,0.210357327317189,29.2004481591531,0.00146085545610775,4.89659213787075e-05
Light_multipath,10,30,23,20270109,11.2319792264667,10.4680241389298,10.4680241389298,10.4680241389298,10.4923975845571,1.23197922646674,0.468024138929813,0.468024138929813,0.468024138929813,0.492397584557054,1,1,1,two_path_selected,stable_two_path_selected,soft_two_path_correction,0.00164900706141534,0.0854409305229105,31.5601180462431,0.0854409305229105,0.968095708733581,0.968095708733581,0.905244591755757,0.137793398951186,28.5874141699208,0.00137152475841806,0.000129959388400991
Light_multipath,10,30,24,20270109,11.2385045248666,10.401396127253,10.401396127253,11.2385045248666,10.4589655486192,1.23850452486662,0.401396127253005,0.401396127253005,1.23850452486662,0.458965548619151,1,0,1,two_path_selected,unstable_split_fit,soft_two_path_correction,0.00164479634199331,0.938745125087376,40.6958913690369,0.938745125087376,0.931228235757446,0.931228235757446,0.944637609538661,0.152882467611171,27.269639758105,0.00108572206792568,6.01081690569938e-05
Light_multipath,10,30,25,20270109,11.2454370758848,10.1247599524156,10.1247599524156,10.1247599524156,10.1384011444813,1.24543707588484,0.124759952415637,0.124759952415637,0.124759952415637,0.13840114448125,1,1,1,two_path_selected,stable_two_path_selected,soft_two_path_correction,0.00165965137559986,0.0617516257704267,39.2687545015788,0.0617516257704267,0.987827723275563,0.987827723275563,0.939789321628346,0.23196252276785,24.9581353004138,0.00154620372465986,9.30979751625483e-05
Light_multipath,10,30,26,20270109,11.2414439233744,9.73028786961105,9.73028786961105,9.73028786961105,9.76724594208557,1.24144392337441,-0.269712130388951,-0.269712130388951,-0.269712130388951,-0.232754057914432,1,1,1,two_path_selected,stable_two_path_selected,soft_two_path_correction,0.00162809030226184,0.424652508804655,33.686769133253,0.424652508804655,0.975543179420498,0.975543179420498,0.916386766864101,0.316036925148729,24.3923236641557,0.00122294780470011,0.000102254619907427
Light_multipath,10,30,27,20270109,11.2392438457517,10.3201573070307,10.3201573070307,10.3201573070307,10.3224188074167,1.23924384575166,0.320157307030687,0.320157307030687,0.320157307030687,0.3224188074167,1,1,1,two_path_selected,stable_two_path_selected,soft_two_path_correction,0.00165204289424111,0.194781695823256,52.0588144278395,0.194781695823256,0.997539404299013,0.997539404299013,0.971625431974271,0.164317391685396,28.5867383774973,0.00146985381921372,4.17064671811573e-05
Light_multipath,10,30,28,20270109,11.2514748702766,9.84691825991647,9.84691825991647,9.84691825991647,9.85232713059413,1.25147487027656,-0.153081740083529,-0.153081740083529,-0.153081740083529,-0.147672869405868,1,1,1,two_path_selected,stable_two_path_selected,soft_two_path_correction,0.00163505074837242,0.0308849048038446,48.4754930262175,0.0308849048038446,0.996149054699708,0.996149054699708,0.964967476818261,0.279588169306123,25.3501874614623,0.00124989920929752,4.37871230245523e-05
Light_multipath,10,30,29,20270109,11.2558627975766,10.4077041727024,10.4077041727024,10.4077041727024,10.4285813298904,1.2558627975766,0.407704172702413,0.407704172702413,0.407704172702413,0.428581329890358,1,1,1,two_path_selected,stable_two_path_selected,soft_two_path_correction,0.00164844126970173,0.487776277526091,33.6352965775276,0.487776277526091,0.975385315227985,0.975385315227985,0.916133219282921,0.14835211553051,28.4855450942432,0.00117088617818428,9.81984543504399e-05
Light_multipath,10,30,30,20270109,11.251261547189,11.010899345069,11.251261547189,11.251261547189,11.251261547189,1.25126154718903,1.01089934506903,1.25126154718903,1.25126154718903,1.25126154718903,0,0,0,weak_echo,weak_echo,v3_weak_echo,NaN,NaN,NaN,NaN,0,0,0.95046802207785,0.0457084703705592,44.5932453741723,0.00148535107677228,7.35723767413266e-05
Light_multipath,10,30,31,20270109,11.2307292028129,10.1794852374543,10.1794852374543,10.1794852374543,10.205681987244,1.2307292028129,0.179485237454294,0.179485237454294,0.179485237454294,0.205681987243953,1,1,1,two_path_selected,stable_two_path_selected,soft_two_path_correction,0.00163697626533833,0.674030547949847,33.5367529726809,0.674030547949847,0.975080237649001,0.975080237649001,0.915645658418663,0.236068316997907,22.8067351100828,0.00115562637883104,9.7482102300317e-05
Light_multipath,10,30,32,20270109,11.2397541794023,9.96803590835182,9.96803590835182,9.96803590835182,9.97437669083847,1.23975417940233,-0.0319640916481845,-0.0319640916481845,-0.0319640916481845,-0.0256233091615314,1,1,1,two_path_selected,stable_two_path_selected,soft_two_path_correction,0.0016522183876923,0.0852648912347682,46.4089764232336,0.0852648912347682,0.995014003784489,0.995014003784489,0.96043928169449,0.26278330897864,24.5609512993709,0.00126630352017165,5.00958768507864e-05
Light_multipath,10,30,33,20270109,11.2267899715296,10.4112914277934,10.4112914277934,11.2267899715296,10.4694670450323,1.22678997152957,0.41129142779338,0.41129142779338,1.22678997152957,0.469467045032292,1,0,1,two_path_selected,unstable_split_fit,soft_two_path_correction,0.00166061721534076,0.974360787585738,54.1877765746184,0.974360787585738,0.928662512415557,0.928662512415557,0.974965367043372,0.154380871699782,26.7983554050892,0.00115363439958882,2.88808137598462e-05
Light_multipath,10,30,34,20270109,11.2551405677531,10.5107353879083,10.5107353879083,10.5107353879083,10.5231669551802,1.25514056775311,0.51073538790833,0.51073538790833,0.51073538790833,0.523166955180191,1,1,1,two_path_selected,stable_two_path_selected,soft_two_path_correction,0.0016467357289885,0.357869480569502,36.7387719819586,0.357869480569502,0.983299998967696,0.983299998967696,0.930127495341761,0.135538446896947,28.0998953584464,0.00117743170384754,8.22701022118455e-05
Light_multipath,10,30,35,20270109,11.2240230606259,10.2501773966179,10.2501773966179,10.2501773966179,10.288234260744,1.2240230606259,0.250177396617893,0.250177396617893,0.250177396617893,0.288234260743977,1,1,1,two_path_selected,stable_two_path_selected,soft_two_path_correction,0.00164889675583562,0.194354714451913,29.9373709573868,0.194354714451913,0.960921051936037,0.960921051936037,0.89575388096148,0.168999951140284,28.9564022272562,0.00146980208359127,0.000153221162969119
Light_multipath,10,30,36,20270109,11.2339764690179,10.6050203664973,10.6050203664973,10.6050203664973,10.6219297628411,1.23397646901792,0.605020366497254,0.605020366497254,0.605020366497254,0.621929762841075,1,1,1,two_path_selected,stable_two_path_selected,soft_two_path_correction,0.00164876678067598,0.108244247191934,32.9295360068296,0.108244247191934,0.973115140665533,0.973115140665533,0.912578178645491,0.110988092018251,30.2095691082383,0.00133861942837821,0.000117024548529354
Light_multipath,10,30,37,20270109,11.2404471319994,10.6768528377959,10.6768528377959,10.6768528377959,10.6798181231205,1.24044713199936,0.676852837795913,0.676852837795913,0.676852837795913,0.679818123120528,1,1,1,two_path_selected,stable_two_path_selected,soft_two_path_correction,0.00164612643981096,0.404312808054119,45.9788911793134,0.404312808054119,0.994738617201926,0.994738617201926,0.959425662075005,0.10060050353391,30.3669174008232,0.00119183648114829,4.83579761374475e-05
Light_multipath,10,30,38,20270109,11.2196345161857,10.4459669861314,10.4459669861314,10.4459669861314,10.4537207953335,1.21963451618571,0.445966986131374,0.445966986131374,0.445966986131374,0.453720795333453,1,1,1,two_path_selected,stable_two_path_selected,soft_two_path_correction,0.00164210275992982,0.431913473398232,40.8236640081184,0.431913473398232,0.989977853663402,0.989977853663402,0.945052155523504,0.154969164225693,25.6303683776164,0.00114749806670256,6.30525453062525e-05
Light_multipath,10,30,39,20270109,11.2418166728497,10.917361096846,11.2418166728497,11.2418166728497,11.2418166728497,1.24181667284973,0.91736109684603,1.24181667284973,1.24181667284973,1.24181667284973,0,0,0,weak_echo,weak_echo,v3_weak_echo,NaN,NaN,NaN,NaN,0,0,0.962729078823044,0.059305055841083,38.4557858460734,0.00145686250781263,5.42986076943475e-05
Light_multipath,10,30,40,20270109,11.2092229361013,10.4634946088345,10.4634946088345,10.4634946088345,10.4810537791422,1.20922293610127,0.463494608834473,0.463494608834473,0.463494608834473,0.481053779142233,1,1,1,two_path_selected,stable_two_path_selected,soft_two_path_correction,0.00165080441418197,0.749048163612441,33.9902801856815,0.749048163612441,0.976453663263516,0.976453663263516,0.917866316420423,0.157513276779676,24.7322946495664,0.00119542112994986,9.81843408316418e-05
Light_multipath,10,30,41,20270109,11.246905307424,10.8437652907802,11.246905307424,11.246905307424,11.246905307424,1.24690530742403,0.843765290780162,1.24690530742403,1.24690530742403,1.24690530742403,0,0,0,weak_echo,weak_echo,v3_weak_echo,NaN,NaN,NaN,NaN,0,0,0.937557889895018,0.0697772324942043,36.7683582919267,0.00150045254348674,9.36914229276997e-05
Light_multipath,10,30,42,20270109,11.2310319199104,9.98754332975889,9.98754332975889,9.98754332975889,10.0142260959082,1.23103191991043,-0.0124566702411144,-0.0124566702411144,-0.0124566702411144,0.0142260959082119,1,1,1,two_path_selected,stable_two_path_selected,soft_two_path_correction,0.00166696564678987,0.353344231827059,34.7332655454079,0.353344231827059,0.978542009664861,0.978542009664861,0.921378658244709,0.227320714963961,27.779161049939,0.00173034915322545,0.000136042372131717
Light_multipath,10,30,43,20270109,11.2180415309879,10.9477238769755,11.2180415309879,11.2180415309879,11.2180415309879,1.21804153098789,0.947723876975502,1.21804153098789,1.21804153098789,1.21804153098789,0,0,0,weak_echo,weak_echo,v3_weak_echo,NaN,NaN,NaN,NaN,0,0,0.973974319522425,0.0668714175117896,31.0193571186946,0.00123100527860265,3.20377500471203e-05
Light_multipath,10,30,44,20270109,11.2429172718066,10.4547402360569,10.4547402360569,10.4547402360569,10.4637166772255,1.24291727180662,0.454740236056949,0.454740236056949,0.454740236056949,0.463716677225509,1,1,1,two_path_selected,stable_two_path_selected,soft_two_path_correction,0.00165967846474755,0.0437222520805847,39.800953855311,0.0437222520805847,0.98861113587251,0.98861113587251,0.941645068335301,0.148589677350136,27.225800640644,0.00126061199151262,7.35629266204185e-05
Light_multipath,10,30,45,20270109,11.2289131467232,10.7026805359888,10.7026805359888,10.7026805359888,10.7092017961169,1.22891314672316,0.702680535988819,0.702680535988819,0.702680535988819,0.70920179611694,1,1,1,two_path_selected,stable_two_path_selected,soft_two_path_correction,0.00164980416937187,0.70016066393795,39.1254056981372,0.70016066393795,0.987607647274044,0.987607647274044,0.939279461554422,0.106833244742541,27.7815641702046,0.00122833073894379,7.45849038579216e-05
Light_multipath,10,30,46,20270109,11.2342924306187,10.4292821312821,10.4292821312821,11.2342924306187,10.6166405843301,1.23429243061873,0.429282131282125,0.429282131282125,1.23429243061873,0.616640584330133,1,0,1,two_path_selected,unstable_split_fit,soft_two_path_correction,0.00165336826902179,1.64425401377952,48.1076857397245,1.64425401377952,0.767259557793971,0.767259557793971,0.964201263964306,0.143032972621178,28.4711935385924,0.00118581203088719,4.24505718816803e-05
Light_multipath,10,30,47,20270109,11.2495145723811,10.6204337593551,10.6204337593551,10.6204337593551,10.6253478179836,1.24951457238113,0.620433759355134,0.620433759355134,0.620433759355134,0.625347817983618,1,1,1,two_path_selected,stable_two_path_selected,soft_two_path_correction,0.00164372077106316,0.351067193352545,42.8172761767214,0.351067193352545,0.992188509764196,0.992188509764196,0.951132470913939,0.117172633090411,29.3041335022505,0.00144055285514644,7.03962585488771e-05
Light_multipath,10,30,48,20270109,11.2359012972115,10.0345258568619,10.0345258568619,10.0345258568619,10.0489677168532,1.23590129721152,0.0345258568618974,0.0345258568618974,0.0345258568618974,0.0489677168532019,1,1,1,two_path_selected,stable_two_path_selected,soft_two_path_correction,0.00163492610430275,0.0355968392196679,39.3687315699974,0.0355968392196679,0.987978895267659,0.987978895267659,0.940142381678802,0.221243068806612,27.5104875160895,0.00162283695974108,9.71391553337142e-05
Light_multipath,10,30,49,20270109,11.2341899940248,10.4455620191577,10.4455620191577,11.2341899940248,10.4654219636829,1.23418999402483,0.445562019157713,0.445562019157713,1.23418999402483,0.465421963682932,1,0,1,two_path_selected,unstable_split_fit,soft_two_path_correction,0.00163833656577272,0.806763090388376,43.9995062548241,0.806763090388376,0.974817093536954,0.974817093536954,0.954415388006937,0.192137277733333,22.8104842828748,0.0014397335384313,6.56296947227908e-05
Light_multipath,10,30,50,20270109,11.246562253219,10.3954905679109,10.3954905679109,10.3954905679109,10.4009699360827,1.24656225321896,0.395490567910937,0.395490567910937,0.395490567910937,0.400969936082726,1,1,1,two_path_selected,stable_two_path_selected,soft_two_path_correction,0.00165352858366004,0.314640503221961,44.3640525150907,0.314640503221961,0.993561801824242,0.993561801824242,0.95538249344721,0.149446461474103,29.4794324756662,0.00155291866949891,6.92873589123177e-05
Light_multipath,15,30,1,20270109,16.2177323296125,15.3911904854966,15.3911904854966,15.3911904854966,15.4044488632273,1.21773232961245,0.391190485496594,0.391190485496594,0.391190485496594,0.404448863227294,1,1,1,two_path_selected,stable_two_path_selected,soft_two_path_correction,0.0016500691978016,0.026488412146362,37.0609672790409,0.026488412146362,0.983959217763642,0.983959217763642,0.931439295165035,0.146076334737941,27.9845129828254,0.00104386888483177,7.15683864993544e-05
Light_multipath,15,30,2,20270109,16.2306500187209,15.0928878204692,15.0928878204692,15.0928878204692,15.100296191218,1.23065001872094,0.0928878204691639,0.0928878204691639,0.0928878204691639,0.100296191218023,1,1,1,two_path_selected,stable_two_path_selected,soft_two_path_correction,0.00162859638841042,0.340285737580706,44.2736646802967,0.340285737580706,0.993488647486934,0.993488647486934,0.955144633440699,0.202555133121806,27.4890326575858,0.00110651213560486,4.96330074448714e-05
Light_multipath,15,30,3,20270109,16.2307032966485,15.363497788716,15.363497788716,15.363497788716,15.4118776932387,1.23070329664849,0.363497788715971,0.363497788715971,0.363497788715971,0.411877693238667,1,1,1,two_path_selected,stable_two_path_selected,soft_two_path_correction,0.00164488340555342,0.234373578105361,27.0895316029645,0.234373578105361,0.944211719044502,0.944211719044502,0.876742631692659,0.165200638457234,26.8892138420759,0.0014655296192676,0.000180637324047384
Light_multipath,15,30,4,20270109,16.2268910866949,15.52965270524,15.52965270524,16.2268910866949,15.5480160521657,1.22689108669494,0.529652705240039,0.529652705240039,1.22689108669494,0.54801605216567,1,0,1,two_path_selected,unstable_split_fit,soft_two_path_correction,0.00166267610089825,0.794207719475214,39.3898224126989,0.794207719475214,0.973662742307284,0.973662742307284,0.940216597256222,0.152602034893901,24.2355086499384,0.00112949613136881,6.75251221191608e-05
Light_multipath,15,30,5,20270109,16.2319936552475,15.6322457209355,15.6322457209355,15.6322457209355,15.6342256573326,1.23199365524748,0.632245720935472,0.632245720935472,0.632245720935472,0.634225657332555,1,1,1,two_path_selected,stable_two_path_selected,soft_two_path_correction,0.00165368575213085,0.660084823193307,49.7075578876795,0.660084823193307,0.996698719105461,0.996698719105461,0.967416616163433,0.105483305433658,30.2144833014548,0.00114608079309964,3.73431903892829e-05
Light_multipath,15,30,6,20270109,16.2406930960841,15.4725389872654,15.4725389872654,16.2406930960841,15.5677291542419,1.24069309608413,0.472538987265391,0.472538987265391,1.24069309608413,0.567729154241933,1,0,1,two_path_selected,unstable_split_fit,soft_two_path_correction,0.00165137240551702,1.16558284591626,51.7436018087623,1.16558284591626,0.876079336315828,0.876079336315828,0.971094405124422,0.164285072387606,25.530449920396,0.00155760185488618,4.50234081947887e-05
Light_multipath,15,30,7,20270109,16.2377568246298,16.0314929185993,16.2377568246298,16.2377568246298,16.2377568246298,1.23775682462984,1.03149291859934,1.23775682462984,1.23775682462984,1.23775682462984,0,0,0,weak_echo,weak_echo,v3_weak_echo,NaN,NaN,NaN,NaN,0,0,0.961104891034366,0.0428449260695078,40.5808803562727,0.00114107420867704,4.43822056843679e-05
Light_multipath,15,30,8,20270109,16.2520692369077,15.6482775615544,15.6482775615544,15.6482775615544,15.6505911869168,1.2520692369077,0.64827756155443,0.64827756155443,0.64827756155443,0.650591186916754,1,1,1,two_path_selected,stable_two_path_selected,soft_two_path_correction,0.00164257749783766,0.267293535538869,48.5153081190801,0.267293535538869,0.99616817280402,0.99616817280402,0.965049429233282,0.102505923782041,31.7612142727716,0.00126598955180346,4.42470574202325e-05
Light_multipath,15,30,9,20270109,16.2286923976395,15.4737542388513,15.4737542388513,15.4737542388513,15.476103789571,1.22869239763948,0.473754238851292,0.473754238851292,0.473754238851292,0.476103789571029,1,1,1,two_path_selected,stable_two_path_selected,soft_two_path_correction,0.00164164016459199,0.0408377502645259,50.1792936817373,0.0408377502645259,0.996887757371401,0.996887757371401,0.968308348207339,0.137427936038111,29.3800144257393,0.00162654260288675,5.15478217966159e-05
Light_multipath,15,30,10,20270109,16.22567520597,15.3472322793569,15.3472322793569,15.3472322793569,15.3670230043541,1.22567520597003,0.34723227935693,0.34723227935693,0.34723227935693,0.367023004354111,1,1,1,two_path_selected,stable_two_path_selected,soft_two_path_correction,0.00163675892363687,0.526549291160075,34.3435003615307,0.526549291160075,0.977470676355168,0.977470676355168,0.919555255103723,0.164381789490506,26.7167945565313,0.00117672974870442,9.46617244463877e-05
Light_multipath,15,30,11,20270109,16.2295964759435,15.6579676345678,15.6579676345678,15.6579676345678,15.6619126263918,1.22959647594353,0.657967634567754,0.657967634567754,0.657967634567754,0.661912626391837,1,1,1,two_path_selected,stable_two_path_selected,soft_two_path_correction,0.00165296573350355,0.387161457100564,43.8083441618653,0.387161457100564,0.993098683029028,0.993098683029028,0.953899904007177,0.115611650125867,27.8301763935018,0.00137376147302692,6.33305357777836e-05
Light_multipath,15,30,12,20270109,16.2543795235347,15.3181898636711,15.3181898636711,15.3181898636711,15.3196627930183,1.25437952353469,0.31818986367108,0.31818986367108,0.31818986367108,0.319662793018264,1,1,1,two_path_selected,stable_two_path_selected,soft_two_path_correction,0.00165393033716272,0.0125062959931697,55.6365193034617,0.0125062959931697,0.998426676334581,0.998426676334581,0.977010444043654,0.155744320268676,31.5570835088393,0.00191148284405407,4.39441418029762e-05
Light_multipath,15,30,13,20270109,16.2428802484686,15.3675407957091,15.3675407957091,15.3675407957091,15.372230702585,1.24288024846865,0.367540795709104,0.367540795709104,0.367540795709104,0.372230702584993,1,1,1,two_path_selected,stable_two_path_selected,soft_two_path_correction,0.00164822118939718,0.431095454795109,45.8335922461042,0.431095454795109,0.994642184970523,0.994642184970523,0.959077387136058,0.167133955847273,26.6823005442715,0.00128414461660054,5.25505530064585e-05
Light_multipath,15,30,14,20270109,16.2188217281248,15.819630499916,16.2188217281248,16.2188217281248,16.2188217281248,1.2188217281248,0.81963049991602,1.2188217281248,1.2188217281248,1.2188217281248,0,0,0,weak_echo,weak_echo,v3_weak_echo,NaN,NaN,NaN,NaN,0,0,0.95171037646939,0.0761838111930996,33.1916609652725,0.00143159962529094,6.91314069518612e-05
Light_multipath,15,30,15,20270109,16.2452311335604,15.3298142517179,15.3298142517179,16.2452311335604,15.4185419395068,1.24523113356042,0.329814251717938,0.329814251717938,1.24523113356042,0.418541939506829,1,0,1,two_path_selected,unstable_split_fit,soft_two_path_correction,0.00163322600652936,1.01342214994517,36.305487390914,1.01342214994517,0.903074009722972,0.903074009722972,0.928323743064417,0.165557534705979,27.8534373835936,0.00133923502919475,9.59913540496959e-05
Light_multipath,15,30,16,20270109,16.2190051821762,15.4258853069391,15.4258853069391,15.4258853069391,15.4723186969529,1.21900518217617,0.42588530693908,0.42588530693908,0.42588530693908,0.472318696952945,1,1,1,two_path_selected,stable_two_path_selected,soft_two_path_correction,0.00165090052654648,0.361918440313854,26.7036445133009,0.361918440313854,0.941454764325525,0.941454764325525,0.873912786880254,0.156185475424784,26.1465989463695,0.00133563344634768,0.000168406298999502
Light_multipath,15,30,17,20270109,16.2176746111513,15.3088001398797,15.3088001398797,15.3088001398797,15.3157551645312,1.21767461115127,0.308800139879747,0.308800139879747,0.308800139879747,0.315755164531192,1,1,1,two_path_selected,stable_two_path_selected,soft_two_path_correction,0.00164679256160536,0.217111840530414,42.9819409555264,0.217111840530414,0.992347650999906,0.992347650999906,0.951603524753347,0.170994115960339,26.6235008182163,0.00117335456247236,5.67862250382412e-05
Light_multipath,15,30,18,20270109,16.2554328211494,15.3045868437051,15.3045868437051,15.3045868437051,15.3210937944445,1.25543282114939,0.30458684370514,0.30458684370514,0.30458684370514,0.321093794444469,1,1,1,two_path_selected,stable_two_path_selected,soft_two_path_correction,0.00163755839656742,0.639310121114104,36.4285643341882,0.639310121114104,0.9826397217521,0.9826397217521,0.928840792346367,0.175788144526406,26.8041973732221,0.00116703479745728,8.30452714912777e-05
Light_multipath,15,30,19,20270109,16.2358505114282,15.693791490615,15.693791490615,15.693791490615,15.6944732318732,1.23585051142816,0.693791490615034,0.693791490615034,0.693791490615034,0.694473231873218,1,1,1,two_path_selected,stable_two_path_selected,soft_two_path_correction,0.00163186713471184,0.321414255290435,57.4278397596011,0.321414255290435,0.998742311755716,0.998742311755716,0.979309632942696,0.107579505863172,27.5093606833086,0.00107349904479492,2.22110892724725e-05
Light_multipath,15,30,20,20270109,16.2328604773766,15.5548493653057,15.5548493653057,15.5548493653057,15.5566679806625,1.23286047737664,0.554849365305667,0.554849365305667,0.554849365305667,0.556667980662505,1,1,1,two_path_selected,stable_two_path_selected,soft_two_path_correction,0.00163869920519337,0.581646697838018,51.3687060695922,0.581646697838018,0.997317720426023,0.997317720426023,0.970449878331189,0.125688245840897,28.3944895690834,0.00124307418419622,3.67329933863569e-05
Light_multipath,15,30,21,20270109,16.225971508618,14.9864438738836,14.9864438738836,16.225971508618,15.0154944385008,1.22597150861805,-0.0135561261163524,-0.0135561261163524,1.22597150861805,0.015494438500788,1,0,1,two_path_selected,unstable_split_fit,soft_two_path_correction,0.00163402137780557,0.788942975315258,40.2553251756145,0.788942975315258,0.976563197299457,0.976563197299457,0.943184103807748,0.226504696158675,27.1595658176809,0.00129564997282516,7.36135143575289e-05
Light_multipath,15,30,22,20270109,16.2166838860992,15.3135480714416,15.3135480714416,16.2166838860992,15.5241874003802,1.21668388609918,0.313548071441552,0.313548071441552,1.21668388609918,0.524187400380196,1,0,1,two_path_selected,unstable_split_fit,soft_two_path_correction,0.00164354110972029,1.58761524478678,35.645591122174,1.58761524478678,0.766768933841367,0.766768933841367,0.925486748966884,0.17125463223482,26.7281318601647,0.00132974344922143,9.90835074414775e-05
Light_multipath,15,30,23,20270109,16.2460163250838,15.5793265058524,15.5793265058524,15.5793265058524,15.5909653108814,1.2460163250838,0.579326505852372,0.579326505852372,0.579326505852372,0.59096531088144,1,1,1,two_path_selected,stable_two_path_selected,soft_two_path_correction,0.00163147102611932,0.025331565086514,36.3838409825419,0.025331565086514,0.982542398738763,0.982542398738763,0.928653341278788,0.119106176083955,30.7116350205012,0.00170596672390011,0.000121715025639846
Light_multipath,15,30,24,20270109,16.2473250285866,15.410749543199,15.410749543199,15.410749543199,15.4212400747291,1.2473250285866,0.410749543199003,0.410749543199003,0.410749543199003,0.421240074729075,1,1,1,two_path_selected,stable_two_path_selected,soft_two_path_correction,0.00164487258135707,0.648318742957185,39.0307493169356,0.648318742957185,0.987460149486437,0.987460149486437,0.938940425229778,0.150544995403003,28.4054454843065,0.00137275378155532,8.3819762165982e-05
Light_multipath,15,30,25,20270109,16.2414529712232,15.4088545289027,15.4088545289027,16.2414529712232,15.4443289387206,1.24145297122318,0.408854528902685,0.408854528902685,1.24145297122318,0.444328938720634,1,0,1,two_path_selected,unstable_split_fit,soft_two_path_correction,0.00164387525225735,0.839924852129997,38.2017225900918,0.839924852129997,0.957393134535443,0.957393134535443,0.935888977873111,0.170037197186077,25.1486941150232,0.00121300952850945,7.77672807223961e-05
Light_multipath,15,30,26,20270109,16.2253913353334,15.6600350851068,15.6600350851068,16.2253913353334,15.7279854889613,1.2253913353334,0.660035085106848,0.660035085106848,1.2253913353334,0.7279854889613,1,0,1,two_path_selected,unstable_split_fit,soft_two_path_correction,0.0016526698871181,1.12746614467698,41.259312308847,1.12746614467698,0.879809582316951,0.879809582316951,0.946442380066276,0.0875561492116294,36.4267638694906,0.00143130044476592,7.66570452317428e-05
Light_multipath,15,30,27,20270109,16.2276553143022,15.3060379053156,15.3060379053156,15.3060379053156,15.3128975686044,1.22765531430218,0.30603790531557,0.30603790531557,0.30603790531557,0.312897568604358,1,1,1,two_path_selected,stable_two_path_selected,soft_two_path_correction,0.00163757107373576,0.29348705734062,43.2037745796527,0.29348705734062,0.992556929565458,0.992556929565458,0.95223094958779,0.164220948999194,28.7968162690589,0.00155744537390312,7.43976865802409e-05
Light_multipath,15,30,28,20270109,16.2314752972253,15.3078224351323,15.3078224351323,15.3078224351323,15.3095476835871,1.23147529722529,0.307822435132344,0.307822435132344,0.307822435132344,0.309547683587066,1,1,1,two_path_selected,stable_two_path_selected,soft_two_path_correction,0.00164700636522463,0.19880588509168,54.2637219107369,0.19880588509168,0.998132146258051,0.998132146258051,0.975076956637777,0.17187431783399,27.0395667142745,0.00124615972298581,3.10580928122306e-05
Light_multipath,15,30,29,20270109,16.2169433841151,15.1247099027951,15.1247099027951,15.1247099027951,15.1611932770649,1.21694338411508,0.124709902795086,0.124709902795086,0.124709902795086,0.161193277064887,1,1,1,two_path_selected,stable_two_path_selected,soft_two_path_correction,0.00164287377079612,0.449745953659054,31.1929862945891,0.449745953659054,0.966597458424631,0.966597458424631,0.903175999091441,0.193063620659357,27.6062506924048,0.0011277221480599,0.000109190570288353
Light_multipath,15,30,30,20270109,16.2369301978928,15.4785642734704,15.4785642734704,16.2369301978928,15.5095972289671,1.23693019789284,0.478564273470415,0.478564273470415,1.23693019789284,0.509597228967102,1,0,1,two_path_selected,unstable_split_fit,soft_two_path_correction,0.00164080886533995,0.859744244279369,45.1492018866366,0.859744244279369,0.959079179987784,0.959079179987784,0.957396302364489,0.157314305852612,25.4781718738616,0.00130380590139434,5.55469523983998e-05
Light_multipath,15,30,31,20270109,16.232882414501,15.4887585227227,15.4887585227227,15.4887585227227,15.5088827949045,1.23288241450102,0.488758522722719,0.488758522722719,0.488758522722719,0.508882794904546,1,1,1,two_path_selected,stable_two_path_selected,soft_two_path_correction,0.00165883003130625,0.223135664683337,32.8822470752392,0.223135664683337,0.972955750508516,0.972955750508516,0.912334658659606,0.197512295651397,21.585903018656,0.00141034883751834,0.000123638712250074
Light_multipath,15,30,32,20270109,16.2363366797284,15.4489342650927,15.4489342650927,15.4489342650927,15.4519968237646,1.23633667972842,0.448934265092717,0.448934265092717,0.448934265092717,0.451996823764551,1,1,1,two_path_selected,stable_two_path_selected,soft_two_path_correction,0.00162725401116015,0.500985595185043,48.3959096900889,0.500985595185043,0.996110554635204,0.996110554635204,0.964803092047175,0.152154864040067,26.7610713173788,0.00128781351545637,4.53270537639217e-05
Light_multipath,15,30,33,20270109,16.2229724360393,15.4425539372581,15.4425539372581,15.4425539372581,15.4511485660823,1.22297243603927,0.442553937258101,0.442553937258101,0.442553937258101,0.451148566082313,1,1,1,two_path_selected,stable_two_path_selected,soft_two_path_correction,0.0016466276268988,0.276469818492203,40.069542879029,0.276469818492203,0.98898715389546,0.98898715389546,0.942559793516617,0.184419997251712,22.4543551850806,0.00112317764599701,6.45155559035882e-05
Light_multipath,15,30,34,20270109,16.2380492076389,15.4303409193403,15.4303409193403,16.2380492076389,15.5384928741671,1.2380492076389,0.430340919340331,0.430340919340331,1.2380492076389,0.538492874167138,1,0,1,two_path_selected,unstable_split_fit,soft_two_path_correction,0.00165609629054644,1.18243233275368,41.6341596095927,1.18243233275368,0.866100229013833,0.866100229013833,0.947610392514293,0.138139346632017,29.9051142559282,0.00134823244339555,7.06333685089877e-05
Light_multipath,15,30,35,20270109,16.2331586165974,15.6360896226889,15.6360896226889,15.6360896226889,15.6411421053907,1.23315861659743,0.636089622688878,0.636089622688878,0.636089622688878,0.641142105390731,1,1,1,two_path_selected,stable_two_path_selected,soft_two_path_correction,0.00163211903551952,0.398582029229175,42.1772234223388,0.398582029229175,0.991537857846583,0.991537857846583,0.949257526014644,0.110358901143411,29.7476826590761,0.00138798386116346,7.04297349671812e-05
Light_multipath,15,30,36,20270109,16.2336566625268,16.0559394720891,16.2336566625268,16.2336566625268,16.2336566625268,1.23365666252679,1.05593947208905,1.23365666252679,1.23365666252679,1.23365666252679,0,0,0,weak_echo,weak_echo,v3_weak_echo,NaN,NaN,NaN,NaN,0,0,0.95046032758743,0.0423648963711758,38.7095334360878,0.00114157091067768,5.65530489506916e-05
Light_multipath,15,30,37,20270109,16.2316462156526,15.900882129558,16.2316462156526,16.2316462156526,16.2316462156526,1.23164621565256,0.900882129558038,1.23164621565256,1.23164621565256,1.23164621565256,0,0,0,weak_echo,weak_echo,v3_weak_echo,NaN,NaN,NaN,NaN,0,0,0.930621666892488,0.0613487949025188,36.8632498806846,0.00140039060733921,9.71567660366102e-05
Light_multipath,15,30,38,20270109,16.2345598861275,15.2408322796606,15.2408322796606,15.2408322796606,15.2504603897654,1.23455988612755,0.240832279660623,0.240832279660623,0.240832279660623,0.250460389765362,1,1,1,two_path_selected,stable_two_path_selected,soft_two_path_correction,0.00163895891957497,0.0620873430892637,41.0942094047793,0.0620873430892637,0.990311117410766,0.990311117410766,0.94591969789473,0.182616495744967,27.2132793515439,0.00129452701551713,7.00084120826006e-05
Light_multipath,15,30,39,20270109,16.2192484738303,15.3041662595611,15.3041662595611,15.3041662595611,15.3161957687634,1.21924847383032,0.304166259561086,0.304166259561086,0.304166259561086,0.316195768763366,1,1,1,two_path_selected,stable_two_path_selected,soft_two_path_correction,0.00164496393700559,0.336883687621869,38.6532094524843,0.336883687621869,0.986854176581405,0.986854176581405,0.937569230770291,0.188141504871079,24.7148347058536,0.00119612588019447,7.46750587961031e-05
Light_multipath,15,30,40,20270109,16.2467235456173,15.561159289227,15.561159289227,15.561159289227,15.5624237197995,1.24672354561735,0.56115928922698,0.56115928922698,0.56115928922698,0.562423719799451,1,1,1,two_path_selected,stable_two_path_selected,soft_two_path_correction,0.00164943323287296,0.174025234876639,54.3649628051361,0.174025234876639,0.998155635214812,0.998155635214812,0.975224940916336,0.125447229689589,28.2447067551669,0.00111088108928592,2.75221446219831e-05
Light_multipath,15,30,41,20270109,16.2459786075711,15.1957684619829,15.1957684619829,15.1957684619829,15.2036543984437,1.24597860757108,0.195768461982873,0.195768461982873,0.195768461982873,0.203654398443671,1,1,1,two_path_selected,stable_two_path_selected,soft_two_path_correction,0.00165035764487249,0.432043252769311,43.133316668595,0.432043252769311,0.992491087146771,0.992491087146771,0.952032555947903,0.208610858964144,24.9653099611636,0.00107271571918122,5.14554312436299e-05
Light_multipath,15,30,42,20270109,16.2321582713969,15.4017114901757,15.4017114901757,15.4017114901757,15.4171643689266,1.2321582713969,0.4017114901757,0.4017114901757,0.4017114901757,0.417164368926612,1,1,1,two_path_selected,stable_two_path_selected,soft_two_path_correction,0.00163329095586378,0.0400536123737893,35.8733482694816,0.0400536123737893,0.981392090257501,0.981392090257501,0.926478381183184,0.154890119274378,27.5568707259176,0.00140293523694868,0.000103146069715621
Light_multipath,15,30,43,20270109,16.2336302737581,15.4300221150249,15.4300221150249,15.4300221150249,15.4442705469118,1.23363027375808,0.430022115024911,0.430022115024911,0.430022115024911,0.444270546911751,1,1,1,two_path_selected,stable_two_path_selected,soft_two_path_correction,0.00164803647269933,0.562695189613684,36.2597194239021,0.562695189613684,0.982269428536787,0.982269428536787,0.928130513862492,0.137302454121649,30.1491064702323,0.00144183608742865,0.000103624018698012
Light_multipath,15,30,44,20270109,16.2312262783405,15.0429296016382,15.0429296016382,15.0429296016382,15.0569037101395,1.23122627834047,0.0429296016382139,0.0429296016382139,0.0429296016382139,0.0569037101395082,1,1,1,two_path_selected,stable_two_path_selected,soft_two_path_correction,0.00163910921758389,0.222694251961196,39.5445597759777,0.222694251961196,0.988240219151268,0.988240219151268,0.940758288584797,0.222554892757734,26.4127764807546,0.00120777981456621,7.15509432276384e-05
Light_multipath,15,30,45,20270109,16.2290160442705,15.4945691391488,15.4945691391488,16.2290160442705,15.5242806581668,1.22901604427048,0.494569139148794,0.494569139148794,1.22901604427048,0.524280658166838,1,0,1,two_path_selected,unstable_split_fit,soft_two_path_correction,0.00164305383562721,0.851279486917752,42.5665569372202,0.851279486917752,0.95954572235127,0.95954572235127,0.950406422492732,0.154727035144599,25.1181887362596,0.00125471538125366,6.22258245097651e-05
Light_multipath,15,30,46,20270109,16.2499345696703,15.6507756021079,15.6507756021079,15.6507756021079,15.6546210845258,1.2499345696703,0.650775602107885,0.650775602107885,0.650775602107885,0.654621084525756,1,1,1,two_path_selected,stable_two_path_selected,soft_two_path_correction,0.00164052974139149,0.270283007958,44.3890231182694,0.270283007958,0.993581866205699,0.993581866205699,0.955447982165115,0.11474875256086,28.0729260856979,0.00121334177370458,5.40568243418971e-05
Light_multipath,15,30,47,20270109,16.2396507332751,15.2735560627484,15.2735560627484,16.2396507332751,15.4039219948717,1.23965073327513,0.273556062748403,0.273556062748403,1.23965073327513,0.403921994871743,1,0,1,two_path_selected,unstable_split_fit,soft_two_path_correction,0.00163873299661896,1.12862987472381,33.2708019127437,1.12862987472381,0.865058843506235,0.865058843506235,0.91431562741923,0.163124345136337,29.371524793517,0.00126165095449182,0.000108103770451562
Light_multipath,15,30,48,20270109,16.2216989604351,15.0320602157605,15.0320602157605,16.2216989604351,15.167895681816,1.22169896043509,0.0320602157605308,0.0320602157605308,1.22169896043509,0.167895681816049,1,0,1,two_path_selected,unstable_split_fit,soft_two_path_correction,0.00164453869168744,1.11482897238623,44.3393564646051,1.11482897238623,0.885817886594912,0.885817886594912,0.955317630098109,0.239439841432473,25.5530500402919,0.00156302037022482,6.98394543465763e-05
Light_multipath,15,30,49,20270109,16.2358146486862,15.1242941379326,15.1242941379326,16.2358146486862,15.2482153348127,1.2358146486862,0.124294137932603,0.124294137932603,1.2358146486862,0.248215334812729,1,0,1,two_path_selected,unstable_split_fit,soft_two_path_correction,0.00164644184968327,1.01258339399736,31.1176691982502,1.01258339399736,0.88851200163989,0.88851200163989,0.902746076685379,0.207019344439723,26.6577351065613,0.00129822519016676,0.000126257493089588
Light_multipath,15,30,50,20270109,16.2381456269253,15.3313631190641,15.3313631190641,15.3313631190641,15.3411216914128,1.23814562692529,0.331363119064086,0.331363119064086,0.331363119064086,0.341121691412807,1,1,1,two_path_selected,stable_two_path_selected,soft_two_path_correction,0.00164132965745786,0.635609708590263,40.2540521160331,0.635609708590263,0.989238243719834,0.989238243719834,0.943179848941316,0.179668532480015,25.5334152738514,0.00121842537375771,6.92311137906465e-05
Light_multipath,20,30,1,20270109,21.2304498432289,20.1733404484076,20.1733404484076,20.1733404484076,20.1784507029214,1.23044984322885,0.173340448407558,0.173340448407558,0.173340448407558,0.178450702921367,1,1,1,two_path_selected,stable_two_path_selected,soft_two_path_correction,0.00164097432497543,0.174514264740573,46.6563541288439,0.174514264740573,0.995165822441041,0.995165822441041,0.961010786372717,0.186326754927014,28.2644041555013,0.00132459386390971,5.16448731293639e-05
Light_multipath,20,30,2,20270109,21.2263640091599,20.2997778923362,20.2997778923362,20.2997778923362,20.3067953223661,1.22636400915985,0.299777892336195,0.299777892336195,0.299777892336195,0.306795322366128,1,1,1,two_path_selected,stable_two_path_selected,soft_two_path_correction,0.00164110385324331,0.451138873494791,43.0648794523219,0.451138873494791,0.992426575466091,0.992426575466091,0.951839063303832,0.171528442636934,27.1404405695835,0.0012569691562978,6.05368119654948e-05
Light_multipath,20,30,3,20270109,21.2225173618871,20.0154990259758,20.0154990259758,20.0154990259758,20.0644079929014,1.22251736188708,0.0154990259758137,0.0154990259758137,0.0154990259758137,0.064407992901419,1,1,1,two_path_selected,stable_two_path_selected,soft_two_path_correction,0.00163158651071894,0.0915255755406044,29.6475812792827,0.0915255755406044,0.95947951620082,0.95947951620082,0.893961622105856,0.251257651808703,24.4901303981214,0.00141245822689284,0.000149774779222955
Light_multipath,20,30,4,20270109,21.2338694026509,20.608346487086,20.608346487086,21.2338694026509,20.6462210650833,1.23386940265091,0.608346487086045,0.608346487086045,1.23386940265091,0.646221065083267,1,0,1,two_path_selected,unstable_split_fit,soft_two_path_correction,0.00165601309474409,0.858080990422394,32.9838182147031,0.858080990422394,0.939451334148136,0.939451334148136,0.912856877543032,0.111723614714957,29.2105186135743,0.00115312064871342,0.000100486533898492
Light_multipath,20,30,5,20270109,21.2280950178365,19.8098881787216,19.8098881787216,19.8098881787216,19.8224557882361,1.22809501783648,-0.190111821278435,-0.190111821278435,-0.190111821278435,-0.177544211763863,1,1,1,two_path_selected,stable_two_path_selected,soft_two_path_correction,0.00163918650921372,0.0726371577276481,41.8082058607443,0.0726371577276481,0.991138380405487,0.991138380405487,0.948144021776474,0.260385145397332,27.4903969764429,0.00153644956865429,7.9674095373683e-05
Light_multipath,20,30,6,20270109,21.239193096252,19.739886975968,19.739886975968,21.239193096252,19.9670917222097,1.23919309625196,-0.260113024031995,-0.260113024031995,1.23919309625196,-0.0329082777903373,1,0,1,two_path_selected,unstable_split_fit,soft_two_path_correction,0.00164303891910666,1.26023146270173,43.4292093851949,1.26023146270173,0.848460068849297,0.848460068849297,0.952860227192909,0.308668544834564,24.684863109617,0.00120491666170675,5.67994976843345e-05
Light_multipath,20,30,7,20270109,21.2281955502023,20.8950032452119,21.2281955502023,21.2281955502023,21.2281955502023,1.22819555020225,0.895003245211925,1.22819555020225,1.22819555020225,1.22819555020225,0,0,0,weak_echo,weak_echo,v3_weak_echo,NaN,NaN,NaN,NaN,0,0,0.95070407797014,0.0663853220655218,35.532132780006,0.00157668097142594,7.77239422333764e-05
Light_multipath,20,30,8,20270109,21.2406018613966,20.7674216957454,21.2406018613966,21.2406018613966,21.2406018613966,1.24060186139665,0.767421695745369,1.24060186139665,1.24060186139665,1.24060186139665,0,0,0,weak_echo,weak_echo,v3_weak_echo,NaN,NaN,NaN,NaN,0,0,0.897821866484927,0.0782889787845072,35.1250438393965,0.00136932060047235,0.000139914623140003
Light_multipath,20,30,9,20270109,21.2340658494603,20.7820323498555,20.7820323498555,20.7820323498555,20.790766426386,1.23406584946026,0.782032349855474,0.782032349855474,0.782032349855474,0.790766426386021,1,1,1,two_path_selected,stable_two_path_selected,soft_two_path_correction,0.00164996776693142,0.53508024583715,35.5721925908799,0.53508024583715,0.98067825385025,0.98067825385025,0.925164337971582,0.087522919316195,30.4590700653046,0.00132528472188698,9.91785595385597e-05
Light_multipath,20,30,10,20270109,21.2265044080689,20.0623563273481,20.0623563273481,21.2265044080689,20.3594480762068,1.22650440806894,0.0623563273480556,0.0623563273480556,1.22650440806894,0.359448076206778,1,0,1,two_path_selected,unstable_split_fit,soft_two_path_correction,0.00164768774207572,1.5947866049116,28.7258099121568,1.5947866049116,0.744799004715317,0.744799004715317,0.888053292818515,0.236669474425059,24.5935192035644,0.0012227551497368,0.000136883412702238
Light_multipath,20,30,11,20270109,21.227596694965,20.1944564460725,20.1944564460725,20.1944564460725,20.1989637871559,1.22759669496501,0.194456446072536,0.194456446072536,0.194456446072536,0.1989637871559,1,1,1,two_path_selected,stable_two_path_selected,soft_two_path_correction,0.0016421394129124,0.0834852650110172,47.4772064720733,0.0834852650110172,0.995637241808946,0.995637241808946,0.962848668850852,0.190436499076327,27.5810936941926,0.00151951866457245,5.64521410948426e-05
Light_multipath,20,30,12,20270109,21.2392198832519,20.1460228388085,20.1460228388085,20.1460228388085,20.1636159294135,1.23921988325191,0.146022838808506,0.146022838808506,0.146022838808506,0.163615929413531,1,1,1,two_path_selected,stable_two_path_selected,soft_two_path_correction,0.00163847594922621,0.306295580788763,37.0348440381017,0.306295580788763,0.983906752497685,0.983906752497685,0.93133385959927,0.230396601988517,23.9399466034845,0.00118119420642882,8.11080472191694e-05
Light_multipath,20,30,13,20270109,21.2258270758543,20.3069304355183,20.3069304355183,20.3069304355183,20.3124096259973,1.22582707585427,0.306930435518332,0.306930435518332,0.306930435518332,0.312409625997251,1,1,1,two_path_selected,stable_two_path_selected,soft_two_path_correction,0.00164690944209097,0.0457497203312798,44.9777302327759,0.0457497203312798,0.994037206973663,0.994037206973663,0.956964402745931,0.160947729454986,28.5153243851102,0.00124915621434774,5.37581837480872e-05
Light_multipath,20,30,14,20270109,21.2256266238739,20.2314360616064,20.2314360616064,20.2314360616064,20.2475438465258,1.22562662387394,0.231436061606445,0.231436061606445,0.231436061606445,0.24754384652584,1,1,1,two_path_selected,stable_two_path_selected,soft_two_path_correction,0.00163453319400866,0.115497959665468,36.9810096826712,0.115497959665468,0.983798091099702,0.983798091099702,0.931116068031704,0.180795542705292,28.0993361107366,0.00161461418787323,0.000111220973872506
Light_multipath,20,30,15,20270109,21.2227443334678,20.6130767510535,20.6130767510535,21.2227443334678,20.6524718376277,1.22274433346782,0.613076751053526,0.613076751053526,1.22274433346782,0.652471837627711,1,0,1,two_path_selected,unstable_split_fit,soft_two_path_correction,0.00163616054888289,0.925348230855647,40.8856790276808,0.925348230855647,0.935382677855069,0.935382677855069,0.945252236926566,0.105495108202619,31.6514066374873,0.00144414374208113,7.90636394354394e-05
Light_multipath,20,30,16,20270109,21.2171309208267,20.0519952545567,20.0519952545567,20.0519952545567,20.0667047184971,1.21713092082667,0.0519952545566937,0.0519952545566937,0.0519952545566937,0.0667047184971032,1,1,1,two_path_selected,stable_two_path_selected,soft_two_path_correction,0.00164806090986349,0.40611033234655,38.9768137508227,0.40611033234655,0.987375320860703,0.987375320860703,0.938746395081077,0.232464821690174,25.0212123067113,0.0011812365903241,7.23549994194883e-05
Light_multipath,20,30,17,20270109,21.2514271989697,20.5017501383583,20.5017501383583,20.5017501383583,20.5201231572724,1.25142719896967,0.501750138358268,0.501750138358268,0.501750138358268,0.520123157272408,1,1,1,two_path_selected,stable_two_path_selected,soft_two_path_correction,0.00164420869785891,0.0297374827052508,33.670074422881,0.0297374827052508,0.975492088687954,0.975492088687954,0.916304614843493,0.138161724867579,27.4772837754884,0.00113743031018165,9.51976678993383e-05
Light_multipath,20,30,18,20270109,21.2281784083111,20.4616605361794,20.4616605361794,21.2281784083111,20.5158697615356,1.22817840831114,0.461660536179437,0.461660536179437,1.22817840831114,0.515869761535551,1,0,1,two_path_selected,unstable_split_fit,soft_two_path_correction,0.00162901411986553,0.958292285594226,44.6644990529829,0.958292285594226,0.929278589153627,0.929278589153627,0.956164105984167,0.140186025933167,28.0541435709346,0.00124797830011203,5.47062444977708e-05
Light_multipath,20,30,19,20270109,21.2383006045478,20.64916795836,20.64916795836,20.64916795836,20.6577116384326,1.2383006045478,0.64916795836001,0.64916795836001,0.64916795836001,0.657711638432559,1,1,1,two_path_selected,stable_two_path_selected,soft_two_path_correction,0.00164400976449448,0.328998531901313,37.8676762177926,0.328998531901313,0.985497866859302,0.985497866859302,0.934616751415148,0.108909175288294,29.2555526076693,0.0012513249213908,8.18156883957144e-05
Light_multipath,20,30,20,20270109,21.2193737855473,20.0214740593054,20.0214740593054,20.0214740593054,20.0313849452233,1.21937378554732,0.0214740593054259,0.0214740593054259,0.0214740593054259,0.0313849452233477,1,1,1,two_path_selected,stable_two_path_selected,soft_two_path_correction,0.00163849346949896,0.0222197768053647,42.3575306679999,0.0222197768053647,0.991726447797919,0.991726447797919,0.949792872308674,0.226572190986646,26.3934507019755,0.00130993171958371,6.57679091120578e-05
Light_multipath,20,30,21,20270109,21.2278640954511,20.3317995717329,20.3317995717329,20.3317995717329,20.3332249781399,1.22786409545105,0.331799571732866,0.331799571732866,0.331799571732866,0.333224978139913,1,1,1,two_path_selected,stable_two_path_selected,soft_two_path_correction,0.00164272550358966,0.386566067591385,55.5484436197867,0.386566067591385,0.998409259189135,0.998409259189135,0.976891027858455,0.164452668540353,28.0232340156463,0.0014649177388848,3.38527432175439e-05
Light_multipath,20,30,22,20270109,21.2361187549857,20.9197403643095,21.2361187549857,21.2361187549857,21.2361187549857,1.23611875498573,0.919740364309519,1.23611875498573,1.23611875498573,1.23611875498573,0,0,0,weak_echo,weak_echo,v3_weak_echo,NaN,NaN,NaN,NaN,0,0,0.940075046439527,0.0662054131266865,36.1027329605822,0.00183139139189947,0.000109746044110626
Light_multipath,20,30,23,20270109,21.2140892244961,20.0258744505013,20.0258744505013,21.2140892244961,20.0768260744025,1.21408922449612,0.0258744505013482,0.0258744505013482,1.21408922449612,0.07682607440249,1,0,1,two_path_selected,unstable_split_fit,soft_two_path_correction,0.00166048796379504,0.862186105460594,43.5936928717781,0.862186105460594,0.957119179952761,0.957119179952761,0.953314128625022,0.241106535865597,24.6652975367005,0.00115752525148682,5.40400750042025e-05
Light_multipath,20,30,24,20270109,21.2094985102196,20.310162784682,20.310162784682,20.310162784682,20.3201092772697,1.20949851021964,0.310162784681992,0.310162784681992,0.310162784681992,0.320109277269651,1,1,1,two_path_selected,stable_two_path_selected,soft_two_path_correction,0.00164196199736663,0.104470767553003,40.0354913823821,0.104470767553003,0.988940178505962,0.988940178505962,0.942444623799295,0.15260807097837,28.9129659937217,0.0010374635137862,5.97116028304701e-05
Light_multipath,20,30,25,20270109,21.2340560345232,20.576752337433,20.576752337433,20.576752337433,20.680397976796,1.23405603452323,0.576752337433014,0.576752337433014,0.576752337433014,0.680397976796041,1,1,1,two_path_selected,stable_two_path_selected,soft_two_path_correction,0.00163839079069826,0.136578673590527,18.7773471416382,0.136578673590527,0.842316968819967,0.842316968819967,0.799015734942375,0.120703269394537,28.0930703193547,0.00132809301351067,0.000266925798248607
Light_multipath,20,30,26,20270109,21.2196299191095,20.1635552335421,20.1635552335421,20.1635552335421,20.1651443725174,1.21962991910948,0.163555233542084,0.163555233542084,0.163555233542084,0.165144372517389,1,1,1,two_path_selected,stable_two_path_selected,soft_two_path_correction,0.00164697508901432,0.171042768176846,55.9929747371536,0.171042768176846,0.998495239970218,0.998495239970218,0.977487469681153,0.192035184137225,27.7049288909743,0.00141159681587943,3.17786161154743e-05
Light_multipath,20,30,27,20270109,21.2251470115961,20.0808314687167,20.0808314687167,20.0808314687167,20.1297321820142,1.22514701159611,0.0808314687167098,0.0808314687167098,0.0808314687167098,0.129732182014152,1,1,1,two_path_selected,stable_two_path_selected,soft_two_path_correction,0.00164120871174252,0.325483546032864,29.2221597989464,0.325483546032864,0.957266408202062,0.957266408202062,0.891274552196884,0.231181077565247,24.645232738203,0.00118188220683346,0.000128500672188503
Light_multipath,20,30,28,20270109,21.2289249325699,20.9386417058259,21.2289249325699,21.2289249325699,21.2289249325699,1.2289249325699,0.938641705825908,1.2289249325699,1.2289249325699,1.2289249325699,0,0,0,weak_echo,weak_echo,v3_weak_echo,NaN,NaN,NaN,NaN,0,0,0.960131244080883,0.0548560083914029,40.6927197919291,0.00154568542747602,6.16245550357775e-05
Light_multipath,20,30,29,20270109,21.2418539058006,20.434377112649,20.434377112649,20.434377112649,20.4437385430773,1.24185390580056,0.434377112649045,0.434377112649045,0.434377112649045,0.443738543077323,1,1,1,two_path_selected,stable_two_path_selected,soft_two_path_correction,0.00162798169596822,0.138267524135216,39.658529705643,0.138267524135216,0.988406564117166,0.988406564117166,0.941154123399302,0.131678822092332,31.7615125819633,0.00140087253335075,8.24355722308656e-05
Light_multipath,20,30,30,20270109,21.2154271633094,20.3971135344516,20.3971135344516,21.2154271633094,20.4387688620283,1.21542716330937,0.397113534451634,0.397113534451634,1.21542716330937,0.438768862028276,1,0,1,two_path_selected,unstable_split_fit,soft_two_path_correction,0.00162808860618799,0.901108382621288,50.2149405759036,0.901108382621288,0.949096133673362,0.949096133673362,0.968374732051749,0.132546865874043,31.8749177720646,0.00143457950418013,4.53689612127661e-05
Light_multipath,20,30,31,20270109,21.2092484406819,20.6503367911725,20.6503367911725,21.2092484406819,20.7010568793342,1.20924844068188,0.650336791172464,0.650336791172464,1.20924844068188,0.701056879334153,1,0,1,two_path_selected,unstable_split_fit,soft_two_path_correction,0.00164574271593819,1.01933852803182,41.582012326649,1.01933852803182,0.909252046891113,0.909252046891113,0.947449441330598,0.0960650022998669,32.3441653393795,0.00140538531263834,7.38537833249175e-05
Light_multipath,20,30,32,20270109,21.2273394626209,20.186124173026,20.186124173026,20.186124173026,20.2038713431155,1.22733946262093,0.186124173026009,0.186124173026009,0.186124173026009,0.203871343115466,1,1,1,two_path_selected,stable_two_path_selected,soft_two_path_correction,0.00163941751345634,0.226296745720944,36.5753422877709,0.226296745720944,0.982955330884199,0.982955330884199,0.929452536053959,0.194380873252365,26.9701291895924,0.00142308023659554,0.000100394701683548
Light_multipath,20,30,33,20270109,21.242228409927,20.8234020876718,21.242228409927,21.242228409927,21.242228409927,1.24222840992701,0.823402087671845,1.24222840992701,1.24222840992701,1.24222840992701,0,0,0,weak_echo,weak_echo,v3_weak_echo,NaN,NaN,NaN,NaN,0,0,0.92539249893432,0.0767560703557077,32.5564950063268,0.00125121682959883,9.33501609476917e-05
Light_multipath,20,30,34,20270109,21.2251364953122,20.2286720429606,20.2286720429606,20.2286720429606,20.2813353505998,1.22513649531216,0.228672042960561,0.228672042960561,0.228672042960561,0.281335350599836,1,1,1,two_path_selected,stable_two_path_selected,soft_two_path_correction,0.00163182210532626,0.416650051610581,27.522356025525,0.416650051610581,0.947149838095084,0.947149838095084,0.879841184003211,0.207449116896372,24.1171194734077,0.0011672880154725,0.000140259945866417
Light_multipath,20,30,35,20270109,21.2445598718517,20.5832304706423,20.5832304706423,20.5832304706423,20.5846618923364,1.24455987185175,0.583230470642256,0.583230470642256,0.583230470642256,0.584661892336428,1,1,1,two_path_selected,stable_two_path_selected,soft_two_path_correction,0.00163576468413533,0.135736532047567,53.0846712903132,0.135736532047567,0.997835539004386,0.997835539004386,0.973287042946401,0.110521510706709,31.2249649069276,0.00116375448501538,3.10873235791487e-05
Light_multipath,20,30,36,20270109,21.2111496592113,20.8182036893365,21.2111496592113,21.2111496592113,21.2111496592113,1.21114965921125,0.818203689336528,1.21114965921125,1.21114965921125,1.21114965921125,0,0,0,weak_echo,weak_echo,v3_weak_echo,NaN,NaN,NaN,NaN,0,0,0.952115440528593,0.0684917752732664,35.4241149074312,0.0012469495621088,5.97096304646438e-05
Light_multipath,20,30,37,20270109,21.2538530990001,20.6524571599307,20.6524571599307,20.6524571599307,20.6541044831885,1.25385309900007,0.652457159930719,0.652457159930719,0.652457159930719,0.654104483188508,1,1,1,two_path_selected,stable_two_path_selected,soft_two_path_correction,0.00165186278165756,0.534360718882226,51.2008145237195,0.534360718882226,0.997260834084881,0.997260834084881,0.970156596279883,0.100868183069141,34.0933150600367,0.00177625669837078,5.3009545760041e-05
Light_multipath,20,30,38,20270109,21.2469648908885,20.4961461877804,20.4961461877804,20.4961461877804,20.5089937500993,1.24696489088853,0.49614618778039,0.49614618778039,0.49614618778039,0.508993750099304,1,1,1,two_path_selected,stable_two_path_selected,soft_two_path_correction,0.00164656661652159,0.0366082330040385,36.5440809981668,0.0366082330040385,0.982888595787866,0.982888595787866,0.929322687012579,0.127690192392444,30.4687104658535,0.00137826065225743,9.74117594978452e-05
Light_multipath,20,30,39,20270109,21.2383007089166,20.3318553475978,20.3318553475978,20.3318553475978,20.3388457242832,1.23830070891658,0.331855347597752,0.331855347597752,0.331855347597752,0.338845724283225,1,1,1,two_path_selected,stable_two_path_selected,soft_two_path_correction,0.00164036406971129,0.12030106807654,42.9199704804674,0.12030106807654,0.992288143352289,0.992288143352289,0.951426782068106,0.161332396233327,28.6106231405474,0.00144509100543866,7.0192720338591e-05
Light_multipath,20,30,40,20270109,21.2184052008411,20.0656490655638,20.0656490655638,20.0656490655638,20.0815542898334,1.21840520084114,0.0656490655638038,0.0656490655638038,0.0656490655638038,0.0815542898334485,1,1,1,two_path_selected,stable_two_path_selected,soft_two_path_correction,0.00164490686930003,0.430778897273832,38.2661069415406,0.430778897273832,0.986202437980677,0.986202437980677,0.936131327279057,0.21261280819253,26.503988286186,0.00107623461393591,6.87376763284231e-05
Light_multipath,20,30,41,20270109,21.2246640622894,20.3688987525003,20.3688987525003,21.2246640622894,20.6035345538664,1.22466406228939,0.368898752500293,0.368898752500293,1.22466406228939,0.603534553866417,1,0,1,two_path_selected,unstable_split_fit,soft_two_path_correction,0.00166109853120909,1.75528005739871,31.798982929515,1.75528005739871,0.725817582598728,0.725817582598728,0.906566678211355,0.159557614722837,27.668932951606,0.00151980077485137,0.00014200003485132
Light_multipath,20,30,42,20270109,21.2355576099778,20.5268757190621,20.5268757190621,20.5268757190621,20.5308116978272,1.23555760997779,0.52687571906214,0.52687571906214,0.52687571906214,0.530811697827204,1,1,1,two_path_selected,stable_two_path_selected,soft_two_path_correction,0.00162727743877176,0.158993175300939,45.5459773506433,0.158993175300939,0.994446057087789,0.994446057087789,0.958379147017585,0.115649165410092,31.2278626591442,0.00108297296487891,4.50742585551556e-05
Light_multipath,20,30,43,20270109,21.2417134890222,20.5126638323914,20.5126638323914,20.5126638323914,20.5287672328479,1.24171348902224,0.512663832391397,0.512663832391397,0.512663832391397,0.528767232847947,1,1,1,two_path_selected,stable_two_path_selected,soft_two_path_correction,0.00165027329782371,0.044155222487845,34.5016911008815,0.044155222487845,0.977911792001977,0.977911792001977,0.920300348564322,0.116149933864568,32.1933214452705,0.00119976910625397,9.56211795717365e-05
Light_multipath,20,30,44,20270109,21.2342642071116,20.389956931636,20.389956931636,20.389956931636,20.3968937091982,1.23426420711162,0.389956931636029,0.389956931636029,0.389956931636029,0.396893709198206,1,1,1,two_path_selected,stable_two_path_selected,soft_two_path_correction,0.00163686201590744,0.565520387296942,42.4134332827084,0.565520387296942,0.991784060420099,0.991784060420099,0.94995770171999,0.14442603148851,29.75821481048,0.00135478760587793,6.77966854794043e-05
Light_multipath,20,30,45,20270109,21.2176553380338,20.1402374861133,20.1402374861133,21.2176553380338,20.2713033902372,1.21765533803376,0.140237486113307,0.140237486113307,1.21765533803376,0.271303390237225,1,0,1,two_path_selected,unstable_split_fit,soft_two_path_correction,0.00163934084636054,1.16049857323339,56.230317434493,1.16049857323339,0.878351835464486,0.878351835464486,0.977799590778268,0.212859282941185,26.0415517822766,0.00153532028674586,3.40847386521848e-05
Light_multipath,20,30,46,20270109,21.2429916704533,20.7676701763421,21.2429916704533,21.2429916704533,21.2429916704533,1.24299167045326,0.767670176342122,1.24299167045326,1.24299167045326,1.24299167045326,0,0,0,weak_echo,weak_echo,v3_weak_echo,NaN,NaN,NaN,NaN,0,0,0.948699812515928,0.0784044201307055,34.7920564814428,0.00119164560372753,6.11316428857922e-05
Light_multipath,20,30,47,20270109,21.2517432132568,20.3904782973821,20.3904782973821,20.3904782973821,20.3984566107161,1.25174321325681,0.390478297382082,0.390478297382082,0.390478297382082,0.39845661071611,1,1,1,two_path_selected,stable_two_path_selected,soft_two_path_correction,0.00163840784369136,0.0239596021291248,41.4534009085957,0.0239596021291248,0.990736516503839,0.990736516503839,0.947050368851138,0.173820621917932,25.0123222003081,0.00109869120878936,5.81752942518943e-05
Light_multipath,20,30,48,20270109,21.2338330278959,19.8183219491173,19.8183219491173,21.2338330278959,20.0653818088618,1.23383302789587,-0.181678050882674,-0.181678050882674,1.23383302789587,0.0653818088618188,1,0,1,two_path_selected,unstable_split_fit,soft_two_path_correction,0.00163541622988229,1.32206288332525,36.5344139398773,1.32206288332525,0.825462433004988,0.825462433004988,0.929282484894692,0.26592960245038,26.3465301695227,0.00113735520558822,8.04309339312859e-05
Light_multipath,20,30,49,20270109,21.2313762631241,19.1984109979959,19.1984109979959,21.2313762631241,19.3722674500831,1.23137626312407,-0.801589002004064,-0.801589002004064,1.23137626312407,-0.627732549916942,1,0,1,two_path_selected,unstable_split_fit,soft_two_path_correction,0.00165079778611331,0.990483949691541,39.2422803462211,0.990483949691541,0.914481346499463,0.914481346499463,0.939695482293666,0.406287974091509,26.4140752864772,0.00140651937063341,8.48194722906648e-05
Light_multipath,20,30,50,20270109,21.2327610413109,19.9825228736164,19.9825228736164,21.2327610413109,20.1705296305226,1.23276104131086,-0.0174771263836107,-0.0174771263836107,1.23276104131086,0.170529630522555,1,0,1,two_path_selected,unstable_split_fit,soft_two_path_correction,0.0016351200801168,1.16197629775785,31.1216147328788,1.16197629775785,0.849623246382836,0.849623246382836,0.902768645755788,0.235173597686832,26.6946543023923,0.00152514301808671,0.000148291721064675
