Plan,Echo,Bandwidth_MHz,ToneCount,ExcessDelay_ns,EchoAmplitude,Btau,Distance_m,SNR_dB,Trial,Seed,Baseline_m,V2_m,V3_m,BaselineError_m,V2Error_m,V3Error_m,V3Selected,RelativeImprovement,FitEchoAmplitude,FitDelay_ns,FitSingleCost,FitTwoPathCost,FitEligible,FitReason
uniform_16MHz,LOS,16,17,0,0,0,3,0,1,20270209,2.93667282529754,2.91425719161108,2.93667282529754,-0.0633271747024615,-0.0857428083889182,-0.0633271747024615,0,0.1434013798363,0.0218643761365777,99.9999999958177,0.00590151431260555,0.00505522901705424,1,candidate_diagnostic_only
uniform_16MHz,LOS,16,17,0,0,0,3,0,2,20270209,3.08728438113592,4.77846993812347,3.08728438113592,0.0872843811359245,1.77846993812347,0.0872843811359245,0,0.414347695916243,0.239835956297443,23.8422861188474,0.00512506251920231,0.00300150467294413,1,candidate_diagnostic_only
uniform_16MHz,LOS,16,17,0,0,0,3,0,3,20270209,3.14406261840123,3.12885589983536,3.14406261840123,0.144062618401227,0.128855899835358,0.144062618401227,0,0,2.28021322979292e-13,84.0947398808226,0.00282511752518877,0.00282511752519765,0,weak_or_boundary_solution
uniform_16MHz,LOS,16,17,0,0,0,3,0,4,20270209,2.8971381580428,2.84083500152628,2.8971381580428,-0.102861841957203,-0.15916499847372,-0.102861841957203,0,0.0402987146084486,0.00785493144554196,60.8028680591074,0.00138174005538461,0.0013260577072296,0,weak_or_boundary_solution
uniform_16MHz,LOS,16,17,0,0,0,3,0,5,20270209,3.17665649874706,3.18942890719306,3.17665649874706,0.17665649874706,0.189428907193061,0.17665649874706,0,0.0737991748327083,0.0126280972923977,99.999677039841,0.00475412829130617,0.00440327754635894,0,weak_or_boundary_solution
uniform_16MHz,LOS,16,17,0,0,0,3,0,6,20270209,3.26486291135916,3.26041871270129,3.26486291135916,0.264862911359156,0.260418712701285,0.264862911359156,0,0.065339475895137,0.00651138753609558,99.9999997520723,0.00129994128476385,0.00121500380252293,0,weak_or_boundary_solution
uniform_16MHz,LOS,16,17,0,0,0,3,0,7,20270209,3.00977326587894,3.00188035868898,3.00977326587894,0.0097732658789389,0.00188035868898417,0.0097732658789389,0,0.0473183468726117,0.00857168180102801,99.9835802208506,0.00292700127786261,0.00278850041610013,0,weak_or_boundary_solution
uniform_16MHz,LOS,16,17,0,0,0,3,0,8,20270209,2.83450910962642,2.80575603094874,2.83450910962642,-0.165490890373578,-0.194243969051255,-0.165490890373578,0,0.209507075772627,0.0170288626199973,94.7994487281509,0.00265803439980083,0.00210115738539551,0,weak_or_boundary_solution
uniform_16MHz,LOS,16,17,0,0,0,3,0,9,20270209,2.8364232238245,3.95364946685148,2.8364232238245,-0.163576776175501,0.953649466851476,-0.163576776175501,0,0.0259895980518744,0.222341438118683,14.7582116602472,0.00618766360919265,0.00602684871910952,1,candidate_diagnostic_only
uniform_16MHz,LOS,16,17,0,0,0,3,0,10,20270209,2.9814946406449,3.48232388384393,2.9814946406449,-0.0185053593550961,0.482323883843929,-0.0185053593550961,0,0.0415560892405212,0.0969518484961722,18.5176372195312,0.0017444877135453,0.00167199362644221,1,candidate_diagnostic_only
uniform_16MHz,LOS,16,17,0,0,0,3,0,11,20270209,2.82900682347346,3.29953579624348,2.82900682347346,-0.170993176526537,0.299535796243475,-0.170993176526537,0,0.18764547074354,0.0639969716559484,35.4570674812505,0.00295337556817032,0.00239918801939853,1,candidate_diagnostic_only
uniform_16MHz,LOS,16,17,0,0,0,3,0,12,20270209,3.02675825318771,3.0687743740925,3.02675825318771,0.0267582531877122,0.0687743740925004,0.0267582531877122,0,0.299213767569248,0.0322017408799887,69.9145340037468,0.0068946972151569,0.0048317088851606,1,candidate_diagnostic_only
uniform_16MHz,LOS,16,17,0,0,0,3,0,13,20270209,2.9228677594339,2.74991212554775,2.9228677594339,-0.0771322405661032,-0.250087874452253,-0.0771322405661032,0,0.165046738842054,0.0298910120597878,59.5969483340707,0.00468530937842671,0.00391201434505128,1,candidate_diagnostic_only
uniform_16MHz,LOS,16,17,0,0,0,3,0,14,20270209,3.09410640650373,1.812077641524,3.09410640650373,0.094106406503732,-1.187922358476,0.094106406503732,0,0.178493392884683,0.18221320846503,34.9196472723569,0.00507070222184813,0.00416561537796256,1,candidate_diagnostic_only
uniform_16MHz,LOS,16,17,0,0,0,3,0,15,20270209,3.2075645045936,4.26956116642226,3.2075645045936,0.207564504593595,1.26956116642226,0.207564504593595,0,0.153483701219172,0.17140945658654,20.6890359181757,0.00325805135808399,0.00275799357688311,1,candidate_diagnostic_only
uniform_16MHz,LOS,16,17,0,0,0,3,0,16,20270209,2.98073746597058,4.26969577617293,2.98073746597058,-0.0192625340294175,1.26969577617293,-0.0192625340294175,0,0.140317146044611,0.222057314388652,17.7106159902001,0.00256127116013838,0.00220188090070139,1,candidate_diagnostic_only
uniform_16MHz,LOS,16,17,0,0,0,3,0,17,20270209,3.06837165706505,2.69920139067151,3.06837165706505,0.0683716570650486,-0.300798609328488,0.0683716570650486,0,0.112441655864761,0.48896764167139,9.31599606288156,0.00507832633787508,0.00450731091542278,1,candidate_diagnostic_only
uniform_16MHz,LOS,16,17,0,0,0,3,0,18,20270209,3.04082199012811,3.05973018731987,3.04082199012811,0.0408219901281059,0.0597301873198703,0.0408219901281059,0,0.162795117016374,0.0193034840797569,87.5576412138931,0.00427113390767597,0.00357581416338326,0,weak_or_boundary_solution
uniform_16MHz,LOS,16,17,0,0,0,3,0,19,20270209,2.86074205529684,1.92252665355237,2.86074205529684,-0.139257944703155,-1.07747334644763,-0.139257944703155,0,0.261679576706548,0.124737130805556,37.2084867990827,0.00370206440260024,0.00273330975678743,1,candidate_diagnostic_only
uniform_16MHz,LOS,16,17,0,0,0,3,0,20,20270209,3.05569985244467,3.19139279816043,3.05569985244467,0.0556998524446692,0.191392798160434,0.0556998524446692,0,0.176321088684769,0.0506806125920471,27.3205358409385,0.00369526974982826,0.00304371576455464,1,candidate_diagnostic_only
uniform_16MHz,LOS,16,17,0,0,0,15,0,1,20270209,15.2140595668164,14.6195493599909,15.2140595668164,0.214059566816413,-0.380450640009133,0.214059566816413,0,0.151262423063633,0.119434864376369,24.2108390993029,0.00401716442360001,0.00340951839904124,1,candidate_diagnostic_only
uniform_16MHz,LOS,16,17,0,0,0,15,0,2,20270209,14.9479436686128,15.6426814531823,14.9479436686128,-0.0520563313871882,0.642681453182277,-0.0520563313871882,0,0.260923653326159,0.198926401438719,13.6756087358078,0.00317113778194611,0.00234371292668012,1,candidate_diagnostic_only
uniform_16MHz,LOS,16,17,0,0,0,15,0,3,20270209,15.0165491875861,15.0320356438814,15.0165491875861,0.0165491875860955,0.0320356438814322,0.0165491875860955,0,0.266686519923864,0.0326777364366332,44.5170125938393,0.00428192102192804,0.00313999040600121,1,candidate_diagnostic_only
uniform_16MHz,LOS,16,17,0,0,0,15,0,4,20270209,15.1261127025124,16.7006367641316,15.1261127025124,0.126112702512442,1.70063676413157,0.126112702512442,0,0.261859160422893,0.251447430259471,19.3079084562163,0.00446805342753009,0.00329805270827244,1,candidate_diagnostic_only
uniform_16MHz,LOS,16,17,0,0,0,15,0,5,20270209,15.1258806453432,15.1028323854611,15.1258806453432,0.125880645343214,0.102832385461106,0.125880645343214,0,0.252775789313411,0.0223794139645688,99.9999996861455,0.00368197115081159,0.00275125798693598,1,candidate_diagnostic_only
uniform_16MHz,LOS,16,17,0,0,0,15,0,6,20270209,15.0872842138695,12.9585052889914,15.0872842138695,0.0872842138695358,-2.04149471100855,0.0872842138695358,0,0.184540419136841,0.349278788809875,30.6762780557437,0.00503609285037898,0.00410673016495799,1,candidate_diagnostic_only
uniform_16MHz,LOS,16,17,0,0,0,15,0,7,20270209,15.018547419386,15.059580261576,15.018547419386,0.0185474193860227,0.0595802615760057,0.0185474193860227,0,0.45552662979191,0.0307335680562898,99.999526275749,0.00401436518529241,0.00218571494168218,1,candidate_diagnostic_only
uniform_16MHz,LOS,16,17,0,0,0,15,0,8,20270209,14.997697480178,13.466446929389,14.997697480178,-0.0023025198219635,-1.53355307061099,-0.0023025198219635,0,0.111125391049041,0.261095973553039,27.6286458804239,0.00312375915835328,0.00277663020033825,1,candidate_diagnostic_only
uniform_16MHz,LOS,16,17,0,0,0,15,0,9,20270209,15.1059699493432,15.5387080391483,15.1059699493432,0.105969949343161,0.538708039148261,0.105969949343161,0,0.511033376619124,0.0858058716294459,26.3528946350752,0.0021846887448389,0.00106823987870208,1,candidate_diagnostic_only
uniform_16MHz,LOS,16,17,0,0,0,15,0,10,20270209,15.154106745492,15.2976517045901,15.154106745492,0.154106745492021,0.297651704590104,0.154106745492021,0,0.00440545448295102,0.137216827536875,5.00003908673127,0.00171188137301037,0.00170433975754136,1,candidate_diagnostic_only
uniform_16MHz,LOS,16,17,0,0,0,15,0,11,20270209,15.1621070108057,14.0444639002648,15.1621070108057,0.162107010805652,-0.955536099735237,0.162107010805652,0,0.0982914959080457,0.185772482811183,27.6953743496215,0.00471170560118339,0.00424858500936476,1,candidate_diagnostic_only
uniform_16MHz,LOS,16,17,0,0,0,15,0,12,20270209,15.0472235118793,14.301519627,15.0472235118793,0.0472235118793147,-0.698480372999974,0.0472235118793147,0,0.0815565245219429,0.124230187689293,27.0282648692471,0.00319040586644137,0.00293020745215999,1,candidate_diagnostic_only
uniform_16MHz,LOS,16,17,0,0,0,15,0,13,20270209,15.0308596430872,15.1646133327272,15.0308596430872,0.0308596430871813,0.164613332727235,0.0308596430871813,0,0.145808501936276,0.220377459106025,10.8541725679061,0.00368615273778317,0.0031486803291787,1,candidate_diagnostic_only
uniform_16MHz,LOS,16,17,0,0,0,15,0,14,20270209,15.2279889445489,14.3150988727413,15.2279889445489,0.227988944548912,-0.68490112725874,0.227988944548912,0,0.243612001406489,0.14841153082686,29.7086028509179,0.00342641448439918,0.00259169879420651,1,candidate_diagnostic_only
uniform_16MHz,LOS,16,17,0,0,0,15,0,15,20270209,14.9781563978044,16.6571889886157,14.9781563978044,-0.0218436021955615,1.65718898861566,-0.0218436021955615,0,0.141432379732111,0.351657874658565,11.5566936874917,0.00247160945255342,0.00212204384591042,1,candidate_diagnostic_only
uniform_16MHz,LOS,16,17,0,0,0,15,0,16,20270209,15.1280033382735,15.1074758118185,15.1280033382735,0.128003338273521,0.107475811818519,0.128003338273521,0,0.181524261969488,0.0196641368991758,99.9999769504426,0.00407032343444125,0.00333146097702719,0,weak_or_boundary_solution
uniform_16MHz,LOS,16,17,0,0,0,15,0,17,20270209,15.0123028035265,14.2677801002043,15.0123028035265,0.0123028035265307,-0.732219899795723,0.0123028035265307,0,0.0767707409719115,0.316758209111827,14.3559067003929,0.00587143137207624,0.00542067723507622,1,candidate_diagnostic_only
uniform_16MHz,LOS,16,17,0,0,0,15,0,18,20270209,14.8150452958083,14.8261448338529,14.8150452958083,-0.184954704191728,-0.173855166147103,-0.184954704191728,0,1.26115199292673e-11,4.01937306314409e-14,74.5720765655829,0.00290507092072279,0.00290507092068615,0,weak_or_boundary_solution
uniform_16MHz,LOS,16,17,0,0,0,15,0,19,20270209,14.9202527539024,14.9245158175321,14.9202527539024,-0.0797472460976163,-0.0754841824679389,-0.0797472460976163,0,0.394558167247406,0.0360748449426285,99.9968901479432,0.00581698466362823,0.00352184585584081,1,candidate_diagnostic_only
uniform_16MHz,LOS,16,17,0,0,0,15,0,20,20270209,15.0724524513743,13.8376420098514,15.0724524513743,0.0724524513742519,-1.16235799014861,0.0724524513742519,0,0.107390935334609,0.203988701853304,28.4373972923584,0.00609410844653802,0.00543965644043376,1,candidate_diagnostic_only
uniform_16MHz,LOS,16,17,0,0,0,3,15,1,20270209,3.02897155946624,3.57105896407615,3.02897155946624,0.028971559466243,0.571058964076153,0.028971559466243,0,0.105719268581967,0.112721522681956,15.7134524936674,0.000224825048521948,0.000201056708833303,1,candidate_diagnostic_only
uniform_16MHz,LOS,16,17,0,0,0,3,15,2,20270209,2.99811649539375,2.99510380838607,2.99811649539375,-0.00188350460624997,-0.00489619161393318,-0.00188350460624997,0,0.461217955024292,0.00793911389283117,47.2614489636112,0.000192126308363738,0.000103514205313848,0,weak_or_boundary_solution
uniform_16MHz,LOS,16,17,0,0,0,3,15,3,20270209,2.99095846019791,2.84299752075873,2.99095846019791,-0.00904153980209088,-0.157002479241275,-0.00904153980209088,0,0.180797053768158,0.021785172696645,34.4149554597056,0.000381176176391884,0.00031226064673362,1,candidate_diagnostic_only
uniform_16MHz,LOS,16,17,0,0,0,3,15,4,20270209,3.02239621591858,3.00389595839638,3.02239621591858,0.0223962159185813,0.00389595839638446,0.0223962159185813,0,0.327002630460212,0.00652863909616442,70.5978386276054,0.000193128693670941,0.000129975102823199,0,weak_or_boundary_solution
uniform_16MHz,LOS,16,17,0,0,0,3,15,5,20270209,2.98272318992944,3.33542801852854,2.98272318992944,-0.0172768100705603,0.335428018528544,-0.0172768100705603,0,0.151009507574273,0.113304812412986,10.1317399275862,9.74796834023461e-05,8.27593244132618e-05,1,candidate_diagnostic_only
uniform_16MHz,LOS,16,17,0,0,0,3,15,6,20270209,3.00194706621058,2.88558509928552,3.00194706621058,0.00194706621058272,-0.114414900714484,0.00194706621058272,0,0.124975686421404,0.0751987888567899,8.84518635718463,9.2279937423223e-05,8.07471889008315e-05,1,candidate_diagnostic_only
uniform_16MHz,LOS,16,17,0,0,0,3,15,7,20270209,2.99498877513325,2.99361301806384,2.99498877513325,-0.00501122486674932,-0.00638698193615861,-0.00501122486674932,0,0,1.13009734730253e-13,90.3054913980129,0.000164175061178717,0.000164175061179384,0,weak_or_boundary_solution
uniform_16MHz,LOS,16,17,0,0,0,3,15,8,20270209,3.0241884677624,3.17459901667674,3.0241884677624,0.0241884677624009,0.174599016676737,0.0241884677624009,0,0.117760436306128,0.239112143943986,5.00000244583676,0.000284724249798085,0.000251194997914927,1,candidate_diagnostic_only
uniform_16MHz,LOS,16,17,0,0,0,3,15,9,20270209,3.05074901938586,3.13412017580468,3.05074901938586,0.0507490193858593,0.134120175804677,0.0507490193858593,0,0.0143632990450076,0.0839109173992953,5.00002365506985,0.000136271082808115,0.000134313780494555,1,candidate_diagnostic_only
uniform_16MHz,LOS,16,17,0,0,0,3,15,10,20270209,2.98001831026783,2.98408836992316,2.98001831026783,-0.0199816897321696,-0.0159116300768352,-0.0199816897321696,0,0.30240310757363,0.00493128618945406,93.1345648748915,0.000148801093179163,0.000103803180191431,0,weak_or_boundary_solution
uniform_16MHz,LOS,16,17,0,0,0,3,15,11,20270209,2.98806008770031,3.35189171303632,2.98806008770031,-0.0119399122996877,0.351891713036323,-0.0119399122996877,0,0.0410621181198373,0.101982318155574,11.4577877750019,0.000191498010824853,0.000183634696884649,1,candidate_diagnostic_only
uniform_16MHz,LOS,16,17,0,0,0,3,15,12,20270209,3.02341613831608,3.0219935582146,3.02341613831608,0.0234161383160769,0.0219935582145983,0.0234161383160769,0,0.00799435106388715,0.0568510190458287,5.00193420274364,0.000174128200402857,0.000172736158438713,1,candidate_diagnostic_only
uniform_16MHz,LOS,16,17,0,0,0,3,15,13,20270209,3.0075187723687,3.41338537020754,3.0075187723687,0.00751877236869625,0.413385370207544,0.00751877236869625,0,0.0764522100315751,0.0845089371903264,16.2312918397535,0.000248654251143288,0.000229644084109637,1,candidate_diagnostic_only
uniform_16MHz,LOS,16,17,0,0,0,3,15,14,20270209,3.01618512791154,3.87974188728972,3.01618512791154,0.0161851279115384,0.879741887289716,0.0161851279115384,0,0.334159039600204,0.18659563450617,13.8486169843306,0.000177185530891633,0.000117977384057832,1,candidate_diagnostic_only
uniform_16MHz,LOS,16,17,0,0,0,3,15,15,20270209,3.02247228002514,3.64740852263139,3.02247228002514,0.022472280025136,0.647408522631389,0.022472280025136,0,0.130746382988585,0.140703597684402,13.7068336193876,0.000162824946354556,0.000141536173558388,1,candidate_diagnostic_only
uniform_16MHz,LOS,16,17,0,0,0,3,15,16,20270209,3.0042766771312,3.00478998370447,3.0042766771312,0.00427667713120261,0.00478998370447359,0.00427667713120261,0,0.0854796428391302,0.00203789551231287,99.99998550784,8.29576533687426e-05,7.58664627880101e-05,0,weak_or_boundary_solution
uniform_16MHz,LOS,16,17,0,0,0,3,15,17,20270209,2.98575370467919,3.37084758814419,2.98575370467919,-0.0142462953208131,0.370847588144185,-0.0142462953208131,0,0.165565177691464,0.13540128915805,9.14570247942891,0.000154795584792922,0.000129166826290827,1,candidate_diagnostic_only
uniform_16MHz,LOS,16,17,0,0,0,3,15,18,20270209,3.00050547614662,3.00285098926229,3.00050547614662,0.000505476146618999,0.00285098926229121,0.000505476146618999,0,0.0083861939254969,0.000988741135989935,99.9875152643397,0.000200286477104239,0.000198606835866588,0,weak_or_boundary_solution
uniform_16MHz,LOS,16,17,0,0,0,3,15,19,20270209,3.0124468183197,3.21657539444992,3.0124468183197,0.0124468183197033,0.216575394449915,0.0124468183197033,0,0.18470903958783,0.124594349586066,6.89580292460221,0.000108569159588345,8.85154543919242e-05,1,candidate_diagnostic_only
uniform_16MHz,LOS,16,17,0,0,0,3,15,20,20270209,2.99464689206443,3.01068847267758,2.99464689206443,-0.00535310793556754,0.0106884726775842,-0.00535310793556754,0,0.000777089634636557,0.012435993320851,5.8129826879865,0.000184614249582937,0.00018447078776318,0,weak_or_boundary_solution
uniform_16MHz,LOS,16,17,0,0,0,15,15,1,20270209,14.9607479356145,14.9635061072322,14.9607479356145,-0.0392520643855221,-0.036493892767826,-0.0392520643855221,0,0.177974088037703,0.00311530492160835,87.017366635553,0.000103212985049339,8.48437481615338e-05,0,weak_or_boundary_solution
uniform_16MHz,LOS,16,17,0,0,0,15,15,2,20270209,15.0107677870829,15.3388324798797,15.0107677870829,0.0107677870829388,0.338832479879745,0.0107677870829388,0,0.00619828792134304,0.195617671970768,5.00000000019598,0.000296530512993831,0.000294692531496832,1,candidate_diagnostic_only
uniform_16MHz,LOS,16,17,0,0,0,15,15,3,20270209,15.010933815889,15.0213524041117,15.010933815889,0.0109338158889702,0.0213524041116635,0.0109338158889702,0,0.00157475140472262,0.0234394474551098,6.08353662071753,0.000346092212483606,0.000345547203285834,1,candidate_diagnostic_only
uniform_16MHz,LOS,16,17,0,0,0,15,15,4,20270209,14.9770894715103,15.1548506614958,14.9770894715103,-0.0229105284896587,0.154850661495793,-0.0229105284896587,0,0.430335046792276,0.0292001166316025,29.0636690190616,0.000230127510741474,0.000131095577638352,1,candidate_diagnostic_only
uniform_16MHz,LOS,16,17,0,0,0,15,15,5,20270209,14.9977862096717,15.0248770894328,14.9977862096717,-0.00221379032829283,0.0248770894327812,-0.00221379032829283,0,0.0524735344136716,0.115298047123066,5.76566388219477,0.000236994375195421,0.000224558442692757,1,candidate_diagnostic_only
uniform_16MHz,LOS,16,17,0,0,0,15,15,6,20270209,14.9778393734297,15.2772876668176,14.9778393734297,-0.0221606265702707,0.277287666817582,-0.0221606265702707,0,0.261212802580136,0.053571788140233,21.4809699263542,0.000182907084083972,0.000135129412038637,1,candidate_diagnostic_only
uniform_16MHz,LOS,16,17,0,0,0,15,15,7,20270209,15.0169839090867,15.6246776357656,15.0169839090867,0.0169839090866635,0.624677635765552,0.0169839090866635,0,0.0485583388658303,0.155513888630766,11.7271004590059,0.000253806445529747,0.000241482026141382,1,candidate_diagnostic_only
uniform_16MHz,LOS,16,17,0,0,0,15,15,8,20270209,15.0127677047864,15.0147937593864,15.0127677047864,0.0127677047864339,0.0147937593864036,0.0127677047864339,0,8.7576579276091e-12,6.6562257963796e-13,36.054990214797,0.000228189027345449,0.000228189027343451,0,weak_or_boundary_solution
uniform_16MHz,LOS,16,17,0,0,0,15,15,9,20270209,14.9802993549898,14.4806894827065,14.9802993549898,-0.01970064501017,-0.519310517293489,-0.01970064501017,0,0.124006902205733,0.234275858202302,9.98473376225244,0.000313313471207666,0.000274460438223878,1,candidate_diagnostic_only
uniform_16MHz,LOS,16,17,0,0,0,15,15,10,20270209,14.9861610814187,14.9704985579318,14.9861610814187,-0.0138389185812713,-0.0295014420682094,-0.0138389185812713,0,0.211500170278715,0.223534605834886,5.17733851362493,0.000129144177380525,0.000101830161874039,1,candidate_diagnostic_only
uniform_16MHz,LOS,16,17,0,0,0,15,15,11,20270209,15.008223007809,15.5068703923596,15.008223007809,0.00822300780897756,0.506870392359584,0.00822300780897756,0,0.0289425657500017,0.193867830382871,7.13114769377307,0.000149303025398728,0.000144981812769451,1,candidate_diagnostic_only
uniform_16MHz,LOS,16,17,0,0,0,15,15,12,20270209,15.0193429344912,15.7115508649025,15.7115508649025,0.0193429344911902,0.711550864902462,0.711550864902462,1,0.613785521697445,0.17611193716695,11.9133383850259,0.000131818052130361,5.09100402343865e-05,1,candidate_diagnostic_only
uniform_16MHz,LOS,16,17,0,0,0,15,15,13,20270209,14.9827120836121,15.6379835149856,14.9827120836121,-0.0172879163879127,0.637983514985606,-0.0172879163879127,0,0.0989082183740646,0.254640245539343,6.67154194225338,0.000114503771472707,0.000103178407439231,1,candidate_diagnostic_only
uniform_16MHz,LOS,16,17,0,0,0,15,15,14,20270209,15.063828083638,15.0642966286178,15.063828083638,0.0638280836380112,0.0642966286177753,0.0638280836380112,0,0,3.66799579043672e-13,45.9816330593778,0.000183095561978153,0.000183095561979929,0,weak_or_boundary_solution
uniform_16MHz,LOS,16,17,0,0,0,15,15,15,20270209,15.0285586247743,14.9874198135062,15.0285586247743,0.0285586247743339,-0.0125801864937642,0.0285586247743339,0,0.0759101164992894,0.00548344905671706,46.7077756077083,0.000186643303065726,0.000172475188186194,0,weak_or_boundary_solution
uniform_16MHz,LOS,16,17,0,0,0,15,15,16,20270209,14.9773875006484,15.5128087478579,14.9773875006484,-0.0226124993516468,0.512808747857866,-0.0226124993516468,0,0.0539334615492878,0.196712311647697,7.66823959448888,0.000220830320750709,0.000208920177137584,1,candidate_diagnostic_only
uniform_16MHz,LOS,16,17,0,0,0,15,15,17,20270209,15.0119040416346,15.7282117879683,15.0119040416346,0.0119040416345779,0.728211787968313,0.0119040416345779,0,0.233639160350808,0.187284220454611,11.4213198384362,0.000306306878564255,0.000234741596646826,1,candidate_diagnostic_only
uniform_16MHz,LOS,16,17,0,0,0,15,15,18,20270209,14.9940483421464,14.5590436042587,14.9940483421464,-0.00595165785355256,-0.440956395741342,-0.00595165785355256,0,0.18885994459588,0.0823615048822803,21.7765455087613,0.000235891186909143,0.000191340790418826,1,candidate_diagnostic_only
uniform_16MHz,LOS,16,17,0,0,0,15,15,19,20270209,15.0025919740285,15.310730351263,15.0025919740285,0.00259197402845146,0.310730351263036,0.00259197402845146,0,0.0208342949751118,0.200163193315915,5.00024086538503,0.000213976671093574,0.000209518618010218,1,candidate_diagnostic_only
uniform_16MHz,LOS,16,17,0,0,0,15,15,20,20270209,15.0196343806288,15.0145332833319,15.0196343806288,0.0196343806288208,0.0145332833319323,0.0196343806288208,0,0.0117630709140788,0.000727863741811482,99.4459624081955,5.96806221599966e-05,5.89785947693322e-05,0,weak_or_boundary_solution
uniform_16MHz,LOS,16,17,0,0,0,3,30,1,20270209,2.97999064689925,2.69504901156067,2.97999064689925,-0.0200093531007495,-0.30495098843933,-0.0200093531007495,0,0.113276474460683,0.122447851464927,9.74598556192024,0.000100387702430371,8.90161374198506e-05,1,candidate_diagnostic_only
uniform_16MHz,LOS,16,17,0,0,0,3,30,2,20270209,3.00681165696446,3.34070903891013,3.00681165696446,0.00681165696445962,0.340709038910127,0.00681165696445962,0,0.0543255616861047,0.11761716072133,8.90776621957039,0.000126853040822494,0.000119961678128222,1,candidate_diagnostic_only
uniform_16MHz,LOS,16,17,0,0,0,3,30,3,20270209,2.99679365498283,2.99572059746584,2.99679365498283,-0.00320634501716954,-0.0042794025341566,-0.00320634501716954,0,0.0242822851416548,0.000791089376019006,76.5352242113744,5.03649951923979e-05,4.9142018017978e-05,0,weak_or_boundary_solution
uniform_16MHz,LOS,16,17,0,0,0,3,30,4,20270209,2.99993860341166,3.14654958749887,2.99993860341166,-6.13965883409229e-05,0.146549587498871,-6.13965883409229e-05,0,0.00242621710158107,0.0924208261414725,5.00000055236641,0.000115006398450967,0.000114727367960255,1,candidate_diagnostic_only
uniform_16MHz,LOS,16,17,0,0,0,3,30,5,20270209,3.01472639982428,2.96768749510381,3.01472639982428,0.014726399824279,-0.0323125048961899,0.014726399824279,0,0.0117720928860497,0.0637655794783724,5.00015521396187,0.000126723508339976,0.000125231707428952,1,candidate_diagnostic_only
uniform_16MHz,LOS,16,17,0,0,0,3,30,6,20270209,3.00603306051647,2.9689514767973,3.00603306051647,0.00603306051647223,-0.0310485232026982,0.00603306051647223,0,0.14139807868411,0.131924851213386,6.48755644304993,0.000135886027353704,0.000116672004165874,1,candidate_diagnostic_only
uniform_16MHz,LOS,16,17,0,0,0,3,30,7,20270209,3.00886644007621,2.97177341476869,3.00886644007621,0.00886644007620951,-0.0282265852313057,0.00886644007620951,0,0.0652548797364978,0.00770459079901833,25.4319284344922,9.36655375163298e-05,8.75534041302473e-05,0,weak_or_boundary_solution
uniform_16MHz,LOS,16,17,0,0,0,3,30,8,20270209,3.00741856423271,3.88311443152304,3.00741856423271,0.00741856423271026,0.883114431523045,0.00741856423271026,0,0.152270483883781,0.285603975916034,7.67805951159709,0.000154075193439684,0.000130614089180137,1,candidate_diagnostic_only
uniform_16MHz,LOS,16,17,0,0,0,3,30,9,20270209,3.00479634913328,3.26812557312802,3.00479634913328,0.0047963491332772,0.268125573128023,0.0047963491332772,0,0.0785804808369015,0.101882273397183,8.64559136107269,0.000121913263026574,0.00011233326019755,1,candidate_diagnostic_only
uniform_16MHz,LOS,16,17,0,0,0,3,30,10,20270209,3.00905281983152,3.01057470961056,3.00905281983152,0.0090528198315214,0.0105747096105597,0.0090528198315214,0,0.208106745516193,0.00263626742846829,74.6883179789313,6.27847421836858e-05,4.97188138197657e-05,0,weak_or_boundary_solution
uniform_16MHz,LOS,16,17,0,0,0,3,30,11,20270209,3.00611790624428,3.51413593706117,3.00611790624428,0.00611790624427755,0.514135937061173,0.00611790624427755,0,0.197281198091073,0.167131588322658,9.02363889563522,9.94784076586708e-05,7.98531882115761e-05,1,candidate_diagnostic_only
uniform_16MHz,LOS,16,17,0,0,0,3,30,12,20270209,2.98343858409974,2.46409638853701,2.98343858409974,-0.0165614159002643,-0.53590361146299,-0.0165614159002643,0,0.159550438306687,0.24797723880271,9.53202917917686,0.000119070056170401,0.000100072376519211,1,candidate_diagnostic_only
uniform_16MHz,LOS,16,17,0,0,0,3,30,13,20270209,3.01165440580911,2.96461937932358,3.01165440580911,0.0116544058091121,-0.035380620676416,0.0116544058091121,0,0.0337905038682089,0.00773867843015404,27.5806525491168,0.000124144657964065,0.000119949747418913,0,weak_or_boundary_solution
uniform_16MHz,LOS,16,17,0,0,0,3,30,14,20270209,2.9919315879857,3.34922386150508,2.9919315879857,-0.00806841201430331,0.349223861505084,-0.00806841201430331,0,0.0697605600608316,0.119489750005493,9.18884321828987,5.58649017130541e-05,5.19677348818082e-05,1,candidate_diagnostic_only
uniform_16MHz,LOS,16,17,0,0,0,3,30,15,20270209,3.03013771106274,3.22523993757647,3.03013771106274,0.0301377110627352,0.225239937576466,0.0301377110627352,0,0.15795353407461,0.106115543335366,7.37855459519503,9.61552694767054e-05,8.09672048429633e-05,1,candidate_diagnostic_only
uniform_16MHz,LOS,16,17,0,0,0,3,30,16,20270209,2.99088518381591,3.55196519736501,2.99088518381591,-0.00911481618409171,0.551965197365012,-0.00911481618409171,0,0.159826687594419,0.14519255637161,11.7197658416557,6.56091599993136e-05,5.5123065280771e-05,1,candidate_diagnostic_only
uniform_16MHz,LOS,16,17,0,0,0,3,30,17,20270209,2.99341260466703,2.59865740420874,2.99341260466703,-0.00658739533297092,-0.40134259579126,-0.00658739533297092,0,0.0945527680429665,0.114650018110224,13.4693004100915,0.000126043261480246,0.000114125522214126,1,candidate_diagnostic_only
uniform_16MHz,LOS,16,17,0,0,0,3,30,18,20270209,2.99921558479854,2.98099564819546,2.99921558479854,-0.000784415201461997,-0.01900435180454,-0.000784415201461997,0,0.00359538993019063,0.0078901950357474,10.9841910539788,0.000216388672341861,0.000215610670688315,0,weak_or_boundary_solution
uniform_16MHz,LOS,16,17,0,0,0,3,30,19,20270209,2.98914829286641,3.33959957371526,2.98914829286641,-0.0108517071335865,0.33959957371526,-0.0108517071335865,0,0.0378064239002677,0.110698882607658,9.90168456693566,0.000120572722034584,0.000116014298594536,1,candidate_diagnostic_only
uniform_16MHz,LOS,16,17,0,0,0,3,30,20,20270209,3.02181282172965,3.61403396604622,3.02181282172965,0.0218128217296547,0.614033966046218,0.0218128217296547,0,0.134287864411946,0.164723166903205,10.6320657326121,0.000117529878499223,0.000101747042110967,1,candidate_diagnostic_only
uniform_16MHz,LOS,16,17,0,0,0,15,30,1,20270209,15.0343691579205,15.087389255892,15.0343691579205,0.0343691579204926,0.0873892558920346,0.0343691579204926,0,0.0834139045913645,0.00827718771067509,31.8881847421269,9.7674056343644e-05,8.95266819267437e-05,0,weak_or_boundary_solution
uniform_16MHz,LOS,16,17,0,0,0,15,30,2,20270209,15.0085724205622,14.9466636072782,15.0085724205622,0.00857242056221352,-0.0533363927218318,0.00857242056221352,0,0.127517207113523,0.00887577911531962,30.1242724659553,9.02616694009595e-05,7.8751753409545e-05,0,weak_or_boundary_solution
uniform_16MHz,LOS,16,17,0,0,0,15,30,3,20270209,14.9983565315855,15.7096711744703,14.9983565315855,-0.00164346841453344,0.709671174470266,-0.00164346841453344,0,0.357695685114843,0.149644412194713,14.8643132929615,0.000104400529998383,6.70569108942587e-05,1,candidate_diagnostic_only
uniform_16MHz,LOS,16,17,0,0,0,15,30,4,20270209,15.0004102534422,15.7250453609954,15.0004102534422,0.00041025344221346,0.725045360995374,0.00041025344221346,0,0.261083235512445,0.183796880764088,11.4625904460028,7.65457866505059e-05,5.65609650069465e-05,1,candidate_diagnostic_only
uniform_16MHz,LOS,16,17,0,0,0,15,30,5,20270209,15.0063266858659,15.1050738084466,15.0063266858659,0.00632668586592366,0.105073808446562,0.00632668586592366,0,0.0207644372784105,0.0528218075409767,7.61714177824596,0.00015092521382698,0.000147791336690739,1,candidate_diagnostic_only
uniform_16MHz,LOS,16,17,0,0,0,15,30,6,20270209,14.9965443233133,15.443680227904,14.9965443233133,-0.00345567668671443,0.443680227903972,-0.00345567668671443,0,0.027935630971973,0.184750826793554,6.76875190031933,6.75554144016211e-05,6.56682112747387e-05,1,candidate_diagnostic_only
uniform_16MHz,LOS,16,17,0,0,0,15,30,7,20270209,14.9833379219072,14.9843258601647,14.9833379219072,-0.0166620780927644,-0.0156741398352835,-0.0166620780927644,0,0.0647837285403687,0.00114690095869969,99.9530957778464,9.43621456528376e-05,8.82490140243775e-05,0,weak_or_boundary_solution
uniform_16MHz,LOS,16,17,0,0,0,15,30,8,20270209,15.0075296312877,15.0077448251819,15.0075296312877,0.00752963128768691,0.00774482518186659,0.00752963128768691,0,0,2.19936222122755e-12,35.5720290358415,6.99348767212449e-05,6.99348767212449e-05,0,weak_or_boundary_solution
uniform_16MHz,LOS,16,17,0,0,0,15,30,9,20270209,15.0083400040599,15.3474679702808,15.0083400040599,0.00834000405991375,0.347467970280832,0.00834000405991375,0,0.0266257952651679,0.103045442998554,10.293010877044,9.18400612872627e-05,8.93947466182876e-05,1,candidate_diagnostic_only
uniform_16MHz,LOS,16,17,0,0,0,15,30,10,20270209,15.0129412475351,15.5105455169879,15.0129412475351,0.0129412475350676,0.510545516987939,0.0129412475350676,0,0.367956133101579,0.184640077254642,8.14439744847997,9.92650051425681e-05,6.27398376980004e-05,1,candidate_diagnostic_only
uniform_16MHz,LOS,16,17,0,0,0,15,30,11,20270209,15.0081015987072,15.0081791949936,15.0081015987072,0.00810159870717087,0.00817919499363917,0.00810159870717087,0,0,2.82020455319932e-13,35.9829105733865,3.73650604192921e-05,3.73650604192921e-05,0,weak_or_boundary_solution
uniform_16MHz,LOS,16,17,0,0,0,15,30,12,20270209,14.9901923817011,15.4680900714184,14.9901923817011,-0.00980761829889509,0.468090071418402,-0.00980761829889509,0,0.0375421233292395,0.131602740849461,11.0990189279625,0.000154968645244669,0.000149150793252728,1,candidate_diagnostic_only
uniform_16MHz,LOS,16,17,0,0,0,15,30,13,20270209,14.9970540715287,15.2266084125047,14.9970540715287,-0.00294592847134822,0.22660841250471,-0.00294592847134822,0,0.219032510954149,0.038931793655639,22.5184412310401,8.73072008660269e-05,6.81840854359628e-05,1,candidate_diagnostic_only
uniform_16MHz,LOS,16,17,0,0,0,15,30,14,20270209,14.987679989725,15.0006554618881,14.987679989725,-0.012320010275042,0.000655461888149134,-0.012320010275042,0,0.269040827444028,0.00429244943147408,69.1886410475721,9.31436639659555e-05,6.80842155413863e-05,0,weak_or_boundary_solution
uniform_16MHz,LOS,16,17,0,0,0,15,30,15,20270209,14.9743780829112,15.5624925043629,14.9743780829112,-0.0256219170888485,0.562492504362865,-0.0256219170888485,0,0.0581475319891793,0.260783101357944,5.7488878307951,0.000100217851652484,9.43904309176347e-05,1,candidate_diagnostic_only
uniform_16MHz,LOS,16,17,0,0,0,15,30,16,20270209,14.9943638137134,15.3653834862405,14.9943638137134,-0.00563618628662432,0.365383486240539,-0.00563618628662432,0,0.138635945515563,0.211885601944805,5.00002611941138,5.21159931829995e-05,4.48908431915918e-05,1,candidate_diagnostic_only
uniform_16MHz,LOS,16,17,0,0,0,15,30,17,20270209,15.0036863944497,15.4349998280958,15.0036863944497,0.00368639444966057,0.434999828095846,0.00368639444966057,0,0.137974065405475,0.237379143862754,5.00017941405087,4.26183317088213e-05,3.67381072221562e-05,1,candidate_diagnostic_only
uniform_16MHz,LOS,16,17,0,0,0,15,30,18,20270209,15.0004658210332,15.4452397499366,15.0004658210332,0.000465821033198921,0.445239749936551,0.000465821033198921,0,0.102925520964506,0.203596407290122,6.17292915021414,9.35734485163486e-05,8.39423525793581e-05,1,candidate_diagnostic_only
uniform_16MHz,LOS,16,17,0,0,0,15,30,19,20270209,15.0053451851323,15.0112351578237,15.0053451851323,0.00534518513231319,0.0112351578237231,0.00534518513231319,0,0.198342734594273,0.0032557487420929,99.9999979449782,9.80257070877233e-05,7.8583020283407e-05,0,weak_or_boundary_solution
uniform_16MHz,LOS,16,17,0,0,0,15,30,20,20270209,14.9873356056271,15.4034580433919,14.9873356056271,-0.0126643943728766,0.403458043391858,-0.0126643943728766,0,0.0566097626804061,0.22560558943891,5.00119142794626,8.62638310197283e-05,8.13804560177989e-05,1,candidate_diagnostic_only
uniform_16MHz,weak_close,16,17,15,0.15,0.24,3,0,1,20270209,3.71012693844162,2.99895536741611,3.71012693844162,0.710126938441622,-0.00104463258389487,0.710126938441622,0,0.183198238541429,0.18926375580394,17.9720811471389,0.00150311842533601,0.00122774977749529,1,candidate_diagnostic_only
uniform_16MHz,weak_close,16,17,15,0.15,0.24,3,0,2,20270209,3.64890409217608,3.62615740722032,3.64890409217608,0.648904092176075,0.626157407220322,0.648904092176075,0,0.352016409060116,0.0224865155176011,99.9999999912839,0.00273797035937484,0.00177415986535467,1,candidate_diagnostic_only
uniform_16MHz,weak_close,16,17,15,0.15,0.24,3,0,3,20270209,3.30121807647989,2.83237125928956,3.30121807647989,0.301218076479886,-0.167628740710436,0.301218076479886,0,0.0482929295276745,0.113695608011377,17.7668588328544,0.00201443183986871,0.00191714902498763,1,candidate_diagnostic_only
uniform_16MHz,weak_close,16,17,15,0.15,0.24,3,0,4,20270209,3.66488571159122,4.25715343680954,3.66488571159122,0.664885711591217,1.25715343680954,0.664885711591217,0,0.178628251028959,0.202622789777633,11.853990817699,0.00333038995952495,0.0027354882258106,1,candidate_diagnostic_only
uniform_16MHz,weak_close,16,17,15,0.15,0.24,3,0,5,20270209,3.4690663489346,3.78780516081984,3.4690663489346,0.469066348934605,0.787805160819843,0.469066348934605,0,0.0469103925538422,0.0454234647652157,29.5296408680163,0.00300691220183258,0.00286585677006967,1,candidate_diagnostic_only
uniform_16MHz,weak_close,16,17,15,0.15,0.24,3,0,6,20270209,3.67823803525224,3.71240949460329,3.67823803525224,0.678238035252236,0.712409494603292,0.678238035252236,0,0.41206513643215,0.0293754910663808,99.999981655745,0.00378607112732365,0.00222596321170121,1,candidate_diagnostic_only
uniform_16MHz,weak_close,16,17,15,0.15,0.24,3,0,7,20270209,3.4806939209835,3.50915739103009,3.4806939209835,0.480693920983505,0.509157391030088,0.480693920983505,0,0.0569035964463814,0.0115494293941076,77.6794304497743,0.00343416616618009,0.00323874976052996,0,weak_or_boundary_solution
uniform_16MHz,weak_close,16,17,15,0.15,0.24,3,0,8,20270209,3.46119283839215,3.4966780673724,3.46119283839215,0.461192838392154,0.496678067372398,0.461192838392154,0,0.0886548364587488,0.0136642053171544,64.4354909307202,0.00326885557650747,0.00297905571996493,0,weak_or_boundary_solution
uniform_16MHz,weak_close,16,17,15,0.15,0.24,3,0,9,20270209,3.56891187899209,3.55820324739703,3.56891187899209,0.568911878992087,0.558203247397032,0.568911878992087,0,0.140300792248669,0.0144404733338404,99.9863572792856,0.00286803825215909,0.00246565021318168,0,weak_or_boundary_solution
uniform_16MHz,weak_close,16,17,15,0.15,0.24,3,0,10,20270209,3.47211953765973,3.23767541210785,3.47211953765973,0.472119537659725,0.237675412107848,0.472119537659725,0,0.0184001018738493,0.0575228841407278,16.8229065777994,0.00475077843408389,0.00466336362691666,1,candidate_diagnostic_only
uniform_16MHz,weak_close,16,17,15,0.15,0.24,3,0,11,20270209,3.53951646276128,2.62415559823605,3.53951646276128,0.539516462761278,-0.37584440176395,0.539516462761278,0,0.083302582013838,0.308118924975123,14.1732991315056,0.00130916870028641,0.00120011156726085,1,candidate_diagnostic_only
uniform_16MHz,weak_close,16,17,15,0.15,0.24,3,0,12,20270209,3.57197755137319,3.55233013091445,3.57197755137319,0.571977551373188,0.552330130914446,0.571977551373188,0,0.474138167454081,0.0284784071315118,97.5782461779091,0.00311757091746179,0.00163941155574832,1,candidate_diagnostic_only
uniform_16MHz,weak_close,16,17,15,0.15,0.24,3,0,13,20270209,3.58300641498989,3.67189003936002,3.58300641498989,0.583006414989886,0.671890039360024,0.583006414989886,0,0.00035184041420884,0.0513606391250424,5.73951138077698,0.00161412336049116,0.00161355544665942,1,candidate_diagnostic_only
uniform_16MHz,weak_close,16,17,15,0.15,0.24,3,0,14,20270209,3.64534443400288,3.62671996556687,3.64534443400288,0.645344434002878,0.626719965566872,0.645344434002878,0,0.163648309639692,0.0199917148538096,99.9999999117131,0.00486839197188749,0.00407168785502465,0,weak_or_boundary_solution
uniform_16MHz,weak_close,16,17,15,0.15,0.24,3,0,15,20270209,3.60407774817878,3.5977929798153,3.60407774817878,0.60407774817878,0.597792979815298,0.60407774817878,0,0.00438087335751067,0.00242426897535509,99.9999978472307,0.00250076897155993,0.00248981341939913,0,weak_or_boundary_solution
uniform_16MHz,weak_close,16,17,15,0.15,0.24,3,0,16,20270209,3.31020727768032,3.26738475759209,3.31020727768032,0.310207277680316,0.267384757592094,0.310207277680316,0,0.49351013324466,0.0245027172569104,99.99770405621,0.00227333098056981,0.00115141910543959,1,candidate_diagnostic_only
uniform_16MHz,weak_close,16,17,15,0.15,0.24,3,0,17,20270209,3.53359976340239,3.54972785025768,3.53359976340239,0.533599763402394,0.549727850257684,0.533599763402394,0,0.0568502917572966,0.00879834180435599,99.9999996928758,0.0028583948712475,0.00269589428885952,0,weak_or_boundary_solution
uniform_16MHz,weak_close,16,17,15,0.15,0.24,3,0,18,20270209,3.45307061533308,3.43187719050099,3.45307061533308,0.453070615333077,0.431877190500992,0.453070615333077,0,0.120627063273246,0.0164794653158425,99.9999921030582,0.00443701938913943,0.00390179477054109,0,weak_or_boundary_solution
uniform_16MHz,weak_close,16,17,15,0.15,0.24,3,0,19,20270209,3.50522254054691,3.49164319649409,3.50522254054691,0.505222540546913,0.491643196494093,0.505222540546913,0,0.325726312037779,0.0201999515513516,99.9990748284922,0.00228981364821723,0.00154396109332966,1,candidate_diagnostic_only
uniform_16MHz,weak_close,16,17,15,0.15,0.24,3,0,20,20270209,3.61303484584918,4.18175284428131,3.61303484584918,0.61303484584918,1.18175284428131,0.61303484584918,0,0.290950383035972,0.16080428552191,14.9565979308569,0.00222284570412223,0.001576107895078,1,candidate_diagnostic_only
uniform_16MHz,weak_close,16,17,15,0.15,0.24,15,0,1,20270209,15.395241075541,15.3838287251091,15.395241075541,0.395241075541048,0.383828725109149,0.395241075541048,0,0.117007273990753,0.0128990696447806,99.9999999769393,0.00274941246507532,0.00242771120746066,0,weak_or_boundary_solution
uniform_16MHz,weak_close,16,17,15,0.15,0.24,15,0,2,20270209,15.4826712321492,15.4933226298542,15.4826712321492,0.482671232149201,0.493322629854152,0.482671232149201,0,0.103886733496914,0.00984825885732122,99.9995703623306,0.00167844919269355,0.00150408058872409,0,weak_or_boundary_solution
uniform_16MHz,weak_close,16,17,15,0.15,0.24,15,0,3,20270209,15.6291007376094,15.5950271760754,15.6291007376094,0.629100737609445,0.595027176075412,0.629100737609445,0,0.112235146568028,0.0151597122057999,99.9999306041133,0.00312627178699576,0.0027753942147708,0,weak_or_boundary_solution
uniform_16MHz,weak_close,16,17,15,0.15,0.24,15,0,4,20270209,15.4893368267941,15.0884379006786,15.4893368267941,0.489336826794073,0.0884379006786382,0.489336826794073,0,0.170014824281988,0.0530731606240749,40.4035511037465,0.00268724709811119,0.00223037525492353,1,candidate_diagnostic_only
uniform_16MHz,weak_close,16,17,15,0.15,0.24,15,0,5,20270209,15.4862623784026,15.4722898401867,15.4862623784026,0.486262378402593,0.472289840186686,0.486262378402593,0,0.0456457523070604,0.00891027591858965,90.7439340949421,0.00317191979475684,0.00302713512946751,0,weak_or_boundary_solution
uniform_16MHz,weak_close,16,17,15,0.15,0.24,15,0,6,20270209,15.5169406035768,14.3400328571507,15.5169406035768,0.516940603576804,-0.659967142849339,0.516940603576804,0,0.0760607744442745,0.203494458064797,26.0877480340478,0.0034779060773209,0.00321337384763543,1,candidate_diagnostic_only
uniform_16MHz,weak_close,16,17,15,0.15,0.24,15,0,7,20270209,15.5738589343034,15.5686065139181,15.5738589343034,0.573858934303395,0.568606513918077,0.573858934303395,0,0.210113337311431,0.0157538661335768,99.9996535353304,0.00263155956236805,0.00207863380038509,0,weak_or_boundary_solution
uniform_16MHz,weak_close,16,17,15,0.15,0.24,15,0,8,20270209,15.3997461887722,14.8327714649332,15.3997461887722,0.39974618877217,-0.167228535066826,0.39974618877217,0,0.211207650982619,0.106708070563717,27.1529351203587,0.00375511850277466,0.00296200874464225,1,candidate_diagnostic_only
uniform_16MHz,weak_close,16,17,15,0.15,0.24,15,0,9,20270209,15.5697514189412,15.5495799744324,15.5697514189412,0.569751418941159,0.549579974432376,0.569751418941159,0,0.318534042559519,0.0140574153440666,98.9968874334512,0.00120869680561886,0.000823685725896306,0,weak_or_boundary_solution
uniform_16MHz,weak_close,16,17,15,0.15,0.24,15,0,10,20270209,15.7657845755764,15.7524335365273,15.7657845755764,0.765784575576449,0.752433536527327,0.765784575576449,0,0.0575174738680717,0.00948955693675707,99.997971545594,0.0029881030555079,0.00281623491609762,0,weak_or_boundary_solution
uniform_16MHz,weak_close,16,17,15,0.15,0.24,15,0,11,20270209,15.587470313876,16.6671753575716,15.587470313876,0.587470313876024,1.66717535757157,0.587470313876024,0,0.126596636446427,0.229676627567922,14.1869655658503,0.00407003461502553,0.00355478192254277,1,candidate_diagnostic_only
uniform_16MHz,weak_close,16,17,15,0.15,0.24,15,0,12,20270209,15.5300356524684,15.519251605346,15.5300356524684,0.530035652468413,0.519251605346049,0.530035652468413,0,0.235551148512652,0.0131349794536013,99.9679650001833,0.00148661544177675,0.00113644146706959,0,weak_or_boundary_solution
uniform_16MHz,weak_close,16,17,15,0.15,0.24,15,0,13,20270209,15.8415455433334,16.8360616996694,15.8415455433334,0.84154554333344,1.83606169966943,0.84154554333344,0,0.0489531885353743,0.165815989749863,19.5857768998547,0.00478315579328803,0.00454900506594513,1,candidate_diagnostic_only
uniform_16MHz,weak_close,16,17,15,0.15,0.24,15,0,14,20270209,15.3942847546302,15.0932615611328,15.3942847546302,0.39428475463019,0.0932615611327776,0.39428475463019,0,0.0227706486580085,0.108703279002678,12.9248647700532,0.00228645813119832,0.00223439399642156,1,candidate_diagnostic_only
uniform_16MHz,weak_close,16,17,15,0.15,0.24,15,0,15,20270209,15.6032243743664,13.30532997662,15.6032243743664,0.603224374366429,-1.69467002337999,0.603224374366429,0,0.165103767207909,0.699568420540376,20.2194202995141,0.00307214065678618,0.0025649186609582,1,candidate_diagnostic_only
uniform_16MHz,weak_close,16,17,15,0.15,0.24,15,0,16,20270209,15.6880638025256,15.6771099816068,15.6880638025256,0.688063802525621,0.677109981606755,0.688063802525621,0,0.0240184367081633,0.00732031149147551,99.9835059789478,0.00373170476018392,0.00364207504558789,0,weak_or_boundary_solution
uniform_16MHz,weak_close,16,17,15,0.15,0.24,15,0,17,20270209,15.4743307640337,15.477530851275,15.4743307640337,0.474330764033651,0.477530851274995,0.474330764033651,0,0.218657393661698,0.0202259219884972,99.9023530606731,0.00393123360847603,0.00307164031377138,1,candidate_diagnostic_only
uniform_16MHz,weak_close,16,17,15,0.15,0.24,15,0,18,20270209,15.5753423874563,16.6255505591126,15.5753423874563,0.575342387456335,1.62555055911262,0.575342387456335,0,0.159400771691108,0.156245998827994,23.922905993219,0.0032862005886376,0.00276237767887699,1,candidate_diagnostic_only
uniform_16MHz,weak_close,16,17,15,0.15,0.24,15,0,19,20270209,15.4442828522818,15.4419468176613,15.4442828522818,0.444282852281807,0.44194681766129,0.444282852281807,0,0.0145983824568515,0.0063160075745072,99.9999999053771,0.00524800378354096,0.00517139141717382,0,weak_or_boundary_solution
uniform_16MHz,weak_close,16,17,15,0.15,0.24,15,0,20,20270209,15.4484339685044,15.4376638689733,15.4484339685044,0.448433968504387,0.437663868973264,0.448433968504387,0,0.0717083393612505,0.00636654216233864,99.9999995075806,0.00106427859935221,0.000987960948374944,0,weak_or_boundary_solution
uniform_16MHz,weak_close,16,17,15,0.15,0.24,3,15,1,20270209,3.59352032076221,3.59391519512313,3.59352032076221,0.593520320762209,0.593915195123127,0.593520320762209,0,0,1.94751298048956e-13,88.385756548161,6.80728613815518e-05,6.807286138244e-05,0,weak_or_boundary_solution
uniform_16MHz,weak_close,16,17,15,0.15,0.24,3,15,2,20270209,3.55344768237905,4.07676599933907,3.55344768237905,0.553447682379048,1.07676599933907,0.553447682379048,0,0.0430914830739347,0.136825876428669,11.6399124893256,0.00021151125108676,0.000202396917590608,1,candidate_diagnostic_only
uniform_16MHz,weak_close,16,17,15,0.15,0.24,3,15,3,20270209,3.5622432516918,3.69526509730387,3.5622432516918,0.562243251691803,0.695265097303873,0.562243251691803,0,0.000147395886988627,0.0904701229147637,5.00116659532349,0.000160749270996741,0.000160725577215359,1,candidate_diagnostic_only
uniform_16MHz,weak_close,16,17,15,0.15,0.24,3,15,4,20270209,3.53977570162312,3.69971769585229,3.53977570162312,0.539775701623117,0.699717695852288,0.539775701623117,0,0.00807287812204757,0.115920390966856,5.00037193983682,0.000205445816766403,0.000203787277726963,1,candidate_diagnostic_only
uniform_16MHz,weak_close,16,17,15,0.15,0.24,3,15,5,20270209,3.52928439155544,2.93582483742363,3.52928439155544,0.529284391555437,-0.0641751625763671,0.529284391555437,0,0.305203683490061,0.183811764263343,14.0747595037197,0.000217482195128627,0.000151105828081866,1,candidate_diagnostic_only
uniform_16MHz,weak_close,16,17,15,0.15,0.24,3,15,6,20270209,3.59666760250582,3.36556587429492,3.59666760250582,0.596667602505818,0.365565874294919,0.596667602505818,0,0.190256427432802,0.0827180119984233,12.216249188587,0.000105978220329428,8.58151827438647e-05,1,candidate_diagnostic_only
uniform_16MHz,weak_close,16,17,15,0.15,0.24,3,15,7,20270209,3.54037432854708,3.32332133312366,3.54037432854708,0.540374328547079,0.32332133312366,0.540374328547079,0,0.0939273801188567,0.0954600119767082,10.1362565911343,0.000155647247155999,0.000141027709007924,1,candidate_diagnostic_only
uniform_16MHz,weak_close,16,17,15,0.15,0.24,3,15,8,20270209,3.55323798435826,3.5736326797466,3.55323798435826,0.553237984358263,0.573632679746603,0.553237984358263,0,0.0127093858447033,0.04852256156198,5.75798732613415,0.000210423977546448,0.000207749618024833,1,candidate_diagnostic_only
uniform_16MHz,weak_close,16,17,15,0.15,0.24,3,15,9,20270209,3.5285255730177,3.50762007180591,3.5285255730177,0.528525573017698,0.507620071805912,0.528525573017698,0,0.0121453523554078,0.0740747795531358,5.35396762161623,0.000275341931219142,0.000271997806446267,1,candidate_diagnostic_only
uniform_16MHz,weak_close,16,17,15,0.15,0.24,3,15,10,20270209,3.53812859698858,3.54140832140198,3.53812859698858,0.538128596988582,0.541408321401979,0.538128596988582,0,0.0769406796745413,0.0031007851495854,99.5916613691539,0.00013214821265306,0.000121980639353758,0,weak_or_boundary_solution
uniform_16MHz,weak_close,16,17,15,0.15,0.24,3,15,11,20270209,3.57271757148036,4.20550043752512,3.57271757148036,0.572717571480359,1.20550043752512,0.572717571480359,0,0.202943816433188,0.1590353406365,11.947427808242,0.000139202966551233,0.000110952585260504,1,candidate_diagnostic_only
uniform_16MHz,weak_close,16,17,15,0.15,0.24,3,15,12,20270209,3.55049970464719,3.5508053637881,3.55049970464719,0.55049970464719,0.5508053637881,0.55049970464719,0,1.4062745037004e-11,9.3558903147088e-14,88.3819419390892,0.000110526944091305,0.000110526944089751,0,weak_or_boundary_solution
uniform_16MHz,weak_close,16,17,15,0.15,0.24,3,15,13,20270209,3.561416603367,2.66416571955562,3.561416603367,0.561416603367002,-0.335834280444377,0.561416603367002,0,0.278596569212737,0.276048642702749,14.6496134033621,0.000287935669105233,0.000207717779538541,1,candidate_diagnostic_only
uniform_16MHz,weak_close,16,17,15,0.15,0.24,3,15,14,20270209,3.55773344733712,3.55982705433287,3.55773344733712,0.557733447337116,0.559827054332866,0.557733447337116,0,0,4.37223573469648e-14,88.6053076504904,0.000114967371947827,0.000114967371948493,0,weak_or_boundary_solution
uniform_16MHz,weak_close,16,17,15,0.15,0.24,3,15,15,20270209,3.54075735102025,3.86999139094714,3.54075735102025,0.540757351020248,0.869991390947138,0.540757351020248,0,0.0974175348230871,0.116233876129309,9.29517805158759,0.000166415174652546,0.000150203418580741,1,candidate_diagnostic_only
uniform_16MHz,weak_close,16,17,15,0.15,0.24,3,15,16,20270209,3.57415945071629,3.5772335921188,3.57415945071629,0.574159450716293,0.577233592118802,0.574159450716293,0,1.4630395420353e-11,3.10834868025972e-14,88.1606325054818,0.000288361822928351,0.000288361822924132,0,weak_or_boundary_solution
uniform_16MHz,weak_close,16,17,15,0.15,0.24,3,15,17,20270209,3.53469329136006,3.53162529362462,3.53469329136006,0.534693291360063,0.531625293624617,0.534693291360063,0,0.0829442328616841,0.0027423605253166,99.9999782779649,0.000159546108311259,0.000146312678751315,0,weak_or_boundary_solution
uniform_16MHz,weak_close,16,17,15,0.15,0.24,3,15,18,20270209,3.55221937007706,3.55071452547136,3.55221937007706,0.552219370077061,0.550714525471356,0.552219370077061,0,0,2.59926009058474e-14,97.1515266244769,0.00016355607817542,0.000163556078176974,0,weak_or_boundary_solution
uniform_16MHz,weak_close,16,17,15,0.15,0.24,3,15,19,20270209,3.57883479217005,4.1087846094511,3.57883479217005,0.578834792170052,1.1087846094511,0.578834792170052,0,0.0765897113237676,0.190465993052947,7.84677360164107,0.00012443746940427,0.000114906839544737,1,candidate_diagnostic_only
uniform_16MHz,weak_close,16,17,15,0.15,0.24,3,15,20,20270209,3.52243808190647,3.4830087141855,3.52243808190647,0.522438081906471,0.483008714185503,0.522438081906471,0,0.117930981116871,0.170161050041967,5.46886920645954,0.000157018779139984,0.000138501400462232,1,candidate_diagnostic_only
uniform_16MHz,weak_close,16,17,15,0.15,0.24,15,15,1,20270209,15.5473411295044,16.3047073519554,15.5473411295044,0.547341129504376,1.30470735195541,0.547341129504376,0,0.140775360623382,0.163679769274412,14.1648862446189,0.00027529306993701,0.00023653858873951,1,candidate_diagnostic_only
uniform_16MHz,weak_close,16,17,15,0.15,0.24,15,15,2,20270209,15.5396951366611,15.5504557414406,15.5396951366611,0.539695136661068,0.550455741440587,0.539695136661068,0,0.0140265867727346,0.0380834788189452,6.88748800336182,0.000211093428472031,0.000208132508180414,1,candidate_diagnostic_only
uniform_16MHz,weak_close,16,17,15,0.15,0.24,15,15,3,20270209,15.5544043595868,15.9294559661658,15.5544043595868,0.554404359586821,0.929455966165847,0.554404359586821,0,0.0664381961994499,0.140332238629887,8.13624012542716,0.000131102595849031,0.000122392375863756,1,candidate_diagnostic_only
uniform_16MHz,weak_close,16,17,15,0.15,0.24,15,15,4,20270209,15.5611690795269,15.4010390432643,15.5611690795269,0.561169079526875,0.40103904326433,0.561169079526875,0,0.396595649299942,0.0681698615107548,14.8585776940197,0.000190145070746883,0.00011473436295284,1,candidate_diagnostic_only
uniform_16MHz,weak_close,16,17,15,0.15,0.24,15,15,5,20270209,15.5883961935695,15.4374868548542,15.5883961935695,0.588396193569508,0.43748685485418,0.588396193569508,0,0.0661601066323704,0.0784422301588675,8.26430505768049,0.000158689021287461,0.000148190138717696,1,candidate_diagnostic_only
uniform_16MHz,weak_close,16,17,15,0.15,0.24,15,15,6,20270209,15.5481520876146,15.4597102326492,15.5481520876146,0.548152087614561,0.459710232649226,0.548152087614561,0,0.123938778132408,0.0121913911802791,37.3529872274712,0.000161341130813453,0.000141344708197932,0,weak_or_boundary_solution
uniform_16MHz,weak_close,16,17,15,0.15,0.24,15,15,7,20270209,15.5630769962351,15.8254455865753,15.5630769962351,0.563076996235088,0.825445586575348,0.563076996235088,0,0.0238573091665748,0.0527883366833775,17.1591037843069,0.000234163492753625,0.000228576981911477,1,candidate_diagnostic_only
uniform_16MHz,weak_close,16,17,15,0.15,0.24,15,15,8,20270209,15.5345183658029,15.5151353354462,15.5345183658029,0.534518365802915,0.515135335446246,0.534518365802915,0,0.170701361750207,0.00512458215865601,61.2896053122176,0.000171895220508755,0.000142552472289559,0,weak_or_boundary_solution
uniform_16MHz,weak_close,16,17,15,0.15,0.24,15,15,9,20270209,15.5735714079132,15.2926991111066,15.5735714079132,0.573571407913157,0.292699111106558,0.573571407913157,0,0.161137251490683,0.0450771224772343,25.9690181582671,0.000190121213699657,0.000159485603874021,1,candidate_diagnostic_only
uniform_16MHz,weak_close,16,17,15,0.15,0.24,15,15,10,20270209,15.5222893226749,15.5222001386467,15.5222893226749,0.522289322674943,0.522200138646651,0.522289322674943,0,7.7223557702818e-12,7.63904260842658e-14,39.8094915749726,0.000115013921414775,0.000115013921413887,0,weak_or_boundary_solution
uniform_16MHz,weak_close,16,17,15,0.15,0.24,15,15,11,20270209,15.5368689643675,15.2440711537966,15.5368689643675,0.536868964367457,0.2440711537966,0.536868964367457,0,0.221464912607833,0.149289459418352,10.6597143284647,0.000262195416555588,0.000204128331541931,1,candidate_diagnostic_only
uniform_16MHz,weak_close,16,17,15,0.15,0.24,15,15,12,20270209,15.5545114337655,15.7537887070861,15.5545114337655,0.554511433765542,0.753788707086144,0.554511433765542,0,0.0669948296496526,0.180793176791274,5.00109270457365,0.00021940509651186,0.000204706089446782,1,candidate_diagnostic_only
uniform_16MHz,weak_close,16,17,15,0.15,0.24,15,15,13,20270209,15.5350875254792,16.2030895783878,15.5350875254792,0.535087525479248,1.20308957838779,0.535087525479248,0,0.118778696106529,0.149291438941326,13.7790744691072,0.000215100804870971,0.000189551411736932,1,candidate_diagnostic_only
uniform_16MHz,weak_close,16,17,15,0.15,0.24,15,15,14,20270209,15.5706625634301,15.5667151700606,15.5706625634301,0.570662563430112,0.566715170060597,0.570662563430112,0,0.105860435706641,0.00278463186889318,66.786029811234,0.000169146646120222,0.000151240708463618,0,weak_or_boundary_solution
uniform_16MHz,weak_close,16,17,15,0.15,0.24,15,15,15,20270209,15.5608351356074,15.5818400470525,15.5608351356074,0.560835135607372,0.581840047052516,0.560835135607372,0,0.00373358365966346,0.0134562448086288,9.60968471468223,0.000245139716439358,0.000244224466799725,0,weak_or_boundary_solution
uniform_16MHz,weak_close,16,17,15,0.15,0.24,15,15,16,20270209,15.5647962837006,15.5298846477187,15.5647962837006,0.564796283700597,0.529884647718744,0.564796283700597,0,0.395763037981149,0.0101164107329909,42.5502968981516,0.0002410096695451,0.000145626950543098,0,weak_or_boundary_solution
uniform_16MHz,weak_close,16,17,15,0.15,0.24,15,15,17,20270209,15.5301638810915,14.9534856632581,15.5301638810915,0.53016388109152,-0.0465143367418719,0.53016388109152,0,0.309822131606314,0.115000870621719,20.6255584767982,0.000122868029564405,8.48007947384932e-05,1,candidate_diagnostic_only
uniform_16MHz,weak_close,16,17,15,0.15,0.24,15,15,18,20270209,15.5625374537044,15.6297319068219,15.5625374537044,0.562537453704413,0.62973190682191,0.562537453704413,0,0.000119688246894968,0.0421039851745657,5.11226377412792,0.000213605055650046,0.000213579489635407,1,candidate_diagnostic_only
uniform_16MHz,weak_close,16,17,15,0.15,0.24,15,15,19,20270209,15.5541295555541,15.5556230909803,15.5541295555541,0.554129555554079,0.555623090980264,0.554129555554079,0,1.59555833933454e-12,7.74908659289383e-14,27.6327982549022,0.000139164203182718,0.000139164203182496,0,weak_or_boundary_solution
uniform_16MHz,weak_close,16,17,15,0.15,0.24,15,15,20,20270209,15.5595442146353,15.9451677256183,15.5595442146353,0.559544214635286,0.945167725618301,0.559544214635286,0,0.186292093449966,0.13839882841427,9.32995270169864,0.000226278437455818,0.000184124553639586,1,candidate_diagnostic_only
uniform_16MHz,weak_close,16,17,15,0.15,0.24,3,30,1,20270209,3.55104067585722,3.55732076776245,3.55104067585722,0.551040675857218,0.55732076776245,0.551040675857218,0,0.546992239162417,0.00422911813639657,99.9945992595614,5.88485222807744e-05,2.66588373070142e-05,0,weak_or_boundary_solution
uniform_16MHz,weak_close,16,17,15,0.15,0.24,3,30,2,20270209,3.55205647164641,3.69010928936997,3.55205647164641,0.552056471646415,0.690109289369969,0.552056471646415,0,0.0494532498321128,0.115124829659411,5.11590131658294,8.37910956676957e-05,7.96473536799347e-05,1,candidate_diagnostic_only
uniform_16MHz,weak_close,16,17,15,0.15,0.24,3,30,3,20270209,3.59296853263194,4.53660328705943,3.59296853263194,0.592968532631942,1.53660328705943,0.592968532631942,0,0.165032465961579,0.263492667372894,9.28368902541715,0.000135023173318594,0.000112739966063868,1,candidate_diagnostic_only
uniform_16MHz,weak_close,16,17,15,0.15,0.24,3,30,4,20270209,3.56641858505845,3.46590062549381,3.56641858505845,0.566418585058449,0.465900625493811,0.566418585058449,0,0.295027811466282,0.0661386079619371,11.1832530628404,0.000100622802333694,7.09362771775801e-05,1,candidate_diagnostic_only
uniform_16MHz,weak_close,16,17,15,0.15,0.24,3,30,5,20270209,3.56435671968778,3.43136979074579,3.56435671968778,0.56435671968778,0.431369790745789,0.56435671968778,0,0.192678032773655,0.144523470594986,7.64840502895261,0.000152214196933675,0.000122885864908273,1,candidate_diagnostic_only
uniform_16MHz,weak_close,16,17,15,0.15,0.24,3,30,6,20270209,3.5579462622472,3.55529716323097,3.5579462622472,0.557946262247202,0.555297163230968,0.557946262247202,0,0.0607437245807102,0.00205623577204569,99.9999956835185,0.000128377601398721,0.000120579467737025,0,weak_or_boundary_solution
uniform_16MHz,weak_close,16,17,15,0.15,0.24,3,30,7,20270209,3.55775799929939,3.73031515104659,3.55775799929939,0.557757999299391,0.730315151046587,0.557757999299391,0,0.137456288227042,0.150905777400521,5.00001494806383,5.6369634643394e-05,4.86212738965985e-05,1,candidate_diagnostic_only
uniform_16MHz,weak_close,16,17,15,0.15,0.24,3,30,8,20270209,3.54661713488565,3.55116329596414,3.54661713488565,0.54661713488565,0.551163295964141,0.54661713488565,0,0.177356285935209,0.00268922080354471,99.9994945180258,7.36546802460047e-05,6.0591559715828e-05,0,weak_or_boundary_solution
uniform_16MHz,weak_close,16,17,15,0.15,0.24,3,30,9,20270209,3.56511047444481,3.5659429623242,3.56511047444481,0.565110474444806,0.565942962324198,0.565110474444806,0,0,9.16830150336484e-13,87.154469733021,7.78565904209216e-05,7.7856590422698e-05,0,weak_or_boundary_solution
uniform_16MHz,weak_close,16,17,15,0.15,0.24,3,30,10,20270209,3.55897701032248,3.73985061927574,3.55897701032248,0.558977010322477,0.739850619275741,0.558977010322477,0,0.0159721059839097,0.121214064111921,5.00000003828514,0.000113441050436425,0.000111629157955928,1,candidate_diagnostic_only
uniform_16MHz,weak_close,16,17,15,0.15,0.24,3,30,11,20270209,3.58306388657081,3.76411023207551,3.58306388657081,0.583063886570805,0.76411023207551,0.583063886570805,0,0.026135380920312,0.124155164227773,5.0000090577787,9.85179473678155e-05,9.59431432858704e-05,1,candidate_diagnostic_only
uniform_16MHz,weak_close,16,17,15,0.15,0.24,3,30,12,20270209,3.576078165432,3.57690618340704,3.576078165432,0.576078165432,0.576906183407042,0.576078165432,0,0.0318129499015194,0.00151126676882564,90.6807515834069,0.000158462120200431,0.000153420972709206,0,weak_or_boundary_solution
uniform_16MHz,weak_close,16,17,15,0.15,0.24,3,30,13,20270209,3.57132677361443,3.2750166269067,3.57132677361443,0.571326773614429,0.275016626906696,0.571326773614429,0,0.192496177329453,0.171875980039182,8.27208224943945,9.14989200240246e-05,7.38857276896265e-05,1,candidate_diagnostic_only
uniform_16MHz,weak_close,16,17,15,0.15,0.24,3,30,14,20270209,3.56908685584997,3.56993835871272,3.56908685584997,0.56908685584997,0.569938358712717,0.56908685584997,0,8.01212218288424e-10,1.04127374819055e-12,88.1326413669273,6.04156087098406e-05,6.04156086614349e-05,0,weak_or_boundary_solution
uniform_16MHz,weak_close,16,17,15,0.15,0.24,3,30,15,20270209,3.55452717954456,4.02624160945667,3.55452717954456,0.554527179544563,1.02624160945667,0.554527179544563,0,0.340208102422471,0.114405486755049,13.4016249434619,9.93922131706793e-05,6.55781769323127e-05,1,candidate_diagnostic_only
uniform_16MHz,weak_close,16,17,15,0.15,0.24,3,30,16,20270209,3.58920138533865,3.59158249778955,3.58920138533865,0.589201385338648,0.591582497789551,0.589201385338648,0,0.0552646571609197,0.00170045234460825,89.3824248108536,0.000102381609625724,9.67235250701748e-05,0,weak_or_boundary_solution
uniform_16MHz,weak_close,16,17,15,0.15,0.24,3,30,17,20270209,3.56078099316483,3.56077308452548,3.56078099316483,0.560780993164832,0.560773084525479,0.560780993164832,0,0.0394503990929609,0.00150735081422567,78.9624964179803,9.43009922882432e-05,9.05807805076098e-05,0,weak_or_boundary_solution
uniform_16MHz,weak_close,16,17,15,0.15,0.24,3,30,18,20270209,3.55810868679725,3.55846934403662,3.55810868679725,0.55810868679725,0.55846934403662,0.55810868679725,0,9.90006471097999e-12,1.14306952162917e-13,88.5334757180042,6.72858041055324e-05,6.72858041048663e-05,0,weak_or_boundary_solution
uniform_16MHz,weak_close,16,17,15,0.15,0.24,3,30,19,20270209,3.55864256718652,3.5689106341465,3.55864256718652,0.558642567186522,0.568910634146502,0.558642567186522,0,0.235812682251251,0.00407180623704925,46.2318559416531,8.68585907163322e-05,6.63762334629503e-05,0,weak_or_boundary_solution
uniform_16MHz,weak_close,16,17,15,0.15,0.24,3,30,20,20270209,3.55897976293286,3.29979700491477,3.55897976293286,0.558979762932855,0.299797004914765,0.558979762932855,0,0.111656236574629,0.101536871423109,10.7903984609079,0.000145678213095968,0.000129412332070755,1,candidate_diagnostic_only
uniform_16MHz,weak_close,16,17,15,0.15,0.24,15,30,1,20270209,15.5683449901857,15.5688217211904,15.5683449901857,0.568344990185693,0.568821721190357,0.568344990185693,0,0,1.254991837414e-12,24.5603531643941,9.86378808787158e-05,9.86378808824906e-05,0,weak_or_boundary_solution
uniform_16MHz,weak_close,16,17,15,0.15,0.24,15,30,2,20270209,15.5639952714499,15.5652891904097,15.5639952714499,0.563995271449869,0.565289190409676,0.563995271449869,0,2.46265178765675e-11,6.28545311589058e-15,24.2345913161082,9.91813242301465e-05,9.9181324227704e-05,0,weak_or_boundary_solution
uniform_16MHz,weak_close,16,17,15,0.15,0.24,15,30,3,20270209,15.5388268253207,15.4283785417839,15.5388268253207,0.538826825320651,0.428378541783907,0.538826825320651,0,0.0753454453654091,0.102489184582853,6.34650293142529,8.67689345991352e-05,8.02312905778813e-05,1,candidate_diagnostic_only
uniform_16MHz,weak_close,16,17,15,0.15,0.24,15,30,4,20270209,15.5309742747248,15.5184060223925,15.5309742747248,0.530974274724752,0.518406022392469,0.530974274724752,0,0.16763504072814,0.00304183727900967,65.6545445330598,6.44005799013136e-05,5.36047860666411e-05,0,weak_or_boundary_solution
uniform_16MHz,weak_close,16,17,15,0.15,0.24,15,30,5,20270209,15.5468593211111,15.462482059883,15.5468593211111,0.546859321111087,0.462482059883012,0.546859321111087,0,0.114654851049804,0.102150010103287,6.01389687141497,5.66766915413019e-05,5.01784339146383e-05,1,candidate_diagnostic_only
uniform_16MHz,weak_close,16,17,15,0.15,0.24,15,30,6,20270209,15.5659619928295,16.0322121667405,15.5659619928295,0.565961992829543,1.03221216674055,0.565961992829543,0,0.173774152314475,0.235358541990738,5.40361922382344,6.57841907281131e-05,5.43525987486415e-05,1,candidate_diagnostic_only
uniform_16MHz,weak_close,16,17,15,0.15,0.24,15,30,7,20270209,15.5528325314925,15.5547046436912,15.5528325314925,0.552832531492536,0.554704643691224,0.552832531492536,0,0.0549576761796644,0.00106191956651294,76.4909774561924,3.95661884025067e-05,3.73917226326181e-05,0,weak_or_boundary_solution
uniform_16MHz,weak_close,16,17,15,0.15,0.24,15,30,8,20270209,15.5782279353443,15.7909982412738,15.5782279353443,0.578227935344289,0.790998241273783,0.578227935344289,0,0.0401165399147722,0.153453171371617,5.00031587868981,0.000114101909767461,0.000109524535949923,1,candidate_diagnostic_only
uniform_16MHz,weak_close,16,17,15,0.15,0.24,15,30,9,20270209,15.5741170608991,15.5694589376852,15.5741170608991,0.574117060899066,0.569458937685212,0.574117060899066,0,0.0193874254756743,0.00122061091800018,58.3261796293193,8.35025590935068e-05,8.18836594520533e-05,0,weak_or_boundary_solution
uniform_16MHz,weak_close,16,17,15,0.15,0.24,15,30,10,20270209,15.5475569474619,15.8348837202821,15.5475569474619,0.547556947461926,0.834883720282066,0.547556947461926,0,0.039507672790539,0.174108496422199,5.00000054559493,9.74395381851956e-05,9.35899287937136e-05,1,candidate_diagnostic_only
uniform_16MHz,weak_close,16,17,15,0.15,0.24,15,30,11,20270209,15.5650994188517,15.5490285658536,15.5650994188517,0.565099418851654,0.549028565853586,0.565099418851654,0,0.0697555095956443,0.00342211732233417,24.8014945195839,5.43723724701906e-05,5.05795999206082e-05,0,weak_or_boundary_solution
uniform_16MHz,weak_close,16,17,15,0.15,0.24,15,30,12,20270209,15.5637132006707,15.4851178349722,15.5637132006707,0.563713200670719,0.485117834972215,0.563713200670719,0,0.307692407132071,0.012702863677084,34.0796750225733,9.47616662094752e-05,6.56042210296359e-05,0,weak_or_boundary_solution
uniform_16MHz,weak_close,16,17,15,0.15,0.24,15,30,13,20270209,15.5590932605947,15.5662455886163,15.5590932605947,0.559093260594695,0.566245588616255,0.559093260594695,0,0.378542086510037,0.00284875346748843,99.8095406143889,3.70747302966823e-05,2.30403845333793e-05,0,weak_or_boundary_solution
uniform_16MHz,weak_close,16,17,15,0.15,0.24,15,30,14,20270209,15.5544196215892,15.5543905714832,15.5544196215892,0.554419621589178,0.554390571483189,0.554419621589178,0,0.00562531325963387,0.000567186770472818,44.5986789507108,7.04561056927844e-05,7.00597680272086e-05,0,weak_or_boundary_solution
uniform_16MHz,weak_close,16,17,15,0.15,0.24,15,30,15,20270209,15.5774201130483,15.5283053065019,15.5774201130483,0.577420113048252,0.528305306501878,0.577420113048252,0,0.009603898070518,0.00777353133615031,27.3479804717255,0.000124059476686922,0.000122868022118139,0,weak_or_boundary_solution
uniform_16MHz,weak_close,16,17,15,0.15,0.24,15,30,16,20270209,15.553800968618,15.5577180298554,15.553800968618,0.553800968618036,0.557718029855359,0.553800968618036,0,0.398104597676369,0.00481531006487341,95.4120736513819,0.000126234843148776,7.59801717042929e-05,0,weak_or_boundary_solution
uniform_16MHz,weak_close,16,17,15,0.15,0.24,15,30,17,20270209,15.5446930003196,15.5396131876017,15.5446930003196,0.544693000319628,0.539613187601681,0.544693000319628,0,0.275552557798254,0.00274121336497654,71.8418342308527,4.56278993568038e-05,3.30550149820752e-05,0,weak_or_boundary_solution
uniform_16MHz,weak_close,16,17,15,0.15,0.24,15,30,18,20270209,15.5809615479191,15.390148872992,15.5809615479191,0.580961547919056,0.390148872991958,0.580961547919056,0,0.281240375660866,0.0831068549552862,11.7951622813866,0.000141600215770366,0.000101776517893448,1,candidate_diagnostic_only
uniform_16MHz,weak_close,16,17,15,0.15,0.24,15,30,19,20270209,15.5533984763304,15.5547154863951,15.5533984763304,0.553398476330411,0.554715486395139,0.553398476330411,0,0.0376495635477835,0.00131005620906149,88.1884636245696,8.12451977381112e-05,7.8186351502918e-05,0,weak_or_boundary_solution
uniform_16MHz,weak_close,16,17,15,0.15,0.24,15,30,20,20270209,15.5635027423002,15.5083360394331,15.5635027423002,0.563502742300155,0.508336039433111,0.563502742300155,0,0.144185002901639,0.00791832149233635,45.2071675961974,0.000143885076566264,0.000123139006384054,0,weak_or_boundary_solution
uniform_16MHz,original_echo,16,17,25,0.25,0.4,3,0,1,20270209,4.25149267398362,3.56041424023519,4.25149267398362,1.25149267398362,0.56041424023519,1.25149267398362,0,0.424775336590858,0.115955563812422,32.9475482727372,0.00410588081993657,0.00236180391264607,1,candidate_diagnostic_only
uniform_16MHz,original_echo,16,17,25,0.25,0.4,3,0,2,20270209,4.29223576887753,3.09649338947824,4.29223576887753,1.29223576887753,0.0964933894782369,1.29223576887753,0,0.248866998271347,0.283475780709701,22.3522864738948,0.00481688917996359,0.00361812442874032,1,candidate_diagnostic_only
uniform_16MHz,original_echo,16,17,25,0.25,0.4,3,0,3,20270209,4.12260031841456,2.61984778694733,4.12260031841456,1.12260031841456,-0.38015221305267,1.12260031841456,0,0.351983657561217,0.27055612666026,27.2674160304598,0.00259025535077195,0.00167852779838973,1,candidate_diagnostic_only
uniform_16MHz,original_echo,16,17,25,0.25,0.4,3,0,4,20270209,4.26704727771834,1.28580434663301,4.26704727771834,1.26704727771834,-1.71419565336699,1.26704727771834,0,0.224011466806184,0.567363994073681,29.9273641923189,0.00689394014713796,0.00534961850270355,1,candidate_diagnostic_only
uniform_16MHz,original_echo,16,17,25,0.25,0.4,3,0,5,20270209,4.06145388519507,1.09901196858423,4.06145388519507,1.06145388519507,-1.90098803141577,1.06145388519507,0,0.260991329371758,0.534146294434262,30.4045932365597,0.002732749350977,0.00201952546502571,1,candidate_diagnostic_only
uniform_16MHz,original_echo,16,17,25,0.25,0.4,3,0,6,20270209,4.0878595410679,1.12318032690984,4.0878595410679,1.0878595410679,-1.87681967309016,1.0878595410679,0,0.670496567115645,0.48004692224322,34.9785184339265,0.00517909939768413,0.00170653103078622,1,candidate_diagnostic_only
uniform_16MHz,original_echo,16,17,25,0.25,0.4,3,0,7,20270209,4.27434156680808,3.22874963801612,4.27434156680808,1.27434156680808,0.22874963801612,1.27434156680808,0,0.110825392405434,0.202087368659431,23.9757857403544,0.00377340303952267,0.00335521416696372,1,candidate_diagnostic_only
uniform_16MHz,original_echo,16,17,25,0.25,0.4,3,0,8,20270209,4.29775456741346,3.7105762139348,4.29775456741346,1.29775456741346,0.710576213934798,1.29775456741346,0,0.470789569125606,0.0846802555370647,41.3006138987302,0.00361140357026368,0.00191119243948057,1,candidate_diagnostic_only
uniform_16MHz,original_echo,16,17,25,0.25,0.4,3,0,9,20270209,4.33401649995204,2.34007939410501,4.33401649995204,1.33401649995204,-0.659920605894988,1.33401649995204,0,0.347720303597837,0.521623345657909,21.7270856581253,0.00270573896996606,0.00176489859387297,1,candidate_diagnostic_only
uniform_16MHz,original_echo,16,17,25,0.25,0.4,3,0,10,20270209,4.1462568306911,1.45585180597223,4.1462568306911,1.1462568306911,-1.54414819402777,1.1462568306911,0,0.52197581348168,0.613025397521216,26.4917833979193,0.00408999214708894,0.00195511516897851,1,candidate_diagnostic_only
uniform_16MHz,original_echo,16,17,25,0.25,0.4,3,0,11,20270209,4.24945307743504,5.64049194531313,4.24945307743504,1.24945307743504,2.64049194531313,1.24945307743504,0,0.408489294062216,0.263439150021923,16.7163480386884,0.00441568085224797,0.00261192249810915,1,candidate_diagnostic_only
uniform_16MHz,original_echo,16,17,25,0.25,0.4,3,0,12,20270209,4.04322263606569,3.81822081429395,4.04322263606569,1.04322263606569,0.818220814293947,1.04322263606569,0,0.177356538789397,0.0328349575475176,39.8701335907125,0.00154897473529703,0.00127425393757252,1,candidate_diagnostic_only
uniform_16MHz,original_echo,16,17,25,0.25,0.4,3,0,13,20270209,4.21455012557854,1.320891532022,4.21455012557854,1.21455012557854,-1.679108467978,1.21455012557854,0,0.583716518029432,0.443733736316065,36.7321721820271,0.00581193747691122,0.00241941356988384,1,candidate_diagnostic_only
uniform_16MHz,original_echo,16,17,25,0.25,0.4,3,0,14,20270209,4.18081667921543,4.18534581881732,4.18081667921543,1.18081667921543,1.18534581881732,1.18081667921543,0,0.208340041294699,0.0176639538264654,99.9990792976825,0.00266697196783139,0.00211133491792159,0,weak_or_boundary_solution
uniform_16MHz,original_echo,16,17,25,0.25,0.4,3,0,15,20270209,4.2670571009021,2.82023476753524,4.2670571009021,1.2670571009021,-0.17976523246476,1.2670571009021,0,0.415548346006194,0.36720283303733,22.4054424833267,0.00442670302465276,0.00258719390449769,1,candidate_diagnostic_only
uniform_16MHz,original_echo,16,17,25,0.25,0.4,3,0,16,20270209,4.3230118873775,3.58869272084626,4.3230118873775,1.3230118873775,0.588692720846261,1.3230118873775,0,0.398418580513692,0.117909008698951,32.8891458221108,0.00351139042094828,0.00211238723380469,1,candidate_diagnostic_only
uniform_16MHz,original_echo,16,17,25,0.25,0.4,3,0,17,20270209,4.24932929895098,1.25387929149025,4.24932929895098,1.24932929895098,-1.74612070850975,1.24932929895098,0,0.554733521390144,0.497505873708877,34.3856198796352,0.00657714191212078,0.00292858081852732,1,candidate_diagnostic_only
uniform_16MHz,original_echo,16,17,25,0.25,0.4,3,0,18,20270209,4.35709369781241,3.94430537533021,4.35709369781241,1.35709369781241,0.944305375330208,1.35709369781241,0,0.564105221125996,0.066622911262703,47.9887953251298,0.00439623998265537,0.00191629805511662,1,candidate_diagnostic_only
uniform_16MHz,original_echo,16,17,25,0.25,0.4,3,0,19,20270209,4.21190376011856,3.84185079617556,4.21190376011856,1.21190376011856,0.841850796175557,1.21190376011856,0,0.403261851068624,0.0946007903828925,29.5911473307393,0.00431370719794022,0.0025741536483308,1,candidate_diagnostic_only
uniform_16MHz,original_echo,16,17,25,0.25,0.4,3,0,20,20270209,4.02693712372639,3.04985746957019,4.02693712372639,1.02693712372639,0.0498574695701901,1.02693712372639,0,0.545165603803076,0.164352959756962,28.7272295797006,0.00164319560913606,0.000747381882714837,1,candidate_diagnostic_only
uniform_16MHz,original_echo,16,17,25,0.25,0.4,15,0,1,20270209,16.3715358933661,15.6378053434496,16.3715358933661,1.37153589336609,0.637805343449564,1.37153589336609,0,0.374598847971355,0.107921434562431,35.5677291646408,0.00304606841155808,0.00190501469374649,1,candidate_diagnostic_only
uniform_16MHz,original_echo,16,17,25,0.25,0.4,15,0,2,20270209,16.1725651395494,13.1727621706585,16.1725651395494,1.1725651395494,-1.82723782934146,1.1725651395494,0,0.658360015414255,0.491966557160457,34.6304333472634,0.00475004740826757,0.00162280612334209,1,candidate_diagnostic_only
uniform_16MHz,original_echo,16,17,25,0.25,0.4,15,0,3,20270209,16.3033132609968,13.307013526959,16.3033132609968,1.3033132609968,-1.69298647304096,1.3033132609968,0,0.723225941942386,0.521384081564822,32.7679937030627,0.0039513059367482,0.00109361897874094,1,candidate_diagnostic_only
uniform_16MHz,original_echo,16,17,25,0.25,0.4,15,0,4,20270209,16.2745651021061,16.0292868269782,16.2745651021061,1.27456510210613,1.02928682697824,1.27456510210613,0,0.513799210517836,0.0435762171454369,52.9733733065311,0.00280358763553012,0.00136310652177718,1,candidate_diagnostic_only
uniform_16MHz,original_echo,16,17,25,0.25,0.4,15,0,5,20270209,16.317115868814,16.3207236221217,16.317115868814,1.31711586881396,1.32072362212173,1.31711586881396,0,0.526979967690979,0.0314646068574986,60.954099438156,0.00375231888074401,0.00177492199820328,1,candidate_diagnostic_only
uniform_16MHz,original_echo,16,17,25,0.25,0.4,15,0,6,20270209,16.3178487186333,15.2937337565858,16.3178487186333,1.31784871863334,0.293733756585787,1.31784871863334,0,0.483790087874418,0.164416254757667,29.3656451409144,0.00136794361530646,0.000706146053450096,1,candidate_diagnostic_only
uniform_16MHz,original_echo,16,17,25,0.25,0.4,15,0,7,20270209,16.2662203631944,14.737231179959,14.737231179959,1.26622036319439,-0.262768820041011,-0.262768820041011,1,0.602114246864205,0.254102422736355,31.3492862225841,0.00381123209434242,0.00151643495223275,1,candidate_diagnostic_only
uniform_16MHz,original_echo,16,17,25,0.25,0.4,15,0,8,20270209,16.4004059083344,14.9289918818011,16.4004059083344,1.40040590833445,-0.071008118198856,1.40040590833445,0,0.276858709229658,0.243358236783296,29.4009678359469,0.003062484268054,0.00221460882656443,1,candidate_diagnostic_only
uniform_16MHz,original_echo,16,17,25,0.25,0.4,15,0,9,20270209,16.2327518113702,17.3066700873003,16.2327518113702,1.23275181137024,2.30667008730034,1.23275181137024,0,0.171057614004387,0.235722683999063,13.5191592370811,0.00239178120833006,0.00198264882161259,1,candidate_diagnostic_only
uniform_16MHz,original_echo,16,17,25,0.25,0.4,15,0,10,20270209,16.3662036105775,15.1425684022331,16.3662036105775,1.36620361057751,0.142568402233126,1.36620361057751,0,0.163899194601218,0.190810403785314,30.6597971563041,0.00506915899354277,0.00423832791719558,1,candidate_diagnostic_only
uniform_16MHz,original_echo,16,17,25,0.25,0.4,15,0,11,20270209,16.2573385479231,15.7082612202641,16.2573385479231,1.2573385479231,0.708261220264124,1.2573385479231,0,0.288612589514063,0.127821403164307,25.0826846172185,0.00387632634096269,0.00275756975789587,1,candidate_diagnostic_only
uniform_16MHz,original_echo,16,17,25,0.25,0.4,15,0,12,20270209,16.0487099582267,15.329501154623,16.0487099582267,1.04870995822669,0.329501154623008,1.04870995822669,0,0.520461232764375,0.101964296664834,42.8078676447659,0.00469331791157424,0.00225062788556118,1,candidate_diagnostic_only
uniform_16MHz,original_echo,16,17,25,0.25,0.4,15,0,13,20270209,16.2926170870991,15.6188146910282,16.2926170870991,1.2926170870991,0.618814691028241,1.2926170870991,0,0.112471137194624,0.091494124925997,38.2312228282531,0.00633072509594212,0.00561870124513497,1,candidate_diagnostic_only
uniform_16MHz,original_echo,16,17,25,0.25,0.4,15,0,14,20270209,16.1562268745718,14.1835104959157,16.1562268745718,1.15622687457179,-0.816489504084281,1.15622687457179,0,0.547610367152258,0.371044419814714,28.4112768326705,0.0037383288872701,0.00169118123277623,1,candidate_diagnostic_only
uniform_16MHz,original_echo,16,17,25,0.25,0.4,15,0,15,20270209,16.3374966684239,15.5482418469174,16.3374966684239,1.33749666842393,0.548241846917449,1.33749666842393,0,0.445550307453986,0.186148096755411,21.2884967800811,0.00130727347689619,0.000724817377338649,1,candidate_diagnostic_only
uniform_16MHz,original_echo,16,17,25,0.25,0.4,15,0,16,20270209,16.1736928628626,15.5262542482883,16.1736928628626,1.17369286286257,0.526254248288318,1.17369286286257,0,0.264349455800328,0.103467224145945,32.5128523452039,0.0040111851503537,0.00295083053874334,1,candidate_diagnostic_only
uniform_16MHz,original_echo,16,17,25,0.25,0.4,15,0,17,20270209,16.2183634851517,16.1801943042293,16.2183634851517,1.21836348515169,1.1801943042293,1.21836348515169,0,0.486759029110743,0.0346233320057555,68.8617763686116,0.00518911523601528,0.00266326654178872,1,candidate_diagnostic_only
uniform_16MHz,original_echo,16,17,25,0.25,0.4,15,0,18,20270209,16.3355449106957,15.8164239915185,16.3355449106957,1.33554491069571,0.816423991518519,1.33554491069571,0,0.11174257993853,0.221297534850268,15.2135892516138,0.00447031213371263,0.00397078792276107,1,candidate_diagnostic_only
uniform_16MHz,original_echo,16,17,25,0.25,0.4,15,0,19,20270209,16.2768949179183,16.3021868948534,16.2768949179183,1.27689491791831,1.30218689485344,1.27689491791831,0,0.203762192032025,0.0231094850366149,58.211348453174,0.00484897108872073,0.00386093411058308,1,candidate_diagnostic_only
uniform_16MHz,original_echo,16,17,25,0.25,0.4,15,0,20,20270209,16.0258943911986,16.7637924089878,16.0258943911986,1.02589439119858,1.7637924089878,1.02589439119858,0,0.2418058384777,0.173403720262818,16.9296088004166,0.00431675888006189,0.00327294137956247,1,candidate_diagnostic_only
uniform_16MHz,original_echo,16,17,25,0.25,0.4,3,15,1,20270209,4.25124434238764,3.18345936359483,3.18345936359483,1.25124434238764,0.183459363594828,0.183459363594828,1,0.915894374501247,0.219389869901286,25.1932941453158,0.00159011460418701,0.000133737583399851,1,candidate_diagnostic_only
uniform_16MHz,original_echo,16,17,25,0.25,0.4,3,15,2,20270209,4.25107505319531,3.32428925372494,3.32428925372494,1.25107505319531,0.324289253724938,0.324289253724938,1,0.863805730779257,0.171746467045199,27.7258697850794,0.00166426373503237,0.000226663183183318,1,candidate_diagnostic_only
uniform_16MHz,original_echo,16,17,25,0.25,0.4,3,15,3,20270209,4.2189459068917,3.2095796971012,3.2095796971012,1.2189459068917,0.209579697101203,0.209579697101203,1,0.865151970456382,0.259532716086255,21.3845760724095,0.00149852323253796,0.000202072905133077,1,candidate_diagnostic_only
uniform_16MHz,original_echo,16,17,25,0.25,0.4,3,15,4,20270209,4.21669890860935,2.87675502823243,2.87675502823243,1.21669890860935,-0.123244971767573,-0.123244971767573,1,0.910991923680237,0.233238249859132,28.5852914023015,0.00145566068476,0.000129565557324796,1,candidate_diagnostic_only
uniform_16MHz,original_echo,16,17,25,0.25,0.4,3,15,5,20270209,4.21119809265044,3.95890701159456,4.21119809265044,1.21119809265044,0.958907011594556,1.21119809265044,0,0.844503703997735,0.0502855731024401,38.0453549778382,0.00138948952774443,0.000216060474898194,1,candidate_diagnostic_only
uniform_16MHz,original_echo,16,17,25,0.25,0.4,3,15,6,20270209,4.21829837482677,4.02005443655239,4.21829837482677,1.21829837482677,1.02005443655239,1.21829837482677,0,0.885508160963367,0.0434000261893605,39.3764306892665,0.00124634833121351,0.000142696712520873,1,candidate_diagnostic_only
uniform_16MHz,original_echo,16,17,25,0.25,0.4,3,15,7,20270209,4.21997774320927,3.05289203722743,3.05289203722743,1.21997774320927,0.0528920372274335,0.0528920372274335,1,0.938735210846142,0.228014434053403,25.2009928653585,0.00107153325018605,6.56472586439971e-05,1,candidate_diagnostic_only
uniform_16MHz,original_echo,16,17,25,0.25,0.4,3,15,8,20270209,4.20875562862107,2.68983477360954,2.68983477360954,1.20875562862107,-0.31016522639046,-0.31016522639046,1,0.949961863696348,0.385668160296637,22.4071799859742,0.00196612601802193,9.83812816799379e-05,1,candidate_diagnostic_only
uniform_16MHz,original_echo,16,17,25,0.25,0.4,3,15,9,20270209,4.2739560795186,2.69861450004534,2.69861450004534,1.2739560795186,-0.301385499954658,-0.301385499954658,1,0.894330422517981,0.32609110991351,25.3324453292287,0.00178965343026727,0.000189111921815588,1,candidate_diagnostic_only
uniform_16MHz,original_echo,16,17,25,0.25,0.4,3,15,10,20270209,4.21679638804231,2.80365620984159,2.80365620984159,1.21679638804231,-0.196343790158409,-0.196343790158409,1,0.894069835202591,0.288614027267322,24.942174549551,0.00142887433024574,0.000151360893277719,1,candidate_diagnostic_only
uniform_16MHz,original_echo,16,17,25,0.25,0.4,3,15,11,20270209,4.2417838168642,3.69731370374767,3.69731370374767,1.2417838168642,0.697313703747671,0.697313703747671,1,0.890405410079558,0.113373448748979,27.3469631577052,0.00146924898348044,0.000161021739835565,1,candidate_diagnostic_only
uniform_16MHz,original_echo,16,17,25,0.25,0.4,3,15,12,20270209,4.25572527328621,3.49182628292595,3.49182628292595,1.25572527328621,0.491826282925953,0.491826282925953,1,0.929435644687292,0.163375072766595,25.0275519745657,0.00145129340107264,0.000102409583216279,1,candidate_diagnostic_only
uniform_16MHz,original_echo,16,17,25,0.25,0.4,3,15,13,20270209,4.22543148232453,3.44819987568728,3.44819987568728,1.22543148232453,0.448199875687279,0.448199875687279,1,0.839779550219343,0.129836956382946,30.7107216744531,0.00146501305478441,0.000234725050572093,1,candidate_diagnostic_only
uniform_16MHz,original_echo,16,17,25,0.25,0.4,3,15,14,20270209,4.239189910865,3.19542232374512,3.19542232374512,1.239189910865,0.19542232374512,0.19542232374512,1,0.94037314168596,0.201834309825897,26.2417927599465,0.00144689988425362,8.62740943929907e-05,1,candidate_diagnostic_only
uniform_16MHz,original_echo,16,17,25,0.25,0.4,3,15,15,20270209,4.25351962921756,3.83076684683486,4.25351962921756,1.25351962921756,0.830766846834861,1.25351962921756,0,0.875852717640491,0.0797200023877581,32.2608980209995,0.00145321409281873,0.000180412580309985,1,candidate_diagnostic_only
uniform_16MHz,original_echo,16,17,25,0.25,0.4,3,15,16,20270209,4.22416002711723,2.14583445253616,2.14583445253616,1.22416002711723,-0.85416554746384,-0.85416554746384,1,0.905206811691601,0.402569111616477,27.2736809942531,0.00159970830468437,0.000151641450564455,1,candidate_diagnostic_only
uniform_16MHz,original_echo,16,17,25,0.25,0.4,3,15,17,20270209,4.25123547075821,3.98911895887219,4.25123547075821,1.25123547075821,0.989118958872192,1.25123547075821,0,0.962439213335126,0.0654348842230618,34.4628055148442,0.00182112205308593,6.84027769266571e-05,1,candidate_diagnostic_only
uniform_16MHz,original_echo,16,17,25,0.25,0.4,3,15,18,20270209,4.18733174997934,3.67945166757397,3.67945166757397,1.18733174997934,0.679451667573973,0.679451667573973,1,0.957803731159543,0.143123401046649,22.4531184322459,0.00127475662127474,5.37899730974623e-05,1,candidate_diagnostic_only
uniform_16MHz,original_echo,16,17,25,0.25,0.4,3,15,19,20270209,4.25533415809741,3.07321253496554,3.07321253496554,1.25533415809741,0.0732125349655366,0.0732125349655366,1,0.923504396363019,0.255573769841169,23.7684031968048,0.00139451272452629,0.000106674092642089,1,candidate_diagnostic_only
uniform_16MHz,original_echo,16,17,25,0.25,0.4,3,15,20,20270209,4.24138234969896,3.05814935747552,3.05814935747552,1.24138234969896,0.0581493574755214,0.0581493574755214,1,0.908694859466068,0.225261938888779,26.1915510349891,0.0013796573409206,0.000125969807401427,1,candidate_diagnostic_only
uniform_16MHz,original_echo,16,17,25,0.25,0.4,15,15,1,20270209,16.2477334014474,15.7762860110711,15.7762860110711,1.24773340144737,0.776286011071107,0.776286011071107,1,0.859309640422438,0.0850301184289571,33.3118132673933,0.00166941781252894,0.000234870992329883,1,candidate_diagnostic_only
uniform_16MHz,original_echo,16,17,25,0.25,0.4,15,15,2,20270209,16.2699686480196,14.8014556453517,14.8014556453517,1.26996864801965,-0.198544354648313,-0.198544354648313,1,0.882338164394309,0.268664128210152,27.254346942809,0.0013394660105448,0.000157604029532132,1,candidate_diagnostic_only
uniform_16MHz,original_echo,16,17,25,0.25,0.4,15,15,3,20270209,16.2293152121645,15.2599889024334,15.2599889024334,1.22931521216448,0.259988902433369,0.259988902433369,1,0.781167356921867,0.179567737772357,26.0150388963013,0.00104516437950242,0.000228716083617631,1,candidate_diagnostic_only
uniform_16MHz,original_echo,16,17,25,0.25,0.4,15,15,4,20270209,16.2671729492432,15.4704911926344,15.4704911926344,1.26717294924323,0.470491192634398,0.470491192634398,1,0.899857749804719,0.138925095890758,29.7985333806563,0.00158454197085911,0.000158679598490696,1,candidate_diagnostic_only
uniform_16MHz,original_echo,16,17,25,0.25,0.4,15,15,5,20270209,16.2748796077029,15.4086439930304,15.4086439930304,1.2748796077029,0.408643993030374,0.408643993030374,1,0.901991266841016,0.156046563800936,28.7369928599489,0.00168655748120683,0.000165297362132888,1,candidate_diagnostic_only
uniform_16MHz,original_echo,16,17,25,0.25,0.4,15,15,6,20270209,16.2206245137598,15.2152329319368,15.2152329319368,1.22062451375983,0.2152329319368,0.2152329319368,1,0.825572883746709,0.18137117920857,28.0556265425571,0.00170545042465453,0.000297476799485441,1,candidate_diagnostic_only
uniform_16MHz,original_echo,16,17,25,0.25,0.4,15,15,7,20270209,16.2268394568125,14.9750380058101,14.9750380058101,1.22683945681246,-0.024961994189912,-0.024961994189912,1,0.88753583345043,0.699438091654098,13.9761019304142,0.00145416134187815,0.00016354104334293,1,candidate_diagnostic_only
uniform_16MHz,original_echo,16,17,25,0.25,0.4,15,15,8,20270209,16.2476996496422,15.2277840725638,15.2277840725638,1.24769964964221,0.227784072563804,0.227784072563804,1,0.973634513542961,0.219121020656971,24.6998504599669,0.00165452824149792,4.36224419440023e-05,1,candidate_diagnostic_only
uniform_16MHz,original_echo,16,17,25,0.25,0.4,15,15,9,20270209,16.2816975470281,15.0977544638407,15.0977544638407,1.28169754702811,0.0977544638407046,0.0977544638407046,1,0.898609285431244,0.211802829948837,28.4694579167078,0.0018738382806005,0.000189989802256374,1,candidate_diagnostic_only
uniform_16MHz,original_echo,16,17,25,0.25,0.4,15,15,10,20270209,16.2414059502511,15.4826365456126,15.4826365456126,1.24140595025109,0.482636545612557,0.482636545612557,1,0.846872410863884,0.164026651193861,24.2166346434786,0.00128781283852963,0.000197199675222581,1,candidate_diagnostic_only
uniform_16MHz,original_echo,16,17,25,0.25,0.4,15,15,11,20270209,16.2229093486474,15.3849456530277,15.3849456530277,1.22290934864742,0.384945653027721,0.384945653027721,1,0.785753192934566,0.156658182550979,26.256004865246,0.00112973520555992,0.000242042160620626,1,candidate_diagnostic_only
uniform_16MHz,original_echo,16,17,25,0.25,0.4,15,15,12,20270209,16.2379405609445,15.5330038845818,15.5330038845818,1.2379405609445,0.533003884581792,0.533003884581792,1,0.926266357238742,0.152743380690216,23.8715966516446,0.00098444565717215,7.25867644038036e-05,1,candidate_diagnostic_only
uniform_16MHz,original_echo,16,17,25,0.25,0.4,15,15,13,20270209,16.2643654900537,15.2442605981946,15.2442605981946,1.26436549005367,0.244260598194611,0.244260598194611,1,0.879768865180824,0.203165185880626,25.2568576279578,0.00131010809133936,0.000157515782557516,1,candidate_diagnostic_only
uniform_16MHz,original_echo,16,17,25,0.25,0.4,15,15,14,20270209,16.2385548386669,15.4251358121671,15.4251358121671,1.2385548386669,0.425135812167106,0.425135812167106,1,0.771610883290992,0.165845896778531,24.7015236181365,0.00126901976300009,0.000289830302757865,1,candidate_diagnostic_only
uniform_16MHz,original_echo,16,17,25,0.25,0.4,15,15,15,20270209,16.2079342308741,15.7549640776365,15.7549640776365,1.20793423087414,0.754964077636544,0.754964077636544,1,0.9216562293121,0.125782396284532,23.7236699832669,0.00141410298351663,0.000110786159869702,1,candidate_diagnostic_only
uniform_16MHz,original_echo,16,17,25,0.25,0.4,15,15,16,20270209,16.2501019473507,15.4674586229834,15.4674586229834,1.25010194735075,0.467458622983386,0.467458622983386,1,0.862187147186668,0.249689891677675,19.0417296975435,0.00142316335247372,0.00019613020162379,1,candidate_diagnostic_only
uniform_16MHz,original_echo,16,17,25,0.25,0.4,15,15,17,20270209,16.2458970609319,15.1562373337282,15.1562373337282,1.24589706093186,0.156237333728209,0.156237333728209,1,0.804528718350882,0.180251989798782,29.6277416813714,0.0013472345476977,0.000263345663720438,1,candidate_diagnostic_only
uniform_16MHz,original_echo,16,17,25,0.25,0.4,15,15,18,20270209,16.2228458505779,15.5862508173683,15.5862508173683,1.22284585057789,0.586250817368299,0.586250817368299,1,0.917133213830412,0.110694045306727,32.4286555097114,0.00204055209728926,0.000169093994313974,1,candidate_diagnostic_only
uniform_16MHz,original_echo,16,17,25,0.25,0.4,15,15,19,20270209,16.2400983378154,15.2912635362828,15.2912635362828,1.24009833781541,0.291263536282756,0.291263536282756,1,0.954749628047708,0.170200838354512,29.4809955381182,0.00201009549348408,9.09575687397801e-05,1,candidate_diagnostic_only
uniform_16MHz,original_echo,16,17,25,0.25,0.4,15,15,20,20270209,16.2343716532117,15.93553818126,16.2343716532117,1.23437165321166,0.935538181260014,1.23437165321166,0,0.869246229960244,0.0546818313852074,39.2339541053693,0.00151820351966125,0.000198510833883336,1,candidate_diagnostic_only
uniform_16MHz,original_echo,16,17,25,0.25,0.4,3,30,1,20270209,4.23240098932587,3.71849503475725,3.71849503475725,1.23240098932587,0.718495034757253,0.718495034757253,1,0.930010273223775,0.091186521582032,30.6549008844863,0.00107969300896138,7.55674186994071e-05,1,candidate_diagnostic_only
uniform_16MHz,original_echo,16,17,25,0.25,0.4,3,30,2,20270209,4.24646557660623,3.26513626701404,3.26513626701404,1.24646557660623,0.265136267014043,0.265136267014043,1,0.928886692174127,0.180005447266371,27.1231252493457,0.00123415683576722,8.77649749673193e-05,1,candidate_diagnostic_only
uniform_16MHz,original_echo,16,17,25,0.25,0.4,3,30,3,20270209,4.21781249768827,3.62560756558228,3.62560756558228,1.21781249768827,0.62560756558228,0.62560756558228,1,0.982961949434436,0.0937973097946736,35.2079355032545,0.00142821982531194,2.43340816024062e-05,1,candidate_diagnostic_only
uniform_16MHz,original_echo,16,17,25,0.25,0.4,3,30,4,20270209,4.22782175755458,3.82698405264323,3.82698405264323,1.22782175755458,0.826984052643229,0.826984052643229,1,0.935087487742419,0.0846736322098672,29.7921447552492,0.00132640977064424,8.61005904955192e-05,1,candidate_diagnostic_only
uniform_16MHz,original_echo,16,17,25,0.25,0.4,3,30,5,20270209,4.24357933941815,3.35488559084599,3.35488559084599,1.24357933941815,0.354885590845993,0.354885590845993,1,0.966144166917796,0.194931561845805,23.5697353630244,0.00114942279537589,3.89146663011264e-05,1,candidate_diagnostic_only
uniform_16MHz,original_echo,16,17,25,0.25,0.4,3,30,6,20270209,4.25162258714514,2.33090559350217,2.33090559350217,1.25162258714514,-0.669094406497834,-0.669094406497834,1,0.89076203169159,0.424071035586217,24.7544447122194,0.00179638798359183,0.000196233773621213,1,candidate_diagnostic_only
uniform_16MHz,original_echo,16,17,25,0.25,0.4,3,30,7,20270209,4.23972842877696,3.03010874941444,3.03010874941444,1.23972842877696,0.0301087494144383,0.0301087494144383,1,0.932036452855264,0.291637090564834,21.9777078256277,0.00131858362028647,8.96156200416165e-05,1,candidate_diagnostic_only
uniform_16MHz,original_echo,16,17,25,0.25,0.4,3,30,8,20270209,4.25131147562972,3.46096398247044,3.46096398247044,1.25131147562972,0.46096398247044,0.46096398247044,1,0.93758970724787,0.174347067976694,23.9167782183107,0.00125625835904142,7.84034519600851e-05,1,candidate_diagnostic_only
uniform_16MHz,original_echo,16,17,25,0.25,0.4,3,30,9,20270209,4.24880897992416,2.68000001343472,2.68000001343472,1.24880897992416,-0.319999986565277,-0.319999986565277,1,0.966238638862226,0.303231115527452,26.9310247204094,0.00184869790695363,6.24145576713087e-05,1,candidate_diagnostic_only
uniform_16MHz,original_echo,16,17,25,0.25,0.4,3,30,10,20270209,4.2191891556196,3.30490162378442,3.30490162378442,1.2191891556196,0.304901623784424,0.304901623784424,1,0.972484268588709,0.187067752572665,25.6395910490648,0.00154700777741157,4.25670504944353e-05,1,candidate_diagnostic_only
uniform_16MHz,original_echo,16,17,25,0.25,0.4,3,30,11,20270209,4.24526920611826,3.24234771350993,3.24234771350993,1.24526920611826,0.242347713509929,0.242347713509929,1,0.939270542877353,0.205063858805492,24.7056911855253,0.00118983370557624,7.22579550058722e-05,1,candidate_diagnostic_only
uniform_16MHz,original_echo,16,17,25,0.25,0.4,3,30,12,20270209,4.24268610203431,3.47091448127317,3.47091448127317,1.24268610203431,0.470914481273166,0.470914481273166,1,0.950810423309399,0.147143064661371,27.6726394653132,0.00146626175120979,7.21247948596293e-05,1,candidate_diagnostic_only
uniform_16MHz,original_echo,16,17,25,0.25,0.4,3,30,13,20270209,4.23136278417681,3.38420508318112,3.38420508318112,1.23136278417681,0.384205083181123,0.384205083181123,1,0.944774947068132,0.143136329889447,31.2447614414605,0.00182733394135015,0.000100914613635261,1,candidate_diagnostic_only
uniform_16MHz,original_echo,16,17,25,0.25,0.4,3,30,14,20270209,4.25655401477694,3.01633713944985,3.01633713944985,1.25655401477694,0.0163371394498508,0.0163371394498508,1,0.947074986540207,0.23338020084849,26.2479892428333,0.00114747862337894,6.07303215871546e-05,1,candidate_diagnostic_only
uniform_16MHz,original_echo,16,17,25,0.25,0.4,3,30,15,20270209,4.24549546084192,3.47690422329254,3.47690422329254,1.24549546084192,0.476904223292543,0.476904223292543,1,0.959180374324562,0.155041978073081,26.9954014841911,0.00167908254878379,6.8539521119515e-05,1,candidate_diagnostic_only
uniform_16MHz,original_echo,16,17,25,0.25,0.4,3,30,16,20270209,4.23920981034278,3.98153310464886,4.23920981034278,1.23920981034278,0.981533104648861,1.23920981034278,0,0.944770978494708,0.0463771837369873,43.7351958977255,0.00133213215017114,7.35723551696932e-05,1,candidate_diagnostic_only
uniform_16MHz,original_echo,16,17,25,0.25,0.4,3,30,17,20270209,4.24562459182513,3.17785725527355,3.17785725527355,1.24562459182513,0.177857255273548,0.177857255273548,1,0.956069382215253,0.202359532521711,26.3117683923761,0.0012458626797347,5.47315171957052e-05,1,candidate_diagnostic_only
uniform_16MHz,original_echo,16,17,25,0.25,0.4,3,30,18,20270209,4.22715094925544,3.13153862139825,3.13153862139825,1.22715094925544,0.131538621398253,0.131538621398253,1,0.931296885867832,0.18793694024222,29.4404134709505,0.00162016826922273,0.000111310605513726,1,candidate_diagnostic_only
uniform_16MHz,original_echo,16,17,25,0.25,0.4,3,30,19,20270209,4.23592052108505,3.37280097529131,3.37280097529131,1.23592052108505,0.372800975291312,0.372800975291312,1,0.924532560983419,0.208550079214642,22.1516009504602,0.00125898891901799,9.50126694685416e-05,1,candidate_diagnostic_only
uniform_16MHz,original_echo,16,17,25,0.25,0.4,3,30,20,20270209,4.23380991752739,3.63602826206496,3.63602826206496,1.23380991752739,0.636028262064956,0.636028262064956,1,0.961285670175248,0.160416099621583,23.9068780309867,0.00192532207962959,7.45375540096571e-05,1,candidate_diagnostic_only
uniform_16MHz,original_echo,16,17,25,0.25,0.4,15,30,1,20270209,16.2307821688207,15.4540243665347,15.4540243665347,1.23078216882075,0.454024366534668,0.454024366534668,1,0.876112504111861,0.139272303205578,28.8482596071621,0.00148720697619953,0.000184246348148731,1,candidate_diagnostic_only
uniform_16MHz,original_echo,16,17,25,0.25,0.4,15,30,2,20270209,16.2297535254188,15.9067014702855,16.2297535254188,1.22975352541877,0.906701470285547,1.22975352541877,0,0.97052766506648,0.0631834389090947,37.1106394387885,0.00161860155375093,4.7703967116064e-05,1,candidate_diagnostic_only
uniform_16MHz,original_echo,16,17,25,0.25,0.4,15,30,3,20270209,16.2351007885571,15.2660120435513,15.2660120435513,1.23510078855713,0.266012043551335,0.266012043551335,1,0.96234314376333,0.194944858613879,26.0431231396245,0.00161438818424098,6.07927837641409e-05,1,candidate_diagnostic_only
uniform_16MHz,original_echo,16,17,25,0.25,0.4,15,30,4,20270209,16.2326742132479,15.320913521346,15.320913521346,1.23267421324794,0.320913521346004,0.320913521346004,1,0.946816873698595,0.178619288780656,26.0431056935984,0.00133063670548172,7.07674199689201e-05,1,candidate_diagnostic_only
uniform_16MHz,original_echo,16,17,25,0.25,0.4,15,30,5,20270209,16.229402130768,15.3865239158517,15.3865239158517,1.229402130768,0.386523915851676,0.386523915851676,1,0.953856685759825,0.144561358485857,30.6002404089477,0.00172277644023167,7.94946146471798e-05,1,candidate_diagnostic_only
uniform_16MHz,original_echo,16,17,25,0.25,0.4,15,30,6,20270209,16.2210937130354,15.9268136693337,16.2210937130354,1.22109371303542,0.926813669333672,1.22109371303542,0,0.943722197449783,0.0548698410328698,38.7931778653542,0.00137842188078841,7.75745544379092e-05,1,candidate_diagnostic_only
uniform_16MHz,original_echo,16,17,25,0.25,0.4,15,30,7,20270209,16.2302761340817,15.1199354841852,15.1199354841852,1.23027613408168,0.119935484185181,0.119935484185181,1,0.935592173227862,0.215937958806668,25.7972689036275,0.00136799338357418,8.81094808746763e-05,1,candidate_diagnostic_only
uniform_16MHz,original_echo,16,17,25,0.25,0.4,15,30,8,20270209,16.2327867984155,15.1012390691812,15.1012390691812,1.23278679841555,0.101239069181219,0.101239069181219,1,0.917179893615526,0.209171017378036,27.2287428169447,0.00150598048174566,0.000124725463711117,1,candidate_diagnostic_only
uniform_16MHz,original_echo,16,17,25,0.25,0.4,15,30,9,20270209,16.2435123431913,15.1916727237913,15.1916727237913,1.24351234319129,0.191672723791342,0.191672723791342,1,0.942507966850671,0.187146452145814,28.5889613511031,0.00163328538417717,9.39008974494282e-05,1,candidate_diagnostic_only
uniform_16MHz,original_echo,16,17,25,0.25,0.4,15,30,10,20270209,16.2331372310708,15.6369884993301,15.6369884993301,1.23313723107078,0.636988499330144,0.636988499330144,1,0.976958580074243,0.122913736144598,26.5329033372878,0.00118304056060858,2.7258934346186e-05,1,candidate_diagnostic_only
uniform_16MHz,original_echo,16,17,25,0.25,0.4,15,30,11,20270209,16.230662134378,15.3804255560362,15.3804255560362,1.23066213437805,0.380425556036244,0.380425556036244,1,0.949089517724013,0.191525637092603,23.3692564223224,0.001241215385404,6.3190873879293e-05,1,candidate_diagnostic_only
uniform_16MHz,original_echo,16,17,25,0.25,0.4,15,30,12,20270209,16.228155771042,15.6902544993047,15.6902544993047,1.228155771042,0.690254499304707,0.690254499304707,1,0.965665601351873,0.0883828184882628,34.1573227825938,0.00131853754157607,4.52711935849948e-05,1,candidate_diagnostic_only
uniform_16MHz,original_echo,16,17,25,0.25,0.4,15,30,13,20270209,16.2410681610043,15.0643499663365,15.0643499663365,1.2410681610043,0.0643499663364668,0.0643499663364668,1,0.921070426913355,0.215176240551572,26.6603986887802,0.00106795829134243,8.42934920100014e-05,1,candidate_diagnostic_only
uniform_16MHz,original_echo,16,17,25,0.25,0.4,15,30,14,20270209,16.2393216555106,15.2754054870948,15.2754054870948,1.23932165551055,0.275405487094844,0.275405487094844,1,0.938440008258859,0.169918505261944,28.4743625079575,0.0013639342112346,8.39637787790615e-05,1,candidate_diagnostic_only
uniform_16MHz,original_echo,16,17,25,0.25,0.4,15,30,15,20270209,16.2441468880703,15.4168372557321,15.4168372557321,1.24414688807033,0.416837255732105,0.416837255732105,1,0.928900730709829,0.147923938447806,29.573758252376,0.00180964146070561,0.000128664185533367,1,candidate_diagnostic_only
uniform_16MHz,original_echo,16,17,25,0.25,0.4,15,30,16,20270209,16.2420623604384,15.230552685574,15.230552685574,1.24206236043839,0.230552685574011,0.230552685574011,1,0.968413509548954,0.167536856683282,30.4989625189303,0.00148955906169412,4.70499430784699e-05,1,candidate_diagnostic_only
uniform_16MHz,original_echo,16,17,25,0.25,0.4,15,30,17,20270209,16.2270571719613,15.4750065929035,15.4750065929035,1.2270571719613,0.475006592903519,0.475006592903519,1,0.958320287996646,0.126281002660009,30.9533818066865,0.0013696762898725,5.70877132997083e-05,1,candidate_diagnostic_only
uniform_16MHz,original_echo,16,17,25,0.25,0.4,15,30,18,20270209,16.2389755568756,14.8420674401436,14.8420674401436,1.23897555687558,-0.157932559856373,-0.157932559856373,1,0.947744504583433,0.263192963494767,26.5297074968797,0.00128856385054399,6.7334542386055e-05,1,candidate_diagnostic_only
uniform_16MHz,original_echo,16,17,25,0.25,0.4,15,30,19,20270209,16.2314657527242,15.6980863488444,15.6980863488444,1.23146575272421,0.698086348844434,0.698086348844434,1,0.940182591840915,0.097001771326158,31.9099200267834,0.00159843432795936,9.56141986110381e-05,1,candidate_diagnostic_only
uniform_16MHz,original_echo,16,17,25,0.25,0.4,15,30,20,20270209,16.235240964585,15.1924332367919,15.1924332367919,1.23524096458495,0.192433236791871,0.192433236791871,1,0.962190034281657,0.217833021758994,24.6604377564941,0.0013808783428948,5.22109628060541e-05,1,candidate_diagnostic_only
uniform_16MHz,strong_late,16,17,60,0.4,0.96,3,0,1,20270209,7.08885954444139,4.08886555141464,7.08885954444139,4.08885954444139,1.08886555141464,4.08885954444139,0,0.626319529894982,0.193140140336464,39.4967916237102,0.451129131630249,0.16857814598566,1,candidate_diagnostic_only
uniform_16MHz,strong_late,16,17,60,0.4,0.96,3,0,2,20270209,7.84906681411747,4.84906681428632,7.84906681411747,4.84906681411747,1.84906681428632,4.84906681411747,0,0.467234109491326,0.166723647297983,44.1919766066976,0.660269365451279,0.351768996460248,1,candidate_diagnostic_only
uniform_16MHz,strong_late,16,17,60,0.4,0.96,3,0,3,20270209,6.24637137050853,3.24637600724,6.24637137050853,3.24637137050853,0.246376007239996,3.24637137050853,0,0.640870887570106,0.178171981968332,62.7710736718538,0.323764753710118,0.116273348635998,1,candidate_diagnostic_only
uniform_16MHz,strong_late,16,17,60,0.4,0.96,3,0,4,20270209,6.24883717474608,3.24883718024637,6.24883717474608,3.24883717474608,0.24883718024637,3.24883717474608,0,0.609641688533,0.164571548299169,56.9406501311493,0.314548923520907,0.122786786659384,1,candidate_diagnostic_only
uniform_16MHz,strong_late,16,17,60,0.4,0.96,3,0,5,20270209,7.08954942887782,4.08955529585156,7.08954942887782,4.08954942887782,1.08955529585156,4.08954942887782,0,0.619606746889284,0.193210298519297,39.9775819018005,0.448995535866731,0.170794872520535,1,candidate_diagnostic_only
uniform_16MHz,strong_late,16,17,60,0.4,0.96,3,0,6,20270209,6.40969746414853,3.40969746450726,6.40969746414853,3.40969746414853,0.409697464507264,3.40969746414853,0,0.71556697629162,0.244348773824235,54.3865478436834,0.370482572538054,0.105377478338258,1,candidate_diagnostic_only
uniform_16MHz,strong_late,16,17,60,0.4,0.96,3,0,7,20270209,5.97983172239795,2.97983172323683,5.97983172239795,2.97983172239795,-0.0201682767631679,2.97983172239795,0,0.629108902073857,0.175437458098951,63.7982592070134,0.320718897356969,0.118951783966388,1,candidate_diagnostic_only
uniform_16MHz,strong_late,16,17,60,0.4,0.96,3,0,8,20270209,6.25424885350516,3.25424889748392,6.25424885350516,3.25424885350516,0.254248897483916,3.25424885350516,0,0.623240326157389,0.170784008255706,59.2584691482465,0.32613226934903,0.122873487429491,1,candidate_diagnostic_only
uniform_16MHz,strong_late,16,17,60,0.4,0.96,3,0,9,20270209,7.60351135627612,4.60500658869355,7.60351135627612,4.60351135627612,1.60500658869355,4.60351135627612,0,0.991760253353853,0.491757809503345,43.7827094594089,0.580581142654879,0.00478384152300682,1,candidate_diagnostic_only
uniform_16MHz,strong_late,16,17,60,0.4,0.96,3,0,10,20270209,6.1493260016635,3.15008270236257,6.1493260016635,3.1493260016635,0.150082702362567,3.1493260016635,0,0.623766574892085,0.171757441080393,63.0481080718221,0.303543017948974,0.114203029310536,1,candidate_diagnostic_only
uniform_16MHz,strong_late,16,17,60,0.4,0.96,3,0,11,20270209,6.57861579172159,5.81808383099117,5.81808383099117,3.57861579172159,2.81808383099117,2.81808383099117,1,0.987973257544838,0.588670916722706,33.8172024019183,0.385708590235855,0.0046388178775103,1,candidate_diagnostic_only
uniform_16MHz,strong_late,16,17,60,0.4,0.96,3,0,12,20270209,7.92514011101104,5.25726874874698,7.92514011101104,4.92514011101104,2.25726874874698,4.92514011101104,0,0.993895021385609,0.56090720462636,39.5977199912128,0.667617287939842,0.00407578926547059,1,candidate_diagnostic_only
uniform_16MHz,strong_late,16,17,60,0.4,0.96,3,0,13,20270209,7.6961881318573,4.69618814706246,7.6961881318573,4.6961881318573,1.69618814706246,4.6961881318573,0,0.725246022760591,0.282733047370524,29.1298628750431,0.56443825289651,0.155081654889379,1,candidate_diagnostic_only
uniform_16MHz,strong_late,16,17,60,0.4,0.96,3,0,14,20270209,6.5293189892889,5.77358230619661,5.77358230619661,3.5293189892889,2.77358230619661,2.77358230619661,1,0.992611204342706,0.58381829328375,33.3731690894496,0.367570898904525,0.00271590626157359,1,candidate_diagnostic_only
uniform_16MHz,strong_late,16,17,60,0.4,0.96,3,0,15,20270209,7.28924565291068,4.28947222484537,7.28924565291068,4.28924565291068,1.28947222484537,4.28924565291068,0,0.903019866308889,0.373044897510187,53.0891447731304,0.512251859904796,0.0496782538570875,1,candidate_diagnostic_only
uniform_16MHz,strong_late,16,17,60,0.4,0.96,3,0,16,20270209,7.76769008762956,4.76769008766188,7.76769008762956,4.76769008762956,1.76769008766188,4.76769008762956,0,0.501840802240722,0.167898844497955,44.7761476533279,0.595977151388025,0.296891499618319,1,candidate_diagnostic_only
uniform_16MHz,strong_late,16,17,60,0.4,0.96,3,0,17,20270209,6.2748166261491,3.27990739280461,6.2748166261491,3.2748166261491,0.279907392804608,3.2748166261491,0,0.653066730513082,0.188562319949108,63.5865349058632,0.329269328237616,0.114234484587237,1,candidate_diagnostic_only
uniform_16MHz,strong_late,16,17,60,0.4,0.96,3,0,18,20270209,6.54130707710375,5.74608096795431,5.74608096795431,3.54130707710375,2.74608096795431,2.74608096795431,1,0.989448994784074,0.578008057273462,34.0980097502616,0.369432342628085,0.00389788257400081,1,candidate_diagnostic_only
uniform_16MHz,strong_late,16,17,60,0.4,0.96,3,0,19,20270209,6.45082571960626,3.45122935918349,6.45082571960626,3.45082571960626,0.451229359183493,3.45082571960626,0,0.990452832898439,0.403862963963581,58.4142114168479,0.31237673694154,0.0029823129062212,1,candidate_diagnostic_only
uniform_16MHz,strong_late,16,17,60,0.4,0.96,3,0,20,20270209,1.61406678208719,2.51851645093621,2.51851645093621,-1.38593321791281,-0.481483549063785,-0.481483549063785,1,0.977395178823013,0.389351508048232,65.6612556859021,0.232970231552355,0.00526625042380213,1,candidate_diagnostic_only
uniform_16MHz,strong_late,16,17,60,0.4,0.96,15,0,1,20270209,18.4348461422786,15.4348461422793,18.4348461422786,3.43484614227858,0.434846142279305,3.43484614227858,0,0.649626062700798,0.215373765627151,35.7257899693895,0.382056923145585,0.133862788434937,1,candidate_diagnostic_only
uniform_16MHz,strong_late,16,17,60,0.4,0.96,15,0,2,20270209,13.870003539629,16.8699872698051,13.870003539629,-1.12999646037102,1.86998726980507,-1.12999646037102,0,0.990194265934396,0.502744803180786,42.3540511576842,0.216710996784115,0.00212501040355706,1,candidate_diagnostic_only
uniform_16MHz,strong_late,16,17,60,0.4,0.96,15,0,3,20270209,19.6465053079356,16.6476546811994,19.6465053079356,4.64650530793561,1.64765468119936,4.64650530793561,0,0.738968504900944,0.698014073121764,5.66496924321704,0.625678627959399,0.163321827707768,1,candidate_diagnostic_only
uniform_16MHz,strong_late,16,17,60,0.4,0.96,15,0,4,20270209,19.1523460778026,16.1523483901685,19.1523460778026,4.15234607780258,1.15234839016853,4.15234607780258,0,0.651017511699327,0.253320695085946,29.8149637487477,0.525657226997843,0.183445167070939,1,candidate_diagnostic_only
uniform_16MHz,strong_late,16,17,60,0.4,0.96,15,0,5,20270209,18.5688805134169,17.5940795554806,17.5940795554806,3.56888051341688,2.59407955548061,2.59407955548061,1,0.991096500354987,0.566411024546198,34.3924455358476,0.363034027110589,0.00323227333150689,1,candidate_diagnostic_only
uniform_16MHz,strong_late,16,17,60,0.4,0.96,15,0,6,20270209,19.190929370273,16.190985046108,19.190929370273,4.19092937027302,1.19098504610802,4.19092937027302,0,0.748004216510235,0.494992448042022,13.2809556307556,0.492209591116917,0.124034741554684,1,candidate_diagnostic_only
uniform_16MHz,strong_late,16,17,60,0.4,0.96,15,0,7,20270209,17.7535736605862,14.7537699860572,17.7535736605862,2.75357366058617,-0.246230013942785,2.75357366058617,0,0.606070160599129,0.173804912098291,42.8101900908293,0.263260475371302,0.103706156783614,1,candidate_diagnostic_only
uniform_16MHz,strong_late,16,17,60,0.4,0.96,15,0,8,20270209,17.9883806905595,15.8992800948151,15.8992800948151,2.9883806905595,0.899280094815126,0.899280094815126,1,0.987173124863315,0.44815725464508,52.1130330553308,0.296760237077675,0.00380650650652847,1,candidate_diagnostic_only
uniform_16MHz,strong_late,16,17,60,0.4,0.96,15,0,9,20270209,18.888418803469,15.8884195522351,18.888418803469,3.88841880346903,0.888419552235124,3.88841880346903,0,0.789979106851605,0.394345731997262,55.602828258254,0.519179296178577,0.10903849948758,1,candidate_diagnostic_only
uniform_16MHz,strong_late,16,17,60,0.4,0.96,15,0,10,20270209,18.5460017544899,16.2529413687814,16.2529413687814,3.54600175448993,1.25294136878143,1.25294136878143,1,0.993533547874732,0.473711446401767,46.0438593273243,0.376884750307441,0.00243710719460677,1,candidate_diagnostic_only
uniform_16MHz,strong_late,16,17,60,0.4,0.96,15,0,11,20270209,19.4641205526249,16.5572215253158,19.4641205526249,4.46412055262486,1.55722152531583,4.46412055262486,0,0.808528513278868,0.325126609716253,46.3499147027316,0.583675917171089,0.111757295624069,1,candidate_diagnostic_only
uniform_16MHz,strong_late,16,17,60,0.4,0.96,15,0,12,20270209,19.57313045264,16.5731304541414,19.57313045264,4.57313045263999,1.57313045414138,4.57313045263999,0,0.643348388839119,0.266065561339213,27.0757440780641,0.616842559656043,0.21999789273393,1,candidate_diagnostic_only
uniform_16MHz,strong_late,16,17,60,0.4,0.96,15,0,13,20270209,19.4610925416006,16.4610925720361,19.4610925416006,4.46109254160059,1.46109257203611,4.46109254160059,0,0.654929705871299,0.257961707592389,28.6934753856666,0.572042638043549,0.197394921363846,1,candidate_diagnostic_only
uniform_16MHz,strong_late,16,17,60,0.4,0.96,15,0,14,20270209,18.1330344132288,15.1330350113641,18.1330344132288,3.13303441322884,0.133035011364109,3.13303441322884,0,0.98407991182605,0.378860813254448,57.6935289728727,0.33209648870541,0.00528700538244919,1,candidate_diagnostic_only
uniform_16MHz,strong_late,16,17,60,0.4,0.96,15,0,15,20270209,19.9422046959149,19.1330064453564,19.1330064453564,4.94220469591495,4.13300644535643,4.13300644535643,1,0.982300507796372,0.699998429247161,19.0692188993231,0.740869343739706,0.0131130111734281,1,candidate_diagnostic_only
uniform_16MHz,strong_late,16,17,60,0.4,0.96,15,0,16,20270209,13.7183032384806,14.2169765218539,14.2169765218539,-1.2816967615194,-0.783023478146124,-0.783023478146124,1,0.991988942066665,0.388299090137107,71.4311950924286,0.250527133143642,0.00200698737748617,1,candidate_diagnostic_only
uniform_16MHz,strong_late,16,17,60,0.4,0.96,15,0,17,20270209,19.5803744266442,16.5803744389918,19.5803744266442,4.58037442664418,1.5803744389918,4.58037442664418,0,0.650922705637602,0.264533114790739,27.2333450738405,0.591276214848797,0.206401101300258,1,candidate_diagnostic_only
uniform_16MHz,strong_late,16,17,60,0.4,0.96,15,0,18,20270209,18.9474890062427,15.9474890105113,18.9474890062427,3.9474890062427,0.947489010511326,3.9474890062427,0,0.673144617528897,0.230033158006101,32.9876733330148,0.42728783087285,0.139661327385193,1,candidate_diagnostic_only
uniform_16MHz,strong_late,16,17,60,0.4,0.96,15,0,19,20270209,18.9022456649788,15.9022542074101,18.9022456649788,3.90224566497877,0.90225420741011,3.90224566497877,0,0.632161913491517,0.226284532715733,33.5552014341709,0.45671636663285,0.167997674379334,1,candidate_diagnostic_only
uniform_16MHz,strong_late,16,17,60,0.4,0.96,15,0,20,20270209,19.8426510677362,16.8426790969259,19.8426510677362,4.84265106773622,1.84267909692593,4.84265106773622,0,0.992878966013678,0.511633210478499,43.2854105665224,0.641346116202667,0.00456704749047465,1,candidate_diagnostic_only
uniform_16MHz,strong_late,16,17,60,0.4,0.96,3,15,1,20270209,7.58662777302483,4.58662777795278,7.58662777302483,4.58662777302483,1.58662777795278,4.58662777302483,0,0.849422888718208,0.391337714498867,27.6248113197859,0.593482219193891,0.0893648381633234,1,candidate_diagnostic_only
uniform_16MHz,strong_late,16,17,60,0.4,0.96,3,15,2,20270209,7.6124300060575,4.80483385568369,7.6124300060575,4.6124300060575,1.80483385568369,4.6124300060575,0,0.999314069989227,0.51740119953285,41.6333869590001,0.597989450017584,0.000410178909892922,1,candidate_diagnostic_only
uniform_16MHz,strong_late,16,17,60,0.4,0.96,3,15,3,20270209,7.53603577137377,4.6370984198689,7.53603577137377,4.53603577137377,1.6370984198689,4.53603577137377,0,0.757103886208426,0.505201526780848,14.6799199330426,0.584442177479698,0.141958733645704,1,candidate_diagnostic_only
uniform_16MHz,strong_late,16,17,60,0.4,0.96,3,15,4,20270209,7.53721604092125,4.64033156018812,7.53721604092125,4.53721604092125,1.64033156018812,4.53721604092125,0,0.767573780333017,0.516685966862625,14.3239329335269,0.594168165167675,0.13810026047639,1,candidate_diagnostic_only
uniform_16MHz,strong_late,16,17,60,0.4,0.96,3,15,5,20270209,7.45165600567493,4.55403429310608,7.45165600567493,4.45165600567493,1.55403429310608,4.45165600567493,0,0.998783918431774,0.50176966086561,43.8697945213311,0.563194367779808,0.00068489028998564,1,candidate_diagnostic_only
uniform_16MHz,strong_late,16,17,60,0.4,0.96,3,15,6,20270209,7.67399961027955,4.67399961091615,7.67399961027955,4.67399961027955,1.67399961091615,4.67399961027955,0,0.690061442490908,0.281452769872798,29.5284208516082,0.609459315728555,0.188894941177387,1,candidate_diagnostic_only
uniform_16MHz,strong_late,16,17,60,0.4,0.96,3,15,7,20270209,7.6244031986675,4.62441299773919,7.6244031986675,4.6244031986675,1.62441299773919,4.6244031986675,0,0.846070276219702,0.388772258329898,27.4667122142126,0.599442632974449,0.0922720389158913,1,candidate_diagnostic_only
uniform_16MHz,strong_late,16,17,60,0.4,0.96,3,15,8,20270209,7.39804699797891,5.36972010178902,5.36972010178902,4.39804699797891,2.36972010178902,2.36972010178902,1,0.998143672124614,0.546975129113971,36.8453779950398,0.549864754553689,0.00102072927157049,1,candidate_diagnostic_only
uniform_16MHz,strong_late,16,17,60,0.4,0.96,3,15,9,20270209,7.42285432936149,4.810522299688,7.42285432936149,4.42285432936149,1.810522299688,4.42285432936149,0,0.999174000449115,0.516096218781035,41.2855969550171,0.552320979385149,0.000456216880916349,1,candidate_diagnostic_only
uniform_16MHz,strong_late,16,17,60,0.4,0.96,3,15,10,20270209,7.40417725502159,4.40427837178677,7.40417725502159,4.40417725502159,1.40427837178677,4.40417725502159,0,0.718592633158032,0.4504990291108,15.6749845091241,0.552654499766895,0.155521047552767,1,candidate_diagnostic_only
uniform_16MHz,strong_late,16,17,60,0.4,0.96,3,15,11,20270209,7.497047427376,5.49554986704688,5.49554986704688,4.497047427376,2.49554986704688,2.49554986704688,1,0.999295803572769,0.562991920565831,35.6275618340912,0.558694372589911,0.000393430581091758,1,candidate_diagnostic_only
uniform_16MHz,strong_late,16,17,60,0.4,0.96,3,15,12,20270209,7.3382255101236,4.33823298475235,7.3382255101236,4.3382255101236,1.33823298475235,4.3382255101236,0,0.805374792338927,0.390961979962976,63.5700241246641,0.538850709174477,0.104873931171399,1,candidate_diagnostic_only
uniform_16MHz,strong_late,16,17,60,0.4,0.96,3,15,13,20270209,7.47998056796648,4.4801055781393,7.47998056796648,4.47998056796648,1.4801055781393,4.47998056796648,0,0.998481132990817,0.488492536168851,45.5773059474603,0.574866871625769,0.000873146325984564,1,candidate_diagnostic_only
uniform_16MHz,strong_late,16,17,60,0.4,0.96,3,15,14,20270209,7.22155378644308,7.1872371955061,7.1872371955061,4.22155378644308,4.1872371955061,4.1872371955061,1,0.998011675346425,0.699034183625501,20.9670279344487,0.50653581632277,0.00100715765151338,1,candidate_diagnostic_only
uniform_16MHz,strong_late,16,17,60,0.4,0.96,3,15,15,20270209,7.53675320062187,4.73414868637991,7.53675320062187,4.53675320062187,1.73414868637991,4.53675320062187,0,0.755728488417,0.492159794853074,15.9979793511797,0.56825754351271,0.138809129122292,1,candidate_diagnostic_only
uniform_16MHz,strong_late,16,17,60,0.4,0.96,3,15,16,20270209,7.35802150384379,7.08002378652763,7.08002378652763,4.35802150384379,4.08002378652763,4.08002378652763,1,0.970893797591724,0.698419550805047,16.9217960716671,0.543266606904485,0.0158124278222191,1,candidate_diagnostic_only
uniform_16MHz,strong_late,16,17,60,0.4,0.96,3,15,17,20270209,7.40799513464296,4.40799574669575,7.40799513464296,4.40799513464296,1.40799574669575,4.40799513464296,0,0.710016068331952,0.443900171607962,15.9285848272287,0.547769037800441,0.158844219227395,1,candidate_diagnostic_only
uniform_16MHz,strong_late,16,17,60,0.4,0.96,3,15,18,20270209,7.67324238327226,4.67324238337452,7.67324238327226,4.67324238327226,1.67324238337452,4.67324238327226,0,0.690599716111648,0.281184865810515,29.5402827475586,0.610210949720194,0.188799441075209,1,candidate_diagnostic_only
uniform_16MHz,strong_late,16,17,60,0.4,0.96,3,15,19,20270209,7.5921352707531,4.59213527153617,7.5921352707531,4.5921352707531,1.59213527153617,4.5921352707531,0,0.849296221346026,0.392741239258528,27.408357524277,0.600876072703499,0.0905542946591773,1,candidate_diagnostic_only
uniform_16MHz,strong_late,16,17,60,0.4,0.96,3,15,20,20270209,7.51129855767974,4.51129855781403,7.51129855767974,4.51129855767974,1.51129855781403,4.51129855767974,0,0.657376983841969,0.251382374054833,31.8218878736349,0.574465916449235,0.196825244973824,1,candidate_diagnostic_only
uniform_16MHz,strong_late,16,17,60,0.4,0.96,15,15,1,20270209,19.6542570919402,17.3990692733222,17.3990692733222,4.65425709194024,2.39906927332219,2.39906927332219,1,0.999007102740287,0.562264762933109,36.1101102296706,0.610048231965294,0.000605715217811165,1,candidate_diagnostic_only
uniform_16MHz,strong_late,16,17,60,0.4,0.96,15,15,2,20270209,19.5399376688146,16.5399376713042,19.5399376688146,4.5399376688146,1.53993767130418,4.5399376688146,0,0.636910307722581,0.262329091567992,27.643314971091,0.588575170098234,0.213705577393098,1,candidate_diagnostic_only
uniform_16MHz,strong_late,16,17,60,0.4,0.96,15,15,3,20270209,19.6385349086896,19.5039554563141,19.5039554563141,4.63853490868959,4.50395545631414,4.50395545631414,1,0.967366014210616,0.6929741748329,18.3640805649176,0.597765312937216,0.01950746472778,1,candidate_diagnostic_only
uniform_16MHz,strong_late,16,17,60,0.4,0.96,15,15,4,20270209,19.4274676422756,16.4275182989269,19.4274676422756,4.42746764227564,1.42751829892686,4.42746764227564,0,0.979975319821678,0.509029190183294,39.7226273560709,0.548486798069121,0.0109832727133663,1,candidate_diagnostic_only
uniform_16MHz,strong_late,16,17,60,0.4,0.96,15,15,5,20270209,19.4726322992444,16.4726322993167,19.4726322992444,4.47263229924436,1.47263229931669,4.47263229924436,0,0.645389542004207,0.259869130608096,27.9935949371701,0.557827026577811,0.197811297377189,1,candidate_diagnostic_only
uniform_16MHz,strong_late,16,17,60,0.4,0.96,15,15,6,20270209,19.5602304085912,16.5655663126026,19.5602304085912,4.56023040859117,1.56556631260265,4.56023040859117,0,0.701149305585309,0.281571890008978,30.8685379551442,0.593226125242434,0.177286039473638,1,candidate_diagnostic_only
uniform_16MHz,strong_late,16,17,60,0.4,0.96,15,15,7,20270209,19.5489906943716,16.5489906945881,19.5489906943716,4.54899069437159,1.54899069458809,4.54899069437159,0,0.639824681768102,0.262760128452022,27.5991436806194,0.58860392787021,0.212000607033198,1,candidate_diagnostic_only
uniform_16MHz,strong_late,16,17,60,0.4,0.96,15,15,8,20270209,19.5809695201801,16.5809695206636,19.5809695201801,4.58096952018009,1.58096952066356,4.58096952018009,0,0.637621217811023,0.262169480512114,27.6887754291254,0.587160893195388,0.212774649425137,1,candidate_diagnostic_only
uniform_16MHz,strong_late,16,17,60,0.4,0.96,15,15,9,20270209,19.4569066254665,16.4569066349676,19.4569066254665,4.4569066254665,1.45690663496763,4.4569066254665,0,0.646305591904265,0.258959485397674,28.1699793388476,0.55069747530258,0.194778617566962,1,candidate_diagnostic_only
uniform_16MHz,strong_late,16,17,60,0.4,0.96,15,15,10,20270209,19.3238147392936,16.32381474073,19.3238147392936,4.32381473929364,1.32381474072996,4.32381473929364,0,0.690136087477987,0.28052151392469,27.9726615601011,0.525068882422231,0.162699898250913,1,candidate_diagnostic_only
uniform_16MHz,strong_late,16,17,60,0.4,0.96,15,15,11,20270209,19.4765161858306,16.6617013645291,19.4765161858306,4.47651618583063,1.66170136452908,4.47651618583063,0,0.998968460607508,0.508144031265949,42.0431421351551,0.5738671994627,0.000591966622304874,1,candidate_diagnostic_only
uniform_16MHz,strong_late,16,17,60,0.4,0.96,15,15,12,20270209,19.6511758305637,18.271786186788,18.271786186788,4.65117583056367,3.27178618678797,3.27178618678797,1,0.920853379652122,0.699999553300999,13.570878155554,0.593790003845651,0.046996472000737,1,candidate_diagnostic_only
uniform_16MHz,strong_late,16,17,60,0.4,0.96,15,15,13,20270209,19.3082811848685,16.3366469596763,19.3082811848685,4.30828118486849,1.33664695967631,4.30828118486849,0,0.715683743031373,0.328330449177443,25.1612871035151,0.53797684661278,0.152955563364731,1,candidate_diagnostic_only
uniform_16MHz,strong_late,16,17,60,0.4,0.96,15,15,14,20270209,19.4326821673107,17.8708548515393,17.8708548515393,4.43268216731071,2.87085485153934,2.87085485153934,1,0.984787066173208,0.615959239187243,27.0179460875636,0.55571049534484,0.00845398699253508,1,candidate_diagnostic_only
uniform_16MHz,strong_late,16,17,60,0.4,0.96,15,15,15,20270209,19.4407105544794,16.6510565003726,19.4407105544794,4.44071055447938,1.65105650037262,4.44071055447938,0,0.852841070654289,0.502350621840037,20.8480580277148,0.561994903724579,0.082702568329855,1,candidate_diagnostic_only
uniform_16MHz,strong_late,16,17,60,0.4,0.96,15,15,16,20270209,19.4200475195649,16.4200475214748,19.4200475195649,4.42004751956495,1.42004752147476,4.42004751956495,0,0.644411164673125,0.259616046267548,28.1191222236077,0.553956061150123,0.196980590606635,1,candidate_diagnostic_only
uniform_16MHz,strong_late,16,17,60,0.4,0.96,15,15,17,20270209,19.3128267107232,16.3128267144989,19.3128267107232,4.31282671072322,1.31282671449893,4.31282671072322,0,0.706755287508175,0.488786196786498,12.6455005905821,0.536721635151846,0.157390781588245,1,candidate_diagnostic_only
uniform_16MHz,strong_late,16,17,60,0.4,0.96,15,15,18,20270209,19.4541347239076,16.454134724099,19.4541347239076,4.45413472390764,1.45413472409905,4.45413472390764,0,0.646394705758015,0.260032603177169,27.9878890372883,0.557495934419964,0.197133513929281,1,candidate_diagnostic_only
uniform_16MHz,strong_late,16,17,60,0.4,0.96,15,15,19,20270209,19.4540221143919,16.4540221143971,19.4540221143919,4.4540221143919,1.45402211439706,4.4540221143919,0,0.640399010803915,0.260032910133208,27.9874642615132,0.565363128615688,0.203305140305195,1,candidate_diagnostic_only
uniform_16MHz,strong_late,16,17,60,0.4,0.96,15,15,20,20270209,19.3756202824622,16.4741943199774,19.3756202824622,4.37562028246219,1.47419431997736,4.37562028246219,0,0.998887495755793,0.494403502272106,44.6750408140499,0.544176627852672,0.000605398808084301,1,candidate_diagnostic_only
uniform_16MHz,strong_late,16,17,60,0.4,0.96,3,30,1,20270209,7.38433006416245,6.66299199913687,6.66299199913687,4.38433006416245,3.66299199913687,3.66299199913687,1,0.999075846380623,0.659844172024165,26.1167436747773,0.543008026067934,0.000501822832641219,1,candidate_diagnostic_only
uniform_16MHz,strong_late,16,17,60,0.4,0.96,3,30,2,20270209,7.43548067736279,4.43548166792697,7.43548067736279,4.43548067736279,1.43548166792697,4.43548067736279,0,0.8188067479624,0.341195290945272,50.1701548695622,0.546264710711343,0.098979479407167,1,candidate_diagnostic_only
uniform_16MHz,strong_late,16,17,60,0.4,0.96,3,30,3,20270209,7.40159948980969,4.40160524069455,7.40159948980969,4.40159948980969,1.40160524069455,4.40159948980969,0,0.712197475131893,0.461307269582048,15.3679012510693,0.548623804908913,0.157895316255533,1,candidate_diagnostic_only
uniform_16MHz,strong_late,16,17,60,0.4,0.96,3,30,4,20270209,7.4391978029258,4.43919780655865,7.4391978029258,4.4391978029258,1.43919780655865,4.4391978029258,0,0.632216648368801,0.236594537907521,33.4180070865412,0.550090005161305,0.202313945797048,1,candidate_diagnostic_only
uniform_16MHz,strong_late,16,17,60,0.4,0.96,3,30,5,20270209,7.40627395194759,4.40627443236588,7.40627395194759,4.40627395194759,1.40627443236588,4.40627395194759,0,0.711748886865328,0.455160683868127,15.4878709125731,0.542281301150096,0.156313188688634,1,candidate_diagnostic_only
uniform_16MHz,strong_late,16,17,60,0.4,0.96,3,30,6,20270209,7.41934497779961,4.41934505734579,7.41934497779961,4.41934497779961,1.41934505734579,4.41934497779961,0,0.711171676514698,0.456284469539876,15.4868769065168,0.550836931581489,0.15909730746247,1,candidate_diagnostic_only
uniform_16MHz,strong_late,16,17,60,0.4,0.96,3,30,7,20270209,7.4197340744023,4.86453797521204,7.4197340744023,4.4197340744023,1.86453797521204,4.4197340744023,0,0.998824189659639,0.520580344225659,41.0583047723642,0.544588683635588,0.00064033300546229,1,candidate_diagnostic_only
uniform_16MHz,strong_late,16,17,60,0.4,0.96,3,30,8,20270209,7.37763761041527,6.63148183968972,6.63148183968972,4.37763761041527,3.63148183968972,3.63148183968972,1,0.999112023414987,0.65451775960724,26.4063421715701,0.533895263213791,0.000474086492582959,1,candidate_diagnostic_only
uniform_16MHz,strong_late,16,17,60,0.4,0.96,3,30,9,20270209,7.44047154652164,4.44047156374036,7.44047154652164,4.44047154652164,1.44047156374036,4.44047154652164,0,0.635569659426116,0.236740998299453,33.3447162398668,0.550286896079451,0.20054124095158,1,candidate_diagnostic_only
uniform_16MHz,strong_late,16,17,60,0.4,0.96,3,30,10,20270209,7.40201939640607,4.4020194406889,7.40201939640607,4.40201939640607,1.4020194406889,4.40201939640607,0,0.717521058048624,0.470001461395051,14.9070613762541,0.54053682929034,0.152690271623687,1,candidate_diagnostic_only
uniform_16MHz,strong_late,16,17,60,0.4,0.96,3,30,11,20270209,7.37243646719071,6.46016333379869,6.46016333379869,4.37243646719071,3.46016333379869,3.46016333379869,1,0.996479789390966,0.640579025180287,26.0690384132645,0.538259272591501,0.0018947860017875,1,candidate_diagnostic_only
uniform_16MHz,strong_late,16,17,60,0.4,0.96,3,30,12,20270209,7.35984734772864,4.52058826624611,7.35984734772864,4.35984734772864,1.52058826624611,4.35984734772864,0,0.83398246771165,0.584648002274309,17.4365876183478,0.538355477380065,0.0893764478485553,1,candidate_diagnostic_only
uniform_16MHz,strong_late,16,17,60,0.4,0.96,3,30,13,20270209,7.42264016527117,4.77215643793109,7.42264016527117,4.42264016527117,1.77215643793109,4.42264016527117,0,0.999508896526596,0.514219378691541,41.8832246577628,0.549080320389287,0.000269655252521206,1,candidate_diagnostic_only
uniform_16MHz,strong_late,16,17,60,0.4,0.96,3,30,14,20270209,7.41532667903654,4.41532837502739,7.41532667903654,4.41532667903654,1.41532837502739,4.41532667903654,0,0.710851405680131,0.45969883437234,15.4201132661267,0.547689429906908,0.158363628781433,1,candidate_diagnostic_only
uniform_16MHz,strong_late,16,17,60,0.4,0.96,3,30,15,20270209,7.40813155982418,4.40813468379969,7.40813155982418,4.40813155982418,1.40813468379969,4.40813155982418,0,0.709644277130856,0.4563979359303,15.3663126455921,0.543364220937113,0.157768911151425,1,candidate_diagnostic_only
uniform_16MHz,strong_late,16,17,60,0.4,0.96,3,30,16,20270209,7.39739574367193,4.39755503517978,7.39739574367193,4.39739574367193,1.39755503517978,4.39739574367193,0,0.715034008195342,0.464850960782021,15.0526300252566,0.542678941141625,0.154645042693925,1,candidate_diagnostic_only
uniform_16MHz,strong_late,16,17,60,0.4,0.96,3,30,17,20270209,7.39528901460217,4.3952893331575,7.39528901460217,4.39528901460217,1.3952893331575,4.39528901460217,0,0.704020202637583,0.448259925235043,15.6993119564317,0.540511874454674,0.159980595073074,1,candidate_diagnostic_only
uniform_16MHz,strong_late,16,17,60,0.4,0.96,3,30,18,20270209,7.38702212884974,4.52805784058796,7.38702212884974,4.38702212884974,1.52805784058796,4.38702212884974,0,0.709795109403889,0.414080247181495,18.3388301146652,0.532985996710399,0.1546751428646,1,candidate_diagnostic_only
uniform_16MHz,strong_late,16,17,60,0.4,0.96,3,30,19,20270209,7.4514089765836,4.62715360770648,7.4514089765836,4.4514089765836,1.62715360770648,4.4514089765836,0,0.99809921611981,0.502412189423045,44.841826320322,0.552494476609355,0.00105017259503315,1,candidate_diagnostic_only
uniform_16MHz,strong_late,16,17,60,0.4,0.96,3,30,20,20270209,7.43128314016339,4.43129909774623,7.43128314016339,4.43128314016339,1.43129909774623,4.43128314016339,0,0.791566956308205,0.327680317434114,50.6001248423501,0.558618979737883,0.116434654210772,1,candidate_diagnostic_only
uniform_16MHz,strong_late,16,17,60,0.4,0.96,15,30,1,20270209,19.4153359336891,16.7898105899981,19.4153359336891,4.41533593368911,1.78981058999808,4.41533593368911,0,0.996301053244518,0.528989053367534,41.8204196351375,0.545054002866719,0.0020161257354665,1,candidate_diagnostic_only
uniform_16MHz,strong_late,16,17,60,0.4,0.96,15,30,2,20270209,19.4190924660158,16.4190924660581,19.4190924660158,4.4190924660158,1.41909246605806,4.4190924660158,0,0.637261850627967,0.258849025519965,28.2619084491249,0.547092809345053,0.198451433196571,1,candidate_diagnostic_only
uniform_16MHz,strong_late,16,17,60,0.4,0.96,15,30,3,20270209,19.3822800914341,16.3822800931315,19.3822800914341,4.38228009143405,1.38228009313151,4.38228009143405,0,0.686149021933563,0.285018834068599,27.6700886539133,0.536321510722638,0.168325030698369,1,candidate_diagnostic_only
uniform_16MHz,strong_late,16,17,60,0.4,0.96,15,30,4,20270209,19.3779447016471,16.5190647990969,19.3779447016471,4.37794470164709,1.51906479909695,4.37794470164709,0,0.999040609314136,0.496145890038944,44.5459999517495,0.542826428283279,0.000520782619335858,1,candidate_diagnostic_only
uniform_16MHz,strong_late,16,17,60,0.4,0.96,15,30,5,20270209,19.3732193854983,16.3732194022095,19.3732193854983,4.37321938549833,1.37321940220946,4.37321938549833,0,0.682125411619583,0.282969714791704,27.9979806001026,0.540245381174023,0.171730278165114,1,candidate_diagnostic_only
uniform_16MHz,strong_late,16,17,60,0.4,0.96,15,30,6,20270209,19.4182278127345,18.2197906909203,18.2197906909203,4.41822781273445,3.21979069092033,3.21979069092033,1,0.996337587945773,0.617066112023666,30.405140657923,0.549230873953737,0.00201150977332198,1,candidate_diagnostic_only
uniform_16MHz,strong_late,16,17,60,0.4,0.96,15,30,7,20270209,19.4243441716008,16.448720248966,19.4243441716008,4.42434417160079,1.44872024896602,4.42434417160079,0,0.999475019272351,0.487672311824704,44.9893735035843,0.539816677590411,0.000283393352198402,1,candidate_diagnostic_only
uniform_16MHz,strong_late,16,17,60,0.4,0.96,15,30,8,20270209,19.4332534109127,16.6575260746117,19.4332534109127,4.43325341091266,1.6575260746117,4.43325341091266,0,0.849338981336069,0.491594676608702,21.4355808940256,0.545891269402595,0.0822445347279415,1,candidate_diagnostic_only
uniform_16MHz,strong_late,16,17,60,0.4,0.96,15,30,9,20270209,19.4219720763473,16.5305228604327,19.4219720763473,4.42197207634734,1.53052286043272,4.42197207634734,0,0.999407062714833,0.492923634240629,43.9068862594535,0.548981359138303,0.00032551151669491,1,candidate_diagnostic_only
uniform_16MHz,strong_late,16,17,60,0.4,0.96,15,30,10,20270209,19.4006617435838,16.4006617435958,19.4006617435838,4.40066174358376,1.40066174359582,4.40066174358376,0,0.633998383279755,0.257594475946392,28.4223073215702,0.546318135648181,0.199953320890824,1,candidate_diagnostic_only
uniform_16MHz,strong_late,16,17,60,0.4,0.96,15,30,11,20270209,19.4336877389217,16.4336878534028,19.4336877389217,4.43368773892166,1.43368785340276,4.43368773892166,0,0.634743919183791,0.258960852959334,28.2253763494407,0.550167792396432,0.200952131642026,1,candidate_diagnostic_only
uniform_16MHz,strong_late,16,17,60,0.4,0.96,15,30,12,20270209,19.4537323806136,16.4537323817714,19.4537323806136,4.45373238061362,1.45373238177139,4.45373238061362,0,0.74738058136858,0.285249835492781,35.5751701806153,0.559235885354066,0.141273844235971,1,candidate_diagnostic_only
uniform_16MHz,strong_late,16,17,60,0.4,0.96,15,30,13,20270209,19.404807544134,16.6601519924384,19.404807544134,4.40480754413399,1.66015199243842,4.40480754413399,0,0.999226466512899,0.502756972746649,43.3925846852442,0.547537532036858,0.000423538616475261,1,candidate_diagnostic_only
uniform_16MHz,strong_late,16,17,60,0.4,0.96,15,30,14,20270209,19.4154728372072,16.415472837458,19.4154728372072,4.41547283720717,1.41547283745804,4.41547283720717,0,0.634423082083309,0.257586656561699,28.4688439040983,0.547617387329552,0.200196276657528,1,candidate_diagnostic_only
uniform_16MHz,strong_late,16,17,60,0.4,0.96,15,30,15,20270209,19.3887904793331,16.3887904799196,19.3887904793331,4.38879047933306,1.38879047991957,4.38879047933306,0,0.67933238958213,0.28478636335661,27.7114113107121,0.545239622519102,0.174840686858342,1,candidate_diagnostic_only
uniform_16MHz,strong_late,16,17,60,0.4,0.96,15,30,16,20270209,19.4138605676087,19.1265232071611,19.1265232071611,4.41386056760872,4.12652320716109,4.12652320716109,1,0.999086231070436,0.698155575164858,22.3167360147474,0.545846841423439,0.000498777883993107,1,candidate_diagnostic_only
uniform_16MHz,strong_late,16,17,60,0.4,0.96,15,30,17,20270209,19.4019528578782,16.699919123161,19.4019528578782,4.4019528578782,1.69991912316104,4.4019528578782,0,0.952908308693419,0.44173925598809,35.8533796027593,0.540520434991336,0.0254540214695107,1,candidate_diagnostic_only
uniform_16MHz,strong_late,16,17,60,0.4,0.96,15,30,18,20270209,19.4203747916717,16.4204301729644,19.4203747916717,4.42037479167173,1.42043017296443,4.42037479167173,0,0.638346803200327,0.25722439111875,28.5097464751108,0.543876402442563,0.196694639607258,1,candidate_diagnostic_only
uniform_16MHz,strong_late,16,17,60,0.4,0.96,15,30,19,20270209,19.4293736605775,16.7101150811038,19.4293736605775,4.42937366057751,1.71011508110381,4.42937366057751,0,0.99925087001288,0.51228188174959,42.8230966130023,0.551745854314149,0.000413329364735704,1,candidate_diagnostic_only
uniform_16MHz,strong_late,16,17,60,0.4,0.96,15,30,20,20270209,19.4074946984267,16.5201910732551,19.4074946984267,4.4074946984267,1.52019107325508,4.4074946984267,0,0.999295504145727,0.494909143641309,44.0057026337601,0.546429477720888,0.000384957301706956,1,candidate_diagnostic_only
uniform_32MHz,LOS,32,17,0,0,0,3,0,1,20270209,2.909284858259,2.916470312942,2.909284858259,-0.0907151417410024,-0.0835296870579958,-0.0907151417410024,0,0.158615315490246,0.0182130729162023,97.2376851261222,0.0041312558237474,0.00347597537789279,0,weak_or_boundary_solution
uniform_32MHz,LOS,32,17,0,0,0,3,0,2,20270209,3.00596952771601,3.01493568928407,3.00596952771601,0.00596952771601345,0.0149356892840729,0.00596952771601345,0,0.21172907928671,0.0234596837274952,98.9197273718213,0.00490280015438849,0.00386473479177307,1,candidate_diagnostic_only
uniform_32MHz,LOS,32,17,0,0,0,3,0,3,20270209,3.08179641631888,3.05752362960907,3.08179641631888,0.0817964163188765,0.0575236296090718,0.0817964163188765,0,0.377299850019455,0.0366014824701165,49.5702217265698,0.00549737424717067,0.00342321576821236,1,candidate_diagnostic_only
uniform_32MHz,LOS,32,17,0,0,0,3,0,4,20270209,2.95038901126237,2.575027273476,2.95038901126237,-0.0496109887376268,-0.424972726524,-0.0496109887376268,0,0.104651217105604,0.249249632359261,7.89005266943029,0.00344219057701634,0.00308196114362214,1,candidate_diagnostic_only
uniform_32MHz,LOS,32,17,0,0,0,3,0,5,20270209,2.95066008990301,2.70886785678681,2.95066008990301,-0.0493399100969891,-0.291132143213186,-0.0493399100969891,0,0.104722591417194,0.0728429046384381,15.5479154495261,0.0022204399064405,0.0019879096853519,1,candidate_diagnostic_only
uniform_32MHz,LOS,32,17,0,0,0,3,0,6,20270209,3.0153067330658,3.02044501562852,3.0153067330658,0.0153067330658039,0.0204450156285159,0.0153067330658039,0,0.317096729237759,0.0231698174373604,99.9999990879637,0.00298307799794939,0.00203715372173852,1,candidate_diagnostic_only
uniform_32MHz,LOS,32,17,0,0,0,3,0,7,20270209,2.9598167745989,2.96490916434547,2.9598167745989,-0.0401832254011012,-0.0350908356545343,-0.0401832254011012,0,0.263196902989325,0.0190012612634481,70.487915035205,0.00257582133265077,0.00189787313524326,0,weak_or_boundary_solution
uniform_32MHz,LOS,32,17,0,0,0,3,0,8,20270209,2.99900297794052,3.28848505520908,2.99900297794052,-0.000997022059483044,0.288485055209076,-0.000997022059483044,0,0.0604561673625652,0.193366413027187,5.00000263438329,0.00269110958139862,0.00252841541015458,1,candidate_diagnostic_only
uniform_32MHz,LOS,32,17,0,0,0,3,0,9,20270209,2.99726558912226,3.7936244399705,2.99726558912226,-0.00273441087773607,0.793624439970504,-0.00273441087773607,0,0.278757918562245,0.249230872813371,10.1870642155563,0.00437815049895129,0.00315770637871138,1,candidate_diagnostic_only
uniform_32MHz,LOS,32,17,0,0,0,3,0,10,20270209,2.90801834996854,2.91613744552227,2.90801834996854,-0.0919816500314572,-0.0838625544777281,-0.0919816500314572,0,0.180774374205209,0.0188371685147121,99.9999999406075,0.00363691584975001,0.00297945466297445,0,weak_or_boundary_solution
uniform_32MHz,LOS,32,17,0,0,0,3,0,11,20270209,3.00647088143707,2.99985409334989,3.00647088143707,0.00647088143706576,-0.000145906650105943,0.00647088143706576,0,0.404493252822777,0.0256411553354453,69.9686458462629,0.00314986161015884,0.0018757638415241,1,candidate_diagnostic_only
uniform_32MHz,LOS,32,17,0,0,0,3,0,12,20270209,3.03986111833237,3.06313063436786,3.03986111833237,0.0398611183323663,0.0631306343678606,0.0398611183323663,0,0.0642484389710136,0.013597510105305,65.6971725937938,0.00599717220829565,0.00561186325567231,0,weak_or_boundary_solution
uniform_32MHz,LOS,32,17,0,0,0,3,0,13,20270209,3.06126466499425,3.06336484014911,3.06126466499425,0.0612646649942539,0.0633648401491129,0.0612646649942539,0,0.396314869438192,0.0253611591958394,48.8293476577499,0.00285704343451099,0.00172475463878352,1,candidate_diagnostic_only
uniform_32MHz,LOS,32,17,0,0,0,3,0,14,20270209,2.97088799074753,2.95343355415821,2.97088799074753,-0.0291120092524744,-0.0465664458417892,-0.0291120092524744,0,0.587624774194613,0.0439403632026679,99.1031955224833,0.0067795212185553,0.00279570659335415,1,candidate_diagnostic_only
uniform_32MHz,LOS,32,17,0,0,0,3,0,15,20270209,3.0865393130275,3.29316208266543,3.0865393130275,0.0865393130274956,0.293162082665434,0.0865393130274956,0,0.155393134277514,0.198220035981212,5.00000005374064,0.00162718247026095,0.00137432948616567,1,candidate_diagnostic_only
uniform_32MHz,LOS,32,17,0,0,0,3,0,16,20270209,2.96919249621287,3.32309127824017,2.96919249621287,-0.0308075037871292,0.32309127824017,-0.0308075037871292,0,0.00480589340806317,0.17070557456486,6.18786641394633,0.00443183622234655,0.00441053728985996,1,candidate_diagnostic_only
uniform_32MHz,LOS,32,17,0,0,0,3,0,17,20270209,3.06912216216219,3.07145250654819,3.06912216216219,0.0691221621621865,0.0714525065481917,0.0691221621621865,0,0.0874111597542884,0.00933253684678709,92.454779705267,0.00217570635835895,0.00198552534229002,0,weak_or_boundary_solution
uniform_32MHz,LOS,32,17,0,0,0,3,0,18,20270209,2.95751180596972,2.96262861994868,2.95751180596972,-0.0424881940302773,-0.0373713800513187,-0.0424881940302773,0,0.412602998086335,0.0256676371595684,80.2446536120871,0.0028093720425415,0.00165021671504895,1,candidate_diagnostic_only
uniform_32MHz,LOS,32,17,0,0,0,3,0,19,20270209,2.99063027091813,3.38738159327635,2.99063027091813,-0.00936972908186906,0.387381593276345,-0.00936972908186906,0,0.0488990808241985,0.233118384679782,5.00000006002824,0.00230320936398409,0.00219058454313958,1,candidate_diagnostic_only
uniform_32MHz,LOS,32,17,0,0,0,3,0,20,20270209,3.04636763325803,3.03786357880612,3.04636763325803,0.0463676332580278,0.0378635788061219,0.0463676332580278,0,0.250116951093433,0.0216106116447668,99.9986717263663,0.00391573417729907,0.00293634268358067,1,candidate_diagnostic_only
uniform_32MHz,LOS,32,17,0,0,0,15,0,1,20270209,14.9522426681461,14.6925815265853,14.9522426681461,-0.047757331853866,-0.307418473414742,-0.047757331853866,0,0.337370746526174,0.0834824492386453,16.7199988707034,0.00292249594563421,0.00193653130673588,1,candidate_diagnostic_only
uniform_32MHz,LOS,32,17,0,0,0,15,0,2,20270209,15.0492681827404,14.9836060587233,15.0492681827404,0.0492681827403771,-0.0163939412767178,0.0492681827403771,0,0.100163125590162,0.0297702670250455,16.3079617659533,0.00382142317384693,0.00343865748455174,1,candidate_diagnostic_only
uniform_32MHz,LOS,32,17,0,0,0,15,0,3,20270209,14.9649955991624,14.142706424433,14.9649955991624,-0.0350044008375772,-0.857293575567036,-0.0350044008375772,0,0.276210997635607,0.441727448439148,10.3820236159225,0.00391115491321825,0.00283085091273083,1,candidate_diagnostic_only
uniform_32MHz,LOS,32,17,0,0,0,15,0,4,20270209,14.9687933691832,15.7695478224426,15.7695478224426,-0.0312066308167527,0.769547822442567,0.769547822442567,1,0.67170841826231,0.252706307296404,10.0145223359365,0.00171084596798465,0.000561656328939231,1,candidate_diagnostic_only
uniform_32MHz,LOS,32,17,0,0,0,15,0,5,20270209,15.0699309753125,15.0577239546852,15.0699309753125,0.0699309753125288,0.0577239546851533,0.0699309753125288,0,0.27774610607983,0.0211267556313292,55.6426305585909,0.00349119637075623,0.00252153017321866,1,candidate_diagnostic_only
uniform_32MHz,LOS,32,17,0,0,0,15,0,6,20270209,14.9638156064789,14.3908204739177,14.9638156064789,-0.0361843935211379,-0.609179526082318,-0.0361843935211379,0,0.113549239113712,0.194570164792061,13.5560153084007,0.00283100622720145,0.00250954762417654,1,candidate_diagnostic_only
uniform_32MHz,LOS,32,17,0,0,0,15,0,7,20270209,15.052493219178,15.36426283915,15.052493219178,0.0524932191780074,0.364262839150037,0.0524932191780074,0,0.0949772457835137,0.111554023559604,10.5336391116247,0.0035270980487776,0.0031921039904963,1,candidate_diagnostic_only
uniform_32MHz,LOS,32,17,0,0,0,15,0,8,20270209,15.0450572773617,15.0491859883622,15.0450572773617,0.0450572773617051,0.0491859883622361,0.0450572773617051,0,0.39604364183436,0.0332967591884362,73.8614295609862,0.00500327811455614,0.00302176162895718,1,candidate_diagnostic_only
uniform_32MHz,LOS,32,17,0,0,0,15,0,9,20270209,14.9169275474339,14.9223450466482,14.9169275474339,-0.0830724525660766,-0.0776549533518356,-0.0830724525660766,0,0.155543973455807,0.0140284554863228,99.963993879856,0.00186111540665079,0.00157163012124051,0,weak_or_boundary_solution
uniform_32MHz,LOS,32,17,0,0,0,15,0,10,20270209,15.0201798246576,15.0402398617818,15.0201798246576,0.0201798246575606,0.0402398617818012,0.0201798246575606,0,0.154370381511772,0.018529094024827,61.3462475532463,0.0041137335399819,0.00347869492397712,0,weak_or_boundary_solution
uniform_32MHz,LOS,32,17,0,0,0,15,0,11,20270209,15.11386593586,15.110928640882,15.11386593586,0.113865935860025,0.110928640881985,0.113865935860025,0,0.0871449276193613,0.0164608852216827,99.999996539992,0.00636237237786874,0.00580792389751195,0,weak_or_boundary_solution
uniform_32MHz,LOS,32,17,0,0,0,15,0,12,20270209,15.0427226761733,15.0530369569323,15.0427226761733,0.0427226761733035,0.0530369569322584,0.0427226761733035,0,0.284296037738456,0.0132394233809283,81.8857190695856,0.00116285898813806,0.000832262785361859,0,weak_or_boundary_solution
uniform_32MHz,LOS,32,17,0,0,0,15,0,13,20270209,14.9333836956485,14.959867152251,14.9333836956485,-0.0666163043514718,-0.0401328477489571,-0.0666163043514718,0,0.323281608488515,0.0327328243818216,90.2403149322914,0.00568955792328873,0.00385022848625938,1,candidate_diagnostic_only
uniform_32MHz,LOS,32,17,0,0,0,15,0,14,20270209,15.0085739817791,14.687075348369,15.0085739817791,0.00857398177914881,-0.312924651630983,0.00857398177914881,0,0.343551273787564,0.0910642661346629,19.9144530950473,0.00277378152610286,0.00182084534960181,1,candidate_diagnostic_only
uniform_32MHz,LOS,32,17,0,0,0,15,0,15,20270209,14.9996446884806,14.9979248616564,14.9996446884806,-0.000355311519431467,-0.00207513834359929,-0.000355311519431467,0,0.30015443437477,0.0279769498117156,66.5418671791674,0.00519692346589196,0.00363704384249819,1,candidate_diagnostic_only
uniform_32MHz,LOS,32,17,0,0,0,15,0,16,20270209,14.9722723251378,15.3623753759838,14.9722723251378,-0.0277276748622111,0.362375375983753,-0.0277276748622111,0,0.0536814187781476,0.229340379999119,5.00000533951384,0.00270485245058483,0.00255965213345188,1,candidate_diagnostic_only
uniform_32MHz,LOS,32,17,0,0,0,15,0,17,20270209,14.933845788679,15.4911265110901,14.933845788679,-0.0661542113209581,0.491126511090059,-0.0661542113209581,0,0.238408560454476,0.182539774835797,10.0664118987796,0.00166954713587231,0.0012715128065981,1,candidate_diagnostic_only
uniform_32MHz,LOS,32,17,0,0,0,15,0,18,20270209,14.9766672709699,14.9617714892393,14.9766672709699,-0.0233327290301073,-0.0382285107606641,-0.0233327290301073,0,0.141215037919133,0.0168799285798157,86.5678893345624,0.00379431364793459,0.00325849950226442,0,weak_or_boundary_solution
uniform_32MHz,LOS,32,17,0,0,0,15,0,19,20270209,14.9205658923604,14.9304912103881,14.9205658923604,-0.0794341076396083,-0.0695087896118807,-0.0794341076396083,0,0.239050007449724,0.0199765027104327,52.5063963273408,0.00300660710624268,0.00228787765509697,0,weak_or_boundary_solution
uniform_32MHz,LOS,32,17,0,0,0,15,0,20,20270209,14.9263163408213,14.9247519829681,14.9263163408213,-0.0736836591787053,-0.0752480170319032,-0.0736836591787053,0,0.162757044056725,0.017331661184175,99.4602242284588,0.00390626783975656,0.00327049523286393,0,weak_or_boundary_solution
uniform_32MHz,LOS,32,17,0,0,0,3,15,1,20270209,2.98900365725444,3.3279447738342,2.98900365725444,-0.0109963427455577,0.327944773834203,-0.0109963427455577,0,0.122304727817851,0.166230897106243,6.06870337162094,0.000137811337681981,0.000120956359536573,1,candidate_diagnostic_only
uniform_32MHz,LOS,32,17,0,0,0,3,15,2,20270209,2.98590645320764,2.98478034328662,2.98590645320764,-0.0140935467923611,-0.0152196567133762,-0.0140935467923611,0,0.267525315653111,0.0064906859041636,47.3309895823664,0.000276240017242468,0.000202338819433656,0,weak_or_boundary_solution
uniform_32MHz,LOS,32,17,0,0,0,3,15,3,20270209,2.99877165477605,3.21632452912468,2.99877165477605,-0.00122834522394921,0.216324529124677,-0.00122834522394921,0,0.157008868354008,0.142791550115845,5.0000000443032,0.000256977587575369,0.000216629827357817,1,candidate_diagnostic_only
uniform_32MHz,LOS,32,17,0,0,0,3,15,4,20270209,3.00497481983516,3.00682030137738,3.00497481983516,0.00497481983516357,0.00682030137738332,0.00497481983516357,0,0.270880107273493,0.0055601387078476,76.0811998861311,0.000229280362645357,0.000167172873416277,0,weak_or_boundary_solution
uniform_32MHz,LOS,32,17,0,0,0,3,15,5,20270209,3.00727076047289,3.34390811657407,3.00727076047289,0.00727076047288833,0.343908116574069,0.00727076047288833,0,0.151153611229126,0.169724617439838,5.86690204069183,0.000145617106527052,0.000123606555018752,1,candidate_diagnostic_only
uniform_32MHz,LOS,32,17,0,0,0,3,15,6,20270209,2.98543295897048,3.35845877100105,2.98543295897048,-0.0145670410295184,0.358458771001051,-0.0145670410295184,0,0.103811457268879,0.172411396373593,6.47236102837163,0.000289677486513762,0.000259605644500782,1,candidate_diagnostic_only
uniform_32MHz,LOS,32,17,0,0,0,3,15,7,20270209,2.99809643416111,3.35550880605343,2.99809643416111,-0.00190356583888907,0.355508806053431,-0.00190356583888907,0,0.150421785417924,0.157188945661845,7.01760714533701,0.000254512267978901,0.00021622807821875,1,candidate_diagnostic_only
uniform_32MHz,LOS,32,17,0,0,0,3,15,8,20270209,2.98702829556345,2.98734947225872,2.98702829556345,-0.0129717044365547,-0.0126505277412843,-0.0129717044365547,0,9.19998053730358e-10,2.93923699708738e-14,97.7449926287644,0.000137812758296718,0.000137812758169931,0,weak_or_boundary_solution
uniform_32MHz,LOS,32,17,0,0,0,3,15,9,20270209,2.98308294954342,3.27196617742309,2.98308294954342,-0.0169170504565779,0.271966177423089,-0.0169170504565779,0,0.0618703658040306,0.170341285756278,5.0000037878043,0.000148465432742162,0.000139279822109151,1,candidate_diagnostic_only
uniform_32MHz,LOS,32,17,0,0,0,3,15,10,20270209,3.02118413490159,3.0209965320011,3.02118413490159,0.0211841349015867,0.0209965320011003,0.0211841349015867,0,0.0099836257272033,0.000819370435517852,62.5804144383379,0.000128296324331201,0.000127015461846902,0,weak_or_boundary_solution
uniform_32MHz,LOS,32,17,0,0,0,3,15,11,20270209,3.00027486850063,3.33776803472898,3.00027486850063,0.000274868500633296,0.337768034728984,0.000274868500633296,0,0.101352906665558,0.167282404119169,5.99842445850467,0.000162580769239362,0.000146102735709031,1,candidate_diagnostic_only
uniform_32MHz,LOS,32,17,0,0,0,3,15,12,20270209,3.00210536040322,3.09637272448267,3.00210536040322,0.00210536040321729,0.0963727244826691,0.00210536040321729,0,0.17144324500088,0.0885156373755321,5.00062373659947,0.000117306634843439,9.71952047057467e-05,1,candidate_diagnostic_only
uniform_32MHz,LOS,32,17,0,0,0,3,15,13,20270209,3.01162665299463,3.01424103139754,3.01162665299463,0.0116266529946252,0.0142410313975363,0.0116266529946252,0,0.157276012816419,0.00399587245242586,57.2228488268144,0.000186235018603265,0.000156944717430552,0,weak_or_boundary_solution
uniform_32MHz,LOS,32,17,0,0,0,3,15,14,20270209,2.98682405777582,3.26406892870569,2.98682405777582,-0.0131759422241839,0.264068928705687,-0.0131759422241839,0,0.0488415718797624,0.164737274224894,5.0001649733093,0.000161268924824487,0.0001533922970407,1,candidate_diagnostic_only
uniform_32MHz,LOS,32,17,0,0,0,3,15,15,20270209,2.98539787636353,2.98400570082604,2.98539787636353,-0.0146021236364722,-0.0159942991739621,-0.0146021236364722,0,1.83439389632986e-09,4.54621827365559e-13,97.804476579135,0.000153969514415486,0.000153969514133045,0,weak_or_boundary_solution
uniform_32MHz,LOS,32,17,0,0,0,3,15,16,20270209,2.96991034623696,2.96587151678544,2.96991034623696,-0.0300896537630377,-0.0341284832145634,-0.0300896537630377,0,0.392567868627332,0.00876065987076521,98.8258121560187,0.000243481278785707,0.000147898352122144,0,weak_or_boundary_solution
uniform_32MHz,LOS,32,17,0,0,0,3,15,17,20270209,3.00034779604687,2.99891691498637,3.00034779604687,0.000347796046869853,-0.00108308501362941,0.000347796046869853,0,0.0314502779039899,0.00178607539182911,99.9999996984749,0.000177762297588702,0.000172171623928685,0,weak_or_boundary_solution
uniform_32MHz,LOS,32,17,0,0,0,3,15,18,20270209,2.99741484204901,2.98941919192293,2.99741484204901,-0.00258515795099479,-0.0105808080770746,-0.00258515795099479,0,0.0913436420098423,0.00361651602263566,29.1270312070639,0.000167368701147197,0.000152080634425955,0,weak_or_boundary_solution
uniform_32MHz,LOS,32,17,0,0,0,3,15,19,20270209,2.99959877945393,3.00268890982696,2.99959877945393,-0.000401220546068171,0.0026889098269649,-0.000401220546068171,0,0.160169425691795,0.00537262910729194,89.7944694769971,0.000162928507765558,0.000136832342247928,0,weak_or_boundary_solution
uniform_32MHz,LOS,32,17,0,0,0,3,15,20,20270209,3.00969740653447,3.00680874530326,3.00969740653447,0.0096974065344666,0.00680874530326392,0.0096974065344666,0,0.371885484620704,0.109015623325881,5.07844823718241,0.000255369654787785,0.000160401386959608,1,candidate_diagnostic_only
uniform_32MHz,LOS,32,17,0,0,0,15,15,1,20270209,15.0100862782635,15.0134174562556,15.0100862782635,0.0100862782635467,0.0134174562556204,0.0100862782635467,0,0.488226784207875,0.0112683183445509,77.6420267207496,0.000498925738494416,0.000255336829630748,0,weak_or_boundary_solution
uniform_32MHz,LOS,32,17,0,0,0,15,15,2,20270209,14.9889732882527,14.9934301397057,14.9889732882527,-0.0110267117472986,-0.00656986029427742,-0.0110267117472986,0,0.220884531026007,0.0050863138218482,85.9637228032178,0.000223362473643185,0.000174025158403701,0,weak_or_boundary_solution
uniform_32MHz,LOS,32,17,0,0,0,15,15,3,20270209,14.9932852467434,14.9954824024936,14.9932852467434,-0.00671475325655102,-0.00451759750638914,-0.00671475325655102,0,0.0747062664120131,0.00325850582128921,99.9876759806252,0.000252829922938069,0.000233941943358129,0,weak_or_boundary_solution
uniform_32MHz,LOS,32,17,0,0,0,15,15,4,20270209,14.9877492952819,14.9886934779239,14.9877492952819,-0.0122507047180527,-0.0113065220761435,-0.0122507047180527,0,0.444088798569688,0.00576709974118505,48.3566475919713,0.000128777997820517,7.15891314861938e-05,0,weak_or_boundary_solution
uniform_32MHz,LOS,32,17,0,0,0,15,15,5,20270209,14.9990567391086,14.9993602969183,14.9990567391086,-0.000943260891363096,-0.000639703081699139,-0.000943260891363096,0,0.0277514241351045,0.00177398032616699,53.8732287997593,0.000204409206539413,0.000198736559951618,0,weak_or_boundary_solution
uniform_32MHz,LOS,32,17,0,0,0,15,15,6,20270209,14.9785402819862,15.3139442230868,14.9785402819862,-0.0214597180137961,0.31394422308685,-0.0214597180137961,0,0.167705753674612,0.13214622232722,8.20553910440412,0.000268584307011377,0.000223541173378861,1,candidate_diagnostic_only
uniform_32MHz,LOS,32,17,0,0,0,15,15,7,20270209,14.9856420065573,15.3057854666249,14.9856420065573,-0.0143579934426992,0.305785466624862,-0.0143579934426992,0,0.22098419802754,0.173219794568306,5.59443068584009,0.000245997905019779,0.000191636255262528,1,candidate_diagnostic_only
uniform_32MHz,LOS,32,17,0,0,0,15,15,8,20270209,14.9879709527465,14.9876858461747,14.9879709527465,-0.0120290472535007,-0.0123141538252973,-0.0120290472535007,0,0.0996908058399235,0.00346325882686699,87.4416951300485,0.000238382125963055,0.000214617619727964,0,weak_or_boundary_solution
uniform_32MHz,LOS,32,17,0,0,0,15,15,9,20270209,15.0068497194688,15.0087296443784,15.0068497194688,0.00684971946883728,0.00872964437835222,0.00684971946883728,0,0.306102645884247,0.00602951052282376,97.6696715593716,0.000239003216816025,0.000165843699773793,0,weak_or_boundary_solution
uniform_32MHz,LOS,32,17,0,0,0,15,15,10,20270209,14.9993582637679,14.9964233994461,14.9993582637679,-0.000641736232143586,-0.00357660055393794,-0.000641736232143586,0,0.23074570418205,0.00434097487875941,74.4159105757611,0.00014853874627252,0.000114264068665548,0,weak_or_boundary_solution
uniform_32MHz,LOS,32,17,0,0,0,15,15,11,20270209,15.0024755308842,14.9802155937625,15.0024755308842,0.00247553088415131,-0.0197844062375054,0.00247553088415131,0,0.231361549069655,0.00820908612332523,27.1205025266132,0.000177243906792635,0.000136236481953933,0,weak_or_boundary_solution
uniform_32MHz,LOS,32,17,0,0,0,15,15,12,20270209,14.9991758401668,15.0019142254644,14.9991758401668,-0.000824159833200611,0.00191422546438424,-0.000824159833200611,0,0.155013840625807,0.00405962424419121,67.4184369563828,0.000193352753240505,0.000163380400365121,0,weak_or_boundary_solution
uniform_32MHz,LOS,32,17,0,0,0,15,15,13,20270209,14.9899460455337,14.9725851145345,14.9899460455337,-0.0100539544662919,-0.0274148854654612,-0.0100539544662919,0,0.0274418436320958,0.00999276941888155,10.1224314868326,0.000232639264571288,0.000226255214250237,0,weak_or_boundary_solution
uniform_32MHz,LOS,32,17,0,0,0,15,15,14,20270209,15.0123929803363,15.0128573869612,15.0123929803363,0.0123929803362817,0.0128573869612154,0.0123929803362817,0,0.114289952747824,0.00303546467133542,75.0557919600489,0.000159233999359465,0.000141035153096825,0,weak_or_boundary_solution
uniform_32MHz,LOS,32,17,0,0,0,15,15,15,20270209,15.0224120063362,15.0219513305253,15.0224120063362,0.0224120063361699,0.0219513305253187,0.0224120063361699,0,0.359604953684795,0.00564947766615259,78.2010733598806,0.000163507858577994,0.000104709622666954,0,weak_or_boundary_solution
uniform_32MHz,LOS,32,17,0,0,0,15,15,16,20270209,15.0125597101087,15.0116221617509,15.0125597101087,0.012559710108702,0.0116221617508785,0.012559710108702,0,0.549954584874454,0.00611292464685093,73.0109430268776,0.000132283655474463,5.95336526423296e-05,0,weak_or_boundary_solution
uniform_32MHz,LOS,32,17,0,0,0,15,15,17,20270209,15.0098877922282,15.0102765560092,15.0098877922282,0.00988779222821812,0.0102765560092166,0.00988779222821812,0,0.0902792131698489,0.00289569135045738,38.7684085162729,0.000167295241223053,0.000152191958478376,0,weak_or_boundary_solution
uniform_32MHz,LOS,32,17,0,0,0,15,15,18,20270209,14.9932535753387,14.9943950106811,14.9932535753387,-0.00674642466130138,-0.00560498931885078,-0.00674642466130138,0,0.0141792828112885,0.00144623375696101,92.9353387424225,0.000233244067958882,0.000229936834355238,0,weak_or_boundary_solution
uniform_32MHz,LOS,32,17,0,0,0,15,15,19,20270209,15.0015657151994,15.2858303292069,15.0015657151994,0.00156571519944748,0.285830329206888,0.00156571519944748,0,0.294407088927255,0.172133541028538,5.00855521450692,0.000139474215104851,9.84120174554182e-05,1,candidate_diagnostic_only
uniform_32MHz,LOS,32,17,0,0,0,15,15,20,20270209,14.9782067400057,14.9787085356973,14.9782067400057,-0.0217932599942596,-0.0212914643026885,-0.0217932599942596,0,1.04067945490975e-09,1.50087668129445e-13,92.9497797827306,0.000210164556261105,0.000210164556042391,0,weak_or_boundary_solution
uniform_32MHz,LOS,32,17,0,0,0,3,30,1,20270209,3.00567804975079,3.3621352378148,3.00567804975079,0.00567804975079422,0.362135237814796,0.00567804975079422,0,0.302494260763513,0.156703783433954,6.98312599126798,0.000102500458898369,7.14946583559861e-05,1,candidate_diagnostic_only
uniform_32MHz,LOS,32,17,0,0,0,3,30,2,20270209,3.00356758669007,3.0061555301233,3.00356758669007,0.00356758669006707,0.00615553012330494,0.00356758669006707,0,0.184457633365233,0.00282571205211787,51.8004506028607,7.47777595966337e-05,6.09844310330843e-05,0,weak_or_boundary_solution
uniform_32MHz,LOS,32,17,0,0,0,3,30,3,20270209,2.99698537856612,3.28636520443773,2.99698537856612,-0.00301462143387798,0.286365204437733,-0.00301462143387798,0,0.101754068158457,0.166467752005132,5.08069470685507,6.95710233740154e-05,6.24918887197623e-05,1,candidate_diagnostic_only
uniform_32MHz,LOS,32,17,0,0,0,3,30,4,20270209,2.99045297100884,2.98981906367982,2.99045297100884,-0.00954702899116189,-0.0101809363201832,-0.00954702899116189,0,0.158779812780527,0.00331443963467307,59.1380023487624,0.000138637759926397,0.000116624882360972,0,weak_or_boundary_solution
uniform_32MHz,LOS,32,17,0,0,0,3,30,5,20270209,2.9889866147169,2.98587295913607,2.9889866147169,-0.011013385283098,-0.0141270408639302,-0.011013385283098,0,0.395152339319121,0.00380432826989994,89.2197002429689,6.51177921009438e-05,3.93863442209597e-05,0,weak_or_boundary_solution
uniform_32MHz,LOS,32,17,0,0,0,3,30,6,20270209,2.99638163049124,2.99479293621115,2.99638163049124,-0.00361836950875816,-0.00520706378884617,-0.00361836950875816,0,0.245975445007049,0.00354204621614248,97.0163360343274,9.59825220157029e-05,7.23731784499915e-05,0,weak_or_boundary_solution
uniform_32MHz,LOS,32,17,0,0,0,3,30,7,20270209,3.01099011083988,3.00996367424191,3.01099011083988,0.0109901108398809,0.00996367424191469,0.0109901108398809,0,0.0818702258235778,0.0016425471675529,97.2726663805947,8.3273571961584e-05,7.64559458199532e-05,0,weak_or_boundary_solution
uniform_32MHz,LOS,32,17,0,0,0,3,30,8,20270209,2.9912311297677,2.99120757176511,2.9912311297677,-0.00876887023230077,-0.00879242823488902,-0.00876887023230077,0,0.0830327260591645,0.00198697349125489,99.9999998087123,8.89632062630596e-05,8.15763487280741e-05,0,weak_or_boundary_solution
uniform_32MHz,LOS,32,17,0,0,0,3,30,9,20270209,2.99342670126184,2.99348591334161,2.99342670126184,-0.00657329873815504,-0.00651408665839037,-0.00657329873815504,0,0,6.41974689331732e-13,67.5365562767385,0.000106507130280376,0.000106507130302358,0,weak_or_boundary_solution
uniform_32MHz,LOS,32,17,0,0,0,3,30,10,20270209,3.00095809599278,3.00266162091388,3.00095809599278,0.000958095992776631,0.00266162091387745,0.000958095992776631,0,0.181682450280411,0.00270118312799166,91.2292188481517,6.75053011782722e-05,5.52407726532866e-05,0,weak_or_boundary_solution
uniform_32MHz,LOS,32,17,0,0,0,3,30,11,20270209,2.9922334565887,2.98931234714612,2.9922334565887,-0.00776654341129657,-0.0106876528538802,-0.00776654341129657,0,0.164105886719076,0.00282617615126471,90.5889866902799,9.9912097050403e-05,8.35159337699842e-05,0,weak_or_boundary_solution
uniform_32MHz,LOS,32,17,0,0,0,3,30,12,20270209,2.994115367414,2.98901327850698,2.994115367414,-0.00588463258600402,-0.0109867214930239,-0.00588463258600402,0,0.600840007424402,0.00863236657426202,48.9873243967585,0.000221914564329184,8.85794158500541e-05,0,weak_or_boundary_solution
uniform_32MHz,LOS,32,17,0,0,0,3,30,13,20270209,2.99881628965537,3.33467697294092,2.99881628965537,-0.00118371034463438,0.334676972940917,-0.00118371034463438,0,0.359553960970042,0.193531383783707,5.00000353115203,5.62227723794884e-05,3.60076518737262e-05,1,candidate_diagnostic_only
uniform_32MHz,LOS,32,17,0,0,0,3,30,14,20270209,3.0031006122562,3.00238836295701,3.0031006122562,0.00310061225619895,0.00238836295700651,0.00310061225619895,0,0.0606866223868824,0.00150511898934466,79.2399458930576,7.45170457803201e-05,6.99948579616638e-05,0,weak_or_boundary_solution
uniform_32MHz,LOS,32,17,0,0,0,3,30,15,20270209,2.99549687686604,2.99540725150173,2.99549687686604,-0.00450312313395651,-0.00459274849826929,-0.00450312313395651,0,0.00345123015089364,0.000404501017142264,98.8933671847005,8.96769257388019e-05,8.93674300288527e-05,0,weak_or_boundary_solution
uniform_32MHz,LOS,32,17,0,0,0,3,30,16,20270209,3.00137691805894,3.00234497333025,3.00137691805894,0.00137691805894447,0.00234497333024697,0.00137691805894447,0,0.163378923831501,0.00293728562396534,86.179260350888,0.000102390125557905,8.56617370332824e-05,0,weak_or_boundary_solution
uniform_32MHz,LOS,32,17,0,0,0,3,30,17,20270209,3.00448725427182,3.33369824169029,3.00448725427182,0.00448725427182417,0.333698241690289,0.00448725427182417,0,0.0575547864377172,0.190159518903516,5.00000055876855,0.000113197348316607,0.000106682299108929,1,candidate_diagnostic_only
uniform_32MHz,LOS,32,17,0,0,0,3,30,18,20270209,3.00843413039669,3.34115738242119,3.00843413039669,0.00843413039668883,0.34115738242119,0.00843413039668883,0,0.154759861178253,0.192863611018037,5.00000004803956,9.36591218145821e-05,7.91644491244803e-05,1,candidate_diagnostic_only
uniform_32MHz,LOS,32,17,0,0,0,3,30,19,20270209,3.00276199389836,3.00276993130636,3.00276199389836,0.00276199389836407,0.00276993130636427,0.00276199389836407,0,0.279624435694517,0.00413729773203531,45.1388074645108,6.30827340843965e-05,4.54432601639798e-05,0,weak_or_boundary_solution
uniform_32MHz,LOS,32,17,0,0,0,3,30,20,20270209,3.00371197352555,3.00679517668976,3.00371197352555,0.00371197352554864,0.00679517668976182,0.00371197352554864,0,0.288655191310893,0.00373456969393068,64.3529756414506,8.85021151086907e-05,6.29555201405729e-05,0,weak_or_boundary_solution
uniform_32MHz,LOS,32,17,0,0,0,15,30,1,20270209,15.001889941406,14.9988402941523,15.001889941406,0.00188994140601295,-0.00115970584765002,0.00188994140601295,0,0.267450372454986,0.00411152340919702,62.726319476011,0.000121461717456306,8.89767358835947e-05,0,weak_or_boundary_solution
uniform_32MHz,LOS,32,17,0,0,0,15,30,2,20270209,15.0089822867976,15.0090570719081,15.0089822867976,0.00898228679758439,0.00905707190808158,0.00898228679758439,0,2.99050585200828e-10,2.08490273659105e-13,95.8094256710219,0.000112117270465006,0.000112117270431478,0,weak_or_boundary_solution
uniform_32MHz,LOS,32,17,0,0,0,15,30,3,20270209,15.0007522783785,15.0010861595485,15.0007522783785,0.000752278378543636,0.00108615954852098,0.000752278378543636,0,0.0158377683531085,0.00102634308876509,79.4233585304539,8.47660745284529e-05,8.34235690758689e-05,0,weak_or_boundary_solution
uniform_32MHz,LOS,32,17,0,0,0,15,30,4,20270209,14.9979662563001,15.2585991605752,14.9979662563001,-0.00203374369985276,0.258599160575198,-0.00203374369985276,0,0.304997382853779,0.127643635277414,6.43296072763859,7.29303158002459e-05,5.06867603504713e-05,1,candidate_diagnostic_only
uniform_32MHz,LOS,32,17,0,0,0,15,30,5,20270209,14.9902057659929,14.9913775681923,14.9902057659929,-0.00979423400712598,-0.00862243180772815,-0.00979423400712598,0,0.279688361379344,0.00366221925875927,66.5661268070033,9.66046578072532e-05,6.95854593635303e-05,0,weak_or_boundary_solution
uniform_32MHz,LOS,32,17,0,0,0,15,30,6,20270209,14.991541946437,14.9926734496585,14.991541946437,-0.00845805356298257,-0.00732655034146035,-0.00845805356298257,0,0.528229290573118,0.00558420798051124,75.1803756405982,0.000114352914591054,5.39483556416531e-05,0,weak_or_boundary_solution
uniform_32MHz,LOS,32,17,0,0,0,15,30,7,20270209,14.9958971942087,15.1954001840438,14.9958971942087,-0.00410280579132483,0.195400184043816,-0.00410280579132483,0,0.410426293488105,0.0636035493187868,11.9245433041063,0.000136747903204171,8.06229681498127e-05,1,candidate_diagnostic_only
uniform_32MHz,LOS,32,17,0,0,0,15,30,8,20270209,15.0053810635814,15.0069633189043,15.0053810635814,0.00538106358140134,0.0069633189042726,0.00538106358140134,0,0.310601668697385,0.00321747956120055,86.7648766724654,6.45624728199401e-05,4.45092610268372e-05,0,weak_or_boundary_solution
uniform_32MHz,LOS,32,17,0,0,0,15,30,9,20270209,15.0120337933548,15.0122523936419,15.0120337933548,0.0120337933547781,0.0122523936419086,0.0120337933547781,0,0.0530850277188282,0.00150834147980355,75.1097356159833,8.15056174856554e-05,7.71788895221892e-05,0,weak_or_boundary_solution
uniform_32MHz,LOS,32,17,0,0,0,15,30,10,20270209,15.0098688838897,15.0100429352488,15.0098688838897,0.00986888388972673,0.0100429352488103,0.00986888388972673,0,9.35424152971802e-09,1.1957106683779e-13,60.4960038978629,5.61387568387417e-05,5.61387563136062e-05,0,weak_or_boundary_solution
uniform_32MHz,LOS,32,17,0,0,0,15,30,11,20270209,15.004635087256,15.004668014042,15.004635087256,0.00463508725598594,0.00466801404201078,0.00463508725598594,0,1.17162000295436e-09,4.32352877066201e-13,62.830610492883,0.000124324661975317,0.000124324661829656,0,weak_or_boundary_solution
uniform_32MHz,LOS,32,17,0,0,0,15,30,12,20270209,14.9904412048597,14.9892187899936,14.9904412048597,-0.00955879514033775,-0.0107812100064155,-0.00955879514033775,0,0.252635235666654,0.00327845726762251,50.7802974587546,7.54846230452966e-05,5.64145475130395e-05,0,weak_or_boundary_solution
uniform_32MHz,LOS,32,17,0,0,0,15,30,13,20270209,14.99746553981,14.9971436066842,14.99746553981,-0.00253446019004855,-0.00285639331578835,-0.00253446019004855,0,0.171564545704463,0.00279880829913711,91.7292791174018,9.66550917691489e-05,8.00725048597517e-05,0,weak_or_boundary_solution
uniform_32MHz,LOS,32,17,0,0,0,15,30,14,20270209,15.0025640978341,15.0023356057752,15.0025640978341,0.00256409783408884,0.00233560577520819,0.00256409783408884,0,0.00442663173929741,0.000534768873670434,98.4348407434922,0.000124327562682103,0.000123777210347065,0,weak_or_boundary_solution
uniform_32MHz,LOS,32,17,0,0,0,15,30,15,20270209,15.0066954503693,15.0103214685226,15.0066954503693,0.00669545036931751,0.0103214685225641,0.00669545036931751,0,0.395148095721919,0.00464426536024531,48.4830661481358,0.000102036110561698,6.17167357783721e-05,0,weak_or_boundary_solution
uniform_32MHz,LOS,32,17,0,0,0,15,30,16,20270209,14.9931605540136,14.9923410535855,14.9931605540136,-0.00683944598635655,-0.00765894641447318,-0.00683944598635655,0,0.253081082216594,0.00239538642690167,71.6028545630301,5.35562193753059e-05,4.00021534163741e-05,0,weak_or_boundary_solution
uniform_32MHz,LOS,32,17,0,0,0,15,30,17,20270209,14.9925520488856,14.9922679689665,14.9925520488856,-0.00744795111444141,-0.00773203103351605,-0.00744795111444141,0,0.180501803052968,0.00296718884252139,39.3256745272429,9.80015435452231e-05,8.03120882333364e-05,0,weak_or_boundary_solution
uniform_32MHz,LOS,32,17,0,0,0,15,30,18,20270209,14.9998924326202,15.0001419855956,14.9998924326202,-0.000107567379805218,0.000141985595561778,-0.000107567379805218,0,0.424972049224877,0.00406749383934185,99.9999970866422,7.8253449473431e-05,4.49979206917916e-05,0,weak_or_boundary_solution
uniform_32MHz,LOS,32,17,0,0,0,15,30,19,20270209,14.9920679794,15.0212211105951,14.9920679794,-0.00793202059995401,0.0212211105950786,-0.00793202059995401,0,0.183012765342084,0.0251793128844235,7.40626123829447,8.38698059510978e-05,6.85205608352835e-05,1,candidate_diagnostic_only
uniform_32MHz,LOS,32,17,0,0,0,15,30,20,20270209,14.9993612398865,15.0012977221821,14.9993612398865,-0.000638760113501391,0.00129772218208757,-0.000638760113501391,0,0.0983215262409333,0.00205009937456976,85.7882733783466,8.03819773969039e-05,7.24786986969761e-05,0,weak_or_boundary_solution
uniform_32MHz,weak_close,32,17,15,0.15,0.48,3,0,1,20270209,3.42162785688766,3.35466187347707,3.35466187347707,0.421627856887657,0.354661873477074,0.354661873477074,1,0.623122395988514,0.126438749909314,12.0246699451295,0.00403461328902899,0.00152055538948215,1,candidate_diagnostic_only
uniform_32MHz,weak_close,32,17,15,0.15,0.48,3,0,2,20270209,3.28446202314934,3.3151582139169,3.28446202314934,0.284462023149345,0.315158213916902,0.284462023149345,0,0.535650165263779,0.0439001415110736,19.4761019003362,0.00302551783341332,0.00140489870593696,1,candidate_diagnostic_only
uniform_32MHz,weak_close,32,17,15,0.15,0.48,3,0,3,20270209,3.37140346862355,2.62268685739302,2.62268685739302,0.371403468623552,-0.37731314260698,-0.37731314260698,1,0.624402330551909,0.248244416581781,15.7782729772694,0.00418255968258796,0.00157095966910759,1,candidate_diagnostic_only
uniform_32MHz,weak_close,32,17,15,0.15,0.48,3,0,4,20270209,3.34815648336889,2.67635647434442,2.67635647434442,0.348156483368885,-0.323643525655582,-0.323643525655582,1,0.778953062444179,0.195665356156329,19.3854868387279,0.00617241977987937,0.00136439448965131,1,candidate_diagnostic_only
uniform_32MHz,weak_close,32,17,15,0.15,0.48,3,0,5,20270209,3.36180615817067,3.25494361520342,3.36180615817067,0.36180615817067,0.254943615203418,0.36180615817067,0,0.249387150465459,0.0385467423913146,23.74395448031,0.00575713533379862,0.00432137975805857,1,candidate_diagnostic_only
uniform_32MHz,weak_close,32,17,15,0.15,0.48,3,0,6,20270209,3.43623585418821,3.46165016604383,3.43623585418821,0.436235854188208,0.461650166043826,0.436235854188208,0,0.547397515961634,0.0532270636238826,23.2712262379662,0.00685776979178043,0.00310384364272309,1,candidate_diagnostic_only
uniform_32MHz,weak_close,32,17,15,0.15,0.48,3,0,7,20270209,3.2645854738871,2.85738082977239,3.2645854738871,0.264585473887104,-0.142619170227615,0.264585473887104,0,0.382632674016236,0.161244816387217,13.7742859275662,0.00472825781110875,0.00291907188140605,1,candidate_diagnostic_only
uniform_32MHz,weak_close,32,17,15,0.15,0.48,3,0,8,20270209,3.3875044046739,2.6565894500082,3.3875044046739,0.387504404673901,-0.343410549991801,0.387504404673901,0,0.52087624283456,0.213346128887487,18.6490530420298,0.00735227319311327,0.00352264875599118,1,candidate_diagnostic_only
uniform_32MHz,weak_close,32,17,15,0.15,0.48,3,0,9,20270209,3.29290629931272,3.24141391797204,3.29290629931272,0.29290629931272,0.241413917972038,0.29290629931272,0,0.561411204670429,0.0375469702157692,32.7187509153675,0.00466770601840816,0.00204720355956622,1,candidate_diagnostic_only
uniform_32MHz,weak_close,32,17,15,0.15,0.48,3,0,10,20270209,3.4271842352835,3.43218070071329,3.4271842352835,0.427184235283498,0.432180700713287,0.427184235283498,0,0.41731522936553,0.0297155556982951,63.2539620605867,0.00442951064189323,0.0025810083923945,1,candidate_diagnostic_only
uniform_32MHz,weak_close,32,17,15,0.15,0.48,3,0,11,20270209,3.32281101163827,3.32317386684043,3.32281101163827,0.322811011638275,0.323173866840431,0.322811011638275,0,0.635197783251639,0.45276127495802,6.90400399417947,0.00930236510006766,0.00339352340950727,1,candidate_diagnostic_only
uniform_32MHz,weak_close,32,17,15,0.15,0.48,3,0,12,20270209,3.31781989126723,3.10046180904573,3.31781989126723,0.317819891267232,0.100461809045735,0.317819891267232,0,0.509252820400596,0.308074958521326,8.30460465635298,0.00500383095830337,0.00245561592997956,1,candidate_diagnostic_only
uniform_32MHz,weak_close,32,17,15,0.15,0.48,3,0,13,20270209,3.33721937963019,3.26535221191114,3.33721937963019,0.337219379630194,0.265352211911145,0.337219379630194,0,0.571056693152065,0.0390032455939563,25.0972270436344,0.00365564641776239,0.00156806506310181,1,candidate_diagnostic_only
uniform_32MHz,weak_close,32,17,15,0.15,0.48,3,0,14,20270209,3.30002288367315,1.11946990353121,3.30002288367315,0.300022883673147,-1.88053009646879,0.300022883673147,0,0.475772985235522,0.699378490659255,19.062433230454,0.00555089191864444,0.00290992749979124,1,candidate_diagnostic_only
uniform_32MHz,weak_close,32,17,15,0.15,0.48,3,0,15,20270209,3.35827354845372,3.3082144122444,3.35827354845372,0.358273548453719,0.308214412244398,0.358273548453719,0,0.389693600992756,0.0343782810184711,25.1782821971065,0.00421854015408063,0.00257460205050442,1,candidate_diagnostic_only
uniform_32MHz,weak_close,32,17,15,0.15,0.48,3,0,16,20270209,3.31492638296849,2.98083215184251,2.98083215184251,0.314926382968495,-0.0191678481574904,-0.0191678481574904,1,0.726191824022755,0.101683419836548,21.7246216637481,0.00547546451060921,0.00149922695027804,1,candidate_diagnostic_only
uniform_32MHz,weak_close,32,17,15,0.15,0.48,3,0,17,20270209,3.4033284134032,2.45575722721414,3.4033284134032,0.403328413403201,-0.544242772785859,0.403328413403201,0,0.339303123017343,0.373288936879802,13.1548345555959,0.00434987412465482,0.00287394824942711,1,candidate_diagnostic_only
uniform_32MHz,weak_close,32,17,15,0.15,0.48,3,0,18,20270209,3.33737213436169,3.06686363614135,3.33737213436169,0.337372134361686,0.0668636361413473,0.337372134361686,0,0.468799808962121,0.090355987349871,16.4717595603512,0.00256353178159996,0.00136174857211757,1,candidate_diagnostic_only
uniform_32MHz,weak_close,32,17,15,0.15,0.48,3,0,19,20270209,3.31979053847992,3.07437139089296,3.31979053847992,0.319790538479915,0.0743713908929626,0.319790538479915,0,0.377276732537485,0.0941119382721625,18.1591172732317,0.00840826739802103,0.00523602374779419,1,candidate_diagnostic_only
uniform_32MHz,weak_close,32,17,15,0.15,0.48,3,0,20,20270209,3.27478741586209,2.7947455893551,3.27478741586209,0.274787415862092,-0.205254410644901,0.274787415862092,0,0.412524869083741,0.154736555515393,15.3424502348188,0.00305077949867583,0.00179225708538122,1,candidate_diagnostic_only
uniform_32MHz,weak_close,32,17,15,0.15,0.48,15,0,1,20270209,15.4348457337753,15.3800036027904,15.3800036027904,0.434845733775251,0.380003602790442,0.380003602790442,1,0.608424582308541,0.2905781022676,8.14896913568205,0.00576614675042864,0.00225788132226934,1,candidate_diagnostic_only
uniform_32MHz,weak_close,32,17,15,0.15,0.48,15,0,2,20270209,15.3458340752007,15.2564993057209,15.3458340752007,0.345834075200749,0.256499305720872,0.345834075200749,0,0.562749717302936,0.208372460053351,9.42392622735881,0.00493278435009015,0.00215686135156057,1,candidate_diagnostic_only
uniform_32MHz,weak_close,32,17,15,0.15,0.48,15,0,3,20270209,15.4389846713517,15.6139198555529,15.4389846713517,0.438984671351655,0.613919855552872,0.438984671351655,0,0.407674622236967,0.266589402059068,6.36304959772291,0.00440436741150529,0.00260881859082707,1,candidate_diagnostic_only
uniform_32MHz,weak_close,32,17,15,0.15,0.48,15,0,4,20270209,15.4223755061959,15.3819743827142,15.4223755061959,0.422375506195886,0.381974382714152,0.422375506195886,0,0.389847457955382,0.0360165158301216,38.4768249215116,0.00606881487182043,0.00370290282123942,1,candidate_diagnostic_only
uniform_32MHz,weak_close,32,17,15,0.15,0.48,15,0,5,20270209,15.3136142579804,14.6529129210876,15.3136142579804,0.313614257980365,-0.347087078912431,0.313614257980365,0,0.329994017955572,0.254055003167311,13.4705870860355,0.00597923979059356,0.00400612642777576,1,candidate_diagnostic_only
uniform_32MHz,weak_close,32,17,15,0.15,0.48,15,0,6,20270209,15.3766709015695,15.0540861561909,15.3766709015695,0.376670901569515,0.0540861561909196,0.376670901569515,0,0.181609963551219,0.210135853490532,9.89471280066969,0.0072724629291081,0.00595171120162519,1,candidate_diagnostic_only
uniform_32MHz,weak_close,32,17,15,0.15,0.48,15,0,7,20270209,15.3675860256468,16.0789205586571,15.3675860256468,0.3675860256468,1.0789205586571,0.3675860256468,0,0.271654826506038,0.362132186147286,5.49502959659606,0.00745172979844355,0.00542743143287749,1,candidate_diagnostic_only
uniform_32MHz,weak_close,32,17,15,0.15,0.48,15,0,8,20270209,15.2437675672492,15.9172322151987,15.2437675672492,0.243767567249172,0.917232215198688,0.243767567249172,0,0.530790476441947,0.34835004670371,6.4333953136881,0.00730490933681627,0.00342753302956234,1,candidate_diagnostic_only
uniform_32MHz,weak_close,32,17,15,0.15,0.48,15,0,9,20270209,15.271541600937,15.1178512533937,15.271541600937,0.271541600936979,0.11785125339372,0.271541600936979,0,0.519231087006275,0.295255992647996,9.00088147923857,0.00789684642449506,0.00379655827158287,1,candidate_diagnostic_only
uniform_32MHz,weak_close,32,17,15,0.15,0.48,15,0,10,20270209,15.1863509432868,15.2018206465645,15.1863509432868,0.186350943286774,0.201820646564547,0.186350943286774,0,0.320398225774546,0.0310038599303783,95.1851724504688,0.00617922106959878,0.00419940960223064,1,candidate_diagnostic_only
uniform_32MHz,weak_close,32,17,15,0.15,0.48,15,0,11,20270209,15.3394761667644,14.1241526504291,14.1241526504291,0.339476166764424,-0.875847349570893,-0.875847349570893,1,0.772216748923145,0.533242587136963,13.6307903107825,0.00453879051900463,0.00103386046037568,1,candidate_diagnostic_only
uniform_32MHz,weak_close,32,17,15,0.15,0.48,15,0,12,20270209,15.3055082253213,15.3719971018085,15.3055082253213,0.305508225321313,0.371997101808468,0.305508225321313,0,0.343635512792325,0.0407641475207117,19.7760097611099,0.00328986507844875,0.00215935060519845,1,candidate_diagnostic_only
uniform_32MHz,weak_close,32,17,15,0.15,0.48,15,0,13,20270209,15.4414728605737,14.837761257738,15.4414728605737,0.441472860573683,-0.162238742262005,0.441472860573683,0,0.551528331415889,0.205805150360973,14.9775565964185,0.00366959970733882,0.00164571150378601,1,candidate_diagnostic_only
uniform_32MHz,weak_close,32,17,15,0.15,0.48,15,0,14,20270209,15.3056227559797,15.0379801373649,15.0379801373649,0.305622755979705,0.0379801373649293,0.0379801373649293,1,0.809982001730174,0.344249420088939,9.52999697260678,0.00652497372856065,0.0012398624466643,1,candidate_diagnostic_only
uniform_32MHz,weak_close,32,17,15,0.15,0.48,15,0,15,20270209,15.2884862679814,14.8575064176268,15.2884862679814,0.288486267981352,-0.142493582373199,0.288486267981352,0,0.39272399994097,0.239867714991747,10.3605156013358,0.00345978325526519,0.00210104333632866,1,candidate_diagnostic_only
uniform_32MHz,weak_close,32,17,15,0.15,0.48,15,0,16,20270209,15.2419895197884,14.1674470958383,14.1674470958383,0.241989519788405,-0.832552904161679,-0.832552904161679,1,0.734081147454078,0.298562381859035,20.1321032438619,0.00693012254753689,0.00184285023584363,1,candidate_diagnostic_only
uniform_32MHz,weak_close,32,17,15,0.15,0.48,15,0,17,20270209,15.2726405946378,15.6333547566794,15.2726405946378,0.272640594637831,0.633354756679424,0.272640594637831,0,0.611398309741388,0.253454925277746,6.87857732806574,0.00348386690892677,0.00135383656944499,1,candidate_diagnostic_only
uniform_32MHz,weak_close,32,17,15,0.15,0.48,15,0,18,20270209,15.2686651422638,14.9880643522751,14.9880643522751,0.268665142263771,-0.0119356477248864,-0.0119356477248864,1,0.745756246262683,0.101725928301043,18.8279793689529,0.00500344907695416,0.00127209567495834,1,candidate_diagnostic_only
uniform_32MHz,weak_close,32,17,15,0.15,0.48,15,0,19,20270209,15.3917019414389,14.7348365127996,15.3917019414389,0.3917019414389,-0.265163487200397,0.3917019414389,0,0.504344731836361,0.312511423097248,10.8717781566077,0.00182674962680207,0.000905438076140408,1,candidate_diagnostic_only
uniform_32MHz,weak_close,32,17,15,0.15,0.48,15,0,20,20270209,15.3833177112183,15.2624358111651,15.2624358111651,0.383317711218302,0.262435811165147,0.262435811165147,1,0.745324894320352,0.107167294319101,16.8863255930737,0.00715708299624307,0.00182273086842621,1,candidate_diagnostic_only
uniform_32MHz,weak_close,32,17,15,0.15,0.48,3,15,1,20270209,3.36665064611254,2.52871100788889,2.52871100788889,0.366650646112543,-0.47128899211111,-0.47128899211111,1,0.951037606801825,0.352647541007408,13.2080445365649,0.00300831922127398,0.000147294508577644,1,candidate_diagnostic_only
uniform_32MHz,weak_close,32,17,15,0.15,0.48,3,15,2,20270209,3.38006751218632,2.83340784915692,2.83340784915692,0.380067512186316,-0.166592150843076,-0.166592150843076,1,0.962843198571902,0.299463053038531,11.5891489252814,0.00356077810477351,0.000132307124968589,1,candidate_diagnostic_only
uniform_32MHz,weak_close,32,17,15,0.15,0.48,3,15,3,20270209,3.34740984727429,3.12846415733578,3.12846415733578,0.347409847274287,0.128464157335779,0.128464157335779,1,0.95736725493626,0.117375502821402,14.9019949992207,0.00321469558949583,0.000137051297524504,1,candidate_diagnostic_only
uniform_32MHz,weak_close,32,17,15,0.15,0.48,3,15,4,20270209,3.34610624224314,2.79614085807569,2.79614085807569,0.346106242243144,-0.203859141924309,-0.203859141924309,1,0.97015696040858,0.234990684015317,13.7885780009215,0.00382880434356925,0.000114263159612937,1,candidate_diagnostic_only
uniform_32MHz,weak_close,32,17,15,0.15,0.48,3,15,5,20270209,3.36504567797588,2.61331555951683,2.61331555951683,0.365045677975883,-0.386684440483174,-0.386684440483174,1,0.94433437754443,0.307604250854407,13.5664286761736,0.00334694015197545,0.000186309506881255,1,candidate_diagnostic_only
uniform_32MHz,weak_close,32,17,15,0.15,0.48,3,15,6,20270209,3.36419806330805,2.76701635687031,2.76701635687031,0.364198063308052,-0.232983643129693,-0.232983643129693,1,0.929869856950268,0.29993654241846,11.6626271803813,0.0027596112654884,0.000193531932810354,1,candidate_diagnostic_only
uniform_32MHz,weak_close,32,17,15,0.15,0.48,3,15,7,20270209,3.35878349944321,2.97011603681668,2.97011603681668,0.35878349944321,-0.029883963183325,-0.029883963183325,1,0.979917877191288,0.171845092540407,14.3256579089939,0.00359672260545962,7.22298250717124e-05,1,candidate_diagnostic_only
uniform_32MHz,weak_close,32,17,15,0.15,0.48,3,15,8,20270209,3.35308130710395,3.1285377532169,3.1285377532169,0.353081307103954,0.128537753216902,0.128537753216902,1,0.929679248694618,0.124386143912229,14.0314641967597,0.00298499014988396,0.000209906749979005,1,candidate_diagnostic_only
uniform_32MHz,weak_close,32,17,15,0.15,0.48,3,15,9,20270209,3.34770186372388,2.87625962160048,2.87625962160048,0.347701863723877,-0.123740378399524,-0.123740378399524,1,0.951567064109572,0.184741608831712,14.7421180363374,0.00337339740764886,0.000163383540377593,1,candidate_diagnostic_only
uniform_32MHz,weak_close,32,17,15,0.15,0.48,3,15,10,20270209,3.361677816313,2.68139901019549,2.68139901019549,0.361677816312998,-0.318600989804511,-0.318600989804511,1,0.974537861840101,0.302326246083051,13.3486532920759,0.00431344055606697,0.00010982941938309,1,candidate_diagnostic_only
uniform_32MHz,weak_close,32,17,15,0.15,0.48,3,15,11,20270209,3.371421518501,2.66261672421901,2.66261672421901,0.371421518501003,-0.337383275780993,-0.337383275780993,1,0.948922950114339,0.496060677324863,9.94884573902701,0.00348105571855184,0.000177802056591236,1,candidate_diagnostic_only
uniform_32MHz,weak_close,32,17,15,0.15,0.48,3,15,12,20270209,3.35072881776403,3.07245212359998,3.07245212359998,0.350728817764027,0.0724521235999842,0.0724521235999842,1,0.957237948352822,0.108277137628064,17.6956685085953,0.00365424933097791,0.000156263198622941,1,candidate_diagnostic_only
uniform_32MHz,weak_close,32,17,15,0.15,0.48,3,15,13,20270209,3.35137420743473,3.16992367012586,3.16992367012586,0.351374207434727,0.169923670125864,0.169923670125864,1,0.953487082449256,0.0988247432788514,15.1791531342981,0.00266991584115028,0.000124185575386848,1,candidate_diagnostic_only
uniform_32MHz,weak_close,32,17,15,0.15,0.48,3,15,14,20270209,3.36654389338837,2.56770787968639,2.56770787968639,0.366543893388369,-0.432292120313612,-0.432292120313612,1,0.914464252313747,0.385807870211459,12.2126405692766,0.00348134409135969,0.000297779369807571,1,candidate_diagnostic_only
uniform_32MHz,weak_close,32,17,15,0.15,0.48,3,15,15,20270209,3.34897785449279,2.4814414332814,2.4814414332814,0.348977854492787,-0.518558566718599,-0.518558566718599,1,0.983709043441078,0.348504579045049,13.8772375821514,0.00344223333783389,5.60772737723259e-05,1,candidate_diagnostic_only
uniform_32MHz,weak_close,32,17,15,0.15,0.48,3,15,16,20270209,3.35571547209735,3.13848446843703,3.13848446843703,0.355715472097347,0.138484468437035,0.138484468437035,1,0.977407563797351,0.12044846106277,14.8938551411792,0.0034382848231278,7.76792305130503e-05,1,candidate_diagnostic_only
uniform_32MHz,weak_close,32,17,15,0.15,0.48,3,15,17,20270209,3.37918235111909,2.88141825097601,2.88141825097601,0.379182351119092,-0.118581749023994,-0.118581749023994,1,0.955491948414451,0.230898049564972,12.977631230181,0.00342300729517264,0.000152351385271254,1,candidate_diagnostic_only
uniform_32MHz,weak_close,32,17,15,0.15,0.48,3,15,18,20270209,3.34959936903054,3.18363626986139,3.34959936903054,0.349599369030543,0.183636269861391,0.349599369030543,0,0.954284167185111,0.0704817434940637,21.1390137088833,0.00343109031855304,0.000156855151375757,1,candidate_diagnostic_only
uniform_32MHz,weak_close,32,17,15,0.15,0.48,3,15,19,20270209,3.37639833579579,2.81508171914751,2.81508171914751,0.376398335795791,-0.184918280852493,-0.184918280852493,1,0.968309277767675,0.344832534830591,11.0241908183015,0.00391369761634341,0.000124027904060853,1,candidate_diagnostic_only
uniform_32MHz,weak_close,32,17,15,0.15,0.48,3,15,20,20270209,3.34516219717527,2.98210943666863,2.98210943666863,0.345162197175271,-0.0178905633313748,-0.0178905633313748,1,0.958446048777943,0.146929493903231,14.5008112222876,0.00248742158516579,0.00010336219521867,1,candidate_diagnostic_only
uniform_32MHz,weak_close,32,17,15,0.15,0.48,15,15,1,20270209,15.3782533839463,15.026305010319,15.026305010319,0.378253383946303,0.0263050103189606,0.0263050103189606,1,0.958511678832601,0.216398591829367,12.0006239713048,0.00381401753736621,0.000158237184528343,1,candidate_diagnostic_only
uniform_32MHz,weak_close,32,17,15,0.15,0.48,15,15,2,20270209,15.3563028682808,14.9327711532138,14.9327711532138,0.356302868280823,-0.0672288467862288,-0.0672288467862288,1,0.965689949289588,0.181455822043268,14.2632336367525,0.00353378366182189,0.000121244296636736,1,candidate_diagnostic_only
uniform_32MHz,weak_close,32,17,15,0.15,0.48,15,15,3,20270209,15.349583440735,14.9513394047739,14.9513394047739,0.349583440735037,-0.048660595226071,-0.048660595226071,1,0.951468214515705,0.139366766432831,16.2772295770017,0.00276456258489621,0.00013416915832809,1,candidate_diagnostic_only
uniform_32MHz,weak_close,32,17,15,0.15,0.48,15,15,4,20270209,15.3667693093712,14.818319762541,14.818319762541,0.366769309371229,-0.181680237459013,-0.181680237459013,1,0.947239780781257,0.223043862128208,14.010190426928,0.00343531979415679,0.0001812482254262,1,candidate_diagnostic_only
uniform_32MHz,weak_close,32,17,15,0.15,0.48,15,15,5,20270209,15.3535316163412,14.9281501807849,14.9281501807849,0.35353161634117,-0.0718498192150889,-0.0718498192150889,1,0.963365136432854,0.20900609726887,12.4294473091663,0.00271971296365181,9.96363133651812e-05,1,candidate_diagnostic_only
uniform_32MHz,weak_close,32,17,15,0.15,0.48,15,15,6,20270209,15.3564255902856,14.8596539516355,14.8596539516355,0.356425590285635,-0.140346048364499,-0.140346048364499,1,0.977325938456783,0.200065468209502,14.0836833333728,0.00306593576235148,6.95172161631064e-05,1,candidate_diagnostic_only
uniform_32MHz,weak_close,32,17,15,0.15,0.48,15,15,7,20270209,15.3777621452464,14.8558963545499,14.8558963545499,0.377762145246388,-0.144103645450087,-0.144103645450087,1,0.968616079251954,0.205466683452683,14.4168575636266,0.00332864476439343,0.000104465923484121,1,candidate_diagnostic_only
uniform_32MHz,weak_close,32,17,15,0.15,0.48,15,15,8,20270209,15.3519169811254,14.8078910271564,14.8078910271564,0.351916981125392,-0.192108972843627,-0.192108972843627,1,0.95931092349002,0.214953223535075,14.7866225866896,0.00420333467553968,0.000171029806210088,1,candidate_diagnostic_only
uniform_32MHz,weak_close,32,17,15,0.15,0.48,15,15,9,20270209,15.3581611939005,14.9388836364638,14.9388836364638,0.358161193900479,-0.0611163635362431,-0.0611163635362431,1,0.97218181124701,0.18384439010792,14.1454976327507,0.00362873442059364,0.000100944819046545,1,candidate_diagnostic_only
uniform_32MHz,weak_close,32,17,15,0.15,0.48,15,15,10,20270209,15.3740445868666,14.9133379125918,14.9133379125918,0.374044586866603,-0.0866620874082145,-0.0866620874082145,1,0.988056247752748,0.178770349363643,15.2845693127967,0.00376135758218443,4.4924723074935e-05,1,candidate_diagnostic_only
uniform_32MHz,weak_close,32,17,15,0.15,0.48,15,15,11,20270209,15.3456765202927,14.6284393943685,14.6284393943685,0.345676520292736,-0.371560605631466,-0.371560605631466,1,0.893473971485823,0.294740256913226,13.6417995247854,0.00373505325054801,0.000397880389069849,1,candidate_diagnostic_only
uniform_32MHz,weak_close,32,17,15,0.15,0.48,15,15,12,20270209,15.377542970298,15.0742843331045,15.0742843331045,0.377542970297959,0.0742843331044654,0.0742843331044654,1,0.91430045783852,0.16424311038174,12.9269332517157,0.00320396059647621,0.000274577956221433,1,candidate_diagnostic_only
uniform_32MHz,weak_close,32,17,15,0.15,0.48,15,15,13,20270209,15.3451294247791,14.9132911345184,14.9132911345184,0.345129424779101,-0.0867088654816399,-0.0867088654816399,1,0.960340262204651,0.182173342327222,14.4004693019478,0.00361828822618437,0.000143500362318472,1,candidate_diagnostic_only
uniform_32MHz,weak_close,32,17,15,0.15,0.48,15,15,14,20270209,15.3640161051512,14.6833181959338,14.6833181959338,0.364016105151237,-0.316681804066157,-0.316681804066157,1,0.918152941931379,0.291473136836496,13.1279588632917,0.00340791087255177,0.000278927479078428,1,candidate_diagnostic_only
uniform_32MHz,weak_close,32,17,15,0.15,0.48,15,15,15,20270209,15.3603497222503,14.9374696183402,14.9374696183402,0.360349722250286,-0.0625303816598191,-0.0625303816598191,1,0.931270141247326,0.164748155912229,14.8687054184431,0.00304182586648793,0.000209064262153946,1,candidate_diagnostic_only
uniform_32MHz,weak_close,32,17,15,0.15,0.48,15,15,16,20270209,15.3367171513733,15.1597919392592,15.3367171513733,0.336717151373257,0.159791939259197,0.336717151373257,0,0.940558454380944,0.0770898354626876,19.3690926603184,0.00328793376322567,0.000195439864779212,1,candidate_diagnostic_only
uniform_32MHz,weak_close,32,17,15,0.15,0.48,15,15,17,20270209,15.3645174025621,15.052443152005,15.052443152005,0.364517402562139,0.0524431520049973,0.0524431520049973,1,0.974866619742784,0.125618415897638,16.2175140948468,0.00343684279382805,8.6379476821552e-05,1,candidate_diagnostic_only
uniform_32MHz,weak_close,32,17,15,0.15,0.48,15,15,18,20270209,15.3632503088617,14.9440395038076,14.9440395038076,0.363250308861714,-0.0559604961923696,-0.0559604961923696,1,0.95834170357475,0.169579632968028,14.6346215547219,0.00320688204179764,0.000133593242698016,1,candidate_diagnostic_only
uniform_32MHz,weak_close,32,17,15,0.15,0.48,15,15,19,20270209,15.3550167877389,14.9810578314351,14.9810578314351,0.355016787738915,-0.0189421685648767,-0.0189421685648767,1,0.969801446838471,0.167988561860897,14.3663750522879,0.00373417693150779,0.000112766740580694,1,candidate_diagnostic_only
uniform_32MHz,weak_close,32,17,15,0.15,0.48,15,15,20,20270209,15.331992325768,14.8394666255134,14.8394666255134,0.331992325768034,-0.160533374486562,-0.160533374486562,1,0.943486611467319,0.221201239933531,13.6044967934027,0.0040316000902707,0.000227839382309858,1,candidate_diagnostic_only
uniform_32MHz,weak_close,32,17,15,0.15,0.48,3,30,1,20270209,3.36029839765745,3.08239060870048,3.08239060870048,0.360298397657451,0.082390608700484,0.082390608700484,1,0.976814635366813,0.156624413005735,13.3549821481081,0.0034661447059805,8.03638288795483e-05,1,candidate_diagnostic_only
uniform_32MHz,weak_close,32,17,15,0.15,0.48,3,30,2,20270209,3.35811437720624,2.79234275573165,2.79234275573165,0.358114377206242,-0.207657244268352,-0.207657244268352,1,0.989647057987674,0.249157489942191,13.2595352505204,0.00345285469186973,3.57472044019147e-05,1,candidate_diagnostic_only
uniform_32MHz,weak_close,32,17,15,0.15,0.48,3,30,3,20270209,3.36465894653114,2.91107382157979,2.91107382157979,0.36465894653114,-0.0889261784202136,-0.0889261784202136,1,0.966765345137523,0.200703623913776,13.3712426992101,0.00304480764804849,0.000101193131305521,1,candidate_diagnostic_only
uniform_32MHz,weak_close,32,17,15,0.15,0.48,3,30,4,20270209,3.35386483165813,2.94410704675208,2.94410704675208,0.353864831658126,-0.055892953247918,-0.055892953247918,1,0.989937712358405,0.165760299804897,14.7730086168073,0.00314831468194887,3.16792479160277e-05,1,candidate_diagnostic_only
uniform_32MHz,weak_close,32,17,15,0.15,0.48,3,30,5,20270209,3.35357397105618,2.92427045780194,2.92427045780194,0.353573971056177,-0.0757295421980553,-0.0757295421980553,1,0.970689711418987,0.194720954125292,13.1666882248987,0.00283371625396067,8.30570411602949e-05,1,candidate_diagnostic_only
uniform_32MHz,weak_close,32,17,15,0.15,0.48,3,30,6,20270209,3.35982883984607,2.96092413484341,2.96092413484341,0.359828839846072,-0.0390758651565877,-0.0390758651565877,1,0.978000859673272,0.172188822951974,14.1022471675109,0.00312834217433156,6.88208384831412e-05,1,candidate_diagnostic_only
uniform_32MHz,weak_close,32,17,15,0.15,0.48,3,30,7,20270209,3.36173146219854,3.03842861521768,3.03842861521768,0.361731462198535,0.0384286152176827,0.0384286152176827,1,0.988910438756655,0.135894014709255,15.1834548578217,0.00300395544447207,3.33125478737539e-05,1,candidate_diagnostic_only
uniform_32MHz,weak_close,32,17,15,0.15,0.48,3,30,8,20270209,3.3545899761402,2.77299491674546,2.77299491674546,0.354589976140196,-0.227005083254541,-0.227005083254541,1,0.983554865609194,0.241426516157181,13.8364791151632,0.00355610218267266,5.84805783014897e-05,1,candidate_diagnostic_only
uniform_32MHz,weak_close,32,17,15,0.15,0.48,3,30,9,20270209,3.35453907917004,3.02185560741516,3.02185560741516,0.354539079170039,0.021855607415155,0.021855607415155,1,0.973003443208683,0.148928713155444,14.7281071886113,0.00345045633003305,9.31504402696959e-05,1,candidate_diagnostic_only
uniform_32MHz,weak_close,32,17,15,0.15,0.48,3,30,10,20270209,3.35639580479214,3.11960249857594,3.11960249857594,0.356395804792142,0.119602498575943,0.119602498575943,1,0.984286705109665,0.10467947883653,16.8264902180536,0.00334058222731959,5.24915536432857e-05,1,candidate_diagnostic_only
uniform_32MHz,weak_close,32,17,15,0.15,0.48,3,30,11,20270209,3.36262020374756,2.93899851065192,2.93899851065192,0.362620203747563,-0.0610014893480786,-0.0610014893480786,1,0.983614391542858,0.16199624055336,15.5108340096734,0.00339858066860788,5.56878121458215e-05,1,candidate_diagnostic_only
uniform_32MHz,weak_close,32,17,15,0.15,0.48,3,30,12,20270209,3.35768113475562,3.03602514309352,3.03602514309352,0.357681134755624,0.0360251430935188,0.0360251430935188,1,0.972313669857859,0.137378166602789,14.8904483185121,0.00296635703609338,8.21275402207444e-05,1,candidate_diagnostic_only
uniform_32MHz,weak_close,32,17,15,0.15,0.48,3,30,13,20270209,3.35863659160904,2.94776071127301,2.94776071127301,0.358636591609042,-0.0522392887269927,-0.0522392887269927,1,0.973624119784954,0.159752100252656,15.1849155854765,0.00314479901274933,8.29468420606716e-05,1,candidate_diagnostic_only
uniform_32MHz,weak_close,32,17,15,0.15,0.48,3,30,14,20270209,3.35236818620461,3.00813184759898,3.00813184759898,0.352368186204607,0.00813184759897645,0.00813184759897645,1,0.979782722124921,0.182067341530476,12.9698812162751,0.00335640904053824,6.78574542349875e-05,1,candidate_diagnostic_only
uniform_32MHz,weak_close,32,17,15,0.15,0.48,3,30,15,20270209,3.36525423229786,2.97348961735759,2.97348961735759,0.365254232297857,-0.0265103826424147,-0.0265103826424147,1,0.971079786571162,0.210578125216447,12.2602780118991,0.00321778215131419,9.3058946583513e-05,1,candidate_diagnostic_only
uniform_32MHz,weak_close,32,17,15,0.15,0.48,3,30,16,20270209,3.36455066040328,2.93616234480691,2.93616234480691,0.364550660403282,-0.0638376551930904,-0.0638376551930904,1,0.973002512697159,0.1649052309254,14.8767821252928,0.00284351589741361,7.67677843358516e-05,1,candidate_diagnostic_only
uniform_32MHz,weak_close,32,17,15,0.15,0.48,3,30,17,20270209,3.36168658816995,3.06763360368169,3.06763360368169,0.361686588169953,0.0676336036816876,0.0676336036816876,1,0.984379004884565,0.145647631395536,14.0258672894762,0.00318192244103277,4.97047949090668e-05,1,candidate_diagnostic_only
uniform_32MHz,weak_close,32,17,15,0.15,0.48,3,30,18,20270209,3.3581850688582,3.03734936072282,3.03734936072282,0.358185068858201,0.0373493607228212,0.0373493607228212,1,0.977966157810055,0.162129582486915,13.3013584364428,0.00297696865023367,6.55940574436631e-05,1,candidate_diagnostic_only
uniform_32MHz,weak_close,32,17,15,0.15,0.48,3,30,19,20270209,3.36720120586271,2.95453580155457,2.95453580155457,0.367201205862711,-0.0454641984454334,-0.0454641984454334,1,0.954278454078534,0.199689313313438,13.1739486918551,0.00360258975522854,0.000164715972929885,1,candidate_diagnostic_only
uniform_32MHz,weak_close,32,17,15,0.15,0.48,3,30,20,20270209,3.35981252861378,2.98067832198939,2.98067832198939,0.359812528613782,-0.0193216780106127,-0.0193216780106127,1,0.979553750698877,0.179282082618694,13.548726484467,0.00333770218393248,6.82434909455854e-05,1,candidate_diagnostic_only
uniform_32MHz,weak_close,32,17,15,0.15,0.48,15,30,1,20270209,15.3616721733675,15.0153569222975,15.0153569222975,0.361672173367504,0.0153569222975491,0.0153569222975491,1,0.964391113084273,0.196596645904678,12.3626522714051,0.0034361854260947,0.000122358738259276,1,candidate_diagnostic_only
uniform_32MHz,weak_close,32,17,15,0.15,0.48,15,30,2,20270209,15.3582609143707,14.9972948902639,14.9972948902639,0.358260914370653,-0.0027051097361408,-0.0027051097361408,1,0.974487955637302,0.205468733018155,12.1867345261633,0.00337938411705618,8.62149975129345e-05,1,candidate_diagnostic_only
uniform_32MHz,weak_close,32,17,15,0.15,0.48,15,30,3,20270209,15.3609807923333,14.7688626071283,14.7688626071283,0.360980792333342,-0.231137392871656,-0.231137392871656,1,0.976161568756664,0.238609006061033,14.0137675131304,0.00344734567776128,8.21793129113235e-05,1,candidate_diagnostic_only
uniform_32MHz,weak_close,32,17,15,0.15,0.48,15,30,4,20270209,15.3640036777046,14.9043511957747,14.9043511957747,0.364003677704636,-0.0956488042253056,-0.0956488042253056,1,0.977040496803038,0.191821511849968,14.2689920005429,0.00347134751403444,7.97004143462399e-05,1,candidate_diagnostic_only
uniform_32MHz,weak_close,32,17,15,0.15,0.48,15,30,5,20270209,15.3741274094774,14.8958299308123,14.8958299308123,0.374127409477422,-0.104170069187703,-0.104170069187703,1,0.978254037361541,0.242491610725191,12.3292367392637,0.00332824404984944,7.23758707597e-05,1,candidate_diagnostic_only
uniform_32MHz,weak_close,32,17,15,0.15,0.48,15,30,6,20270209,15.3644023253125,14.9092917699746,14.9092917699746,0.364402325312549,-0.0907082300253812,-0.0907082300253812,1,0.974562584948459,0.192620295197412,13.9559577069449,0.00325229300499941,8.27299270373949e-05,1,candidate_diagnostic_only
uniform_32MHz,weak_close,32,17,15,0.15,0.48,15,30,7,20270209,15.3680053270272,14.9105353230904,14.9105353230904,0.36800532702723,-0.0894646769096497,-0.0894646769096497,1,0.969607211295611,0.20800535060166,13.1276457881895,0.0030283694083193,9.20405915458833e-05,1,candidate_diagnostic_only
uniform_32MHz,weak_close,32,17,15,0.15,0.48,15,30,8,20270209,15.3606291531607,15.0276385275441,15.0276385275441,0.360629153160662,0.0276385275441342,0.0276385275441342,1,0.988625656954347,0.152622280406501,14.4109555323381,0.00329517744854102,3.74804786960059e-05,1,candidate_diagnostic_only
uniform_32MHz,weak_close,32,17,15,0.15,0.48,15,30,9,20270209,15.3638591846296,14.9303153095663,14.9303153095663,0.363859184629574,-0.0696846904336894,-0.0696846904336894,1,0.994197759782017,0.216783844678956,12.731914578708,0.00340095733976442,1.97331714564264e-05,1,candidate_diagnostic_only
uniform_32MHz,weak_close,32,17,15,0.15,0.48,15,30,10,20270209,15.3632005491264,14.8554619361899,14.8554619361899,0.363200549126383,-0.144538063810096,-0.144538063810096,1,0.966617204880528,0.219007456006477,13.331099414352,0.00297198012256294,9.92130035306626e-05,1,candidate_diagnostic_only
uniform_32MHz,weak_close,32,17,15,0.15,0.48,15,30,11,20270209,15.3734744711268,14.9751072951713,14.9751072951713,0.373474471126768,-0.024892704828666,-0.024892704828666,1,0.968933718965995,0.211079181486803,12.4328745537148,0.00333948111868976,0.000103745258940968,1,candidate_diagnostic_only
uniform_32MHz,weak_close,32,17,15,0.15,0.48,15,30,12,20270209,15.3611952154923,14.969779272246,14.969779272246,0.361195215492252,-0.0302207277540276,-0.0302207277540276,1,0.957662804873446,0.208952130261605,12.3522143633048,0.00324664623921889,0.000137453895336703,1,candidate_diagnostic_only
uniform_32MHz,weak_close,32,17,15,0.15,0.48,15,30,13,20270209,15.357511664918,14.9020702141294,14.9020702141294,0.357511664917979,-0.0979297858705621,-0.0979297858705621,1,0.975155968249772,0.196438183049234,13.5915152826398,0.00295600582494293,7.34391025687398e-05,1,candidate_diagnostic_only
uniform_32MHz,weak_close,32,17,15,0.15,0.48,15,30,14,20270209,15.3504701320228,14.9396300837858,14.9396300837858,0.350470132022815,-0.0603699162142064,-0.0603699162142064,1,0.974796222269699,0.183115810790204,13.6947766473289,0.0031528403246488,7.94634867615773e-05,1,candidate_diagnostic_only
uniform_32MHz,weak_close,32,17,15,0.15,0.48,15,30,15,20270209,15.3576730380443,14.8907692329209,14.8907692329209,0.357673038044348,-0.109230767079062,-0.109230767079062,1,0.961557007389622,0.181742743213853,15.113859331782,0.00369318433471943,0.000141977058088383,1,candidate_diagnostic_only
uniform_32MHz,weak_close,32,17,15,0.15,0.48,15,30,16,20270209,15.3627611562179,14.8753742361048,14.8753742361048,0.36276115621791,-0.124625763895239,-0.124625763895239,1,0.968962849823096,0.186868448622561,14.706946029941,0.00301000925812311,9.34221093782384e-05,1,candidate_diagnostic_only
uniform_32MHz,weak_close,32,17,15,0.15,0.48,15,30,17,20270209,15.3588948030608,14.9684943651818,14.9684943651818,0.358894803060783,-0.0315056348182168,-0.0315056348182168,1,0.946196958523316,0.197648578102034,12.8543343789077,0.00340222976838911,0.000183050309341848,1,candidate_diagnostic_only
uniform_32MHz,weak_close,32,17,15,0.15,0.48,15,30,18,20270209,15.3640298669123,14.8734455337871,14.8734455337871,0.364029866912309,-0.12655446621288,-0.12655446621288,1,0.974468770375547,0.204670814358176,13.9796560984691,0.00330662310595531,8.44221537996681e-05,1,candidate_diagnostic_only
uniform_32MHz,weak_close,32,17,15,0.15,0.48,15,30,19,20270209,15.3665918386468,14.8388440512171,14.8388440512171,0.366591838646782,-0.161155948782884,-0.161155948782884,1,0.979679113704521,0.221102181576742,13.4543713911091,0.00283769143316626,5.76644049550268e-05,1,candidate_diagnostic_only
uniform_32MHz,weak_close,32,17,15,0.15,0.48,15,30,20,20270209,15.3556776122517,14.9806497636506,14.9806497636506,0.35567761225173,-0.0193502363493749,-0.0193502363493749,1,0.973931913899922,0.17067094164284,13.7381902085745,0.00306990698293652,8.00265995504201e-05,1,candidate_diagnostic_only
uniform_32MHz,original_echo,32,17,25,0.25,0.8,3,0,1,20270209,2.95170410590662,3.24130941782286,3.24130941782286,-0.0482958940933842,0.24130941782286,0.24130941782286,1,0.958666720028592,0.274895443900228,22.5597528096894,0.09676956289424,0.00399980343581841,1,candidate_diagnostic_only
uniform_32MHz,original_echo,32,17,25,0.25,0.8,3,0,2,20270209,2.86960471078235,2.8633777692083,2.8633777692083,-0.130395289217648,-0.136622230791703,-0.136622230791703,1,0.977453720243666,0.227076821379259,29.6614700787141,0.100768864652506,0.00227196301318355,1,candidate_diagnostic_only
uniform_32MHz,original_echo,32,17,25,0.25,0.8,3,0,3,20270209,2.80037779962989,3.01575908207923,3.01575908207923,-0.199622200370112,0.0157590820792324,0.0157590820792324,1,0.973956619519721,0.276399753317214,23.0440627912703,0.10204187161752,0.00265751528745484,1,candidate_diagnostic_only
uniform_32MHz,original_echo,32,17,25,0.25,0.8,3,0,4,20270209,2.76890209544737,2.77794107601084,2.77794107601084,-0.23109790455263,-0.22205892398916,-0.22205892398916,1,0.936601088685876,0.208191331377369,30.500834536372,0.0916402783764585,0.0058098938815907,1,candidate_diagnostic_only
uniform_32MHz,original_echo,32,17,25,0.25,0.8,3,0,5,20270209,2.83171582978387,2.89663775659216,2.89663775659216,-0.168284170216131,-0.103362243407839,-0.103362243407839,1,0.966977955172193,0.225717331872773,27.9196606372822,0.0930072442978849,0.0030712893905156,1,candidate_diagnostic_only
uniform_32MHz,original_echo,32,17,25,0.25,0.8,3,0,6,20270209,2.78640743207215,2.97835842623516,2.97835842623516,-0.213592567927854,-0.0216415737648408,-0.0216415737648408,1,0.981891861952701,0.245436554895486,25.5331055515358,0.0947543798920698,0.00171582539167181,1,candidate_diagnostic_only
uniform_32MHz,original_echo,32,17,25,0.25,0.8,3,0,7,20270209,2.82553472252026,2.77185100587179,2.77185100587179,-0.174465277479737,-0.228148994128206,-0.228148994128206,1,0.976435325438316,0.223805658031951,28.1962504152388,0.0928826814715948,0.00218875016129472,1,candidate_diagnostic_only
uniform_32MHz,original_echo,32,17,25,0.25,0.8,3,0,8,20270209,2.74830946031062,3.14453084790258,3.14453084790258,-0.25169053968938,0.144530847902577,0.144530847902577,1,0.971213300641999,0.293837801777341,20.1861177748267,0.0886141416746051,0.0025509086552542,1,candidate_diagnostic_only
uniform_32MHz,original_echo,32,17,25,0.25,0.8,3,0,9,20270209,2.91889129320601,3.23534307999502,3.23534307999502,-0.0811087067939873,0.235343079995015,0.235343079995015,1,0.982290120630001,0.293372870768891,22.1222379216725,0.10517598072478,0.00186265393125717,1,candidate_diagnostic_only
uniform_32MHz,original_echo,32,17,25,0.25,0.8,3,0,10,20270209,2.81710788968823,2.86372308596458,2.86372308596458,-0.182892110311768,-0.136276914035417,-0.136276914035417,1,0.945248848878063,0.233262205168157,29.92658640106,0.110237841284678,0.00603564870753348,1,candidate_diagnostic_only
uniform_32MHz,original_echo,32,17,25,0.25,0.8,3,0,11,20270209,2.92060971187306,2.92848273310259,2.92848273310259,-0.0793902881269375,-0.0715172668974073,-0.0715172668974073,1,0.968735653949045,0.213973017558316,25.8795385016998,0.0747703877429453,0.00233764727675956,1,candidate_diagnostic_only
uniform_32MHz,original_echo,32,17,25,0.25,0.8,3,0,12,20270209,2.76071690388006,3.32005672815751,3.32005672815751,-0.23928309611994,0.320056728157511,0.320056728157511,1,0.967524820753981,0.29649936052479,20.382673802991,0.0858691287884137,0.00278861534910324,1,candidate_diagnostic_only
uniform_32MHz,original_echo,32,17,25,0.25,0.8,3,0,13,20270209,2.72893171094315,4.32287865160348,4.32287865160348,-0.271068289056847,1.32287865160348,1.32287865160348,1,0.969265508514044,0.586155699177918,9.23295610036366,0.110146747965642,0.00338530428755579,1,candidate_diagnostic_only
uniform_32MHz,original_echo,32,17,25,0.25,0.8,3,0,14,20270209,2.81318102618983,3.00616664653203,3.00616664653203,-0.18681897381017,0.00616664653202648,0.00616664653202648,1,0.956393566058669,0.260328039441979,25.5881127810389,0.10825572096869,0.00472064594519228,1,candidate_diagnostic_only
uniform_32MHz,original_echo,32,17,25,0.25,0.8,3,0,15,20270209,2.87378890336931,2.79767895213921,2.79767895213921,-0.12621109663069,-0.202321047860789,-0.202321047860789,1,0.956494066331126,0.222149064445637,27.2876716399144,0.0862643227396749,0.00375300990310268,1,candidate_diagnostic_only
uniform_32MHz,original_echo,32,17,25,0.25,0.8,3,0,16,20270209,2.8035805630145,2.82619485718905,2.82619485718905,-0.196419436985497,-0.173805142810949,-0.173805142810949,1,0.96998950354778,0.214703199092974,29.09080791464,0.0882956959084222,0.00264979766880602,1,candidate_diagnostic_only
uniform_32MHz,original_echo,32,17,25,0.25,0.8,3,0,17,20270209,2.77966511241723,3.08599472289364,3.08599472289364,-0.220334887582775,0.0859947228936355,0.0859947228936355,1,0.975136357941872,0.301836005686564,19.8403369656504,0.0910457639365967,0.0022637292854284,1,candidate_diagnostic_only
uniform_32MHz,original_echo,32,17,25,0.25,0.8,3,0,18,20270209,2.85189741865457,2.80300539270724,2.80300539270724,-0.148102581345428,-0.196994607292758,-0.196994607292758,1,0.949195154787399,0.202938913694186,28.2807983013379,0.078221060398626,0.0039740088659177,1,candidate_diagnostic_only
uniform_32MHz,original_echo,32,17,25,0.25,0.8,3,0,19,20270209,2.77754561250035,3.11686145417422,3.11686145417422,-0.222454387499649,0.116861454174222,0.116861454174222,1,0.978298522940132,0.287882950573964,21.722635541574,0.0979220474046081,0.00212505306540645,1,candidate_diagnostic_only
uniform_32MHz,original_echo,32,17,25,0.25,0.8,3,0,20,20270209,2.74927427475978,2.78217735144449,2.78217735144449,-0.250725725240224,-0.217822648555509,-0.217822648555509,1,0.963221432443574,0.220425775340457,29.8317383878228,0.0967266076516251,0.00355746607401919,1,candidate_diagnostic_only
uniform_32MHz,original_echo,32,17,25,0.25,0.8,15,0,1,20270209,14.9253198643224,14.9030040164241,14.9030040164241,-0.0746801356776068,-0.0969959835759333,-0.0969959835759333,1,0.97055838014884,0.221227433547589,28.2450579331728,0.0905824512608191,0.00266689409520726,1,candidate_diagnostic_only
uniform_32MHz,original_echo,32,17,25,0.25,0.8,15,0,2,20270209,14.7328776601321,14.832280148522,14.832280148522,-0.267122339867861,-0.16771985147799,-0.16771985147799,1,0.962682084799433,0.236226932787152,28.2027411215532,0.102451746045673,0.00382328557108247,1,candidate_diagnostic_only
uniform_32MHz,original_echo,32,17,25,0.25,0.8,15,0,3,20270209,14.8849698032958,14.8049578099784,14.8049578099784,-0.115030196704156,-0.195042190021647,-0.195042190021647,1,0.958965604671203,0.240744242560641,25.3183660532564,0.0900687144810175,0.0036959152367706,1,candidate_diagnostic_only
uniform_32MHz,original_echo,32,17,25,0.25,0.8,15,0,4,20270209,14.9618561572934,15.1474021200461,15.1474021200461,-0.038143842706603,0.147402120046081,0.147402120046081,1,0.969598141220689,0.259803127825817,22.5628342193909,0.0872840158087249,0.00265359632230799,1,candidate_diagnostic_only
uniform_32MHz,original_echo,32,17,25,0.25,0.8,15,0,5,20270209,14.945925324341,15.0857172829298,15.0857172829298,-0.0540746756590487,0.0857172829298065,0.0857172829298065,1,0.986080313239541,0.272606946322975,25.0003740870772,0.11257839584618,0.00156705600617379,1,candidate_diagnostic_only
uniform_32MHz,original_echo,32,17,25,0.25,0.8,15,0,6,20270209,14.8680182564303,16.5858402600454,14.8680182564303,-0.131981743569709,1.58584026004537,-0.131981743569709,0,0.955507174393252,0.615120365167876,7.76355058266323,0.0916572657842667,0.00407809074213072,1,candidate_diagnostic_only
uniform_32MHz,original_echo,32,17,25,0.25,0.8,15,0,7,20270209,14.7557070048415,14.9359560561141,14.9359560561141,-0.24429299515853,-0.0640439438859346,-0.0640439438859346,1,0.935533502685369,0.271430521555023,23.5144787362757,0.105444102061951,0.00679761192242045,1,candidate_diagnostic_only
uniform_32MHz,original_echo,32,17,25,0.25,0.8,15,0,8,20270209,14.9101291349179,15.5909979471364,15.5909979471364,-0.0898708650820943,0.590997947136373,0.590997947136373,1,0.964838049987142,0.392586887837866,15.773467031394,0.102536323733134,0.00360537708960673,1,candidate_diagnostic_only
uniform_32MHz,original_echo,32,17,25,0.25,0.8,15,0,9,20270209,14.8686739091008,14.8519350812123,14.8519350812123,-0.131326090899176,-0.148064918787654,-0.148064918787654,1,0.965102442944878,0.226942528488695,29.4222251286667,0.0985916154323874,0.00344060652470835,1,candidate_diagnostic_only
uniform_32MHz,original_echo,32,17,25,0.25,0.8,15,0,10,20270209,14.8411682883127,15.3311850776089,15.3311850776089,-0.158831711687332,0.331185077608858,0.331185077608858,1,0.97019903618703,0.328150615065744,19.478800914923,0.105604810969304,0.00314712515017179,1,candidate_diagnostic_only
uniform_32MHz,original_echo,32,17,25,0.25,0.8,15,0,11,20270209,14.8406772186328,14.9508542058982,14.9508542058982,-0.159322781367226,-0.0491457941018023,-0.0491457941018023,1,0.931220769821377,0.237630179870679,26.523077403937,0.100243298162381,0.0068946568781747,1,candidate_diagnostic_only
uniform_32MHz,original_echo,32,17,25,0.25,0.8,15,0,12,20270209,14.9404739317732,14.9833518782681,14.9833518782681,-0.0595260682268268,-0.016648121731901,-0.016648121731901,1,0.967648695665447,0.238173162543149,26.9255233878342,0.0977571148474954,0.00316257017329913,1,candidate_diagnostic_only
uniform_32MHz,original_echo,32,17,25,0.25,0.8,15,0,13,20270209,14.8469941665318,14.8895427475982,14.8895427475982,-0.153005833468164,-0.110457252401766,-0.110457252401766,1,0.978118467976738,0.234366706056503,27.9326889358832,0.100441156839393,0.00219780638983469,1,candidate_diagnostic_only
uniform_32MHz,original_echo,32,17,25,0.25,0.8,15,0,14,20270209,14.9061336144892,15.0377751946951,15.0377751946951,-0.0938663855108324,0.0377751946951044,0.0377751946951044,1,0.955807953377435,0.246271112275371,25.6700820665117,0.100405605862593,0.00443712921544659,1,candidate_diagnostic_only
uniform_32MHz,original_echo,32,17,25,0.25,0.8,15,0,15,20270209,14.8184766257155,16.2753717473136,14.8184766257155,-0.181523374284478,1.27537174731358,-0.181523374284478,0,0.954716434089117,0.666754445229635,6.55979378309907,0.0985411630985646,0.00446229525410891,1,candidate_diagnostic_only
uniform_32MHz,original_echo,32,17,25,0.25,0.8,15,0,16,20270209,14.8201072669379,15.1627880353942,15.1627880353942,-0.179892733062097,0.162788035394247,0.162788035394247,1,0.960897967963024,0.288726655119054,22.5139298838205,0.105796086851729,0.004136841977463,1,candidate_diagnostic_only
uniform_32MHz,original_echo,32,17,25,0.25,0.8,15,0,17,20270209,14.7849830406512,15.2014041033033,15.2014041033033,-0.215016959348846,0.201404103303293,0.201404103303293,1,0.980657591114999,0.306581993089198,20.5615438181001,0.100330133380836,0.00194062646333881,1,candidate_diagnostic_only
uniform_32MHz,original_echo,32,17,25,0.25,0.8,15,0,18,20270209,14.8109941490335,14.9610409468069,14.9610409468069,-0.189005850966463,-0.0389590531930661,-0.0389590531930661,1,0.985557947153115,0.265437012565591,24.7723186621668,0.105219896364764,0.00151959130384371,1,candidate_diagnostic_only
uniform_32MHz,original_echo,32,17,25,0.25,0.8,15,0,19,20270209,14.7559103593507,14.7970537326364,14.7970537326364,-0.244089640649328,-0.202946267363583,-0.202946267363583,1,0.967192588896087,0.245056982159584,26.8157698349,0.104928301506679,0.00344242592396493,1,candidate_diagnostic_only
uniform_32MHz,original_echo,32,17,25,0.25,0.8,15,0,20,20270209,14.7435958364675,14.9783643600761,14.9783643600761,-0.25640416353254,-0.0216356399239004,-0.0216356399239004,1,0.963295762800044,0.257481937248567,24.7747538253101,0.100807224196414,0.00370005226837433,1,candidate_diagnostic_only
uniform_32MHz,original_echo,32,17,25,0.25,0.8,3,15,1,20270209,4.45855703654526,3.02400946143463,3.02400946143463,1.45855703654526,0.0240094614346331,0.0240094614346331,1,0.997876711357553,0.248420348133891,25.2924439674648,0.0987523991603123,0.000209679847551492,1,candidate_diagnostic_only
uniform_32MHz,original_echo,32,17,25,0.25,0.8,3,15,2,20270209,4.26539569178347,3.13626523673288,3.13626523673288,1.26539569178347,0.136265236732876,0.136265236732876,1,0.997704466734797,0.271532287120123,23.0200938889224,0.0998164003930104,0.000229131867514942,1,candidate_diagnostic_only
uniform_32MHz,original_echo,32,17,25,0.25,0.8,3,15,3,20270209,4.27932783176836,2.97865163058995,2.97865163058995,1.27932783176836,-0.021348369410048,-0.021348369410048,1,0.997168825333181,0.250326079413271,24.9586088202542,0.0997647279034508,0.000282451370282377,1,candidate_diagnostic_only
uniform_32MHz,original_echo,32,17,25,0.25,0.8,3,15,4,20270209,4.1783811451534,2.92126589856657,2.92126589856657,1.1783811451534,-0.0787341014334322,-0.0787341014334322,1,0.999021126232886,0.234119024007635,26.600050751919,0.0957197428474972,9.36975452683342e-05,1,candidate_diagnostic_only
uniform_32MHz,original_echo,32,17,25,0.25,0.8,3,15,5,20270209,4.50973737528837,2.96591960549379,2.96591960549379,1.50973737528837,-0.0340803945062089,-0.0340803945062089,1,0.997996091984383,0.244777565944116,25.2966529140276,0.0971962230014629,0.000194772290360357,1,candidate_diagnostic_only
uniform_32MHz,original_echo,32,17,25,0.25,0.8,3,15,6,20270209,4.09148107455214,2.968885310685,2.968885310685,1.09148107455214,-0.0311146893150038,-0.0311146893150038,1,0.997929086426009,0.234075005686392,26.7081768223502,0.0962869896661036,0.000199402033898233,1,candidate_diagnostic_only
uniform_32MHz,original_echo,32,17,25,0.25,0.8,3,15,7,20270209,4.31286140610058,3.0335030002899,3.0335030002899,1.31286140610058,0.0335030002899019,0.0335030002899019,1,0.997238340292412,0.259895966006337,23.6933006257162,0.0981716953104914,0.000271116815364625,1,candidate_diagnostic_only
uniform_32MHz,original_echo,32,17,25,0.25,0.8,3,15,8,20270209,4.34599834726135,3.01966850696347,3.01966850696347,1.34599834726135,0.0196685069634732,0.0196685069634732,1,0.99907269687495,0.256213890312668,24.0042243484246,0.0973934062067863,9.03132099348003e-05,1,candidate_diagnostic_only
uniform_32MHz,original_echo,32,17,25,0.25,0.8,3,15,9,20270209,4.20781960760264,2.92790719759024,2.92790719759024,1.20781960760264,-0.0720928024097649,-0.0720928024097649,1,0.998255875949291,0.243685228241823,25.7718475628662,0.0996144295773425,0.000173739922423533,1,candidate_diagnostic_only
uniform_32MHz,original_echo,32,17,25,0.25,0.8,3,15,10,20270209,4.06432788982854,3.00671718097817,3.00671718097817,1.06432788982854,0.00671718097817031,0.00671718097817031,1,0.998609193091914,0.251483608626126,24.7036090193709,0.0983737909799292,0.000136818948069495,1,candidate_diagnostic_only
uniform_32MHz,original_echo,32,17,25,0.25,0.8,3,15,11,20270209,4.12971838763395,2.96616379144326,2.96616379144326,1.12971838763395,-0.0338362085567381,-0.0338362085567381,1,0.999450996617743,0.248087539723225,25.4604237560044,0.100105918464386,5.49584878208886e-05,1,candidate_diagnostic_only
uniform_32MHz,original_echo,32,17,25,0.25,0.8,3,15,12,20270209,4.18145165108052,2.90280515609817,2.90280515609817,1.18145165108052,-0.0971948439018258,-0.0971948439018258,1,0.998819475014398,0.238781482229113,26.2235775995945,0.0981140769799749,0.000115826119314155,1,candidate_diagnostic_only
uniform_32MHz,original_echo,32,17,25,0.25,0.8,3,15,13,20270209,4.397230815963,2.95379112012291,2.95379112012291,1.397230815963,-0.0462088798770872,-0.0462088798770872,1,0.998069171262449,0.251917922613356,25.2142309411553,0.102431532835728,0.000197777747230621,1,candidate_diagnostic_only
uniform_32MHz,original_echo,32,17,25,0.25,0.8,3,15,14,20270209,4.29610349936102,2.95690552021007,2.95690552021007,1.29610349936102,-0.0430944797899331,-0.0430944797899331,1,0.998102049680514,0.238704565557796,26.7041519997838,0.0999176076291202,0.000189638655321955,1,candidate_diagnostic_only
uniform_32MHz,original_echo,32,17,25,0.25,0.8,3,15,15,20270209,4.06442189353872,2.93190055641064,2.93190055641064,1.06442189353872,-0.0680994435893627,-0.0680994435893627,1,0.999059884806416,0.237262729314278,26.766488208128,0.0989693051034464,9.30425474261476e-05,1,candidate_diagnostic_only
uniform_32MHz,original_echo,32,17,25,0.25,0.8,3,15,16,20270209,4.44500836676982,3.01202255276573,3.01202255276573,1.44500836676982,0.0120225527657292,0.0120225527657292,1,0.998702972652944,0.248814740598415,24.2401124961697,0.093238014809272,0.000120932254992878,1,candidate_diagnostic_only
uniform_32MHz,original_echo,32,17,25,0.25,0.8,3,15,17,20270209,4.1917178767071,3.01428639700404,3.01428639700404,1.1917178767071,0.0142863970040432,0.0142863970040432,1,0.997218027953794,0.253947058363942,24.8347602800291,0.100950702574955,0.000280842032608364,1,candidate_diagnostic_only
uniform_32MHz,original_echo,32,17,25,0.25,0.8,3,15,18,20270209,4.14945404638701,2.99731812998238,2.99731812998238,1.14945404638701,-0.00268187001762454,-0.00268187001762454,1,0.998235973625582,0.251430830742456,25.387390429049,0.102052249884926,0.00018002286036567,1,candidate_diagnostic_only
uniform_32MHz,original_echo,32,17,25,0.25,0.8,3,15,19,20270209,4.37801668020657,2.95610550262775,2.95610550262775,1.37801668020657,-0.043894497372249,-0.043894497372249,1,0.998749469936668,0.244868632262114,26.5545192705074,0.104348974883071,0.000130491530169197,1,candidate_diagnostic_only
uniform_32MHz,original_echo,32,17,25,0.25,0.8,3,15,20,20270209,4.3375858879863,3.05983491276928,3.05983491276928,1.3375858879863,0.0598349127692845,0.0598349127692845,1,0.997950863216255,0.261271313413812,23.9774957789456,0.100410298241763,0.000205754435594008,1,candidate_diagnostic_only
uniform_32MHz,original_echo,32,17,25,0.25,0.8,15,15,1,20270209,16.2913633773133,15.0891548030949,15.0891548030949,1.29136337731328,0.089154803094921,0.089154803094921,1,0.99873048866403,0.264910511888341,23.8720711207425,0.101702955114788,0.000129113054419872,1,candidate_diagnostic_only
uniform_32MHz,original_echo,32,17,25,0.25,0.8,15,15,2,20270209,16.0760266128298,15.0869195149811,15.0869195149811,1.0760266128298,0.0869195149811439,0.0869195149811439,1,0.997583055971184,0.263891473771771,23.8061151613711,0.101385254056569,0.000245042484402047,1,candidate_diagnostic_only
uniform_32MHz,original_echo,32,17,25,0.25,0.8,15,15,3,20270209,16.0576411390391,14.9228068495243,14.9228068495243,1.05764113903908,-0.077193150475658,-0.077193150475658,1,0.998510354248116,0.23507632144584,27.2266899458355,0.099647321193838,0.000148439208703,1,candidate_diagnostic_only
uniform_32MHz,original_echo,32,17,25,0.25,0.8,15,15,4,20270209,16.3953961061605,14.929420890083,14.929420890083,1.39539610616052,-0.0705791099169737,-0.0705791099169737,1,0.999254481951086,0.243051555299054,26.0284959736702,0.0996841188478781,7.43163097911559e-05,1,candidate_diagnostic_only
uniform_32MHz,original_echo,32,17,25,0.25,0.8,15,15,5,20270209,16.3178581560177,14.9585950155913,14.9585950155913,1.31785815601774,-0.0414049844087252,-0.0414049844087252,1,0.99821181003749,0.245315660394693,25.4112820774729,0.0986357355409884,0.000176379432239138,1,candidate_diagnostic_only
uniform_32MHz,original_echo,32,17,25,0.25,0.8,15,15,6,20270209,16.5103264573766,14.9262057634448,14.9262057634448,1.51032645737662,-0.0737942365551749,-0.0737942365551749,1,0.997981339793384,0.238435611699244,26.5551055405187,0.0992956570844115,0.00020044419164611,1,candidate_diagnostic_only
uniform_32MHz,original_echo,32,17,25,0.25,0.8,15,15,7,20270209,16.2010022424401,15.0278186054848,15.0278186054848,1.20100224244008,0.0278186054848444,0.0278186054848444,1,0.997852911619185,0.254868936555268,25.0947425778938,0.103699670637907,0.00022265235792096,1,candidate_diagnostic_only
uniform_32MHz,original_echo,32,17,25,0.25,0.8,15,15,8,20270209,16.3728355063368,14.963885127187,14.963885127187,1.37283550633675,-0.036114872813048,-0.036114872813048,1,0.998029338092616,0.252455545514398,24.7686575156662,0.100247751994224,0.000197554426155877,1,candidate_diagnostic_only
uniform_32MHz,original_echo,32,17,25,0.25,0.8,15,15,9,20270209,16.1560341388708,14.9754852894125,14.9754852894125,1.15603413887082,-0.0245147105875496,-0.0245147105875496,1,0.999262959388239,0.245408268726628,25.3447716005371,0.0976447168489076,7.19681218415147e-05,1,candidate_diagnostic_only
uniform_32MHz,original_echo,32,17,25,0.25,0.8,15,15,10,20270209,16.2111450010464,14.9403351409752,14.9403351409752,1.21114500104636,-0.059664859024771,-0.059664859024771,1,0.997544073503544,0.240008645070868,25.8959966544274,0.0966816518038445,0.000237443030386197,1,candidate_diagnostic_only
uniform_32MHz,original_echo,32,17,25,0.25,0.8,15,15,11,20270209,16.2966190799671,14.9876878413716,14.9876878413716,1.2966190799671,-0.0123121586284185,-0.0123121586284185,1,0.999024683254398,0.252809139027066,25.029670872017,0.10132833258499,9.88272195741047e-05,1,candidate_diagnostic_only
uniform_32MHz,original_echo,32,17,25,0.25,0.8,15,15,12,20270209,16.2340561404782,15.0560517683633,15.0560517683633,1.23405614047824,0.0560517683632558,0.0560517683632558,1,0.997802986414394,0.262439493850675,23.5908792595241,0.0991534339366151,0.000217841441418232,1,candidate_diagnostic_only
uniform_32MHz,original_echo,32,17,25,0.25,0.8,15,15,13,20270209,16.0534708122364,15.0225525562416,15.0225525562416,1.0534708122364,0.0225525562415996,0.0225525562415996,1,0.998128441680149,0.254914227566947,24.5812911686181,0.100430465167497,0.000187961472650766,1,candidate_diagnostic_only
uniform_32MHz,original_echo,32,17,25,0.25,0.8,15,15,14,20270209,16.2120608813048,14.9664929803658,14.9664929803658,1.21206088130476,-0.0335070196341611,-0.0335070196341611,1,0.998158656128128,0.236174500662758,26.0153154269958,0.0941247828125491,0.000173316092023201,1,candidate_diagnostic_only
uniform_32MHz,original_echo,32,17,25,0.25,0.8,15,15,15,20270209,16.1806443821805,15.0055544976401,15.0055544976401,1.18064438218048,0.00555449764012117,0.00555449764012117,1,0.998610722803203,0.255682888564513,25.0212913425723,0.103726384224426,0.000144104700309233,1,candidate_diagnostic_only
uniform_32MHz,original_echo,32,17,25,0.25,0.8,15,15,16,20270209,16.4057713268416,14.9566130531367,14.9566130531367,1.40577132684158,-0.0433869468633468,-0.0433869468633468,1,0.99812780158435,0.237069041643731,26.3305320921412,0.0961166680633798,0.000179949473665841,1,candidate_diagnostic_only
uniform_32MHz,original_echo,32,17,25,0.25,0.8,15,15,17,20270209,16.251295588414,15.0174291062741,15.0174291062741,1.25129558841396,0.0174291062740899,0.0174291062740899,1,0.998577456346433,0.253781107357304,25.0378427489318,0.101889241634563,0.000144941894054007,1,candidate_diagnostic_only
uniform_32MHz,original_echo,32,17,25,0.25,0.8,15,15,18,20270209,16.1842317481126,14.9173540865106,14.9173540865106,1.18423174811255,-0.0826459134893902,-0.0826459134893902,1,0.998391554874145,0.239141618076744,26.6636386193268,0.100723658918006,0.00016200847824499,1,candidate_diagnostic_only
uniform_32MHz,original_echo,32,17,25,0.25,0.8,15,15,19,20270209,16.4169102684351,14.9599158385098,14.9599158385098,1.41691026843515,-0.0400841614902312,-0.0400841614902312,1,0.998896777727576,0.246673841374502,25.4639601490592,0.0993088969101565,0.000109559786921176,1,candidate_diagnostic_only
uniform_32MHz,original_echo,32,17,25,0.25,0.8,15,15,20,20270209,16.1933275594224,14.9231080589625,14.9231080589625,1.1933275594224,-0.0768919410375002,-0.0768919410375002,1,0.997267482947309,0.237776976183614,26.2226151345656,0.0969686002096457,0.00026496835364842,1,candidate_diagnostic_only
uniform_32MHz,original_echo,32,17,25,0.25,0.8,3,30,1,20270209,4.34171917155536,3.02289518774792,3.02289518774792,1.34171917155536,0.0228951877479227,0.0228951877479227,1,0.998753512267052,0.252908975111773,24.6133739780612,0.0979860511264203,0.000122138410729056,1,candidate_diagnostic_only
uniform_32MHz,original_echo,32,17,25,0.25,0.8,3,30,2,20270209,4.31616190297328,3.00256680772571,3.00256680772571,1.31616190297328,0.00256680772571372,0.00256680772571372,1,0.998780835052871,0.247986065336456,24.9720642343753,0.0967052459504119,0.000117899646066233,1,candidate_diagnostic_only
uniform_32MHz,original_echo,32,17,25,0.25,0.8,3,30,3,20270209,4.31312860867761,3.0276011034837,3.0276011034837,1.31312860867761,0.0276011034836974,0.0276011034836974,1,0.99911894636276,0.255560228341627,24.4178195054509,0.0985537171907835,8.68311109945008e-05,1,candidate_diagnostic_only
uniform_32MHz,original_echo,32,17,25,0.25,0.8,3,30,4,20270209,4.34561363496775,2.97985396688223,2.97985396688223,1.34561363496775,-0.0201460331177747,-0.0201460331177747,1,0.999089532703861,0.248034943910785,24.8511375015356,0.0963828718618058,8.77534527381485e-05,1,candidate_diagnostic_only
uniform_32MHz,original_echo,32,17,25,0.25,0.8,3,30,5,20270209,4.31751307954011,2.96740877019552,2.96740877019552,1.31751307954011,-0.0325912298044826,-0.0325912298044826,1,0.999412105572868,0.240211633194659,25.7003476364892,0.0952432103012628,5.59929525583147e-05,1,candidate_diagnostic_only
uniform_32MHz,original_echo,32,17,25,0.25,0.8,3,30,6,20270209,4.3221569988494,3.03824338146395,3.03824338146395,1.3221569988494,0.0382433814639529,0.0382433814639529,1,0.999312833839406,0.256886550994524,24.2810927309087,0.0988203687149607,6.79060133583764e-05,1,candidate_diagnostic_only
uniform_32MHz,original_echo,32,17,25,0.25,0.8,3,30,7,20270209,4.35407171974262,2.9804122139748,2.9804122139748,1.35407171974262,-0.0195877860252014,-0.0195877860252014,1,0.999632869489848,0.25037392097957,25.0951243282995,0.0998696374896075,3.66651909602389e-05,1,candidate_diagnostic_only
uniform_32MHz,original_echo,32,17,25,0.25,0.8,3,30,8,20270209,4.35040928376126,3.04729570697139,3.04729570697139,1.35040928376126,0.0472957069713864,0.0472957069713864,1,0.999454506972713,0.258313588064865,23.8922514937824,0.0971311977930398,5.2984391128108e-05,1,candidate_diagnostic_only
uniform_32MHz,original_echo,32,17,25,0.25,0.8,3,30,9,20270209,4.32322341592455,3.01196444527017,3.01196444527017,1.32322341592455,0.0119644452701664,0.0119644452701664,1,0.999222382522459,0.251829262787928,24.6447168100765,0.0975143009125361,7.58288246998085e-05,1,candidate_diagnostic_only
uniform_32MHz,original_echo,32,17,25,0.25,0.8,3,30,10,20270209,4.32457523096904,2.99545521709121,2.99545521709121,1.32457523096904,-0.00454478290878946,-0.00454478290878946,1,0.999080914775716,0.252634363919066,24.7244120024828,0.0990463181876067,9.10320075659943e-05,1,candidate_diagnostic_only
uniform_32MHz,original_echo,32,17,25,0.25,0.8,3,30,11,20270209,4.32033790375441,3.00660963084927,3.00660963084927,1.32033790375441,0.00660963084927157,0.00660963084927157,1,0.999420532724285,0.25161097517968,24.86771701035,0.0988724733669963,5.72933627851491e-05,1,candidate_diagnostic_only
uniform_32MHz,original_echo,32,17,25,0.25,0.8,3,30,12,20270209,4.30508465026449,2.97641169608037,2.97641169608037,1.30508465026449,-0.0235883039196305,-0.0235883039196305,1,0.999524889945868,0.244090245359426,25.3928393940214,0.0962131775666473,4.57118480019503e-05,1,candidate_diagnostic_only
uniform_32MHz,original_echo,32,17,25,0.25,0.8,3,30,13,20270209,4.36157286970086,2.97924319701369,2.97924319701369,1.36157286970086,-0.0207568029863126,-0.0207568029863126,1,0.998979764630975,0.245979674655631,25.1337890793427,0.0965890232314561,9.85435377602872e-05,1,candidate_diagnostic_only
uniform_32MHz,original_echo,32,17,25,0.25,0.8,3,30,14,20270209,4.32354766900098,2.99205675941531,2.99205675941531,1.32354766900098,-0.00794324058468998,-0.00794324058468998,1,0.999503720442264,0.249766622613229,25.1466706116251,0.0993852177464731,4.93228519087285e-05,1,candidate_diagnostic_only
uniform_32MHz,original_echo,32,17,25,0.25,0.8,3,30,15,20270209,4.2911907523309,2.97772705648147,2.97772705648147,1.2911907523309,-0.0222729435185256,-0.0222729435185256,1,0.999257046755519,0.246251812985345,25.4589982247733,0.0985892229254874,7.32471830433568e-05,1,candidate_diagnostic_only
uniform_32MHz,original_echo,32,17,25,0.25,0.8,3,30,16,20270209,4.35370127304267,3.09497828796415,3.09497828796415,1.35370127304267,0.0949782879641514,0.0949782879641514,1,0.999733604469855,0.267181010155063,23.3413113336155,0.0993147300402801,2.64570001602404e-05,1,candidate_diagnostic_only
uniform_32MHz,original_echo,32,17,25,0.25,0.8,3,30,17,20270209,4.35550668728623,3.0082653029371,3.0082653029371,1.35550668728623,0.00826530293709871,0.00826530293709871,1,0.998315836564068,0.255002427691888,24.4630062603472,0.098911248495658,0.000166582708118757,1,candidate_diagnostic_only
uniform_32MHz,original_echo,32,17,25,0.25,0.8,3,30,18,20270209,4.32479274830149,3.02741757044471,3.02741757044471,1.32479274830149,0.0274175704447148,0.0274175704447148,1,0.999119672642918,0.254735639695701,24.5286314602795,0.0986905517649128,8.68799926041497e-05,1,candidate_diagnostic_only
uniform_32MHz,original_echo,32,17,25,0.25,0.8,3,30,19,20270209,4.35780350467073,3.04077225845891,3.04077225845891,1.35780350467073,0.0407722584589134,0.0407722584589134,1,0.999179194296186,0.254754021302694,24.701846401344,0.0992273746706536,8.14463951042121e-05,1,candidate_diagnostic_only
uniform_32MHz,original_echo,32,17,25,0.25,0.8,3,30,20,20270209,4.27260705925997,3.02188281528975,3.02188281528975,1.27260705925997,0.0218828152897537,0.0218828152897537,1,0.999247751944367,0.255573930084234,24.3251565300913,0.0985956319273529,7.41683724112541e-05,1,candidate_diagnostic_only
uniform_32MHz,original_echo,32,17,25,0.25,0.8,15,30,1,20270209,16.3732816564026,14.9718270032947,14.9718270032947,1.3732816564026,-0.0281729967053295,-0.0281729967053295,1,0.998586914253526,0.24625009879668,25.3372027991683,0.0982132842094774,0.000138783792030805,1,candidate_diagnostic_only
uniform_32MHz,original_echo,32,17,25,0.25,0.8,15,30,2,20270209,16.3429447292404,15.045838451636,15.045838451636,1.34294472924035,0.0458384516359693,0.0458384516359693,1,0.999262798307207,0.258398556232369,24.1513283610538,0.0988562532760267,7.28769972582199e-05,1,candidate_diagnostic_only
uniform_32MHz,original_echo,32,17,25,0.25,0.8,15,30,3,20270209,16.3222292278803,14.9876378563195,14.9876378563195,1.32222922788034,-0.0123621436804981,-0.0123621436804981,1,0.999237526782643,0.24165262975616,25.6493896504945,0.0952982515313399,7.26623644535795e-05,1,candidate_diagnostic_only
uniform_32MHz,original_echo,32,17,25,0.25,0.8,15,30,4,20270209,16.3274584355998,15.026691705971,15.026691705971,1.32745843559978,0.026691705970963,0.026691705970963,1,0.99890864357543,0.252674136065475,24.3813788696837,0.0961492279012715,0.000104933077587521,1,candidate_diagnostic_only
uniform_32MHz,original_echo,32,17,25,0.25,0.8,15,30,5,20270209,16.3311005067132,15.0257360565672,15.0257360565672,1.33110050671319,0.0257360565672187,0.0257360565672187,1,0.999421063516802,0.252450344830435,24.4395497757589,0.09655815953195,5.59010413034855e-05,1,candidate_diagnostic_only
uniform_32MHz,original_echo,32,17,25,0.25,0.8,15,30,6,20270209,16.3420775952749,15.0217446473156,15.0217446473156,1.34207759527485,0.0217446473155807,0.0217446473155807,1,0.99904142852975,0.249708706386305,24.7021855707006,0.0962504794233499,9.22629635731198e-05,1,candidate_diagnostic_only
uniform_32MHz,original_echo,32,17,25,0.25,0.8,15,30,7,20270209,16.3374027405061,14.9578784605049,14.9578784605049,1.33740274050609,-0.0421215394950885,-0.0421215394950885,1,0.998459554617963,0.242570253107818,26.0614834174153,0.0996078586488947,0.000153440465870291,1,candidate_diagnostic_only
uniform_32MHz,original_echo,32,17,25,0.25,0.8,15,30,8,20270209,16.3364062349494,15.0018729929028,15.0018729929028,1.33640623494937,0.00187299290282539,0.00187299290282539,1,0.998986641696174,0.250411532031973,24.8497514213348,0.0979819105274986,9.92907826578016e-05,1,candidate_diagnostic_only
uniform_32MHz,original_echo,32,17,25,0.25,0.8,15,30,9,20270209,16.3170461013383,14.9862142934134,14.9862142934134,1.31704610133833,-0.01378570658661,-0.01378570658661,1,0.999339403683182,0.248324344578318,24.7920538452145,0.0960432534518096,6.34458194854748e-05,1,candidate_diagnostic_only
uniform_32MHz,original_echo,32,17,25,0.25,0.8,15,30,10,20270209,16.3212846597189,15.000673254264,15.000673254264,1.32128465971886,0.000673254263963585,0.000673254263963585,1,0.999286365507524,0.250575369081348,24.9806478593702,0.0988945080952537,7.05745320932483e-05,1,candidate_diagnostic_only
uniform_32MHz,original_echo,32,17,25,0.25,0.8,15,30,11,20270209,16.3289105194488,15.0095273999422,15.0095273999422,1.3289105194488,0.00952739994215968,0.00952739994215968,1,0.99916522870743,0.24841010506078,24.9608456808769,0.0967851436658742,8.07934594795334e-05,1,candidate_diagnostic_only
uniform_32MHz,original_echo,32,17,25,0.25,0.8,15,30,12,20270209,16.2771842343385,15.0140938007028,15.0140938007028,1.27718423433852,0.0140938007028026,0.0140938007028026,1,0.999249733365476,0.252317147547972,24.9069808933484,0.0992742004432188,7.44821202616208e-05,1,candidate_diagnostic_only
uniform_32MHz,original_echo,32,17,25,0.25,0.8,15,30,13,20270209,16.350639350602,15.0268756323949,15.0268756323949,1.35063935060204,0.026875632394912,0.026875632394912,1,0.999309200132428,0.25573799009107,24.2999361436436,0.098277726498528,6.78902404505077e-05,1,candidate_diagnostic_only
uniform_32MHz,original_echo,32,17,25,0.25,0.8,15,30,14,20270209,16.31735429956,15.0268274542414,15.0268274542414,1.31735429955995,0.0268274542413884,0.0268274542413884,1,0.998609788330556,0.254479387147389,24.6441259099762,0.0997184725222064,0.000138629784159461,1,candidate_diagnostic_only
uniform_32MHz,original_echo,32,17,25,0.25,0.8,15,30,15,20270209,16.332874263973,15.0737986848468,15.0737986848468,1.33287426397301,0.0737986848467891,0.0737986848467891,1,0.999347736141749,0.260977253679642,23.7091137753048,0.0972429696149708,6.34280745488436e-05,1,candidate_diagnostic_only
uniform_32MHz,original_echo,32,17,25,0.25,0.8,15,30,16,20270209,16.3249377506738,15.0367460019225,15.0367460019225,1.32493775067383,0.0367460019225394,0.0367460019225394,1,0.999052982356675,0.257979687984412,24.0100248980235,0.0977035075907724,9.25269455032129e-05,1,candidate_diagnostic_only
uniform_32MHz,original_echo,32,17,25,0.25,0.8,15,30,17,20270209,16.3428238737534,14.9971282436132,14.9971282436132,1.3428238737534,-0.00287175638675308,-0.00287175638675308,1,0.99856039642172,0.251723898869392,24.6657800728129,0.0978465736512801,0.000140860277550781,1,candidate_diagnostic_only
uniform_32MHz,original_echo,32,17,25,0.25,0.8,15,30,18,20270209,16.3098097425676,15.0272681829875,15.0272681829875,1.30980974256761,0.0272681829875392,0.0272681829875392,1,0.998621900747688,0.254890988836799,24.2736080909582,0.0974235237544168,0.000134259285243576,1,candidate_diagnostic_only
uniform_32MHz,original_echo,32,17,25,0.25,0.8,15,30,19,20270209,16.3260743342782,14.9767032090065,14.9767032090065,1.32607433427819,-0.0232967909934931,-0.0232967909934931,1,0.999746879698565,0.245216515978792,25.6376051165516,0.0988168047757749,2.50125394116729e-05,1,candidate_diagnostic_only
uniform_32MHz,original_echo,32,17,25,0.25,0.8,15,30,20,20270209,16.3601579642792,15.0711549850241,15.0711549850241,1.36015796427918,0.0711549850240836,0.0711549850240836,1,0.999096662217187,0.262031832606763,23.658517396641,0.0977367422229918,8.82892920190947e-05,1,candidate_diagnostic_only
uniform_32MHz,strong_late,32,17,60,0.4,1.92,3,0,1,20270209,7.00254642592935,4.00254645219315,7.00254642592935,4.00254642592935,1.00254645219315,4.00254642592935,0,0.323766680005967,0.114264672376554,58.2947987278274,0.510778094091037,0.345405166347406,1,candidate_diagnostic_only
uniform_32MHz,strong_late,32,17,60,0.4,1.92,3,0,2,20270209,6.14838606926021,3.14838606954988,6.14838606926021,3.14838606926021,0.148386069549876,3.14838606926021,0,0.172546180207572,0.203543731386811,8.88466540599827,0.291433460313848,0.241147729952019,1,candidate_diagnostic_only
uniform_32MHz,strong_late,32,17,60,0.4,1.92,3,0,3,20270209,7.27559546100388,4.36100987925954,7.27559546100388,4.27559546100388,1.36100987925954,4.27559546100388,0,0.613691924146393,0.699954433414563,5.0766824007882,0.703182903624336,0.27164523447227,1,candidate_diagnostic_only
uniform_32MHz,strong_late,32,17,60,0.4,1.92,3,0,4,20270209,7.04526820595298,4.04526820610761,7.04526820595298,4.04526820595298,1.04526820610761,4.04526820595298,0,0.327146161507198,0.187484190002037,10.2022688493069,0.593696799716926,0.399471170590425,1,candidate_diagnostic_only
uniform_32MHz,strong_late,32,17,60,0.4,1.92,3,0,5,20270209,7.13352561376115,4.13352561386697,7.13352561376115,4.13352561376115,1.13352561386697,4.13352561376115,0,0.335338192975988,0.186203039862336,10.3141715871545,0.63681348456312,0.423265601386981,1,candidate_diagnostic_only
uniform_32MHz,strong_late,32,17,60,0.4,1.92,3,0,6,20270209,7.20961973851968,4.2101129047335,7.20961973851968,4.20961973851968,1.2101129047335,4.20961973851968,0,0.607984103911238,0.590089153640616,5.14354164582363,0.691443683835591,0.271056915313724,1,candidate_diagnostic_only
uniform_32MHz,strong_late,32,17,60,0.4,1.92,3,0,7,20270209,7.38492785391576,4.3849280403309,7.38492785391576,4.38492785391576,1.3849280403309,4.38492785391576,0,0.741164382286941,0.372135325136355,9.18422757667771,1.29299129869961,0.334672201496522,1,candidate_diagnostic_only
uniform_32MHz,strong_late,32,17,60,0.4,1.92,3,0,8,20270209,6.83593285653401,3.83594375059439,6.83593285653401,3.83593285653401,0.835943750594394,3.83593285653401,0,0.81846342100405,0.481616781507246,55.6442579714024,0.535548472532582,0.0972216375900714,1,candidate_diagnostic_only
uniform_32MHz,strong_late,32,17,60,0.4,1.92,3,0,9,20270209,6.28278018055873,3.28278018064949,6.28278018055873,3.28278018055873,0.282780180649486,3.28278018055873,0,0.246987597936615,0.20050916922314,8.78754427407641,0.339069000664142,0.255323162655337,1,candidate_diagnostic_only
uniform_32MHz,strong_late,32,17,60,0.4,1.92,3,0,10,20270209,7.73150642857563,4.73150652382051,7.73150642857563,4.73150642857563,1.73150652382051,4.73150642857563,0,0.484743850310624,0.315731241126454,10.4638455854098,0.886419240852583,0.456732965052282,1,candidate_diagnostic_only
uniform_32MHz,strong_late,32,17,60,0.4,1.92,3,0,11,20270209,8.30263923645185,11.2898093589991,8.30263923645185,5.30263923645185,8.2898093589991,5.30263923645185,0,0.178347480837039,0.121376996446896,49.3516427397873,0.951992462451738,0.782207004997621,1,candidate_diagnostic_only
uniform_32MHz,strong_late,32,17,60,0.4,1.92,3,0,12,20270209,6.37866621282354,3.37866621329913,6.37866621282354,3.37866621282354,0.378666213299129,3.37866621282354,0,0.266552791931644,0.243560894047836,7.50095990993453,0.384732805557918,0.28218120208876,1,candidate_diagnostic_only
uniform_32MHz,strong_late,32,17,60,0.4,1.92,3,0,13,20270209,8.36819365312829,11.3681576494003,8.36819365312829,5.36819365312829,8.36815764940028,5.36819365312829,0,0.146371132666733,0.204662919567071,20.6277607702165,0.951585897763014,0.812301192077752,1,candidate_diagnostic_only
uniform_32MHz,strong_late,32,17,60,0.4,1.92,3,0,14,20270209,8.02312549126214,7.23514845866785,8.02312549126214,5.02312549126214,4.23514845866785,5.02312549126214,0,0.50077411876671,0.699980074934195,33.8009944221563,1.03994825236461,0.519169082723743,1,candidate_diagnostic_only
uniform_32MHz,strong_late,32,17,60,0.4,1.92,3,0,15,20270209,6.54195109549817,3.54195114471237,6.54195109549817,3.54195109549817,0.541951144712366,3.54195109549817,0,0.369988059709562,0.317393387356371,11.1329946220935,0.413829227832367,0.260717354775563,1,candidate_diagnostic_only
uniform_32MHz,strong_late,32,17,60,0.4,1.92,3,0,16,20270209,6.34307493233807,3.34307494114282,6.34307493233807,3.34307493233807,0.343074941142818,3.34307493233807,0,0.220668591293355,0.240741713583344,7.34588494551547,0.367949910662999,0.286754922210479,1,candidate_diagnostic_only
uniform_32MHz,strong_late,32,17,60,0.4,1.92,3,0,17,20270209,7.1077807384525,4.12279852623004,7.1077807384525,4.1077807384525,1.12279852623004,4.1077807384525,0,0.416140140423633,0.27273467250407,12.6929734803828,0.602163951520867,0.351579360176924,1,candidate_diagnostic_only
uniform_32MHz,strong_late,32,17,60,0.4,1.92,3,0,18,20270209,7.20908713764435,4.2122937256983,7.20908713764435,4.20908713764435,1.2122937256983,4.20908713764435,0,0.702642752874495,0.377065828768909,56.3619507488818,0.601891092053616,0.178976678202427,1,candidate_diagnostic_only
uniform_32MHz,strong_late,32,17,60,0.4,1.92,3,0,19,20270209,5.84163872951471,2.841638877979,5.84163872951471,2.84163872951471,-0.158361122020999,2.84163872951471,0,0.0669394057558708,0.245109516737521,12.2016048739877,0.264467049078784,0.246763781971441,1,candidate_diagnostic_only
uniform_32MHz,strong_late,32,17,60,0.4,1.92,3,0,20,20270209,6.51046819670703,3.51046827716175,6.51046819670703,3.51046819670703,0.510468277161749,3.51046819670703,0,0.388040888611532,0.257410605307865,10.5676107180207,0.416744171952088,0.255030393144123,1,candidate_diagnostic_only
uniform_32MHz,strong_late,32,17,60,0.4,1.92,15,0,1,20270209,19.2275350238292,16.2275350240635,19.2275350238292,4.22753502382917,1.22753502406349,4.22753502382917,0,0.2502386213825,0.131256624993021,19.2505242801576,0.685204971305811,0.513740223921809,1,candidate_diagnostic_only
uniform_32MHz,strong_late,32,17,60,0.4,1.92,15,0,2,20270209,18.6683239261262,15.6683246147848,18.6683239261262,3.66832392612618,0.668324614784787,3.66832392612618,0,0.736925348845902,0.258492383425286,55.8223305141564,0.386593289868626,0.101702894870704,1,candidate_diagnostic_only
uniform_32MHz,strong_late,32,17,60,0.4,1.92,15,0,3,20270209,18.7813036892623,15.7813036916943,18.7813036892623,3.78130368926226,0.781303691694278,3.78130368926226,0,0.562890596602446,0.205083271637419,50.6995127670022,0.438488617123621,0.191667497827524,1,candidate_diagnostic_only
uniform_32MHz,strong_late,32,17,60,0.4,1.92,15,0,4,20270209,18.7490992029731,15.749101376845,18.7490992029731,3.74909920297308,0.749101376844983,3.74909920297308,0,0.523589853247586,0.201949668072457,50.1408050181149,0.472139610256537,0.224932101009945,1,candidate_diagnostic_only
uniform_32MHz,strong_late,32,17,60,0.4,1.92,15,0,5,20270209,19.3425612818716,16.3430013384598,19.3425612818716,4.34256128187159,1.34300133845984,4.34256128187159,0,0.567115394882885,0.179600219482757,20.0447033993245,1.26213168349296,0.546357375414651,1,candidate_diagnostic_only
uniform_32MHz,strong_late,32,17,60,0.4,1.92,15,0,6,20270209,19.0629457499122,16.0917997315347,19.0629457499122,4.06294574991219,1.09179973153466,4.06294574991219,0,0.538082931057995,0.655292999819155,5.00034224685593,0.638998319588357,0.29516423084312,1,candidate_diagnostic_only
uniform_32MHz,strong_late,32,17,60,0.4,1.92,15,0,7,20270209,18.9135333869904,15.92008164353,18.9135333869904,3.9135333869904,0.920081643530029,3.9135333869904,0,0.523236216214227,0.642553812107793,5.00006961204379,0.530252440737535,0.252805160007669,1,candidate_diagnostic_only
uniform_32MHz,strong_late,32,17,60,0.4,1.92,15,0,8,20270209,17.9000683045974,14.9000683048845,17.9000683045974,2.90006830459736,-0.0999316951154672,2.90006830459736,0,0.0795735015615805,0.170058067344764,8.38696362226594,0.272981426395084,0.251259338435552,1,candidate_diagnostic_only
uniform_32MHz,strong_late,32,17,60,0.4,1.92,15,0,9,20270209,19.8821213689477,22.8805824246613,19.8821213689477,4.88212136894775,7.88058242466127,4.88212136894775,0,0.114014021501997,0.222207021648026,89.7846162033689,1.12247944535582,0.994501049737474,1,candidate_diagnostic_only
uniform_32MHz,strong_late,32,17,60,0.4,1.92,15,0,10,20270209,20.0515194752316,23.051511001629,20.0515194752316,5.05151947523155,8.05151100162904,5.05151947523155,0,0.257256256901254,0.17328912378997,53.6127710659305,1.04762892327907,0.778119827854803,1,candidate_diagnostic_only
uniform_32MHz,strong_late,32,17,60,0.4,1.92,15,0,11,20270209,19.0606383942345,16.3072871871738,19.0606383942345,4.06063839423455,1.30728718717382,4.06063839423455,0,0.559417417742297,0.672180017133195,5.09107911551366,0.597256023964472,0.263140601307236,1,candidate_diagnostic_only
uniform_32MHz,strong_late,32,17,60,0.4,1.92,15,0,12,20270209,18.591598591334,15.5915986240721,18.591598591334,3.59159859133396,0.591598624072081,3.59159859133396,0,0.39730447911241,0.351384406093841,9.82061567500621,0.411448521620457,0.247978181056471,1,candidate_diagnostic_only
uniform_32MHz,strong_late,32,17,60,0.4,1.92,15,0,13,20270209,19.8611581788936,16.8756195429155,19.8611581788936,4.86115817889362,1.87561954291546,4.86115817889362,0,0.657774996926574,0.627329448520125,5.00007249929002,0.99392330168352,0.340145404973393,1,candidate_diagnostic_only
uniform_32MHz,strong_late,32,17,60,0.4,1.92,15,0,14,20270209,19.4469422849911,16.4469423678159,19.4469422849911,4.44694228499109,1.44694236781594,4.44694228499109,0,0.642922875115212,0.253371498993446,11.4568363405476,1.25412390229818,0.447818957281924,1,candidate_diagnostic_only
uniform_32MHz,strong_late,32,17,60,0.4,1.92,15,0,15,20270209,20.0372397991913,23.037202756213,20.0372397991913,5.03723979919126,8.03720275621304,5.03723979919126,0,0.260449688513308,0.17144162715977,53.4989103294782,1.0699440823581,0.791277479381276,1,candidate_diagnostic_only
uniform_32MHz,strong_late,32,17,60,0.4,1.92,15,0,16,20270209,20.1417786259165,23.1417786228882,20.1417786259165,5.14177862591654,8.14177862288822,5.14177862591654,0,0.261221157592823,0.17440264898163,53.8954789017514,1.0528993869165,0.7778597902374,1,candidate_diagnostic_only
uniform_32MHz,strong_late,32,17,60,0.4,1.92,15,0,17,20270209,19.4106843390263,16.4106844503288,19.4106843390263,4.41068433902628,1.41068445032884,4.41068433902628,0,0.579581612817834,0.191658921848755,13.3667404828029,1.23968871649881,0.521187930798358,1,candidate_diagnostic_only
uniform_32MHz,strong_late,32,17,60,0.4,1.92,15,0,18,20270209,19.1608122784698,16.1608122784851,19.1608122784698,4.16081227846982,1.16081227848507,4.16081227846982,0,0.324553681583896,0.222195577634182,7.70815806026279,0.627902815625998,0.424114645137686,1,candidate_diagnostic_only
uniform_32MHz,strong_late,32,17,60,0.4,1.92,15,0,19,20270209,19.2863580503965,16.2863580632288,19.2863580503965,4.28635805039648,1.28635806322885,4.28635805039648,0,0.422055992239018,0.267451117062871,11.0120791161419,0.685438370171486,0.396144998730064,1,candidate_diagnostic_only
uniform_32MHz,strong_late,32,17,60,0.4,1.92,15,0,20,20270209,21.4179881459378,24.4179863680022,21.4179881459378,6.4179881459378,9.41798636800224,6.4179881459378,0,0.359877211200256,0.33734760927826,66.5293300734002,0.716246185368868,0.458485505645498,1,candidate_diagnostic_only
uniform_32MHz,strong_late,32,17,60,0.4,1.92,3,15,1,20270209,7.27781296584678,4.27781296684378,7.27781296584678,4.27781296584678,1.27781296684378,4.27781296584678,0,0.403253221336384,0.273354048049289,14.9783829120379,0.69047382844417,0.412038032875593,1,candidate_diagnostic_only
uniform_32MHz,strong_late,32,17,60,0.4,1.92,3,15,2,20270209,7.50301986644203,4.50301993868286,7.50301986644203,4.50301986644203,1.50301993868286,4.50301986644203,0,0.343148429088741,0.245524970697094,8.38069958534903,0.788641134343337,0.518020167978658,1,candidate_diagnostic_only
uniform_32MHz,strong_late,32,17,60,0.4,1.92,3,15,3,20270209,7.20755759305284,4.23736534862057,7.20755759305284,4.20755759305284,1.23736534862057,4.20755759305284,0,0.544706078616489,0.301931918764326,59.1715974550871,0.658399684304207,0.299765374104528,1,candidate_diagnostic_only
uniform_32MHz,strong_late,32,17,60,0.4,1.92,3,15,4,20270209,7.5293911717108,4.52939117178193,7.5293911717108,4.5293911717108,1.52939117178193,4.5293911717108,0,0.315410218358949,0.212046384875248,9.57933801524125,0.810519788522003,0.554873565040029,1,candidate_diagnostic_only
uniform_32MHz,strong_late,32,17,60,0.4,1.92,3,15,5,20270209,7.24020027959397,4.27591486830648,7.24020027959397,4.24020027959397,1.27591486830648,4.24020027959397,0,0.513494672500626,0.290876612772938,59.3650340829448,0.672351514030948,0.327102593528326,1,candidate_diagnostic_only
uniform_32MHz,strong_late,32,17,60,0.4,1.92,3,15,6,20270209,7.39311848135439,4.39311848853934,7.39311848135439,4.39311848135439,1.39311848853934,4.39311848135439,0,0.326804964648908,0.212934732976447,9.59279065939469,0.734944156889618,0.494760757678385,1,candidate_diagnostic_only
uniform_32MHz,strong_late,32,17,60,0.4,1.92,3,15,7,20270209,7.41084496959759,4.41084496962192,7.41084496959759,4.41084496959759,1.41084496962192,4.41084496959759,0,0.322606895815716,0.212725175217799,9.61357642641925,0.75232912615368,0.509622562133491,1,candidate_diagnostic_only
uniform_32MHz,strong_late,32,17,60,0.4,1.92,3,15,8,20270209,7.21647452148284,4.21647452273036,7.21647452148284,4.21647452148284,1.21647452273036,4.21647452148284,0,0.329745257896849,0.217052868652874,9.30080478967189,0.660334223673906,0.442592144790438,1,candidate_diagnostic_only
uniform_32MHz,strong_late,32,17,60,0.4,1.92,3,15,9,20270209,7.24663415610161,4.24663415917115,7.24663415610161,4.24663415610161,1.24663415917115,4.24663415610161,0,0.311394770882204,0.198266840692247,9.78893977921014,0.680161020730021,0.46836243551679,1,candidate_diagnostic_only
uniform_32MHz,strong_late,32,17,60,0.4,1.92,3,15,10,20270209,7.46399250370609,4.46399259400077,7.46399250370609,4.46399250370609,1.46399259400077,4.46399250370609,0,0.326846332422708,0.222729883554833,8.8739877789498,0.759642514759224,0.511356144857809,1,candidate_diagnostic_only
uniform_32MHz,strong_late,32,17,60,0.4,1.92,3,15,11,20270209,7.45461420554965,4.45461421357632,7.45461420554965,4.45461420554965,1.45461421357632,4.45461420554965,0,0.320658890802986,0.224242904735453,8.90737857314261,0.773004417374908,0.525133678313661,1,candidate_diagnostic_only
uniform_32MHz,strong_late,32,17,60,0.4,1.92,3,15,12,20270209,7.33535711889053,4.34007475913182,7.33535711889053,4.33535711889053,1.34007475913182,4.33535711889053,0,0.550498736631954,0.505335165144083,6.16361391722444,0.71733315432403,0.322442159124438,1,candidate_diagnostic_only
uniform_32MHz,strong_late,32,17,60,0.4,1.92,3,15,13,20270209,7.48378776695542,4.48378777415179,7.48378776695542,4.48378776695542,1.48378777415179,4.48378776695542,0,0.34136757217494,0.247732417115307,8.35229899280696,0.785388026003982,0.517282022351734,1,candidate_diagnostic_only
uniform_32MHz,strong_late,32,17,60,0.4,1.92,3,15,14,20270209,7.29638225825659,4.29638248416583,7.29638225825659,4.29638225825659,1.29638248416583,4.29638225825659,0,0.410235411467726,0.273855229408528,15.1387017984223,0.692620123571444,0.408482822187286,1,candidate_diagnostic_only
uniform_32MHz,strong_late,32,17,60,0.4,1.92,3,15,15,20270209,7.30998061699937,4.32758477249141,7.30998061699937,4.30998061699937,1.32758477249141,4.30998061699937,0,0.414824998757909,0.274342806615123,13.3194299148127,0.705085276644685,0.412598277636334,1,candidate_diagnostic_only
uniform_32MHz,strong_late,32,17,60,0.4,1.92,3,15,16,20270209,7.43324072352024,4.43324072361309,7.43324072352024,4.43324072352024,1.43324072361309,4.43324072352024,0,0.315404980534789,0.212039458332794,9.13444469130465,0.760837171907154,0.520865338511634,1,candidate_diagnostic_only
uniform_32MHz,strong_late,32,17,60,0.4,1.92,3,15,17,20270209,7.5813061443785,4.58130614531353,7.5813061443785,4.5813061443785,1.58130614531353,4.5813061443785,0,0.631097552167409,0.252306567127179,14.7585297532966,1.38127481770277,0.509555661380067,1,candidate_diagnostic_only
uniform_32MHz,strong_late,32,17,60,0.4,1.92,3,15,18,20270209,7.58529491718692,4.74441691440285,7.58529491718692,4.58529491718692,1.74441691440285,4.58529491718692,0,0.7097549610399,0.435307742657434,7.95817093294294,1.38185999642399,0.401078008499485,1,candidate_diagnostic_only
uniform_32MHz,strong_late,32,17,60,0.4,1.92,3,15,19,20270209,7.25287376961808,4.25287376992876,7.25287376961808,4.25287376961808,1.25287376992876,4.25287376961808,0,0.313244605106501,0.199490633873069,9.7267767281506,0.676655485945686,0.464696805457482,1,candidate_diagnostic_only
uniform_32MHz,strong_late,32,17,60,0.4,1.92,3,15,20,20270209,7.23887011468959,4.23887011496466,7.23887011468959,4.23887011468959,1.23887011496466,4.23887011468959,0,0.330060355524257,0.215976694447083,9.33766614966197,0.668970066109153,0.44816956825408,1,candidate_diagnostic_only
uniform_32MHz,strong_late,32,17,60,0.4,1.92,15,15,1,20270209,19.4331263299939,16.4331263421104,19.4331263299939,4.43312632999391,1.43312634211043,4.43312632999391,0,0.304966649177311,0.167880071634274,15.0218236738117,0.755717020910791,0.525248533317367,1,candidate_diagnostic_only
uniform_32MHz,strong_late,32,17,60,0.4,1.92,15,15,2,20270209,19.2090090894124,16.2090315895691,19.2090090894124,4.20900908941244,1.20903158956908,4.20900908941244,0,0.613021149017464,0.338023081237072,57.4060230424998,0.658758882453635,0.254925755406447,1,candidate_diagnostic_only
uniform_32MHz,strong_late,32,17,60,0.4,1.92,15,15,3,20270209,19.1897865426541,16.1904503981464,19.1897865426541,4.18978654265405,1.19045039814639,4.18978654265405,0,0.375962571924127,0.229649707602868,12.3443680419272,0.648230326504438,0.404519985752612,1,candidate_diagnostic_only
uniform_32MHz,strong_late,32,17,60,0.4,1.92,15,15,4,20270209,19.5639946360958,16.5639946370302,19.5639946360958,4.56399463609579,1.56399463703019,4.56399463609579,0,0.612224990548891,0.236416039659597,15.8054437465402,1.37910522083411,0.534782540043023,1,candidate_diagnostic_only
uniform_32MHz,strong_late,32,17,60,0.4,1.92,15,15,5,20270209,19.247409758562,16.247409821816,19.247409758562,4.24740975856202,1.24740982181603,4.24740975856202,0,0.416416980081973,0.266892614015949,11.3971441467709,0.669572209543051,0.39075097209832,1,candidate_diagnostic_only
uniform_32MHz,strong_late,32,17,60,0.4,1.92,15,15,6,20270209,19.3842160737129,16.3842160807511,19.3842160737129,4.3842160737129,1.38421608075108,4.3842160737129,0,0.321361829521892,0.26494044333192,6.47185320465271,0.737407222738722,0.500432688536749,1,candidate_diagnostic_only
uniform_32MHz,strong_late,32,17,60,0.4,1.92,15,15,7,20270209,19.4716408139036,16.7673128112913,19.4716408139036,4.47164081390356,1.76731281129126,4.47164081390356,0,0.411861833600312,0.388463060760751,12.4231753163645,0.768737322498022,0.452123759296993,1,candidate_diagnostic_only
uniform_32MHz,strong_late,32,17,60,0.4,1.92,15,15,8,20270209,19.3421462788367,16.3421462791036,19.3421462788367,4.34214627883667,1.34214627910357,4.34214627883667,0,0.297803960490211,0.176901715656702,16.4150349884769,0.723606889746634,0.508113892142082,1,candidate_diagnostic_only
uniform_32MHz,strong_late,32,17,60,0.4,1.92,15,15,9,20270209,19.5641731776171,16.5641741889277,19.5641731776171,4.56417317761712,1.56417418892774,4.56417317761712,0,0.353553635212572,0.234692639096098,15.7113640026579,0.81286844940828,0.525475854170376,1,candidate_diagnostic_only
uniform_32MHz,strong_late,32,17,60,0.4,1.92,15,15,10,20270209,19.4597135621775,16.4597135653042,19.4597135621775,4.45971356217749,1.4597135653042,4.45971356217749,0,0.365875271427663,0.220509535099939,12.6555370320798,0.769921009255394,0.488225951016216,1,candidate_diagnostic_only
uniform_32MHz,strong_late,32,17,60,0.4,1.92,15,15,11,20270209,19.3111825516105,16.3111827285082,19.3111825516105,4.31118255161046,1.31118272850815,4.31118255161046,0,0.403055740350562,0.257363021574223,11.8101326354646,0.70633880652542,0.421644895922984,1,candidate_diagnostic_only
uniform_32MHz,strong_late,32,17,60,0.4,1.92,15,15,12,20270209,19.2864397505478,16.2864401557236,19.2864397505478,4.28643975054778,1.2864401557236,4.28643975054778,0,0.417510982308351,0.268823996374562,11.4436576106838,0.691634146762889,0.402869294749917,1,candidate_diagnostic_only
uniform_32MHz,strong_late,32,17,60,0.4,1.92,15,15,13,20270209,19.431583529388,16.4315835318907,19.431583529388,4.43158352938804,1.43158353189074,4.43158352938804,0,0.303082023618888,0.16787936001831,15.0277064635684,0.759096950028096,0.529028310290655,1,candidate_diagnostic_only
uniform_32MHz,strong_late,32,17,60,0.4,1.92,15,15,14,20270209,19.3861470748693,16.3861471089202,19.3861470748693,4.38614707486931,1.3861471089202,4.38614707486931,0,0.326312464282592,0.2648675372599,6.48104701601235,0.730553513471958,0.492164796200618,1,candidate_diagnostic_only
uniform_32MHz,strong_late,32,17,60,0.4,1.92,15,15,15,20270209,19.2079076030238,16.207907693813,19.2079076030238,4.20790760302383,1.20790769381298,4.20790760302383,0,0.411884618013598,0.261579833568443,11.6051099099774,0.66183647991585,0.389236214198246,1,candidate_diagnostic_only
uniform_32MHz,strong_late,32,17,60,0.4,1.92,15,15,16,20270209,19.2664645928021,16.2664646510634,19.2664645928021,4.26646459280206,1.26646465106342,4.26646459280206,0,0.411027822377506,0.266585899475871,11.4656330845234,0.69107184632426,0.407022090223196,1,candidate_diagnostic_only
uniform_32MHz,strong_late,32,17,60,0.4,1.92,15,15,17,20270209,19.5055697520801,16.5055697529741,19.5055697520801,4.50556975208008,1.50556975297407,4.50556975208008,0,0.336766920914189,0.216029523299141,15.8340476172651,0.786916769110388,0.521909231761341,1,candidate_diagnostic_only
uniform_32MHz,strong_late,32,17,60,0.4,1.92,15,15,18,20270209,19.3362336195321,16.3362336209354,19.3362336195321,4.33623361953214,1.33623362093536,4.33623361953214,0,0.316404545418126,0.249763321356885,6.5975543682884,0.712843514069086,0.487296586045797,1,candidate_diagnostic_only
uniform_32MHz,strong_late,32,17,60,0.4,1.92,15,15,19,20270209,19.2732224214011,16.2732224217851,19.2732224214011,4.2732224214011,1.27322242178508,4.2732224214011,0,0.418619478427972,0.2687320338667,11.4800646787976,0.697172574316015,0.405322554881558,1,candidate_diagnostic_only
uniform_32MHz,strong_late,32,17,60,0.4,1.92,15,15,20,20270209,19.3050136572264,16.3050136655278,19.3050136572264,4.30501365722643,1.30501366552783,4.30501365722643,0,0.404101762121068,0.256651110046711,11.8421795689758,0.700897563819959,0.41766362321395,1,candidate_diagnostic_only
uniform_32MHz,strong_late,32,17,60,0.4,1.92,3,30,1,20270209,7.4706152536757,4.47061526923531,7.4706152536757,4.4706152536757,1.47061526923531,4.4706152536757,0,0.320066395108279,0.224069818813391,8.78492427520995,0.768886391290416,0.522791695782279,1,candidate_diagnostic_only
uniform_32MHz,strong_late,32,17,60,0.4,1.92,3,30,2,20270209,7.41309145661626,4.41309148852942,7.41309145661626,4.41309145661626,1.41309148852942,4.41309145661626,0,0.317423024721257,0.212233040319155,9.61710361914109,0.747646497815499,0.510326285056648,1,candidate_diagnostic_only
uniform_32MHz,strong_late,32,17,60,0.4,1.92,3,30,3,20270209,7.42391668406239,4.42391669145645,7.42391668406239,4.42391668406239,1.42391669145645,4.42391668406239,0,0.315635284242387,0.213529120028873,9.19104798067902,0.742821008484749,0.508360488330448,1,candidate_diagnostic_only
uniform_32MHz,strong_late,32,17,60,0.4,1.92,3,30,4,20270209,7.44591068636168,4.44591068675156,7.44591068636168,4.44591068636168,1.44591068675156,4.44591068636168,0,0.321033770619951,0.225327027174102,8.83187178431736,0.763138234899301,0.518145089845325,1,candidate_diagnostic_only
uniform_32MHz,strong_late,32,17,60,0.4,1.92,3,30,5,20270209,7.36882409920532,4.36882410707912,7.36882409920532,4.36882409920532,1.36882410707912,4.36882409920532,0,0.45434633395463,0.327487391699856,15.3632256753566,0.722613280844409,0.394296585825824,1,candidate_diagnostic_only
uniform_32MHz,strong_late,32,17,60,0.4,1.92,3,30,6,20270209,7.41475296308388,4.41475296314154,7.41475296308388,4.41475296308388,1.41475296314154,4.41475296308388,0,0.318936955389105,0.212099602700318,9.63285325555897,0.745730873029977,0.507889738846137,1,candidate_diagnostic_only
uniform_32MHz,strong_late,32,17,60,0.4,1.92,3,30,7,20270209,7.4095602987531,4.40956029972213,7.4095602987531,4.4095602987531,1.40956029972213,4.4095602987531,0,0.322098642893993,0.212198630645098,9.62516429392793,0.73239481845862,0.496491441370506,1,candidate_diagnostic_only
uniform_32MHz,strong_late,32,17,60,0.4,1.92,3,30,8,20270209,7.38008762934854,4.38009415022084,7.38008762934854,4.38008762934854,1.38009415022084,4.38008762934854,0,0.456273830209062,0.330943093421879,15.3299517234671,0.728738446858376,0.396234164489701,1,candidate_diagnostic_only
uniform_32MHz,strong_late,32,17,60,0.4,1.92,3,30,9,20270209,7.41935090625913,4.41935871031107,7.41935090625913,4.41935090625913,1.41935871031107,4.41935090625913,0,0.319268173239732,0.211907418207392,9.68875994545104,0.744131293658687,0.50655385488176,1,candidate_diagnostic_only
uniform_32MHz,strong_late,32,17,60,0.4,1.92,3,30,10,20270209,7.43509469171729,4.43509469416893,7.43509469171729,4.43509469171729,1.43509469416893,4.43509469171729,0,0.314058987176903,0.211605846388009,9.16210071650627,0.749185482251383,0.513897048487874,1,candidate_diagnostic_only
uniform_32MHz,strong_late,32,17,60,0.4,1.92,3,30,11,20270209,7.42850188900784,4.42850188908587,7.42850188900784,4.42850188900784,1.42850188908587,4.42850188900784,0,0.315868326132568,0.212275653172362,9.12776209527826,0.74506559962182,0.509722975810318,1,candidate_diagnostic_only
uniform_32MHz,strong_late,32,17,60,0.4,1.92,3,30,12,20270209,7.42780426670199,4.5840982924776,7.42780426670199,4.42780426670199,1.5840982924776,4.42780426670199,0,0.561894228587714,0.559427525730019,6.049798775897,0.748314195810673,0.327840768014399,1,candidate_diagnostic_only
uniform_32MHz,strong_late,32,17,60,0.4,1.92,3,30,13,20270209,7.41012471826052,4.41012471835841,7.41012471826052,4.41012471826052,1.41012471835841,4.41012471826052,0,0.319590628035822,0.212042735410608,9.62044633206101,0.737973667221142,0.502124199440039,1,candidate_diagnostic_only
uniform_32MHz,strong_late,32,17,60,0.4,1.92,3,30,14,20270209,7.40114478786678,4.40114478788693,7.40114478786678,4.40114478786678,1.40114478788693,4.40114478786678,0,0.318956478693183,0.212253670722335,9.61082322847172,0.736124783958441,0.501333014988277,1,candidate_diagnostic_only
uniform_32MHz,strong_late,32,17,60,0.4,1.92,3,30,15,20270209,7.43427035160617,4.43474445767387,7.43427035160617,4.43427035160617,1.43474445767387,4.43427035160617,0,0.309917952405172,0.208988948686507,9.39907206849038,0.751773317757544,0.518785270445283,1,candidate_diagnostic_only
uniform_32MHz,strong_late,32,17,60,0.4,1.92,3,30,16,20270209,7.40070213089279,4.40070213091626,7.40070213089279,4.40070213089279,1.40070213091626,4.40070213089279,0,0.319953631991691,0.212201263453739,9.62505344941217,0.73559712622302,0.500240154005315,1,candidate_diagnostic_only
uniform_32MHz,strong_late,32,17,60,0.4,1.92,3,30,17,20270209,7.42499038497281,4.42499038506246,7.42499038497281,4.42499038497281,1.42499038506246,4.42499038497281,0,0.315507805673505,0.213251343635187,9.20676109230116,0.745920038422163,0.51057644389169,1,candidate_diagnostic_only
uniform_32MHz,strong_late,32,17,60,0.4,1.92,3,30,18,20270209,7.42046083674645,4.42046086004599,7.42046083674645,4.42046083674645,1.42046086004599,4.42046083674645,0,0.314020278401392,0.213152222807192,9.21362288780535,0.748847743158112,0.513694366371347,1,candidate_diagnostic_only
uniform_32MHz,strong_late,32,17,60,0.4,1.92,3,30,19,20270209,7.41864854535222,4.41864854649758,7.41864854535222,4.41864854535222,1.41864854649758,4.41864854535222,0,0.319537774481982,0.212036890765246,9.63314952972843,0.747131356622443,0.508394665681603,1,candidate_diagnostic_only
uniform_32MHz,strong_late,32,17,60,0.4,1.92,3,30,20,20270209,7.42582437496327,4.42582437667074,7.42582437496327,4.42582437496327,1.42582437667074,4.42582437496327,0,0.316866173612579,0.212886283801562,9.2451347114772,0.748138010674009,0.511078381897609,1,candidate_diagnostic_only
uniform_32MHz,strong_late,32,17,60,0.4,1.92,15,30,1,20270209,19.4465200033097,16.4465202917849,19.4465200033097,4.44652000330972,1.44652029178494,4.44652000330972,0,0.366895133932807,0.220447490513655,12.8010094889985,0.755469318339084,0.478291301604939,1,candidate_diagnostic_only
uniform_32MHz,strong_late,32,17,60,0.4,1.92,15,30,2,20270209,19.4226868706397,16.4226868811424,19.4226868706397,4.42268687063973,1.42268688114243,4.42268687063973,0,0.32233635359176,0.267042129667748,6.45345934920254,0.739621686793843,0.501214729235329,1,candidate_diagnostic_only
uniform_32MHz,strong_late,32,17,60,0.4,1.92,15,30,3,20270209,19.4420720611401,16.4420722158082,19.4420720611401,4.44207206114015,1.44207221580819,4.44207206114015,0,0.324045639206096,0.271753224876672,6.39566769906246,0.755190695243168,0.510474443680599,1,candidate_diagnostic_only
uniform_32MHz,strong_late,32,17,60,0.4,1.92,15,30,4,20270209,19.4255744262033,16.4275115628918,19.4255744262033,4.42557442620326,1.42751156289179,4.42557442620326,0,0.330940386590608,0.27688703051644,6.5584973536181,0.748198201001419,0.500589199115612,1,candidate_diagnostic_only
uniform_32MHz,strong_late,32,17,60,0.4,1.92,15,30,5,20270209,19.4097599147747,16.4098095809506,19.4097599147747,4.40975991477472,1.40980958095062,4.40975991477472,0,0.343227090841119,0.2935509864067,6.31007337945652,0.73923714536104,0.485510930517077,1,candidate_diagnostic_only
uniform_32MHz,strong_late,32,17,60,0.4,1.92,15,30,6,20270209,19.3924290485212,16.3924290585238,19.3924290485212,4.39242904852117,1.39242905852377,4.39242904852117,0,0.321048272659279,0.264894253381411,6.47727705104967,0.732578211446153,0.497385242073542,1,candidate_diagnostic_only
uniform_32MHz,strong_late,32,17,60,0.4,1.92,15,30,7,20270209,19.4146432423125,16.4146434916052,19.4146432423125,4.41464324231249,1.41464349160522,4.41464324231249,0,0.366126788925008,0.318129512451128,6.29701974733892,0.746381174363499,0.473111031679714,1,candidate_diagnostic_only
uniform_32MHz,strong_late,32,17,60,0.4,1.92,15,30,8,20270209,19.4469116246145,16.4469116282873,19.4469116246145,4.44691162461451,1.44691162828732,4.44691162461451,0,0.367472664311061,0.220511876764155,12.7909731290057,0.754515597858642,0.477251740849274,1,candidate_diagnostic_only
uniform_32MHz,strong_late,32,17,60,0.4,1.92,15,30,9,20270209,19.4457698109288,16.4457700736228,19.4457698109288,4.44576981092881,1.44577007362276,4.44576981092881,0,0.366301566909749,0.221217989711382,12.7558604996079,0.756459927083554,0.479367470488413,1,candidate_diagnostic_only
uniform_32MHz,strong_late,32,17,60,0.4,1.92,15,30,10,20270209,19.4252427496319,16.4286962778187,19.4252427496319,4.42524274963188,1.42869627781869,4.42524274963188,0,0.34065847140952,0.2849904510058,6.48373422345358,0.744010155844381,0.490556793441276,1,candidate_diagnostic_only
uniform_32MHz,strong_late,32,17,60,0.4,1.92,15,30,11,20270209,19.4026507097613,16.4026508785369,19.4026507097613,4.40265070976129,1.40265087853693,4.40265070976129,0,0.317171175262245,0.266519622260619,6.41387841159457,0.739915574187461,0.505235681927585,1,candidate_diagnostic_only
uniform_32MHz,strong_late,32,17,60,0.4,1.92,15,30,12,20270209,19.4055386389086,16.405539161009,19.4055386389086,4.40553863890858,1.405539161009,4.40553863890858,0,0.317214711623576,0.262478081726666,6.46416783131137,0.741578215116372,0.506338695461906,1,candidate_diagnostic_only
uniform_32MHz,strong_late,32,17,60,0.4,1.92,15,30,13,20270209,19.4391592823929,16.439159285072,19.4391592823929,4.43915928239291,1.43915928507196,4.43915928239291,0,0.300805658303586,0.166980734252203,15.2115563140656,0.752193962355963,0.525929762337495,1,candidate_diagnostic_only
uniform_32MHz,strong_late,32,17,60,0.4,1.92,15,30,14,20270209,19.4247062252778,16.4247082200206,19.4247062252778,4.42470622527782,1.42470822002065,4.42470622527782,0,0.353433842456836,0.302028505636912,6.37975076744315,0.743481764592401,0.48071014773592,1,candidate_diagnostic_only
uniform_32MHz,strong_late,32,17,60,0.4,1.92,15,30,15,20270209,19.40143012139,16.4014301318001,19.40143012139,4.40143012138999,1.40143013180008,4.40143012138999,0,0.324790306693472,0.269885363005025,6.40161704802958,0.729774978946509,0.49275113971725,1,candidate_diagnostic_only
uniform_32MHz,strong_late,32,17,60,0.4,1.92,15,30,16,20270209,19.4384251900021,16.438425226802,19.4384251900021,4.43842519000207,1.43842522680196,4.43842519000207,0,0.297552594422857,0.167041834857414,15.1137052280195,0.750007045124733,0.526840503012448,1,candidate_diagnostic_only
uniform_32MHz,strong_late,32,17,60,0.4,1.92,15,30,17,20270209,19.4439478045953,16.4439478050337,19.4439478045953,4.44394780459528,1.44394780503369,4.44394780459528,0,0.300321810072492,0.167003942665887,15.2106570792682,0.756266804843061,0.529143389114853,1,candidate_diagnostic_only
uniform_32MHz,strong_late,32,17,60,0.4,1.92,15,30,18,20270209,19.4073368837477,16.4073412352203,19.4073368837477,4.40733688374771,1.40734123522028,4.40733688374771,0,0.321685809379539,0.267465743386505,6.45521848571861,0.74522556936885,0.505497078916104,1,candidate_diagnostic_only
uniform_32MHz,strong_late,32,17,60,0.4,1.92,15,30,19,20270209,19.4012962150316,16.454873374544,19.4012962150316,4.40129621503161,1.45487337454397,4.40129621503161,0,0.344875541300586,0.345863507853148,5.45222192615976,0.733417089196019,0.480479473560442,1,candidate_diagnostic_only
uniform_32MHz,strong_late,32,17,60,0.4,1.92,15,30,20,20270209,19.3983626733412,16.3983627265722,19.3983626733412,4.39836267334123,1.39836272657217,4.39836267334123,0,0.323612520667007,0.26769443322423,6.4489966741917,0.735116245174899,0.497223424090585,1,candidate_diagnostic_only
uniform_64MHz,LOS,64,17,0,0,0,3,0,1,20270209,3.0251847982463,3.03428411995772,3.0251847982463,0.0251847982462983,0.034284119957718,0.0251847982462983,0,0.19334388012561,0.0104304824805032,48.1223140791876,0.00371695637920544,0.00299830561059222,0,weak_or_boundary_solution
uniform_64MHz,LOS,64,17,0,0,0,3,0,2,20270209,3.04518820978649,3.05383734817064,3.04518820978649,0.0451882097864886,0.0538373481706396,0.0451882097864886,0,0.486733693934325,0.0269895201434472,74.9961234002759,0.0029526049529498,0.00151547263747176,1,candidate_diagnostic_only
uniform_64MHz,LOS,64,17,0,0,0,3,0,3,20270209,2.9981334787161,2.9969214767348,2.9981334787161,-0.00186652128389841,-0.00307852326519598,-0.00186652128389841,0,0.507391138004047,0.024712572677365,93.1478443556013,0.00224274032846195,0.00110479376095607,1,candidate_diagnostic_only
uniform_64MHz,LOS,64,17,0,0,0,3,0,4,20270209,3.05583628460905,3.06480633448864,3.05583628460905,0.0558362846090468,0.064806334488638,0.0558362846090468,0,0.21533480082253,0.0183834124817062,43.7965941799357,0.00299668965521871,0.00235139808518525,0,weak_or_boundary_solution
uniform_64MHz,LOS,64,17,0,0,0,3,0,5,20270209,3.02608970716572,3.02891621515549,3.02608970716572,0.0260897071657187,0.0289162151554918,0.0260897071657187,0,0.134457332230339,0.0167049165057429,57.1620372068673,0.0036732511134816,0.00317935556815074,0,weak_or_boundary_solution
uniform_64MHz,LOS,64,17,0,0,0,3,0,6,20270209,3.01642368470981,3.01806451246397,3.01642368470981,0.0164236847098134,0.0180645124639698,0.0164236847098134,0,0.421837144531024,0.0252906152279938,91.5984889490189,0.00325098312285665,0.00187959768539225,1,candidate_diagnostic_only
uniform_64MHz,LOS,64,17,0,0,0,3,0,7,20270209,3.02469859849253,3.02689833719112,3.02469859849253,0.0246985984925336,0.0268983371911178,0.0246985984925336,0,0.354818785615649,0.0178170082911516,78.3774344945362,0.00177369343619715,0.00114435368511123,0,weak_or_boundary_solution
uniform_64MHz,LOS,64,17,0,0,0,3,0,8,20270209,3.02713597918018,3.02974368803315,3.02713597918018,0.0271359791801813,0.0297436880331494,0.0271359791801813,0,0.142775688928387,0.0178050239431531,77.1472814167872,0.00452822107875139,0.00388170119461262,0,weak_or_boundary_solution
uniform_64MHz,LOS,64,17,0,0,0,3,0,9,20270209,3.04840277756932,3.04585669279685,3.04840277756932,0.0484027775693185,0.0458566927968453,0.0484027775693185,0,0.325401187386879,0.0205924737977332,84.3170049964982,0.00260513021466413,0.00175741774951499,1,candidate_diagnostic_only
uniform_64MHz,LOS,64,17,0,0,0,3,0,10,20270209,3.02661135985889,3.0247271040123,3.02661135985889,0.0266113598588928,0.0247271040122996,0.0266113598588928,0,0.391087241541341,0.0249578140869731,82.7396926360188,0.00305897875662153,0.00186265119276086,1,candidate_diagnostic_only
uniform_64MHz,LOS,64,17,0,0,0,3,0,11,20270209,3.08921815391861,3.09295260520054,3.08921815391861,0.0892181539186088,0.0929526052005407,0.0892181539186088,0,0.390122600987935,0.0254338354702272,64.4711145383789,0.00333594494567913,0.00203451742671823,1,candidate_diagnostic_only
uniform_64MHz,LOS,64,17,0,0,0,3,0,12,20270209,2.98655300691482,2.98755872872571,2.98655300691482,-0.0134469930851844,-0.0124412712742927,-0.0134469930851844,0,0.199109661980698,0.0180420651712233,96.8160988463684,0.00318610254150475,0.0025517187414299,0,weak_or_boundary_solution
uniform_64MHz,LOS,64,17,0,0,0,3,0,13,20270209,2.97125634425491,2.95316961634184,2.97125634425491,-0.0287436557450893,-0.0468303836581647,-0.0287436557450893,0,0.0728997697192238,0.0135768796257228,34.8149703316955,0.00431231779075403,0.00399795081685195,0,weak_or_boundary_solution
uniform_64MHz,LOS,64,17,0,0,0,3,0,14,20270209,3.00308287573083,3.00464292531114,3.00308287573083,0.00308287573083144,0.00464292531114463,0.00308287573083144,0,0.839567274681528,0.0405971637507194,85.0162773095565,0.00366934416604026,0.000588682884689273,1,candidate_diagnostic_only
uniform_64MHz,LOS,64,17,0,0,0,3,0,15,20270209,2.94856352786607,2.94401917455147,2.94856352786607,-0.0514364721339282,-0.0559808254485272,-0.0514364721339282,0,0.366800291333344,0.0243916232419138,86.405176254572,0.00310258707254341,0.00196455723044742,1,candidate_diagnostic_only
uniform_64MHz,LOS,64,17,0,0,0,3,0,16,20270209,3.00791580988201,3.01480549969664,3.00791580988201,0.00791580988200646,0.0148054996966405,0.00791580988200646,0,0.43415189192754,0.0228255382722057,73.1106235891521,0.00247353458540345,0.00139964486540234,1,candidate_diagnostic_only
uniform_64MHz,LOS,64,17,0,0,0,3,0,17,20270209,2.99831339542413,3.00552705637218,2.99831339542413,-0.00168660457586967,0.00552705637217787,-0.00168660457586967,0,0.128311590133585,0.0161066332776019,60.0574786025534,0.00382315328395877,0.00333259840676958,0,weak_or_boundary_solution
uniform_64MHz,LOS,64,17,0,0,0,3,0,18,20270209,2.98180734252308,2.98339150357143,2.98180734252308,-0.0181926574769213,-0.0166084964285655,-0.0181926574769213,0,0.147844587455475,0.0163431369143718,35.5757032753946,0.00337131548292624,0.00287288473617076,0,weak_or_boundary_solution
uniform_64MHz,LOS,64,17,0,0,0,3,0,19,20270209,3.00480198440486,3.00289087907932,3.00480198440486,0.00480198440486301,0.00289087907931584,0.00480198440486301,0,0.395970866559399,0.0253956557169911,53.9576966571688,0.00300942505311785,0.00181778040698921,1,candidate_diagnostic_only
uniform_64MHz,LOS,64,17,0,0,0,3,0,20,20270209,3.02124771330376,3.02090961780779,3.02124771330376,0.0212477133037559,0.0209096178077948,0.0212477133037559,0,0.265436595544519,0.0234202923368957,65.4486661688774,0.00393416661610746,0.00288989482322299,1,candidate_diagnostic_only
uniform_64MHz,LOS,64,17,0,0,0,15,0,1,20270209,14.9805030325775,14.9754133764859,14.9805030325775,-0.0194969674224748,-0.0245866235140788,-0.0194969674224748,0,0.260370075321752,0.0244197527288606,89.5156063785568,0.00437032048675512,0.00323241981243849,1,candidate_diagnostic_only
uniform_64MHz,LOS,64,17,0,0,0,15,0,2,20270209,15.0741345765421,15.0756310875552,15.0741345765421,0.0741345765420824,0.0756310875552373,0.0741345765420824,0,0.250884490335006,0.025245481713704,98.419997104686,0.00470018242744308,0.00352097955465247,1,candidate_diagnostic_only
uniform_64MHz,LOS,64,17,0,0,0,15,0,3,20270209,15.0260487462562,15.0226294993946,15.0260487462562,0.0260487462562384,0.0226294993945793,0.0260487462562384,0,0.382698434824417,0.0331275575020929,81.8591595445328,0.0053102571011614,0.00327803002003169,1,candidate_diagnostic_only
uniform_64MHz,LOS,64,17,0,0,0,15,0,4,20270209,14.9880352036666,14.9837094270498,14.9880352036666,-0.0119647963333964,-0.016290572950151,-0.0119647963333964,0,0.314138136050972,0.0220646594731987,90.4509776756877,0.00281634150657495,0.00193162123521651,1,candidate_diagnostic_only
uniform_64MHz,LOS,64,17,0,0,0,15,0,5,20270209,15.0784122078058,15.0846049748169,15.0784122078058,0.0784122078057585,0.084604974816914,0.0784122078057585,0,0.388081702784474,0.0290677258412508,70.6928718589139,0.00444776083435428,0.00272166623617998,1,candidate_diagnostic_only
uniform_64MHz,LOS,64,17,0,0,0,15,0,6,20270209,14.9946146736478,14.9979826121319,14.9946146736478,-0.00538532635215105,-0.00201738786811134,-0.00538532635215105,0,0.165719815502769,0.0153303868002506,48.2424459698774,0.00273226519628555,0.00227947471205248,0,weak_or_boundary_solution
uniform_64MHz,LOS,64,17,0,0,0,15,0,7,20270209,15.017071385349,15.0178534101246,15.017071385349,0.0170713853489968,0.0178534101245909,0.0170713853489968,0,0.150911228491495,0.014264484596609,99.8857770123949,0.00475031754361122,0.00403344128738015,0,weak_or_boundary_solution
uniform_64MHz,LOS,64,17,0,0,0,15,0,8,20270209,15.0271127773323,15.0282304837722,15.0271127773323,0.0271127773323254,0.028230483772191,0.0271127773323254,0,0.196308735051608,0.0253034994604821,37.8720651190607,0.00623845656645661,0.00501379304922112,1,candidate_diagnostic_only
uniform_64MHz,LOS,64,17,0,0,0,15,0,9,20270209,14.950798141681,14.9524370468637,14.950798141681,-0.0492018583189999,-0.0475629531362642,-0.0492018583189999,0,0.206553131238934,0.0163810814311117,20.512922068595,0.00256092604224256,0.00203195874934603,0,weak_or_boundary_solution
uniform_64MHz,LOS,64,17,0,0,0,15,0,10,20270209,15.0200427443693,15.0327582429874,15.0200427443693,0.0200427443693023,0.032758242987434,0.0200427443693023,0,0.360163103403742,0.0251030975008904,31.1652455957791,0.00305050374163618,0.00195182484710377,1,candidate_diagnostic_only
uniform_64MHz,LOS,64,17,0,0,0,15,0,11,20270209,15.0336017088472,15.0333324571247,15.0336017088472,0.0336017088472058,0.0333324571246667,0.0336017088472058,0,0.454044581860135,0.0301874228337871,50.7429256863108,0.00372529857366199,0.00203384694047948,1,candidate_diagnostic_only
uniform_64MHz,LOS,64,17,0,0,0,15,0,12,20270209,15.0049950871406,15.011539570909,15.0049950871406,0.0049950871405553,0.0115395709089832,0.0049950871405553,0,0.3970922024193,0.0349570362636713,63.7083388270715,0.00622072036153809,0.00375052081254035,1,candidate_diagnostic_only
uniform_64MHz,LOS,64,17,0,0,0,15,0,13,20270209,15.0083388732713,15.0088679159937,15.0083388732713,0.00833887327130078,0.0088679159937044,0.00833887327130078,0,0.231265789978111,0.0170395824016045,49.6533417240068,0.0024288178586449,0.00186711537785245,0,weak_or_boundary_solution
uniform_64MHz,LOS,64,17,0,0,0,15,0,14,20270209,15.0737995001884,15.075979250369,15.0737995001884,0.0737995001883753,0.07597925036902,0.0737995001883753,0,0.474929450017389,0.0348395422909292,97.6216068763045,0.00478281189166307,0.0025113136704189,1,candidate_diagnostic_only
uniform_64MHz,LOS,64,17,0,0,0,15,0,15,20270209,14.9829234292589,14.9844282393791,14.9829234292589,-0.0170765707410911,-0.0155717606208725,-0.0170765707410911,0,0.0325273832656232,0.00763954859648063,41.0879797274647,0.00358016363678981,0.0034637102820223,0,weak_or_boundary_solution
uniform_64MHz,LOS,64,17,0,0,0,15,0,16,20270209,15.0154215893352,15.0130428364509,15.0154215893352,0.0154215893351886,0.0130428364509303,0.0154215893351886,0,0.151886934537497,0.0155036412849362,34.1008653310714,0.00308230418662814,0.0026141424524091,0,weak_or_boundary_solution
uniform_64MHz,LOS,64,17,0,0,0,15,0,17,20270209,14.980862437378,14.9794470172027,14.980862437378,-0.0191375626220367,-0.0205529827973123,-0.0191375626220367,0,0.138796684456572,0.0176925215774851,46.2032206223535,0.00448388238061659,0.00386153437269376,0,weak_or_boundary_solution
uniform_64MHz,LOS,64,17,0,0,0,15,0,18,20270209,15.0244087944742,15.021289670203,15.0244087944742,0.0244087944741569,0.0212896702029575,0.0244087944741569,0,0.210894297636651,0.0210398938954228,56.230962315515,0.00371969104501524,0.00293522941465141,1,candidate_diagnostic_only
uniform_64MHz,LOS,64,17,0,0,0,15,0,19,20270209,15.0103808654361,14.9999271724332,15.0103808654361,0.0103808654360655,-7.28275667576384e-05,0.0103808654360655,0,0.612843530970996,0.036946400329848,41.7046684912732,0.00416423046958347,0.00161220876482693,1,candidate_diagnostic_only
uniform_64MHz,LOS,64,17,0,0,0,15,0,20,20270209,15.0296702022027,15.0289041003104,15.0296702022027,0.0296702022027393,0.0289041003104451,0.0296702022027393,0,0.055937651034834,0.0111744251938608,90.4467306433118,0.0040384471063033,0.00381254586134827,0,weak_or_boundary_solution
uniform_64MHz,LOS,64,17,0,0,0,3,15,1,20270209,3.00397788911346,3.00628108473902,3.00397788911346,0.0039778891134552,0.00628108473901534,0.0039778891134552,0,0.532078351302961,0.00890490917961458,19.3409102714355,0.00028055172735808,0.000131276226810195,0,weak_or_boundary_solution
uniform_64MHz,LOS,64,17,0,0,0,3,15,2,20270209,2.99318880859889,2.99299931128317,2.99318880859889,-0.00681119140110598,-0.00700068871683346,-0.00681119140110598,0,0.278775869076248,0.00568488220680939,41.8489609497889,0.000218370538191737,0.000157494101626687,0,weak_or_boundary_solution
uniform_64MHz,LOS,64,17,0,0,0,3,15,3,20270209,2.98557210052699,2.98279386847597,2.98557210052699,-0.0144278994730147,-0.0172061315240324,-0.0144278994730147,0,0.449355790687559,0.00567757924802727,31.5671631657857,0.000129274962934911,7.11845097491892e-05,0,weak_or_boundary_solution
uniform_64MHz,LOS,64,17,0,0,0,3,15,4,20270209,3.00239902629753,3.00286537497563,3.00239902629753,0.00239902629753264,0.00286537497563222,0.00239902629753264,0,0.326862505289428,0.005251523441164,34.9639594908022,0.000162705019289389,0.000109522849061294,0,weak_or_boundary_solution
uniform_64MHz,LOS,64,17,0,0,0,3,15,5,20270209,3.00082845283572,3.00126670885875,3.00082845283572,0.000828452835721194,0.00126670885874525,0.000828452835721194,0,0.0962394931878208,0.00184928393181001,23.5537863681305,0.000158132975530911,0.000142914338109534,0,weak_or_boundary_solution
uniform_64MHz,LOS,64,17,0,0,0,3,15,6,20270209,3.00238066365752,3.00266739228286,3.00238066365752,0.00238066365751699,0.00266739228286461,0.00238066365751699,0,0.167773638090745,0.00356471637036879,50.8146671527603,0.000152289920553716,0.000126739686537869,0,weak_or_boundary_solution
uniform_64MHz,LOS,64,17,0,0,0,3,15,7,20270209,2.98593689748055,2.98544628140696,2.98593689748055,-0.0140631025194504,-0.0145537185930413,-0.0140631025194504,0,0.0772125328240412,0.00303900220966118,64.8247623929003,0.000206274666670447,0.000190347677199387,0,weak_or_boundary_solution
uniform_64MHz,LOS,64,17,0,0,0,3,15,8,20270209,2.98715434083836,2.9865378432425,2.98715434083836,-0.0128456591616439,-0.0134621567574964,-0.0128456591616439,0,0.313347317975604,0.00568120069970309,21.5075075256235,0.000208400643265882,0.000143098860634128,0,weak_or_boundary_solution
uniform_64MHz,LOS,64,17,0,0,0,3,15,9,20270209,2.99458805013228,2.9955623142307,2.99458805013228,-0.00541194986772053,-0.00443768576930026,-0.00541194986772053,0,0.36992410634943,0.00429518511947032,99.4929419866156,0.000104085115476771,6.55815221497491e-05,0,weak_or_boundary_solution
uniform_64MHz,LOS,64,17,0,0,0,3,15,10,20270209,2.98891758148995,2.98197167757925,2.98891758148995,-0.0110824185100529,-0.0180283224207471,-0.0110824185100529,0,0.251790084750798,0.00498792426811173,56.2937518856614,0.000271953018326609,0.000203477944793917,0,weak_or_boundary_solution
uniform_64MHz,LOS,64,17,0,0,0,3,15,11,20270209,3.00721428860084,3.00781938921932,3.00721428860084,0.00721428860084039,0.00781938921931502,0.00721428860084039,0,0.356827274596856,0.00580756759152438,59.9124190123728,0.000193879283871379,0.000124697867406764,0,weak_or_boundary_solution
uniform_64MHz,LOS,64,17,0,0,0,3,15,12,20270209,3.00166575862915,3.0027001374776,3.00166575862915,0.00166575862915019,0.00270013747759723,0.00166575862915019,0,0.132614388114455,0.00516218499837281,41.052992875946,0.000376686450894725,0.000326732407698316,0,weak_or_boundary_solution
uniform_64MHz,LOS,64,17,0,0,0,3,15,13,20270209,2.99870006731688,2.99854887360355,2.99870006731688,-0.0012999326831169,-0.00145112639645451,-0.0012999326831169,0,0.11767248351318,0.00289402002369272,57.0392266057659,0.000136494862541081,0.000120433173079082,0,weak_or_boundary_solution
uniform_64MHz,LOS,64,17,0,0,0,3,15,14,20270209,2.99978852508534,2.99960842291871,2.99978852508534,-0.000211474914664223,-0.000391577081292116,-0.000211474914664223,0,0.14154876009669,0.00377154189308876,22.261098908511,0.000181224940358549,0.0001555727747522,0,weak_or_boundary_solution
uniform_64MHz,LOS,64,17,0,0,0,3,15,15,20270209,3.00457255226911,3.00330661340987,3.00457255226911,0.00457255226910513,0.00330661340986937,0.00457255226910513,0,0.0563236810221814,0.00296844351946578,43.8989255507381,0.000290138361480619,0.000273796700956286,0,weak_or_boundary_solution
uniform_64MHz,LOS,64,17,0,0,0,3,15,16,20270209,3.00374973843957,3.00378972846154,3.00374973843957,0.00374973843957083,0.00378972846153669,0.00374973843957083,0,0,7.41676345321427e-14,53.7708774168748,0.000136705711417662,0.000136705711417884,0,weak_or_boundary_solution
uniform_64MHz,LOS,64,17,0,0,0,3,15,17,20270209,2.99589977896723,2.99432862515879,2.99589977896723,-0.00410022103276786,-0.00567137484121183,-0.00410022103276786,0,0.164879765541622,0.00447940613270906,59.0260363105895,0.000232233924833292,0.000193943249755968,0,weak_or_boundary_solution
uniform_64MHz,LOS,64,17,0,0,0,3,15,18,20270209,2.99530892319824,2.99603063215201,2.99530892319824,-0.00469107680175629,-0.00396936784799262,-0.00469107680175629,0,0.36791014656686,0.00739519504208597,67.5003060802494,0.000302220837709699,0.000191030725012364,0,weak_or_boundary_solution
uniform_64MHz,LOS,64,17,0,0,0,3,15,19,20270209,3.00777518529415,3.00710400895128,3.00777518529415,0.00777518529415433,0.00710400895127616,0.00777518529415433,0,0.174161342447028,0.00386828567937454,60.562427953666,0.000169445478963137,0.000139934626875338,0,weak_or_boundary_solution
uniform_64MHz,LOS,64,17,0,0,0,3,15,20,20270209,3.00515580143641,3.00508474010413,3.00515580143641,0.00515580143641481,0.00508474010412829,0.00515580143641481,0,0.222957022162485,0.00463669261194016,52.3965968083022,0.000184408477873044,0.000143293312784953,0,weak_or_boundary_solution
uniform_64MHz,LOS,64,17,0,0,0,15,15,1,20270209,14.9967925429894,14.9970249440127,14.9967925429894,-0.00320745701062819,-0.00297505598728875,-0.00320745701062819,0,0.0195362650702142,0.0019112782417099,99.9865628201114,0.000270865051386515,0.000265573359944371,0,weak_or_boundary_solution
uniform_64MHz,LOS,64,17,0,0,0,15,15,2,20270209,14.9996294666594,14.9973824248087,14.9996294666594,-0.000370533340550594,-0.00261757519129624,-0.000370533340550594,0,0.284535961916213,0.0063335424364822,45.3442422922036,0.000272049296575316,0.00019464148828563,0,weak_or_boundary_solution
uniform_64MHz,LOS,64,17,0,0,0,15,15,3,20270209,15.0021891732618,14.9955745262483,15.0021891732618,0.00218917326177603,-0.00442547375170221,0.00218917326177603,0,0.315909832740956,0.00579423608057611,12.0197248454259,0.000101463322261797,6.94100610967308e-05,0,weak_or_boundary_solution
uniform_64MHz,LOS,64,17,0,0,0,15,15,4,20270209,14.9988972844915,14.9988525710706,14.9988972844915,-0.00110271550853192,-0.0011474289293929,-0.00110271550853192,0,0,1.29223580624842e-13,96.7400482151836,0.000167484102874038,0.000167484102874926,0,weak_or_boundary_solution
uniform_64MHz,LOS,64,17,0,0,0,15,15,5,20270209,14.9887380762088,14.9892031509119,14.9887380762088,-0.0112619237912313,-0.0107968490880932,-0.0112619237912313,0,0.0386596193759983,0.00142622972414608,99.9999990976374,0.000113657735706818,0.000109263770905255,0,weak_or_boundary_solution
uniform_64MHz,LOS,64,17,0,0,0,15,15,6,20270209,14.9996218016775,15.0008912589246,14.9996218016775,-0.000378198322492196,0.00089125892460018,-0.000378198322492196,0,0.166168233058247,0.00416118606277086,41.6171779202821,0.000191235754911201,0.000159458447420047,0,weak_or_boundary_solution
uniform_64MHz,LOS,64,17,0,0,0,15,15,7,20270209,15.000220492215,15.0012851302767,15.000220492215,0.00022049221497511,0.0012851302766741,0.00022049221497511,0,0.0597540647347409,0.00217499394465915,27.6122642504612,0.000143909086727012,0.000135309933842809,0,weak_or_boundary_solution
uniform_64MHz,LOS,64,17,0,0,0,15,15,8,20270209,15.0000509062024,15.0001945364347,15.0000509062024,5.09062023876794e-05,0.000194536434698023,5.09062023876794e-05,0,0.185654651589018,0.00302091521790501,93.2277527264236,0.000104470242836774,8.50748563014925e-05,0,weak_or_boundary_solution
uniform_64MHz,LOS,64,17,0,0,0,15,15,9,20270209,14.9880811190676,14.988746579452,14.9880811190676,-0.0119188809323809,-0.0112534205480159,-0.0119188809323809,0,0.195168878360949,0.00268923875243171,60.8388285512433,0.000107919467472239,8.68569460523716e-05,0,weak_or_boundary_solution
uniform_64MHz,LOS,64,17,0,0,0,15,15,10,20270209,14.9926016691369,14.9922031787171,14.9926016691369,-0.0073983308630865,-0.00779682128285586,-0.0073983308630865,0,0.158374513676611,0.0043076951459884,65.7592916930453,0.000238967223646469,0.00020112090581681,0,weak_or_boundary_solution
uniform_64MHz,LOS,64,17,0,0,0,15,15,11,20270209,14.9993700301427,14.999496445496,14.9993700301427,-0.000629969857252277,-0.000503554503993087,-0.000629969857252277,0,0.0620015898545779,0.00219747184991716,40.1848103930944,0.000146371863659844,0.000137296575402956,0,weak_or_boundary_solution
uniform_64MHz,LOS,64,17,0,0,0,15,15,12,20270209,14.9964256377617,14.9972158104216,14.9964256377617,-0.003574362238286,-0.00278418957840643,-0.003574362238286,0,0.0894554755355377,0.00344694364223936,22.1756240366015,0.000271173715215678,0.000246915741568321,0,weak_or_boundary_solution
uniform_64MHz,LOS,64,17,0,0,0,15,15,13,20270209,14.996429271021,14.9966762851705,14.996429271021,-0.00357072897898725,-0.0033237148295111,-0.00357072897898725,0,0.300588860446526,0.00448755403226055,80.4331627829382,0.000133228239801442,9.31813150202299e-05,0,weak_or_boundary_solution
uniform_64MHz,LOS,64,17,0,0,0,15,15,14,20270209,14.9988012921574,14.9981276181769,14.9988012921574,-0.0011987078425868,-0.00187238182311766,-0.0011987078425868,0,0.229416937037136,0.00459020744895205,89.1906510140251,0.000181395841016174,0.000139780562778968,0,weak_or_boundary_solution
uniform_64MHz,LOS,64,17,0,0,0,15,15,15,20270209,15.0050571835591,15.0049283813543,15.0050571835591,0.00505718355905493,0.00492838135431128,0.00505718355905493,0,0.0257872920738117,0.00137929393565382,48.5929859373272,0.000149529415624183,0.000145673456909856,0,weak_or_boundary_solution
uniform_64MHz,LOS,64,17,0,0,0,15,15,16,20270209,15.0005883703851,15.0034730926824,15.0005883703851,0.000588370385125714,0.00347309268238405,0.000588370385125714,0,0.261543578877904,0.00647265987152866,81.3685727012381,0.000221063938049992,0.000163246084531554,0,weak_or_boundary_solution
uniform_64MHz,LOS,64,17,0,0,0,15,15,17,20270209,14.999393218366,14.9969819157784,14.999393218366,-0.00060678163400496,-0.00301808422162253,-0.00060678163400496,0,0.238748150263608,0.00520036186201567,60.5151960625697,0.000193263048104519,0.000147121852855259,0,weak_or_boundary_solution
uniform_64MHz,LOS,64,17,0,0,0,15,15,18,20270209,14.993508177825,14.9934796744718,14.993508177825,-0.00649182217495436,-0.0065203255282178,-0.00649182217495436,0,4.98227655759782e-09,1.39164543062707e-14,98.5757483844692,0.000168596570407242,0.000168596569567248,0,weak_or_boundary_solution
uniform_64MHz,LOS,64,17,0,0,0,15,15,19,20270209,15.0063962865935,15.0063067156956,15.0063962865935,0.00639628659346769,0.00630671569559915,0.00639628659346769,0,0,1.65385278530435e-14,30.0593618723084,0.000118987870957099,0.000118987870957099,0,weak_or_boundary_solution
uniform_64MHz,LOS,64,17,0,0,0,15,15,20,20270209,15.0060742125067,15.0062698370131,15.0060742125067,0.00607421250671081,0.0062698370131109,0.00607421250671081,0,4.197644147698e-09,4.52787747907975e-13,46.0313232133774,0.000207093454731799,0.000207093453862495,0,weak_or_boundary_solution
uniform_64MHz,LOS,64,17,0,0,0,3,30,1,20270209,3.00094942191767,3.0010544436734,3.00094942191767,0.000949421917668669,0.00105444367340013,0.000949421917668669,0,0.195415124618462,0.0029673224719133,22.028032904616,8.48190660731607e-05,6.82441377064524e-05,0,weak_or_boundary_solution
uniform_64MHz,LOS,64,17,0,0,0,3,30,2,20270209,2.99828467384213,2.99742330989372,2.99828467384213,-0.00171532615786818,-0.00257669010628092,-0.00171532615786818,0,0.225857612439559,0.00322521917876305,44.9785573681676,9.70632539207816e-05,7.51407791346193e-05,0,weak_or_boundary_solution
uniform_64MHz,LOS,64,17,0,0,0,3,30,3,20270209,2.99782770657513,2.99809852024932,2.99782770657513,-0.00217229342486647,-0.00190147975067712,-0.00217229342486647,0,0.689975993503753,0.00494030908815205,21.4543776559286,6.70437797309908e-05,2.07851812028537e-05,0,weak_or_boundary_solution
uniform_64MHz,LOS,64,17,0,0,0,3,30,4,20270209,3.0010928929395,3.00086941071141,3.0010928929395,0.00109289293949555,0.000869410711408669,0.00109289293949555,0,0.405410897053777,0.00464955776538636,63.3941567011421,0.000110567446129917,6.5742198609442e-05,0,weak_or_boundary_solution
uniform_64MHz,LOS,64,17,0,0,0,3,30,5,20270209,3.00168402086091,3.00186610309569,3.00168402086091,0.00168402086091435,0.00186610309568502,0.00168402086091435,0,0.159705992837139,0.00289200735269791,40.5762934803359,9.62883568396133e-05,8.09105292118861e-05,0,weak_or_boundary_solution
uniform_64MHz,LOS,64,17,0,0,0,3,30,6,20270209,2.99760037132808,2.99721098710847,2.99760037132808,-0.00239962867191812,-0.00278901289153133,-0.00239962867191812,0,0.271528078571013,0.00327711192176247,93.0654618608684,7.33878029086643e-05,5.34609537943265e-05,0,weak_or_boundary_solution
uniform_64MHz,LOS,64,17,0,0,0,3,30,7,20270209,2.99990970712241,2.99994017578534,2.99990970712241,-9.02928775885492e-05,-5.98242146598871e-05,-9.02928775885492e-05,0,0.00232978452613809,0.000446235499899111,99.9999973245017,0.000165276026548922,0.000164890969019726,0,weak_or_boundary_solution
uniform_64MHz,LOS,64,17,0,0,0,3,30,8,20270209,3.00160521826203,3.00167658735995,3.00160521826203,0.0016052182620343,0.00167658735995246,0.0016052182620343,0,0.292512701534745,0.00396253562607275,31.3200605367751,0.000113509801497491,8.03067428107873e-05,0,weak_or_boundary_solution
uniform_64MHz,LOS,64,17,0,0,0,3,30,9,20270209,3.00444215558725,3.00447931541588,3.00444215558725,0.00444215558725469,0.00447931541588087,0.00444215558725469,0,0,1.85887974471715e-14,47.3496518587431,0.000113557520166507,0.000113557520166507,0,weak_or_boundary_solution
uniform_64MHz,LOS,64,17,0,0,0,3,30,10,20270209,2.99796628212182,2.99719954708063,2.99796628212182,-0.00203371787817908,-0.00280045291936837,-0.00203371787817908,0,0.305549155308011,0.00236151550264304,78.6109766405707,0.000106947411714575,7.42697204028087e-05,0,weak_or_boundary_solution
uniform_64MHz,LOS,64,17,0,0,0,3,30,11,20270209,2.99396454027936,2.99425936091754,2.99396454027936,-0.00603545972063602,-0.00574063908246281,-0.00603545972063602,0,0.293233711392909,0.00387500976614099,54.8367715220349,9.64978988806653e-05,6.82014618502702e-05,0,weak_or_boundary_solution
uniform_64MHz,LOS,64,17,0,0,0,3,30,12,20270209,2.99727114165087,2.99916760662088,2.99727114165087,-0.00272885834913161,-0.000832393379117669,-0.00272885834913161,0,0.555228334271119,0.00612140187191501,46.982735337729,0.000125292563908141,5.57265823528663e-05,0,weak_or_boundary_solution
uniform_64MHz,LOS,64,17,0,0,0,3,30,13,20270209,3.00051750010649,2.99983564734712,3.00051750010649,0.000517500106494762,-0.000164352652883615,0.000517500106494762,0,0.398594240723335,0.00348113673868998,53.7429230882616,6.28138648828269e-05,3.77766201029583e-05,0,weak_or_boundary_solution
uniform_64MHz,LOS,64,17,0,0,0,3,30,14,20270209,3.00399703745234,3.00476564560297,3.00399703745234,0.00399703745233815,0.00476564560296744,0.00399703745233815,0,0.458398058871402,0.00587173785185246,78.6578523387458,0.000141886681676029,7.68461022160327e-05,0,weak_or_boundary_solution
uniform_64MHz,LOS,64,17,0,0,0,3,30,15,20270209,3.00031772870029,2.99979774659595,3.00031772870029,0.000317728700288455,-0.000202253404054886,0.000317728700288455,0,0.116012474699659,0.00195066084284106,29.9970420076469,5.8485957028287e-05,5.17008564182575e-05,0,weak_or_boundary_solution
uniform_64MHz,LOS,64,17,0,0,0,3,30,16,20270209,3.00510354173731,3.00421107750152,3.00510354173731,0.00510354173731109,0.00421107750152139,0.00510354173731109,0,0.27535134073933,0.00381916619629995,89.6448930758787,9.91735565432084e-05,7.18659847831482e-05,0,weak_or_boundary_solution
uniform_64MHz,LOS,64,17,0,0,0,3,30,17,20270209,3.00019243761563,3.00125814259754,3.00019243761563,0.00019243761563148,0.00125814259754264,0.00019243761563148,0,0.110126278048187,0.00252253747558285,43.6527098706556,8.30824735551516e-05,7.39329099714858e-05,0,weak_or_boundary_solution
uniform_64MHz,LOS,64,17,0,0,0,3,30,18,20270209,3.00297655736015,3.00293896125238,3.00297655736015,0.00297655736014502,0.0029389612523758,0.00297655736014502,0,0.385575737732264,0.00354695675635482,50.9296755466765,6.44766330961666e-05,3.96160077236196e-05,0,weak_or_boundary_solution
uniform_64MHz,LOS,64,17,0,0,0,3,30,19,20270209,3.00047231452484,3.00044331595121,3.00047231452484,0.000472314524840201,0.000443315951206724,0.000472314524840201,0,0,9.08402949411902e-14,28.715612075964,0.000126894164920399,0.000126894164920621,0,weak_or_boundary_solution
uniform_64MHz,LOS,64,17,0,0,0,3,30,20,20270209,3.00461071591077,3.00469557669047,3.00461071591077,0.00461071591077467,0.00469557669047216,0.00461071591077467,0,0.0681992369960332,0.00111883221408962,22.032165452751,3.76074525940684e-05,3.50426530217884e-05,0,weak_or_boundary_solution
uniform_64MHz,LOS,64,17,0,0,0,15,30,1,20270209,14.9986893171947,15.0000571887009,14.9986893171947,-0.00131068280528979,5.71887009339633e-05,-0.00131068280528979,0,0.407581369079584,0.00339271070886783,45.97555887211,5.151349256316e-05,3.05175527381962e-05,0,weak_or_boundary_solution
uniform_64MHz,LOS,64,17,0,0,0,15,30,2,20270209,15.0008961664578,14.9994490475897,15.0008961664578,0.000896166457838632,-0.000550952410268479,0.000896166457838632,0,0.173831202077921,0.00303555101768877,31.2173569540304,9.57115072193204e-05,7.90738608666963e-05,0,weak_or_boundary_solution
uniform_64MHz,LOS,64,17,0,0,0,15,30,3,20270209,15.0002686052728,14.9974637158948,15.0002686052728,0.000268605272838229,-0.00253628410519724,0.000268605272838229,0,0.485797267448869,0.00544574181672826,26.2248603480045,0.000111402134514105,5.72832819791813e-05,0,weak_or_boundary_solution
uniform_64MHz,LOS,64,17,0,0,0,15,30,4,20270209,14.998263885931,14.9982335480104,14.998263885931,-0.00173611406901308,-0.0017664519895817,-0.00173611406901308,0,0.229612082725678,0.00352231412504322,79.4678831141555,0.000113987965135731,8.78149510552539e-05,0,weak_or_boundary_solution
uniform_64MHz,LOS,64,17,0,0,0,15,30,5,20270209,15.0003202158654,15.0003465415929,15.0003202158654,0.000320215865389883,0.000346541592891825,0.000320215865389883,0,3.42642474947035e-09,2.57849456670646e-13,31.4785461963098,0.000144123171369692,0.000144123170875865,0,weak_or_boundary_solution
uniform_64MHz,LOS,64,17,0,0,0,15,30,6,20270209,14.9976964369762,14.9975864298533,14.9976964369762,-0.00230356302380841,-0.00241357014668964,-0.00230356302380841,0,0.261164436383835,0.00269741029510873,81.1929423775469,5.59994702058475e-05,4.1374400131744e-05,0,weak_or_boundary_solution
uniform_64MHz,LOS,64,17,0,0,0,15,30,7,20270209,14.9961122704591,14.9960816576998,14.9961122704591,-0.00388772954087813,-0.00391834230017452,-0.00388772954087813,0,0.360591733418181,0.00427496569828317,82.8834537116959,9.5592246478482e-05,6.11224726194681e-05,0,weak_or_boundary_solution
uniform_64MHz,LOS,64,17,0,0,0,15,30,8,20270209,15.0052341898904,15.0053036104794,15.0052341898904,0.00523418989043378,0.00530361047937689,0.00523418989043378,0,0.0367383592051487,0.00126579260308737,89.4675576168424,9.0888593450078e-05,8.75494956562584e-05,0,weak_or_boundary_solution
uniform_64MHz,LOS,64,17,0,0,0,15,30,9,20270209,14.9973657596904,14.9941169547497,14.9973657596904,-0.00263424030964288,-0.00588304525032868,-0.00263424030964288,0,0.105383073475541,0.00193659544014408,99.5665892266134,0.000118885995361584,0.000106357423777181,0,weak_or_boundary_solution
uniform_64MHz,LOS,64,17,0,0,0,15,30,10,20270209,14.9992062774448,14.9978887527939,14.9992062774448,-0.000793722555222587,-0.00211124720610201,-0.000793722555222587,0,0.0916825711100732,0.0028622724772634,99.9997708898964,0.000169036985030901,0.000153539239630573,0,weak_or_boundary_solution
uniform_64MHz,LOS,64,17,0,0,0,15,30,11,20270209,15.0019901843555,15.0021983978098,15.0019901843555,0.00199018435548126,0.00219839780979214,0.00199018435548126,0,0.107821647668064,0.00145990989483115,99.9999988241164,4.01464252739459e-05,3.58177715529262e-05,0,weak_or_boundary_solution
uniform_64MHz,LOS,64,17,0,0,0,15,30,12,20270209,14.9964525334955,14.9964986860739,14.9964525334955,-0.00354746650452853,-0.00350131392609754,-0.00354746650452853,0,2.0535261601872e-08,5.3365301468811e-14,98.4309959573185,9.93592345797101e-05,9.93592325393422e-05,0,weak_or_boundary_solution
uniform_64MHz,LOS,64,17,0,0,0,15,30,13,20270209,15.0033215506676,15.002778551684,15.0033215506676,0.00332155066762496,0.00277855168403818,0.00332155066762496,0,0.103676211338645,0.00146099649622979,31.1541522034904,5.1725724492524e-05,4.63629973483926e-05,0,weak_or_boundary_solution
uniform_64MHz,LOS,64,17,0,0,0,15,30,14,20270209,15.0017376512269,14.9994218828083,15.0017376512269,0.00173765122687541,-0.00057811719169365,0.00173765122687541,0,0.437670978684593,0.00353107887063472,24.905863461122,0.000110644731545095,6.22187436034594e-05,0,weak_or_boundary_solution
uniform_64MHz,LOS,64,17,0,0,0,15,30,15,20270209,14.9997095529922,14.9970813507431,14.9997095529922,-0.000290447007797567,-0.00291864925693375,-0.000290447007797567,0,0.312172406469803,0.00479571463172983,28.6704151694797,0.000132910258973551,9.14193435852528e-05,0,weak_or_boundary_solution
uniform_64MHz,LOS,64,17,0,0,0,15,30,16,20270209,14.9992092882059,14.9978711314133,14.9992092882059,-0.000790711794131482,-0.002128868586734,-0.000790711794131482,0,0.265451638435838,0.0037134140126767,40.9416169751921,0.000102517280356151,7.53039003176248e-05,0,weak_or_boundary_solution
uniform_64MHz,LOS,64,17,0,0,0,15,30,17,20270209,14.9999344077227,14.9991947144049,14.9999344077227,-6.55922773358242e-05,-0.000805285595104621,-6.55922773358242e-05,0,0.333434817988033,0.00302697144622179,62.257694879878,5.09252550322525e-05,3.39450018895793e-05,0,weak_or_boundary_solution
uniform_64MHz,LOS,64,17,0,0,0,15,30,18,20270209,14.9995104651895,14.9997862165007,14.9995104651895,-0.000489534810521164,-0.000213783499347642,-0.000489534810521164,0,0.0576785837622546,0.00124592226511433,99.9932884627642,5.69484277104237e-05,5.36637230525994e-05,0,weak_or_boundary_solution
uniform_64MHz,LOS,64,17,0,0,0,15,30,19,20270209,15.0028441088919,15.0026830903535,15.0028441088919,0.0028441088919493,0.00268309035354264,0.0028441088919493,0,0.103876219039184,0.00174075834223577,24.9396991868604,4.98084703339785e-05,4.46345547595595e-05,0,weak_or_boundary_solution
uniform_64MHz,LOS,64,17,0,0,0,15,30,20,20270209,14.9977569298717,14.9978019027752,14.9977569298717,-0.00224307012828895,-0.00219809722484854,-0.00224307012828895,0,8.43929437204268e-10,5.29599885851682e-13,91.0270957833266,0.000173388186493817,0.00017338818634749,0,weak_or_boundary_solution
uniform_64MHz,weak_close,64,17,15,0.15,0.96,3,0,1,20270209,2.87504511904761,3.20175618737617,3.20175618737617,-0.124954880952389,0.201756187376173,0.201756187376173,1,0.898256538440298,0.226876385362763,11.4989558906028,0.0412440057099803,0.00419630790952152,1,candidate_diagnostic_only
uniform_64MHz,weak_close,64,17,15,0.15,0.96,3,0,2,20270209,2.93823448554263,2.9955491028682,2.9955491028682,-0.0617655144573708,-0.00445089713179936,-0.00445089713179936,1,0.940079130397927,0.144425311263169,16.7350878752068,0.0417469212561485,0.00250151182487768,1,candidate_diagnostic_only
uniform_64MHz,weak_close,64,17,15,0.15,0.96,3,0,3,20270209,2.92420438925154,3.39293947235152,3.39293947235152,-0.0757956107484627,0.392939472351525,0.392939472351525,1,0.913356096192082,0.29967142309597,8.89809381925991,0.0474820589728571,0.00411403095024609,1,candidate_diagnostic_only
uniform_64MHz,weak_close,64,17,15,0.15,0.96,3,0,4,20270209,2.86081394515027,3.12131615021247,3.12131615021247,-0.139186054849729,0.121316150212466,0.121316150212466,1,0.91360890720489,0.197024324101854,11.6147908577576,0.0357989994781764,0.00309271468589123,1,candidate_diagnostic_only
uniform_64MHz,weak_close,64,17,15,0.15,0.96,3,0,5,20270209,2.88134257692282,3.01164424664869,3.01164424664869,-0.11865742307718,0.011644246648685,0.011644246648685,1,0.949918820967885,0.162269703018628,14.0085820961819,0.0413044474234772,0.00206857542623773,1,candidate_diagnostic_only
uniform_64MHz,weak_close,64,17,15,0.15,0.96,3,0,6,20270209,2.86766567449232,3.02499261566123,3.02499261566123,-0.132334325507684,0.0249926156612332,0.0249926156612332,1,0.88483172237091,0.157564764539879,14.0740256314074,0.034518986187682,0.00397549218473769,1,candidate_diagnostic_only
uniform_64MHz,weak_close,64,17,15,0.15,0.96,3,0,7,20270209,2.90532206383042,2.98660115295076,2.98660115295076,-0.0946779361695755,-0.0133988470492428,-0.0133988470492428,1,0.967826906571922,0.1510233245663,16.552488184755,0.0398011912902079,0.00128052744592866,1,candidate_diagnostic_only
uniform_64MHz,weak_close,64,17,15,0.15,0.96,3,0,8,20270209,2.88968601720417,3.01576530991111,3.01576530991111,-0.110313982795833,0.0157653099111075,0.0157653099111075,1,0.907599646944797,0.160126698443925,14.1687291630543,0.0428719928104919,0.00396138727186957,1,candidate_diagnostic_only
uniform_64MHz,weak_close,64,17,15,0.15,0.96,3,0,9,20270209,2.91549414469451,3.41404197439903,3.41404197439903,-0.08450585530549,0.41404197439903,0.41404197439903,1,0.887318737832708,0.29824469352796,8.52477772281389,0.0369365547214981,0.00416205760612964,1,candidate_diagnostic_only
uniform_64MHz,weak_close,64,17,15,0.15,0.96,3,0,10,20270209,2.87853991392929,2.97228954202056,2.97228954202056,-0.121460086070714,-0.0277104579794392,-0.0277104579794392,1,0.862321614445739,0.134228821316777,15.8626143534575,0.0310067415820543,0.00426895812231542,1,candidate_diagnostic_only
uniform_64MHz,weak_close,64,17,15,0.15,0.96,3,0,11,20270209,2.86804868456396,3.6882519135063,2.86804868456396,-0.131951315436037,0.688251913506303,-0.131951315436037,0,0.914013780045617,0.478690340333731,5.17282785234468,0.0405762446112341,0.00348899789406443,1,candidate_diagnostic_only
uniform_64MHz,weak_close,64,17,15,0.15,0.96,3,0,12,20270209,2.93080583236107,2.99225926229256,2.99225926229256,-0.0691941676389294,-0.00774073770744366,-0.00774073770744366,1,0.939069482958562,0.127064709941045,16.1780935138288,0.0309400156627357,0.00188519115160068,1,candidate_diagnostic_only
uniform_64MHz,weak_close,64,17,15,0.15,0.96,3,0,13,20270209,2.89673912038716,2.96389945354688,2.96389945354688,-0.103260879612835,-0.036100546453119,-0.036100546453119,1,0.860841890823246,0.117124589426044,16.1712641177506,0.0266827300197219,0.00371311825721832,1,candidate_diagnostic_only
uniform_64MHz,weak_close,64,17,15,0.15,0.96,3,0,14,20270209,2.89286318880276,3.12605685954266,3.12605685954266,-0.107136811197242,0.126056859542664,0.126056859542664,1,0.921888911741536,0.180818565896769,11.7002186471975,0.0304927757763673,0.00238182389991337,1,candidate_diagnostic_only
uniform_64MHz,weak_close,64,17,15,0.15,0.96,3,0,15,20270209,2.90031370471918,2.92407875056544,2.92407875056544,-0.099686295280824,-0.0759212494345602,-0.0759212494345602,1,0.930415944584004,0.126827699560792,16.8176777632055,0.0359835151444297,0.00250387891187231,1,candidate_diagnostic_only
uniform_64MHz,weak_close,64,17,15,0.15,0.96,3,0,16,20270209,2.90949334435333,2.97256527530167,2.97256527530167,-0.0905066556466689,-0.0274347246983293,-0.0274347246983293,1,0.909806161900759,0.142509622745996,15.4974476100469,0.0418153314158018,0.00377148523178295,1,candidate_diagnostic_only
uniform_64MHz,weak_close,64,17,15,0.15,0.96,3,0,17,20270209,2.90890557759622,2.95928759666877,2.95928759666877,-0.0910944224037755,-0.0407124033312254,-0.0407124033312254,1,0.895626891753562,0.119246540981714,15.4540976221241,0.0305804597297072,0.00319177763359457,1,candidate_diagnostic_only
uniform_64MHz,weak_close,64,17,15,0.15,0.96,3,0,18,20270209,2.94457891861475,3.07482542545596,3.07482542545596,-0.0554210813852509,0.0748254254559639,0.0748254254559639,1,0.929423756102631,0.166203189059633,15.6502235482156,0.0412686012674202,0.00291258286835272,1,candidate_diagnostic_only
uniform_64MHz,weak_close,64,17,15,0.15,0.96,3,0,19,20270209,2.91448024394087,3.02757891021833,3.02757891021833,-0.0855197560591261,0.0275789102183328,0.0275789102183328,1,0.964735779966925,0.166763468920788,15.6699619060322,0.0457882677111885,0.00161468754750071,1,candidate_diagnostic_only
uniform_64MHz,weak_close,64,17,15,0.15,0.96,3,0,20,20270209,2.94416584131748,2.95539063256927,2.95539063256927,-0.0558341586825248,-0.0446093674307324,-0.0446093674307324,1,0.924265580101648,0.125770557446698,18.4157297712992,0.0354153330272229,0.00268215970232366,1,candidate_diagnostic_only
uniform_64MHz,weak_close,64,17,15,0.15,0.96,15,0,1,20270209,14.882223878869,14.9260600530687,14.9260600530687,-0.117776121131026,-0.0739399469313469,-0.0739399469313469,1,0.931663274516886,0.142812097029174,17.7378972130303,0.0396545331558089,0.00270986094642955,1,candidate_diagnostic_only
uniform_64MHz,weak_close,64,17,15,0.15,0.96,15,0,2,20270209,14.8638878161272,14.9046636934821,14.9046636934821,-0.136112183872763,-0.0953363065179431,-0.0953363065179431,1,0.913989659141574,0.143430933184557,17.6837647130301,0.0431181659603326,0.00370860815143836,1,candidate_diagnostic_only
uniform_64MHz,weak_close,64,17,15,0.15,0.96,15,0,3,20270209,14.9375177160907,15.3225734746747,15.3225734746747,-0.0624822839093007,0.322573474674741,0.322573474674741,1,0.960212887445224,0.257961439418295,9.94826525132505,0.0418856841691186,0.0016665104304705,1,candidate_diagnostic_only
uniform_64MHz,weak_close,64,17,15,0.15,0.96,15,0,4,20270209,14.9140003019206,15.1483331424953,15.1483331424953,-0.0859996980794104,0.148333142495314,0.148333142495314,1,0.940639837555206,0.201347358732341,12.1490940428947,0.0447102710408489,0.00265400895193557,1,candidate_diagnostic_only
uniform_64MHz,weak_close,64,17,15,0.15,0.96,15,0,5,20270209,14.8908579632571,15.0402913010882,15.0402913010882,-0.109142036742918,0.0402913010881996,0.0402913010881996,1,0.958951942612615,0.180382080298428,14.2960127757024,0.0488848796669727,0.00200662934594531,1,candidate_diagnostic_only
uniform_64MHz,weak_close,64,17,15,0.15,0.96,15,0,6,20270209,14.9526242256819,15.6461747146904,14.9526242256819,-0.0473757743181213,0.64617471469036,-0.0473757743181213,0,0.922594319639822,0.398508346399937,6.8958147086758,0.0452803732641418,0.00350495809947371,1,candidate_diagnostic_only
uniform_64MHz,weak_close,64,17,15,0.15,0.96,15,0,7,20270209,14.8645106998836,14.9029334959742,14.9029334959742,-0.135489300116376,-0.0970665040258467,-0.0970665040258467,1,0.896696589632971,0.122903529148195,17.2122064785624,0.0325189909741492,0.00335932266932426,1,candidate_diagnostic_only
uniform_64MHz,weak_close,64,17,15,0.15,0.96,15,0,8,20270209,14.8719165202775,14.9316483639518,14.9316483639518,-0.128083479722502,-0.0683516360482344,-0.0683516360482344,1,0.867317568414473,0.109916579336664,15.8711915781478,0.0235353393552131,0.00312272605384023,1,candidate_diagnostic_only
uniform_64MHz,weak_close,64,17,15,0.15,0.96,15,0,9,20270209,14.907047596271,15.0550825718745,15.0550825718745,-0.0929524037290488,0.0550825718744701,0.0550825718744701,1,0.930531554937387,0.164899547327267,14.8939492969298,0.0379178329881746,0.00263409289783234,1,candidate_diagnostic_only
uniform_64MHz,weak_close,64,17,15,0.15,0.96,15,0,10,20270209,14.9253612877746,15.0126016534287,15.0126016534287,-0.0746387122254308,0.012601653428689,0.012601653428689,1,0.924846937212783,0.14281424445814,14.4168822227473,0.0368559339239252,0.00276983631626626,1,candidate_diagnostic_only
uniform_64MHz,weak_close,64,17,15,0.15,0.96,15,0,11,20270209,14.9858461104877,15.1120936685027,15.1120936685027,-0.0141538895123201,0.112093668502688,0.112093668502688,1,0.940303797905531,0.147256200079253,13.6919627238221,0.032297196185614,0.00192801995058112,1,candidate_diagnostic_only
uniform_64MHz,weak_close,64,17,15,0.15,0.96,15,0,12,20270209,14.8918708750704,15.1160661266451,15.1160661266451,-0.108129124929583,0.116066126645123,0.116066126645123,1,0.934584360935021,0.20151253292162,11.8657398419155,0.0458941638357051,0.00300219605666552,1,candidate_diagnostic_only
uniform_64MHz,weak_close,64,17,15,0.15,0.96,15,0,13,20270209,14.8852066519787,15.0082088830598,15.0082088830598,-0.114793348021312,0.00820888305977263,0.00820888305977263,1,0.876379713675355,0.14929396716317,14.4190374109179,0.0371366671558824,0.00459084542695321,1,candidate_diagnostic_only
uniform_64MHz,weak_close,64,17,15,0.15,0.96,15,0,14,20270209,14.9007986818943,15.2637160681019,15.2637160681019,-0.0992013181057398,0.263716068101854,0.263716068101854,1,0.947327753324665,0.231841887759705,10.1546080971875,0.0293002553926467,0.00154331027969179,1,candidate_diagnostic_only
uniform_64MHz,weak_close,64,17,15,0.15,0.96,15,0,15,20270209,14.9026261851345,15.1574374455268,15.1574374455268,-0.0973738148655023,0.157437445526789,0.157437445526789,1,0.905772611791653,0.200247826672928,11.9843566071128,0.0405588077279917,0.00382175052105316,1,candidate_diagnostic_only
uniform_64MHz,weak_close,64,17,15,0.15,0.96,15,0,16,20270209,14.8951756559305,14.9635991187916,14.9635991187916,-0.104824344069518,-0.0364008812084347,-0.0364008812084347,1,0.920513350536352,0.13139585811608,15.9581774034373,0.0330785701646539,0.00262930471143652,1,candidate_diagnostic_only
uniform_64MHz,weak_close,64,17,15,0.15,0.96,15,0,17,20270209,14.9210301681497,14.9787434930429,14.9787434930429,-0.0789698318502552,-0.0212565069571209,-0.0212565069571209,1,0.927304390449703,0.125826681020088,16.2727627594162,0.0307805723182699,0.00223761246698362,1,candidate_diagnostic_only
uniform_64MHz,weak_close,64,17,15,0.15,0.96,15,0,18,20270209,14.8963871938408,15.0099801737785,15.0099801737785,-0.103612806159218,0.00998017377852634,0.00998017377852634,1,0.905419203227495,0.153847559156554,15.5313396901855,0.0388929523174089,0.00367852641901556,1,candidate_diagnostic_only
uniform_64MHz,weak_close,64,17,15,0.15,0.96,15,0,19,20270209,14.8811958222899,15.1582506630534,15.1582506630534,-0.118804177710093,0.158250663053364,0.158250663053364,1,0.879831661045231,0.189666031630409,10.238159034971,0.024452144909634,0.00293837363767202,1,candidate_diagnostic_only
uniform_64MHz,weak_close,64,17,15,0.15,0.96,15,0,20,20270209,14.8819994298083,15.0341128323628,15.0341128323628,-0.1180005701917,0.0341128323627764,0.0341128323627764,1,0.937667952991427,0.158790487101147,13.7199688204181,0.0348865972260679,0.00217455301826441,1,candidate_diagnostic_only
uniform_64MHz,weak_close,64,17,15,0.15,0.96,3,15,1,20270209,2.86938289213393,3.0192705950534,3.0192705950534,-0.130617107866072,0.0192705950533956,0.0192705950533956,1,0.994244013657609,0.153830460512189,14.4853666724969,0.0324026096605809,0.000186508978664124,1,candidate_diagnostic_only
uniform_64MHz,weak_close,64,17,15,0.15,0.96,3,15,2,20270209,2.86782911747938,3.02347436838837,3.02347436838837,-0.132170882520619,0.023474368388368,0.023474368388368,1,0.997311155621001,0.15914828938631,14.3273654170647,0.0344535252270053,9.26401676433208e-05,1,candidate_diagnostic_only
uniform_64MHz,weak_close,64,17,15,0.15,0.96,3,15,3,20270209,2.85908870479705,2.98593015582289,2.98593015582289,-0.140911295202951,-0.0140698441771079,-0.0140698441771079,1,0.99681620369702,0.147796321328038,15.2070954539715,0.0324653616889239,0.000103363098520104,1,candidate_diagnostic_only
uniform_64MHz,weak_close,64,17,15,0.15,0.96,3,15,4,20270209,2.87120021674891,3.0099522328409,3.0099522328409,-0.128799783251087,0.00995223284089919,0.00995223284089919,1,0.993367409718172,0.153203472747646,14.9642174351112,0.0336830572523605,0.000223405918194253,1,candidate_diagnostic_only
uniform_64MHz,weak_close,64,17,15,0.15,0.96,3,15,5,20270209,2.87381220416216,2.99783256998829,2.99783256998829,-0.126187795837838,-0.00216743001171205,-0.00216743001171205,1,0.997453521771438,0.150959491880065,15.1920927779019,0.0348708283225843,8.87978051353766e-05,1,candidate_diagnostic_only
uniform_64MHz,weak_close,64,17,15,0.15,0.96,3,15,6,20270209,2.86409401848301,3.01592819015719,3.01592819015719,-0.135905981516991,0.0159281901571884,0.0159281901571884,1,0.993375151360404,0.1513142538248,14.1119904779576,0.0304884326709831,0.000201981251703787,1,candidate_diagnostic_only
uniform_64MHz,weak_close,64,17,15,0.15,0.96,3,15,7,20270209,2.86776646680164,2.99072955830567,2.99072955830567,-0.132233533198359,-0.00927044169432634,-0.00927044169432634,1,0.996605692518476,0.146741338688314,15.2938638415025,0.0323938176009788,0.000109954577438121,1,candidate_diagnostic_only
uniform_64MHz,weak_close,64,17,15,0.15,0.96,3,15,8,20270209,2.86499772443422,3.02893057256302,3.02893057256302,-0.13500227556578,0.0289305725630178,0.0289305725630178,1,0.993505896151935,0.159582393854651,14.0421241181462,0.033241510661981,0.000215873822305479,1,candidate_diagnostic_only
uniform_64MHz,weak_close,64,17,15,0.15,0.96,3,15,9,20270209,2.8636411232122,2.99735418215951,2.99735418215951,-0.136358876787798,-0.00264581784049112,-0.00264581784049112,1,0.99772097907277,0.148580029922852,14.5784790066528,0.0320994252978795,7.31552620059084e-05,1,candidate_diagnostic_only
uniform_64MHz,weak_close,64,17,15,0.15,0.96,3,15,10,20270209,2.86912596956158,2.96310800087174,2.96310800087174,-0.130874030438422,-0.0368919991282621,-0.0368919991282621,1,0.995950187044687,0.140554371551779,16.0015372665559,0.0334607631400492,0.000135509832059233,1,candidate_diagnostic_only
uniform_64MHz,weak_close,64,17,15,0.15,0.96,3,15,11,20270209,2.86884449520151,2.97219751589438,2.97219751589438,-0.131155504798489,-0.027802484105619,-0.027802484105619,1,0.998182504839233,0.143964541269008,15.7857005883366,0.0338968259298829,6.16073170929266e-05,1,candidate_diagnostic_only
uniform_64MHz,weak_close,64,17,15,0.15,0.96,3,15,12,20270209,2.86646494344388,2.96153199053666,2.96153199053666,-0.133535056556124,-0.0384680094633403,-0.0384680094633403,1,0.997559987611494,0.136866390720829,15.8659418901642,0.0310959881831758,7.58745963997942e-05,1,candidate_diagnostic_only
uniform_64MHz,weak_close,64,17,15,0.15,0.96,3,15,13,20270209,2.86395407104738,3.0242207388034,3.0242207388034,-0.136045928952619,0.0242207388033977,0.0242207388033977,1,0.997577135745672,0.157358999132728,14.3155716580106,0.0324106203379924,7.85265334775076e-05,1,candidate_diagnostic_only
uniform_64MHz,weak_close,64,17,15,0.15,0.96,3,15,14,20270209,2.86325328966813,2.98684807984793,2.98684807984793,-0.136746710331871,-0.0131519201520724,-0.0131519201520724,1,0.994838616401336,0.148525942320456,15.1729529426857,0.0335559971274562,0.000173195373210477,1,candidate_diagnostic_only
uniform_64MHz,weak_close,64,17,15,0.15,0.96,3,15,15,20270209,2.86599792627708,2.97492940336613,2.97492940336613,-0.134002073722916,-0.0250705966338742,-0.0250705966338742,1,0.996793448136682,0.147612956347598,15.7295955121109,0.0351806112127986,0.000112808454437063,1,candidate_diagnostic_only
uniform_64MHz,weak_close,64,17,15,0.15,0.96,3,15,16,20270209,2.86966679258513,3.00433472433517,3.00433472433517,-0.130333207414868,0.00433472433516791,0.00433472433516791,1,0.996267474910809,0.148496778351126,14.8294333343792,0.0318550472903028,0.000118899763228431,1,candidate_diagnostic_only
uniform_64MHz,weak_close,64,17,15,0.15,0.96,3,15,17,20270209,2.85882003654974,2.95786569425449,2.95786569425449,-0.141179963450263,-0.0421343057455101,-0.0421343057455101,1,0.997782075371209,0.140515481726064,15.7590120016146,0.0326556936761444,7.24278672745715e-05,1,candidate_diagnostic_only
uniform_64MHz,weak_close,64,17,15,0.15,0.96,3,15,18,20270209,2.87569161284888,3.01373591607298,3.01373591607298,-0.12430838715112,0.0137359160729762,0.0137359160729762,1,0.995803197707268,0.153004410352938,14.5728001002503,0.0338967501794418,0.000142257958869241,1,candidate_diagnostic_only
uniform_64MHz,weak_close,64,17,15,0.15,0.96,3,15,19,20270209,2.86429595709795,2.98922578601369,2.98922578601369,-0.13570404290205,-0.0107742139863083,-0.0107742139863083,1,0.996723645004657,0.147491523473881,15.1839341662461,0.0326019957431076,0.000106815711611086,1,candidate_diagnostic_only
uniform_64MHz,weak_close,64,17,15,0.15,0.96,3,15,20,20270209,2.8874481858375,3.02289855517005,3.02289855517005,-0.112551814162495,0.0228985551700531,0.0228985551700531,1,0.99303614212109,0.148077365170923,14.7519111887578,0.0315020475467376,0.000219375782010145,1,candidate_diagnostic_only
uniform_64MHz,weak_close,64,17,15,0.15,0.96,15,15,1,20270209,14.8709688362953,14.9997846068289,14.9997846068289,-0.129031163704662,-0.000215393171057343,-0.000215393171057343,1,0.998779438403673,0.150752040758769,15.1488945069325,0.0339262147958834,4.14090348885843e-05,1,candidate_diagnostic_only
uniform_64MHz,weak_close,64,17,15,0.15,0.96,15,15,2,20270209,14.858092772722,14.9544285979918,14.9544285979918,-0.141907227278043,-0.0455714020081786,-0.0455714020081786,1,0.993539672700509,0.140721255615681,16.1654301841136,0.0328872969088303,0.000212462702026572,1,candidate_diagnostic_only
uniform_64MHz,weak_close,64,17,15,0.15,0.96,15,15,3,20270209,14.8649732262849,15.0183282289311,15.0183282289311,-0.13502677371506,0.0183282289311499,0.0183282289311499,1,0.995906384206484,0.160451191234825,14.4370466703706,0.0356596414563153,0.000145976871456677,1,candidate_diagnostic_only
uniform_64MHz,weak_close,64,17,15,0.15,0.96,15,15,4,20270209,14.8646661826607,15.0007200645452,15.0007200645452,-0.135333817339298,0.000720064545237875,0.000720064545237875,1,0.992155336617173,0.149440219202625,14.6315568178595,0.0322821403989668,0.000253242524707042,1,candidate_diagnostic_only
uniform_64MHz,weak_close,64,17,15,0.15,0.96,15,15,5,20270209,14.8670884935784,15.0056649290418,15.0056649290418,-0.13291150642161,0.00566492904180826,0.00566492904180826,1,0.996943785723239,0.149413529061256,14.6470423022951,0.0316544520986293,9.67427884268623e-05,1,candidate_diagnostic_only
uniform_64MHz,weak_close,64,17,15,0.15,0.96,15,15,6,20270209,14.8644633860024,14.9840769970662,14.9840769970662,-0.13553661399764,-0.0159230029338175,-0.0159230029338175,1,0.994588433977979,0.14640895379499,15.3558610052719,0.0329790443894002,0.000178468276056387,1,candidate_diagnostic_only
uniform_64MHz,weak_close,64,17,15,0.15,0.96,15,15,7,20270209,14.8688290272458,15.0224668954631,15.0224668954631,-0.131170972754161,0.0224668954631078,0.0224668954631078,1,0.995714797497771,0.157052772066658,14.2963720243635,0.0335325941971325,0.000143693956559776,1,candidate_diagnostic_only
uniform_64MHz,weak_close,64,17,15,0.15,0.96,15,15,8,20270209,14.8763684995401,15.0038819568391,15.0038819568391,-0.123631500459902,0.00388195683913395,0.00388195683913395,1,0.991674916684837,0.145237608167443,14.7253155467156,0.0313031032189022,0.000260600942320499,1,candidate_diagnostic_only
uniform_64MHz,weak_close,64,17,15,0.15,0.96,15,15,9,20270209,14.8633812395673,15.0153856124776,15.0153856124776,-0.136618760432661,0.01538561247758,0.01538561247758,1,0.994943319666369,0.151105976102391,14.2888087114505,0.0324120463796385,0.000163897357500664,1,candidate_diagnostic_only
uniform_64MHz,weak_close,64,17,15,0.15,0.96,15,15,10,20270209,14.8662150834017,15.0182000102323,15.0182000102323,-0.133784916598257,0.0182000102322988,0.0182000102322988,1,0.994237405187709,0.152652390014887,14.2246037760197,0.0312458044421717,0.000180056910584314,1,candidate_diagnostic_only
uniform_64MHz,weak_close,64,17,15,0.15,0.96,15,15,11,20270209,14.8703457019893,15.0013964110306,15.0013964110306,-0.129654298010745,0.00139641103056576,0.00139641103056576,1,0.995837591418445,0.147799445119467,15.0575670521661,0.0320056453462079,0.000133220572847259,1,candidate_diagnostic_only
uniform_64MHz,weak_close,64,17,15,0.15,0.96,15,15,12,20270209,15.9515035739072,14.9788744847984,14.9788744847984,0.951503573907248,-0.0211255152015539,-0.0211255152015539,1,0.994440984091679,0.14199768387995,15.654436721983,0.0326706441258124,0.000181616630430481,1,candidate_diagnostic_only
uniform_64MHz,weak_close,64,17,15,0.15,0.96,15,15,13,20270209,14.8672460821597,14.9824332974165,14.9824332974165,-0.132753917840336,-0.0175667025834993,-0.0175667025834993,1,0.993118319591895,0.143971652405764,15.4541221338788,0.0322665365173453,0.000222047992188834,1,candidate_diagnostic_only
uniform_64MHz,weak_close,64,17,15,0.15,0.96,15,15,14,20270209,14.8714345941827,15.0229175334716,15.0229175334716,-0.128565405817335,0.022917533471567,0.022917533471567,1,0.997148404733084,0.154003585244222,14.5698003486467,0.031949378400941,9.11066962290263e-05,1,candidate_diagnostic_only
uniform_64MHz,weak_close,64,17,15,0.15,0.96,15,15,15,20270209,14.861104899243,14.9731262907051,14.9731262907051,-0.138895100756999,-0.0268737092949376,-0.0268737092949376,1,0.994181451699575,0.143587302621843,15.7722423955424,0.032138976223991,0.000187002185485508,1,candidate_diagnostic_only
uniform_64MHz,weak_close,64,17,15,0.15,0.96,15,15,16,20270209,14.8753064126461,14.9887333074076,14.9887333074076,-0.124693587353876,-0.0112666925923754,-0.0112666925923754,1,0.995610720392096,0.148402785880615,15.5046903176782,0.035033727514066,0.000153772825766341,1,candidate_diagnostic_only
uniform_64MHz,weak_close,64,17,15,0.15,0.96,15,15,17,20270209,14.8684273680344,15.0305287906752,15.0305287906752,-0.13157263196565,0.0305287906752056,0.0305287906752056,1,0.993167966701022,0.160488007811343,14.0645450974639,0.0342462132090711,0.00023397126900826,1,candidate_diagnostic_only
uniform_64MHz,weak_close,64,17,15,0.15,0.96,15,15,18,20270209,14.8677883355436,15.0288126713575,15.0288126713575,-0.132211664456353,0.028812671357489,0.028812671357489,1,0.995919627574459,0.155240826365282,14.1077017621184,0.0309948797058828,0.000126470652484834,1,candidate_diagnostic_only
uniform_64MHz,weak_close,64,17,15,0.15,0.96,15,15,19,20270209,14.8540310487042,14.9729392795018,14.9729392795018,-0.14596895129581,-0.0270607204981861,-0.0270607204981861,1,0.99387054986031,0.143980233192628,15.284620688021,0.0317594413550526,0.000194667912250202,1,candidate_diagnostic_only
uniform_64MHz,weak_close,64,17,15,0.15,0.96,15,15,20,20270209,14.8759072851875,15.0404969217913,15.0404969217913,-0.124092714812486,0.0404969217912736,0.0404969217912736,1,0.993662251989689,0.158192905537777,13.9721239688714,0.0323325645830068,0.000204915646854209,1,candidate_diagnostic_only
uniform_64MHz,weak_close,64,17,15,0.15,0.96,3,30,1,20270209,2.86441311689296,3.00927665392676,3.00927665392676,-0.13558688310704,0.00927665392675836,0.00927665392675836,1,0.997397588518618,0.152454179427049,14.4826393183625,0.0326299855744079,8.49166490961561e-05,1,candidate_diagnostic_only
uniform_64MHz,weak_close,64,17,15,0.15,0.96,3,30,2,20270209,2.86546437512988,2.99043270813066,2.99043270813066,-0.134535624870124,-0.00956729186933769,-0.00956729186933769,1,0.996899129231174,0.152119773307431,15.3536699507938,0.0357424533156137,0.0001108327286925,1,candidate_diagnostic_only
uniform_64MHz,weak_close,64,17,15,0.15,0.96,3,30,3,20270209,2.87230289992743,2.99526095725025,2.99526095725025,-0.127697100072571,-0.00473904274975112,-0.00473904274975112,1,0.997957977107374,0.144955031012341,15.2594421693499,0.0317048022849611,6.47419320720655e-05,1,candidate_diagnostic_only
uniform_64MHz,weak_close,64,17,15,0.15,0.96,3,30,4,20270209,2.86510204765309,3.0327034384755,3.0327034384755,-0.134897952346905,0.0327034384754956,0.0327034384754956,1,0.998408507485306,0.159497001419231,14.062365113244,0.0325964498674487,5.18770059696472e-05,1,candidate_diagnostic_only
uniform_64MHz,weak_close,64,17,15,0.15,0.96,3,30,5,20270209,2.87013181585869,3.0341017549348,3.0341017549348,-0.129868184141312,0.0341017549348033,0.0341017549348033,1,0.998022530108603,0.161729127104766,14.3030325848712,0.0347323112132842,6.86820996829152e-05,1,candidate_diagnostic_only
uniform_64MHz,weak_close,64,17,15,0.15,0.96,3,30,6,20270209,2.86561575634247,2.98630728834757,2.98630728834757,-0.13438424365753,-0.0136927116524337,-0.0136927116524337,1,0.997514081018543,0.146825095515341,15.3520947199067,0.0332383967119967,8.26279612995418e-05,1,candidate_diagnostic_only
uniform_64MHz,weak_close,64,17,15,0.15,0.96,3,30,7,20270209,2.86872558386226,3.05915053117807,3.05915053117807,-0.13127441613774,0.0591505311780747,0.0591505311780747,1,0.998930715789524,0.170272238608821,13.6596423913553,0.0348109670522228,3.7222817420357e-05,1,candidate_diagnostic_only
uniform_64MHz,weak_close,64,17,15,0.15,0.96,3,30,8,20270209,2.86470302353755,2.97812653171724,2.97812653171724,-0.135296976462453,-0.0218734682827644,-0.0218734682827644,1,0.998316205840907,0.147992077576833,15.5363355956387,0.0350810329059705,5.90692383020119e-05,1,candidate_diagnostic_only
uniform_64MHz,weak_close,64,17,15,0.15,0.96,3,30,9,20270209,2.8626681663592,2.98178565391016,2.98178565391016,-0.137331833640797,-0.0182143460898434,-0.0182143460898434,1,0.996357918650597,0.146171502978065,15.3077089909149,0.0332846397215265,0.00012122536555137,1,candidate_diagnostic_only
uniform_64MHz,weak_close,64,17,15,0.15,0.96,3,30,10,20270209,2.86459827879504,2.99534883901708,2.99534883901708,-0.135401721204963,-0.00465116098291585,-0.00465116098291585,1,0.998684026322888,0.148535174622371,15.1466522877056,0.0325304363009615,4.28091978770251e-05,1,candidate_diagnostic_only
uniform_64MHz,weak_close,64,17,15,0.15,0.96,3,30,11,20270209,2.86331533929405,3.00611057472589,3.00611057472589,-0.136684660705954,0.00611057472588694,0.00611057472588694,1,0.996277885295249,0.153860660892289,14.619843711984,0.0338055039404519,0.000125827963318281,1,candidate_diagnostic_only
uniform_64MHz,weak_close,64,17,15,0.15,0.96,3,30,12,20270209,2.86485450548003,3.00949530267587,3.00949530267587,-0.135145494519972,0.0094953026758744,0.0094953026758744,1,0.998261034596926,0.155025200550442,14.8314368084786,0.034066841317038,5.92410584423497e-05,1,candidate_diagnostic_only
uniform_64MHz,weak_close,64,17,15,0.15,0.96,3,30,13,20270209,2.86102763165687,2.97915942816374,2.97915942816374,-0.138972368343126,-0.0208405718362572,-0.0208405718362572,1,0.998130562651053,0.147161520180662,15.4418135589292,0.0337764964305973,6.31430439439473e-05,1,candidate_diagnostic_only
uniform_64MHz,weak_close,64,17,15,0.15,0.96,3,30,14,20270209,2.86483404165485,2.99178162684215,2.99178162684215,-0.135165958345153,-0.00821837315785157,-0.00821837315785157,1,0.998117837385619,0.147892488312838,15.1913142857924,0.0328314451202489,6.17941185814264e-05,1,candidate_diagnostic_only
uniform_64MHz,weak_close,64,17,15,0.15,0.96,3,30,15,20270209,2.86864939851685,3.04965269575086,3.04965269575086,-0.131350601483153,0.0496526957508632,0.0496526957508632,1,0.996380354909649,0.167560691795594,13.8046510471435,0.0351387303123434,0.000127189732656241,1,candidate_diagnostic_only
uniform_64MHz,weak_close,64,17,15,0.15,0.96,3,30,16,20270209,2.86850770622967,2.98506318048267,2.98506318048267,-0.131492293770332,-0.0149368195173256,-0.0149368195173256,1,0.99708100977339,0.143834330119867,15.2816251242269,0.0321791199131132,9.39305365272869e-05,1,candidate_diagnostic_only
uniform_64MHz,weak_close,64,17,15,0.15,0.96,3,30,17,20270209,2.86824906210745,2.99109277191998,2.99109277191998,-0.131750937892554,-0.00890722808002264,-0.00890722808002264,1,0.996127193847971,0.144992301486506,15.0979904836534,0.0319605437732731,0.000123776990547331,1,candidate_diagnostic_only
uniform_64MHz,weak_close,64,17,15,0.15,0.96,3,30,18,20270209,2.86970763061624,2.97867297604867,2.97867297604867,-0.130292369383757,-0.0213270239513328,-0.0213270239513328,1,0.997769970251661,0.141503685865051,15.583812610701,0.0320097173167833,7.13826218523561e-05,1,candidate_diagnostic_only
uniform_64MHz,weak_close,64,17,15,0.15,0.96,3,30,19,20270209,2.86692519283662,2.99770590331667,2.99770590331667,-0.133074807163378,-0.00229409668333425,-0.00229409668333425,1,0.997536292403735,0.150719474100818,15.0937755818164,0.0338769525049065,8.34629052246516e-05,1,candidate_diagnostic_only
uniform_64MHz,weak_close,64,17,15,0.15,0.96,3,30,20,20270209,2.86399571665309,2.97918021485485,2.97918021485485,-0.136004283346908,-0.0208197851451533,-0.0208197851451533,1,0.998471172948235,0.143487311710107,15.3917121220891,0.0321238418572685,4.91117984380285e-05,1,candidate_diagnostic_only
uniform_64MHz,weak_close,64,17,15,0.15,0.96,15,30,1,20270209,14.8693151330253,14.9925648235134,14.9925648235134,-0.130684866974692,-0.00743517648658809,-0.00743517648658809,1,0.999060349227041,0.14746598729835,15.2196758159045,0.0331788417525152,3.11765242986262e-05,1,candidate_diagnostic_only
uniform_64MHz,weak_close,64,17,15,0.15,0.96,15,30,2,20270209,14.8648589196836,14.9999026947118,14.9999026947118,-0.135141080316394,-9.73052882340397e-05,-9.73052882340397e-05,1,0.997582695409015,0.149393004606801,14.8865605812723,0.0324149051866556,7.83566991240381e-05,1,candidate_diagnostic_only
uniform_64MHz,weak_close,64,17,15,0.15,0.96,15,30,3,20270209,14.8744446352944,15.0156601837851,15.0156601837851,-0.125555364705578,0.0156601837851262,0.0156601837851262,1,0.998939713492096,0.154653968894202,14.7434101317286,0.0345237177353019,3.66050321174427e-05,1,candidate_diagnostic_only
uniform_64MHz,weak_close,64,17,15,0.15,0.96,15,30,4,20270209,14.8631230440526,15.0057772472072,15.0057772472072,-0.136876955947407,0.00577724720719708,0.00577724720719708,1,0.997573342389966,0.153044710402396,14.8326136893269,0.0331928616967825,8.05477104353081e-05,1,candidate_diagnostic_only
uniform_64MHz,weak_close,64,17,15,0.15,0.96,15,30,5,20270209,14.8694993531684,14.9961188474153,14.9961188474153,-0.130500646831628,-0.00388115258468424,-0.00388115258468424,1,0.998383570776954,0.147035625548091,15.1355890729235,0.0324048227967411,5.23801025362758e-05,1,candidate_diagnostic_only
uniform_64MHz,weak_close,64,17,15,0.15,0.96,15,30,6,20270209,14.8691265656873,15.0225817619081,15.0225817619081,-0.130873434312681,0.0225817619080608,0.0225817619080608,1,0.998421398034474,0.156340654568252,14.5023711122948,0.0333536037498117,5.26520644368311e-05,1,candidate_diagnostic_only
uniform_64MHz,weak_close,64,17,15,0.15,0.96,15,30,7,20270209,14.8661535856561,15.0083284221298,15.0083284221298,-0.133846414343873,0.00832842212979656,0.00832842212979656,1,0.998632851166566,0.156413086662363,14.8949283391733,0.0353709724889752,4.83573837757323e-05,1,candidate_diagnostic_only
uniform_64MHz,weak_close,64,17,15,0.15,0.96,15,30,8,20270209,14.8690744472569,14.9815165782144,14.9815165782144,-0.130925552743131,-0.0184834217856285,-0.0184834217856285,1,0.998472139348445,0.143231410399406,15.4344498567737,0.0324587832978513,4.95924977981232e-05,1,candidate_diagnostic_only
uniform_64MHz,weak_close,64,17,15,0.15,0.96,15,30,9,20270209,14.8690065040982,14.9917130572025,14.9917130572025,-0.130993495901849,-0.00828694279749875,-0.00828694279749875,1,0.998081389721279,0.145775411733354,15.2179839692497,0.032349470620316,6.20660268433326e-05,1,candidate_diagnostic_only
uniform_64MHz,weak_close,64,17,15,0.15,0.96,15,30,10,20270209,14.8653677550929,14.9854938108809,14.9854938108809,-0.134632244907126,-0.0145061891190856,-0.0145061891190856,1,0.997919138368182,0.147063014001651,15.3589352549601,0.0333980321291933,6.94966836358724e-05,1,candidate_diagnostic_only
uniform_64MHz,weak_close,64,17,15,0.15,0.96,15,30,11,20270209,14.8678213674665,15.0272483765511,15.0272483765511,-0.132178632533535,0.0272483765511424,0.0272483765511424,1,0.9971315129498,0.156244727377246,14.2560964651868,0.032206986427828,9.2385323494204e-05,1,candidate_diagnostic_only
uniform_64MHz,weak_close,64,17,15,0.15,0.96,15,30,12,20270209,14.8657544896499,15.0269028745836,15.0269028745836,-0.134245510350128,0.0269028745836213,0.0269028745836213,1,0.998926325770096,0.158313251579744,14.2288633125903,0.0331474809768277,3.55895961110519e-05,1,candidate_diagnostic_only
uniform_64MHz,weak_close,64,17,15,0.15,0.96,15,30,13,20270209,14.8694880267216,15.0127292435683,15.0127292435683,-0.13051197327837,0.0127292435682769,0.0127292435682769,1,0.996690648049399,0.15348884171466,14.8220418050317,0.0334617469544822,0.000110736697554348,1,candidate_diagnostic_only
uniform_64MHz,weak_close,64,17,15,0.15,0.96,15,30,14,20270209,14.8662784056074,15.020311588212,15.020311588212,-0.133721594392647,0.0203115882119533,0.0203115882119533,1,0.998120851653821,0.155509040809101,14.4252293561274,0.0327588543933788,6.15587470560452e-05,1,candidate_diagnostic_only
uniform_64MHz,weak_close,64,17,15,0.15,0.96,15,30,15,20270209,14.8667963549792,14.9891607265222,14.9891607265222,-0.133203645020796,-0.0108392734777603,-0.0108392734777603,1,0.9988652409147,0.145447236042051,15.1531226827667,0.0321795139400414,3.65159958040095e-05,1,candidate_diagnostic_only
uniform_64MHz,weak_close,64,17,15,0.15,0.96,15,30,16,20270209,14.8656001604222,14.9944591380146,14.9944591380146,-0.134399839577803,-0.00554086198539494,-0.00554086198539494,1,0.997417391018225,0.150111297709961,15.0707824487709,0.0339214777424566,8.76059130927587e-05,1,candidate_diagnostic_only
uniform_64MHz,weak_close,64,17,15,0.15,0.96,15,30,17,20270209,14.8706576474053,15.0130088092233,15.0130088092233,-0.12934235259468,0.013008809223269,0.013008809223269,1,0.998766918882436,0.152710103341774,14.7209619775994,0.0331103375025392,4.08277319705608e-05,1,candidate_diagnostic_only
uniform_64MHz,weak_close,64,17,15,0.15,0.96,15,30,18,20270209,14.8676590573825,14.9865531338256,14.9865531338256,-0.132340942617466,-0.0134468661743767,-0.0134468661743767,1,0.998263419867564,0.14341867995657,15.1992894231994,0.031595656109078,5.48683886703039e-05,1,candidate_diagnostic_only
uniform_64MHz,weak_close,64,17,15,0.15,0.96,15,30,19,20270209,14.8641382334825,15.0052296128533,15.0052296128533,-0.135861766517495,0.00522961285325252,0.00522961285325252,1,0.997305998044099,0.151918000252372,14.7697187570985,0.0329221165504046,8.86922463791961e-05,1,candidate_diagnostic_only
uniform_64MHz,weak_close,64,17,15,0.15,0.96,15,30,20,20270209,14.8661796395328,15.0199141832037,15.0199141832037,-0.133820360467247,0.0199141832037135,0.0199141832037135,1,0.998489104650112,0.155056971542236,14.3459459220074,0.0325543499703349,4.91862159888168e-05,1,candidate_diagnostic_only
uniform_64MHz,original_echo,64,17,25,0.25,1.6,3,0,1,20270209,2.99917657178339,2.9548751494165,2.9548751494165,-0.000823428216613298,-0.0451248505835036,-0.0451248505835036,1,0.989523596518869,0.242911780265021,25.3182394031499,0.0992023990100026,0.0010392843583249,1,candidate_diagnostic_only
uniform_64MHz,original_echo,64,17,25,0.25,1.6,3,0,2,20270209,3.0156714380506,2.95563037773189,2.95563037773189,0.0156714380506027,-0.0443696222681149,-0.0443696222681149,1,0.970948840763522,0.24899552159667,25.8880642524117,0.103224656214155,0.00299879592480812,1,candidate_diagnostic_only
uniform_64MHz,original_echo,64,17,25,0.25,1.6,3,0,3,20270209,3.03977622129083,3.00369343756083,3.00369343756083,0.0397762212908295,0.00369343756083484,0.00369343756083484,1,0.97636021182287,0.237602372471573,24.7914215340041,0.0968372121437366,0.00228921118274172,1,candidate_diagnostic_only
uniform_64MHz,original_echo,64,17,25,0.25,1.6,3,0,4,20270209,3.00362753429138,2.9924086589022,2.9924086589022,0.00362753429138252,-0.00759134109780213,-0.00759134109780213,1,0.963579523368349,0.242779898332295,24.5798956194636,0.10090348144895,0.00367495288816366,1,candidate_diagnostic_only
uniform_64MHz,original_echo,64,17,25,0.25,1.6,3,0,5,20270209,3.04563537237573,2.99663496304977,2.99663496304977,0.0456353723757328,-0.00336503695022605,-0.00336503695022605,1,0.983233663024307,0.258442565017007,24.9909900477124,0.111331115613827,0.00186661500026131,1,candidate_diagnostic_only
uniform_64MHz,original_echo,64,17,25,0.25,1.6,3,0,6,20270209,3.06004105142843,3.01130574213168,3.01130574213168,0.0600410514284273,0.0113057421316838,0.0113057421316838,1,0.94937494201609,0.226048955525365,25.1177085530064,0.0872291313120208,0.00441597983055719,1,candidate_diagnostic_only
uniform_64MHz,original_echo,64,17,25,0.25,1.6,3,0,7,20270209,3.07535558257265,3.01660120801691,3.01660120801691,0.0753555825726471,0.0166012080169136,0.0166012080169136,1,0.972291200549897,0.246156496845324,25.8870725743585,0.104442829014319,0.00289398540315911,1,candidate_diagnostic_only
uniform_64MHz,original_echo,64,17,25,0.25,1.6,3,0,8,20270209,2.99824341423796,2.9675476060485,2.9675476060485,-0.00175658576204274,-0.0324523939514973,-0.0324523939514973,1,0.982355427571863,0.249945433823527,24.8036152415595,0.103537410789784,0.00182687334370213,1,candidate_diagnostic_only
uniform_64MHz,original_echo,64,17,25,0.25,1.6,3,0,9,20270209,3.02002289232315,2.98857270430165,2.98857270430165,0.020022892323146,-0.0114272956983523,-0.0114272956983523,1,0.977798623576481,0.238743382017531,25.0384028432042,0.0976745130544854,0.00216850863130658,1,candidate_diagnostic_only
uniform_64MHz,original_echo,64,17,25,0.25,1.6,3,0,10,20270209,3.08419902059647,3.0310857790158,3.0310857790158,0.0841990205964729,0.0310857790158039,0.0310857790158039,1,0.982118525058662,0.229758194994588,25.5384479498542,0.0883041732128402,0.00157900886052098,1,candidate_diagnostic_only
uniform_64MHz,original_echo,64,17,25,0.25,1.6,3,0,11,20270209,3.05506348368012,3.03923601783271,3.03923601783271,0.055063483680116,0.0392360178327102,0.0392360178327102,1,0.96853283048504,0.230212463365887,24.8012095616379,0.0911589555990342,0.00286851430864155,1,candidate_diagnostic_only
uniform_64MHz,original_echo,64,17,25,0.25,1.6,3,0,12,20270209,3.04570549201399,3.00556497288673,3.00556497288673,0.0457054920139912,0.00556497288673174,0.00556497288673174,1,0.990728812579433,0.248991959191688,24.7267109571775,0.104060172052762,0.000964761358117627,1,candidate_diagnostic_only
uniform_64MHz,original_echo,64,17,25,0.25,1.6,3,0,13,20270209,3.03820858122943,3.00489376232668,3.00489376232668,0.0382085812294291,0.00489376232667738,0.00489376232667738,1,0.953535607712595,0.242923016968609,24.846221917426,0.0986185115033311,0.00458224920529071,1,candidate_diagnostic_only
uniform_64MHz,original_echo,64,17,25,0.25,1.6,3,0,14,20270209,3.02411344272378,3.00642388234972,3.00642388234972,0.0241134427237824,0.00642388234971758,0.00642388234971758,1,0.982267231954955,0.245754994507707,24.4693722320969,0.104425666128266,0.00185175611540189,1,candidate_diagnostic_only
uniform_64MHz,original_echo,64,17,25,0.25,1.6,3,0,15,20270209,3.04284252259424,2.99168517939989,2.99168517939989,0.0428425225942446,-0.00831482060011002,-0.00831482060011002,1,0.986104420374764,0.270000742180314,25.505867231622,0.120039187099701,0.00166801408249251,1,candidate_diagnostic_only
uniform_64MHz,original_echo,64,17,25,0.25,1.6,3,0,16,20270209,3.04478750995909,3.0298703024053,3.0298703024053,0.0447875099590949,0.0298703024052971,0.0298703024052971,1,0.963387061132921,0.264330147211465,24.7231348585768,0.119394200275861,0.0043713725557839,1,candidate_diagnostic_only
uniform_64MHz,original_echo,64,17,25,0.25,1.6,3,0,17,20270209,3.04288508564924,3.01151517482655,3.01151517482655,0.0428850856492393,0.0115151748265454,0.0115151748265454,1,0.939355805038721,0.223544150767956,24.8838981647972,0.0883305567576307,0.00535673550504812,1,candidate_diagnostic_only
uniform_64MHz,original_echo,64,17,25,0.25,1.6,3,0,18,20270209,3.00048902138925,2.95891626151588,2.95891626151588,0.000489021389247224,-0.0410837384841152,-0.0410837384841152,1,0.96500107909163,0.240749611747492,25.2031827750436,0.0983587886318076,0.00344245146396771,1,candidate_diagnostic_only
uniform_64MHz,original_echo,64,17,25,0.25,1.6,3,0,19,20270209,3.03982661097135,3.01071537968252,3.01071537968252,0.0398266109713483,0.0107153796825226,0.0107153796825226,1,0.970260517500934,0.232793213124521,25.0276557191622,0.0923112990193897,0.00274529026165315,1,candidate_diagnostic_only
uniform_64MHz,original_echo,64,17,25,0.25,1.6,3,0,20,20270209,3.06419996003793,3.02926523652105,3.02926523652105,0.0641999600379286,0.029265236521054,0.029265236521054,1,0.964584494268498,0.233954367239905,25.1102304240914,0.0939935771361848,0.0033288300697909,1,candidate_diagnostic_only
uniform_64MHz,original_echo,64,17,25,0.25,1.6,15,0,1,20270209,15.0589260055613,15.022893289841,15.022893289841,0.0589260055613128,0.0228932898410186,0.0228932898410186,1,0.96389892156102,0.247974226420168,24.8003832298525,0.102747317166098,0.0037092889564081,1,candidate_diagnostic_only
uniform_64MHz,original_echo,64,17,25,0.25,1.6,15,0,2,20270209,14.9564272132206,14.9141510628629,14.9141510628629,-0.0435727867793645,-0.0858489371371203,-0.0858489371371203,1,0.97679591567803,0.261460666367703,24.6073374607816,0.118668103437616,0.00275358467849474,1,candidate_diagnostic_only
uniform_64MHz,original_echo,64,17,25,0.25,1.6,15,0,3,20270209,15.0090543060825,14.9590395790342,14.9590395790342,0.00905430608253788,-0.0409604209658028,-0.0409604209658028,1,0.976391133551265,0.267888365576897,25.6160654852373,0.118108990194962,0.00278841937590779,1,candidate_diagnostic_only
uniform_64MHz,original_echo,64,17,25,0.25,1.6,15,0,4,20270209,15.0123512371047,14.9996667859995,14.9996667859995,0.0123512371047383,-0.000333214000477255,-0.000333214000477255,1,0.958030424333445,0.243287106349297,24.3886905976595,0.103012195630571,0.00432337813909522,1,candidate_diagnostic_only
uniform_64MHz,original_echo,64,17,25,0.25,1.6,15,0,5,20270209,15.033818623879,15.0064688138112,15.0064688138112,0.0338186238790392,0.00646881381119613,0.00646881381119613,1,0.962398184759896,0.242160515046774,24.9779129668492,0.0999731575212388,0.00375917219808342,1,candidate_diagnostic_only
uniform_64MHz,original_echo,64,17,25,0.25,1.6,15,0,6,20270209,15.0373916565444,15.0137889710606,15.0137889710606,0.0373916565443881,0.0137889710606132,0.0137889710606132,1,0.969775792923393,0.238089822426413,24.4965142064244,0.0978304868668314,0.00295684889346837,1,candidate_diagnostic_only
uniform_64MHz,original_echo,64,17,25,0.25,1.6,15,0,7,20270209,15.0403285637732,15.0188329230819,15.0188329230819,0.0403285637731887,0.0188329230819342,0.0188329230819342,1,0.982468112252823,0.23424929831903,24.8903696304992,0.0917415885036466,0.00160840323139366,1,candidate_diagnostic_only
uniform_64MHz,original_echo,64,17,25,0.25,1.6,15,0,8,20270209,14.9893560132054,14.9491261584522,14.9491261584522,-0.0106439867946069,-0.0508738415478245,-0.0508738415478245,1,0.989772343038254,0.251553137126739,25.3760561416444,0.105839550245059,0.0010824906128919,1,candidate_diagnostic_only
uniform_64MHz,original_echo,64,17,25,0.25,1.6,15,0,9,20270209,15.0082493443462,14.9711021130458,14.9711021130458,0.00824934434624147,-0.0288978869541836,-0.0288978869541836,1,0.977533907514215,0.255865916176738,24.952927301776,0.11188063950024,0.00251352079438116,1,candidate_diagnostic_only
uniform_64MHz,original_echo,64,17,25,0.25,1.6,15,0,10,20270209,15.0776479097479,15.0445899976426,15.0445899976426,0.0776479097478706,0.0445899976425501,0.0445899976425501,1,0.985099557602523,0.254109926505844,25.0536900234047,0.103638564609255,0.00154426046211742,1,candidate_diagnostic_only
uniform_64MHz,original_echo,64,17,25,0.25,1.6,15,0,11,20270209,15.0323048912389,14.9759467684893,14.9759467684893,0.0323048912388817,-0.024053231510706,-0.024053231510706,1,0.977462491019769,0.26038239829136,25.5080529455972,0.11350079783447,0.00255802525045778,1,candidate_diagnostic_only
uniform_64MHz,original_echo,64,17,25,0.25,1.6,15,0,12,20270209,15.0777019828356,15.0336809897779,15.0336809897779,0.0777019828355598,0.0336809897779489,0.0336809897779489,1,0.980012869440003,0.242343383147569,25.6393218993694,0.0999234213054334,0.00199718246763325,1,candidate_diagnostic_only
uniform_64MHz,original_echo,64,17,25,0.25,1.6,15,0,13,20270209,15.0357847739921,15.0001670767305,15.0001670767305,0.0357847739921002,0.000167076730477334,0.000167076730477334,1,0.972900824519629,0.245178208068795,24.979752755421,0.0996626300207335,0.00270077509976718,1,candidate_diagnostic_only
uniform_64MHz,original_echo,64,17,25,0.25,1.6,15,0,14,20270209,15.0623556106238,15.0138424726152,15.0138424726152,0.0623556106237935,0.0138424726152042,0.0138424726152042,1,0.975117501220846,0.255941807350434,25.4591504598798,0.109115797868609,0.0027150737072521,1,candidate_diagnostic_only
uniform_64MHz,original_echo,64,17,25,0.25,1.6,15,0,15,20270209,15.0395048987444,15.0037274956802,15.0037274956802,0.0395048987444415,0.00372749568015962,0.00372749568015962,1,0.987803232415683,0.248341681038503,24.7973056641523,0.10276696241731,0.00125342475595014,1,candidate_diagnostic_only
uniform_64MHz,original_echo,64,17,25,0.25,1.6,15,0,16,20270209,15.0332510093756,14.982496084845,14.982496084845,0.0332510093755634,-0.0175039151550251,-0.0175039151550251,1,0.986455668898766,0.251322554037134,25.5460144293903,0.103859353841831,0.00140670547639399,1,candidate_diagnostic_only
uniform_64MHz,original_echo,64,17,25,0.25,1.6,15,0,17,20270209,15.1011617233264,15.0678188534716,15.0678188534716,0.101161723326367,0.0678188534716213,0.0678188534716213,1,0.970225186212139,0.235293901741887,25.106832393224,0.0941134967089001,0.00280221183943197,1,candidate_diagnostic_only
uniform_64MHz,original_echo,64,17,25,0.25,1.6,15,0,18,20270209,15.057828132389,15.0183782943251,15.0183782943251,0.0578281323889556,0.0183782943250641,0.0183782943250641,1,0.979524151655935,0.245332086180433,25.2966746786739,0.101172471402275,0.00207159218102726,1,candidate_diagnostic_only
uniform_64MHz,original_echo,64,17,25,0.25,1.6,15,0,19,20270209,15.0259820855718,14.9862578214577,14.9862578214577,0.0259820855717816,-0.013742178542266,-0.013742178542266,1,0.971840683341877,0.236326120909583,25.1917304948616,0.0958576578915686,0.00269928614267467,1,candidate_diagnostic_only
uniform_64MHz,original_echo,64,17,25,0.25,1.6,15,0,20,20270209,15.0712177132487,15.0301147859248,15.0301147859248,0.071217713248668,0.030114785924825,0.030114785924825,1,0.977954166144699,0.240247636808513,25.3042545177874,0.0970021005261539,0.00213849219181483,1,candidate_diagnostic_only
uniform_64MHz,original_echo,64,17,25,0.25,1.6,3,15,1,20270209,4.218021476994,3.00133397838595,3.00133397838595,1.218021476994,0.00133397838595073,0.00133397838595073,1,0.998820190749384,0.251763785315524,25.0200642955869,0.108221846436169,0.000127681135544178,1,candidate_diagnostic_only
uniform_64MHz,original_echo,64,17,25,0.25,1.6,3,15,2,20270209,4.14087150422215,3.00786121971791,3.00786121971791,1.14087150422215,0.00786121971790887,0.00786121971790887,1,0.998217412152274,0.246938668143023,24.8668391701279,0.104095765481195,0.000185559846546557,1,candidate_diagnostic_only
uniform_64MHz,original_echo,64,17,25,0.25,1.6,3,15,3,20270209,4.23562963297343,2.99672562673618,2.99672562673618,1.23562963297343,-0.00327437326382363,-0.00327437326382363,1,0.998883656587867,0.252035545894033,24.9748097403373,0.107744139377133,0.000120279460189554,1,candidate_diagnostic_only
uniform_64MHz,original_echo,64,17,25,0.25,1.6,3,15,4,20270209,4.15964498843382,2.99432032286406,2.99432032286406,1.15964498843382,-0.00567967713593909,-0.00567967713593909,1,0.998563819907872,0.251318870296951,25.01514297604,0.107814582941991,0.0001548411576624,1,candidate_diagnostic_only
uniform_64MHz,original_echo,64,17,25,0.25,1.6,3,15,5,20270209,4.31857040662072,3.00363197962518,3.00363197962518,1.31857040662072,0.00363197962517692,0.00363197962517692,1,0.998851131032852,0.253770590861084,25.0437160972358,0.108976153168476,0.000125199320534453,1,candidate_diagnostic_only
uniform_64MHz,original_echo,64,17,25,0.25,1.6,3,15,6,20270209,4.20116093312245,2.99052971902198,2.99052971902198,1.20116093312245,-0.00947028097802027,-0.00947028097802027,1,0.99824180217863,0.247961703025066,24.9063755844765,0.104354210859923,0.000183475346184681,1,candidate_diagnostic_only
uniform_64MHz,original_echo,64,17,25,0.25,1.6,3,15,7,20270209,4.19008709136199,3.00459674832865,3.00459674832865,1.19008709136199,0.00459674832865353,0.00459674832865353,1,0.99873506503134,0.251452340623742,25.114242614143,0.107572532689566,0.000136072258266395,1,candidate_diagnostic_only
uniform_64MHz,original_echo,64,17,25,0.25,1.6,3,15,8,20270209,4.4684980140391,3.0065302029527,3.0065302029527,1.4684980140391,0.00653020295269524,0.00653020295269524,1,0.997802563194778,0.253850256731932,24.8786944329926,0.10897252343242,0.000239460233748323,1,candidate_diagnostic_only
uniform_64MHz,original_echo,64,17,25,0.25,1.6,3,15,9,20270209,4.39732098469318,3.00415358285503,3.00415358285503,1.39732098469318,0.00415358285503364,0.00415358285503364,1,0.999003454454402,0.254362195761968,24.9987131259622,0.110125950727776,0.00010974552565246,1,candidate_diagnostic_only
uniform_64MHz,original_echo,64,17,25,0.25,1.6,3,15,10,20270209,4.4668829037064,2.99834460084612,2.99834460084612,1.4668829037064,-0.00165539915387747,-0.00165539915387747,1,0.998315961750115,0.251979017854804,24.986652512626,0.108319120341569,0.000182413541849114,1,candidate_diagnostic_only
uniform_64MHz,original_echo,64,17,25,0.25,1.6,3,15,11,20270209,4.24942167377931,3.00576424088923,3.00576424088923,1.24942167377931,0.00576424088922556,0.00576424088922556,1,0.997372218541326,0.245480323666485,24.8902586136942,0.102593243307258,0.000269592622547998,1,candidate_diagnostic_only
uniform_64MHz,original_echo,64,17,25,0.25,1.6,3,15,12,20270209,4.25772011476307,3.0063418534104,3.0063418534104,1.25772011476307,0.00634185341040272,0.00634185341040272,1,0.999380051194386,0.250801912030717,24.8744882270937,0.107096907476609,6.63945998751192e-05,1,candidate_diagnostic_only
uniform_64MHz,original_echo,64,17,25,0.25,1.6,3,15,13,20270209,4.32637232129861,2.9963899973304,2.9963899973304,1.32637232129861,-0.00361000266959932,-0.00361000266959932,1,0.999323909375608,0.253693123029766,24.8803009144335,0.109864057329092,7.42780591178605e-05,1,candidate_diagnostic_only
uniform_64MHz,original_echo,64,17,25,0.25,1.6,3,15,14,20270209,4.18222127363424,3.00485046296833,3.00485046296833,1.18222127363424,0.00485046296833191,0.00485046296833191,1,0.997500323812204,0.252259920014454,24.980582758862,0.107777071906645,0.000269407780235431,1,candidate_diagnostic_only
uniform_64MHz,original_echo,64,17,25,0.25,1.6,3,15,15,20270209,4.40844543020533,2.99070294206234,2.99070294206234,1.40844543020533,-0.00929705793765567,-0.00929705793765567,1,0.998953299867983,0.246820126844829,25.0354706464208,0.103982482683542,0.000108838478352302,1,candidate_diagnostic_only
uniform_64MHz,original_echo,64,17,25,0.25,1.6,3,15,16,20270209,4.42578429623794,3.00953337272577,3.00953337272577,1.42578429623794,0.00953337272576738,0.00953337272576738,1,0.997750418606503,0.248022731648212,24.9199035701485,0.104727098473186,0.00023559213212021,1,candidate_diagnostic_only
uniform_64MHz,original_echo,64,17,25,0.25,1.6,3,15,17,20270209,4.43217731535193,3.00162992283005,3.00162992283005,1.43217731535193,0.00162992283005181,0.00162992283005181,1,0.998516317879716,0.245610499641805,25.0413545596135,0.102930137708121,0.000152715604955889,1,candidate_diagnostic_only
uniform_64MHz,original_echo,64,17,25,0.25,1.6,3,15,18,20270209,4.43624241910413,2.99689358751081,2.99689358751081,1.43624241910413,-0.00310641248918841,-0.00310641248918841,1,0.99907765734406,0.248081359989555,25.0375169385361,0.104919897673383,9.67720970810326e-05,1,candidate_diagnostic_only
uniform_64MHz,original_echo,64,17,25,0.25,1.6,3,15,19,20270209,4.29914634949069,2.98742927364172,2.98742927364172,1.29914634949069,-0.0125707263582768,-0.0125707263582768,1,0.998423094893755,0.249721156330745,24.9818708741574,0.106200798492106,0.000167468581429464,1,candidate_diagnostic_only
uniform_64MHz,original_echo,64,17,25,0.25,1.6,3,15,20,20270209,4.36074736866072,2.99213786238383,2.99213786238383,1.36074736866072,-0.00786213761617027,-0.00786213761617027,1,0.99893432672061,0.249789704276439,24.9966421509097,0.106959672617912,0.00011398406508123,1,candidate_diagnostic_only
uniform_64MHz,original_echo,64,17,25,0.25,1.6,15,15,1,20270209,16.4281303843992,15.0004932048088,15.0004932048088,1.42813038439924,0.000493204808776682,0.000493204808776682,1,0.998802572482015,0.24682877353738,24.9641869933554,0.10406856780256,0.000124614566844095,1,candidate_diagnostic_only
uniform_64MHz,original_echo,64,17,25,0.25,1.6,15,15,2,20270209,16.5303198889362,14.9975658665562,14.9975658665562,1.53031988893617,-0.00243413344383114,-0.00243413344383114,1,0.997569351034999,0.253702401044562,24.8738198408294,0.109133024730741,0.000265264073609162,1,candidate_diagnostic_only
uniform_64MHz,original_echo,64,17,25,0.25,1.6,15,15,3,20270209,16.527429412572,15.0370863646797,15.0370863646797,1.52742941257195,0.0370863646796735,0.0370863646796735,1,0.986558311693328,0.23821482119713,25.0275921996938,0.105290234752997,0.00141527851728607,1,candidate_diagnostic_only
uniform_64MHz,original_echo,64,17,25,0.25,1.6,15,15,4,20270209,16.4261725348139,15.0009830090334,15.0009830090334,1.42617253481391,0.000983009033415527,0.000983009033415527,1,0.996571319032931,0.249793008234164,24.9809592501218,0.10646348650672,0.000365029329873368,1,candidate_diagnostic_only
uniform_64MHz,original_echo,64,17,25,0.25,1.6,15,15,5,20270209,16.3639251254913,15.0033112941743,15.0033112941743,1.36392512549127,0.00331129417434894,0.00331129417434894,1,0.999132194101844,0.253370738154943,25.0369681660201,0.106971217836055,9.28302537710479e-05,1,candidate_diagnostic_only
uniform_64MHz,original_echo,64,17,25,0.25,1.6,15,15,6,20270209,16.3804055465593,14.9902582626258,14.9902582626258,1.38040554655925,-0.00974173737418838,-0.00974173737418838,1,0.998426739829571,0.247405608370788,24.9948114400116,0.104227347717172,0.000163976734832927,1,candidate_diagnostic_only
uniform_64MHz,original_echo,64,17,25,0.25,1.6,15,15,7,20270209,16.3948774339556,15.0027153785205,15.0027153785205,1.39487743395562,0.00271537852046677,0.00271537852046677,1,0.998548007590405,0.248785597657006,24.7802199239575,0.105086305094808,0.000152584517350007,1,candidate_diagnostic_only
uniform_64MHz,original_echo,64,17,25,0.25,1.6,15,15,8,20270209,16.5004808168885,15.0051540273284,15.0051540273284,1.50048081688845,0.00515402732837345,0.00515402732837345,1,0.998477282212761,0.251038658727249,24.9231487524349,0.107050927578049,0.000163008351563576,1,candidate_diagnostic_only
uniform_64MHz,original_echo,64,17,25,0.25,1.6,15,15,9,20270209,16.4090306077868,14.9986875849018,14.9986875849018,1.40903060778678,-0.00131241509821223,-0.00131241509821223,1,0.998611536197634,0.249885718874838,24.9898350283414,0.106247948532209,0.000147521430612585,1,candidate_diagnostic_only
uniform_64MHz,original_echo,64,17,25,0.25,1.6,15,15,10,20270209,16.3166299371563,15.0061734439654,15.0061734439654,1.31662993715628,0.00617344396543729,0.00617344396543729,1,0.997986254714901,0.243325951862106,25.095226193308,0.101101606019314,0.00020359288243732,1,candidate_diagnostic_only
uniform_64MHz,original_echo,64,17,25,0.25,1.6,15,15,11,20270209,16.5022534556377,14.9898440812056,14.9898440812056,1.50225345563768,-0.010155918794398,-0.010155918794398,1,0.998820020018594,0.246834890909548,25.1111747435371,0.103997588628154,0.000122715072695678,1,candidate_diagnostic_only
uniform_64MHz,original_echo,64,17,25,0.25,1.6,15,15,12,20270209,16.2097096761054,15.003039783462,15.003039783462,1.20970967610541,0.00303978346195066,0.00303978346195066,1,0.997570400095473,0.243966097935551,25.2105755865962,0.10238927488243,0.000248764972478943,1,candidate_diagnostic_only
uniform_64MHz,original_echo,64,17,25,0.25,1.6,15,15,13,20270209,16.3485696195612,15.0054539443454,15.0054539443454,1.34856961956123,0.0054539443454491,0.0054539443454491,1,0.998947320574516,0.249515474803679,24.9549833936395,0.106210461217131,0.000111805567294399,1,candidate_diagnostic_only
uniform_64MHz,original_echo,64,17,25,0.25,1.6,15,15,14,20270209,16.5055098078903,15.0042312643992,15.0042312643992,1.50550980789027,0.00423126439920196,0.00423126439920196,1,0.999276390980656,0.247765663318823,24.9024846676804,0.104469954485117,7.55954013158533e-05,1,candidate_diagnostic_only
uniform_64MHz,original_echo,64,17,25,0.25,1.6,15,15,15,20270209,16.4331651937319,15.0068071472827,15.0068071472827,1.4331651937319,0.00680714728272847,0.00680714728272847,1,0.998662091244493,0.254638990323507,24.9872079890397,0.110856084967041,0.000148315326678583,1,candidate_diagnostic_only
uniform_64MHz,original_echo,64,17,25,0.25,1.6,15,15,16,20270209,16.4669199217368,14.9943986063974,14.9943986063974,1.46691992173679,-0.00560139360258205,-0.00560139360258205,1,0.998724961183095,0.244730015915357,25.052250949217,0.101966005935221,0.000130010615572163,1,candidate_diagnostic_only
uniform_64MHz,original_echo,64,17,25,0.25,1.6,15,15,17,20270209,16.4897276270351,15.0015281167994,15.0015281167994,1.48972762703509,0.00152811679937415,0.00152811679937415,1,0.998774925210923,0.250484559147308,24.8051243643489,0.106257416550603,0.000130173282168577,1,candidate_diagnostic_only
uniform_64MHz,original_echo,64,17,25,0.25,1.6,15,15,18,20270209,16.2963992525167,15.0058373237256,15.0058373237256,1.29639925251667,0.00583732372555801,0.00583732372555801,1,0.999280351179773,0.243620318173313,25.050105345286,0.100739065136961,7.24967493765938e-05,1,candidate_diagnostic_only
uniform_64MHz,original_echo,64,17,25,0.25,1.6,15,15,19,20270209,16.5580902759781,14.9965998641856,14.9965998641856,1.55809027597808,-0.00340013581437226,-0.00340013581437226,1,0.99836522658167,0.248995625136888,25.0455522878897,0.104991882562879,0.000171637938754188,1,candidate_diagnostic_only
uniform_64MHz,original_echo,64,17,25,0.25,1.6,15,15,20,20270209,16.1522014261687,14.9961679092354,14.9961679092354,1.15220142616872,-0.00383209076458257,-0.00383209076458257,1,0.998213188057996,0.250821521747593,25.0700149315449,0.107625503030558,0.000192306534079201,1,candidate_diagnostic_only
uniform_64MHz,original_echo,64,17,25,0.25,1.6,3,30,1,20270209,4.29541445046449,3.00437408054617,3.00437408054617,1.29541445046449,0.00437408054617316,0.00437408054617316,1,0.999550539862386,0.252490871637119,24.9680380950888,0.108852962230645,4.89250673838537e-05,1,candidate_diagnostic_only
uniform_64MHz,original_echo,64,17,25,0.25,1.6,3,30,2,20270209,4.37092464570356,3.00199080214779,3.00199080214779,1.37092464570356,0.00199080214779235,0.00199080214779235,1,0.999133475279856,0.248801132193348,24.9547253348402,0.105584258971442,9.1491370456831e-05,1,candidate_diagnostic_only
uniform_64MHz,original_echo,64,17,25,0.25,1.6,3,30,3,20270209,4.34453333756308,3.00315292763086,3.00315292763086,1.34453333756308,0.00315292763085884,0.00315292763085884,1,0.999024141221595,0.249161126088735,24.9658975836209,0.105416268471619,0.000102871390974757,1,candidate_diagnostic_only
uniform_64MHz,original_echo,64,17,25,0.25,1.6,3,30,4,20270209,4.33872318092329,2.99977516435578,2.99977516435578,1.33872318092329,-0.000224835644218935,-0.000224835644218935,1,0.99964274335823,0.247801547427492,24.9562984650897,0.104616206355912,3.73748345574576e-05,1,candidate_diagnostic_only
uniform_64MHz,original_echo,64,17,25,0.25,1.6,3,30,5,20270209,4.29681348110343,3.00180826411076,3.00180826411076,1.29681348110343,0.00180826411076218,0.00180826411076218,1,0.999414363908207,0.251980032797458,24.9997121652454,0.108316336730617,6.34339561202957e-05,1,candidate_diagnostic_only
uniform_64MHz,original_echo,64,17,25,0.25,1.6,3,30,6,20270209,4.33677359127148,2.99694067685305,2.99694067685305,1.33677359127148,-0.00305932314695045,-0.00305932314695045,1,0.998948258513868,0.253589385637919,24.9795050335662,0.109606827667322,0.000115278047821077,1,candidate_diagnostic_only
uniform_64MHz,original_echo,64,17,25,0.25,1.6,3,30,7,20270209,4.33210571899337,2.99580656031531,2.99580656031531,1.33210571899337,-0.00419343968469299,-0.00419343968469299,1,0.998763863855262,0.249012270786462,24.9399271555032,0.105641920990876,0.000130587796936421,1,candidate_diagnostic_only
uniform_64MHz,original_echo,64,17,25,0.25,1.6,3,30,8,20270209,4.30664439999199,3.00181563255475,3.00181563255475,1.30664439999199,0.00181563255475314,0.00181563255475314,1,0.999028423470851,0.250811747430195,24.887733595764,0.107155728925488,0.000104109991187817,1,candidate_diagnostic_only
uniform_64MHz,original_echo,64,17,25,0.25,1.6,3,30,9,20270209,4.34240615573167,3.00139259855087,3.00139259855087,1.34240615573167,0.00139259855086582,0.00139259855086582,1,0.999252012920964,0.250886423859398,24.953683224701,0.106998676861547,8.00336277664293e-05,1,candidate_diagnostic_only
uniform_64MHz,original_echo,64,17,25,0.25,1.6,3,30,10,20270209,4.30096608078359,3.00502871638819,3.00502871638819,1.30096608078359,0.00502871638818592,0.00502871638818592,1,0.999286388764737,0.250931877698032,24.9908097239053,0.107226999638201,7.65183916653367e-05,1,candidate_diagnostic_only
uniform_64MHz,original_echo,64,17,25,0.25,1.6,3,30,11,20270209,4.32559653122547,3.00115021430657,3.00115021430657,1.32559653122547,0.00115021430656892,0.00115021430656892,1,0.999357404486027,0.251132065420591,24.9610906034534,0.10719344036976,6.88820239089782e-05,1,candidate_diagnostic_only
uniform_64MHz,original_echo,64,17,25,0.25,1.6,3,30,12,20270209,4.29505791866803,3.00182442630626,3.00182442630626,1.29505791866803,0.00182442630625657,0.00182442630625657,1,0.99922840526467,0.248496815403284,24.9780632020596,0.105150018860854,8.1133200972916e-05,1,candidate_diagnostic_only
uniform_64MHz,original_echo,64,17,25,0.25,1.6,3,30,13,20270209,4.31745597183588,3.00139500338233,3.00139500338233,1.31745597183588,0.00139500338232956,0.00139500338232956,1,0.999592057409306,0.248281768741923,25.0148599051305,0.104852645190664,4.27738597201799e-05,1,candidate_diagnostic_only
uniform_64MHz,original_echo,64,17,25,0.25,1.6,3,30,14,20270209,4.26644473406584,2.99509975351056,2.99509975351056,1.26644473406584,-0.00490024648943521,-0.00490024648943521,1,0.999678470198996,0.248637573609237,24.8792964584993,0.105145996447746,3.3807571314215e-05,1,candidate_diagnostic_only
uniform_64MHz,original_echo,64,17,25,0.25,1.6,3,30,15,20270209,4.33727489982055,3.00218829916354,3.00218829916354,1.33727489982055,0.00218829916354002,0.00218829916354002,1,0.99941764663117,0.251379183340367,24.9821780292215,0.107849606361347,6.28065815915235e-05,1,candidate_diagnostic_only
uniform_64MHz,original_echo,64,17,25,0.25,1.6,3,30,16,20270209,4.3043398634256,2.99956966133861,2.99956966133861,1.3043398634256,-0.000430338661391971,-0.000430338661391971,1,0.998481573266201,0.251706172815283,25.0090582080259,0.107747858767315,0.000163607229261897,1,candidate_diagnostic_only
uniform_64MHz,original_echo,64,17,25,0.25,1.6,3,30,17,20270209,4.34607260863747,2.99763823916461,2.99763823916461,1.34607260863747,-0.00236176083538808,-0.00236176083538808,1,0.998798253752417,0.250642782158765,24.8108412068076,0.106712352361622,0.000128241169021326,1,candidate_diagnostic_only
uniform_64MHz,original_echo,64,17,25,0.25,1.6,3,30,18,20270209,4.36126639600489,3.00139748378045,3.00139748378045,1.36126639600489,0.00139748378044668,0.00139748378044668,1,0.999505031360215,0.251546246527308,24.9974679983319,0.10774682288464,5.33312983643786e-05,1,candidate_diagnostic_only
uniform_64MHz,original_echo,64,17,25,0.25,1.6,3,30,19,20270209,4.32725770416388,3.00175032328703,3.00175032328703,1.32725770416388,0.00175032328703439,0.00175032328703439,1,0.999151109879658,0.251565194657596,24.9956069481895,0.107949207472073,9.16370157217905e-05,1,candidate_diagnostic_only
uniform_64MHz,original_echo,64,17,25,0.25,1.6,3,30,20,20270209,4.31847923803954,3.00010432071482,3.00010432071482,1.31847923803954,0.000104320714824357,0.000104320714824357,1,0.999337511158239,0.251018271936676,25.0936854701653,0.107215253026866,7.10289087968441e-05,1,candidate_diagnostic_only
uniform_64MHz,original_echo,64,17,25,0.25,1.6,15,30,1,20270209,16.3063248817323,16.1329544687468,16.3063248817323,1.30632488173229,1.13295446874682,1.30632488173229,0,0.413866120641836,0.568057760958776,5.00776281875889,0.106386125604291,0.062356512510328,1,candidate_diagnostic_only
uniform_64MHz,original_echo,64,17,25,0.25,1.6,15,30,2,20270209,16.3313249147527,14.9982070417019,14.9982070417019,1.33132491475267,-0.00179295829812531,-0.00179295829812531,1,0.999129984798744,0.253045395427299,24.9873795484223,0.108777119036156,9.46377471102711e-05,1,candidate_diagnostic_only
uniform_64MHz,original_echo,64,17,25,0.25,1.6,15,30,3,20270209,16.3072682165054,15.0015018186392,15.0015018186392,1.30726821650543,0.00150181863922505,0.00150181863922505,1,0.999011258261497,0.252574167244001,25.0021774028412,0.10876426514395,0.000107539768605447,1,candidate_diagnostic_only
uniform_64MHz,original_echo,64,17,25,0.25,1.6,15,30,4,20270209,16.3704547093708,14.9990577911525,14.9990577911525,1.37045470937075,-0.000942208847540371,-0.000942208847540371,1,0.998792084840875,0.252796550894031,25.0113933810476,0.108823613294852,0.000131449692169605,1,candidate_diagnostic_only
uniform_64MHz,original_echo,64,17,25,0.25,1.6,15,30,5,20270209,16.3368077732664,15.00335389416,15.00335389416,1.33680777326641,0.00335389415998222,0.00335389415998222,1,0.999375117856371,0.256334654584145,25.0417642402404,0.111694176019877,6.97956961421831e-05,1,candidate_diagnostic_only
uniform_64MHz,original_echo,64,17,25,0.25,1.6,15,30,6,20270209,16.2634309643665,14.9991461642649,14.9991461642649,1.26343096436647,-0.000853835735085795,-0.000853835735085795,1,0.999433514929219,0.249477380119236,25.0221108084023,0.106092720739319,6.0099942417402e-05,1,candidate_diagnostic_only
uniform_64MHz,original_echo,64,17,25,0.25,1.6,15,30,7,20270209,16.3324746683906,15.0300656961609,15.0300656961609,1.33247466839057,0.0300656961608698,0.0300656961608698,1,0.989338407420982,0.23826722633637,25.3378391444288,0.104942328518565,0.00111885235095843,1,candidate_diagnostic_only
uniform_64MHz,original_echo,64,17,25,0.25,1.6,15,30,8,20270209,16.2927304693244,15.0022981764208,15.0022981764208,1.29273046932435,0.00229817642075503,0.00229817642075503,1,0.999514494315711,0.249111397501303,24.9107212427985,0.105814921074056,5.13737456639962e-05,1,candidate_diagnostic_only
uniform_64MHz,original_echo,64,17,25,0.25,1.6,15,30,9,20270209,16.3375849011838,15.00145746403,15.00145746403,1.33758490118376,0.00145746402997204,0.00145746402997204,1,0.998933640563152,0.248957510255448,24.9632458456659,0.105492869695696,0.000112493317120155,1,candidate_diagnostic_only
uniform_64MHz,original_echo,64,17,25,0.25,1.6,15,30,10,20270209,16.3127246762506,15.1499992632646,15.1499992632646,1.31272467625065,0.149999263264592,0.149999263264592,1,0.649269055624978,0.143435227625018,21.6126919918786,0.107600779190558,0.0377389229009926,1,candidate_diagnostic_only
uniform_64MHz,original_echo,64,17,25,0.25,1.6,15,30,11,20270209,16.3306340279348,14.9942314583658,14.9942314583658,1.33063402793478,-0.00576854163418083,-0.00576854163418083,1,0.999581201976942,0.248489031312441,25.0301132089017,0.105197139566549,4.40563540817784e-05,1,candidate_diagnostic_only
uniform_64MHz,original_echo,64,17,25,0.25,1.6,15,30,12,20270209,16.3145588583723,15.0087794989786,15.0087794989786,1.3145588583723,0.00877949897863317,0.00877949897863317,1,0.983985806800512,0.248841112857969,24.6413302031016,0.105658477322787,0.00169203526901085,1,candidate_diagnostic_only
uniform_64MHz,original_echo,64,17,25,0.25,1.6,15,30,13,20270209,16.3024953044441,15.0011649759074,15.0011649759074,1.30249530444411,0.00116497590736309,0.00116497590736309,1,0.99906521966635,0.249277676340885,24.9569246756362,0.105739798953783,9.88434845461406e-05,1,candidate_diagnostic_only
uniform_64MHz,original_echo,64,17,25,0.25,1.6,15,30,14,20270209,16.3257013013838,15.0066567190445,15.0066567190445,1.32570130138381,0.00665671904448573,0.00665671904448573,1,0.999133714582411,0.249077083004165,24.9897110148275,0.10557815092841,9.14608125652805e-05,1,candidate_diagnostic_only
uniform_64MHz,original_echo,64,17,25,0.25,1.6,15,30,15,20270209,16.3393123193402,15.0000156590775,15.0000156590775,1.33931231934022,1.56590775048926e-05,1.56590775048926e-05,1,0.999168158750534,0.253096104416223,24.977962961231,0.108787157672281,9.04936451640026e-05,1,candidate_diagnostic_only
uniform_64MHz,original_echo,64,17,25,0.25,1.6,15,30,16,20270209,16.3344986249644,15.0053215472403,15.0053215472403,1.33449862496443,0.00532154724032452,0.00532154724032452,1,0.999165483774221,0.250407688971592,24.991046074722,0.106799039819619,8.91255316270989e-05,1,candidate_diagnostic_only
uniform_64MHz,original_echo,64,17,25,0.25,1.6,15,30,17,20270209,16.2988328888567,15.0013824929666,15.0013824929666,1.29883288885672,0.00138249296662352,0.00138249296662352,1,0.999607186134493,0.249552317391633,24.9828313072568,0.106098926630895,4.16771294959872e-05,1,candidate_diagnostic_only
uniform_64MHz,original_echo,64,17,25,0.25,1.6,15,30,18,20270209,16.3347350985416,14.9932909262454,14.9932909262454,1.33473509854165,-0.00670907375455521,-0.00670907375455521,1,0.999385147832376,0.248527328082752,24.9373900703926,0.105327148959911,6.4760625847704e-05,1,candidate_diagnostic_only
uniform_64MHz,original_echo,64,17,25,0.25,1.6,15,30,19,20270209,16.3222912140634,15.0020666442685,15.0020666442685,1.32229121406337,0.00206664426847958,0.00206664426847958,1,0.999196701440853,0.251462174430786,24.9318314152481,0.108250165805893,8.69572022192955e-05,1,candidate_diagnostic_only
uniform_64MHz,original_echo,64,17,25,0.25,1.6,15,30,20,20270209,16.2577497508539,14.9993085886325,14.9993085886325,1.25774975085389,-0.000691411367466088,-0.000691411367466088,1,0.998798818881771,0.250349328893291,24.914339070516,0.106414079821394,0.000127822583395165,1,candidate_diagnostic_only
uniform_64MHz,strong_late,64,17,60,0.4,3.84,3,0,1,20270209,8.07718721713867,7.59940279741906,7.59940279741906,5.07718721713867,4.59940279741906,4.59940279741906,1,0.722805581998155,0.699999157604532,30.6179879409545,1.86226720234961,0.516210073319225,1,candidate_diagnostic_only
uniform_64MHz,strong_late,64,17,60,0.4,3.84,3,0,2,20270209,7.37656430917476,7.68833020178181,7.68833020178181,4.37656430917476,4.68833020178181,4.68833020178181,1,0.730870013989082,0.699999869381916,30.5080306171685,1.7714531986204,0.476751174563704,1,candidate_diagnostic_only
uniform_64MHz,strong_late,64,17,60,0.4,3.84,3,0,3,20270209,6.79249804729473,7.47980235515762,7.47980235515762,3.79249804729473,4.47980235515762,4.47980235515762,1,0.705124897876787,0.699999971270572,30.2997310647549,1.76346908585836,0.520003126783613,1,candidate_diagnostic_only
uniform_64MHz,strong_late,64,17,60,0.4,3.84,3,0,4,20270209,7.73038719165855,7.65259292987285,7.65259292987285,4.73038719165855,4.65259292987285,4.65259292987285,1,0.703948677825711,0.699999988371313,30.2373087714733,1.77790028001744,0.526349728593201,1,candidate_diagnostic_only
uniform_64MHz,strong_late,64,17,60,0.4,3.84,3,0,5,20270209,7.91943925227472,7.59546292960085,7.59546292960085,4.91943925227472,4.59546292960085,4.59546292960085,1,0.727689099783497,0.699999996805386,30.5405894954888,1.89602988883549,0.516309605866188,1,candidate_diagnostic_only
uniform_64MHz,strong_late,64,17,60,0.4,3.84,3,0,6,20270209,7.06409120264035,6.04402700954965,7.06409120264035,4.06409120264035,3.04402700954965,4.06409120264035,0,0.508062616914506,0.699999983507993,39.284859684623,1.78750549328444,0.879340774617295,1,candidate_diagnostic_only
uniform_64MHz,strong_late,64,17,60,0.4,3.84,3,0,7,20270209,8.43742303450063,7.62046570662192,7.62046570662192,5.43742303450063,4.62046570662192,4.62046570662192,1,0.695317237228459,0.699999966894931,30.4626718471891,1.87250893102162,0.570521194418052,1,candidate_diagnostic_only
uniform_64MHz,strong_late,64,17,60,0.4,3.84,3,0,8,20270209,7.62778145224355,7.6112720464703,7.6112720464703,4.62778145224355,4.6112720464703,4.6112720464703,1,0.695742551800217,0.699996405082287,30.5737311876582,1.80692887453134,0.549771568443412,1,candidate_diagnostic_only
uniform_64MHz,strong_late,64,17,60,0.4,3.84,3,0,9,20270209,8.57172835965443,7.51971867438193,7.51971867438193,5.57172835965443,4.51971867438193,4.51971867438193,1,0.726241222378801,0.699999035080877,30.6223498653593,1.85919672461241,0.508971422687231,1,candidate_diagnostic_only
uniform_64MHz,strong_late,64,17,60,0.4,3.84,3,0,10,20270209,7.34285581150413,7.52903460215484,7.52903460215484,4.34285581150413,4.52903460215484,4.52903460215484,1,0.713822338809146,0.699999982135354,30.7303553982192,1.8262319734421,0.522626794951616,1,candidate_diagnostic_only
uniform_64MHz,strong_late,64,17,60,0.4,3.84,3,0,11,20270209,8.89861706920403,7.65627991176503,7.65627991176503,5.89861706920403,4.65627991176503,4.65627991176503,1,0.727146148433515,0.699999994989787,30.4643611394905,1.85940027698908,0.507344527180259,1,candidate_diagnostic_only
uniform_64MHz,strong_late,64,17,60,0.4,3.84,3,0,12,20270209,8.48411105242526,7.58510522822752,8.48411105242526,5.48411105242526,4.58510522822752,5.48411105242526,0,0.491819501246206,0.699999993602297,30.5697523461263,0.981002464426717,0.49852632165107,1,candidate_diagnostic_only
uniform_64MHz,strong_late,64,17,60,0.4,3.84,3,0,13,20270209,2.94045664883523,2.95578427151151,2.94045664883523,-0.0595433511647667,-0.0442157284884912,-0.0595433511647667,0,0.088669242113993,0.12690266215286,37.9859428100766,0.320710235394102,0.292273101883506,1,candidate_diagnostic_only
uniform_64MHz,strong_late,64,17,60,0.4,3.84,3,0,14,20270209,7.1566060635324,4.15660682671527,7.1566060635324,4.1566060635324,1.15660682671527,4.1566060635324,0,0.742472963993583,0.40876520083249,7.06709850291155,1.79670162685863,0.46269924455281,1,candidate_diagnostic_only
uniform_64MHz,strong_late,64,17,60,0.4,3.84,3,0,15,20270209,6.3622284574186,6.09452134509059,6.3622284574186,3.3622284574186,3.09452134509059,3.3622284574186,0,0,0.699992918606429,39.6339498876031,0.415296945993562,0.859603241950471,0,weak_or_boundary_solution
uniform_64MHz,strong_late,64,17,60,0.4,3.84,3,0,16,20270209,8.08749782121507,7.66361026610581,7.66361026610581,5.08749782121507,4.66361026610581,4.66361026610581,1,0.711042852958317,0.699999967196906,30.3878332757022,1.87091157316904,0.540613270550194,1,candidate_diagnostic_only
uniform_64MHz,strong_late,64,17,60,0.4,3.84,3,0,17,20270209,6.90417653231272,3.90417653741156,6.90417653231272,3.90417653231272,0.904176537411559,3.90417653231272,0,0.75386155293512,0.278320449329224,6.46055266014707,1.80281767752442,0.443742743486974,1,candidate_diagnostic_only
uniform_64MHz,strong_late,64,17,60,0.4,3.84,3,0,18,20270209,7.0740821295326,4.07790155196365,7.0740821295326,4.0740821295326,1.07790155196365,4.0740821295326,0,0.579760298889144,0.224276116906792,13.2921856951307,1.77485709164656,0.745865413708033,1,candidate_diagnostic_only
uniform_64MHz,strong_late,64,17,60,0.4,3.84,3,0,19,20270209,7.68196912826771,7.51435603038653,7.51435603038653,4.68196912826771,4.51435603038653,4.51435603038653,1,0.723156410594135,0.699989887137291,29.8397231755142,1.81431628664662,0.50228183311277,1,candidate_diagnostic_only
uniform_64MHz,strong_late,64,17,60,0.4,3.84,3,0,20,20270209,8.57302551426483,7.62606919624415,8.57302551426483,5.57302551426483,4.62606919624415,5.57302551426483,0,0.446568206684576,0.699998072902098,30.650139560592,0.9879379353831,0.546756263263406,1,candidate_diagnostic_only
uniform_64MHz,strong_late,64,17,60,0.4,3.84,15,0,1,20270209,19.0478619002663,16.0478661627211,19.0478619002663,4.04786190026626,1.04786616272107,4.04786190026626,0,0.646560536893812,0.196203622949668,6.92121140402833,1.74577164490391,0.617024592880845,1,candidate_diagnostic_only
uniform_64MHz,strong_late,64,17,60,0.4,3.84,15,0,2,20270209,20.9567729489938,19.6396837648066,19.6396837648066,5.95677294899377,4.63968376480665,4.63968376480665,1,0.725177291474234,0.69999864635372,30.3865798095457,1.89762387009571,0.521510131742849,1,candidate_diagnostic_only
uniform_64MHz,strong_late,64,17,60,0.4,3.84,15,0,3,20270209,19.8442611561151,19.617976053906,19.617976053906,4.84426115611507,4.61797605390597,4.61797605390597,1,0.698132359721084,0.699997842753084,30.2026016176175,1.76194625121642,0.531874557152981,1,candidate_diagnostic_only
uniform_64MHz,strong_late,64,17,60,0.4,3.84,15,0,4,20270209,19.213823528908,19.6617135318449,19.6617135318449,4.21382352890797,4.66171353184495,4.66171353184495,1,0.699429935307843,0.699993744393421,30.0287693325445,1.77572118551184,0.533728631604526,1,candidate_diagnostic_only
uniform_64MHz,strong_late,64,17,60,0.4,3.84,15,0,5,20270209,19.7073359372268,19.6296894738405,19.6296894738405,4.70733593722684,4.62968947384051,4.62968947384051,1,0.693528417291416,0.699999616725903,30.4747418567828,1.73946152460774,0.53309552650722,1,candidate_diagnostic_only
uniform_64MHz,strong_late,64,17,60,0.4,3.84,15,0,6,20270209,19.1721827488661,19.6302397228987,19.6302397228987,4.17218274886606,4.63023972289865,4.63023972289865,1,0.713773930786463,0.6999999833343,30.3349155418156,1.78758306429714,0.511652873886458,1,candidate_diagnostic_only
uniform_64MHz,strong_late,64,17,60,0.4,3.84,15,0,7,20270209,19.496035990887,19.6524612437985,19.6524612437985,4.49603599088705,4.6524612437985,4.6524612437985,1,0.692145504337221,0.699999893703513,30.576768086109,1.75933792343862,0.541620089120598,1,candidate_diagnostic_only
uniform_64MHz,strong_late,64,17,60,0.4,3.84,15,0,8,20270209,20.2665908587693,19.5767779854174,19.5767779854174,5.26659085876932,4.57677798541737,4.57677798541737,1,0.717488990034069,0.699999191137855,30.4534143769443,1.859971451029,0.525462413137999,1,candidate_diagnostic_only
uniform_64MHz,strong_late,64,17,60,0.4,3.84,15,0,9,20270209,19.1429332704982,19.6379953521346,19.6379953521346,4.14293327049815,4.63799535213461,4.63799535213461,1,0.719247148608053,0.699999942156238,30.72950011328,1.76813951070972,0.496410209290516,1,candidate_diagnostic_only
uniform_64MHz,strong_late,64,17,60,0.4,3.84,15,0,10,20270209,19.5840360928082,19.6381224727631,19.6381224727631,4.58403609280818,4.63812247276311,4.63812247276311,1,0.72614392615096,0.699997046882831,30.4482386268898,1.83062246629873,0.501327081320416,1,candidate_diagnostic_only
uniform_64MHz,strong_late,64,17,60,0.4,3.84,15,0,11,20270209,20.0986328072655,19.6205340535841,19.6205340535841,5.09863280726545,4.62053405358414,4.62053405358414,1,0.718626990703935,0.699999995285129,30.4520239893108,1.82885081046105,0.514589256092975,1,candidate_diagnostic_only
uniform_64MHz,strong_late,64,17,60,0.4,3.84,15,0,12,20270209,20.5888007881354,19.6086388628962,20.5888007881354,5.58880078813543,4.60863886289619,5.58880078813543,0,0.432553158922509,0.699999959730501,30.2901111241431,0.945949812844467,0.536776233116437,1,candidate_diagnostic_only
uniform_64MHz,strong_late,64,17,60,0.4,3.84,15,0,13,20270209,19.1819028402711,16.1819134441737,19.1819028402711,4.18190284027111,1.18191344417372,4.18190284027111,0,0.662964933812346,0.283304727663994,5.53143405426261,1.77214247603199,0.597274156703396,1,candidate_diagnostic_only
uniform_64MHz,strong_late,64,17,60,0.4,3.84,15,0,14,20270209,19.4106924800279,19.6009982332016,19.6009982332016,4.41069248002791,4.60099823320164,4.60099823320164,1,0.706665376726104,0.699992429492648,30.5029548045963,1.76003932441318,0.516280472173982,1,candidate_diagnostic_only
uniform_64MHz,strong_late,64,17,60,0.4,3.84,15,0,15,20270209,19.4116878931155,19.5847729902228,19.5847729902228,4.41168789311548,4.58477299022285,4.58477299022285,1,0.704739110013348,0.699999954645279,30.0110963569123,1.80994199143274,0.534405083214644,1,candidate_diagnostic_only
uniform_64MHz,strong_late,64,17,60,0.4,3.84,15,0,16,20270209,18.693085723753,19.4327594340472,19.4327594340472,3.69308572375295,4.43275943404717,4.43275943404717,1,0.709217909431242,0.698687694655267,30.0464968563215,1.77991854747394,0.517568436276579,1,candidate_diagnostic_only
uniform_64MHz,strong_late,64,17,60,0.4,3.84,15,0,17,20270209,20.305308123103,19.5468298419953,20.305308123103,5.30530812310298,4.54682984199531,5.30530812310298,0,0.515152445282889,0.699999171370934,30.8662035499743,1.09721027789407,0.53197972024742,1,candidate_diagnostic_only
uniform_64MHz,strong_late,64,17,60,0.4,3.84,15,0,18,20270209,19.697129326516,19.6205059316042,19.6205059316042,4.69712932651596,4.62050593160421,4.62050593160421,1,0.722909401301869,0.699989345560589,30.2164597849709,1.85117421537884,0.512942971633867,1,candidate_diagnostic_only
uniform_64MHz,strong_late,64,17,60,0.4,3.84,15,0,19,20270209,20.081443368445,19.5691027241258,19.5691027241258,5.08144336844498,4.56910272412582,4.56910272412582,1,0.727172671849559,0.699994539547985,30.6547304005079,1.87879329910275,0.512586155941157,1,candidate_diagnostic_only
uniform_64MHz,strong_late,64,17,60,0.4,3.84,15,0,20,20270209,19.8516279295509,19.6486317941951,19.6486317941951,4.85162792955089,4.64863179419512,4.64863179419512,1,0.723174075454258,0.699988376629014,30.4909667154379,1.88045661470113,0.520559140932797,1,candidate_diagnostic_only
uniform_64MHz,strong_late,64,17,60,0.4,3.84,3,15,1,20270209,7.57445215071376,7.63156595322104,7.63156595322104,4.57445215071376,4.63156595322104,4.63156595322104,1,0.654471447495276,0.699999996836422,30.4798805478245,1.75435780097777,0.60618071154722,1,candidate_diagnostic_only
uniform_64MHz,strong_late,64,17,60,0.4,3.84,3,15,2,20270209,7.47997706315531,7.63700390453329,7.63700390453329,4.47997706315531,4.63700390453329,4.63700390453329,1,0.652460494991738,0.69999996540982,30.515303434672,1.75156461117664,0.608737897958318,1,candidate_diagnostic_only
uniform_64MHz,strong_late,64,17,60,0.4,3.84,3,15,3,20270209,7.52360509566651,7.6323472751071,7.6323472751071,4.52360509566651,4.6323472751071,4.6323472751071,1,0.653213359444815,0.699998951889063,30.4686880668668,1.75067490406186,0.607110668683883,1,candidate_diagnostic_only
uniform_64MHz,strong_late,64,17,60,0.4,3.84,3,15,4,20270209,7.29892884228944,7.63113926658959,7.63113926658959,4.29892884228944,4.63113926658959,4.63113926658959,1,0.654788681819399,0.699999809010513,30.5003398038575,1.75346690790145,0.605316622662723,1,candidate_diagnostic_only
uniform_64MHz,strong_late,64,17,60,0.4,3.84,3,15,5,20270209,7.1672747879128,7.62792114930746,7.62792114930746,4.1672747879128,4.62792114930746,4.62792114930746,1,0.651314721109574,0.699976828831538,30.5407820978883,1.75073463678484,0.610455395090452,1,candidate_diagnostic_only
uniform_64MHz,strong_late,64,17,60,0.4,3.84,3,15,6,20270209,7.41483642072952,7.63316133468854,7.63316133468854,4.41483642072952,4.63316133468854,4.63316133468854,1,0.655419903835329,0.699999993368695,30.499286116922,1.75844103389995,0.605923780561147,1,candidate_diagnostic_only
uniform_64MHz,strong_late,64,17,60,0.4,3.84,3,15,7,20270209,7.49019318503454,7.62511183943667,7.62511183943667,4.49019318503454,4.62511183943667,4.62511183943667,1,0.655564864806485,0.699999991395148,30.4862456281237,1.75556832999416,0.604679415082993,1,candidate_diagnostic_only
uniform_64MHz,strong_late,64,17,60,0.4,3.84,3,15,8,20270209,7.42674083201263,7.61910553466589,7.61910553466589,4.42674083201263,4.61910553466589,4.61910553466589,1,0.652593915419988,0.699999999799449,30.5667737949725,1.74927899296508,0.607710165784065,1,candidate_diagnostic_only
uniform_64MHz,strong_late,64,17,60,0.4,3.84,3,15,9,20270209,7.41972118762055,7.64239061615121,7.64239061615121,4.41972118762055,4.64239061615121,4.64239061615121,1,0.655370981299784,0.699990735662764,30.5050524972892,1.75306551043841,0.604157246579584,1,candidate_diagnostic_only
uniform_64MHz,strong_late,64,17,60,0.4,3.84,3,15,10,20270209,7.37580478498574,7.62234228529262,7.62234228529262,4.37580478498574,4.62234228529262,4.62234228529262,1,0.651294518714455,0.69999999669912,30.5697156306043,1.7546211751724,0.611846021362301,1,candidate_diagnostic_only
uniform_64MHz,strong_late,64,17,60,0.4,3.84,3,15,11,20270209,7.50532220793452,7.62569177097138,7.62569177097138,4.50532220793452,4.62569177097138,4.62569177097138,1,0.652945513295849,0.699999856693864,30.5058211409274,1.75509417196974,0.609113306970405,1,candidate_diagnostic_only
uniform_64MHz,strong_late,64,17,60,0.4,3.84,3,15,12,20270209,7.40232473586768,7.62768679207714,7.62768679207714,4.40232473586768,4.62768679207714,4.62768679207714,1,0.651435827274524,0.699999982510335,30.520299094689,1.75084533179028,0.61028195464574,1,candidate_diagnostic_only
uniform_64MHz,strong_late,64,17,60,0.4,3.84,3,15,13,20270209,7.54171851744494,7.6304981024298,7.6304981024298,4.54171851744494,4.6304981024298,4.6304981024298,1,0.652104429003075,0.699998822721641,30.5233933599973,1.7536319656961,0.610080794024307,1,candidate_diagnostic_only
uniform_64MHz,strong_late,64,17,60,0.4,3.84,3,15,14,20270209,7.26973661639901,7.63369041705316,7.63369041705316,4.26973661639901,4.63369041705316,4.63369041705316,1,0.65691457945301,0.699999954632035,30.471418617069,1.75367615422292,0.6016607208748,1,candidate_diagnostic_only
uniform_64MHz,strong_late,64,17,60,0.4,3.84,3,15,15,20270209,7.17403915162142,7.62213374929358,7.62213374929358,4.17403915162142,4.62213374929358,4.62213374929358,1,0.653129350220887,0.699999986184061,30.5950714307106,1.75524888081565,0.608844319812586,1,candidate_diagnostic_only
uniform_64MHz,strong_late,64,17,60,0.4,3.84,3,15,16,20270209,7.51169510949611,7.6315056597838,7.6315056597838,4.51169510949611,4.6315056597838,4.6315056597838,1,0.654338785187935,0.699999973515502,30.5493745447416,1.75456134150384,0.606483804766503,1,candidate_diagnostic_only
uniform_64MHz,strong_late,64,17,60,0.4,3.84,3,15,17,20270209,7.35748008706487,7.61312960325573,7.61312960325573,4.35748008706487,4.61312960325573,4.61312960325573,1,0.649336640778638,0.699999991441672,30.5298739306882,1.74476026513509,0.611823495608225,1,candidate_diagnostic_only
uniform_64MHz,strong_late,64,17,60,0.4,3.84,3,15,18,20270209,7.33195822997346,7.63090504888412,7.63090504888412,4.33195822997346,4.63090504888412,4.63090504888412,1,0.652736054541097,0.699991690953303,30.481412283339,1.75137901203764,0.608190785714109,1,candidate_diagnostic_only
uniform_64MHz,strong_late,64,17,60,0.4,3.84,3,15,19,20270209,7.53750031553628,7.64035155217006,7.64035155217006,4.53750031553628,4.64035155217006,4.64035155217006,1,0.646741822738455,0.699999999396759,30.4298251024898,1.74504828389226,0.616452576001167,1,candidate_diagnostic_only
uniform_64MHz,strong_late,64,17,60,0.4,3.84,3,15,20,20270209,7.25650954672259,7.63040781078047,7.63040781078047,4.25650954672259,4.63040781078047,4.63040781078047,1,0.646838340708591,0.699999992804132,30.4911624058038,1.74104447582965,0.61487015598414,1,candidate_diagnostic_only
uniform_64MHz,strong_late,64,17,60,0.4,3.84,15,15,1,20270209,19.5072970430292,19.6262200925844,19.6262200925844,4.50729704302919,4.62622009258435,4.62622009258435,1,0.654908033931891,0.699999992602979,30.5272894821239,1.75441052519459,0.605432977429987,1,candidate_diagnostic_only
uniform_64MHz,strong_late,64,17,60,0.4,3.84,15,15,2,20270209,19.3673517773876,19.6303189403627,19.6303189403627,4.36735177738765,4.63031894036267,4.63031894036267,1,0.648283949110384,0.699878528817417,30.496758318381,1.74730049047029,0.6145536282257,1,candidate_diagnostic_only
uniform_64MHz,strong_late,64,17,60,0.4,3.84,15,15,3,20270209,19.5272213253158,19.6383421551415,19.6383421551415,4.52722132531577,4.63834215514154,4.63834215514154,1,0.653385459891442,0.69999999888051,30.5293195398092,1.75224697018102,0.607354277725909,1,candidate_diagnostic_only
uniform_64MHz,strong_late,64,17,60,0.4,3.84,15,15,4,20270209,19.2138114207775,19.6168049619605,19.6168049619605,4.21381142077752,4.61680496196049,4.61680496196049,1,0.653409442574945,0.699999990836763,30.4975591122346,1.74402075083452,0.604461124192597,1,candidate_diagnostic_only
uniform_64MHz,strong_late,64,17,60,0.4,3.84,15,15,5,20270209,19.4405682647322,19.6369329159527,19.6369329159527,4.44056826473218,4.63693291595265,4.63693291595265,1,0.652376895041639,0.699999915524155,30.4984678788178,1.75269934282861,0.609278787612561,1,candidate_diagnostic_only
uniform_64MHz,strong_late,64,17,60,0.4,3.84,15,15,6,20270209,19.2667423300628,19.6172999619922,19.6172999619922,4.26674233006282,4.61729996199223,4.61729996199223,1,0.651502709136722,0.699999919548193,30.4609190472118,1.74933660819682,0.609639068764548,1,candidate_diagnostic_only
uniform_64MHz,strong_late,64,17,60,0.4,3.84,15,15,7,20270209,19.6030515831683,21.0447012148008,21.0447012148008,4.60305158316827,6.04470121480085,6.04470121480085,1,0.612753159613153,0.699999810106374,20.1590655385641,1.74738654736836,0.676669919402878,1,candidate_diagnostic_only
uniform_64MHz,strong_late,64,17,60,0.4,3.84,15,15,8,20270209,19.3466577572203,19.6354027034467,19.6354027034467,4.34665775722031,4.63540270344674,4.63540270344674,1,0.653506747824765,0.699998894682188,30.5018904775371,1.74950845519538,0.606192874348717,1,candidate_diagnostic_only
uniform_64MHz,strong_late,64,17,60,0.4,3.84,15,15,9,20270209,19.4268642121309,19.6075130232744,19.6075130232744,4.42686421213089,4.60751302327436,4.60751302327436,1,0.655178892444662,0.699999962945907,30.4704655800701,1.76057771979039,0.607084359275373,1,candidate_diagnostic_only
uniform_64MHz,strong_late,64,17,60,0.4,3.84,15,15,10,20270209,19.3254617505568,19.6262348572792,19.6262348572792,4.32546175055676,4.62623485727917,4.62623485727917,1,0.653005428791885,0.699898269672237,30.5264194688815,1.75561151204229,0.609187663829143,1,candidate_diagnostic_only
uniform_64MHz,strong_late,64,17,60,0.4,3.84,15,15,11,20270209,19.4022507224181,19.6342191059558,19.6342191059558,4.40225072241813,4.63421910595581,4.63421910595581,1,0.653574214251302,0.699999952678184,30.4837965623605,1.74483775574499,0.604456790537955,1,candidate_diagnostic_only
uniform_64MHz,strong_late,64,17,60,0.4,3.84,15,15,12,20270209,19.4158257369615,19.6256899166079,19.6256899166079,4.41582573696149,4.6256899166079,4.6256899166079,1,0.648682158522683,0.699999822349432,30.5219909966901,1.7484720653369,0.614269431877547,1,candidate_diagnostic_only
uniform_64MHz,strong_late,64,17,60,0.4,3.84,15,15,13,20270209,19.3659008968327,19.6319879133265,19.6319879133265,4.36590089683274,4.63198791332655,4.63198791332655,1,0.64987218280947,0.699998177927945,30.6012529729571,1.73946822136391,0.609036211418438,1,candidate_diagnostic_only
uniform_64MHz,strong_late,64,17,60,0.4,3.84,15,15,14,20270209,19.37852277868,19.6273860650897,19.6273860650897,4.37852277868004,4.62738606508972,4.62738606508972,1,0.65459072576345,0.699999824102952,30.5100279001095,1.75396807792098,0.605836840828763,1,candidate_diagnostic_only
uniform_64MHz,strong_late,64,17,60,0.4,3.84,15,15,15,20270209,19.3611139626427,19.6371388912807,19.6371388912807,4.36111396264275,4.6371388912807,4.6371388912807,1,0.655465398448727,0.699999996574094,30.2077627662976,1.75592583691563,0.604977208575312,1,candidate_diagnostic_only
uniform_64MHz,strong_late,64,17,60,0.4,3.84,15,15,16,20270209,19.0600359645686,19.6405435417498,19.6405435417498,4.06003596456861,4.64054354174978,4.64054354174978,1,0.656280732687575,0.698770758778077,30.4586218769603,1.75833439731446,0.60437341073516,1,candidate_diagnostic_only
uniform_64MHz,strong_late,64,17,60,0.4,3.84,15,15,17,20270209,19.3235544300665,19.6212649568769,19.6212649568769,4.32355443006649,4.62126495687692,4.62126495687692,1,0.650741806732752,0.699999999560149,30.4005432789203,1.74302457031819,0.608765612249752,1,candidate_diagnostic_only
uniform_64MHz,strong_late,64,17,60,0.4,3.84,15,15,18,20270209,19.3417649956858,19.6123980963831,19.6123980963831,4.34176499568577,4.61239809638309,4.61239809638309,1,0.652041909851795,0.699999955409133,30.5095840877397,1.75063833003381,0.60914876985881,1,candidate_diagnostic_only
uniform_64MHz,strong_late,64,17,60,0.4,3.84,15,15,19,20270209,19.1667092411862,19.6174094847415,19.6174094847415,4.16670924118617,4.61740948474154,4.61740948474154,1,0.654383325866563,0.699999999703887,30.4520775230565,1.75594434271031,0.606883643690962,1,candidate_diagnostic_only
uniform_64MHz,strong_late,64,17,60,0.4,3.84,15,15,20,20270209,19.4022435591833,19.6233938540577,19.6233938540577,4.40224355918328,4.62339385405774,4.62339385405774,1,0.654936995209223,0.69999913202283,30.4819585289292,1.75850809650156,0.606796087727735,1,candidate_diagnostic_only
uniform_64MHz,strong_late,64,17,60,0.4,3.84,3,30,1,20270209,7.44920164290576,7.65239815332201,7.65239815332201,4.44920164290576,4.65239815332201,4.65239815332201,1,0.61140054697756,0.699999587246732,30.501086991558,1.7462179116095,0.678579325309439,1,candidate_diagnostic_only
uniform_64MHz,strong_late,64,17,60,0.4,3.84,3,30,2,20270209,7.45922238403285,7.6482935482289,7.6482935482289,4.45922238403285,4.6482935482289,4.6482935482289,1,0.609238476906906,0.699998617336734,30.548186492401,1.74069091047564,0.680195031411764,1,candidate_diagnostic_only
uniform_64MHz,strong_late,64,17,60,0.4,3.84,3,30,3,20270209,7.38961159156467,7.64361210016202,7.64361210016202,4.38961159156467,4.64361210016202,4.64361210016202,1,0.613289142423541,0.699998957401345,30.4696393847396,1.74377964336245,0.674338521309065,1,candidate_diagnostic_only
uniform_64MHz,strong_late,64,17,60,0.4,3.84,3,30,4,20270209,7.43070646816645,6.05605799112126,7.43070646816645,4.43070646816645,3.05605799112126,4.43070646816645,0,0.453148350635344,0.631463391800578,20.2122718783789,1.74250161895531,0.952889884346297,1,candidate_diagnostic_only
uniform_64MHz,strong_late,64,17,60,0.4,3.84,3,30,5,20270209,7.42524842850427,6.0502966514889,7.42524842850427,4.42524842850427,3.0502966514889,4.42524842850427,0,0.450965151239329,0.631956687091172,20.2088589891388,1.74691662548254,0.959118105269306,1,candidate_diagnostic_only
uniform_64MHz,strong_late,64,17,60,0.4,3.84,3,30,6,20270209,7.42859250580447,7.66479050055014,7.66479050055014,4.42859250580447,4.66479050055014,4.66479050055014,1,0.60979809286916,0.699969621979644,30.4930226215303,1.74413013396593,0.680562904557873,1,candidate_diagnostic_only
uniform_64MHz,strong_late,64,17,60,0.4,3.84,3,30,7,20270209,7.458197817451,9.10926042934204,7.458197817451,4.458197817451,6.10926042934204,4.458197817451,0,0.567338631828392,0.690749443728712,20.5715342776133,1.73539995402765,0.750840518434548,1,candidate_diagnostic_only
uniform_64MHz,strong_late,64,17,60,0.4,3.84,3,30,8,20270209,7.43159702082142,9.07033167567285,7.43159702082142,4.43159702082142,6.07033167567285,4.43159702082142,0,0.579207680590442,0.699842067479985,20.2201134849379,1.7390279100501,0.731769587787939,1,candidate_diagnostic_only
uniform_64MHz,strong_late,64,17,60,0.4,3.84,3,30,9,20270209,7.4355707179591,6.0426020419647,7.4355707179591,4.4355707179591,3.0426020419647,4.4355707179591,0,0.449647769041485,0.629452117425928,20.1939816540876,1.74007574515037,0.957654568380309,1,candidate_diagnostic_only
uniform_64MHz,strong_late,64,17,60,0.4,3.84,3,30,10,20270209,7.43852987449706,7.64422060073173,7.64422060073173,4.43852987449706,4.64422060073173,4.64422060073173,1,0.61164781852169,0.699999941931868,30.5502501677436,1.74665474611984,0.678317180945084,1,candidate_diagnostic_only
uniform_64MHz,strong_late,64,17,60,0.4,3.84,3,30,11,20270209,7.4415780305819,6.05337830660824,7.4415780305819,4.4415780305819,3.05337830660824,4.4415780305819,0,0.450824243934636,0.629884495289224,20.2159654532198,1.74288548686682,0.957150454985438,1,candidate_diagnostic_only
uniform_64MHz,strong_late,64,17,60,0.4,3.84,3,30,12,20270209,7.41395502270463,7.6463169067692,7.6463169067692,4.41395502270463,4.6463169067692,4.6463169067692,1,0.612499476988921,0.699999623805954,30.3315300641627,1.73908818169491,0.673897579969165,1,candidate_diagnostic_only
uniform_64MHz,strong_late,64,17,60,0.4,3.84,3,30,13,20270209,7.43414353052734,6.04842578141658,7.43414353052734,4.43414353052734,3.04842578141658,4.43414353052734,0,0.452649874943943,0.631486810142,20.1979048927397,1.74607352015879,0.955713559615983,1,candidate_diagnostic_only
uniform_64MHz,strong_late,64,17,60,0.4,3.84,3,30,14,20270209,7.43705031904254,7.64730491537583,7.64730491537583,4.43705031904254,4.64730491537583,4.64730491537583,1,0.610060191995377,0.699992301220792,30.5064828962648,1.73998957930208,0.678491202483098,1,candidate_diagnostic_only
uniform_64MHz,strong_late,64,17,60,0.4,3.84,3,30,15,20270209,7.42438935574347,7.64459791364564,7.64459791364564,4.42438935574347,4.64459791364564,4.64459791364564,1,0.611712279881659,0.69976522276703,30.5638351146598,1.73642457014318,0.674232337498365,1,candidate_diagnostic_only
uniform_64MHz,strong_late,64,17,60,0.4,3.84,3,30,16,20270209,7.40157548797675,7.66173497967328,7.66173497967328,4.40157548797675,4.66173497967328,4.66173497967328,1,0.611959777991588,0.699999951292298,30.2560976507384,1.73855854613383,0.674630644216391,1,candidate_diagnostic_only
uniform_64MHz,strong_late,64,17,60,0.4,3.84,3,30,17,20270209,7.4330831391903,7.67233302735762,7.67233302735762,4.4330831391903,4.67233302735762,4.67233302735762,1,0.608916388007491,0.699999987676428,30.5262094965253,1.74391531670498,0.682016701066043,1,candidate_diagnostic_only
uniform_64MHz,strong_late,64,17,60,0.4,3.84,3,30,18,20270209,7.4242325741349,7.65830035509385,7.65830035509385,4.4242325741349,4.65830035509385,4.65830035509385,1,0.610086589366822,0.699999400820606,30.5816687989784,1.74007955958707,0.678480355851672,1,candidate_diagnostic_only
uniform_64MHz,strong_late,64,17,60,0.4,3.84,3,30,19,20270209,7.42305434946785,7.64860882873547,7.64860882873547,4.42305434946785,4.64860882873547,4.64860882873547,1,0.614027445465285,0.699999791789222,30.4823128570128,1.74504418167411,0.673539160576698,1,candidate_diagnostic_only
uniform_64MHz,strong_late,64,17,60,0.4,3.84,3,30,20,20270209,7.41878631908453,7.6446839929208,7.6446839929208,4.41878631908453,4.6446839929208,4.6446839929208,1,0.61271677188309,0.699999911272091,30.4843533392976,1.74030552491936,0.673991141600464,1,candidate_diagnostic_only
uniform_64MHz,strong_late,64,17,60,0.4,3.84,15,30,1,20270209,19.4356139426688,18.0529744785415,19.4356139426688,4.43561394266884,3.05297447854154,4.43561394266884,0,0.450779055477697,0.630001150352543,20.1997083059941,1.73771128233638,0.954387431791847,1,candidate_diagnostic_only
uniform_64MHz,strong_late,64,17,60,0.4,3.84,15,30,2,20270209,19.4162824402747,18.051014533294,19.4162824402747,4.41628244027466,3.05101453329405,4.41628244027466,0,0.451110219087926,0.630710657413229,20.2138453168237,1.74050912069331,0.955347669932816,1,candidate_diagnostic_only
uniform_64MHz,strong_late,64,17,60,0.4,3.84,15,30,3,20270209,19.4250527345197,18.3225826571744,19.4250527345197,4.42505273451966,3.32258265717442,4.42505273451966,0,0.421171867110398,0.699979238574011,21.053645327828,1.74347923096019,1.00917482798849,1,candidate_diagnostic_only
uniform_64MHz,strong_late,64,17,60,0.4,3.84,15,30,4,20270209,19.4476804828335,19.7311651404811,19.7311651404811,4.44768048283348,4.73116514048112,4.73116514048112,1,0.610286962054553,0.699983899801151,30.7601445625003,1.73744131971789,0.677103534959203,1,candidate_diagnostic_only
uniform_64MHz,strong_late,64,17,60,0.4,3.84,15,30,5,20270209,19.4285567332767,19.6442140106873,19.6442140106873,4.42855673327672,4.64421401068733,4.64421401068733,1,0.613635419018525,0.699999998493509,30.4617565935955,1.7479774927681,0.675356591558395,1,candidate_diagnostic_only
uniform_64MHz,strong_late,64,17,60,0.4,3.84,15,30,6,20270209,19.4651451141727,19.6406811329586,19.6406811329586,4.46514511417272,4.64068113295858,4.64068113295858,1,0.611305935547647,0.699999961803369,30.5118881218098,1.74052740835043,0.676532672642449,1,candidate_diagnostic_only
uniform_64MHz,strong_late,64,17,60,0.4,3.84,15,30,7,20270209,19.4219764544787,18.0480480193155,19.4219764544787,4.42197645447873,3.04804801931552,4.42197645447873,0,0.451921258480202,0.629797105033711,20.2133555331985,1.73937645009074,0.953315255794905,1,candidate_diagnostic_only
uniform_64MHz,strong_late,64,17,60,0.4,3.84,15,30,8,20270209,19.440693534818,18.0500489898607,19.440693534818,4.44069353481799,3.05004898986066,4.44069353481799,0,0.452580449174302,0.63082170873474,20.2181556078284,1.74302233366572,0.954164502974449,1,candidate_diagnostic_only
uniform_64MHz,strong_late,64,17,60,0.4,3.84,15,30,9,20270209,19.4406561786655,19.5386148576187,19.4406561786655,4.44065617866554,4.5386148576187,4.44065617866554,0,0.589618757815986,0.699999811690075,28.8727138486911,1.74358522129994,0.715534668970757,1,candidate_diagnostic_only
uniform_64MHz,strong_late,64,17,60,0.4,3.84,15,30,10,20270209,19.4252009725991,18.0469411686471,19.4252009725991,4.42520097259909,3.04694116864709,4.42520097259909,0,0.450557634977318,0.63089745899896,20.1913149068887,1.74223761605279,0.957259156195524,1,candidate_diagnostic_only
uniform_64MHz,strong_late,64,17,60,0.4,3.84,15,30,11,20270209,19.4365991946062,19.5927964703313,19.5927964703313,4.43659919460617,4.59279647033125,4.59279647033125,1,0.609633713348903,0.699999999027747,29.7094142226772,1.74562601719864,0.681433546215377,1,candidate_diagnostic_only
uniform_64MHz,strong_late,64,17,60,0.4,3.84,15,30,12,20270209,19.4160613546624,18.0464345343483,19.4160613546624,4.41606135466241,3.04643453434835,4.41606135466241,0,0.453832799705596,0.631944073889235,20.2086255441627,1.74739755809058,0.95437123210361,1,candidate_diagnostic_only
uniform_64MHz,strong_late,64,17,60,0.4,3.84,15,30,13,20270209,19.3985778943075,18.0236509600481,19.3985778943075,4.3985778943075,3.02365096004808,4.3985778943075,0,0.446783676632357,0.673221356761883,20.0913797448226,1.746313194048,0.96608896465964,1,candidate_diagnostic_only
uniform_64MHz,strong_late,64,17,60,0.4,3.84,15,30,14,20270209,19.4409719737724,21.0138836756278,19.4409719737724,4.44097197377236,6.01388367562782,4.44097197377236,0,0.578526788636581,0.699895870501366,20.0369677889946,1.74196111168262,0.734189943811065,1,candidate_diagnostic_only
uniform_64MHz,strong_late,64,17,60,0.4,3.84,15,30,15,20270209,19.4059629034796,18.0573595991047,19.4059629034796,4.40596290347958,3.05735959910472,4.40596290347958,0,0.454261371215111,0.635084408338423,20.1918340691509,1.74941874432824,0.954725386700279,1,candidate_diagnostic_only
uniform_64MHz,strong_late,64,17,60,0.4,3.84,15,30,16,20270209,19.406828301509,18.0521869238624,19.406828301509,4.40682830150898,3.05218692386239,4.40682830150898,0,0.451186155763408,0.630511805111335,20.1960787608856,1.74282474119381,0.956486346045219,1,candidate_diagnostic_only
uniform_64MHz,strong_late,64,17,60,0.4,3.84,15,30,17,20270209,19.445033128173,19.6370115028217,19.6370115028217,4.44503312817299,4.63701150282171,4.63701150282171,1,0.610657456794522,0.699999769773351,30.5130243002111,1.74444835015393,0.679187957139531,1,candidate_diagnostic_only
uniform_64MHz,strong_late,64,17,60,0.4,3.84,15,30,18,20270209,19.4217640791673,18.0525787451843,19.4217640791673,4.42176407916735,3.05257874518429,4.42176407916735,0,0.452047925992023,0.630380351592479,20.2116496009162,1.7399225628484,0.953394176926057,1,candidate_diagnostic_only
uniform_64MHz,strong_late,64,17,60,0.4,3.84,15,30,19,20270209,19.4177268425606,19.0221069315323,19.4177268425606,4.41772684256059,4.02210693153226,4.41772684256059,0,0.451545159862328,0.576013826282544,31.6262010887813,1.74304630585387,0.955982183029646,1,candidate_diagnostic_only
uniform_64MHz,strong_late,64,17,60,0.4,3.84,15,30,20,20270209,19.4337664830304,19.7026545934469,19.7026545934469,4.43376648303045,4.70265459344691,4.70265459344691,1,0.603835369306757,0.695625974998325,29.6953243435571,1.7448309921507,0.691240325627507,1,candidate_diagnostic_only
nonuniform_32MHz,LOS,32,17,0,0,0,3,0,1,20270209,3.04790266673061,3.08458446051476,3.04790266673061,0.0479026667306131,0.0845844605147574,0.0479026667306131,0,0.146405895772469,0.0297393322831264,52.4355239787378,0.00892970501211821,0.00762234355083513,1,candidate_diagnostic_only
nonuniform_32MHz,LOS,32,17,0,0,0,3,0,2,20270209,3.07079516592505,3.0743540044294,3.07079516592505,0.0707951659250461,0.0743540044293987,0.0707951659250461,0,0.306247933727498,0.0197313848815733,64.2979599359348,0.00250673389850586,0.00173905182168377,0,weak_or_boundary_solution
nonuniform_32MHz,LOS,32,17,0,0,0,3,0,3,20270209,3.07344524043338,3.33083378594053,3.07344524043338,0.0734452404333821,0.330833785940533,0.0734452404333821,0,0.0960415616140724,0.077274594017029,13.6967716373859,0.00199243508077762,0.00180107850420508,1,candidate_diagnostic_only
nonuniform_32MHz,LOS,32,17,0,0,0,3,0,4,20270209,2.92249746206555,2.90563971557739,2.92249746206555,-0.0775025379344489,-0.0943602844226104,-0.0775025379344489,0,0.261376353267143,0.0188358813944232,95.9943231320029,0.00220723807844569,0.00163031823870918,0,weak_or_boundary_solution
nonuniform_32MHz,LOS,32,17,0,0,0,3,0,5,20270209,3.08159256549745,3.08424671640464,3.08159256549745,0.0815925654974543,0.084246716404639,0.0815925654974543,0,0.0114153112805926,0.000639231619925615,63.5651474492091,0.00130231553094551,0.00128744919377421,0,weak_or_boundary_solution
nonuniform_32MHz,LOS,32,17,0,0,0,3,0,6,20270209,2.94092157528918,2.93769744788138,2.94092157528918,-0.0590784247108194,-0.0623025521186182,-0.0590784247108194,0,0.318345082577867,0.0271824051884951,99.9999960952793,0.00507635055545652,0.00346031931868551,1,candidate_diagnostic_only
nonuniform_32MHz,LOS,32,17,0,0,0,3,0,7,20270209,3.10184951941431,3.12864562631715,3.10184951941431,0.101849519414313,0.12864562631715,0.101849519414313,0,0.154819109129085,0.015472719990988,56.7486756942504,0.00496926143477672,0.00419992480641507,0,weak_or_boundary_solution
nonuniform_32MHz,LOS,32,17,0,0,0,3,0,8,20270209,3.06219908353215,3.04485292500192,3.06219908353215,0.0621990835321489,0.0448529250019236,0.0621990835321489,0,0.400345204890059,0.0274432029141515,79.3522669190979,0.0034933813225495,0.00209482286121432,1,candidate_diagnostic_only
nonuniform_32MHz,LOS,32,17,0,0,0,3,0,9,20270209,3.06341239746774,3.05353227046651,3.06341239746774,0.063412397467745,0.0535322704665053,0.063412397467745,0,0.505457942761055,0.0330198024401315,71.2339713134234,0.00412790916322936,0.00204142468967894,1,candidate_diagnostic_only
nonuniform_32MHz,LOS,32,17,0,0,0,3,0,10,20270209,3.00256268980768,3.10434247988237,3.00256268980768,0.00256268980767516,0.104342479882373,0.00256268980767516,0,0.0752738638409321,0.0422153575852874,13.2749694869568,0.00354313443755871,0.0032764290183358,1,candidate_diagnostic_only
nonuniform_32MHz,LOS,32,17,0,0,0,3,0,11,20270209,2.92810897066334,3.26321519344935,2.92810897066334,-0.0718910293366593,0.263215193449351,-0.0718910293366593,0,0.0122056786522729,0.193693557688024,5.00005378527112,0.00369644139821435,0.00365132382235078,1,candidate_diagnostic_only
nonuniform_32MHz,LOS,32,17,0,0,0,3,0,12,20270209,3.10984631938411,3.2736807506826,3.10984631938411,0.109846319384113,0.273680750682603,0.109846319384113,0,0.118880756088294,0.0611058623976455,12.0439651560894,0.00230745349427686,0.00203314167823865,1,candidate_diagnostic_only
nonuniform_32MHz,LOS,32,17,0,0,0,3,0,13,20270209,3.06739483692308,3.06710490522216,3.06739483692308,0.067394836923083,0.0671049052221608,0.067394836923083,0,0.178367446469259,0.0179591036755078,99.9993814888453,0.00331611031673074,0.00272462418732511,0,weak_or_boundary_solution
nonuniform_32MHz,LOS,32,17,0,0,0,3,0,14,20270209,2.99457893130642,2.97574275343979,2.99457893130642,-0.00542106869358339,-0.0242572465602118,-0.00542106869358339,0,0.239062489456541,0.0248945218200776,80.469543196027,0.00471617247139799,0.00358871253967918,1,candidate_diagnostic_only
nonuniform_32MHz,LOS,32,17,0,0,0,3,0,15,20270209,3.00078296850536,3.00103129966501,3.00078296850536,0.000782968505361303,0.00103129966500859,0.000782968505361303,0,4.56278852025119e-11,9.48676458500248e-13,94.6292096548539,0.0026230021734166,0.00262300217329692,0,weak_or_boundary_solution
nonuniform_32MHz,LOS,32,17,0,0,0,3,0,16,20270209,2.96087073953862,2.94260424211287,2.96087073953862,-0.03912926046138,-0.0573957578871256,-0.03912926046138,0,0.308049993987683,0.0188478696300069,35.7763108632944,0.00171066637365769,0.0011836956075375,0,weak_or_boundary_solution
nonuniform_32MHz,LOS,32,17,0,0,0,3,0,17,20270209,2.94045547045392,2.95765717975578,2.94045547045392,-0.059544529546081,-0.0423428202442242,-0.059544529546081,0,0.220696325341161,0.0224883335773226,48.9954084347099,0.00339996330091319,0.00264960389410684,1,candidate_diagnostic_only
nonuniform_32MHz,LOS,32,17,0,0,0,3,0,18,20270209,2.94988350335687,2.94752104410847,2.94988350335687,-0.0501164966431333,-0.0524789558915257,-0.0501164966431333,0,0.136549175224226,0.0138715945889471,99.9997360461714,0.00250130207961519,0.00215975134365709,0,weak_or_boundary_solution
nonuniform_32MHz,LOS,32,17,0,0,0,3,0,19,20270209,2.94445028341375,2.77182756555247,2.94445028341375,-0.0555497165862517,-0.228172434447535,-0.0555497165862517,0,0.0755440668797375,0.061247760669199,14.1353769120464,0.00462667691349217,0.00427715892330838,1,candidate_diagnostic_only
nonuniform_32MHz,LOS,32,17,0,0,0,3,0,20,20270209,3.02663854256077,3.48563736408205,3.02663854256077,0.0266385425607703,0.485637364082045,0.0266385425607703,0,0.0318916999843672,0.183883434978728,7.59559860978987,0.00277939208429823,0.00269075254580686,1,candidate_diagnostic_only
nonuniform_32MHz,LOS,32,17,0,0,0,15,0,1,20270209,15.0214122868047,15.0288664430015,15.0214122868047,0.02141228680469,0.0288664430015046,0.02141228680469,0,0.380164787703104,0.0270394694016382,39.6791387871723,0.00401889485442508,0.00249105254529147,1,candidate_diagnostic_only
nonuniform_32MHz,LOS,32,17,0,0,0,15,0,2,20270209,14.9368196653992,14.938170880763,14.9368196653992,-0.0631803346008066,-0.0618291192369753,-0.0631803346008066,0,0.201331094815732,0.0159257797378708,99.9691604355328,0.00224953368695102,0.0017966326069323,0,weak_or_boundary_solution
nonuniform_32MHz,LOS,32,17,0,0,0,15,0,3,20270209,15.0764120716893,15.0751510914938,15.0764120716893,0.0764120716892798,0.0751510914937725,0.0764120716892798,0,0.264993360813443,0.0438710014544703,12.8371958662072,0.00227280869620849,0.00167052948131419,1,candidate_diagnostic_only
nonuniform_32MHz,LOS,32,17,0,0,0,15,0,4,20270209,15.0994586507837,15.1153045610806,15.0994586507837,0.0994586507836708,0.115304561080642,0.0994586507836708,0,0.309434137024878,0.021182132291222,99.0730226979664,0.00225814931285395,0.00155940082895767,1,candidate_diagnostic_only
nonuniform_32MHz,LOS,32,17,0,0,0,15,0,5,20270209,15.0273336269926,15.0210464027857,15.0273336269926,0.0273336269926396,0.0210464027857036,0.0273336269926396,0,0.0346229284052396,0.00886261757850247,44.2502430177,0.00329356395725977,0.00317953112816949,0,weak_or_boundary_solution
nonuniform_32MHz,LOS,32,17,0,0,0,15,0,6,20270209,15.052627816944,15.0324124768306,15.052627816944,0.0526278169439749,0.0324124768305971,0.0526278169439749,0,0.351829191455402,0.0221008801003035,96.6651269053853,0.00219852133672349,0.00142501735242662,1,candidate_diagnostic_only
nonuniform_32MHz,LOS,32,17,0,0,0,15,0,7,20270209,15.1051139269798,15.5300111174798,15.1051139269798,0.105113926979772,0.530011117479759,0.105113926979772,0,0.0669965502041581,0.248086330292314,5.00229330582864,0.00317018647536793,0.0029577949180144,1,candidate_diagnostic_only
nonuniform_32MHz,LOS,32,17,0,0,0,15,0,8,20270209,15.0089877801765,15.0062274618737,15.0089877801765,0.00898778017646151,0.00622746187367973,0.00898778017646151,0,0.136003247404085,0.0140314150840396,99.9999999994457,0.002899482887742,0.00250514379921651,0,weak_or_boundary_solution
nonuniform_32MHz,LOS,32,17,0,0,0,15,0,9,20270209,15.0648398212427,15.0627684542259,15.0648398212427,0.0648398212427406,0.0627684542258518,0.0648398212427406,0,0,3.49274086257286e-13,98.7553563892025,0.00228802683906149,0.00228802683908325,0,weak_or_boundary_solution
nonuniform_32MHz,LOS,32,17,0,0,0,15,0,10,20270209,14.9556305073526,14.956451028676,14.9556305073526,-0.0443694926474141,-0.0435489713240251,-0.0443694926474141,0,7.91882706691559e-11,6.34682113177047e-12,30.061730606934,0.00469391067014779,0.00469391066977609,0,weak_or_boundary_solution
nonuniform_32MHz,LOS,32,17,0,0,0,15,0,11,20270209,15.0445614285304,14.6652259088354,15.0445614285304,0.0445614285303737,-0.334774091164618,0.0445614285303737,0,0.203036690913553,0.150372671685932,12.0161757200143,0.00260088789578528,0.00207281222398792,1,candidate_diagnostic_only
nonuniform_32MHz,LOS,32,17,0,0,0,15,0,12,20270209,15.0100138315218,15.3552653678892,15.0100138315218,0.0100138315218015,0.355265367889231,0.0100138315218015,0,0.130225814751478,0.181757776105782,6.33253472936878,0.00240102894216587,0.00208835299193044,1,candidate_diagnostic_only
nonuniform_32MHz,LOS,32,17,0,0,0,15,0,13,20270209,14.9841892841684,15.0302822852671,14.9841892841684,-0.015810715831595,0.030282285267127,-0.015810715831595,0,0.140510229300993,0.0192618582525262,28.1101419972912,0.00174786859333653,0.00150227517649881,0,weak_or_boundary_solution
nonuniform_32MHz,LOS,32,17,0,0,0,15,0,14,20270209,14.9665404730284,14.9405583610662,14.9665404730284,-0.0334595269716456,-0.0594416389337944,-0.0334595269716456,0,0.17253191810377,0.0207110274314714,61.0623758204728,0.00383688328082288,0.00317489844884222,1,candidate_diagnostic_only
nonuniform_32MHz,LOS,32,17,0,0,0,15,0,15,20270209,15.0118570855444,15.0094257939818,15.0118570855444,0.0118570855444151,0.0094257939818263,0.0118570855444151,0,9.69648674747194e-11,2.10261961457418e-13,98.8147197101944,0.00321508844836016,0.00321508844804841,0,weak_or_boundary_solution
nonuniform_32MHz,LOS,32,17,0,0,0,15,0,16,20270209,15.0660013368866,15.0487914412445,15.0660013368866,0.0660013368865648,0.0487914412445161,0.0660013368865648,0,0.173490173284653,0.0173657110795236,94.6185321292816,0.00263294707514761,0.00217615663083093,0,weak_or_boundary_solution
nonuniform_32MHz,LOS,32,17,0,0,0,15,0,17,20270209,15.0110504408107,14.9845311531755,15.0110504408107,0.0110504408106582,-0.0154688468245325,0.0110504408106582,0,0.232730978809346,0.0238195883307977,62.8974714686186,0.00348381788990992,0.00267302554239768,1,candidate_diagnostic_only
nonuniform_32MHz,LOS,32,17,0,0,0,15,0,18,20270209,14.8919020858575,15.4529317469314,14.8919020858575,-0.10809791414248,0.452931746931386,-0.10809791414248,0,0.275754076039281,0.187064774450821,10.1499856370984,0.00181720013095488,0.00131609978786495,1,candidate_diagnostic_only
nonuniform_32MHz,LOS,32,17,0,0,0,15,0,19,20270209,14.9461394166879,15.3765869426022,14.9461394166879,-0.053860583312078,0.376586942602188,-0.053860583312078,0,0.0260687634139126,0.185177323894998,6.97364614601729,0.00258563581637006,0.00251823148799857,1,candidate_diagnostic_only
nonuniform_32MHz,LOS,32,17,0,0,0,15,0,20,20270209,14.9115743147852,14.9269131646164,14.9115743147852,-0.0884256852148084,-0.0730868353835632,-0.0884256852148084,0,0.533173384124076,0.026359076958106,63.3546238086662,0.00242833515012952,0.00113361148034752,1,candidate_diagnostic_only
nonuniform_32MHz,LOS,32,17,0,0,0,3,15,1,20270209,3.00536875474609,3.00276415187787,3.00536875474609,0.00536875474609122,0.00276415187786982,0.00536875474609122,0,0.249047311301309,0.00688699535143352,99.9877681817869,0.000220593391866641,0.000165655200731418,0,weak_or_boundary_solution
nonuniform_32MHz,LOS,32,17,0,0,0,3,15,2,20270209,3.00583405866712,3.00466459533735,3.00583405866712,0.00583405866712283,0.00466459533735275,0.00583405866712283,0,0.082086920963533,0.0164167305105929,8.10732542537817,0.000169685779543016,0.000155756796369033,0,weak_or_boundary_solution
nonuniform_32MHz,LOS,32,17,0,0,0,3,15,3,20270209,3.01844768781871,3.18371669755118,3.01844768781871,0.0184476878187056,0.183716697551178,0.0184476878187056,0,0.120762522227741,0.0701106381106356,8.19240730930616,0.000120214499491844,0.000105697093324864,1,candidate_diagnostic_only
nonuniform_32MHz,LOS,32,17,0,0,0,3,15,4,20270209,3.01699557226926,3.05896527826791,3.01699557226926,0.0169955722692587,0.0589652782679053,0.0169955722692587,0,0.236671521076,0.0666105227464923,5.86209159744092,0.000284254354130375,0.000216979443765863,1,candidate_diagnostic_only
nonuniform_32MHz,LOS,32,17,0,0,0,3,15,5,20270209,2.99306744934965,3.26101513908768,2.99306744934965,-0.00693255065035236,0.261015139087681,-0.00693255065035236,0,0.0473313500912843,0.158962147586417,5.00015593188418,0.000122742505730633,0.000116932937220815,1,candidate_diagnostic_only
nonuniform_32MHz,LOS,32,17,0,0,0,3,15,6,20270209,3.00226928739992,3.0007398703171,3.00226928739992,0.00226928739991639,0.000739870317098656,0.00226928739991639,0,0.492921767463939,0.00573129403689238,76.6104970780872,0.000112849039661134,5.72232915747595e-05,0,weak_or_boundary_solution
nonuniform_32MHz,LOS,32,17,0,0,0,3,15,7,20270209,3.00655535140643,2.97585341422635,3.00655535140643,0.00655535140642538,-0.0241465857736531,0.00655535140642538,0,0.0834301598442727,0.0127688859129769,13.7975855645006,0.000309163855912287,0.000283370265995453,0,weak_or_boundary_solution
nonuniform_32MHz,LOS,32,17,0,0,0,3,15,8,20270209,2.99058514145525,2.99032455462192,2.99058514145525,-0.00941485854474555,-0.00967544537807896,-0.00941485854474555,0,0,7.27893028072899e-13,98.5851910849973,0.00026843779688468,0.000268437796894672,0,weak_or_boundary_solution
nonuniform_32MHz,LOS,32,17,0,0,0,3,15,9,20270209,3.01280506603256,3.08662221546948,3.01280506603256,0.0128050660325618,0.0866222154694789,0.0128050660325618,0,0.0242243303700024,0.0555964349484748,5.00000600091187,0.000208775193081934,0.000203717753831656,1,candidate_diagnostic_only
nonuniform_32MHz,LOS,32,17,0,0,0,3,15,10,20270209,3.00491560918994,3.00577641373923,3.00491560918994,0.00491560918993539,0.00577641373923399,0.00491560918993539,0,1.41678712280942e-09,7.73144735638024e-14,98.5008597633072,0.000178351960105072,0.000178351959852385,0,weak_or_boundary_solution
nonuniform_32MHz,LOS,32,17,0,0,0,3,15,11,20270209,3.00619720845794,3.00425757475107,3.00619720845794,0.00619720845793514,0.00425757475107424,0.00619720845793514,0,0.401884644427737,0.00586667992774736,99.9999999459634,0.00014063834780953,8.41179554071925e-05,0,weak_or_boundary_solution
nonuniform_32MHz,LOS,32,17,0,0,0,3,15,12,20270209,2.99415861180499,3.13223973143283,2.99415861180499,-0.00584138819500657,0.132239731432826,-0.00584138819500657,0,0.0319590386491145,0.0599315248860666,7.96028707985655,0.000140945457981267,0.000136440976642227,1,candidate_diagnostic_only
nonuniform_32MHz,LOS,32,17,0,0,0,3,15,13,20270209,3.00619596359619,3.00565220963357,3.00619596359619,0.00619596359619123,0.00565220963357049,0.00619596359619123,0,0.0257097065227118,0.00239392135899809,99.9545098793922,0.000305948981073056,0.000298083122558745,0,weak_or_boundary_solution
nonuniform_32MHz,LOS,32,17,0,0,0,3,15,14,20270209,3.00187420410711,3.37499767158916,3.00187420410711,0.00187420410711381,0.374997671589162,0.00187420410711381,0,0.185988976630503,0.152646204808276,7.77684802819243,0.000291314763708028,0.000237133428928615,1,candidate_diagnostic_only
nonuniform_32MHz,LOS,32,17,0,0,0,3,15,15,20270209,3.0229721226027,3.02306651036954,3.0229721226027,0.0229721226026998,0.0230665103695413,0.0229721226026998,0,2.51903277296662e-11,1.56304135543506e-12,99.9687943149296,0.000193922896151832,0.000193922896146947,0,weak_or_boundary_solution
nonuniform_32MHz,LOS,32,17,0,0,0,3,15,16,20270209,2.96633735076971,2.96495707265075,2.96633735076971,-0.0336626492302923,-0.0350429273492541,-0.0336626492302923,0,0.0367766760102757,0.00188653697367936,99.9999947623508,0.00019196287221046,0.000184903115853174,0,weak_or_boundary_solution
nonuniform_32MHz,LOS,32,17,0,0,0,3,15,17,20270209,2.99703906169547,2.61993593061732,2.99703906169547,-0.0029609383045317,-0.380064069382684,-0.0029609383045317,0,0.340461385310831,0.208771395029305,7.64626522925827,0.000309412557830457,0.000204069529758932,1,candidate_diagnostic_only
nonuniform_32MHz,LOS,32,17,0,0,0,3,15,18,20270209,3.00695547758197,3.33190528983181,3.00695547758197,0.00695547758196557,0.331905289831807,0.00695547758196557,0,0.113247136770623,0.179207033326535,5.24896657483909,8.22286114081638e-05,7.29164566055651e-05,1,candidate_diagnostic_only
nonuniform_32MHz,LOS,32,17,0,0,0,3,15,19,20270209,3.01556410562471,3.01334496097291,3.01556410562471,0.0155641056247116,0.0133449609729119,0.0155641056247116,0,0.182204585211408,0.00602322828850818,84.0676316034881,0.000347913895186069,0.000284522388224406,0,weak_or_boundary_solution
nonuniform_32MHz,LOS,32,17,0,0,0,3,15,20,20270209,3.00219825775317,3.00217637439405,3.00219825775317,0.00219825775317073,0.00217637439405305,0.00219825775317073,0,0.384475828251902,0.00689857611956296,74.352665385471,0.000222392633397961,0.000136888041475158,0,weak_or_boundary_solution
nonuniform_32MHz,LOS,32,17,0,0,0,15,15,1,20270209,15.0011050552895,14.9949020307125,15.0011050552895,0.0011050552895373,-0.00509796928754724,0.0011050552895373,0,0.117037937237181,0.00418102709546931,92.0537291909532,0.000114246984221023,0.000100875752852225,0,weak_or_boundary_solution
nonuniform_32MHz,LOS,32,17,0,0,0,15,15,2,20270209,14.9979125569416,14.9966138549502,14.9979125569416,-0.00208744305842323,-0.00338614504981116,-0.00208744305842323,0,0.00594661814561811,0.000789707211230789,94.2460740925832,0.000159156662879356,0.000158210218979882,0,weak_or_boundary_solution
nonuniform_32MHz,LOS,32,17,0,0,0,15,15,3,20270209,15.0042963147637,15.3984169956527,15.0042963147637,0.00429631476371028,0.398416995652724,0.00429631476371028,0,0.220668627584969,0.198712821832787,5.73791011582423,0.000189718849907594,0.000147853851671487,1,candidate_diagnostic_only
nonuniform_32MHz,LOS,32,17,0,0,0,15,15,4,20270209,14.9783539193609,14.9783697025527,14.9783539193609,-0.0216460806391368,-0.0216302974473024,-0.0216460806391368,0,2.1499253143038e-10,5.4723188599335e-13,86.6043817031528,0.000142526604416382,0.00014252660438574,0,weak_or_boundary_solution
nonuniform_32MHz,LOS,32,17,0,0,0,15,15,5,20270209,14.9922154042023,14.9972585950982,14.9922154042023,-0.00778459579771251,-0.00274140490182972,-0.00778459579771251,0,0.321811895710356,0.00447553433500007,83.8589257715061,0.00010351081670934,7.01998045575802e-05,0,weak_or_boundary_solution
nonuniform_32MHz,LOS,32,17,0,0,0,15,15,6,20270209,14.9718792138211,14.9721799979982,14.9718792138211,-0.0281207861788779,-0.0278200020018247,-0.0281207861788779,0,0.0445313501001705,0.00268557648415882,41.7730829104908,0.000336033382728251,0.000321069362516635,0,weak_or_boundary_solution
nonuniform_32MHz,LOS,32,17,0,0,0,15,15,7,20270209,14.9962568114071,14.9956027074319,14.9962568114071,-0.00374318859291023,-0.00439729256811816,-0.00374318859291023,0,0,2.01430621483309e-11,89.0841322049804,0.000196627472814681,0.000196627472845767,0,weak_or_boundary_solution
nonuniform_32MHz,LOS,32,17,0,0,0,15,15,8,20270209,15.0121610374453,15.0117287957229,15.0121610374453,0.0121610374453187,0.0117287957229451,0.0121610374453187,0,2.61539565890702e-09,3.57577644051005e-13,93.9810554659055,0.000146365960953965,0.00014636596057116,0,weak_or_boundary_solution
nonuniform_32MHz,LOS,32,17,0,0,0,15,15,9,20270209,15.0031722322204,15.0032438746788,15.0031722322204,0.00317223222035423,0.00324387467878751,0.00317223222035423,0,0.0200638428432614,0.00108425185381509,99.9999987211935,0.000110896865261889,0.000108671847985464,0,weak_or_boundary_solution
nonuniform_32MHz,LOS,32,17,0,0,0,15,15,10,20270209,15.0137294664374,15.4332620658622,15.0137294664374,0.0137294664374039,0.433262065862202,0.0137294664374039,0,0.321206352639622,0.230150085745624,5.00020948248383,7.19762058976059e-05,4.88569913243975e-05,1,candidate_diagnostic_only
nonuniform_32MHz,LOS,32,17,0,0,0,15,15,11,20270209,14.9907128036533,14.9935866711514,14.9907128036533,-0.00928719634670294,-0.0064133288485948,-0.00928719634670294,0,0.267909161620195,0.00623131594438103,49.3925479891399,0.000224699300669373,0.000164500299410397,0,weak_or_boundary_solution
nonuniform_32MHz,LOS,32,17,0,0,0,15,15,12,20270209,15.0058881528079,15.0102896635595,15.0058881528079,0.00588815280793753,0.0102896635594831,0.00588815280793753,0,0.386863085896923,0.00501322858160167,55.6903141759878,0.000106922834772094,6.55583369593149e-05,0,weak_or_boundary_solution
nonuniform_32MHz,LOS,32,17,0,0,0,15,15,13,20270209,15.0144385223439,15.3809835468767,15.0144385223439,0.0144385223438519,0.380983546876678,0.0144385223438519,0,0.0759797308883233,0.201424478195138,5.2914861221597,0.000296907786355716,0.000274348812649761,1,candidate_diagnostic_only
nonuniform_32MHz,LOS,32,17,0,0,0,15,15,14,20270209,15.0009800346655,14.9896499961026,15.0009800346655,0.000980034665525764,-0.0103500038973863,0.000980034665525764,0,0.338788580352184,0.00708968058957068,89.8536984959065,0.00022934814041764,0.000151647609519134,0,weak_or_boundary_solution
nonuniform_32MHz,LOS,32,17,0,0,0,15,15,15,20270209,15.0066476511187,15.3406011870128,15.0066476511187,0.00664765111872079,0.34060118701278,0.00664765111872079,0,0.014939013003587,0.192530330436216,5.00000105599112,0.000190544577775453,0.000187698029850303,1,candidate_diagnostic_only
nonuniform_32MHz,LOS,32,17,0,0,0,15,15,16,20270209,14.999366597789,14.9996886250038,14.999366597789,-0.000633402210961975,-0.000311374996224245,-0.000633402210961975,0,0.149002504283285,0.00307728021888443,82.4358872028627,0.000105906329176619,9.01260209098531e-05,0,weak_or_boundary_solution
nonuniform_32MHz,LOS,32,17,0,0,0,15,15,17,20270209,14.9919031430158,15.4416181743474,14.9919031430158,-0.00809685698418861,0.441618174347362,-0.00809685698418861,0,0.399551457260563,0.186365822840993,7.35327995729395,0.000185846885681018,0.00011159149167983,1,candidate_diagnostic_only
nonuniform_32MHz,LOS,32,17,0,0,0,15,15,18,20270209,14.9913990804665,14.9919395561506,14.9913990804665,-0.00860091953352615,-0.0080604438493932,-0.00860091953352615,0,0.0666939946584949,0.00248143277205801,99.9999987552214,0.000171924701201975,0.000160458356098347,0,weak_or_boundary_solution
nonuniform_32MHz,LOS,32,17,0,0,0,15,15,19,20270209,15.022649192953,14.9897977045972,15.022649192953,0.0226491929529526,-0.0102022954027845,0.0226491929529526,0,0.118425623364628,0.00892242411224586,20.2044556007913,0.0001717072528713,0.000151372714413789,0,weak_or_boundary_solution
nonuniform_32MHz,LOS,32,17,0,0,0,15,15,20,20270209,14.971914766296,14.9795637007327,14.971914766296,-0.028085233703953,-0.020436299267331,-0.028085233703953,0,0.295412292771707,0.00511662054958005,31.2194732855539,0.000122055271886579,8.59986441736904e-05,0,weak_or_boundary_solution
nonuniform_32MHz,LOS,32,17,0,0,0,3,30,1,20270209,3.00469816651864,3.1164038602689,3.00469816651864,0.00469816651864097,0.1164038602689,0.00469816651864097,0,0.0461109046154389,0.0590985995045291,6.40869597905624,9.13466759679959e-05,8.71345981054983e-05,1,candidate_diagnostic_only
nonuniform_32MHz,LOS,32,17,0,0,0,3,30,2,20270209,3.00619116003622,3.13331432361396,3.00619116003622,0.00619116003621967,0.133314323613964,0.00619116003621967,0,0.140777768601045,0.0849143090650226,5.0000000971443,5.91127833975413e-05,5.07910176550386e-05,1,candidate_diagnostic_only
nonuniform_32MHz,LOS,32,17,0,0,0,3,30,3,20270209,2.9913907359058,3.18664976970966,2.9913907359058,-0.00860926409419749,0.186649769709665,-0.00860926409419749,0,0.1462633116777,0.0899409976073939,7.35691757885018,0.000180961774064237,0.00015449370570253,1,candidate_diagnostic_only
nonuniform_32MHz,LOS,32,17,0,0,0,3,30,4,20270209,3.00741896957246,3.00657017228967,3.00741896957246,0.00741896957246446,0.00657017228967405,0.00741896957246446,0,0.170138246901447,0.00418223555825027,99.8672134784426,0.000173145537809116,0.000143686859547465,0,weak_or_boundary_solution
nonuniform_32MHz,LOS,32,17,0,0,0,3,30,5,20270209,3.00218944818297,3.03094267027227,3.00218944818297,0.00218944818296984,0.0309426702722657,0.00218944818296984,0,0.0197337380930482,0.0243370799258094,5.34108709323541,0.000123160481787732,0.000120730065096719,1,candidate_diagnostic_only
nonuniform_32MHz,LOS,32,17,0,0,0,3,30,6,20270209,2.98701247019106,2.99865735382373,2.98701247019106,-0.0129875298089406,-0.00134264617627355,-0.0129875298089406,0,0.0898553143105326,0.0312750576283228,5.01034674535957,9.46967719530623e-05,8.6187763745027e-05,1,candidate_diagnostic_only
nonuniform_32MHz,LOS,32,17,0,0,0,3,30,7,20270209,2.99557772961974,2.99284169665599,2.99557772961974,-0.00442227038026033,-0.00715830334401346,-0.00442227038026033,0,0.073271990018226,0.00202582888699856,83.010985817185,0.000102507832144383,9.49968792907097e-05,0,weak_or_boundary_solution
nonuniform_32MHz,LOS,32,17,0,0,0,3,30,8,20270209,2.99165554135977,2.99167301027622,2.99165554135977,-0.00834445864022904,-0.00832698972377521,-0.00834445864022904,0,0.00736700390053892,0.000632710706179553,99.9999952956663,0.000100078994063058,9.9341711723433e-05,0,weak_or_boundary_solution
nonuniform_32MHz,LOS,32,17,0,0,0,3,30,9,20270209,2.99228327016856,2.99164169692386,2.99228327016856,-0.00771672983144223,-0.00835830307614138,-0.00771672983144223,0,0.0673034998933245,0.00232869269931089,99.9999997825676,0.000142580672593207,0.00013298449431054,0,weak_or_boundary_solution
nonuniform_32MHz,LOS,32,17,0,0,0,3,30,10,20270209,2.99253522119776,2.99260167081021,2.99253522119776,-0.00746477880223972,-0.00739832918979122,-0.00746477880223972,0,0,3.17212981982727e-13,96.3901300847111,4.34851991373275e-05,4.34851991406582e-05,0,weak_or_boundary_solution
nonuniform_32MHz,LOS,32,17,0,0,0,3,30,11,20270209,2.99319468807305,2.99306851074906,2.99319468807305,-0.00680531192695444,-0.00693148925094267,-0.00680531192695444,0,1.98547002984868e-10,1.91609526571629e-13,99.726005121237,8.7231128769405e-05,8.72311287520855e-05,0,weak_or_boundary_solution
nonuniform_32MHz,LOS,32,17,0,0,0,3,30,12,20270209,3.00081618364161,3.00068964131798,3.00081618364161,0.000816183641612955,0.00068964131797955,0.000816183641612955,0,0.101864637590528,0.00215641574733067,99.9999977366216,8.91597811945033e-05,8.00775523954744e-05,0,weak_or_boundary_solution
nonuniform_32MHz,LOS,32,17,0,0,0,3,30,13,20270209,3.00466563765055,3.00453952837825,3.00466563765055,0.00466563765055206,0.00453952837825433,0.00466563765055206,0,0.0539676417716137,0.00166075708464751,99.2533165497273,0.000107587622458771,0.000101781372190857,0,weak_or_boundary_solution
nonuniform_32MHz,LOS,32,17,0,0,0,3,30,14,20270209,3.01147509206079,3.17461658480249,3.01147509206079,0.0114750920607887,0.174616584802491,0.0114750920607887,0,0.106391482791789,0.0791069932779553,6.82261951326894,3.97684245998509e-05,3.55374029383793e-05,1,candidate_diagnostic_only
nonuniform_32MHz,LOS,32,17,0,0,0,3,30,15,20270209,2.98594880652988,2.97775994329956,2.98594880652988,-0.0140511934701189,-0.0222400567004426,-0.0140511934701189,0,0.118313179726148,0.00445537497009236,28.2279512821545,0.00014506012502169,0.000127897600378901,0,weak_or_boundary_solution
nonuniform_32MHz,LOS,32,17,0,0,0,3,30,16,20270209,2.98922706252606,2.98920184335992,2.98922706252606,-0.0107729374739365,-0.0107981566400803,-0.0107729374739365,0,4.50155606916603e-09,4.9241260742802e-14,97.6896503016097,0.000108024353648872,0.000108024353162595,0,weak_or_boundary_solution
nonuniform_32MHz,LOS,32,17,0,0,0,3,30,17,20270209,2.98602942300439,2.98493873409506,2.98602942300439,-0.0139705769956122,-0.0150612659049383,-0.0139705769956122,0,0.0437755909268539,0.00181775162662464,93.2129381538422,9.58895855858177e-05,9.16919623130674e-05,0,weak_or_boundary_solution
nonuniform_32MHz,LOS,32,17,0,0,0,3,30,18,20270209,3.0052137487661,3.00518192026002,3.0052137487661,0.00521374876610103,0.00518192026002318,0.00521374876610103,0,0.147221757541824,0.00288505574799332,90.2191517730521,9.8180928821856e-05,8.37265599236137e-05,0,weak_or_boundary_solution
nonuniform_32MHz,LOS,32,17,0,0,0,3,30,19,20270209,2.99516913498717,3.01060177986919,2.99516913498717,-0.00483086501282726,0.0106017798691918,-0.00483086501282726,0,0.00420994221391177,0.00927845198391569,6.29965323923934,7.5406893729868e-05,7.50894350647346e-05,0,weak_or_boundary_solution
nonuniform_32MHz,LOS,32,17,0,0,0,3,30,20,20270209,2.99366996986599,2.99889341186045,2.99366996986599,-0.00633003013400923,-0.00110658813955133,-0.00633003013400923,0,0.00169783775450885,0.00515050182056845,5.00909887568657,7.32737547259887e-05,7.31493477788003e-05,0,weak_or_boundary_solution
nonuniform_32MHz,LOS,32,17,0,0,0,15,30,1,20270209,14.9975799409644,14.997586618752,14.9975799409644,-0.00242005903563403,-0.00241338124799384,-0.00242005903563403,0,0.0244663057743531,0.000881137687818139,33.2236475160167,7.36061456847459e-05,7.18052752175513e-05,0,weak_or_boundary_solution
nonuniform_32MHz,LOS,32,17,0,0,0,15,30,2,20270209,15.0031273968705,15.0044118217079,15.0031273968705,0.00312739687048946,0.00441182170789745,0.00312739687048946,0,0.119727647367675,0.00217893136770481,36.1219354943979,5.71338593688964e-05,5.02933568016228e-05,0,weak_or_boundary_solution
nonuniform_32MHz,LOS,32,17,0,0,0,15,30,3,20270209,14.996009734514,14.9971112312876,14.996009734514,-0.00399026548595316,-0.00288876871239552,-0.00399026548595316,0,0.0751914483776141,0.00157790641162342,35.5701129097515,8.13939453094825e-05,7.52738166724942e-05,0,weak_or_boundary_solution
nonuniform_32MHz,LOS,32,17,0,0,0,15,30,4,20270209,14.9999111486274,14.9892486900654,14.9999111486274,-8.88513726078344e-05,-0.0107513099345837,-8.88513726078344e-05,0,0.253572441798905,0.00507757212610645,73.8561185901513,9.97965513891419e-05,7.44908961702873e-05,0,weak_or_boundary_solution
nonuniform_32MHz,LOS,32,17,0,0,0,15,30,5,20270209,14.9945341180197,14.9944583103653,14.9945341180197,-0.00546588198026221,-0.0055416896347289,-0.00546588198026221,0,1.15483121130304e-09,2.41527581665616e-13,88.561449353232,0.000130554392077764,0.000130554391926996,0,weak_or_boundary_solution
nonuniform_32MHz,LOS,32,17,0,0,0,15,30,6,20270209,14.9947863500251,14.9947198473407,14.9947863500251,-0.00521364997493379,-0.00528015265931003,-0.00521364997493379,0,3.64056914011738e-09,1.64444903295104e-12,94.3372855775187,0.000116189242973297,0.000116189242550302,0,weak_or_boundary_solution
nonuniform_32MHz,LOS,32,17,0,0,0,15,30,7,20270209,14.9959849616921,15.0004464631857,14.9959849616921,-0.00401503830785543,0.000446463185728163,-0.00401503830785543,0,0.0784013934384928,0.00250157030035529,27.4998847569795,0.000102939986362793,9.48693479914109e-05,0,weak_or_boundary_solution
nonuniform_32MHz,LOS,32,17,0,0,0,15,30,8,20270209,15.0022126925479,15.0022067149869,15.0022126925479,0.00221269254786094,0.00220671498686187,0.00221269254786094,0,2.51827920329862e-09,1.05164756542666e-14,95.4342846140693,0.000156507337719214,0.000156507337325085,0,weak_or_boundary_solution
nonuniform_32MHz,LOS,32,17,0,0,0,15,30,9,20270209,14.9958476926145,14.9956868019618,14.9958476926145,-0.00415230738551742,-0.00431319803815455,-0.00415230738551742,0,0.0352543287933037,0.00135297681378217,28.2281900569432,0.000111959578509735,0.000108012518717393,0,weak_or_boundary_solution
nonuniform_32MHz,LOS,32,17,0,0,0,15,30,10,20270209,14.9975920375906,14.9976308770476,14.9975920375906,-0.00240796240943553,-0.00236912295236635,-0.00240796240943553,0,1.39170547046491e-09,7.06876877253286e-14,96.9503014516602,0.000148539710141504,0.000148539709934781,0,weak_or_boundary_solution
nonuniform_32MHz,LOS,32,17,0,0,0,15,30,11,20270209,14.9961584804667,14.9951840396827,14.9961584804667,-0.00384151953329237,-0.0048159603172806,-0.00384151953329237,0,0.209386431093697,0.00278029562027695,81.5550191439544,6.84660524874481e-05,5.41301901060276e-05,0,weak_or_boundary_solution
nonuniform_32MHz,LOS,32,17,0,0,0,15,30,12,20270209,14.9980079325523,14.9980840217377,14.9980079325523,-0.00199206744767189,-0.00191597826229639,-0.00199206744767189,0,2.6203016903354e-09,7.29369226499577e-13,99.7787821585596,9.26209199796357e-05,9.2620919736941e-05,0,weak_or_boundary_solution
nonuniform_32MHz,LOS,32,17,0,0,0,15,30,13,20270209,15.0067087403751,15.0000322837616,15.0067087403751,0.0067087403750854,3.22837615591709e-05,0.0067087403750854,0,0.260746217429189,0.00429359875562656,81.1393290088592,0.000134169497938652,9.91853088567751e-05,0,weak_or_boundary_solution
nonuniform_32MHz,LOS,32,17,0,0,0,15,30,14,20270209,14.9975954570637,14.993906820879,14.9975954570637,-0.00240454293634684,-0.00609317912100948,-0.00240454293634684,0,0.453203649915989,0.00418991062067473,76.3567362565546,7.54743476061304e-05,4.1269097796004e-05,0,weak_or_boundary_solution
nonuniform_32MHz,LOS,32,17,0,0,0,15,30,15,20270209,14.9921567653574,15.0307618990683,14.9921567653574,-0.0078432346425501,0.0307618990683309,-0.0078432346425501,0,0.49554797568541,0.0936462726541176,5.20682799124831,0.000177821401658118,8.97023660328955e-05,1,candidate_diagnostic_only
nonuniform_32MHz,LOS,32,17,0,0,0,15,30,16,20270209,14.9969975590145,15.004999875404,14.9969975590145,-0.00300244098547786,0.00499987540396063,-0.00300244098547786,0,0.154573002279763,0.00396056926818187,57.5987490727641,9.78381103340364e-05,8.27149798823257e-05,0,weak_or_boundary_solution
nonuniform_32MHz,LOS,32,17,0,0,0,15,30,17,20270209,14.9966843302141,14.9955453301847,14.9966843302141,-0.00331566978585052,-0.00445466981533471,-0.00331566978585052,0,0.174875338352422,0.00313536539841005,99.9002455712656,8.91818772823516e-05,7.35861663176962e-05,0,weak_or_boundary_solution
nonuniform_32MHz,LOS,32,17,0,0,0,15,30,18,20270209,15.0002789478526,14.9972446737448,15.0002789478526,0.000278947852585532,-0.0027553262552189,0.000278947852585532,0,0.176358269079617,0.00290031424110238,93.5420295380249,7.31393224546739e-05,6.02405981449117e-05,0,weak_or_boundary_solution
nonuniform_32MHz,LOS,32,17,0,0,0,15,30,19,20270209,15.0027057673994,14.9980110686199,15.0027057673994,0.00270576739942285,-0.00198893138011158,0.00270576739942285,0,0.100729164079939,0.0027111962081809,26.9756003715156,0.000104013552701065,9.35363544845025e-05,0,weak_or_boundary_solution
nonuniform_32MHz,LOS,32,17,0,0,0,15,30,20,20270209,14.9987278497112,14.9989569580489,14.9987278497112,-0.00127215028884997,-0.00104304195109606,-0.00127215028884997,0,7.54199050660779e-10,1.0618756934437e-13,91.8559813387699,0.000121886213405364,0.000121886213313438,0,weak_or_boundary_solution
nonuniform_32MHz,weak_close,32,17,15,0.15,0.48,3,0,1,20270209,3.32719864446808,3.29882806848265,3.32719864446808,0.32719864446808,0.298828068482653,0.32719864446808,0,0.60695922239655,0.0465684206949935,30.0280447755649,0.0078186201008803,0.00307303652423596,1,candidate_diagnostic_only
nonuniform_32MHz,weak_close,32,17,15,0.15,0.48,3,0,2,20270209,3.32412836490481,2.96898506962989,3.32412836490481,0.324128364904806,-0.0310149303701088,0.324128364904806,0,0.531070682011255,0.178660061873857,12.4567128527262,0.00488317071309896,0.00228986191211611,1,candidate_diagnostic_only
nonuniform_32MHz,weak_close,32,17,15,0.15,0.48,3,0,3,20270209,3.34615658235101,3.84605212295885,3.34615658235101,0.346156582351006,0.846052122958854,0.346156582351006,0,0.653831202327028,0.376454270263422,5.72361796062365,0.00770242224984674,0.00266633824939899,1,candidate_diagnostic_only
nonuniform_32MHz,weak_close,32,17,15,0.15,0.48,3,0,4,20270209,3.34448808750421,3.12332679143559,3.12332679143559,0.344488087504213,0.123326791435586,0.123326791435586,1,0.72140313280621,0.0936638111415131,19.5293622768122,0.00664114101786306,0.00185020108216882,1,candidate_diagnostic_only
nonuniform_32MHz,weak_close,32,17,15,0.15,0.48,3,0,5,20270209,3.32215296252966,3.30099521570934,3.32215296252966,0.322152962529659,0.300995215709339,0.322152962529659,0,0.354808393665802,0.0331425253354011,31.4060150334562,0.00724092545850175,0.00467178432791693,1,candidate_diagnostic_only
nonuniform_32MHz,weak_close,32,17,15,0.15,0.48,3,0,6,20270209,3.38535630277872,3.36706546827045,3.38535630277872,0.385356302778724,0.367065468270455,0.385356302778724,0,0.530114466924473,0.0298230798525635,43.5553850120316,0.00319893702604412,0.00150313422975779,1,candidate_diagnostic_only
nonuniform_32MHz,weak_close,32,17,15,0.15,0.48,3,0,7,20270209,3.40287927907746,3.15838178350457,3.15838178350457,0.402879279077463,0.158381783504569,0.158381783504569,1,0.635502722159203,0.347476327862387,8.77798783339822,0.0077463789953538,0.00282353405692959,1,candidate_diagnostic_only
nonuniform_32MHz,weak_close,32,17,15,0.15,0.48,3,0,8,20270209,3.3110283002265,2.89463168830878,3.3110283002265,0.3110283002265,-0.105368311691218,0.3110283002265,0,0.585696893251786,0.13973775450309,16.7025201245235,0.00456648814438654,0.00189191022514823,1,candidate_diagnostic_only
nonuniform_32MHz,weak_close,32,17,15,0.15,0.48,3,0,9,20270209,3.30642891279268,3.13664621818947,3.30642891279268,0.306428912792684,0.136646218189465,0.306428912792684,0,0.821254707866945,0.0785544860882441,25.8387521244931,0.00862906575697853,0.00154240487956647,1,candidate_diagnostic_only
nonuniform_32MHz,weak_close,32,17,15,0.15,0.48,3,0,10,20270209,3.43032556128113,3.38712217457742,3.43032556128113,0.430325561281131,0.387122174577421,0.430325561281131,0,0.423284265557601,0.0374112297942219,29.8548721625877,0.00707337458787594,0.00407932642043307,1,candidate_diagnostic_only
nonuniform_32MHz,weak_close,32,17,15,0.15,0.48,3,0,11,20270209,3.43015757631136,3.38189207828745,3.43015757631136,0.430157576311361,0.38189207828745,0.430157576311361,0,0.716564316427475,0.0723936484361949,17.5989721045143,0.00516263891816182,0.00146327609080732,1,candidate_diagnostic_only
nonuniform_32MHz,weak_close,32,17,15,0.15,0.48,3,0,12,20270209,3.38207097264498,3.71205580841733,3.38207097264498,0.382070972644978,0.712055808417326,0.382070972644978,0,0.753693960135177,0.458335148455014,5.2135755474629,0.0079742992466858,0.00196411806814822,1,candidate_diagnostic_only
nonuniform_32MHz,weak_close,32,17,15,0.15,0.48,3,0,13,20270209,3.4242509318134,3.39176238531536,3.4242509318134,0.424250931813403,0.391762385315358,0.424250931813403,0,0.713124813494755,0.0465536243622668,35.3425132855859,0.00655704645707877,0.00188105392529803,1,candidate_diagnostic_only
nonuniform_32MHz,weak_close,32,17,15,0.15,0.48,3,0,14,20270209,3.35396239651857,3.29878437317108,3.35396239651857,0.353962396518567,0.298784373171084,0.353962396518567,0,0.882433461756351,0.0511088839226619,29.8616940424519,0.00604058142762742,0.000710170247425035,1,candidate_diagnostic_only
nonuniform_32MHz,weak_close,32,17,15,0.15,0.48,3,0,15,20270209,3.35785220900221,2.91541614828563,2.91541614828563,0.357852209002206,-0.0845838517143749,-0.0845838517143749,1,0.696111234519899,0.178214196732142,16.0909917639359,0.00867777061161612,0.00263707699828353,1,candidate_diagnostic_only
nonuniform_32MHz,weak_close,32,17,15,0.15,0.48,3,0,16,20270209,3.39325126761994,2.77164976961465,2.77164976961465,0.393251267619941,-0.228350230385346,-0.228350230385346,1,0.762258725050707,0.238128421843426,15.6111493096273,0.00789095234053572,0.00187600507000307,1,candidate_diagnostic_only
nonuniform_32MHz,weak_close,32,17,15,0.15,0.48,3,0,17,20270209,3.34114957146672,3.02413531185111,3.34114957146672,0.341149571466722,0.0241353118511114,0.341149571466722,0,0.414004503083985,0.120688593012377,14.110131800198,0.0034177442327239,0.00200278272998689,1,candidate_diagnostic_only
nonuniform_32MHz,weak_close,32,17,15,0.15,0.48,3,0,18,20270209,3.46500479593651,3.42278270021551,3.46500479593651,0.465004795936508,0.422782700215512,0.465004795936508,0,0.815345737522034,0.0730455971501536,33.4404765986786,0.0152201630342939,0.00281046797989193,1,candidate_diagnostic_only
nonuniform_32MHz,weak_close,32,17,15,0.15,0.48,3,0,19,20270209,3.24777452817034,3.23338575227511,3.24777452817034,0.247774528170345,0.233385752275112,0.247774528170345,0,0.540680944676354,0.0385899821962001,25.5587750326155,0.00499848787584312,0.00229590072917896,1,candidate_diagnostic_only
nonuniform_32MHz,weak_close,32,17,15,0.15,0.48,3,0,20,20270209,3.35028040933635,3.05836316216627,3.35028040933635,0.350280409336346,0.0583631621662679,0.350280409336346,0,0.526493361749041,0.133852396202398,15.4955339877086,0.00815784178523282,0.00386279223910879,1,candidate_diagnostic_only
nonuniform_32MHz,weak_close,32,17,15,0.15,0.48,15,0,1,20270209,15.2780362566624,15.2298271821349,15.2298271821349,0.278036256662427,0.229827182134891,0.229827182134891,1,0.684736741730594,0.128342976950921,15.0392419999164,0.0107673650430689,0.00339455458645399,1,candidate_diagnostic_only
nonuniform_32MHz,weak_close,32,17,15,0.15,0.48,15,0,2,20270209,15.3975615682093,15.3733500696242,15.3975615682093,0.397561568209252,0.373350069624198,0.397561568209252,0,0.592468662845728,0.0423094530682417,35.870999485604,0.00683506102618159,0.00278550155953083,1,candidate_diagnostic_only
nonuniform_32MHz,weak_close,32,17,15,0.15,0.48,15,0,3,20270209,15.2679662685604,15.0496060834965,15.0496060834965,0.267966268560416,0.0496060834964567,0.0496060834964567,1,0.692308658069007,0.0853478495051382,25.2074585438754,0.00918521684647744,0.00282621169741981,1,candidate_diagnostic_only
nonuniform_32MHz,weak_close,32,17,15,0.15,0.48,15,0,4,20270209,15.3073484410535,15.0371772651388,15.0371772651388,0.307348441053479,0.0371772651388191,0.0371772651388191,1,0.810796860422154,0.110984100860191,21.8028157547114,0.0107856142283433,0.00204067207427805,1,candidate_diagnostic_only
nonuniform_32MHz,weak_close,32,17,15,0.15,0.48,15,0,5,20270209,15.3715816886776,14.4933140029581,14.4933140029581,0.371581688677614,-0.506685997041949,-0.506685997041949,1,0.700288281913712,0.365419437309719,14.0430163717133,0.0073819055979143,0.00221244360950168,1,candidate_diagnostic_only
nonuniform_32MHz,weak_close,32,17,15,0.15,0.48,15,0,6,20270209,15.338581998575,14.3335631574564,14.3335631574564,0.338581998575002,-0.666436842543561,-0.666436842543561,1,0.758608940410343,0.306509374779012,19.1503266670603,0.00857767315875235,0.00207057361260499,1,candidate_diagnostic_only
nonuniform_32MHz,weak_close,32,17,15,0.15,0.48,15,0,7,20270209,15.4238110780115,15.6205391460771,15.6205391460771,0.423811078011498,0.620539146077128,0.620539146077128,1,0.919213328626836,0.276313931214071,8.67108349917104,0.00806586426309575,0.000651614325563266,1,candidate_diagnostic_only
nonuniform_32MHz,weak_close,32,17,15,0.15,0.48,15,0,8,20270209,15.2860377987059,15.1646005596567,15.2860377987059,0.286037798705914,0.164600559656662,0.286037798705914,0,0.51292384661633,0.0895105139863495,16.5479929618666,0.00795265350912766,0.00387354788041905,1,candidate_diagnostic_only
nonuniform_32MHz,weak_close,32,17,15,0.15,0.48,15,0,9,20270209,15.3682798741522,15.2778641693683,15.2778641693683,0.368279874152167,0.277864169368307,0.277864169368307,1,0.742139883463163,0.0800278707978728,21.9787143247074,0.0109250578092954,0.0028171366798766,1,candidate_diagnostic_only
nonuniform_32MHz,weak_close,32,17,15,0.15,0.48,15,0,10,20270209,15.3836839030411,15.1969610354124,15.1969610354124,0.383683903041129,0.196961035412397,0.196961035412397,1,0.815606492573935,0.0823480345990091,24.0553619823299,0.00868362983187709,0.00160120496188942,1,candidate_diagnostic_only
nonuniform_32MHz,weak_close,32,17,15,0.15,0.48,15,0,11,20270209,15.3813094542288,14.9312775009921,14.9312775009921,0.381309454228779,-0.0687224990078761,-0.0687224990078761,1,0.74772041367525,0.285534356861611,12.4484420239308,0.0102795711229504,0.00259332595049377,1,candidate_diagnostic_only
nonuniform_32MHz,weak_close,32,17,15,0.15,0.48,15,0,12,20270209,15.3866324134637,14.9433133988515,14.9433133988515,0.386632413463659,-0.0566866011485061,-0.0566866011485061,1,0.739259591062818,0.283036787096993,11.4646317058197,0.00669059498011593,0.00174450847114849,1,candidate_diagnostic_only
nonuniform_32MHz,weak_close,32,17,15,0.15,0.48,15,0,13,20270209,15.3845160145306,15.400215111096,15.3845160145306,0.384516014530634,0.400215111096017,0.384516014530634,0,0.655378589842132,0.0557209014411137,73.4646558946353,0.00806081702673955,0.00277793013077954,1,candidate_diagnostic_only
nonuniform_32MHz,weak_close,32,17,15,0.15,0.48,15,0,14,20270209,15.3631974087812,15.6870099403312,15.3631974087812,0.363197408781161,0.68700994033118,0.363197408781161,0,0.373036644053876,0.233866888974075,7.52592363518524,0.00788958055369027,0.00494647790094893,1,candidate_diagnostic_only
nonuniform_32MHz,weak_close,32,17,15,0.15,0.48,15,0,15,20270209,15.3649845381223,15.2491656232113,15.2491656232113,0.364984538122291,0.249165623211313,0.249165623211313,1,0.906188580887145,0.104655644410933,17.4228667364565,0.00776073892569751,0.000728045931984056,1,candidate_diagnostic_only
nonuniform_32MHz,weak_close,32,17,15,0.15,0.48,15,0,16,20270209,15.4129617160608,15.3746918389338,15.4129617160608,0.412961716060808,0.374691838933796,0.412961716060808,0,0.568056111807269,0.0403115819093978,32.9558373085149,0.00606043498022091,0.00261776784949586,1,candidate_diagnostic_only
nonuniform_32MHz,weak_close,32,17,15,0.15,0.48,15,0,17,20270209,15.2766005959322,15.2975058852091,15.2766005959322,0.276600595932193,0.297505885209056,0.276600595932193,0,0.593029565292251,0.0454393545231364,31.7637061956816,0.00749787541298974,0.00305141361620898,1,candidate_diagnostic_only
nonuniform_32MHz,weak_close,32,17,15,0.15,0.48,15,0,18,20270209,15.333338781468,15.4605888603121,15.4605888603121,0.333338781468001,0.460588860312122,0.460588860312122,1,0.720849894684843,0.135570814947697,11.4663835847402,0.00533136705463599,0.0014882516747754,1,candidate_diagnostic_only
nonuniform_32MHz,weak_close,32,17,15,0.15,0.48,15,0,19,20270209,15.4951978548031,14.2200739982559,14.2200739982559,0.495197854803127,-0.779926001744052,-0.779926001744052,1,0.690198722203998,0.67327395111238,13.2819054428671,0.01478657313703,0.00458089925207594,1,candidate_diagnostic_only
nonuniform_32MHz,weak_close,32,17,15,0.15,0.48,15,0,20,20270209,15.3364897974704,14.623031546962,14.623031546962,0.336489797470399,-0.376968453038018,-0.376968453038018,1,0.769120681751757,0.259912379622099,15.5294693556541,0.00622855209495476,0.00143804386135682,1,candidate_diagnostic_only
nonuniform_32MHz,weak_close,32,17,15,0.15,0.48,3,15,1,20270209,3.35707072515634,3.12103638908955,3.12103638908955,0.357070725156345,0.121036389089548,0.121036389089548,1,0.984134748973242,0.110255820085383,16.5964745754428,0.00420024266585473,6.66379042670862e-05,1,candidate_diagnostic_only
nonuniform_32MHz,weak_close,32,17,15,0.15,0.48,3,15,2,20270209,3.350699986268,2.82745772319381,2.82745772319381,0.350699986267999,-0.172542276806189,-0.172542276806189,1,0.969492097403624,0.201487744130429,14.919772980404,0.00392277923613626,0.00011967576684313,1,candidate_diagnostic_only
nonuniform_32MHz,weak_close,32,17,15,0.15,0.48,3,15,3,20270209,3.34428635402099,2.79166136145342,2.79166136145342,0.344286354020993,-0.208338638546578,-0.208338638546578,1,0.945143747529332,0.240255518200124,13.2366002503439,0.00350977840179012,0.000192533290124697,1,candidate_diagnostic_only
nonuniform_32MHz,weak_close,32,17,15,0.15,0.48,3,15,4,20270209,3.36331866874647,2.90488456289571,2.90488456289571,0.363318668746468,-0.095115437104293,-0.095115437104293,1,0.975383507014753,0.198812970232876,13.8690233762042,0.00379360567117293,9.33852673932201e-05,1,candidate_diagnostic_only
nonuniform_32MHz,weak_close,32,17,15,0.15,0.48,3,15,5,20270209,3.36186379013265,2.65105866084041,2.65105866084041,0.361863790132652,-0.348941339159592,-0.348941339159592,1,0.97905511568769,0.283277030834197,13.8311918336995,0.00330681602398442,6.92608790644478e-05,1,candidate_diagnostic_only
nonuniform_32MHz,weak_close,32,17,15,0.15,0.48,3,15,6,20270209,3.35718783224347,2.95305281816294,2.95305281816294,0.357187832243466,-0.0469471818370564,-0.0469471818370564,1,0.957052137510219,0.14767059712532,16.931741971665,0.00444753797018338,0.000191012249161515,1,candidate_diagnostic_only
nonuniform_32MHz,weak_close,32,17,15,0.15,0.48,3,15,7,20270209,3.35157345169447,2.85478960850038,2.85478960850038,0.351573451694472,-0.145210391499619,-0.145210391499619,1,0.970100052450053,0.237361555364301,13.0892645733621,0.00444157676429024,0.000132802912291341,1,candidate_diagnostic_only
nonuniform_32MHz,weak_close,32,17,15,0.15,0.48,3,15,8,20270209,3.35238036626917,3.21062125295122,3.35238036626917,0.352380366269169,0.210621252951218,0.352380366269169,0,0.958218788881562,0.0646078786086968,21.5907743193478,0.00361403827417606,0.000150998896123467,1,candidate_diagnostic_only
nonuniform_32MHz,weak_close,32,17,15,0.15,0.48,3,15,9,20270209,3.36752265063047,3.1670914120201,3.1670914120201,0.367522650630469,0.167091412020096,0.167091412020096,1,0.971754752141385,0.0909528490667114,17.445574108942,0.00346479112922471,9.78638842232815e-05,1,candidate_diagnostic_only
nonuniform_32MHz,weak_close,32,17,15,0.15,0.48,3,15,10,20270209,3.35470094067207,2.39279212754978,2.39279212754978,0.354700940672075,-0.607207872450223,-0.607207872450223,1,0.983099352577669,0.386463765987756,13.9733429053281,0.00357761668134349,6.04640381436372e-05,1,candidate_diagnostic_only
nonuniform_32MHz,weak_close,32,17,15,0.15,0.48,3,15,11,20270209,3.36504822266514,2.94966474817362,2.94966474817362,0.365048222665143,-0.0503352518263753,-0.0503352518263753,1,0.961767746328026,0.185415983782327,14.0029775267867,0.00407130082074825,0.000155655005753763,1,candidate_diagnostic_only
nonuniform_32MHz,weak_close,32,17,15,0.15,0.48,3,15,12,20270209,3.36287814222015,2.94652750630882,2.94652750630882,0.362878142220153,-0.0534724936911797,-0.0534724936911797,1,0.97177035089527,0.182321312995762,14.5245719807921,0.00458930735921559,0.000129554536384413,1,candidate_diagnostic_only
nonuniform_32MHz,weak_close,32,17,15,0.15,0.48,3,15,13,20270209,3.35787235829759,2.65034751653378,2.65034751653378,0.357872358297588,-0.349652483466215,-0.349652483466215,1,0.977549022564347,0.287763034983206,13.6621400362967,0.00342425380182787,7.68778448387852e-05,1,candidate_diagnostic_only
nonuniform_32MHz,weak_close,32,17,15,0.15,0.48,3,15,14,20270209,3.36401636549424,2.68017864904832,2.68017864904832,0.364016365494237,-0.319821350951678,-0.319821350951678,1,0.959239839203408,0.288713253329451,13.6773109254477,0.00436060458183429,0.00017773894392592,1,candidate_diagnostic_only
nonuniform_32MHz,weak_close,32,17,15,0.15,0.48,3,15,15,20270209,3.35447261834448,2.96844120147515,2.96844120147515,0.35447261834448,-0.0315587985248502,-0.0315587985248502,1,0.967744095658193,0.148838133564361,15.8691825476006,0.00379266033027315,0.000122335688814257,1,candidate_diagnostic_only
nonuniform_32MHz,weak_close,32,17,15,0.15,0.48,3,15,16,20270209,3.34639320255479,3.07751283500703,3.07751283500703,0.346393202554785,0.0775128350070311,0.0775128350070311,1,0.966622317391391,0.114509746232091,16.2601519179674,0.00358543769091502,0.000119673601260306,1,candidate_diagnostic_only
nonuniform_32MHz,weak_close,32,17,15,0.15,0.48,3,15,17,20270209,3.36713952772467,3.1140661451644,3.1140661451644,0.367139527724673,0.114066145164401,0.114066145164401,1,0.991111126381019,0.107727119819207,18.4097211246534,0.00512254060007034,4.55336160021247e-05,1,candidate_diagnostic_only
nonuniform_32MHz,weak_close,32,17,15,0.15,0.48,3,15,18,20270209,3.35709092992042,2.73574337477814,3.35709092992042,0.357090929920418,-0.264256625221855,0.357090929920418,0,0.946910269783238,0.69927114587418,7.65156973943824,0.00357435417249596,0.000189761498716967,1,candidate_diagnostic_only
nonuniform_32MHz,weak_close,32,17,15,0.15,0.48,3,15,19,20270209,3.36789202852649,1.99141963322351,1.99141963322351,0.36789202852649,-1.00858036677649,-1.00858036677649,1,0.953241959601903,0.652935931125873,13.2688124438498,0.00343204673510278,0.000160475779888092,1,candidate_diagnostic_only
nonuniform_32MHz,weak_close,32,17,15,0.15,0.48,3,15,20,20270209,3.35401143610554,3.2035899870882,3.35401143610554,0.354011436105535,0.203589987088203,0.354011436105535,0,0.949360896646068,0.0652409686752251,21.9688331568369,0.00362384105265701,0.000183508061603721,1,candidate_diagnostic_only
nonuniform_32MHz,weak_close,32,17,15,0.15,0.48,15,15,1,20270209,15.3630271601083,15.0440843868098,15.0440843868098,0.363027160108309,0.0440843868097858,0.0440843868097858,1,0.938238263839601,0.124269746373195,16.59316039923,0.00386350557443316,0.000238616811942371,1,candidate_diagnostic_only
nonuniform_32MHz,weak_close,32,17,15,0.15,0.48,15,15,2,20270209,15.3736750790497,14.7207627785766,14.7207627785766,0.373675079049722,-0.279237221423379,-0.279237221423379,1,0.969971005555969,0.315671380260353,12.2299155806705,0.00364936948699635,0.00010958689604923,1,candidate_diagnostic_only
nonuniform_32MHz,weak_close,32,17,15,0.15,0.48,15,15,3,20270209,15.3679493695391,14.6872943042055,14.6872943042055,0.36794936953906,-0.31270569579447,-0.31270569579447,1,0.959869725941123,0.30551312142614,12.6630653205101,0.00342356584419079,0.000137388635585989,1,candidate_diagnostic_only
nonuniform_32MHz,weak_close,32,17,15,0.15,0.48,15,15,4,20270209,15.3579252903118,14.7400199355303,14.7400199355303,0.357925290311822,-0.259980064469746,-0.259980064469746,1,0.950095326956703,0.259895986861209,13.5381200053837,0.00379584236270003,0.000189430272034441,1,candidate_diagnostic_only
nonuniform_32MHz,weak_close,32,17,15,0.15,0.48,15,15,5,20270209,15.3551423333376,14.9059754524796,14.9059754524796,0.355142333337584,-0.0940245475204406,-0.0940245475204406,1,0.939375229660638,0.173828438869085,15.4932657331589,0.00431031320376518,0.000261311748068982,1,candidate_diagnostic_only
nonuniform_32MHz,weak_close,32,17,15,0.15,0.48,15,15,6,20270209,15.3550017666393,15.1230897583185,15.1230897583185,0.355001766639333,0.123089758318502,0.123089758318502,1,0.986829940640237,0.117927201194802,15.8122423521626,0.00432634060597192,5.69781625912036e-05,1,candidate_diagnostic_only
nonuniform_32MHz,weak_close,32,17,15,0.15,0.48,15,15,7,20270209,15.3553814735584,14.7216355441558,14.7216355441558,0.355381473558367,-0.278364455844173,-0.278364455844173,1,0.968699552530335,0.234469779249939,15.0965071755265,0.00404303631516134,0.000126548845800656,1,candidate_diagnostic_only
nonuniform_32MHz,weak_close,32,17,15,0.15,0.48,15,15,8,20270209,15.3490420615778,14.9486434565242,14.9486434565242,0.349042061577762,-0.0513565434757695,-0.0513565434757695,1,0.97497253004861,0.212634286182112,12.3584188703586,0.00368938915718164,9.23360762703496e-05,1,candidate_diagnostic_only
nonuniform_32MHz,weak_close,32,17,15,0.15,0.48,15,15,9,20270209,15.3503631983239,14.6926584325864,14.6926584325864,0.350363198323862,-0.307341567413609,-0.307341567413609,1,0.943392123740604,0.287090157187223,13.2185055077746,0.00400882451499718,0.000226931042090595,1,candidate_diagnostic_only
nonuniform_32MHz,weak_close,32,17,15,0.15,0.48,15,15,10,20270209,15.3525688408744,14.9856651882063,14.9856651882063,0.352568840874369,-0.0143348117937254,-0.0143348117937254,1,0.912733996801423,0.149270889407213,14.6319765871502,0.0031025144194714,0.000270744033253223,1,candidate_diagnostic_only
nonuniform_32MHz,weak_close,32,17,15,0.15,0.48,15,15,11,20270209,15.3439010574859,14.7486521432526,14.7486521432526,0.343901057485866,-0.251347856747351,-0.251347856747351,1,0.983173180307819,0.248043529109837,13.8822264893812,0.00410431873398598,6.90626312960241e-05,1,candidate_diagnostic_only
nonuniform_32MHz,weak_close,32,17,15,0.15,0.48,15,15,12,20270209,15.3707543343035,14.7011045275481,14.7011045275481,0.370754334303452,-0.298895472451893,-0.298895472451893,1,0.967728793767234,0.248266299374326,15.1237934521082,0.00414803354827731,0.000133862046096889,1,candidate_diagnostic_only
nonuniform_32MHz,weak_close,32,17,15,0.15,0.48,15,15,13,20270209,15.3471037766238,14.8987219156073,14.8987219156073,0.347103776623822,-0.101278084392661,-0.101278084392661,1,0.950262748295824,0.211629597804925,13.1322576947422,0.00393991210928668,0.000195960400271922,1,candidate_diagnostic_only
nonuniform_32MHz,weak_close,32,17,15,0.15,0.48,15,15,14,20270209,15.3566374474417,14.7650919617425,14.7650919617425,0.356637447441708,-0.234908038257537,-0.234908038257537,1,0.967909623767987,0.294927586471464,12.2555676802498,0.00403998392912497,0.000129644604256907,1,candidate_diagnostic_only
nonuniform_32MHz,weak_close,32,17,15,0.15,0.48,15,15,15,20270209,15.3640766572574,14.7264783453686,14.7264783453686,0.364076657257403,-0.273521654631384,-0.273521654631384,1,0.965170075609996,0.302764420513251,12.3257827879277,0.00350047366808037,0.000121921233188438,1,candidate_diagnostic_only
nonuniform_32MHz,weak_close,32,17,15,0.15,0.48,15,15,16,20270209,15.3236178259203,15.2282094718057,15.3236178259203,0.323617825920334,0.22820947180567,0.323617825920334,0,0.925748330699646,0.0567176994436377,22.5829664645511,0.00398580970243101,0.000295953023919049,1,candidate_diagnostic_only
nonuniform_32MHz,weak_close,32,17,15,0.15,0.48,15,15,17,20270209,15.356759825042,15.2027357677038,15.356759825042,0.356759825042049,0.20273576770378,0.356759825042049,0,0.962833743122356,0.071608739532341,21.0770985302122,0.00421411807791539,0.000156622994996525,1,candidate_diagnostic_only
nonuniform_32MHz,weak_close,32,17,15,0.15,0.48,15,15,18,20270209,15.3782134363797,15.315200901368,15.3782134363797,0.37821343637968,0.315200901367959,0.37821343637968,0,0.955777162163456,0.0460784977734414,26.1672736543166,0.00364872663377525,0.000161357046235322,1,candidate_diagnostic_only
nonuniform_32MHz,weak_close,32,17,15,0.15,0.48,15,15,19,20270209,15.3484817597404,14.768239683704,14.768239683704,0.34848175974045,-0.231760316296018,-0.231760316296018,1,0.961353440488203,0.307018743872541,11.6941442864712,0.00377914991922412,0.000146051142257297,1,candidate_diagnostic_only
nonuniform_32MHz,weak_close,32,17,15,0.15,0.48,15,15,20,20270209,15.351231983939,14.7180674505443,14.7180674505443,0.351231983939011,-0.281932549455739,-0.281932549455739,1,0.961399906272718,0.272149506932031,13.5615807593155,0.00438684164888437,0.000169332498813679,1,candidate_diagnostic_only
nonuniform_32MHz,weak_close,32,17,15,0.15,0.48,3,30,1,20270209,3.35686131005769,3.0844445071051,3.0844445071051,0.356861310057694,0.0844445071051041,0.0844445071051041,1,0.973351762738196,0.121427371804523,15.5234942991682,0.00347499598021739,9.26025173646483e-05,1,candidate_diagnostic_only
nonuniform_32MHz,weak_close,32,17,15,0.15,0.48,3,30,2,20270209,3.3448031459183,2.91748702552436,2.91748702552436,0.344803145918303,-0.0825129744756374,-0.0825129744756374,1,0.972566447798468,0.181420211346349,14.3548452957649,0.00390290923733483,0.000107070664300268,1,candidate_diagnostic_only
nonuniform_32MHz,weak_close,32,17,15,0.15,0.48,3,30,3,20270209,3.35402622648164,2.9727593092541,2.9727593092541,0.354026226481635,-0.0272406907459048,-0.0272406907459048,1,0.96919821636949,0.240822678291529,11.3091141440028,0.00381298809172836,0.000117446834187129,1,candidate_diagnostic_only
nonuniform_32MHz,weak_close,32,17,15,0.15,0.48,3,30,4,20270209,3.34767746981594,2.90887245888948,2.90887245888948,0.347677469815943,-0.0911275411105201,-0.0911275411105201,1,0.97585069615194,0.1873693270846,14.0737649287895,0.00362637150137268,8.75743472525947e-05,1,candidate_diagnostic_only
nonuniform_32MHz,weak_close,32,17,15,0.15,0.48,3,30,5,20270209,3.35593395278975,3.04370647499567,3.04370647499567,0.355933952789753,0.0437064749956715,0.0437064749956715,1,0.97846932388684,0.128333547526988,15.977089659776,0.00363996718286108,7.83709544767142e-05,1,candidate_diagnostic_only
nonuniform_32MHz,weak_close,32,17,15,0.15,0.48,3,30,6,20270209,3.35607109073413,2.97288697017978,2.97288697017978,0.356071090734126,-0.0271130298202173,-0.0271130298202173,1,0.963599582040257,0.161802328728705,14.4972195131332,0.00344767911908228,0.000125496960925675,1,candidate_diagnostic_only
nonuniform_32MHz,weak_close,32,17,15,0.15,0.48,3,30,7,20270209,3.35659372298083,2.87058933598114,2.87058933598114,0.356593722980826,-0.129410664018857,-0.129410664018857,1,0.987054011549938,0.207361512703539,13.861271732776,0.00368617144822525,4.77211329936722e-05,1,candidate_diagnostic_only
nonuniform_32MHz,weak_close,32,17,15,0.15,0.48,3,30,8,20270209,3.36179744983034,2.70954307740573,2.70954307740573,0.361797449830342,-0.29045692259427,-0.29045692259427,1,0.985722639513833,0.315627973535567,12.0490661406978,0.0031779087965127,4.53721494799719e-05,1,candidate_diagnostic_only
nonuniform_32MHz,weak_close,32,17,15,0.15,0.48,3,30,9,20270209,3.36128780842539,2.85616115324896,2.85616115324896,0.361287808425387,-0.143838846751042,-0.143838846751042,1,0.972974742744017,0.246420793502504,12.4976419981279,0.00363436394966454,9.82196207015562e-05,1,candidate_diagnostic_only
nonuniform_32MHz,weak_close,32,17,15,0.15,0.48,3,30,10,20270209,3.35597884441848,3.00113373887192,3.00113373887192,0.35597884441848,0.00113373887191592,0.00113373887191592,1,0.983850694429715,0.139479701723509,16.4821575331452,0.00429157162895777,6.93059016128039e-05,1,candidate_diagnostic_only
nonuniform_32MHz,weak_close,32,17,15,0.15,0.48,3,30,11,20270209,3.34591675807695,2.75857726287916,2.75857726287916,0.345916758076948,-0.241422737120843,-0.241422737120843,1,0.98039731931831,0.246718433172495,13.674958575314,0.00373983639350883,7.33108186237175e-05,1,candidate_diagnostic_only
nonuniform_32MHz,weak_close,32,17,15,0.15,0.48,3,30,12,20270209,3.34961836339468,3.24697096500052,3.34961836339468,0.349618363394679,0.246970965000516,0.349618363394679,0,0.980527814065847,0.0523932617627162,22.476518888107,0.00285786631131946,5.56489041889652e-05,1,candidate_diagnostic_only
nonuniform_32MHz,weak_close,32,17,15,0.15,0.48,3,30,13,20270209,3.35151805544057,2.76333908342007,2.76333908342007,0.351518055440573,-0.236660916579927,-0.236660916579927,1,0.978608824312294,0.322545375546257,11.6356273779737,0.00415154726120659,8.88064768402863e-05,1,candidate_diagnostic_only
nonuniform_32MHz,weak_close,32,17,15,0.15,0.48,3,30,14,20270209,3.35954250474153,2.96490668272835,2.96490668272835,0.359542504741534,-0.0350933172716545,-0.0350933172716545,1,0.985710417665108,0.181595160672483,13.7728232777128,0.00382715998362815,5.46885176948564e-05,1,candidate_diagnostic_only
nonuniform_32MHz,weak_close,32,17,15,0.15,0.48,3,30,15,20270209,3.36225164993411,2.90225380507641,2.90225380507641,0.362251649934109,-0.0977461949235936,-0.0977461949235936,1,0.984495959033655,0.215964733830563,12.9111075160217,0.00348202911796291,5.39855220909047e-05,1,candidate_diagnostic_only
nonuniform_32MHz,weak_close,32,17,15,0.15,0.48,3,30,16,20270209,3.36089896975144,3.05668215147054,3.05668215147054,0.360898969751444,0.0566821514705413,0.0566821514705413,1,0.982800092933972,0.123356150487518,16.311525835533,0.00362043363620557,6.22711220814587e-05,1,candidate_diagnostic_only
nonuniform_32MHz,weak_close,32,17,15,0.15,0.48,3,30,17,20270209,3.35471400773588,3.1335987065857,3.1335987065857,0.354714007735875,0.133598706585705,0.133598706585705,1,0.981931441048013,0.0910875268532521,19.4523667564688,0.00436851779968261,7.89328213963714e-05,1,candidate_diagnostic_only
nonuniform_32MHz,weak_close,32,17,15,0.15,0.48,3,30,18,20270209,3.36243900391354,3.03658473924839,3.03658473924839,0.362439003913539,0.0365847392483936,0.0365847392483936,1,0.985606210016642,0.28781572733801,9.6747442027241,0.0035948421804004,5.17434033679987e-05,1,candidate_diagnostic_only
nonuniform_32MHz,weak_close,32,17,15,0.15,0.48,3,30,19,20270209,3.37041027320483,2.88694646252797,2.88694646252797,0.370410273204828,-0.113053537472032,-0.113053537472032,1,0.979989160854628,0.203939413594793,13.822402318458,0.00341693458948988,6.83757284405395e-05,1,candidate_diagnostic_only
nonuniform_32MHz,weak_close,32,17,15,0.15,0.48,3,30,20,20270209,3.35154490337015,3.12040463260939,3.12040463260939,0.35154490337015,0.120404632609391,0.120404632609391,1,0.98314751211311,0.109023171561216,16.2833751584593,0.00379267276226525,6.39159717850113e-05,1,candidate_diagnostic_only
nonuniform_32MHz,weak_close,32,17,15,0.15,0.48,15,30,1,20270209,15.3505211162093,15.1045933738179,15.1045933738179,0.350521116209343,0.104593373817885,0.104593373817885,1,0.981521877296231,0.115188490693255,16.4566887511546,0.00439047421640271,8.1127721298424e-05,1,candidate_diagnostic_only
nonuniform_32MHz,weak_close,32,17,15,0.15,0.48,15,30,2,20270209,15.35491014148,15.0660332257798,15.0660332257798,0.354910141479985,0.066033225779826,0.066033225779826,1,0.958772205417146,0.144160974879542,14.049578678226,0.00356231417855013,0.000146866357192854,1,candidate_diagnostic_only
nonuniform_32MHz,weak_close,32,17,15,0.15,0.48,15,30,3,20270209,15.3555942658499,15.1522054718334,15.1522054718334,0.355594265849899,0.152205471833412,0.152205471833412,1,0.986546760662327,0.0962863917484856,17.1573713834841,0.00376585758895431,5.06629834557959e-05,1,candidate_diagnostic_only
nonuniform_32MHz,weak_close,32,17,15,0.15,0.48,15,30,4,20270209,15.3717957010091,15.1384490645766,15.1384490645766,0.371795701009082,0.138449064576569,0.138449064576569,1,0.990057172335762,0.0934692523726828,18.6415341621653,0.00370221393003978,3.68104750825271e-05,1,candidate_diagnostic_only
nonuniform_32MHz,weak_close,32,17,15,0.15,0.48,15,30,5,20270209,15.3577466630243,14.7663828667681,14.7663828667681,0.357746663024281,-0.233617133231942,-0.233617133231942,1,0.967089276108564,0.312102773424551,11.7120370603685,0.00375034036758692,0.000123426416336558,1,candidate_diagnostic_only
nonuniform_32MHz,weak_close,32,17,15,0.15,0.48,15,30,6,20270209,15.3551561810089,14.8058758486534,14.8058758486534,0.355156181008914,-0.194124151346626,-0.194124151346626,1,0.979260377854296,0.283621301304343,11.8971757419386,0.00358104991744512,7.42696221727179e-05,1,candidate_diagnostic_only
nonuniform_32MHz,weak_close,32,17,15,0.15,0.48,15,30,7,20270209,15.3553979732972,15.2190722470691,15.3553979732972,0.355397973297242,0.219072247069128,0.355397973297242,0,0.976322219759237,0.0632782427923029,19.9836156147541,0.00279700655627413,6.62269065714316e-05,1,candidate_diagnostic_only
nonuniform_32MHz,weak_close,32,17,15,0.15,0.48,15,30,8,20270209,15.358560873513,15.1032688159897,15.1032688159897,0.358560873513044,0.103268815989669,0.103268815989669,1,0.986750641859197,0.118347982207423,15.7632250178604,0.0037417342266346,4.95755768363804e-05,1,candidate_diagnostic_only
nonuniform_32MHz,weak_close,32,17,15,0.15,0.48,15,30,9,20270209,15.366167704849,15.0930867877336,15.0930867877336,0.36616770484903,0.0930867877336485,0.0930867877336485,1,0.987135979974409,0.123453516267115,15.5431217719436,0.00363012728315582,4.66980300659614e-05,1,candidate_diagnostic_only
nonuniform_32MHz,weak_close,32,17,15,0.15,0.48,15,30,10,20270209,15.3569959424075,14.9986231127922,14.9986231127922,0.356995942407488,-0.00137688720783302,-0.00137688720783302,1,0.98080139058317,0.143917222270833,15.7054083806916,0.00376651826528596,7.23119130365824e-05,1,candidate_diagnostic_only
nonuniform_32MHz,weak_close,32,17,15,0.15,0.48,15,30,11,20270209,15.3540570013027,15.2115724590068,15.3540570013027,0.354057001302742,0.211572459006781,0.354057001302742,0,0.991579645205519,0.0754628905538158,18.8764411290292,0.00367302904531464,3.09282077319839e-05,1,candidate_diagnostic_only
nonuniform_32MHz,weak_close,32,17,15,0.15,0.48,15,30,12,20270209,15.3593297632239,14.800089504609,14.800089504609,0.359329763223888,-0.199910495390988,-0.199910495390988,1,0.978492332936124,0.248089688441624,13.1816899608436,0.0036782302022853,7.91101505750458e-05,1,candidate_diagnostic_only
nonuniform_32MHz,weak_close,32,17,15,0.15,0.48,15,30,13,20270209,15.3601060572724,15.2040089243689,15.3601060572724,0.360106057272409,0.204008924368942,0.360106057272409,0,0.987433633869597,0.0740328239274239,19.537316922596,0.00356923764261863,4.48523470235607e-05,1,candidate_diagnostic_only
nonuniform_32MHz,weak_close,32,17,15,0.15,0.48,15,30,14,20270209,15.3553522682051,14.9078677115511,14.9078677115511,0.355352268205094,-0.0921322884489442,-0.0921322884489442,1,0.952981481341116,0.209747873616641,12.849842167507,0.00329640973210665,0.000154992302496382,1,candidate_diagnostic_only
nonuniform_32MHz,weak_close,32,17,15,0.15,0.48,15,30,15,20270209,15.3522444701864,15.1364834470814,15.1364834470814,0.352244470186445,0.136483447081442,0.136483447081442,1,0.992220740236431,0.0985409707693659,16.9691349978921,0.00356139126103505,2.77049877392965e-05,1,candidate_diagnostic_only
nonuniform_32MHz,weak_close,32,17,15,0.15,0.48,15,30,16,20270209,15.3493103272256,14.9609977882612,14.9609977882612,0.349310327225563,-0.0390022117388185,-0.0390022117388185,1,0.991637913237818,0.187774244204194,13.3227429438755,0.00371243268105292,3.10436841777229e-05,1,candidate_diagnostic_only
nonuniform_32MHz,weak_close,32,17,15,0.15,0.48,15,30,17,20270209,15.354502798455,15.2130680601386,15.354502798455,0.354502798454959,0.213068060138593,0.354502798454959,0,0.97301011185005,0.0682877651373767,20.1672776478529,0.0034702681702905,9.36621497664714e-05,1,candidate_diagnostic_only
nonuniform_32MHz,weak_close,32,17,15,0.15,0.48,15,30,18,20270209,15.3519279038068,15.1380534463715,15.1380534463715,0.3519279038068,0.138053446371529,0.138053446371529,1,0.992916302512501,0.100994831267998,16.5836712641923,0.00357412122558021,2.53179935456593e-05,1,candidate_diagnostic_only
nonuniform_32MHz,weak_close,32,17,15,0.15,0.48,15,30,19,20270209,15.3522315746026,15.0698322245216,15.0698322245216,0.352231574602603,0.0698322245216332,0.0698322245216332,1,0.981391444709619,0.148313500384511,13.6462583183174,0.00350617866167791,6.52449194837867e-05,1,candidate_diagnostic_only
nonuniform_32MHz,weak_close,32,17,15,0.15,0.48,15,30,20,20270209,15.3558610133671,14.7034026745208,14.7034026745208,0.355861013367127,-0.296597325479162,-0.296597325479162,1,0.985611544227439,0.315634052661007,12.2611382979045,0.00361676477684725,5.20396600314221e-05,1,candidate_diagnostic_only
nonuniform_32MHz,original_echo,32,17,25,0.25,0.8,3,0,1,20270209,2.95811246553699,2.95559985674754,2.95559985674754,-0.0418875344630067,-0.044400143252457,-0.044400143252457,1,0.969049554557146,0.239758018754604,26.5281147603673,0.11193505269588,0.00346443974160682,1,candidate_diagnostic_only
nonuniform_32MHz,original_echo,32,17,25,0.25,0.8,3,0,2,20270209,2.97998523462436,4.19769313445212,4.19769313445212,-0.02001476537564,1.19769313445212,1.19769313445212,1,0.970959200009017,0.523688749566869,10.1125400657348,0.102665930258515,0.0029815007465257,1,candidate_diagnostic_only
nonuniform_32MHz,original_echo,32,17,25,0.25,0.8,3,0,3,20270209,2.90146564085566,3.94141658338109,3.94141658338109,-0.0985343591443422,0.941416583381089,0.941416583381089,1,0.981010010414304,0.463394594011772,13.335766513025,0.125515580177255,0.0023835395604086,1,candidate_diagnostic_only
nonuniform_32MHz,original_echo,32,17,25,0.25,0.8,3,0,4,20270209,2.99842025104635,2.9968109736202,2.9968109736202,-0.00157974895364621,-0.00318902637979868,-0.00318902637979868,1,0.980442314113758,0.240823192519614,26.518397696804,0.111789814672548,0.00218635008064694,1,candidate_diagnostic_only
nonuniform_32MHz,original_echo,32,17,25,0.25,0.8,3,0,5,20270209,3.02089653549518,2.97720262900315,2.97720262900315,0.0208965354951776,-0.0227973709968459,-0.0227973709968459,1,0.980135576276757,0.219463857081642,29.0815892868471,0.102007214272225,0.00202631452713109,1,candidate_diagnostic_only
nonuniform_32MHz,original_echo,32,17,25,0.25,0.8,3,0,6,20270209,2.9032251422865,4.34014050144581,4.34014050144581,-0.0967748577134957,1.34014050144581,1.34014050144581,1,0.951649855250344,0.591803691411918,8.43178561883536,0.116279438460773,0.00562212768098713,1,candidate_diagnostic_only
nonuniform_32MHz,original_echo,32,17,25,0.25,0.8,3,0,7,20270209,2.97608609306046,3.27124903485335,3.27124903485335,-0.0239139069395429,0.271249034853354,0.271249034853354,1,0.964953090693253,0.304948022357877,20.9158130452135,0.119876567269386,0.00420130318109435,1,candidate_diagnostic_only
nonuniform_32MHz,original_echo,32,17,25,0.25,0.8,3,0,8,20270209,2.92729898511902,2.9129058341795,2.9129058341795,-0.0727010148809759,-0.0870941658204982,-0.0870941658204982,1,0.986522648790119,0.219431129490136,26.4255847194551,0.090549725243984,0.00122037044907142,1,candidate_diagnostic_only
nonuniform_32MHz,original_echo,32,17,25,0.25,0.8,3,0,9,20270209,2.9024320380806,4.60611322822629,2.9024320380806,-0.0975679619193959,1.60611322822629,-0.0975679619193959,0,0.980339689979239,0.694178332444372,6.34341873028127,0.135300188575514,0.002660043653262,1,candidate_diagnostic_only
nonuniform_32MHz,original_echo,32,17,25,0.25,0.8,3,0,10,20270209,2.87713233693613,2.80611454066278,2.80611454066278,-0.122867663063874,-0.193885459337218,-0.193885459337218,1,0.992960939428044,0.24171857105739,27.7089620374998,0.114698102077415,0.000807366888011307,1,candidate_diagnostic_only
nonuniform_32MHz,original_echo,32,17,25,0.25,0.8,3,0,11,20270209,2.9716663006107,3.01951264640788,3.01951264640788,-0.0283336993892953,0.0195126464078772,0.0195126464078772,1,0.979352414061145,0.253938723636676,24.5784485200906,0.110399866498092,0.00227949073115741,1,candidate_diagnostic_only
nonuniform_32MHz,original_echo,32,17,25,0.25,0.8,3,0,12,20270209,2.83771198718159,2.89044920417189,2.89044920417189,-0.162288012818412,-0.109550795828112,-0.109550795828112,1,0.980970392894535,0.244641346209414,26.9540678118163,0.115202014327511,0.00219224907041071,1,candidate_diagnostic_only
nonuniform_32MHz,original_echo,32,17,25,0.25,0.8,3,0,13,20270209,2.97222507544067,3.1900948247924,3.1900948247924,-0.0277749245593339,0.190094824792399,0.190094824792399,1,0.968947190155308,0.274831025263985,21.4477526163751,0.100265012953745,0.00311351038132823,1,candidate_diagnostic_only
nonuniform_32MHz,original_echo,32,17,25,0.25,0.8,3,0,14,20270209,2.95080312549984,3.05090046005968,3.05090046005968,-0.0491968745001645,0.0509004600596752,0.0509004600596752,1,0.98593762767156,0.283901375291408,22.5477561793405,0.118812700259971,0.00167078842840307,1,candidate_diagnostic_only
nonuniform_32MHz,original_echo,32,17,25,0.25,0.8,3,0,15,20270209,2.978113979084,3.02516987024093,3.02516987024093,-0.0218860209159968,0.0251698702409326,0.0251698702409326,1,0.984328457340689,0.234257097694172,26.0872262094323,0.102322513860045,0.00160355164096559,1,candidate_diagnostic_only
nonuniform_32MHz,original_echo,32,17,25,0.25,0.8,3,0,16,20270209,2.97388177487261,2.88004003769621,2.88004003769621,-0.0261182251273882,-0.119959962303792,-0.119959962303792,1,0.968833952691506,0.222281500388326,29.2400179796022,0.105354406262017,0.00328348040972037,1,candidate_diagnostic_only
nonuniform_32MHz,original_echo,32,17,25,0.25,0.8,3,0,17,20270209,2.89967668926081,2.98473048877294,2.98473048877294,-0.100323310739194,-0.0152695112270607,-0.0152695112270607,1,0.986076452263841,0.241481049634684,24.9475705864075,0.101587193423546,0.00141445413701513,1,candidate_diagnostic_only
nonuniform_32MHz,original_echo,32,17,25,0.25,0.8,3,0,18,20270209,2.82145114522314,2.79005847145519,2.79005847145519,-0.178548854776862,-0.209941528544811,-0.209941528544811,1,0.968359816435613,0.212586345578318,27.0945741244687,0.0908871173300592,0.00287568507596103,1,candidate_diagnostic_only
nonuniform_32MHz,original_echo,32,17,25,0.25,0.8,3,0,19,20270209,2.97460719250882,3.47860240899027,3.47860240899027,-0.0253928074911776,0.478602408990272,0.478602408990272,1,0.991331026726287,0.370822830132292,16.9914648311821,0.120487511609802,0.00104450301796155,1,candidate_diagnostic_only
nonuniform_32MHz,original_echo,32,17,25,0.25,0.8,3,0,20,20270209,3.03652929677107,3.00652193834406,3.00652193834406,0.0365292967710662,0.00652193834405956,0.00652193834405956,1,0.982623221373465,0.249995518033888,24.6321512159688,0.103639607567577,0.00180092251764274,1,candidate_diagnostic_only
nonuniform_32MHz,original_echo,32,17,25,0.25,0.8,15,0,1,20270209,14.9129609913069,14.7591855157341,14.7591855157341,-0.0870390086931181,-0.240814484265908,-0.240814484265908,1,0.957095368404822,0.23388686518173,29.5310392066842,0.119712755440889,0.005136231669435,1,candidate_diagnostic_only
nonuniform_32MHz,original_echo,32,17,25,0.25,0.8,15,0,2,20270209,14.9420827032401,15.5698341104172,15.5698341104172,-0.0579172967599266,0.569834110417176,0.569834110417176,1,0.989903149168411,0.370620057738014,16.5998753636157,0.111790735606309,0.00112873438177052,1,candidate_diagnostic_only
nonuniform_32MHz,original_echo,32,17,25,0.25,0.8,15,0,3,20270209,14.9546844798424,15.1732646139376,15.1732646139376,-0.0453155201576312,0.17326461393762,0.17326461393762,1,0.968749394250989,0.266023151792682,23.3529006536872,0.109299034129902,0.00341566102434121,1,candidate_diagnostic_only
nonuniform_32MHz,original_echo,32,17,25,0.25,0.8,15,0,4,20270209,14.8475570633637,16.0342604470169,16.0342604470169,-0.152442936636273,1.03426044701692,1.03426044701692,1,0.965125709143238,0.478007438692997,11.9255809371967,0.102784945619784,0.0035845520892408,1,candidate_diagnostic_only
nonuniform_32MHz,original_echo,32,17,25,0.25,0.8,15,0,5,20270209,14.9942293738232,15.365012293913,15.365012293913,-0.00577062617677804,0.365012293912951,0.365012293912951,1,0.980663209659249,0.323251289916929,21.1670718355378,0.136170648367932,0.00263310327805488,1,candidate_diagnostic_only
nonuniform_32MHz,original_echo,32,17,25,0.25,0.8,15,0,6,20270209,15.0118669032962,15.9549116618763,15.9549116618763,0.0118669032961822,0.954911661876345,0.954911661876345,1,0.96156582809018,0.459899558445475,12.5163671561841,0.111679570825344,0.00429231182391621,1,candidate_diagnostic_only
nonuniform_32MHz,original_echo,32,17,25,0.25,0.8,15,0,7,20270209,15.0562201606497,14.9986458646756,14.9986458646756,0.0562201606496942,-0.00135413532444417,-0.00135413532444417,1,0.981098830352318,0.242982457681631,29.2910055618488,0.12519386836461,0.00236631054480907,1,candidate_diagnostic_only
nonuniform_32MHz,original_echo,32,17,25,0.25,0.8,15,0,8,20270209,15.0098278757684,15.310903880988,15.310903880988,0.00982787576840849,0.310903880987997,0.310903880987997,1,0.985265132115527,0.316931382444812,20.4813242395037,0.125231770800285,0.00184527359768083,1,candidate_diagnostic_only
nonuniform_32MHz,original_echo,32,17,25,0.25,0.8,15,0,9,20270209,14.9369622313825,15.0822632309932,15.0822632309932,-0.0630377686174537,0.0822632309931581,0.0822632309931581,1,0.977194428941047,0.260358573863286,23.6389804517387,0.108068099799478,0.00246455472918305,1,candidate_diagnostic_only
nonuniform_32MHz,original_echo,32,17,25,0.25,0.8,15,0,10,20270209,14.9764122910829,14.9573066811741,14.9573066811741,-0.0235877089170575,-0.0426933188259149,-0.0426933188259149,1,0.965386550583224,0.216997853495925,31.0201074942507,0.102405989454583,0.00354462453596116,1,candidate_diagnostic_only
nonuniform_32MHz,original_echo,32,17,25,0.25,0.8,15,0,11,20270209,14.84487400978,16.0412752429197,16.0412752429197,-0.155125990220029,1.04127524291975,1.04127524291975,1,0.974566851988359,0.517694013512408,10.4080130376606,0.106095665167126,0.002698346755589,1,candidate_diagnostic_only
nonuniform_32MHz,original_echo,32,17,25,0.25,0.8,15,0,12,20270209,14.9034305124635,14.818471445691,14.818471445691,-0.0965694875365166,-0.181528554308963,-0.181528554308963,1,0.965616737757222,0.239926241767518,27.4184019804226,0.116113719397526,0.00399236846402951,1,candidate_diagnostic_only
nonuniform_32MHz,original_echo,32,17,25,0.25,0.8,15,0,13,20270209,14.9444585055348,14.9383473227846,14.9383473227846,-0.0555414944652437,-0.061652677215406,-0.061652677215406,1,0.976438960905477,0.246484160228624,27.1308680219595,0.118745362797505,0.0027977641351653,1,candidate_diagnostic_only
nonuniform_32MHz,original_echo,32,17,25,0.25,0.8,15,0,14,20270209,15.0110598084209,15.10941256458,15.10941256458,0.0110598084208871,0.109412564580042,0.109412564580042,1,0.976760933559194,0.267301026002048,24.9911601137116,0.123795218720314,0.00287688531289554,1,candidate_diagnostic_only
nonuniform_32MHz,original_echo,32,17,25,0.25,0.8,15,0,15,20270209,14.9372658176344,15.0672076189111,15.0672076189111,-0.0627341823656327,0.0672076189110804,0.0672076189110804,1,0.987859138677282,0.256736246996765,26.6258336565547,0.116922518816486,0.00141954008645384,1,candidate_diagnostic_only
nonuniform_32MHz,original_echo,32,17,25,0.25,0.8,15,0,16,20270209,15.0497843638681,15.1417671616931,15.1417671616931,0.0497843638680546,0.141767161693096,0.141767161693096,1,0.985312865159108,0.300283799656855,22.5849163544232,0.133976771517094,0.00196773490881896,1,candidate_diagnostic_only
nonuniform_32MHz,original_echo,32,17,25,0.25,0.8,15,0,17,20270209,14.9903484332343,14.9641300609774,14.9641300609774,-0.00965156676566892,-0.0358699390225681,-0.0358699390225681,1,0.983193861646392,0.256556602433161,28.151538338432,0.1314689081204,0.00220948465906923,1,candidate_diagnostic_only
nonuniform_32MHz,original_echo,32,17,25,0.25,0.8,15,0,18,20270209,14.9768567844489,14.903944202184,14.903944202184,-0.0231432155510802,-0.0960557978159535,-0.0960557978159535,1,0.959152878329918,0.242935819874308,27.9128600820323,0.123669355122868,0.00505153719556439,1,candidate_diagnostic_only
nonuniform_32MHz,original_echo,32,17,25,0.25,0.8,15,0,19,20270209,15.0183003787056,14.9492890991766,14.9492890991766,0.0183003787055611,-0.0507109008234021,-0.0507109008234021,1,0.97980691575047,0.245165411709016,29.207042030775,0.126666658525181,0.00255779050720539,1,candidate_diagnostic_only
nonuniform_32MHz,original_echo,32,17,25,0.25,0.8,15,0,20,20270209,14.9487802345323,15.0054952179441,15.0054952179441,-0.0512197654676996,0.00549521794405017,0.00549521794405017,1,0.97068663442966,0.24196666929148,25.7075967708038,0.106355738305212,0.00311764463744413,1,candidate_diagnostic_only
nonuniform_32MHz,original_echo,32,17,25,0.25,0.8,3,15,1,20270209,4.19111037933102,3.00420544254261,3.00420544254261,1.19111037933102,0.00420544254261079,0.00420544254261079,1,0.998131070421716,0.251265059418613,24.5321141763144,0.1082635952407,0.000202337035396738,1,candidate_diagnostic_only
nonuniform_32MHz,original_echo,32,17,25,0.25,0.8,3,15,2,20270209,4.21392831375467,3.11938791595194,3.11938791595194,1.21392831375467,0.119387915951937,0.119387915951937,1,0.998869288267019,0.269885810940926,23.3048577797191,0.113729624317992,0.000128595420603839,1,candidate_diagnostic_only
nonuniform_32MHz,original_echo,32,17,25,0.25,0.8,3,15,3,20270209,4.43653487816603,3.00183828073837,3.00183828073837,1.43653487816603,0.00183828073836878,0.00183828073836878,1,0.999166002348614,0.245208746118643,24.8780140642407,0.105628601479059,8.80940055527635e-05,1,candidate_diagnostic_only
nonuniform_32MHz,original_echo,32,17,25,0.25,0.8,3,15,4,20270209,4.24401043896828,3.14183927008718,3.14183927008718,1.24401043896828,0.141839270087181,0.141839270087181,1,0.998234797708259,0.274426611585972,22.0196559500954,0.107045589871162,0.000188957120561328,1,candidate_diagnostic_only
nonuniform_32MHz,original_echo,32,17,25,0.25,0.8,3,15,5,20270209,4.32361527427673,3.014203127458,3.014203127458,1.32361527427673,0.014203127457999,0.014203127457999,1,0.998725026150563,0.251019195898257,25.525425230675,0.113976461356937,0.0001453170076815,1,candidate_diagnostic_only
nonuniform_32MHz,original_echo,32,17,25,0.25,0.8,3,15,6,20270209,4.37210465470103,2.9791202445803,2.9791202445803,1.37210465470103,-0.0208797554196951,-0.0208797554196951,1,0.999456351916491,0.243771404929337,25.7990008348873,0.10950516636942,5.95322738310422e-05,1,candidate_diagnostic_only
nonuniform_32MHz,original_echo,32,17,25,0.25,0.8,3,15,7,20270209,4.42523658788324,3.06524965114659,3.06524965114659,1.42523658788324,0.0652496511465896,0.0652496511465896,1,0.998252499737333,0.263110205639603,23.422725947057,0.109796782153548,0.000191869905653341,1,candidate_diagnostic_only
nonuniform_32MHz,original_echo,32,17,25,0.25,0.8,3,15,8,20270209,4.27300126349793,2.964561435594,2.964561435594,1.27300126349793,-0.0354385644059994,-0.0354385644059994,1,0.998845780385695,0.244661359597321,25.4139085546821,0.109276858369464,0.000126129493319693,1,candidate_diagnostic_only
nonuniform_32MHz,original_echo,32,17,25,0.25,0.8,3,15,9,20270209,4.1531753622483,3.04077264387822,3.04077264387822,1.1531753622483,0.040772643878217,0.040772643878217,1,0.998311329490216,0.253903852308048,24.5336769557892,0.109625021721991,0.000185120541316364,1,candidate_diagnostic_only
nonuniform_32MHz,original_echo,32,17,25,0.25,0.8,3,15,10,20270209,4.4654640855747,3.06818169890732,3.06818169890732,1.4654640855747,0.0681816989073152,0.0681816989073152,1,0.998539196742316,0.266295935910869,23.2433296270327,0.111424862838021,0.000162769802620755,1,candidate_diagnostic_only
nonuniform_32MHz,original_echo,32,17,25,0.25,0.8,3,15,11,20270209,4.29741145997796,3.08251195339699,3.08251195339699,1.29741145997796,0.0825119533969936,0.0825119533969936,1,0.998420824468907,0.272406971190639,23.2087597700645,0.116201329384554,0.00018350229604458,1,candidate_diagnostic_only
nonuniform_32MHz,original_echo,32,17,25,0.25,0.8,3,15,12,20270209,4.16924930797239,2.95139596573578,2.95139596573578,1.16924930797239,-0.0486040342642191,-0.0486040342642191,1,0.997338802110469,0.240708799795618,25.9619404162165,0.108057555414736,0.000287562538417552,1,candidate_diagnostic_only
nonuniform_32MHz,original_echo,32,17,25,0.25,0.8,3,15,13,20270209,4.3295510278547,2.98367153185626,2.98367153185626,1.3295510278547,-0.0163284681437421,-0.0163284681437421,1,0.99828225357262,0.241000653754009,25.7345810985808,0.107734075119397,0.000185059822643385,1,candidate_diagnostic_only
nonuniform_32MHz,original_echo,32,17,25,0.25,0.8,3,15,14,20270209,4.60077676504021,2.97331134948639,2.97331134948639,1.60077676504021,-0.0266886505136088,-0.0266886505136088,1,0.995855551719625,0.248793964626486,25.0099753138529,0.110391577174949,0.000457512182190589,1,candidate_diagnostic_only
nonuniform_32MHz,original_echo,32,17,25,0.25,0.8,3,15,15,20270209,4.37147763474639,3.01154918112501,3.01154918112501,1.37147763474639,0.0115491811250088,0.0115491811250088,1,0.99881005270881,0.255042098599617,24.1661069247776,0.109314995796856,0.000130079083134893,1,candidate_diagnostic_only
nonuniform_32MHz,original_echo,32,17,25,0.25,0.8,3,15,16,20270209,4.33038071602698,2.96306079550806,2.96306079550806,1.33038071602698,-0.0369392044919392,-0.0369392044919392,1,0.996831764300777,0.246643647791083,24.8698805848513,0.107825948782724,0.000341618020236023,1,candidate_diagnostic_only
nonuniform_32MHz,original_echo,32,17,25,0.25,0.8,3,15,17,20270209,4.26747010428467,2.94164023961305,2.94164023961305,1.26747010428467,-0.058359760386951,-0.058359760386951,1,0.998894553511197,0.245412662942338,26.6682827023775,0.116422773318591,0.000128699145981681,1,candidate_diagnostic_only
nonuniform_32MHz,original_echo,32,17,25,0.25,0.8,3,15,18,20270209,4.46288281426858,2.9807203841306,2.9807203841306,1.46288281426858,-0.0192796158694,-0.0192796158694,1,0.998538760933023,0.244741571792555,25.9105663859297,0.111438037268233,0.000162837613603584,1,candidate_diagnostic_only
nonuniform_32MHz,original_echo,32,17,25,0.25,0.8,3,15,19,20270209,4.17271192276182,2.98978816654209,2.98978816654209,1.17271192276182,-0.0102118334579142,-0.0102118334579142,1,0.998429464416185,0.253113049318411,25.1778652737682,0.114272696022763,0.000179469335362281,1,candidate_diagnostic_only
nonuniform_32MHz,original_echo,32,17,25,0.25,0.8,3,15,20,20270209,4.44396619625176,3.04539044485956,3.04539044485956,1.44396619625176,0.0453904448595579,0.0453904448595579,1,0.998280537826787,0.257821459197236,24.1899885422267,0.110761360551698,0.000190449969722284,1,candidate_diagnostic_only
nonuniform_32MHz,original_echo,32,17,25,0.25,0.8,15,15,1,20270209,16.4619446890674,15.0837319729822,15.0837319729822,1.46194468906736,0.0837319729821857,0.0837319729821857,1,0.999004232629753,0.2610151552868,23.9304046222769,0.111015403209684,0.000110545516111005,1,candidate_diagnostic_only
nonuniform_32MHz,original_echo,32,17,25,0.25,0.8,15,15,2,20270209,16.4644107200742,15.0119757252433,15.0119757252433,1.46441072007416,0.011975725243321,0.011975725243321,1,0.998363239533324,0.252646396046841,24.2909882661509,0.108177079204914,0.000177059966643078,1,candidate_diagnostic_only
nonuniform_32MHz,original_echo,32,17,25,0.25,0.8,15,15,3,20270209,16.3215795298227,15.0137656127991,15.0137656127991,1.32157952982273,0.0137656127991175,0.0137656127991175,1,0.99768373049281,0.251519169722221,24.5586416166355,0.108202594271917,0.000250626369710849,1,candidate_diagnostic_only
nonuniform_32MHz,original_echo,32,17,25,0.25,0.8,15,15,4,20270209,16.128879673401,14.9728646912925,14.9728646912925,1.12887967340101,-0.0271353087074733,-0.0271353087074733,1,0.999590472602666,0.244742024896383,25.3673364937549,0.108135839847248,4.42845890511467e-05,1,candidate_diagnostic_only
nonuniform_32MHz,original_echo,32,17,25,0.25,0.8,15,15,5,20270209,16.4769584222524,14.9986322909353,14.9986322909353,1.47695842225245,-0.00136770906468975,-0.00136770906468975,1,0.998383665884645,0.253834586902743,24.8508803079547,0.112545215260893,0.000181910670946195,1,candidate_diagnostic_only
nonuniform_32MHz,original_echo,32,17,25,0.25,0.8,15,15,6,20270209,16.1828872480477,14.9842936295332,14.9842936295332,1.18288724804766,-0.0157063704667735,-0.0157063704667735,1,0.999055521645474,0.246786696926605,25.3895491777822,0.11003877266139,0.000103929238937317,1,candidate_diagnostic_only
nonuniform_32MHz,original_echo,32,17,25,0.25,0.8,15,15,7,20270209,16.4378623083895,14.9020230040467,14.9020230040467,1.43786230838951,-0.0979769959532995,-0.0979769959532995,1,0.99884436184661,0.233433209144262,26.9484925787677,0.107736819317508,0.000124504778928225,1,candidate_diagnostic_only
nonuniform_32MHz,original_echo,32,17,25,0.25,0.8,15,15,8,20270209,16.2871621209097,15.067347820111,15.067347820111,1.28716212090972,0.0673478201110385,0.0673478201110385,1,0.99685556436249,0.26107398272005,23.4869046881959,0.108710623692493,0.000341833559314608,1,candidate_diagnostic_only
nonuniform_32MHz,original_echo,32,17,25,0.25,0.8,15,15,9,20270209,16.583161599948,15.0308793954549,15.0308793954549,1.58316159994798,0.0308793954548534,0.0308793954548534,1,0.998100459072564,0.257175802092952,24.2879477047797,0.111452840656954,0.000211709232306845,1,candidate_diagnostic_only
nonuniform_32MHz,original_echo,32,17,25,0.25,0.8,15,15,10,20270209,16.2908671845852,14.9717637593939,14.9717637593939,1.29086718458521,-0.028236240606148,-0.028236240606148,1,0.997749716387754,0.245968724255976,25.5709013755517,0.11088415397112,0.000249520794538993,1,candidate_diagnostic_only
nonuniform_32MHz,original_echo,32,17,25,0.25,0.8,15,15,11,20270209,16.3922717973467,15.0345644956345,15.0345644956345,1.39227179734675,0.0345644956344948,0.0345644956344948,1,0.998014090246479,0.258592738108948,24.5466283738579,0.115023337644243,0.000228425968110235,1,candidate_diagnostic_only
nonuniform_32MHz,original_echo,32,17,25,0.25,0.8,15,15,12,20270209,16.1993503237515,14.9764480789287,14.9764480789287,1.19935032375154,-0.0235519210712685,-0.0235519210712685,1,0.998157997643122,0.245879316861513,25.4300551517591,0.110302895465397,0.000203178193417752,1,candidate_diagnostic_only
nonuniform_32MHz,original_echo,32,17,25,0.25,0.8,15,15,13,20270209,16.3755804827642,14.9892452706907,14.9892452706907,1.37558048276421,-0.0107547293092729,-0.0107547293092729,1,0.999233361255546,0.25820768467618,24.6035538284623,0.115626233508338,8.86435504827698e-05,1,candidate_diagnostic_only
nonuniform_32MHz,original_echo,32,17,25,0.25,0.8,15,15,14,20270209,16.4459399227169,15.0342715956303,15.0342715956303,1.44593992271691,0.0342715956302531,0.0342715956302531,1,0.999014253783236,0.263537617363134,24.3184249487412,0.117039919617589,0.000115371657973373,1,candidate_diagnostic_only
nonuniform_32MHz,original_echo,32,17,25,0.25,0.8,15,15,15,20270209,16.2080458960848,14.9376430574786,14.9376430574786,1.20804589608479,-0.0623569425214221,-0.0623569425214221,1,0.998784465810349,0.242995148055858,25.7862129344185,0.109811569270663,0.000133479716867724,1,candidate_diagnostic_only
nonuniform_32MHz,original_echo,32,17,25,0.25,0.8,15,15,16,20270209,16.46302626358,15.0995099395101,15.0995099395101,1.46302626358003,0.0995099395101455,0.0995099395101455,1,0.998354769454182,0.262798109416115,23.3008522520403,0.10720666988899,0.000176379688016759,1,candidate_diagnostic_only
nonuniform_32MHz,original_echo,32,17,25,0.25,0.8,15,15,17,20270209,16.2671502975741,14.9665012744159,14.9665012744159,1.26715029757413,-0.0334987255840744,-0.0334987255840744,1,0.998774510154158,0.246878817179009,25.7903376776297,0.112628238469906,0.000138024762599942,1,candidate_diagnostic_only
nonuniform_32MHz,original_echo,32,17,25,0.25,0.8,15,15,18,20270209,16.1601816898861,15.1275045220681,15.1275045220681,1.16018168988606,0.127504522068115,0.127504522068115,1,0.997027222375882,0.276653091015298,22.6177064552943,0.113919652144684,0.000338657792843033,1,candidate_diagnostic_only
nonuniform_32MHz,original_echo,32,17,25,0.25,0.8,15,15,19,20270209,16.2762593105415,15.0050263439011,15.0050263439011,1.27625931054147,0.00502634390105783,0.00502634390105783,1,0.998579837984085,0.250646396323245,25.0778197022079,0.111559451308951,0.000158432495265259,1,candidate_diagnostic_only
nonuniform_32MHz,original_echo,32,17,25,0.25,0.8,15,15,20,20270209,16.3993942754321,15.1345963478666,15.1345963478666,1.39939427543205,0.134596347866601,0.134596347866601,1,0.998859780098305,0.277835190209215,22.3848476941665,0.112557545708965,0.000128340353703349,1,candidate_diagnostic_only
nonuniform_32MHz,original_echo,32,17,25,0.25,0.8,3,30,1,20270209,4.33565184255375,2.98488293839212,2.98488293839212,1.33565184255375,-0.0151170616078788,-0.0151170616078788,1,0.99943588478834,0.249933168545881,25.3982653782176,0.113555871842427,6.40585946796168e-05,1,candidate_diagnostic_only
nonuniform_32MHz,original_echo,32,17,25,0.25,0.8,3,30,2,20270209,4.3055416646156,2.94987377763848,2.94987377763848,1.3055416646156,-0.0501262223615169,-0.0501262223615169,1,0.999242432742717,0.240955633739442,26.1366044484678,0.110524344856312,8.37296247957475e-05,1,candidate_diagnostic_only
nonuniform_32MHz,original_echo,32,17,25,0.25,0.8,3,30,3,20270209,4.29793466826573,3.00016884638363,3.00016884638363,1.29793466826573,0.00016884638363468,0.00016884638363468,1,0.998977313518453,0.249892286956698,25.4933479408763,0.113707147699292,0.000116286762807283,1,candidate_diagnostic_only
nonuniform_32MHz,original_echo,32,17,25,0.25,0.8,3,30,4,20270209,4.34087410198847,2.99589419053612,2.99589419053612,1.34087410198847,-0.00410580946388395,-0.00410580946388395,1,0.999133945661697,0.248919587974006,24.8912165161933,0.109676511808766,9.49858188619146e-05,1,candidate_diagnostic_only
nonuniform_32MHz,original_echo,32,17,25,0.25,0.8,3,30,5,20270209,4.32055819226408,2.94971829684534,2.94971829684534,1.32055819226408,-0.0502817031546572,-0.0502817031546572,1,0.999271500110174,0.244421271052957,26.0955352368093,0.113332784684655,8.25629211564927e-05,1,candidate_diagnostic_only
nonuniform_32MHz,original_echo,32,17,25,0.25,0.8,3,30,6,20270209,4.25883597183622,3.02947983856259,3.02947983856259,1.25883597183622,0.0294798385625858,0.0294798385625858,1,0.998630926676368,0.25505310418188,24.6050739392079,0.111624430680468,0.000152822030310196,1,candidate_diagnostic_only
nonuniform_32MHz,original_echo,32,17,25,0.25,0.8,3,30,7,20270209,4.33013327056686,2.97337078667854,2.97337078667854,1.33013327056686,-0.0266292133214594,-0.0266292133214594,1,0.999249936379357,0.243298560045266,25.7260102943438,0.109887487814927,8.24226069737755e-05,1,candidate_diagnostic_only
nonuniform_32MHz,original_echo,32,17,25,0.25,0.8,3,30,8,20270209,4.31709838485618,2.98914825117498,2.98914825117498,1.31709838485618,-0.0108517488250155,-0.0108517488250155,1,0.999278165617911,0.24838002449382,25.3866988507417,0.111729145210265,8.0649938494215e-05,1,candidate_diagnostic_only
nonuniform_32MHz,original_echo,32,17,25,0.25,0.8,3,30,9,20270209,4.30811178236659,3.00572735718299,3.00572735718299,1.30811178236659,0.00572735718299011,0.00572735718299011,1,0.999622528750004,0.247233531580462,25.5579280988485,0.111167017079968,4.19623528955526e-05,1,candidate_diagnostic_only
nonuniform_32MHz,original_echo,32,17,25,0.25,0.8,3,30,10,20270209,4.31274316523632,3.01996373711722,3.01996373711722,1.31274316523632,0.019963737117223,0.019963737117223,1,0.998816288032783,0.253067897260514,24.3511216191652,0.109741878148083,0.000129902774468782,1,candidate_diagnostic_only
nonuniform_32MHz,original_echo,32,17,25,0.25,0.8,3,30,11,20270209,4.36177398941276,2.98442310574791,2.98442310574791,1.36177398941276,-0.01557689425209,-0.01557689425209,1,0.99942370001294,0.245968267879503,25.8742545901686,0.112492612225699,6.48294909699754e-05,1,candidate_diagnostic_only
nonuniform_32MHz,original_echo,32,17,25,0.25,0.8,3,30,12,20270209,4.32676936856934,2.94767298234323,2.94767298234323,1.32676936856934,-0.0523270176567676,-0.0523270176567676,1,0.99935913558635,0.241865836707363,26.4578528862338,0.11321774192597,7.25572217941117e-05,1,candidate_diagnostic_only
nonuniform_32MHz,original_echo,32,17,25,0.25,0.8,3,30,13,20270209,4.28584085370079,2.98631089157003,2.98631089157003,1.28584085370079,-0.0136891084299711,-0.0136891084299711,1,0.999491795050982,0.24758979858013,25.4540118342397,0.111357335906008,5.65923492168441e-05,1,candidate_diagnostic_only
nonuniform_32MHz,original_echo,32,17,25,0.25,0.8,3,30,14,20270209,4.34326530666379,2.95461774743552,2.95461774743552,1.34326530666379,-0.0453822525644774,-0.0453822525644774,1,0.999423457116926,0.241503666355184,26.1261292284038,0.110973623417927,6.39810527904849e-05,1,candidate_diagnostic_only
nonuniform_32MHz,original_echo,32,17,25,0.25,0.8,3,30,15,20270209,4.27969419840722,2.98291022778997,2.98291022778997,1.27969419840722,-0.0170897722100252,-0.0170897722100252,1,0.998803110866976,0.246508740100521,25.3950714955414,0.111208175686945,0.000133103856983174,1,candidate_diagnostic_only
nonuniform_32MHz,original_echo,32,17,25,0.25,0.8,3,30,16,20270209,4.33240313116573,3.02400620208101,3.02400620208101,1.33240313116573,0.0240062020810052,0.0240062020810052,1,0.99870809360064,0.257971863656749,24.4889078916187,0.114303320162829,0.000147669190786459,1,candidate_diagnostic_only
nonuniform_32MHz,original_echo,32,17,25,0.25,0.8,3,30,17,20270209,4.29059665002552,3.05097671366177,3.05097671366177,1.29059665002552,0.0509767136617656,0.0509767136617656,1,0.999621971981003,0.260126433197488,23.7648422173527,0.110898214092636,4.19226321837218e-05,1,candidate_diagnostic_only
nonuniform_32MHz,original_echo,32,17,25,0.25,0.8,3,30,18,20270209,4.30287905551071,2.97757862174011,2.97757862174011,1.30287905551071,-0.0224213782598892,-0.0224213782598892,1,0.999003132053221,0.244394099725752,26.0139477931152,0.112395423067541,0.000112043394620676,1,candidate_diagnostic_only
nonuniform_32MHz,original_echo,32,17,25,0.25,0.8,3,30,19,20270209,4.31926194261789,2.97462740097816,2.97462740097816,1.31926194261789,-0.0253725990218374,-0.0253725990218374,1,0.998940528940997,0.245595336031632,25.5583331278486,0.110896729896023,0.000117491875862852,1,candidate_diagnostic_only
nonuniform_32MHz,original_echo,32,17,25,0.25,0.8,3,30,20,20270209,4.30705363178661,2.94857529740693,2.94857529740693,1.30705363178661,-0.0514247025930654,-0.0514247025930654,1,0.999166856339473,0.244359568810465,26.0778985718631,0.11384599316946,9.48500674855524e-05,1,candidate_diagnostic_only
nonuniform_32MHz,original_echo,32,17,25,0.25,0.8,15,30,1,20270209,16.3027458912212,14.9859390826545,14.9859390826545,1.30274589122119,-0.014060917345498,-0.014060917345498,1,0.99981307971614,0.250034949660721,25.0324003508841,0.111634526779272,2.08667574341792e-05,1,candidate_diagnostic_only
nonuniform_32MHz,original_echo,32,17,25,0.25,0.8,15,30,2,20270209,16.3035767104118,15.0106865531663,15.0106865531663,1.30357671041185,0.0106865531663178,0.0106865531663178,1,0.998934848598688,0.251551159226531,24.9091340967418,0.111669257996167,0.000118944666638088,1,candidate_diagnostic_only
nonuniform_32MHz,original_echo,32,17,25,0.25,0.8,15,30,3,20270209,16.3070902642313,14.9929710294565,14.9929710294565,1.30709026423129,-0.00702897054354956,-0.00702897054354956,1,0.999622733120883,0.251695069478716,25.0922908591455,0.113216458703436,4.27128200397586e-05,1,candidate_diagnostic_only
nonuniform_32MHz,original_echo,32,17,25,0.25,0.8,15,30,4,20270209,16.3187202662949,15.0411225132012,15.0411225132012,1.31872026629495,0.0411225132011648,0.0411225132011648,1,0.999353214475132,0.255186710950259,24.413569262761,0.110823831462633,7.16792500004004e-05,1,candidate_diagnostic_only
nonuniform_32MHz,original_echo,32,17,25,0.25,0.8,15,30,5,20270209,16.2729477636117,15.0265801855314,15.0265801855314,1.27294776361167,0.0265801855313583,0.0265801855313583,1,0.998536910608876,0.257826490913002,24.1555812367923,0.111674006061484,0.000163389053532859,1,candidate_diagnostic_only
nonuniform_32MHz,original_echo,32,17,25,0.25,0.8,15,30,6,20270209,16.2929925828686,14.994525217722,14.994525217722,1.29299258286856,-0.00547478227801435,-0.00547478227801435,1,0.999339575727067,0.250419902136518,24.9790522140152,0.111436392198867,7.35952982962029e-05,1,candidate_diagnostic_only
nonuniform_32MHz,original_echo,32,17,25,0.25,0.8,15,30,7,20270209,16.3181643041457,14.9695218263962,14.9695218263962,1.31816430414566,-0.0304781736038375,-0.0304781736038375,1,0.999331241565397,0.243630113540677,25.4742768441868,0.109046968928418,7.29260802387888e-05,1,candidate_diagnostic_only
nonuniform_32MHz,original_echo,32,17,25,0.25,0.8,15,30,8,20270209,16.303266809034,14.9713546817611,14.9713546817611,1.30326680903397,-0.0286453182389437,-0.0286453182389437,1,0.999526006471845,0.241409292017308,25.9121686522097,0.109577664647187,5.19391038731332e-05,1,candidate_diagnostic_only
nonuniform_32MHz,original_echo,32,17,25,0.25,0.8,15,30,9,20270209,16.279096510471,14.9991172298896,14.9991172298896,1.27909651047095,-0.000882770110376185,-0.000882770110376185,1,0.999363996221911,0.249068874782204,25.1975462998082,0.111196062724414,7.0721116001371e-05,1,candidate_diagnostic_only
nonuniform_32MHz,original_echo,32,17,25,0.25,0.8,15,30,10,20270209,16.3426876500358,14.9902058929873,14.9902058929873,1.34268765003578,-0.0097941070126808,-0.0097941070126808,1,0.999516415787121,0.246003228113923,24.9471463097135,0.107546424576171,5.20077530765661e-05,1,candidate_diagnostic_only
nonuniform_32MHz,original_echo,32,17,25,0.25,0.8,15,30,11,20270209,16.2890479966577,15.0394350479928,15.0394350479928,1.28904799665768,0.0394350479928356,0.0394350479928356,1,0.998316541714513,0.252434119790403,24.9384936818266,0.111701359176227,0.000188044578605329,1,candidate_diagnostic_only
nonuniform_32MHz,original_echo,32,17,25,0.25,0.8,15,30,12,20270209,16.2761466834064,15.0293014205434,15.0293014205434,1.27614668340642,0.0293014205433515,0.0293014205433515,1,0.999197532628333,0.254778245673898,24.4006337760561,0.11097301057293,8.90522201204558e-05,1,candidate_diagnostic_only
nonuniform_32MHz,original_echo,32,17,25,0.25,0.8,15,30,13,20270209,16.3127381529068,15.0261550874515,15.0261550874515,1.31273815290681,0.0261550874515351,0.0261550874515351,1,0.999408860953223,0.255157582202074,24.3191803879914,0.110741001473347,6.54633300500862e-05,1,candidate_diagnostic_only
nonuniform_32MHz,original_echo,32,17,25,0.25,0.8,15,30,14,20270209,16.3211810703448,15.0336243197785,15.0336243197785,1.32118107034479,0.0336243197785233,0.0336243197785233,1,0.99931328816792,0.257844848432091,24.3054206507477,0.112853530163302,7.74978544550997e-05,1,candidate_diagnostic_only
nonuniform_32MHz,original_echo,32,17,25,0.25,0.8,15,30,15,20270209,16.3012121950442,14.9806982234028,14.9806982234028,1.30121219504424,-0.0193017765971817,-0.0193017765971817,1,0.998906647126044,0.2438482296048,25.9669463162874,0.111590072031811,0.000122007325960904,1,candidate_diagnostic_only
nonuniform_32MHz,original_echo,32,17,25,0.25,0.8,15,30,16,20270209,16.3227679885675,15.0456980736392,15.0456980736392,1.32276798856751,0.0456980736392225,0.0456980736392225,1,0.999208513357738,0.259211031960206,24.1064373163885,0.112578911294419,8.91047044899729e-05,1,candidate_diagnostic_only
nonuniform_32MHz,original_echo,32,17,25,0.25,0.8,15,30,17,20270209,16.2918671234239,14.999714937664,14.999714937664,1.29186712342393,-0.000285062335958486,-0.000285062335958486,1,0.999215078433544,0.25360779833005,25.0225443396276,0.114407924884281,8.98012476151511e-05,1,candidate_diagnostic_only
nonuniform_32MHz,original_echo,32,17,25,0.25,0.8,15,30,18,20270209,16.2986049192297,14.984926199066,14.984926199066,1.2986049192297,-0.0150738009339513,-0.0150738009339513,1,0.999409528237662,0.247297151725763,25.5154318105389,0.111780565882158,6.60032677315403e-05,1,candidate_diagnostic_only
nonuniform_32MHz,original_echo,32,17,25,0.25,0.8,15,30,19,20270209,16.3049401551298,15.0416032438451,15.0416032438451,1.30494015512975,0.0416032438450724,0.0416032438450724,1,0.999615511475412,0.255694158267386,24.444750015427,0.111343614615897,4.28103421059589e-05,1,candidate_diagnostic_only
nonuniform_32MHz,original_echo,32,17,25,0.25,0.8,15,30,20,20270209,16.2756460107164,14.9929834235192,14.9929834235192,1.27564601071643,-0.0070165764808312,-0.0070165764808312,1,0.998997369208968,0.248069335545556,25.242648039603,0.110916329016344,0.000111208126700069,1,candidate_diagnostic_only
nonuniform_32MHz,strong_late,32,17,60,0.4,1.92,3,0,1,20270209,8.20263884431018,11.2026387709574,8.20263884431018,5.20263884431018,8.20263877095742,5.20263884431018,0,0.233523290641598,0.151278268002413,44.7683290748536,0.857190005914818,0.657016175028499,1,candidate_diagnostic_only
nonuniform_32MHz,strong_late,32,17,60,0.4,1.92,3,0,2,20270209,6.65476837384564,3.65476855811785,6.65476837384564,3.65476837384564,0.654768558117854,3.65476837384564,0,0.417068683480946,0.296152582011643,8.4476341207795,0.406196812830044,0.236784842868861,1,candidate_diagnostic_only
nonuniform_32MHz,strong_late,32,17,60,0.4,1.92,3,0,3,20270209,7.84286242579266,4.84287295619874,7.84286242579266,4.84286242579266,1.84287295619874,4.84286242579266,0,0.517613731048487,0.468751480102811,5.00478123863926,0.972505433109185,0.469123267412615,1,candidate_diagnostic_only
nonuniform_32MHz,strong_late,32,17,60,0.4,1.92,3,0,4,20270209,7.69491690924927,10.6949169079425,7.69491690924927,4.69491690924927,7.69491690794254,4.69491690924927,0,0.444067455038861,0.296919384998674,56.0980255277424,1.03460684957111,0.575171618916292,1,candidate_diagnostic_only
nonuniform_32MHz,strong_late,32,17,60,0.4,1.92,3,0,5,20270209,8.11904988511704,11.1151190301938,8.11904988511704,5.11904988511704,8.11511903019381,5.11904988511704,0,0.234368775372679,0.203242781300776,41.6153831897139,0.909654474279464,0.696459869130308,1,candidate_diagnostic_only
nonuniform_32MHz,strong_late,32,17,60,0.4,1.92,3,0,6,20270209,8.3068042825416,11.2372982894655,8.3068042825416,5.3068042825416,8.23729828946551,5.3068042825416,0,0.448056789845636,0.332500447790472,55.9415728970982,0.801633008861856,0.442455896276914,1,candidate_diagnostic_only
nonuniform_32MHz,strong_late,32,17,60,0.4,1.92,3,0,7,20270209,7.48807846772719,10.4880784466566,7.48807846772719,4.48807846772719,7.48807844665663,4.48807846772719,0,0,0.0916855267801932,48.7976510819053,0.765612971856896,0.963627551211943,0,weak_or_boundary_solution
nonuniform_32MHz,strong_late,32,17,60,0.4,1.92,3,0,8,20270209,7.63420389039188,10.6342038898974,7.63420389039188,4.63420389039188,7.63420388989737,4.63420389039188,0,0.33184548595723,0.196229132812076,54.4749160516347,1.04098691770367,0.695540108123176,1,candidate_diagnostic_only
nonuniform_32MHz,strong_late,32,17,60,0.4,1.92,3,0,9,20270209,8.43483468757522,11.4348346867756,8.43483468757522,5.43483468757522,8.43483468677561,5.43483468757522,0,0.233366961200922,0.147986303339451,45.3297262711477,0.760403241929233,0.582950248072878,1,candidate_diagnostic_only
nonuniform_32MHz,strong_late,32,17,60,0.4,1.92,3,0,10,20270209,8.11866164450788,11.1186616443017,8.11866164450788,5.11866164450788,8.11866164430166,5.11866164450788,0,0.232926072268882,0.160571338458984,44.5491950228719,0.87667682657359,0.672475936710656,1,candidate_diagnostic_only
nonuniform_32MHz,strong_late,32,17,60,0.4,1.92,3,0,11,20270209,7.62331599815366,10.6004990670992,7.62331599815366,4.62331599815366,7.60049906709924,4.62331599815366,0,0.486769318348075,0.369790685530896,55.2525664430869,1.09978723062154,0.564444550043975,1,candidate_diagnostic_only
nonuniform_32MHz,strong_late,32,17,60,0.4,1.92,3,0,12,20270209,7.24910681588115,4.2491068678189,7.24910681588115,4.24910681588115,1.2491068678189,4.24910681588115,0,0.527084959345857,0.3145715892572,9.99681223771125,0.61542019971657,0.291041468768343,1,candidate_diagnostic_only
nonuniform_32MHz,strong_late,32,17,60,0.4,1.92,3,0,13,20270209,7.58103409547851,10.5810340720686,7.58103409547851,4.58103409547851,7.58103407206859,4.58103409547851,0,0.321102630852721,0.406535297393215,26.040934686627,1.12220681287838,0.761863252902282,1,candidate_diagnostic_only
nonuniform_32MHz,strong_late,32,17,60,0.4,1.92,3,0,14,20270209,8.12464200766445,11.12464186747,8.12464200766445,5.12464200766445,8.12464186747005,5.12464200766445,0,0.230399186230021,0.155335414224463,44.5662160546383,0.847184925740226,0.651994208263337,1,candidate_diagnostic_only
nonuniform_32MHz,strong_late,32,17,60,0.4,1.92,3,0,15,20270209,7.10777582417255,4.10777706990371,7.10777582417255,4.10777582417255,1.10777706990371,4.10777582417255,0,0.467266778520106,0.299261622850089,10.0693776972936,0.573381936652414,0.305459606251221,1,candidate_diagnostic_only
nonuniform_32MHz,strong_late,32,17,60,0.4,1.92,3,0,16,20270209,6.96945515704391,3.96945515753298,6.96945515704391,3.96945515704391,0.969455157532985,3.96945515704391,0,0.332124454153766,0.180236952624402,9.66519906463465,0.537737311423371,0.359141600388771,1,candidate_diagnostic_only
nonuniform_32MHz,strong_late,32,17,60,0.4,1.92,3,0,17,20270209,6.58446203070248,3.58496226085502,6.58446203070248,3.58446203070248,0.584962260855021,3.58446203070248,0,0.407218217969007,0.518452673266754,5.43942018728961,0.426120036491088,0.252596194590299,1,candidate_diagnostic_only
nonuniform_32MHz,strong_late,32,17,60,0.4,1.92,3,0,18,20270209,7.77968105740258,10.7796810509583,7.77968105740258,4.77968105740258,7.77968105095828,4.77968105740258,0,0.514398192814538,0.45154710080655,55.8862449060973,1.08804444967026,0.528356351057988,1,candidate_diagnostic_only
nonuniform_32MHz,strong_late,32,17,60,0.4,1.92,3,0,19,20270209,9.47794203898307,11.8796654515088,9.47794203898307,6.47794203898307,8.87966545150883,6.47794203898307,0,0.353476452046327,0.353910787391913,61.4455319717732,0.661511657061494,0.427682863536111,1,candidate_diagnostic_only
nonuniform_32MHz,strong_late,32,17,60,0.4,1.92,3,0,20,20270209,8.78554984164627,11.7855419875912,8.78554984164627,5.78554984164627,8.78554198759123,5.78554984164627,0,0.248284279823731,0.128859663445051,52.8093100543262,0.672160639323804,0.505273719063435,1,candidate_diagnostic_only
nonuniform_32MHz,strong_late,32,17,60,0.4,1.92,15,0,1,20270209,18.959907220387,15.959907251419,18.959907220387,3.95990722038702,0.959907251418969,3.95990722038702,0,0.403539410144132,0.260294390251202,11.1343257934057,0.521777554621393,0.311219748003028,1,candidate_diagnostic_only
nonuniform_32MHz,strong_late,32,17,60,0.4,1.92,15,0,2,20270209,19.5863022203201,16.5863038135778,19.5863022203201,4.58630222032013,1.58630381357776,4.58630222032013,0,0.375926519494895,0.269732393448071,14.0984501349919,0.865649710732405,0.540229027875009,1,candidate_diagnostic_only
nonuniform_32MHz,strong_late,32,17,60,0.4,1.92,15,0,3,20270209,19.7870981108813,22.7870981108696,19.7870981108813,4.78709811088131,7.78709811086964,4.78709811088131,0,0.287709807705838,0.155279329529995,51.7297540163834,0.962770456779591,0.685771953794673,1,candidate_diagnostic_only
nonuniform_32MHz,strong_late,32,17,60,0.4,1.92,15,0,4,20270209,19.9486178020354,22.9486174513839,19.9486178020354,4.94861780203535,7.9486174513839,4.94861780203535,0,0.462531454742732,0.293176527935077,53.0566851890036,0.919749109879263,0.494336216088475,1,candidate_diagnostic_only
nonuniform_32MHz,strong_late,32,17,60,0.4,1.92,15,0,5,20270209,19.5551665988926,22.5551665988496,19.5551665988926,4.55516659889259,7.5551665988496,4.55516659889259,0,0.313491544010794,0.196217381798552,53.1395803141627,1.07929612897342,0.740945919056672,1,candidate_diagnostic_only
nonuniform_32MHz,strong_late,32,17,60,0.4,1.92,15,0,6,20270209,19.4735393016562,22.4735392525886,19.4735393016562,4.47353930165618,7.47353925258861,4.47353930165618,0,0.369360587640952,0.240960731425477,54.4729432810029,1.10673656522115,0.697951697127337,1,candidate_diagnostic_only
nonuniform_32MHz,strong_late,32,17,60,0.4,1.92,15,0,7,20270209,20.4716492937727,23.471648484935,20.4716492937727,5.47164929377272,8.47164848493497,5.47164929377272,0,0.404255682418187,0.270388106834667,55.3484420664581,0.777832369511867,0.463389214167892,1,candidate_diagnostic_only
nonuniform_32MHz,strong_late,32,17,60,0.4,1.92,15,0,8,20270209,19.6052583918989,22.6052583897739,19.6052583918989,4.60525839189891,7.60525838977394,4.60525839189891,0,0.313835794731054,0.200026442640517,53.218103899756,1.10138618522571,0.755731776479597,1,candidate_diagnostic_only
nonuniform_32MHz,strong_late,32,17,60,0.4,1.92,15,0,9,20270209,20.0197239625252,23.0092017532126,20.0197239625252,5.01972396252522,8.00920175321259,5.01972396252522,0,0.357552865483148,0.207767926499497,49.9714095832395,0.907379433079413,0.582943316701395,1,candidate_diagnostic_only
nonuniform_32MHz,strong_late,32,17,60,0.4,1.92,15,0,10,20270209,19.8153411957205,22.8153411956209,19.8153411957205,4.8153411957205,7.81534119562093,4.8153411957205,0,0.276466757066736,0.155280509216375,51.7153313023082,1.0369627546043,0.750277024639856,1,candidate_diagnostic_only
nonuniform_32MHz,strong_late,32,17,60,0.4,1.92,15,0,11,20270209,20.5264941406867,23.52646291859,20.5264941406867,5.5264941406867,8.52646291859,5.5264941406867,0,0.361997970079435,0.205902986780534,53.7542375759514,0.782000255672419,0.498917750517404,1,candidate_diagnostic_only
nonuniform_32MHz,strong_late,32,17,60,0.4,1.92,15,0,12,20270209,19.3535273183896,16.3535273822307,19.3535273183896,4.35352731838963,1.35352738223072,4.35352731838963,0,0.360974769776002,0.195767637044509,16.0891510046521,0.750676582761688,0.479701276123052,1,candidate_diagnostic_only
nonuniform_32MHz,strong_late,32,17,60,0.4,1.92,15,0,13,20270209,20.4258349150869,23.4258151769808,20.4258349150869,5.42583491508693,8.42581517698083,5.42583491508693,0,0.429780651181339,0.25350589166766,54.5328102651057,0.748279934331745,0.426683696888718,1,candidate_diagnostic_only
nonuniform_32MHz,strong_late,32,17,60,0.4,1.92,15,0,14,20270209,21.011758732978,23.7001360369438,21.011758732978,6.01175873297802,8.70013603694378,6.01175873297802,0,0.392550885438321,0.346498128865306,58.7685479501716,0.666337426521819,0.404766079739987,1,candidate_diagnostic_only
nonuniform_32MHz,strong_late,32,17,60,0.4,1.92,15,0,15,20270209,19.6535158190511,22.6535156934944,19.6535158190511,4.65351581905109,7.65351569349436,4.65351581905109,0,0.338125436239974,0.208423042667899,53.7824793587697,1.09841622277533,0.727013758276357,1,candidate_diagnostic_only
nonuniform_32MHz,strong_late,32,17,60,0.4,1.92,15,0,16,20270209,19.5027505085225,22.5027505070178,19.5027505085225,4.50275050852253,7.50275050701777,4.50275050852253,0,0.352176207360922,0.23758428222235,54.6594526986309,1.12602299221047,0.729464485412592,1,candidate_diagnostic_only
nonuniform_32MHz,strong_late,32,17,60,0.4,1.92,15,0,17,20270209,19.0753502349572,16.0753502684278,19.0753502349572,4.0753502349572,1.0753502684278,4.0753502349572,0,0.368705349050426,0.250695880860407,7.15693529100782,0.594660359150776,0.375405903863637,1,candidate_diagnostic_only
nonuniform_32MHz,strong_late,32,17,60,0.4,1.92,15,0,18,20270209,20.2334307379911,23.1376662299612,20.2334307379911,5.23343073799109,8.13766622996124,5.23343073799109,0,0.395945598083254,0.353727198077655,45.0360960259074,0.821107414422545,0.495993548128416,1,candidate_diagnostic_only
nonuniform_32MHz,strong_late,32,17,60,0.4,1.92,15,0,19,20270209,20.1512579485618,23.1305863268409,20.1512579485618,5.15125794856182,8.13058632684088,5.15125794856182,0,0.398347968145441,0.218183162923552,51.8357101856868,0.842639931210867,0.506976026734803,1,candidate_diagnostic_only
nonuniform_32MHz,strong_late,32,17,60,0.4,1.92,15,0,20,20270209,18.8804073694595,15.8804075495238,18.8804073694595,3.88040736945945,0.880407549523838,3.88040736945945,0,0.424074846036006,0.262587934513631,9.98295808849357,0.478435123690782,0.275542822273396,1,candidate_diagnostic_only
nonuniform_32MHz,strong_late,32,17,60,0.4,1.92,3,15,1,20270209,7.38204286669663,10.3820428626936,7.38204286669663,4.38204286669663,7.38204286269363,4.38204286669663,0,0.163957117080575,0.19163134397921,17.0315310764259,1.35329320860536,1.13141115555771,1,candidate_diagnostic_only
nonuniform_32MHz,strong_late,32,17,60,0.4,1.92,3,15,2,20270209,7.5364460738125,10.5364460711831,7.5364460738125,4.5364460738125,7.53644607118313,4.5364460738125,0,0.261831233248189,0.338182279928784,18.9017550668651,1.31040899978674,0.967302995313055,1,candidate_diagnostic_only
nonuniform_32MHz,strong_late,32,17,60,0.4,1.92,3,15,3,20270209,7.23023077736605,4.2302308362291,7.23023077736605,4.23023077736605,1.2302308362291,4.23023077736605,0,0.407668739737277,0.237259732638744,12.444897380809,0.680893536620563,0.403314526651201,1,candidate_diagnostic_only
nonuniform_32MHz,strong_late,32,17,60,0.4,1.92,3,15,4,20270209,7.35056051322793,7.73038076259809,7.73038076259809,4.35056051322793,4.73038076259809,4.73038076259809,1,0.690060279035494,0.699999588352849,30.8813869438352,1.37188880019154,0.425202831925696,1,candidate_diagnostic_only
nonuniform_32MHz,strong_late,32,17,60,0.4,1.92,3,15,5,20270209,7.5881601476956,10.40220563463,7.5881601476956,4.5881601476956,7.40220563463001,4.5881601476956,0,0.346297780455438,0.699989889621175,19.8836364170597,1.28572416337326,0.840480739319174,1,candidate_diagnostic_only
nonuniform_32MHz,strong_late,32,17,60,0.4,1.92,3,15,6,20270209,7.34518501051849,7.84501934619292,7.84501934619292,4.34518501051849,4.84501934619292,4.84501934619292,1,0.76990420129874,0.699999996882923,29.8766104470997,1.85869500114687,0.427677910830929,1,candidate_diagnostic_only
nonuniform_32MHz,strong_late,32,17,60,0.4,1.92,3,15,7,20270209,7.59895312486233,8.09558353026313,8.09558353026313,4.59895312486233,5.09558353026313,5.09558353026313,1,0.665183845324211,0.699994519574073,27.7172238882639,1.26218280915745,0.422599194659982,1,candidate_diagnostic_only
nonuniform_32MHz,strong_late,32,17,60,0.4,1.92,3,15,8,20270209,7.38090316640074,10.3804997832864,7.38090316640074,4.38090316640074,7.38049978328636,4.38090316640074,0,0.164895714919146,0.191489451979786,17.8678449238343,1.36529416826844,1.14016301031688,1,candidate_diagnostic_only
nonuniform_32MHz,strong_late,32,17,60,0.4,1.92,3,15,9,20270209,7.43516328688508,10.4351632844389,7.43516328688508,4.43516328688508,7.4351632844389,4.43516328688508,0,0.16563267242589,0.193272297509651,16.9472229514684,1.35219900931322,1.12823067374903,1,candidate_diagnostic_only
nonuniform_32MHz,strong_late,32,17,60,0.4,1.92,3,15,10,20270209,7.46230427997709,10.4623028885748,7.46230427997709,4.46230427997709,7.46230288857485,4.46230427997709,0,0.327328883136886,0.46587257036026,20.2178951891964,1.33321980406986,0.896818454627695,1,candidate_diagnostic_only
nonuniform_32MHz,strong_late,32,17,60,0.4,1.92,3,15,11,20270209,7.44681572317434,10.3432621047457,7.44681572317434,4.44681572317434,7.34326210474567,4.44681572317434,0,0.3632691741853,0.64444519278693,20.0481211549565,1.3294227338266,0.846484435166245,1,candidate_diagnostic_only
nonuniform_32MHz,strong_late,32,17,60,0.4,1.92,3,15,12,20270209,7.4364061370262,7.87465236662127,7.87465236662127,4.4364061370262,4.87465236662127,4.87465236662127,1,0.694110483990081,0.699997762356343,29.6917327631774,1.34430316714949,0.411208245169957,1,candidate_diagnostic_only
nonuniform_32MHz,strong_late,32,17,60,0.4,1.92,3,15,13,20270209,7.50470852218283,10.5047084608275,7.50470852218283,4.50470852218283,7.50470846082747,4.50470852218283,0,0.260142426834642,0.332164369222808,18.78852088049,1.31891098939612,0.975806283835738,1,candidate_diagnostic_only
nonuniform_32MHz,strong_late,32,17,60,0.4,1.92,3,15,14,20270209,7.4517101485155,7.9116876828953,7.9116876828953,4.4517101485155,4.9116876828953,4.9116876828953,1,0.680245953345818,0.69995666117318,29.3632845376544,1.34180733075178,0.429048323838127,1,candidate_diagnostic_only
nonuniform_32MHz,strong_late,32,17,60,0.4,1.92,3,15,15,20270209,7.45178108673212,10.4517806817155,7.45178108673212,4.45178108673212,7.45178068171549,4.45178108673212,0,0.328653765400208,0.464322036070588,20.2658199119887,1.34084726001204,0.900172759182529,1,candidate_diagnostic_only
nonuniform_32MHz,strong_late,32,17,60,0.4,1.92,3,15,16,20270209,7.40925120408219,7.76826038511471,7.76826038511471,4.40925120408219,4.76826038511471,4.76826038511471,1,0.769326574544172,0.699996828248955,30.3381536686411,1.8511649627401,0.427014563039068,1,candidate_diagnostic_only
nonuniform_32MHz,strong_late,32,17,60,0.4,1.92,3,15,17,20270209,7.65801605504087,7.84163975103282,7.84163975103282,4.65801605504087,4.84163975103282,4.84163975103282,1,0.653548572206997,0.699999997781664,29.7429471253702,1.26532184991489,0.438372561520699,1,candidate_diagnostic_only
nonuniform_32MHz,strong_late,32,17,60,0.4,1.92,3,15,18,20270209,7.48863519250487,9.25520190519952,7.48863519250487,4.48863519250487,6.25520190519952,4.48863519250487,0,0.418318102591198,0.699999981957449,31.6787384597585,1.3252109106429,0.770851196969608,1,candidate_diagnostic_only
nonuniform_32MHz,strong_late,32,17,60,0.4,1.92,3,15,19,20270209,7.36763949406541,5.14324814981407,7.36763949406541,4.36763949406541,2.14324814981407,4.36763949406541,0,0.743785650012013,0.699999975965084,5.81200943706566,1.3705224035608,0.351147506772304,1,candidate_diagnostic_only
nonuniform_32MHz,strong_late,32,17,60,0.4,1.92,3,15,20,20270209,7.49254486951891,10.492544788771,7.49254486951891,4.49254486951891,7.49254478877098,4.49254486951891,0,0.32957587240183,0.474052517963813,20.2969630664251,1.31726586142115,0.883126815958124,1,candidate_diagnostic_only
nonuniform_32MHz,strong_late,32,17,60,0.4,1.92,15,15,1,20270209,19.5160259485346,22.5160259480705,19.5160259485346,4.51602594853464,7.51602594807049,4.51602594853464,0,0.197819935426645,0.152401514129646,46.7686414734934,1.3162502122146,1.055869680229,1,candidate_diagnostic_only
nonuniform_32MHz,strong_late,32,17,60,0.4,1.92,15,15,2,20270209,19.3777937324877,22.3747076753237,19.3777937324877,4.37779373248773,7.37470767532373,4.37779373248773,0,0.250321564223338,0.579652150696361,29.9736358664764,1.36629908087736,1.02428495775523,1,candidate_diagnostic_only
nonuniform_32MHz,strong_late,32,17,60,0.4,1.92,15,15,3,20270209,19.4389806983681,22.4389804804249,19.4389806983681,4.43898069836809,7.43898048042489,4.43898069836809,0,0.43989611055714,0.398871576221206,55.4438250749252,1.34629765038929,0.754066550330822,1,candidate_diagnostic_only
nonuniform_32MHz,strong_late,32,17,60,0.4,1.92,15,15,4,20270209,19.4717705925302,22.4717705841552,19.4717705925302,4.47177059253021,7.47177058415515,4.47177059253021,0,0.3667881153855,0.302862259115061,54.9081373237293,1.34021285344333,0.848638706713431,1,candidate_diagnostic_only
nonuniform_32MHz,strong_late,32,17,60,0.4,1.92,15,15,5,20270209,19.3267556439181,22.326755634961,19.3267556439181,4.32675564391806,7.32675563496105,4.32675564391806,0,0.481154956280479,0.24537272109548,54.2293994210365,1.85806851131713,0.964049637988201,1,candidate_diagnostic_only
nonuniform_32MHz,strong_late,32,17,60,0.4,1.92,15,15,6,20270209,19.065006127566,16.0650242425289,19.065006127566,4.065006127566,1.06502424252893,4.065006127566,0,0.303194568709183,0.181348011512097,16.1528385182264,0.608407627981495,0.423941739616268,1,candidate_diagnostic_only
nonuniform_32MHz,strong_late,32,17,60,0.4,1.92,15,15,7,20270209,19.3782041186665,22.3782041114317,19.3782041186665,4.37820411866647,7.3782041114317,4.37820411866647,0,0.310629548146861,0.245334078741452,54.4780521540948,1.36445438739139,0.940614537569,1,candidate_diagnostic_only
nonuniform_32MHz,strong_late,32,17,60,0.4,1.92,15,15,8,20270209,19.3608466194014,22.3608465572897,19.3608466194014,4.36084661940138,7.3608465572897,4.36084661940138,0,0.190737607546139,0.144230527225734,47.4048089048125,1.36702938675971,1.1062854720839,1,candidate_diagnostic_only
nonuniform_32MHz,strong_late,32,17,60,0.4,1.92,15,15,9,20270209,19.6646423155151,22.6646423155118,19.6646423155151,4.66464231551507,7.66464231551185,4.66464231551507,0,0.204810434057044,0.14147163420891,47.9829963098466,1.25033642671788,0.994254480444456,1,candidate_diagnostic_only
nonuniform_32MHz,strong_late,32,17,60,0.4,1.92,15,15,10,20270209,19.5554902134887,22.5554728601396,19.5554902134887,4.55549021348866,7.55547286013964,4.55549021348866,0,0.287568967963875,0.202111707719106,55.1139288754866,1.30136481067183,0.927132675122426,1,candidate_diagnostic_only
nonuniform_32MHz,strong_late,32,17,60,0.4,1.92,15,15,11,20270209,19.3077586039371,22.3077586004421,19.3077586039371,4.30775860393708,7.3077586004421,4.30775860393708,0,0.481500832182495,0.248990102485878,54.5559830396535,1.86537980135333,0.967197874665284,1,candidate_diagnostic_only
nonuniform_32MHz,strong_late,32,17,60,0.4,1.92,15,15,12,20270209,19.3421604677426,22.3421604589399,19.3421604677426,4.34216046774257,7.3421604589399,4.34216046774257,0,0.480356297045871,0.240852432834099,54.1923854297097,1.85609663149237,0.964508926629381,1,candidate_diagnostic_only
nonuniform_32MHz,strong_late,32,17,60,0.4,1.92,15,15,13,20270209,19.368967267043,22.3688657027592,19.368967267043,4.36896726704302,7.36886570275924,4.36896726704302,0,0.344480045812705,0.269375672695588,53.9452380670463,1.37157635791959,0.899095671307824,1,candidate_diagnostic_only
nonuniform_32MHz,strong_late,32,17,60,0.4,1.92,15,15,14,20270209,19.4792161576205,22.4792155535573,19.4792161576205,4.47921615762051,7.47921555355728,4.47921615762051,0,0.368331155540633,0.303888376198462,54.869218022291,1.32683142771946,0.838118074739924,1,candidate_diagnostic_only
nonuniform_32MHz,strong_late,32,17,60,0.4,1.92,15,15,15,20270209,19.3541365368692,22.3541364989147,19.3541365368692,4.35413653686917,7.35413649891471,4.35413653686917,0,0.401300491405123,0.152529671449378,46.745707556571,1.86407326957331,1.11601975047839,1,candidate_diagnostic_only
nonuniform_32MHz,strong_late,32,17,60,0.4,1.92,15,15,16,20270209,19.3696670317217,22.3696670315001,19.3696670317217,4.3696670317217,7.36966703150014,4.3696670317217,0,0.192710966287767,0.152055330761707,46.8114574877228,1.36999960088013,1.10598565398067,1,candidate_diagnostic_only
nonuniform_32MHz,strong_late,32,17,60,0.4,1.92,15,15,17,20270209,19.513607160021,22.5136071599347,19.513607160021,4.51360716002103,7.51360715993468,4.51360716002103,0,0.19836431263107,0.152056642431696,46.7944968317113,1.30966301491488,1.04987261118295,1,candidate_diagnostic_only
nonuniform_32MHz,strong_late,32,17,60,0.4,1.92,15,15,18,20270209,19.4932848648883,22.4932848645397,19.4932848648883,4.49328486488831,7.49328486453967,4.49328486488831,0,0.197150579949257,0.152120554354843,46.78535912213,1.31488671059889,1.05565603303675,1,candidate_diagnostic_only
nonuniform_32MHz,strong_late,32,17,60,0.4,1.92,15,15,19,20270209,19.4514521967911,22.4514521109563,19.4514521967911,4.45145219679108,7.45145211095635,4.45145219679108,0,0.353413197604555,0.288586571735005,54.880896498621,1.33971813757942,0.866244066688658,1,candidate_diagnostic_only
nonuniform_32MHz,strong_late,32,17,60,0.4,1.92,15,15,20,20270209,19.5054040699978,22.5054040698189,19.5054040699978,4.5054040699978,7.50540406981887,4.5054040699978,0,0.197554348141603,0.152670481084657,46.7321594327993,1.3157517325743,1.0558192567294,1,candidate_diagnostic_only
nonuniform_32MHz,strong_late,32,17,60,0.4,1.92,3,30,1,20270209,7.44411447553621,4.44411462330732,7.44411447553621,4.44411447553621,1.44411462330732,4.44411447553621,0,0.825832809496225,0.341195144155553,53.6308815003128,1.86645081766055,0.325074495125413,1,candidate_diagnostic_only
nonuniform_32MHz,strong_late,32,17,60,0.4,1.92,3,30,2,20270209,7.43958602498364,4.43958602671165,7.43958602498364,4.43958602498364,1.43958602671165,4.43958602498364,0,0.826546059482045,0.342628153166209,53.7225823026168,1.86048904419178,0.322709156005547,1,candidate_diagnostic_only
nonuniform_32MHz,strong_late,32,17,60,0.4,1.92,3,30,3,20270209,7.38223423311301,4.38223425586861,7.38223423311301,4.38223423311301,1.38223425586861,4.38223423311301,0,0.861734081668961,0.449104011399395,54.195077131227,1.86527700700038,0.25790423831468,1,candidate_diagnostic_only
nonuniform_32MHz,strong_late,32,17,60,0.4,1.92,3,30,4,20270209,7.43178153123942,4.43178336182101,7.43178153123942,4.43178153123942,1.43178336182101,4.43178153123942,0,0.82892488531156,0.34320020146963,53.6642136241625,1.86784199557093,0.319541283612181,1,candidate_diagnostic_only
nonuniform_32MHz,strong_late,32,17,60,0.4,1.92,3,30,5,20270209,7.4242511508083,4.42425117671167,7.4242511508083,4.4242511508083,1.42425117671167,4.4242511508083,0,0.830742084676357,0.343146453053988,53.6706197356068,1.86995032613681,0.316503893960684,1,candidate_diagnostic_only
nonuniform_32MHz,strong_late,32,17,60,0.4,1.92,3,30,6,20270209,7.41047475002239,4.41047475564398,7.41047475002239,4.41047475002239,1.41047475564398,4.41047475002239,0,0.834451377029988,0.342540203619444,53.7603117133819,1.86973576179441,0.309532180682851,1,candidate_diagnostic_only
nonuniform_32MHz,strong_late,32,17,60,0.4,1.92,3,30,7,20270209,7.40083249707841,4.40083258253497,7.40083249707841,4.40083249707841,1.40083258253497,4.40083249707841,0,0.834005526760813,0.342712224266697,53.7844103465634,1.86793103437833,0.310066228098761,1,candidate_diagnostic_only
nonuniform_32MHz,strong_late,32,17,60,0.4,1.92,3,30,8,20270209,7.41021123817513,4.41106422139821,7.41021123817513,4.41021123817513,1.41106422139821,4.41021123817513,0,0.834889177558149,0.345414714947943,53.5709599476116,1.87184142200597,0.309061276668129,1,candidate_diagnostic_only
nonuniform_32MHz,strong_late,32,17,60,0.4,1.92,3,30,9,20270209,7.41725436272091,4.41725436910797,7.41725436272091,4.41725436272091,1.41725436910797,4.41725436272091,0,0.832436736338397,0.342310008144072,53.8129068863617,1.86744133036965,0.312914564013305,1,candidate_diagnostic_only
nonuniform_32MHz,strong_late,32,17,60,0.4,1.92,3,30,10,20270209,7.41211055236124,4.41211055403761,7.41211055236124,4.41211055236124,1.41211055403761,4.41211055236124,0,0.833283441216472,0.342095860210127,53.6989106205026,1.86437913922626,0.310822874359597,1,candidate_diagnostic_only
nonuniform_32MHz,strong_late,32,17,60,0.4,1.92,3,30,11,20270209,7.43320557568223,4.43320558184031,7.43320557568223,4.43320557568223,1.43320558184031,4.43320557568223,0,0.82746166497253,0.342757290653451,53.6500460513725,1.86743518051104,0.322204156817097,1,candidate_diagnostic_only
nonuniform_32MHz,strong_late,32,17,60,0.4,1.92,3,30,12,20270209,7.37656511941961,4.37657005399998,7.37656511941961,4.37656511941961,1.37657005399998,4.37656511941961,0,0.863936496837222,0.448979492914248,54.2140164197369,1.865999006176,0.253894361678569,1,candidate_diagnostic_only
nonuniform_32MHz,strong_late,32,17,60,0.4,1.92,3,30,13,20270209,7.41845220330067,4.41845220551258,7.41845220330067,4.41845220330067,1.41845220551258,4.41845220330067,0,0.82204759658214,0.318237060847225,53.1093149926715,1.86739438636571,0.332307319182798,1,candidate_diagnostic_only
nonuniform_32MHz,strong_late,32,17,60,0.4,1.92,3,30,14,20270209,7.42232462634127,4.42232462799688,7.42232462634127,4.42232462634127,1.42232462799688,4.42232462634127,0,0.831610840662265,0.343193953247158,53.7259075406049,1.87116684522148,0.315084212047487,1,candidate_diagnostic_only
nonuniform_32MHz,strong_late,32,17,60,0.4,1.92,3,30,15,20270209,7.39226601386212,4.39226601398684,7.39226601386212,4.39226601386212,1.39226601398684,4.39226601386212,0,0.835267995980912,0.342267553019454,53.7750264537727,1.86410164191987,0.307077199168733,1,candidate_diagnostic_only
nonuniform_32MHz,strong_late,32,17,60,0.4,1.92,3,30,16,20270209,7.41649493638844,4.41649962542854,7.41649493638844,4.41649493638844,1.41649962542854,4.41649493638844,0,0.78067417977089,0.34231594681338,53.6357097596035,1.42610777411993,0.312782257293965,1,candidate_diagnostic_only
nonuniform_32MHz,strong_late,32,17,60,0.4,1.92,3,30,17,20270209,7.38724211075279,4.38724293496244,7.38724211075279,4.38724211075279,1.38724293496244,4.38724211075279,0,0.656189349102035,0.447971228448154,54.1718601444493,0.737725313923252,0.253637820363859,1,candidate_diagnostic_only
nonuniform_32MHz,strong_late,32,17,60,0.4,1.92,3,30,18,20270209,7.39255192433545,4.39255193374823,7.39255192433545,4.39255192433545,1.39255193374823,4.39255192433545,0,0.82698345936042,0.316724704591921,53.2247785355007,1.87093787916872,0.323703199605324,1,candidate_diagnostic_only
nonuniform_32MHz,strong_late,32,17,60,0.4,1.92,3,30,19,20270209,7.40148928607574,4.4014893259807,7.40148928607574,4.40148928607574,1.4014893259807,4.40148928607574,0,0.835415480271592,0.342630176988013,53.7267213914622,1.86947240050224,0.307686217182175,1,candidate_diagnostic_only
nonuniform_32MHz,strong_late,32,17,60,0.4,1.92,3,30,20,20270209,7.37471099384683,4.37471099424651,7.37471099384683,4.37471099384683,1.37471099424651,4.37471099384683,0,0.654924659258368,0.448583283564163,54.1705927591686,0.732313997064142,0.252703502066775,1,candidate_diagnostic_only
nonuniform_32MHz,strong_late,32,17,60,0.4,1.92,15,30,1,20270209,19.39681491481,22.3965549123406,19.39681491481,4.39681491480998,7.39655491234065,4.39681491480998,0,0.449037975296238,0.245759751869419,54.1218850008979,1.86555103701583,1.02784777654244,1,candidate_diagnostic_only
nonuniform_32MHz,strong_late,32,17,60,0.4,1.92,15,30,2,20270209,19.4304351583928,22.4304351578358,19.4304351583928,4.43043515839281,7.43043515783578,4.43043515839281,0,0.463303779679624,0.248678892873792,54.6467711977148,1.87038043376774,1.00382610936433,1,candidate_diagnostic_only
nonuniform_32MHz,strong_late,32,17,60,0.4,1.92,15,30,3,20270209,19.3739626861325,22.2378677067158,19.3739626861325,4.37396268613253,7.23786770671575,4.37396268613253,0,0,0.667726728513473,24.9614669525274,0.732226758673326,0.963677733691933,0,weak_or_boundary_solution
nonuniform_32MHz,strong_late,32,17,60,0.4,1.92,15,30,4,20270209,19.3928999981809,22.392899799289,19.3928999981809,4.39289999818089,7.39289979928904,4.39289999818089,0,0.457497111124236,0.248375760871323,54.5192396494118,1.87109611916856,1.01507505001318,1,candidate_diagnostic_only
nonuniform_32MHz,strong_late,32,17,60,0.4,1.92,15,30,5,20270209,19.4103233411922,22.4103200606352,19.4103233411922,4.41032334119221,7.41032006063523,4.41032334119221,0,0.45201460010809,0.24936152798273,54.6812171226613,1.85822367917191,1.01827944591964,1,candidate_diagnostic_only
nonuniform_32MHz,strong_late,32,17,60,0.4,1.92,15,30,6,20270209,19.4251717088722,22.425171706367,19.4251717088722,4.42517170887219,7.42517170636702,4.42517170887219,0,0.46181252895882,0.248912338407633,54.617549732545,1.86849506190195,1.00560063201794,1,candidate_diagnostic_only
nonuniform_32MHz,strong_late,32,17,60,0.4,1.92,15,30,7,20270209,19.3960747397348,22.39607224464,19.3960747397348,4.39607473973478,7.39607224463995,4.39607473973478,0,0.451741617423403,0.248351039180614,54.4976387251759,1.86202374045988,1.02087012426376,1,candidate_diagnostic_only
nonuniform_32MHz,strong_late,32,17,60,0.4,1.92,15,30,8,20270209,19.4338911955397,22.4337017265138,19.4338911955397,4.43389119553972,7.43370172651383,4.43389119553972,0,0.298616160602964,0.24845516312618,54.5750506848112,1.42124925800723,0.996841261321301,1,candidate_diagnostic_only
nonuniform_32MHz,strong_late,32,17,60,0.4,1.92,15,30,9,20270209,19.4206765679389,22.4206765606048,19.4206765679389,4.42067656793891,7.42067656060484,4.42067656793891,0,0.462322866460929,0.24808292136193,54.6201157591674,1.87347666648023,1.00732556378542,1,candidate_diagnostic_only
nonuniform_32MHz,strong_late,32,17,60,0.4,1.92,15,30,10,20270209,19.425505413349,22.4255054129083,19.425505413349,4.42550541334902,7.4255054129083,4.42550541334902,0,0.462211391421973,0.248568689730497,54.5935920794195,1.86642794989646,1.00374369018596,1,candidate_diagnostic_only
nonuniform_32MHz,strong_late,32,17,60,0.4,1.92,15,30,11,20270209,19.3988108108747,22.3938402661629,19.3988108108747,4.3988108108747,7.39384026616293,4.3988108108747,0,0.447532999768777,0.232759349903225,54.9621309901708,1.86025160745629,1.02772762524669,1,candidate_diagnostic_only
nonuniform_32MHz,strong_late,32,17,60,0.4,1.92,15,30,12,20270209,19.4596773530941,22.4596773528467,19.4596773530941,4.45967735309407,7.45967735284673,4.45967735309407,0,0.299541057795306,0.248511181828294,54.6942974022134,1.41889966585893,0.993880959042139,1,candidate_diagnostic_only
nonuniform_32MHz,strong_late,32,17,60,0.4,1.92,15,30,13,20270209,19.3805747165809,22.3805747107105,19.3805747165809,4.38057471658089,7.38057471071052,4.38057471658089,0,0.457054637303405,0.248687982439433,54.5643247664292,1.86649823893304,1.01340656331005,1,candidate_diagnostic_only
nonuniform_32MHz,strong_late,32,17,60,0.4,1.92,15,30,14,20270209,19.3919050352453,22.3919048871317,19.3919050352453,4.39190503524533,7.39190488713171,4.39190503524533,0,0.455962052714249,0.247696459517745,54.4952888975476,1.86956104193746,1.01711215158107,1,candidate_diagnostic_only
nonuniform_32MHz,strong_late,32,17,60,0.4,1.92,15,30,15,20270209,19.4242318707552,22.4242318354472,19.4242318707552,4.42423187075522,7.42423183544718,4.42423187075522,0,0.460882450100112,0.248734774624092,54.6147470121859,1.86904046426947,1.0076325157607,1,candidate_diagnostic_only
nonuniform_32MHz,strong_late,32,17,60,0.4,1.92,15,30,16,20270209,19.3767600266967,22.3767394721167,19.3767600266967,4.37676002669672,7.3767394721167,4.37676002669672,0,0.452318957465765,0.247677161941215,54.6882467014903,1.86257230530377,1.02009554196416,1,candidate_diagnostic_only
nonuniform_32MHz,strong_late,32,17,60,0.4,1.92,15,30,17,20270209,19.420801523464,22.420801480311,19.420801523464,4.42080152346395,7.420801480311,4.42080152346395,0,0.459361194695883,0.24777024715846,54.575007071667,1.86719321099719,1.00947710686548,1,candidate_diagnostic_only
nonuniform_32MHz,strong_late,32,17,60,0.4,1.92,15,30,18,20270209,19.4330604284482,22.4330604234995,19.4330604284482,4.43306042844822,7.43306042349951,4.43306042844822,0,0.464623297169629,0.248313832612152,54.615218370548,1.86885623909195,1.00054209134902,1,candidate_diagnostic_only
nonuniform_32MHz,strong_late,32,17,60,0.4,1.92,15,30,19,20270209,19.4155287329311,22.4155278766199,19.4155287329311,4.41552873293114,7.41552787661993,4.41552873293114,0,0.459224632725044,0.25052823152724,54.5743381449528,1.86722109999262,1.00974717613206,1,candidate_diagnostic_only
nonuniform_32MHz,strong_late,32,17,60,0.4,1.92,15,30,20,20270209,19.3990569576201,22.3990412293006,19.3990569576201,4.39905695762007,7.39904122930055,4.39905695762007,0,0.454263478122952,0.240983765987742,54.1881692424663,1.86960066206512,1.02030936261445,1,candidate_diagnostic_only
