Scenario,Distance_m,SNR_dB,Trial,Seed,Baseline_m,Candidate_m,V3_m,BaselineError_m,CandidateError_m,V3Error_m,SelectedTwoPath,GateReason,RelativeImprovement,EstimatedEchoAmplitude,ExcessDelay_ns,SingleCost,TwoPathCost
LOS,1,0,1,20261109,0.944085172185556,0.907880321500191,0.944085172185556,-0.0559148278144439,-0.0921196784998093,-0.0559148278144439,0,insufficient_gain,0.282111952662352,0.0202785953142681,99.9992323581673,0.00344136447467314,0.00247051442290025
LOS,1,0,2,20261109,1.09715330975492,1.10292131816583,1.09715330975492,0.0971533097549244,0.102921318165829,0.0971533097549244,0,insufficient_gain,0.355796848491742,0.026988930350902,78.572989535153,0.00425241816604438,0.00273942118409676
LOS,1,0,3,20261109,0.911379078238729,0.357220788569593,0.911379078238729,-0.0886209217612712,-0.642779211430407,-0.0886209217612712,0,insufficient_gain,0.0823766576999012,0.0900854971890919,26.7880178742179,0.00299764051895668,0.00275070491201923
LOS,1,0,4,20261109,0.933879206656842,0.931647674843486,0.933879206656842,-0.0661207933431576,-0.0683523251565145,-0.0661207933431576,0,insufficient_gain,0.00138125632525711,0.0708627244840346,5.26191395340213,0.00186498278247438,0.00186240676320959
LOS,1,0,5,20261109,0.989519202430883,0.974704228168544,0.989519202430883,-0.0104807975691171,-0.0252957718314564,-0.0104807975691171,0,candidate_invalid,0.0841495475358119,0.0104568567515581,99.9626793007835,0.00230863106451329,0.00211436080500738
LOS,1,0,6,20261109,0.981833345419508,0.972848663541678,0.981833345419508,-0.0181666545804924,-0.027151336458322,-0.0181666545804924,0,candidate_invalid,0.15321811968725,0.0166725166510437,99.999999414543,0.00313081009975513,0.0026511132631728
LOS,1,0,7,20261109,1.43920952206041,1.16227396674728,1.43920952206041,0.43920952206041,0.162273966747284,0.43920952206041,0,insufficient_gain,0.176150424122605,0.0369356618117394,50.7372027956425,0.00372357574753646,0.00306766630035527
LOS,1,0,8,20261109,0.861489529849457,0.847726288419016,0.861489529849457,-0.138510470150543,-0.152273711580984,-0.138510470150543,0,candidate_invalid,0.036621475021169,0.00955511224969199,99.9980686716297,0.00491522999284211,0.00473522702043594
LOS,1,0,9,20261109,1.13554081154872,0.966297394716717,1.13554081154872,0.135540811548724,-0.0337026052832832,0.135540811548724,0,insufficient_gain,0.071987029609991,0.0228346880181978,44.4637931738361,0.00200607868222002,0.00186166703672308
LOS,1,0,10,20261109,1.12369657816238,0.00816670542269021,1.12369657816238,0.123696578162384,-0.99183329457731,0.123696578162384,0,insufficient_gain,0.0513641587423721,0.490278572631203,12.883990625375,0.00382164839291566,0.0036253526382044
LOS,1,0,11,20261109,1.10433569496132,2.48520652514447,1.10433569496132,0.104335694961324,1.48520652514447,0.104335694961324,0,insufficient_gain,0.0626824564149493,0.256636108167428,15.4442981715962,0.00576664308897534,0.00540517573489008
LOS,1,0,12,20261109,1.26044498705005,2.07228305520457,1.26044498705005,0.260444987050046,1.07228305520457,0.260444987050046,0,insufficient_gain,0.155888538783898,0.14266588906287,19.2221759563298,0.00131110027373671,0.00110671476786472
LOS,1,0,13,20261109,1.16261465653596,9.79255656878618e-06,1.16261465653596,0.162614656535956,-0.999990207443431,0.162614656535956,0,insufficient_gain,0.10843119889212,0.218909981727383,25.1871542096908,0.00503706427684736,0.00449088935841213
LOS,1,0,14,20261109,1.11716737156695,1.10773191944082,1.11716737156695,0.117167371566954,0.107731919440819,0.117167371566954,0,candidate_invalid,0.15015888859067,0.0185931286492095,75.3954712742921,0.00463000560985249,0.00393476911330848
LOS,1,0,15,20261109,0.98964842152813,1.25499740683193,0.98964842152813,-0.0103515784718695,0.254997406831928,-0.0103515784718695,0,insufficient_gain,0.068006720914222,0.220433208258821,8.39028772769461,0.00352441436526663,0.00328473050114186
LOS,1,0,16,20261109,1.04608685925848,1.02607144015935,1.04608685925848,0.0460868592584767,0.0260714401593545,0.0460868592584767,0,candidate_invalid,0.0571563802712313,0.0107508821720662,99.9989783119039,0.00426154762000897,0.00401797298369577
LOS,1,0,17,20261109,1.28366587218952,1.80768911060231,1.28366587218952,0.283665872189525,0.807689110602306,0.283665872189525,0,insufficient_gain,0.00463261131351616,0.127421659883446,12.2294978311339,0.00190575279906358,0.00189692418708587
LOS,1,0,18,20261109,0.810177497390225,2.09649460732791e-05,0.810177497390225,-0.189822502609775,-0.999979035053927,-0.189822502609775,0,insufficient_gain,0.270081499486483,0.137887864395537,30.2394317653868,0.00481455224830585,0.00351423075772739
LOS,1,0,19,20261109,0.784537910219331,0.339429107879661,0.784537910219331,-0.215462089780669,-0.660570892120339,-0.215462089780669,0,insufficient_gain,0.0772998395863028,0.0699045777891388,28.2164253213594,0.00291993975761251,0.0026942288827474
LOS,1,0,20,20261109,0.877845277333555,0.861028967113439,0.877845277333555,-0.122154722666445,-0.138971032886561,-0.122154722666445,0,candidate_invalid,0.423117846525072,0.0181405715419628,71.3927470255846,0.00140592502302783,0.000811053054908584
LOS,1,0,21,20261109,0.972088578581333,0.984908944293549,0.972088578581333,-0.0279114214186665,-0.0150910557064511,-0.0279114214186665,0,candidate_invalid,0.173231729305911,0.0190345408075046,57.9015337723575,0.00403495440878654,0.00333597227888194
LOS,1,0,22,20261109,0.978717274256411,0.989676387607575,0.978717274256411,-0.021282725743589,-0.0103236123924251,-0.021282725743589,0,candidate_invalid,0.019514259917861,0.00500918879145735,80.8648004066526,0.00251946493524691,0.00247029944164656
LOS,1,0,23,20261109,0.829899768582523,0.456742757071103,0.829899768582523,-0.170100231417477,-0.543257242928897,-0.170100231417477,0,insufficient_gain,0.141733122882205,0.215367704615055,13.4998170291342,0.00326335489756091,0.00280082941685666
LOS,1,0,24,20261109,1.24586763469488,1.25772380093602,1.24586763469488,0.245867634694878,0.257723800936022,0.245867634694878,0,candidate_invalid,0.131294400778471,0.0124221796697344,99.9999932397404,0.00259011015538047,0.00225004319457955
LOS,1,0,25,20261109,1.03976526215359,1.04240855614619,1.03976526215359,0.0397652621535918,0.0424085561461924,0.0397652621535918,0,candidate_invalid,0.226443484539691,0.0198640621841573,81.6718813212141,0.00343327832562257,0.002655834818174
LOS,1,0,26,20261109,1.08221152906169,1.09253899153114,1.08221152906169,0.0822115290616929,0.0925389915311388,0.0822115290616929,0,candidate_invalid,0.156074484522312,0.0189994510766751,99.9999962200087,0.00395501870499437,0.00333774119933627
LOS,1,0,27,20261109,1.02425128963889,0.000497259357410801,1.02425128963889,0.0242512896388938,-0.999502740642589,0.0242512896388938,0,insufficient_gain,0.270760451805273,0.178168803871379,27.9090222937375,0.00265678572296757,0.00193743322026707
LOS,1,0,28,20261109,1.10632057846656,1.79774615760198,1.10632057846656,0.106320578466559,0.79774615760198,0.106320578466559,0,insufficient_gain,0.167018779705601,0.230770225208484,11.6270652423698,0.00496061936821723,0.00413210277475362
LOS,1,0,29,20261109,1.14671077374164,1.29474775722614,1.14671077374164,0.146710773741638,0.294747757226137,0.146710773741638,0,insufficient_gain,0.138307804909446,0.0268537174584774,55.2188518578649,0.00351022316087146,0.00302473190074903
LOS,1,0,30,20261109,1.15151788852964,1.1667931254216,1.15151788852964,0.15151788852964,0.166793125421599,0.15151788852964,0,candidate_invalid,0.230770177801569,0.0185179228352016,95.2389230940722,0.00259201882962401,0.00199385818344666
LOS,1,0,31,20261109,1.05033574134996,1.50614557205846,1.05033574134996,0.0503357413499557,0.506145572058464,0.0503357413499557,0,insufficient_gain,0.0177488869886645,0.146842962912889,10.2950979155305,0.00377561582308172,0.00370860284452523
LOS,1,0,32,20261109,1.16287719066798,1.2155893558118,1.16287719066798,0.162877190667982,0.215589355811802,0.162877190667982,0,candidate_invalid,0.0668201463235663,0.00996000280772859,69.8384036194407,0.00337611345407907,0.00315052105907254
LOS,1,0,33,20261109,1.15142072032031,1.10675165940804,1.15142072032031,0.151420720320314,0.106751659408038,0.151420720320314,0,candidate_invalid,0.124431586892334,0.0180825291160208,99.9999025089658,0.00521132402133317,0.00456287070354855
LOS,1,0,34,20261109,0.937939393412218,2.77269862323554,0.937939393412218,-0.0620606065877825,1.77269862323554,-0.0620606065877825,0,insufficient_gain,0.324678735116208,0.292613681010218,18.4104074954564,0.00401539250490579,0.00271167994541788
LOS,1,0,35,20261109,0.900354152586925,0.889793445260169,0.900354152586925,-0.0996458474130753,-0.110206554739831,-0.0996458474130753,0,candidate_invalid,0.278616050815753,0.0198890477634513,67.4951128832063,0.00278921216328709,0.00201209288546478
LOS,1,0,36,20261109,0.847590303133331,0.00705499742752064,0.847590303133331,-0.152409696866669,-0.992945002572479,-0.152409696866669,0,insufficient_gain,0.227555989876348,0.139764206668726,28.5320459383458,0.00289268946200338,0.00223444064807232
LOS,1,0,37,20261109,1.11034859093124,2.08511289289654,1.11034859093124,0.110348590931239,1.08511289289654,0.110348590931239,0,insufficient_gain,0.0776295587831711,0.196945323859286,15.1742112910955,0.00290707574939963,0.00268140074162448
LOS,1,0,38,20261109,0.876543538120393,0.881209526449062,0.876543538120393,-0.123456461879607,-0.118790473550938,-0.123456461879607,0,candidate_invalid,0.0126865976858989,0.00359630571287918,84.8164818689941,0.00187617537921714,0.00185237309699282
LOS,1,0,39,20261109,0.993461138383211,1.67762181126492,0.993461138383211,-0.00653886161678863,0.677621811264923,-0.00653886161678863,0,insufficient_gain,0.128500831798412,0.108859266543962,23.8082009098713,0.00330344886423206,0.00287895293737472
LOS,1,0,40,20261109,1.0163975984782,2.48975023453847,1.0163975984782,0.0163975984781992,1.48975023453847,0.0163975984781992,0,insufficient_gain,0.0682138159871013,0.314885693964416,11.7962524301819,0.00259771264541064,0.00242051275302924
LOS,1,0,41,20261109,1.19877579915389,1.1622653952398,1.19877579915389,0.198775799153888,0.162265395239801,0.198775799153888,0,candidate_invalid,0.171197977359087,0.012829274743661,98.5530084357497,0.00205944306874062,0.00170687058088603
LOS,1,0,42,20261109,1.22868121471616,1.25414120641385,1.22868121471616,0.228681214716162,0.254141206413853,0.228681214716162,0,candidate_invalid,0.167828231470577,0.018499339672937,99.9999507940757,0.00388619790367017,0.00323398418235255
LOS,1,0,43,20261109,0.946688888403687,0.0286006979352299,0.946688888403687,-0.0533111115963133,-0.97139930206477,-0.0533111115963133,0,insufficient_gain,0.048149978688696,0.305786984680381,14.5635822812975,0.00154133951341717,0.00146712404869409
LOS,1,0,44,20261109,1.03672223261418,1.0279373257902,1.03672223261418,0.0367222326141787,0.0279373257901976,0.0367222326141787,0,candidate_invalid,0.167068505956988,0.0180325789874743,95.4837773546178,0.00347007026173585,0.00289033080754186
LOS,1,0,45,20261109,0.936232294497085,0.93368947463179,0.936232294497085,-0.0637677055029146,-0.0663105253682101,-0.0637677055029146,0,candidate_invalid,0.209746869317427,0.0195358894501356,99.9999999649648,0.00378648744060595,0.00299228355422909
LOS,1,0,46,20261109,0.708120929508143,0.84686115822545,0.708120929508143,-0.291879070491857,-0.15313884177455,-0.291879070491857,0,insufficient_gain,0.285131338058094,0.0286584051696865,53.1913958287569,0.002942798758093,0.00210371461056225
LOS,1,0,47,20261109,1.09410796152544,2.74434319342262,1.09410796152544,0.0941079615254383,1.74434319342262,0.0941079615254383,0,insufficient_gain,0.0423608010813357,0.443618617970643,7.49143584212596,0.00405139628760876,0.0038797758953677
LOS,1,0,48,20261109,0.813998548591234,1.20084128083348,0.813998548591234,-0.186001451408766,0.200841280833484,-0.186001451408766,0,insufficient_gain,0.0424864061793138,0.121720513855486,12.1805873065988,0.00277859986775542,0.00266054714516417
LOS,1,0,49,20261109,0.943793906610263,0.923065830345568,0.943793906610263,-0.0562060933897366,-0.0769341696544323,-0.0562060933897366,0,candidate_invalid,0.198574633104801,0.0176586895209741,75.7349438749606,0.00313817432991526,0.00251501251373343
LOS,1,0,50,20261109,1.02102466035087,1.63016956673139,1.02102466035087,0.0210246603508668,0.630169566731391,0.0210246603508668,0,insufficient_gain,0.183663054219196,0.28058146307295,9.84482447343905,0.00491098060703044,0.00400901490953198
LOS,3,0,1,20261109,3.08866551687176,3.06790780568367,3.08866551687176,0.0886655168717576,0.0679078056836748,0.0886655168717576,0,insufficient_gain,0.287307234543044,0.0200985790474731,90.9290935675991,0.00279080701291856,0.0019889879678936
LOS,3,0,2,20261109,3.19934287106863,3.22998705439149,3.19934287106863,0.199342871068629,0.229987054391488,0.199342871068629,0,candidate_invalid,0.116345807236257,0.00910709998107483,91.1990779704183,0.00140976163933715,0.00124574178339776
LOS,3,0,3,20261109,3.07008029514278,3.00871148995254,3.07008029514278,0.0700802951427772,0.00871148995253712,0.0700802951427772,0,candidate_invalid,0.142107905725129,0.0168808942905778,49.0868579748188,0.00330001309239925,0.00283105514297288
LOS,3,0,4,20261109,3.10269053646608,1.76738833230772,3.10269053646608,0.102690536466075,-1.23261166769228,0.102690536466075,0,insufficient_gain,0.224864049200534,0.205847167042451,31.2016200053659,0.00288914490297332,0.00223948008136365
LOS,3,0,5,20261109,3.0263376458382,3.81035985983892,3.0263376458382,0.0263376458382005,0.810359859838917,0.0263376458382005,0,insufficient_gain,0.0916863945306395,0.171915371187417,16.533258510632,0.00854654949981803,0.00776294719050208
LOS,3,0,6,20261109,2.94880744074146,2.51856276915175,2.94880744074146,-0.0511925592585443,-0.481437230848246,-0.0511925592585443,0,insufficient_gain,0.0772939023301211,0.066408063035602,29.2003574641636,0.00324587781460672,0.002994991251829
LOS,3,0,7,20261109,3.00957084636569,3.0353366192635,3.00957084636569,0.00957084636568961,0.035336619263501,0.00957084636568961,0,insufficient_gain,0.567711539791384,0.0270861707745539,81.5821498493788,0.00249542689230164,0.00107874424883625
LOS,3,0,8,20261109,3.09855928083115,3.09691514302506,3.09855928083115,0.0985592808311466,0.0969151430250568,0.0985592808311466,0,candidate_invalid,0.0067935918899069,0.00582706292757785,99.9999999832371,0.00389871467380387,0.00387222839741486
LOS,3,0,9,20261109,3.20448961489776,3.19016096398878,3.20448961489776,0.204489614897757,0.190160963988784,0.204489614897757,0,candidate_invalid,0,8.0186265486351e-13,83.4966972288832,0.00572820712856603,0.00572820712860644
LOS,3,0,10,20261109,2.97368035187431,3.2429582976316,2.97368035187431,-0.02631964812569,0.2429582976316,-0.02631964812569,0,weak_echo,0.652441938966311,0.0541309268415182,54.3312317571449,0.00493037938554264,0.00171359309939967
LOS,3,0,11,20261109,3.02205928365832,2.99147431838626,3.02205928365832,0.02205928365832,-0.00852568161373757,0.02205928365832,0,candidate_invalid,0.128513399863178,0.0158241948504306,93.9691625517081,0.00361494257362538,0.00315037401317864
LOS,3,0,12,20261109,2.96548149139621,2.2369638159065,2.96548149139621,-0.03451850860379,-0.763036184093499,-0.03451850860379,0,insufficient_gain,0.014528399725546,0.367856772824973,9.17275028733331,0.00217604786990711,0.00214443337663117
LOS,3,0,13,20261109,2.88963162212302,4.66002013725399,4.66002013725399,-0.110368377876977,1.66002013725399,1.66002013725399,1,two_path_selected,0.688561354718065,0.280848009341171,19.2728488408749,0.00226032921063557,0.000703953867251528
LOS,3,0,14,20261109,2.85494370685981,3.5053351124939,2.85494370685981,-0.145056293140187,0.505335112493902,-0.145056293140187,0,insufficient_gain,0.0704536839048066,0.171218604015652,12.9616582904851,0.00384168769161541,0.00357102664132936
LOS,3,0,15,20261109,3.12055495841259,5.13265653837582,3.12055495841259,0.12055495841259,2.13265653837582,0.12055495841259,0,insufficient_gain,0.290106581263686,0.325135553943495,16.8676758257683,0.00445967734783448,0.00316589559891511
LOS,3,0,16,20261109,3.09369957114505,3.14000730668523,3.09369957114505,0.0936995711450535,0.140007306685233,0.0936995711450535,0,insufficient_gain,0.302536222189907,0.0234323053669095,99.9991079915197,0.00374651007609539,0.00261305507127707
LOS,3,0,17,20261109,3.09108474654887,3.55522134635624,3.09108474654887,0.0910847465488747,0.555221346356243,0.0910847465488747,0,insufficient_gain,0.193779218813121,0.0701575931795354,30.1279485823689,0.00231670967132813,0.00186777948100136
LOS,3,0,18,20261109,3.1224931111685,2.74531095470228,3.1224931111685,0.122493111168503,-0.254689045297724,0.122493111168503,0,insufficient_gain,0.0541411534541772,0.0735033128643249,23.5845006546005,0.00251601842780258,0.00237979828800938
LOS,3,0,19,20261109,3.02589151370149,2.37878533698115,3.02589151370149,0.0258915137014903,-0.621214663018849,0.0258915137014903,0,insufficient_gain,0.0468135747920823,0.0961359035402348,29.8649513285724,0.00386378946621413,0.00368291166905665
LOS,3,0,20,20261109,2.69734821009607,1.53026135777756,2.69734821009607,-0.302651789903928,-1.46973864222244,-0.302651789903928,0,insufficient_gain,0.0845235364644338,0.242320421236304,22.2054461818904,0.00455511672358511,0.00417010214909941
LOS,3,0,21,20261109,2.92940691224773,3.29391925236294,2.92940691224773,-0.070593087752274,0.293919252362945,-0.070593087752274,0,insufficient_gain,0.130976214088416,0.0492836228513193,35.4614726556986,0.00250480804995568,0.00217673777455429
LOS,3,0,22,20261109,3.18008462971668,3.4470365966774,3.18008462971668,0.180084629716682,0.447036596677401,0.180084629716682,0,insufficient_gain,0.0306176330050242,0.0475244731638973,22.3075271280027,0.00314757195000404,0.0030512007471819
LOS,3,0,23,20261109,3.17372274235368,3.20034730544738,3.17372274235368,0.173722742353685,0.200347305447379,0.173722742353685,0,insufficient_gain,0.213367118489422,0.0240665173151453,99.9999871971364,0.00495270377879331,0.00389595964478051
LOS,3,0,24,20261109,3.18673421910163,3.24839219478499,3.18673421910163,0.186734219101629,0.248392194784986,0.186734219101629,0,candidate_invalid,0.251198160593554,0.016042430017512,64.2636985293838,0.00158573606418266,0.00118740208167312
LOS,3,0,25,20261109,3.16991708520389,4.38502561383766,3.16991708520389,0.16991708520389,1.38502561383766,0.16991708520389,0,insufficient_gain,0.26965349247599,0.17815521817299,24.3154895060188,0.00345926633533988,0.00252646308661086
LOS,3,0,26,20261109,3.00465778064309,2.37460814851461,3.00465778064309,0.00465778064308919,-0.625391851485391,0.00465778064308919,0,insufficient_gain,0.0483858638056876,0.39963751669055,9.68744116582329,0.00234283753038267,0.00222947731271872
LOS,3,0,27,20261109,3.06689013780346,3.06689652749173,3.06689013780346,0.0668901378034632,0.0668965274917293,0.0668901378034632,0,candidate_invalid,0.0505008184381045,0.0128072557428513,99.8062349623804,0.00576839001644625,0.00547708159954552
LOS,3,0,28,20261109,3.03942194352236,1.37109495953993,3.03942194352236,0.0394219435223588,-1.62890504046007,0.0394219435223588,0,insufficient_gain,0.0401523068392474,0.478786253501304,18.3743174118345,0.0044922699743366,0.0043118949719223
LOS,3,0,29,20261109,3.09152642747162,4.5627814146878,3.09152642747162,0.0915264274716248,1.5627814146878,0.0915264274716248,0,insufficient_gain,0.194797208047611,0.251741120077945,17.914920135302,0.00474345815709731,0.00381944575160409
LOS,3,0,30,20261109,2.93609064679522,1.57515259741261,2.93609064679522,-0.0639093532047754,-1.42484740258739,-0.0639093532047754,0,insufficient_gain,0.057504728718891,0.282154472540169,22.2349469577933,0.00330881049913567,0.00311853824900066
LOS,3,0,31,20261109,3.01198098109659,3.01129360007304,3.01198098109659,0.0119809810965901,0.011293600073035,0.0119809810965901,0,insufficient_gain,0.226827465727765,0.0234138029026293,86.5170540542155,0.00463501232994123,0.00358366422952372
LOS,3,0,32,20261109,3.09284695411666,2.56409693339902,3.09284695411666,0.0928469541166606,-0.435903066600982,0.0928469541166606,0,insufficient_gain,0.0171877033266913,0.0922508375728821,24.4021488738481,0.00826997499556259,0.00812783311881971
LOS,3,0,33,20261109,2.97548907168279,3.15105801787389,2.97548907168279,-0.02451092831721,0.151058017873888,-0.02451092831721,0,insufficient_gain,0.31496075001554,0.0365673091461989,35.6847401081905,0.00192764725973271,0.0013205140330419
LOS,3,0,34,20261109,2.9942030589515,4.01632252236165,2.9942030589515,-0.00579694104850104,1.01632252236165,-0.00579694104850104,0,insufficient_gain,0.0289082222634074,0.406397727624767,5.40332145721226,0.00345371957896612,0.00335387868574188
LOS,3,0,35,20261109,2.98486963357861,3.17484227319816,2.98486963357861,-0.0151303664213884,0.17484227319816,-0.0151303664213884,0,insufficient_gain,0.0130375713645882,0.027812467627811,34.043660677081,0.00348404704024019,0.00343862352831548
LOS,3,0,36,20261109,3.16867012843202,3.18102155806257,3.16867012843202,0.16867012843202,0.181021558062569,0.16867012843202,0,candidate_invalid,0.0954532000500735,0.0122763954953486,90.3647681277867,0.0030115225185261,0.00272406305710993
LOS,3,0,37,20261109,3.07260104652052,3.49533759907588,3.07260104652052,0.0726010465205165,0.495337599075875,0.0726010465205165,0,insufficient_gain,0.00142501278576279,0.163570096162014,7.74814668345037,0.00310939787770059,0.00310496694596885
LOS,3,0,38,20261109,2.93956401416829,2.30879112167672,2.93956401416829,-0.0604359858317056,-0.691208878323283,-0.0604359858317056,0,insufficient_gain,0.0925255884782017,0.144159138788264,20.1943433823415,0.00286646546889457,0.00260124406453266
LOS,3,0,39,20261109,3.00848247821636,2.28562483562922,3.00848247821636,0.00848247821636461,-0.714375164370778,0.00848247821636461,0,insufficient_gain,0.266150470708978,0.0996522471332417,34.3810957076374,0.00161306708648246,0.00118374852212999
LOS,3,0,40,20261109,3.07333864537558,3.0402635907786,3.07333864537558,0.0733386453755842,0.0402635907785971,0.0733386453755842,0,weak_echo,0.682551529463863,0.0368827906567443,93.4611851191146,0.00358340964818349,0.00113754791212028
LOS,3,0,41,20261109,3.08908073420943,1.94311415806218,3.08908073420943,0.0890807342094297,-1.05688584193782,0.0890807342094297,0,insufficient_gain,0.295235385807147,0.199973564167084,27.688117598229,0.0025760007744271,0.00181547419194961
LOS,3,0,42,20261109,2.775470827088,2.77321819435114,2.775470827088,-0.224529172912003,-0.226781805648862,-0.224529172912003,0,candidate_invalid,0.199964304043235,0.0185046146604278,99.5863592715322,0.0028211948784409,0.00225705660800313
LOS,3,0,43,20261109,3.00637917843462,3.06121076136105,3.00637917843462,0.00637917843461899,0.0612107613610524,0.00637917843461899,0,candidate_invalid,0.0823390237656261,0.0150007436286635,99.9998387035918,0.00503811785979069,0.00462328415359936
LOS,3,0,44,20261109,2.95665286065356,2.79452139843535,2.95665286065356,-0.0433471393464377,-0.20547860156465,-0.0433471393464377,0,insufficient_gain,0.221334535975573,0.0309670665747314,58.7899540413769,0.0037962142890462,0.00295598096091632
LOS,3,0,45,20261109,2.94892306526221,2.91152253829627,2.94892306526221,-0.0510769347377855,-0.0884774617037287,-0.0510769347377855,0,insufficient_gain,0.212290807859603,0.0207182043485035,99.9999999377005,0.0039848458988283,0.00313889974377002
LOS,3,0,46,20261109,2.88137860878571,3.69098897296447,2.88137860878571,-0.118621391214292,0.690988972964473,-0.118621391214292,0,insufficient_gain,0.119801724797595,0.157127888350035,16.6871398618472,0.00205897725321846,0.00181230822696388
LOS,3,0,47,20261109,2.87209101325228,2.80676789084325,2.87209101325228,-0.127908986747718,-0.193232109156749,-0.127908986747718,0,insufficient_gain,0.00220817298996106,0.135306808087801,5.43313236783596,0.00450376244007322,0.00449381735349985
LOS,3,0,48,20261109,3.01221667437146,3.00454003505232,3.01221667437146,0.0122166743714587,0.00454003505232015,0.0122166743714587,0,candidate_invalid,0.0921203401541288,0.0104865893888445,57.7819638603415,0.00221346120945087,0.00200955640991829
LOS,3,0,49,20261109,2.88112468944347,4.03252436366659,2.88112468944347,-0.118875310556525,1.03252436366659,-0.118875310556525,0,insufficient_gain,0.0883172740705267,0.196188846472817,18.7913019909748,0.00412028674318421,0.00375639424963725
LOS,3,0,50,20261109,2.83294833429075,3.93759287552104,2.83294833429075,-0.167051665709249,0.937592875521041,-0.167051665709249,0,insufficient_gain,0.0752385485076151,0.187260082248322,18.5297865691048,0.00363632079722587,0.00336272929853454
LOS,5,0,1,20261109,4.97616871905182,3.55975630491155,4.97616871905182,-0.0238312809481798,-1.44024369508845,-0.0238312809481798,0,insufficient_gain,0.12920907800867,0.692924594174212,13.4976463833812,0.00248009095088153,0.00215964068574048
LOS,5,0,2,20261109,4.86494315752957,4.42440286491161,4.86494315752957,-0.135056842470433,-0.575597135088394,-0.135056842470433,0,insufficient_gain,0.228167865111439,0.0619356879293286,39.806565989818,0.00376376939558476,0.00290499816782241
LOS,5,0,3,20261109,5.04668017025641,2.54073431881402,5.04668017025641,0.0466801702564084,-2.45926568118598,0.0466801702564084,0,insufficient_gain,0.24131786192447,0.443625743684074,29.7342176870547,0.00231099309815774,0.00175330918478811
LOS,5,0,4,20261109,5.19010857688722,5.19742581552735,5.19010857688722,0.190108576887217,0.197425815527355,0.190108576887217,0,candidate_invalid,0.128091304088436,0.0143545028114581,75.3703140222813,0.00336451109183811,0.00293354647846455
LOS,5,0,5,20261109,5.10580187232327,6.27405107891046,5.10580187232327,0.105801872323274,1.27405107891046,0.105801872323274,0,insufficient_gain,0.192537308835251,0.184690032063737,20.9941975827969,0.00260148541029914,0.00210060241042598
LOS,5,0,6,20261109,5.03589509826189,6.0715281669155,5.03589509826189,0.0358950982618937,1.0715281669155,0.0358950982618937,0,insufficient_gain,0.0491598980702952,0.180265712338735,18.0670081830139,0.00409512449865024,0.00389380859571142
LOS,5,0,7,20261109,5.09270736719946,4.87903861516596,5.09270736719946,0.0927073671994556,-0.120961384834038,0.0927073671994556,0,insufficient_gain,0.0128267560271226,0.0809373344549407,11.5816512578873,0.00333245956522021,0.00328971491940688
LOS,5,0,8,20261109,5.01677079396184,5.00539300198826,5.01677079396184,0.0167707939618387,0.00539300198825821,0.0167707939618387,0,insufficient_gain,0.463593955479831,0.0227058699027635,89.9415829509172,0.00198848845709199,0.00106663722784273
LOS,5,0,9,20261109,5.07024820703894,4.09092600259284,5.07024820703894,0.0702482070389401,-0.909073997407155,0.0702482070389401,0,insufficient_gain,0.182268824298424,0.138362431935202,36.3968772136623,0.0059021322781394,0.00482635756694916
LOS,5,0,10,20261109,5.01114975158293,4.08232229882207,5.01114975158293,0.0111497515829315,-0.917677701177926,0.0111497515829315,0,insufficient_gain,0.199479333350566,0.138271382297706,30.8501857282987,0.00182692619555103,0.00146249217598182
LOS,5,0,11,20261109,4.78607946453906,4.54474275068505,4.78607946453906,-0.213920535460938,-0.455257249314952,-0.213920535460938,0,insufficient_gain,0.00191251451385754,0.111485210037468,7.65511753815139,0.0044469726024905,0.00443846770284551
LOS,5,0,12,20261109,4.88279036981353,5.92978391218334,4.88279036981353,-0.117209630186471,0.929783912183338,-0.117209630186471,0,insufficient_gain,0.196062604279203,0.148448467385313,27.8943009563736,0.00531745075365575,0.00427489751076759
LOS,5,0,13,20261109,5.24182549642214,5.26702084831238,5.24182549642214,0.241825496422138,0.267020848312375,0.241825496422138,0,candidate_invalid,0.216658612264307,0.0170784112016314,88.9325683500362,0.00207386554346733,0.00162454471279694
LOS,5,0,14,20261109,5.02967983854086,5.75548297959668,5.02967983854086,0.0296798385408596,0.755482979596682,0.0296798385408596,0,insufficient_gain,0.0294295412164833,0.146332287506667,15.4308026658133,0.00155063595337945,0.00150500144867771
LOS,5,0,15,20261109,5.0857290695102,4.67686229842189,5.0857290695102,0.0857290695102009,-0.323137701578109,0.0857290695102009,0,insufficient_gain,0.0543071907727408,0.0689647459026932,26.8621726641306,0.00396115340655445,0.00374603429282461
LOS,5,0,16,20261109,4.98209628817451,5.95340018922253,4.98209628817451,-0.0179037118254923,0.953400189222529,-0.0179037118254923,0,insufficient_gain,0.0826937730509747,0.154215567751007,21.6063406288909,0.0037189424326558,0.00341140905114012
LOS,5,0,17,20261109,5.15541652717714,5.16616883790646,5.15541652717714,0.155416527177143,0.16616883790646,0.155416527177143,0,candidate_invalid,0,4.90908617204724e-13,89.9957498519601,0.00211047935284925,0.0021104793528508
LOS,5,0,18,20261109,5.32314670741352,5.11020257114821,5.32314670741352,0.323146707413518,0.110202571148212,0.323146707413518,0,insufficient_gain,0.122541493022154,0.035276908726646,51.6300450808254,0.00468112803899645,0.00410749562006996
LOS,5,0,19,20261109,5.08051904760044,5.99519539300512,5.08051904760044,0.0805190476004354,0.995195393005119,0.0805190476004354,0,insufficient_gain,0.105426970301282,0.130672812979098,25.613945980645,0.00434173257417547,0.00388399686302177
LOS,5,0,20,20261109,5.16204442736936,5.15112342684962,5.16204442736936,0.162044427369358,0.151123426849622,0.162044427369358,0,candidate_invalid,0.185700966230939,0.0181845788262277,99.9993771689814,0.00319841090875639,0.00260446291259675
LOS,5,0,21,20261109,5.07954289102527,4.78062433294882,5.07954289102527,0.079542891025266,-0.219375667051184,0.079542891025266,0,insufficient_gain,0.0121019026044918,0.125823555080392,11.8313097513244,0.00442839199259493,0.00437480002400603
LOS,5,0,22,20261109,5.04893542413452,4.57844588717197,5.04893542413452,0.0489354241345215,-0.421554112828034,0.0489354241345215,0,insufficient_gain,0.0816916723242084,0.0807655031067731,26.1551257476639,0.0037813767062993,0.0034724697194739
LOS,5,0,23,20261109,5.10395880946127,4.15730309176893,5.10395880946127,0.103958809461271,-0.842696908231073,0.103958809461271,0,insufficient_gain,0.120600377950998,0.183958127023766,22.9350157446835,0.00259342584533528,0.00228065770819996
LOS,5,0,24,20261109,5.0604335150018,6.5661157261533,5.0604335150018,0.0604335150017965,1.5661157261533,0.0604335150017965,0,insufficient_gain,0.313165768844044,0.25027528493661,18.3125656257364,0.00286226829711089,0.00196590384520823
LOS,5,0,25,20261109,4.83658437614586,1.94387155281581,4.83658437614586,-0.163415623854143,-3.05612844718419,-0.163415623854143,0,insufficient_gain,0.124210208864682,0.530071001101752,30.0000841358144,0.00605019046008604,0.00529869503936764
LOS,5,0,26,20261109,5.04059584656608,5.05310447903047,5.04059584656608,0.0405958465660801,0.053104479030468,0.0405958465660801,0,candidate_invalid,0.08738334891465,0.0155537754845118,99.9999944961313,0.0052252196417788,0.00476862245066556
LOS,5,0,27,20261109,4.88254878947609,5.02000930626695,4.88254878947609,-0.117451210523907,0.0200093062669513,-0.117451210523907,0,insufficient_gain,0.00197197448337435,0.176066995465893,5.00204457148739,0.00501639006419285,0.00500649787098761
LOS,5,0,28,20261109,5.22113601769523,5.14290121495113,5.22113601769523,0.221136017695225,0.142901214951129,0.221136017695225,0,insufficient_gain,0.00227791710855643,0.150127666406805,5.51909678258542,0.00432289994145818,0.00431305273372296
LOS,5,0,29,20261109,5.08409725594801,4.99929169170616,5.08409725594801,0.0840972559480129,-0.000708308293841498,0.0840972559480129,0,insufficient_gain,0.163631008735327,0.0228220903461237,63.9638171794172,0.00456711631418161,0.0038197944646805
LOS,5,0,30,20261109,4.94855509952301,5.33965264610741,4.94855509952301,-0.0514449004769855,0.339652646107409,-0.0514449004769855,0,insufficient_gain,0.0695515960498447,0.0614440713469929,28.487896888777,0.00443669208896691,0.00412811307299754
LOS,5,0,31,20261109,5.21990407944857,6.50774406956424,5.21990407944857,0.219904079448566,1.50774406956424,0.219904079448566,0,insufficient_gain,0.275031022212727,0.198465361338054,21.530549437401,0.00243758627257562,0.00176717442829744
LOS,5,0,32,20261109,4.96171192281477,4.26805458075835,4.96171192281477,-0.0382880771852276,-0.731945419241645,-0.0382880771852276,0,insufficient_gain,0.325834330362078,0.301671494391555,16.4692201062498,0.00372579885440882,0.00251180567961873
LOS,5,0,33,20261109,5.05786222287181,5.07589272081999,5.05786222287181,0.0578622228718073,0.0758927208199882,0.0578622228718073,0,candidate_invalid,0.10101844439344,0.0157241578465489,99.9999999365346,0.00418063457648987,0.00375831337499544
LOS,5,0,34,20261109,5.07518404366141,5.53426024093826,5.07518404366141,0.0751840436614142,0.534260240938259,0.0751840436614142,0,insufficient_gain,0.0994210220691671,0.0812264580366935,21.9129921924479,0.00180238928189214,0.00162319389731991
LOS,5,0,35,20261109,5.22571983995581,5.2822314212742,5.22571983995581,0.225719839955808,0.282231421274199,0.225719839955808,0,candidate_invalid,0.0856371155627251,0.0132920467992017,62.8848106866956,0.00311517780450377,0.00284840296286104
LOS,5,0,36,20261109,5.01434578065711,5.02634960036793,5.01434578065711,0.0143457806571083,0.0263496003679258,0.0143457806571083,0,insufficient_gain,0.151261574965203,0.0235023406831319,97.663844747961,0.00628126894084757,0.00533115430807496
LOS,5,0,37,20261109,4.93714656402812,4.93712852387286,4.93714656402812,-0.0628534359718813,-0.0628714761271407,-0.0628534359718813,0,candidate_invalid,0.230148449494305,0.0196926680820449,78.9949260629522,0.00322454456667298,0.00248242063432791
LOS,5,0,38,20261109,4.98492788164722,4.97726268259995,4.98492788164722,-0.0150721183527791,-0.0227373174000505,-0.0150721183527791,0,candidate_invalid,0.184516340155724,0.0189089190237347,91.7424969438435,0.00448050866033989,0.00365378160029795
LOS,5,0,39,20261109,4.85592374619868,4.14695786627403,4.85592374619868,-0.144076253801322,-0.853042133725975,-0.144076253801322,0,insufficient_gain,0.135720443622192,0.159322200508687,20.0721358975702,0.00188166033572212,0.00162628056021163
LOS,5,0,40,20261109,5.1230973802791,5.8100660310449,5.1230973802791,0.123097380279105,0.810066031044901,0.123097380279105,0,insufficient_gain,0.345644017621805,0.0918929735747331,35.84106442095,0.00293452069724021,0.00192022117365176
LOS,5,0,41,20261109,5.02238130476235,5.16046038532584,5.02238130476235,0.0223813047623453,0.160460385325841,0.0223813047623453,0,insufficient_gain,0.0473135393372939,0.270698360348722,7.88832382186504,0.00577242142632128,0.00549930773809559
LOS,5,0,42,20261109,4.94889027144945,4.949867689834,4.94889027144945,-0.0511097285505526,-0.0501323101660027,-0.0511097285505526,0,candidate_invalid,0.0421524414662064,0.0102926012735027,52.5227608613924,0.00414810339718863,0.00397325071154286
LOS,5,0,43,20261109,5.17421643006756,5.65139933642353,5.17421643006756,0.174216430067556,0.651399336423527,0.174216430067556,0,insufficient_gain,0.0538838238523639,0.111782721374815,16.4435651306977,0.00469691843818865,0.00444383051241637
LOS,5,0,44,20261109,5.14318531809265,6.58318460245685,5.14318531809265,0.143185318092652,1.58318460245685,0.143185318092652,0,insufficient_gain,0.199606448711984,0.232628102989386,19.4256660227807,0.00400140912591929,0.00320270206045081
LOS,5,0,45,20261109,5.16617065777007,6.51928044731655,5.16617065777007,0.166170657770069,1.51928044731655,0.166170657770069,0,insufficient_gain,0.157733892461926,0.260506042035701,14.8827710292418,0.00290339780802373,0.00244543357039873
LOS,5,0,46,20261109,4.92721371560235,4.2492719103906,4.92721371560235,-0.0727862843976546,-0.750728089609401,-0.0727862843976546,0,insufficient_gain,0.0579474317231917,0.112884506096419,26.3277141947665,0.00277617824662602,0.00261530584722824
LOS,5,0,47,20261109,4.97359770942412,4.96596337355477,4.97359770942412,-0.0264022905758798,-0.0340366264452268,-0.0264022905758798,0,candidate_invalid,0.0337820028483882,0.0125108469379162,99.9999998571575,0.00748165832794445,0.00722891292499916
LOS,5,0,48,20261109,4.89036787604467,4.88309612797644,4.89036787604467,-0.109632123955334,-0.116903872023564,-0.109632123955334,0,insufficient_gain,0.213555294957448,0.0226392535823292,99.9999999753247,0.00355185339040864,0.00279333629197431
LOS,5,0,49,20261109,5.0646891636743,4.03507586290233,5.0646891636743,0.0646891636742968,-0.96492413709767,0.0646891636742968,0,insufficient_gain,0.0932239216880345,0.235032387927122,19.9314820909997,0.0025733073353249,0.00233341353381733
LOS,5,0,50,20261109,4.89946152376592,4.2868693009896,4.89946152376592,-0.100538476234077,-0.713130699010399,-0.100538476234077,0,insufficient_gain,0.26748662134426,0.141489488839578,20.1380536923039,0.00123926019496579,0.000907774672447959
LOS,10,0,1,20261109,10.1478372913852,10.6506712821229,10.1478372913852,0.14783729138518,0.650671282122936,0.14783729138518,0,insufficient_gain,0.106373222778028,0.0814412941795742,27.7599598468078,0.00457477914277882,0.00408814514186373
LOS,10,0,2,20261109,10.0827647246411,10.8164089833589,10.0827647246411,0.0827647246410788,0.816408983358947,0.0827647246410788,0,insufficient_gain,0.0586941844881919,0.125071632207677,20.4639227159755,0.00375954646908627,0.00353888295503779
LOS,10,0,3,20261109,9.81672524371365,9.61754124412278,9.81672524371365,-0.183274756286346,-0.38245875587722,-0.183274756286346,0,insufficient_gain,0.0142935785024819,0.0579844372385657,15.4680066313177,0.00216663175844523,0.00213566283731992
LOS,10,0,4,20261109,10.1030763278848,10.0614786150526,10.1030763278848,0.103076327884779,0.0614786150525966,0.103076327884779,0,candidate_invalid,0.00142617577484115,0.0102328092596601,14.1186075954059,0.00182594107940526,0.00182333696647152
LOS,10,0,5,20261109,10.1094567105294,10.1252647972709,10.1094567105294,0.109456710529351,0.125264797270948,0.109456710529351,0,insufficient_gain,0.266413904970531,0.0202642996815246,78.2713794075307,0.00251900340936873,0.00184790587444472
LOS,10,0,6,20261109,10.4063395745889,10.412143875311,10.4063395745889,0.406339574588873,0.41214387531096,0.406339574588873,0,candidate_invalid,0.212446022704438,0.0159596070253224,85.7699708631333,0.00219972694644754,0.00173240370563899
LOS,10,0,7,20261109,9.88086232599412,9.88432218845449,9.88086232599412,-0.119137674005875,-0.115677811545513,-0.119137674005875,0,candidate_invalid,0.17990789831278,0.0157322691738439,91.3601869228158,0.00399589686674728,0.00327700345957616
LOS,10,0,8,20261109,10.1787516278137,11.4826486320016,10.1787516278137,0.178751627813744,1.48264863200161,0.178751627813744,0,insufficient_gain,0.319499901063929,0.204813255364522,21.0862885852823,0.00240722415672923,0.00163811627681554
LOS,10,0,9,20261109,10.1133774329032,10.1014615668734,10.1133774329032,0.113377432903231,0.101461566873361,0.113377432903231,0,insufficient_gain,0.232235493952469,0.0285643718423554,99.9998606069645,0.00601033398506545,0.00461452110322447
LOS,10,0,10,20261109,10.0673404403059,8.88641054554606,10.0673404403059,0.0673404403058555,-1.11358945445394,0.0673404403058555,0,insufficient_gain,0.0564380734078502,0.294126863401885,18.6014952899856,0.00215861528539985,0.00203678719746314
LOS,10,0,11,20261109,9.86073247511046,11.1507937233648,9.86073247511046,-0.139267524889537,1.15079372336483,-0.139267524889537,0,insufficient_gain,0.082435870791076,0.24315472354243,15.4092897456803,0.00309710735593161,0.00284179461411194
LOS,10,0,12,20261109,10.1317013275075,10.1115300828951,10.1317013275075,0.131701327507548,0.111530082895076,0.131701327507548,0,candidate_invalid,0.0481141953195908,0.00894559074949113,83.8684738306234,0.00318876782093458,0.00303534282316931
LOS,10,0,13,20261109,10.0432220753507,10.3551968352106,10.0432220753507,0.0432220753506627,0.355196835210595,0.0432220753506627,0,insufficient_gain,0.110606416881883,0.0421949926732786,34.2257200704216,0.00128699500399687,0.00114464509805989
LOS,10,0,14,20261109,10.3097627502113,10.4585531913147,10.3097627502113,0.309762750211348,0.458553191314664,0.309762750211348,0,candidate_invalid,0.0429345984921313,0.0190492743741766,43.8751952044053,0.00232032672792992,0.00222070443149569
LOS,10,0,15,20261109,9.5458868165212,8.51644138087899,9.5458868165212,-0.454113183478801,-1.48355861912101,-0.454113183478801,0,insufficient_gain,0.0582429898674951,0.387788313178969,14.5960030787537,0.00609694829984164,0.00574184380179132
LOS,10,0,16,20261109,9.94351631702957,9.92526279549927,9.94351631702957,-0.0564836829704287,-0.0747372045007317,-0.0564836829704287,0,insufficient_gain,0.381013430137776,0.0205339768844849,57.762411805104,0.00208075519936757,0.00128795952357952
LOS,10,0,17,20261109,10.162416845546,10.2370521538451,10.162416845546,0.162416845545955,0.237052153845053,0.162416845545955,0,insufficient_gain,0.0014204180236024,0.121721511988212,5.04264713421728,0.00247818851295922,0.00247466844932953
LOS,10,0,18,20261109,10.0685528823626,9.07409805224298,10.0685528823626,0.0685528823625976,-0.925901947757023,0.0685528823625976,0,insufficient_gain,0.120855859096762,0.157196077296284,29.2722505467436,0.00306893162229005,0.00269803325456897
LOS,10,0,19,20261109,9.89664948228338,8.96256583556888,9.89664948228338,-0.103350517716615,-1.03743416443112,-0.103350517716615,0,insufficient_gain,0.26156255434032,0.245000632554098,20.011494127637,0.00292449572512221,0.0021595571531019
LOS,10,0,20,20261109,9.65942525953548,9.98935144411851,9.65942525953548,-0.340574740464517,-0.0106485558814882,-0.340574740464517,0,insufficient_gain,0.00891604075117634,0.154408661507169,7.55100849301699,0.00446182765130931,0.00442204581414551
LOS,10,0,21,20261109,9.83131216113032,10.8568345734991,9.83131216113032,-0.168687838869678,0.856834573499125,-0.168687838869678,0,insufficient_gain,0.0529384012664123,0.181493762227793,17.8943420488697,0.00451887052171029,0.00427964874076103
LOS,10,0,22,20261109,10.0731704052448,11.3720718393919,10.0731704052448,0.0731704052447757,1.37207183939195,0.0731704052447757,0,insufficient_gain,0.179621273409944,0.2041135849183,21.6125764035759,0.00518936831751216,0.0042572473721274
LOS,10,0,23,20261109,9.9910260040562,10.1860199638797,9.9910260040562,-0.00897399594379777,0.186019963879687,-0.00897399594379777,0,insufficient_gain,0.0276065773800789,0.0989251686066225,11.3868348494308,0.00348610272119698,0.00338986335666935
LOS,10,0,24,20261109,9.87443992366863,9.83818817668905,9.87443992366863,-0.12556007633137,-0.161811823310947,-0.12556007633137,0,insufficient_gain,0.376902148949308,0.0304675994817651,75.303112132035,0.00427476911198688,0.0026635994474169
LOS,10,0,25,20261109,9.97740679443145,11.1690211239853,9.97740679443145,-0.0225932055685476,1.16902112398525,-0.0225932055685476,0,insufficient_gain,0.158848352621554,0.222410579875664,16.0855449693523,0.00316543128184876,0.00266260773739035
LOS,10,0,26,20261109,10.1346630313501,10.8547030697908,10.1346630313501,0.134663031350092,0.85470306979083,0.134663031350092,0,insufficient_gain,0.0830573735973288,0.137594511394118,18.2019949150907,0.00350396065690384,0.00321293088755303
LOS,10,0,27,20261109,10.0994463505984,7.09980044886299,10.0994463505984,0.099446350598404,-2.90019955113701,0.099446350598404,0,insufficient_gain,0.364481987933009,0.546663622183805,30.8895389422732,0.0037960612289949,0.00241246528593542
LOS,10,0,28,20261109,10.0039520104596,10.1969428619002,10.0039520104596,0.00395201045955673,0.196942861900173,0.00395201045955673,0,insufficient_gain,0.385584173970907,0.0439705509380008,42.8789550396764,0.00428137859737321,0.00263054676744834
LOS,10,0,29,20261109,10.0035340945224,9.99757542394491,10.0035340945224,0.00353409452242026,-0.00242457605508761,0.00353409452242026,0,candidate_invalid,0.162466261299949,0.0139725716203609,89.3668908482747,0.00279185685771965,0.00233827431196132
LOS,10,0,30,20261109,9.81829250228886,10.7846364972771,9.81829250228886,-0.181707497711145,0.78463649727707,-0.181707497711145,0,insufficient_gain,0.0251846314833571,0.227805637560721,12.1438263201646,0.00247466465586599,0.00241234113846311
LOS,10,0,31,20261109,10.0658314447253,10.0728873297941,10.0658314447253,0.0658314447252746,0.0728873297940744,0.0658314447252746,0,insufficient_gain,0.22559491660417,0.025091481982982,96.3028330872154,0.00490945561249201,0.00380190738302
LOS,10,0,32,20261109,9.94718427951648,9.57001989533525,9.94718427951648,-0.0528157204835242,-0.42998010466475,-0.0528157204835242,0,insufficient_gain,0.0106154399127742,0.0844273876557243,16.4182155259581,0.00361467344309907,0.00357630209435955
LOS,10,0,33,20261109,10.0007910200125,11.0607449362625,10.0007910200125,0.000791020012451682,1.06074493626253,0.000791020012451682,0,insufficient_gain,0.059721859185885,0.301354296363178,9.10553512736156,0.00307039889185767,0.00288702896159365
LOS,10,0,34,20261109,10.0092329382335,10.0151055400142,10.0092329382335,0.00923293823348104,0.0151055400142255,0.00923293823348104,0,insufficient_gain,0.568553685835106,0.0291166203509417,61.6442032630597,0.00308771441487643,0.00133218300349225
LOS,10,0,35,20261109,9.87728609701364,10.5973442122939,9.87728609701364,-0.122713902986362,0.59734421229394,-0.122713902986362,0,insufficient_gain,0.0546279886179949,0.217254947799546,10.4246573940481,0.00378671321721291,0.00357985269068339
LOS,10,0,36,20261109,10.10068484426,10.9958061962647,10.10068484426,0.100684844259968,0.995806196264734,0.100684844259968,0,insufficient_gain,0.0383862495706406,0.244881964474147,10.1950065188019,0.00389200105227494,0.00374260172855312
LOS,10,0,37,20261109,10.0203035227861,10.0084729102673,10.0203035227861,0.0203035227861221,0.00847291026731867,0.0203035227861221,0,candidate_invalid,0.201806327224166,0.0199492889966171,89.2768722441582,0.00370170493075972,0.00295467745421552
LOS,10,0,38,20261109,9.94573267930092,8.91938118118445,9.94573267930092,-0.0542673206990809,-1.08061881881555,-0.0542673206990809,0,insufficient_gain,0.0619128631517464,0.190273887346315,24.1293930829739,0.0035551146616557,0.00333500733411984
LOS,10,0,39,20261109,9.89129305151169,8.37781174976471,9.89129305151169,-0.108706948488313,-1.62218825023529,-0.108706948488313,0,insufficient_gain,0.166215616839992,0.271581998074548,26.7998618050231,0.00366060408329938,0.00305215451758678
LOS,10,0,40,20261109,9.89753508169968,8.95429375044115,9.89753508169968,-0.102464918300322,-1.04570624955885,-0.102464918300322,0,insufficient_gain,0.182012460792982,0.213389617450193,21.5710515626172,0.00289905415129632,0.00237139017124677
LOS,10,0,41,20261109,10.0185433226428,10.7888564825263,10.0185433226428,0.0185433226427936,0.788856482526345,0.0185433226427936,0,insufficient_gain,0.158095036967136,0.211527748935457,11.2759146593449,0.0015926365636556,0.00134084862724926
LOS,10,0,42,20261109,10.0638167371773,10.1088624947964,10.0638167371773,0.0638167371772553,0.108862494796441,0.0638167371772553,0,insufficient_gain,0.17975886850303,0.0323161063871292,30.6755242948882,0.0023892290009031,0.00195974389910614
LOS,10,0,43,20261109,9.83893053274297,11.0164121227057,9.83893053274297,-0.161069467257025,1.01641212270574,-0.161069467257025,0,insufficient_gain,0.206074488872445,0.199214130043459,19.0591920069433,0.00286173027777226,0.00227200067348954
LOS,10,0,44,20261109,9.97554339978718,9.43529106755141,9.97554339978718,-0.0244566002128153,-0.564708932448589,-0.0244566002128153,0,insufficient_gain,0.056060516253446,0.0893307646254673,27.402470446802,0.00324159520772649,0.00305986970689665
LOS,10,0,45,20261109,10.1648836937098,10.1744403997578,10.1648836937098,0.164883693709806,0.174440399757849,0.164883693709806,0,insufficient_gain,0.00114696328129542,0.0322975119238946,6.55152926761469,0.00193810316415899,0.00193588023099434
LOS,10,0,46,20261109,10.267680087449,11.2425410540944,10.267680087449,0.267680087449033,1.24254105409438,0.267680087449033,0,insufficient_gain,0.175066468014537,0.229324436676493,13.665335905144,0.00454409926612809,0.00374857985729959
LOS,10,0,47,20261109,10.033570584168,10.7120928767273,10.033570584168,0.0335705841680234,0.712092876727297,0.0335705841680234,0,insufficient_gain,0.0262701700085927,0.187582489921388,10.2767560393336,0.000870998505916543,0.000848117227088885
LOS,10,0,48,20261109,10.0083647785917,9.90389536628403,10.0083647785917,0.00836477859170159,-0.0961046337159743,0.00836477859170159,0,insufficient_gain,0.0913504404027772,0.0211421851176022,40.6918286211947,0.00369723851994297,0.00335949415287207
LOS,10,0,49,20261109,9.91361517650734,9.89929479899071,9.91361517650734,-0.086384823492665,-0.100705201009294,-0.086384823492665,0,candidate_invalid,0.197935806627449,0.0195947493775324,80.8223362416183,0.00352552276388507,0.00282769557183205
LOS,10,0,50,20261109,9.90180713835598,10.4842930199489,9.90180713835598,-0.0981928616440157,0.484293019948922,-0.0981928616440157,0,insufficient_gain,0.309019867883699,0.151154479584616,16.9771363777949,0.00302083210252757,0.00208733496530566
LOS,15,0,1,20261109,14.8505530265303,14.2376148148677,14.8505530265303,-0.149446973469651,-0.762385185132256,-0.149446973469651,0,insufficient_gain,0.308828709739702,0.698480605277332,10.0496574979012,0.00421536232034736,0.00291353741386913
LOS,15,0,2,20261109,15.0244758294362,15.020669850085,15.0244758294362,0.0244758294362466,0.0206698500849605,0.0244758294362466,0,candidate_invalid,0,5.04422836321192e-08,5.15439111458121,0.00331995556487152,0.00331995556926379
LOS,15,0,3,20261109,14.9116739399508,14.2618742967666,14.9116739399508,-0.0883260600491926,-0.738125703233408,-0.0883260600491926,0,insufficient_gain,0.0448938776071268,0.131253917378095,21.3798928750291,0.00347005616993279,0.00331427189294997
LOS,15,0,4,20261109,14.9057432581185,15.3862330355114,14.9057432581185,-0.0942567418815337,0.386233035511388,-0.0942567418815337,0,insufficient_gain,0.0274438203530429,0.138843753049274,11.5171039949017,0.00255165867047391,0.00248163140831914
LOS,15,0,5,20261109,14.9420678438895,13.2748072085218,14.9420678438895,-0.0579321561105175,-1.7251927914782,-0.0579321561105175,0,insufficient_gain,0.3574906062881,0.312077145170264,26.5703052879841,0.00245965254077274,0.00158034986271383
LOS,15,0,6,20261109,15.0983710464804,14.8692155280315,15.0983710464804,0.0983710464804002,-0.130784471968539,0.0983710464804002,0,insufficient_gain,0.00844539381022316,0.0364221856431739,26.9724828387098,0.0043080420869348,0.00427165897495962
LOS,15,0,7,20261109,14.8456959453882,14.8379345729215,14.8456959453882,-0.154304054611808,-0.162065427078518,-0.154304054611808,0,candidate_invalid,0,4.82552012575967e-09,10.6266767873976,0.00342778252535902,0.00342778252635223
LOS,15,0,8,20261109,15.1676258340359,15.1354898567511,15.1676258340359,0.167625834035949,0.135489856751107,0.167625834035949,0,candidate_invalid,0,0.078479606293025,5.24517683111308,0.00323571787690069,0.0032363257633603
LOS,15,0,9,20261109,15.1776806340312,16.5038951916401,15.1776806340312,0.177680634031224,1.50389519164008,0.177680634031224,0,insufficient_gain,0.255550465517837,0.198124459552822,22.8490069585741,0.00358629336944372,0.00266981442939884
LOS,15,0,10,20261109,15.0390709498872,13.6738753999721,15.0390709498872,0.0390709498871935,-1.32612460002789,0.0390709498871935,0,insufficient_gain,0.100495527984659,0.287364703034747,22.6434685693077,0.00413704845372043,0.00372129358506568
LOS,15,0,11,20261109,15.2448574958575,16.1997614893363,15.2448574958575,0.244857495857531,1.19976148933628,0.244857495857531,0,insufficient_gain,0.324449632488349,0.166799421571381,19.0394483112804,0.00108548249257789,0.000733298096788459
LOS,15,0,12,20261109,14.906837280461,15.4594322556111,14.906837280461,-0.0931627195390199,0.459432255611134,-0.0931627195390199,0,insufficient_gain,0.00141982886178444,0.147712765151477,10.4601548180097,0.00369539632233873,0.00369014949198454
LOS,15,0,13,20261109,15.1685227967777,15.7525880409397,15.1685227967777,0.16852279677774,0.752588040939665,0.16852279677774,0,insufficient_gain,0.288188176584615,0.0773196992953101,36.4045465194459,0.00256306130004491,0.00182441733751038
LOS,15,0,14,20261109,15.1451986571244,14.8025489002028,15.1451986571244,0.145198657124395,-0.197451099797156,0.145198657124395,0,insufficient_gain,0.00865043460109139,0.139363123771015,10.0564932061231,0.00187103992995152,0.00185485462140145
LOS,15,0,15,20261109,15.166005890138,14.3047423397444,15.166005890138,0.166005890138027,-0.695257660255592,0.166005890138027,0,insufficient_gain,0.0166492766597832,0.210317140133021,17.511351677656,0.00342299907417298,0.0033660086155809
LOS,15,0,16,20261109,14.9791828892908,14.9672619118391,14.9791828892908,-0.020817110709233,-0.032738088160901,-0.020817110709233,0,candidate_invalid,0.13276652001121,0.0177882675406364,81.0991249370684,0.00446153369559421,0.00386919139291741
LOS,15,0,17,20261109,14.8688289345647,15.0419610739654,14.8688289345647,-0.131171065435314,0.0419610739654317,-0.131171065435314,0,insufficient_gain,0.0727310863787104,0.165908400081328,10.1010602903613,0.00328513829132726,0.00304620661449473
LOS,15,0,18,20261109,15.0380555255739,15.5639735836028,15.0380555255739,0.0380555255739026,0.563973583602767,0.0380555255739026,0,insufficient_gain,0.142722639611534,0.121640609489229,18.1813669539527,0.00380017481905903,0.00325780383789764
LOS,15,0,19,20261109,15.228342786613,15.211420706746,15.228342786613,0.22834278661302,0.211420706746004,0.22834278661302,0,insufficient_gain,0.00159121850967273,0.0926949873181149,6.0295830374905,0.0045615445444056,0.00455428613029385
LOS,15,0,20,20261109,15.0448556387992,15.7337621341069,15.0448556387992,0.0448556387991701,0.733762134106918,0.0448556387991701,0,insufficient_gain,0.323956537534213,0.0984160362626117,30.3724769552618,0.00256708046496135,0.00173545796596075
LOS,15,0,21,20261109,15.0523662699337,14.7595187952707,15.0523662699337,0.0523662699337475,-0.240481204729313,0.0523662699337475,0,insufficient_gain,0.00767564043953374,0.0791533606240084,13.708311013446,0.00316364203589226,0.00313935905714535
LOS,15,0,22,20261109,15.0480911178988,15.0466933578653,15.0480911178988,0.0480911178987835,0.0466933578653226,0.0480911178987835,0,insufficient_gain,0.330267579800748,0.0357914480206148,75.7280765551936,0.00780744145268675,0.00522889665967186
LOS,15,0,23,20261109,14.8364289631697,15.1845422265354,14.8364289631697,-0.163571036830287,0.184542226535427,-0.163571036830287,0,insufficient_gain,0.0774477590958085,0.0550094240351016,26.7352321151573,0.00200482622126397,0.00184955692305055
LOS,15,0,24,20261109,14.8311428578791,15.215827306481,14.8311428578791,-0.168857142120903,0.215827306481003,-0.168857142120903,0,insufficient_gain,0.00900099005657012,0.106753425099206,11.2672002493379,0.0022962974429277,0.00227562849247698
LOS,15,0,25,20261109,15.0692745611895,15.0583317853947,15.0692745611895,0.0692745611895038,0.0583317853947314,0.0692745611895038,0,candidate_invalid,0.163422781937418,0.0116894907346187,99.8604986971311,0.0026802253552678,0.00224221547149073
LOS,15,0,26,20261109,15.1825079538451,12.1848509209536,15.1825079538451,0.18250795384508,-2.81514907904642,0.18250795384508,0,insufficient_gain,0.149660346801654,0.672886970654883,25.8866682819015,0.00248898390577934,0.00211648171125667
LOS,15,0,27,20261109,14.9316014388238,16.0364629844223,14.9316014388238,-0.0683985611761599,1.0364629844223,-0.0683985611761599,0,insufficient_gain,0.0423118019497865,0.353314336718457,7.35527346323898,0.00239559530288624,0.00229423334887868
LOS,15,0,28,20261109,15.1376865959644,15.7939105318256,15.1376865959644,0.137686595964428,0.793910531825613,0.137686595964428,0,insufficient_gain,0.0431306356437107,0.12969148899277,17.4413656889776,0.00430307803374208,0.0041174835429223
LOS,15,0,29,20261109,14.8753350303543,15.2085390107635,14.8753350303543,-0.124664969645666,0.208539010763481,-0.124664969645666,0,insufficient_gain,0.0265560753039591,0.0696071279342519,19.0481174568107,0.0023866938112409,0.0023233125906621
LOS,15,0,30,20261109,14.9323908915181,14.7937293832391,14.9323908915181,-0.0676091084818751,-0.206270616760872,-0.0676091084818751,0,insufficient_gain,0.137639161078898,0.0367117544295716,30.3368784388272,0.00302011879287045,0.00260443217586115
LOS,15,0,31,20261109,14.9524521991359,14.2596972864095,14.9524521991359,-0.0475478008640788,-0.740302713590523,-0.0475478008640788,0,insufficient_gain,0.0452908088663575,0.134777157309257,21.2710540087471,0.00194128598158971,0.00185336356924259
LOS,15,0,32,20261109,15.0283075021211,15.6283364960783,15.0283075021211,0.0283075021211499,0.628336496078283,0.0283075021211499,0,insufficient_gain,0.00448967193979884,0.143956661463326,13.0270323889835,0.00381769636840801,0.00380055616414809
LOS,15,0,33,20261109,15.1900223038248,12.2135783112956,15.1900223038248,0.190022303824753,-2.78642168870438,0.190022303824753,0,insufficient_gain,0.317002236413395,0.525261851848569,31.6880017223662,0.0058932637100193,0.00402508593416928
LOS,15,0,34,20261109,15.1212604881434,15.841850623111,15.1212604881434,0.12126048814342,0.841850623110965,0.12126048814342,0,insufficient_gain,0.0903074705772843,0.0996380697694648,29.0518871714096,0.00460904373037985,0.00419281264930915
LOS,15,0,35,20261109,15.1685570223565,15.6043260459565,15.1685570223565,0.168557022356531,0.604326045956483,0.168557022356531,0,insufficient_gain,0.0159537721988643,0.0709820423893877,21.7882294235502,0.00389350279482636,0.00383138673818206
LOS,15,0,36,20261109,15.0318922468685,14.8506834018277,15.0318922468685,0.0318922468684661,-0.149316598172252,0.0318922468684661,0,insufficient_gain,0.00339019603241602,0.115630447247423,6.5246620476327,0.00121482421301145,0.00121070572078441
LOS,15,0,37,20261109,14.9932282206845,15.6408025607065,14.9932282206845,-0.00677177931550688,0.640802560706451,-0.00677177931550688,0,insufficient_gain,0.179648305532291,0.0997627137597555,26.3204503389996,0.00176905697717822,0.00145124888883807
LOS,15,0,38,20261109,14.8728641446124,14.5190499030447,14.8728641446124,-0.127135855387571,-0.480950096955327,-0.127135855387571,0,insufficient_gain,0.0212135896509725,0.0739460171734024,21.0430868287136,0.00372176478676445,0.00364281279580059
LOS,15,0,39,20261109,14.9881919699421,15.8297167164832,14.9881919699421,-0.0118080300579297,0.829716716483169,-0.0118080300579297,0,insufficient_gain,0.0281350167559772,0.169901239902652,15.4172530938657,0.00358953114965077,0.00348853963060924
LOS,15,0,40,20261109,15.0300036983219,14.9560280378352,15.0300036983219,0.0300036983218508,-0.0439719621648322,0.0300036983218508,0,candidate_invalid,0.0273565508194323,0.0164289537136791,34.6288868811063,0.00345745856123947,0.00336287442040284
LOS,15,0,41,20261109,15.0422656119694,16.1404128702904,15.0422656119694,0.0422656119693823,1.1404128702904,0.0422656119693823,0,insufficient_gain,0.320668134821953,0.334281043635144,10.9561943286687,0.00645106469703505,0.00438241381302107
LOS,15,0,42,20261109,14.9174114979276,15.0008139330249,14.9174114979276,-0.0825885020724133,0.000813933024920388,-0.0825885020724133,0,insufficient_gain,0.0117316850287464,0.137414103156233,7.60061608124025,0.00448979835491414,0.00443712545477171
LOS,15,0,43,20261109,14.8712974701965,15.4441845970023,14.8712974701965,-0.128702529803537,0.444184597002348,-0.128702529803537,0,insufficient_gain,0.00443280550729534,0.132116676182601,13.9394746797115,0.00720615584240014,0.00717421235509552
LOS,15,0,44,20261109,15.3045305457851,15.9069235350201,15.3045305457851,0.304530545785074,0.906923535020123,0.304530545785074,0,insufficient_gain,0.00686004038967522,0.213194097136061,8.29843955298323,0.0050994149705248,0.00506443277786328
LOS,15,0,45,20261109,15.0410216053876,15.7272959200009,15.0410216053876,0.0410216053875541,0.727295920000934,0.0410216053875541,0,insufficient_gain,0.0128275150281122,0.153071387634638,13.4930280954,0.0024014789850495,0.00237067397727908
LOS,15,0,46,20261109,14.9855833560122,15.1907804987367,14.9855833560122,-0.0144166439878219,0.190780498736657,-0.0144166439878219,0,insufficient_gain,0.435006425174746,0.0403608988955674,57.7151779061767,0.00301679711999903,0.00170447098935078
LOS,15,0,47,20261109,15.0576311174524,15.1185974288975,15.0576311174524,0.0576311174523685,0.118597428897498,0.0576311174523685,0,insufficient_gain,0.400335260098577,0.0395944762654973,99.8317574893216,0.00764218692627239,0.00458275003542119
LOS,15,0,48,20261109,15.0686875771029,15.3279885194688,15.0686875771029,0.0686875771029065,0.327988519468814,0.0686875771029065,0,insufficient_gain,0.0165566622965781,0.0731214604522993,14.4742046674672,0.0041413476750638,0.00407278078015505
LOS,15,0,49,20261109,14.9609264853326,14.649511942901,14.9609264853326,-0.0390735146674128,-0.350488057098978,-0.0390735146674128,0,insufficient_gain,0.0555851671928935,0.0767662754301954,21.2009935449944,0.00421419398020784,0.0039799473032347
LOS,15,0,50,20261109,14.729643182701,15.1335192542471,14.729643182701,-0.27035681729901,0.13351925424714,-0.27035681729901,0,insufficient_gain,0.255127836194019,0.0762405081496579,27.088743319909,0.00372751556092377,0.00277652258148575
LOS,20,0,1,20261109,19.721698184363,19.7207471792096,19.721698184363,-0.278301815636961,-0.279252820790411,-0.278301815636961,0,candidate_invalid,0.232917035279245,0.0193845904859737,59.7663728680242,0.00318933585425984,0.00244648520257584
LOS,20,0,2,20261109,19.7973523776299,19.642269097488,19.7973523776299,-0.202647622370094,-0.357730902511975,-0.202647622370094,0,insufficient_gain,0.0366810055406692,0.0733739808097129,14.1805716171838,0.00231238297161185,0.002227562439018
LOS,20,0,3,20261109,19.9854135645465,20.5472731263388,19.9854135645465,-0.0145864354534702,0.547273126338823,-0.0145864354534702,0,insufficient_gain,0.0126267604705574,0.162473222892084,10.4199791361521,0.00287490792571732,0.00283860715196438
LOS,20,0,4,20261109,20.1019051176541,19.343982613099,20.1019051176541,0.101905117654059,-0.656017386900992,0.101905117654059,0,insufficient_gain,0.0181663405731323,0.321194266284437,10.8293031190642,0.00318862739816184,0.00313070170688601
LOS,20,0,5,20261109,20.1540974038651,21.931754314817,20.1540974038651,0.154097403865123,1.93175431481696,0.154097403865123,0,insufficient_gain,0.415945598712612,0.296364706197021,17.3468280305225,0.00394328022163259,0.00230309016895403
LOS,20,0,6,20261109,19.9248676801006,16.924946084151,19.9248676801006,-0.0751323198993639,-3.07505391584899,-0.0751323198993639,0,insufficient_gain,0.349689422359806,0.47657191435233,34.184878673678,0.00470934409289447,0.00306253627735664
LOS,20,0,7,20261109,20.0298448157729,19.9790402636328,20.0298448157729,0.0298448157729112,-0.0209597363671818,0.0298448157729112,0,insufficient_gain,0.263763036995513,0.0236954754444119,99.9999889666365,0.0038933235442522,0.00286640870221411
LOS,20,0,8,20261109,20.015129321346,20.4640627756081,20.015129321346,0.0151293213459915,0.464062775608149,0.0151293213459915,0,insufficient_gain,0.0583020594417125,0.114176349256843,13.2247541282374,0.00125869764795117,0.00118531298286118
LOS,20,0,9,20261109,19.7835472643871,20.3207805356814,19.7835472643871,-0.21645273561294,0.320780535681379,-0.21645273561294,0,insufficient_gain,0.0289675997747327,0.213787702853525,7.88105645658865,0.00308858393982137,0.00299911507638195
LOS,20,0,10,20261109,20.0335040711999,19.9807378131306,20.0335040711999,0.0335040711999461,-0.0192621868694403,0.0335040711999461,0,candidate_invalid,0.261361940620466,0.0174875541243945,99.9999999307139,0.00223778000316632,0.0016529094788571
LOS,20,0,11,20261109,20.2386136671938,21.2835613629989,20.2386136671938,0.238613667193761,1.2835613629989,0.238613667193761,0,insufficient_gain,0.460091159154393,0.17615906940022,22.4199997458128,0.00394313863232698,0.00212893540827319
LOS,20,0,12,20261109,19.9091721768283,21.4100176039714,19.9091721768283,-0.0908278231716615,1.41001760397135,-0.0908278231716615,0,insufficient_gain,0.0858215125866968,0.269390052014214,15.6027599282958,0.0058397489767863,0.00533857288647188
LOS,20,0,13,20261109,20.0422588697157,18.8388991297404,20.0422588697157,0.0422588697157273,-1.16110087025957,0.0422588697157273,0,insufficient_gain,0.176708461875331,0.342489682472466,19.1864937194255,0.00568946788040203,0.00468409076236709
LOS,20,0,14,20261109,19.8936400986257,19.9527632300813,19.8936400986257,-0.106359901374297,-0.047236769918662,-0.106359901374297,0,weak_echo,0.83600236101899,0.0432167093601658,60.7637481288565,0.00412069514033808,0.000675784273975966
LOS,20,0,15,20261109,20.0677854358051,19.3537260356341,20.0677854358051,0.06778543580511,-0.646273964365882,0.06778543580511,0,insufficient_gain,0.0415479228049298,0.228756923794678,14.030436406983,0.00191338823574605,0.00183389092903141
LOS,20,0,16,20261109,19.9813794038083,18.5988722839885,19.9813794038083,-0.0186205961917167,-1.4011277160115,-0.0186205961917167,0,insufficient_gain,0.140082705230026,0.270230642336699,24.3064248054744,0.00285098001806783,0.00245160702458014
LOS,20,0,17,20261109,20.1301596286235,19.6849562336061,20.1301596286235,0.130159628623481,-0.315043766393856,0.130159628623481,0,insufficient_gain,0.0204428624348055,0.0952200801239774,19.7769243042894,0.00349504018733526,0.00342359156158145
LOS,20,0,18,20261109,20.0657043523414,20.0973268584406,20.0657043523414,0.0657043523413741,0.0973268584405531,0.0657043523413741,0,candidate_invalid,0.0437233679888423,0.00843876850201263,66.8914400525743,0.00262071469319136,0.00250612822026719
LOS,20,0,19,20261109,20.040375803184,20.0126460602557,20.040375803184,0.04037580318397,0.0126460602556691,0.04037580318397,0,insufficient_gain,0.355168359966441,0.0234779562711195,95.2906412813885,0.00284682836784711,0.00183572500533291
LOS,20,0,20,20261109,19.8241100806949,20.5596940663117,19.8241100806949,-0.175889919305074,0.559694066311696,-0.175889919305074,0,insufficient_gain,0.00775054839660799,0.197325629426715,10.5312997776899,0.00302326442768419,0.00299983247042168
LOS,20,0,21,20261109,20.0027924594578,19.7095921285271,20.0027924594578,0.00279245945782236,-0.290407871472887,0.00279245945782236,0,insufficient_gain,0.132134014950079,0.0404450098267952,48.1992214400589,0.00436182246430827,0.00378547734959978
LOS,20,0,22,20261109,19.8882093482333,19.8749869066223,19.8882093482333,-0.11179065176675,-0.125013093377667,-0.11179065176675,0,insufficient_gain,0.546845992014829,0.0261777652658194,88.3694116224872,0.00227546173204174,0.00103113460389159
LOS,20,0,23,20261109,20.1447734262599,20.9954231256831,20.1447734262599,0.144773426259945,0.995423125683146,0.144773426259945,0,insufficient_gain,0.0813226618168493,0.159336730306247,17.5162747740519,0.0036095562977434,0.00331601757163313
LOS,20,0,24,20261109,20.1196748127999,20.3737002951419,20.1196748127999,0.119674812799904,0.373700295141916,0.119674812799904,0,insufficient_gain,0.0134608496088798,0.0365244057925549,27.8533124930445,0.00373360770659814,0.00368335017476107
LOS,20,0,25,20261109,20.0554923443446,20.0511067426372,20.0554923443446,0.0554923443446214,0.0511067426371525,0.0554923443446214,0,candidate_invalid,0.310880743819652,0.0177482016618173,88.9983692494312,0.00183376245844857,0.00126368102137753
LOS,20,0,26,20261109,20.0448070837594,20.2584731057721,20.0448070837594,0.0448070837593555,0.258473105772101,0.0448070837593555,0,insufficient_gain,0.24980194168324,0.0355891986101537,50.690579568267,0.00382108540620307,0.00286657085239606
LOS,20,0,27,20261109,20.1281006280094,21.3584368516789,20.1281006280094,0.128100628009381,1.35843685167895,0.128100628009381,0,insufficient_gain,0.214954692496352,0.183782814702305,23.5129352484413,0.00403407009697387,0.00316692779977013
LOS,20,0,28,20261109,19.9833282345293,19.971209838948,19.9833282345293,-0.0166717654707078,-0.0287901610519583,-0.0166717654707078,0,candidate_invalid,0,3.32235642359035e-13,93.8527082134201,0.00419218656266063,0.0041921865626835
LOS,20,0,29,20261109,20.0139807698178,20.54198297065,20.0139807698178,0.013980769817767,0.541982970649997,0.013980769817767,0,insufficient_gain,0.232178132772253,0.210489218829266,10.6405886199423,0.00208353133442563,0.0015997809196262
LOS,20,0,30,20261109,19.8900775435552,19.3285485163449,19.8900775435552,-0.109922456444806,-0.67145148365514,-0.109922456444806,0,insufficient_gain,0.240387552919387,0.0966178215882157,32.1791955190655,0.00439201971146397,0.00333623284065143
LOS,20,0,31,20261109,20.1751841193154,20.1887623010543,20.1751841193154,0.17518411931545,0.188762301054261,0.17518411931545,0,candidate_invalid,0.13566879151827,0.0130911553138626,91.5483233398898,0.00253217244141157,0.0021886356663694
LOS,20,0,32,20261109,20.0909876921877,19.7558140233887,20.0909876921877,0.0909876921876922,-0.244185976611277,0.0909876921876922,0,insufficient_gain,0.0710599157809895,0.0540452686826944,31.859778635335,0.00368645982654892,0.00342450030174435
LOS,20,0,33,20261109,20.0952850281323,20.9914645616102,20.0952850281323,0.0952850281322881,0.991464561610201,0.0952850281322881,0,insufficient_gain,0.0613408627289109,0.167342029719086,17.1904260639657,0.00397930529702184,0.0037352112770408
LOS,20,0,34,20261109,19.950811823172,20.5805495080948,19.950811823172,-0.0491881768279825,0.580549508094833,-0.0491881768279825,0,insufficient_gain,0.114059212839127,0.100153554621247,23.6546120355534,0.0013156192811965,0.00116556078158725
LOS,20,0,35,20261109,19.879025492779,21.2140160144486,19.879025492779,-0.120974507220989,1.21401601444861,-0.120974507220989,0,insufficient_gain,0.170580320471206,0.243479187050845,16.7457937748561,0.00553859538489476,0.00459382000917907
LOS,20,0,36,20261109,20.067736532544,20.5951800259805,20.067736532544,0.067736532544,0.595180025980532,0.067736532544,0,insufficient_gain,0.0270508436270703,0.0764191602112105,26.4169754911262,0.00461245259751575,0.00448768186356308
LOS,20,0,37,20261109,19.8335511039627,20.1178083398497,19.8335511039627,-0.166448896037263,0.117808339849741,-0.166448896037263,0,insufficient_gain,0.176000207826497,0.0431915357128614,46.3244944651095,0.00485387703327422,0.0039995936666537
LOS,20,0,38,20261109,19.9027050310357,19.8771343723818,19.9027050310357,-0.0972949689642775,-0.122865627618204,-0.0972949689642775,0,insufficient_gain,0.0363903324819996,0.0489424735306657,17.5752775086219,0.00358136769488726,0.00345104053373002
LOS,20,0,39,20261109,20.0597212824407,20.0211091670623,20.0597212824407,0.0597212824407087,0.0211091670622707,0.0597212824407087,0,insufficient_gain,0.529303423589147,0.0331034840456471,94.0876952759008,0.0036888189165365,0.00173631443501332
LOS,20,0,40,20261109,19.8070540437654,20.9361740379517,19.8070540437654,-0.192945956234556,0.936174037951673,-0.192945956234556,0,insufficient_gain,0.144210064933566,0.186894376119377,19.537837368071,0.00283600182926858,0.00242702182131804
LOS,20,0,41,20261109,19.7463316594777,21.7672842363132,19.7463316594777,-0.253668340522296,1.76728423631323,-0.253668340522296,0,insufficient_gain,0.0911249916211123,0.474901220072283,8.12335276267929,0.0029236834232802,0.00265726279583101
LOS,20,0,42,20261109,20.1819169055255,20.1845331697167,20.1819169055255,0.181916905525505,0.18453316971668,0.181916905525505,0,insufficient_gain,0.375809922136561,0.0213410942493182,99.9999617287218,0.00214369845003026,0.00133807530244012
LOS,20,0,43,20261109,19.9052663970553,19.9154176559261,19.9052663970553,-0.0947336029446788,-0.0845823440738727,-0.0947336029446788,0,insufficient_gain,0.35500377879789,0.0270982149642015,91.6282331313871,0.00383210159045166,0.00247169104510392
LOS,20,0,44,20261109,19.9621489923883,19.9101527341434,19.9621489923883,-0.0378510076116676,-0.0898472658566405,-0.0378510076116676,0,insufficient_gain,0.286385727445082,0.026452531391902,99.9999990462281,0.00467324758623189,0.00333489617671789
LOS,20,0,45,20261109,20.0966058943113,19.9117161215617,20.0966058943113,0.0966058943113453,-0.0882838784382542,0.0966058943113453,0,insufficient_gain,0.00839872072403254,0.0525260870196292,14.7803851843622,0.00210355761655756,0.00208589042360918
LOS,20,0,46,20261109,19.9872755081896,19.0128738603341,19.9872755081896,-0.0127244918103528,-0.987126139665911,-0.0127244918103528,0,insufficient_gain,0.0435116116623803,0.194652906417091,21.5560365154419,0.00348471838525022,0.00333309267211845
LOS,20,0,47,20261109,19.7135580883222,21.1001614193146,19.7135580883222,-0.286441911677837,1.10016141931458,-0.286441911677837,0,insufficient_gain,0.155204809674441,0.244694576494154,16.9424618343451,0.0042114941411433,0.00355784999452213
LOS,20,0,48,20261109,20.0327143162004,19.9943872147953,20.0327143162004,0.0327143162004084,-0.00561278520470054,0.0327143162004084,0,weak_echo,0.700220410504174,0.0418701219390315,98.976940092468,0.00427967472517898,0.00128295913228982
LOS,20,0,49,20261109,20.1300029019894,20.1377435785531,20.1300029019894,0.130002901989421,0.137743578553099,0.130002901989421,0,candidate_invalid,0.138031414634687,0.0168544183714708,99.6719975635109,0.00246348432665688,0.00212344610011805
LOS,20,0,50,20261109,20.1985201032802,20.7545041468075,20.1985201032802,0.19852010328016,0.754504146807452,0.19852010328016,0,insufficient_gain,0.00540105675135057,0.118120211966087,14.7298251546469,0.00309433759282296,0.00307762489987629
LOS,1,10,1,20261109,0.941822040637415,0.662835620853521,0.941822040637415,-0.0581779593625852,-0.337164379146479,-0.0581779593625852,0,insufficient_gain,0.253481875506864,0.0715454204079743,18.7138180289604,0.000474082143258281,0.000353910912440858
LOS,1,10,2,20261109,0.944040084805147,0.871172438724321,0.944040084805147,-0.0559599151948533,-0.128827561275679,-0.0559599151948533,0,candidate_invalid,0.0106220531974211,0.0179610149705736,16.7946577051825,0.000830138464058106,0.000821320689131655
LOS,1,10,3,20261109,1.07232566838668,0.928043045468358,1.07232566838668,0.0723256683866766,-0.0719569545316416,0.0723256683866766,0,insufficient_gain,0.0698248634832274,0.0213533797385282,28.8223785042396,0.000205551214782052,0.000191198629271083
LOS,1,10,4,20261109,1.06191576200039,1.00770993274652,1.06191576200039,0.0619157620003932,0.00770993274651888,0.0619157620003932,0,candidate_invalid,0.132777408055352,0.0109404135972348,40.9055169238635,0.000525155656328824,0.000455426849455876
LOS,1,10,5,20261109,1.07410219907585,1.06707225228632,1.07410219907585,0.0741021990758457,0.0670722522863176,0.0741021990758457,0,candidate_invalid,0.0410290048254552,0.00345109194954694,70.2013957087704,0.000437291621329328,0.000419349981287676
LOS,1,10,6,20261109,0.958826590749026,0.989594171900463,0.958826590749026,-0.0411734092509736,-0.0104058280995371,-0.0411734092509736,0,candidate_invalid,0.00346476302808357,0.0159591717953284,11.5111421637395,0.000403293721317199,0.000401896404142121
LOS,1,10,7,20261109,0.997218766173824,0.941535519754976,0.997218766173824,-0.00278123382617568,-0.0584644802450245,-0.00278123382617568,0,candidate_invalid,0.034046244919422,0.00818628515739177,33.2836895516488,0.000339868167041235,0.000328296932185834
LOS,1,10,8,20261109,1.0049852427926,1.01101480379656,1.0049852427926,0.00498524279259915,0.0110148037965634,0.00498524279259915,0,candidate_invalid,0,5.80809178714344e-12,34.6250799346683,0.000318887783649524,0.000318887783668842
LOS,1,10,9,20261109,0.913738375633827,0.880759511122781,0.913738375633827,-0.0862616243661734,-0.119240488877219,-0.0862616243661734,0,insufficient_gain,0.00941623422896052,0.0748538665438093,5.25558689341806,0.000451295302873467,0.000447045800595181
LOS,1,10,10,20261109,0.967387408701045,0.943418687043959,0.967387408701045,-0.0326125912989547,-0.0565813129560411,-0.0326125912989547,0,candidate_invalid,0.00435502678209494,0.0118418318289602,12.2480198962079,0.000691750964349369,0.000688738370373088
LOS,1,10,11,20261109,1.02795312959351,1.0152975631102,1.02795312959351,0.0279531295935118,0.0152975631101979,0.0279531295935118,0,insufficient_gain,0.00362167634339422,0.0276365074675602,5.92422328868251,0.000286045834424487,0.000285009868992825
LOS,1,10,12,20261109,0.970639696155873,1.74605750006372,0.970639696155873,-0.0293603038441272,0.746057500063716,-0.0293603038441272,0,insufficient_gain,0.198980896963086,0.132039301888899,19.8501759260272,0.000702605284071289,0.00056280025443578
LOS,1,10,13,20261109,0.998993696623958,0.930819334616754,0.998993696623958,-0.00100630337604168,-0.0691806653832461,-0.00100630337604168,0,insufficient_gain,0.0505323359219334,0.0927002417829725,8.29746901356395,0.000445767005666564,0.000423241357593307
LOS,1,10,14,20261109,0.947684720649772,0.341681668955076,0.947684720649772,-0.0523152793502277,-0.658318331044924,-0.0523152793502277,0,insufficient_gain,0.141029691808334,0.372808542565363,8.82041403259259,0.00031367772712465,0.000269439853941122
LOS,1,10,15,20261109,1.02949242874233,1.00522911590445,1.02949242874233,0.0294924287423313,0.00522911590445396,0.0294924287423313,0,insufficient_gain,0.0267277850387606,0.100334258884069,6.53487022765409,0.000596790681106185,0.000580839788068443
LOS,1,10,16,20261109,1.02673092600399,0.937929932221874,1.02673092600399,0.0267309260039861,-0.0620700677781256,0.0267309260039861,0,candidate_invalid,0.0712482864949532,0.0159638945941205,25.7150357347506,0.000217747244502187,0.000202233126442408
LOS,1,10,17,20261109,0.997475804683135,1.13921674041986,0.997475804683135,-0.00252419531686487,0.13921674041986,-0.00252419531686487,0,insufficient_gain,0.246694091851061,0.0254131035961029,27.3399643806117,0.000305124426809966,0.000229852033436506
LOS,1,10,18,20261109,0.960052156922162,0.963743578957011,0.960052156922162,-0.0399478430778383,-0.0362564210429892,-0.0399478430778383,0,candidate_invalid,0.129272090556645,0.00411505187561674,82.2604904002914,0.000314708706508071,0.000274025654101395
LOS,1,10,19,20261109,1.0079145891794,0.65888113232848,1.0079145891794,0.00791458917940058,-0.34111886767152,0.00791458917940058,0,insufficient_gain,0.362542618783782,0.0532088470880858,29.5681096078094,0.000303052725992847,0.000193183197081837
LOS,1,10,20,20261109,0.955483927135727,0.837349455148836,0.955483927135727,-0.0445160728642729,-0.162650544851164,-0.0445160728642729,0,insufficient_gain,0.0378720456612839,0.0249246047517403,19.9057090533106,0.000266857751888727,0.00025675130292413
LOS,1,10,21,20261109,0.950211434945464,0.940077626335018,0.950211434945464,-0.0497885650545363,-0.059922373664982,-0.0497885650545363,0,candidate_invalid,0.0315203768525631,0.00266657906191831,99.9999941468137,0.00041672094589984,0.00040358574464272
LOS,1,10,22,20261109,0.962917880467844,1.42662609875554,0.962917880467844,-0.0370821195321557,0.426626098755544,-0.0370821195321557,0,insufficient_gain,0.0508193064859885,0.10481130362104,14.6556022686967,0.00053678470307772,0.000509505676735023
LOS,1,10,23,20261109,0.971941562844004,0.465071176053038,0.971941562844004,-0.0280584371559958,-0.534928823946962,-0.0280584371559958,0,insufficient_gain,0.13889323520859,0.290326107334948,9.16859714391895,0.00031111772503789,0.000267905577676641
LOS,1,10,24,20261109,0.886958307392348,0.825585812281184,0.886958307392348,-0.113041692607652,-0.174414187718816,-0.113041692607652,0,insufficient_gain,0.221308344283288,0.0392846470507733,17.6481694126582,0.000355392961296053,0.000276741533461689
LOS,1,10,25,20261109,1.00648209982065,1.21468531473781,1.00648209982065,0.00648209982065429,0.214685314737811,0.00648209982065429,0,insufficient_gain,0.00913037112359074,0.141437167417806,5.00000000249,0.000326151948924602,0.000323174060588238
LOS,1,10,26,20261109,1.00313349635686,1.02689656300234,1.00313349635686,0.00313349635686411,0.0268965630023397,0.00313349635686411,0,candidate_invalid,0.101551240690968,0.0062209116709752,35.967929104577,0.000175909197072777,0.000158045399861084
LOS,1,10,27,20261109,0.995102862209515,1.66491598654908,0.995102862209515,-0.00489713779048517,0.664915986549082,-0.00489713779048517,0,insufficient_gain,0.0304757905511202,0.216764450946316,8.38619402130332,0.000340226080609574,0.000329857421836888
LOS,1,10,28,20261109,1.03304800303715,0.557805287522822,1.03304800303715,0.0330480030371465,-0.442194712477178,0.0330480030371465,0,insufficient_gain,0.21677237581408,0.0899290447649339,22.5705945268707,0.000430262124498038,0.000336993181547784
LOS,1,10,29,20261109,0.976818231414829,0.73241410239024,0.976818231414829,-0.0231817685851705,-0.26758589760976,-0.0231817685851705,0,insufficient_gain,0.235136102969226,0.224812884893167,8.26247266281364,0.00028941072579669,0.000221359815575362
LOS,1,10,30,20261109,1.01800090825192,1.02922432086737,1.01800090825192,0.0180009082519208,0.0292243208673675,0.0180009082519208,0,candidate_invalid,0.0204186089037354,0.00137643870775157,98.012985147409,0.000510738181460857,0.000500309618281403
LOS,1,10,31,20261109,0.967704370440533,0.956898226533529,0.967704370440533,-0.0322956295594667,-0.0431017734664714,-0.0322956295594667,0,candidate_invalid,0.511344583416414,0.0102077903903705,99.9989983804329,0.000371791501852181,0.000181677931219815
LOS,1,10,32,20261109,0.999353772866819,1.00426072401118,0.999353772866819,-0.000646227133181299,0.00426072401118427,-0.000646227133181299,0,candidate_invalid,0.356325983837385,0.00938821108231231,99.9977329767241,0.000449775748491366,0.000289508962403984
LOS,1,10,33,20261109,1.0391824801743,0.796303569990027,1.0391824801743,0.0391824801743046,-0.203696430009973,0.0391824801743046,0,insufficient_gain,0.0285123858743365,0.114636612109693,8.79752341898831,0.000462493384811413,0.000449306594959342
LOS,1,10,34,20261109,0.980573526539936,0.969031087431795,0.980573526539936,-0.0194264734600635,-0.0309689125682047,-0.0194264734600635,0,candidate_invalid,0.0847401700532896,0.00513240422553346,72.4382301095042,0.00045523547958326,0.000416658747629084
LOS,1,10,35,20261109,1.0382717291173,0.923411355066261,1.0382717291173,0.038271729117302,-0.076588644933739,0.038271729117302,0,candidate_invalid,0.105862985947907,0.0163927978942359,39.1769347653211,0.000614294855930897,0.000549263768229613
LOS,1,10,36,20261109,1.06600881859425,0.856078510833885,1.06600881859425,0.0660088185942547,-0.143921489166115,0.0660088185942547,0,insufficient_gain,0.0328276692835414,0.164944734860294,6.81951884204533,0.000629422359248677,0.000608759890199595
LOS,1,10,37,20261109,0.972464866380577,1.24681705741545,0.972464866380577,-0.0275351336194226,0.246817057415452,-0.0275351336194226,0,insufficient_gain,0.0357316261567415,0.174354762497133,5.06526755393134,0.000243125961604029,0.000234438675634996
LOS,1,10,38,20261109,1.02840174168765,0.972245552988461,1.02840174168765,0.0284017416876452,-0.0277544470115392,0.0284017416876452,0,candidate_invalid,0.0212483150358,0.0118401930596987,23.0465735534381,0.000302018809614113,0.000295601418800695
LOS,1,10,39,20261109,1.02121102200303,0.989843696926456,1.02121102200303,0.0212110220030313,-0.0101563030735439,0.0212110220030313,0,candidate_invalid,0.212739730489713,0.00970472396845321,69.3247501341431,0.000632403408287407,0.000497866077647569
LOS,1,10,40,20261109,0.956688151268725,1.67503613913709,0.956688151268725,-0.043311848731275,0.67503613913709,-0.043311848731275,0,insufficient_gain,0.474253597224403,0.118765430424117,21.263679243534,0.000368134333092796,0.000193545301361731
LOS,1,10,41,20261109,1.04873612346225,1.26060242614656,1.04873612346225,0.0487361234622483,0.260602426146559,0.0487361234622483,0,insufficient_gain,0.00140253883101135,0.133868496380563,5.00043303752466,0.000527932407322629,0.00052719196162121
LOS,1,10,42,20261109,1.01048691800035,1.00879855934758,1.01048691800035,0.0104869180003457,0.00879855934757545,0.0104869180003457,0,candidate_invalid,0.584917971977761,0.0129095994618238,99.0230556497011,0.000498927071778787,0.000207095660789136
LOS,1,10,43,20261109,1.04631441689324,1.03869779461661,1.04631441689324,0.0463144168932388,0.0386977946166076,0.0463144168932388,0,candidate_invalid,0.203430128929219,0.0078963251724291,96.8473553282486,0.000565267747943521,0.000450275257099841
LOS,1,10,44,20261109,0.983931291721238,0.981134005091024,0.983931291721238,-0.0160687082787619,-0.0188659949089756,-0.0160687082787619,0,candidate_invalid,0,3.80285785445322e-13,35.0896673849773,0.000263498706452925,0.000263498706457144
LOS,1,10,45,20261109,0.931504068364041,0.924924349212646,0.931504068364041,-0.0684959316359591,-0.0750756507873545,-0.0684959316359591,0,candidate_invalid,0.0817572495388529,0.00410350585668172,99.9999971532816,0.000376918635249135,0.000346102804331228
LOS,1,10,46,20261109,0.91945558922734,1.08405333489117,0.91945558922734,-0.0805444107726601,0.0840533348911667,-0.0805444107726601,0,insufficient_gain,0.521261660292622,0.0356194211580402,24.8944474299638,0.00029090600564996,0.000139267858155767
LOS,1,10,47,20261109,0.982504452756074,0.983585786742618,0.982504452756074,-0.0174955472439259,-0.0164142132573821,-0.0174955472439259,0,candidate_invalid,0.24591328420132,0.00850207209978031,52.343803288655,0.000497391571103956,0.000375076376319727
LOS,1,10,48,20261109,1.02562895298518,1.59463517996396,1.02562895298518,0.0256289529851845,0.594635179963956,0.0256289529851845,0,insufficient_gain,0.308752131503019,0.108355335130492,17.7797152205643,0.000194460118867035,0.000134420142674507
LOS,1,10,49,20261109,1.06885191209839,1.07920291713842,1.06885191209839,0.0688519120983886,0.0792029171384216,0.0688519120983886,0,candidate_invalid,0.20594056491635,0.00672003385976878,94.7469844909244,0.000407131153683515,0.000323286333898887
LOS,1,10,50,20261109,1.01850731063015,0.50676224822756,1.01850731063015,0.0185073106301497,-0.49323775177244,0.0185073106301497,0,insufficient_gain,0.165571599213957,0.10292366093304,20.7251510390436,0.000464155560796931,0.000387304582311732
LOS,3,10,1,20261109,2.98556321808865,3.31765961586606,2.98556321808865,-0.014436781911348,0.317659615866058,-0.014436781911348,0,insufficient_gain,0.0341125742931101,0.121995750167231,8.75273795527032,0.000470633112531482,0.000454578605515454
LOS,3,10,2,20261109,3.01658316310871,3.01987151954913,3.01658316310871,0.0165831631087103,0.0198715195491328,0.0165831631087103,0,candidate_invalid,0.0108672738737681,0.00124116732297688,81.1941879373602,0.000268594314156934,0.000265675426184053
LOS,3,10,3,20261109,3.03642871347707,3.02072019757484,3.03642871347707,0.0364287134770671,0.0207201975748408,0.0364287134770671,0,candidate_invalid,0.277610461518337,0.0119844610371473,99.9999996603741,0.000619600762402195,0.000447593108794608
LOS,3,10,4,20261109,3.04840414955909,3.40482449850464,3.04840414955909,0.0484041495590866,0.404824498504643,0.0484041495590866,0,insufficient_gain,0.0571971357334126,0.0698006066225033,17.9441661241293,0.000435395613855638,0.000410492231832205
LOS,3,10,5,20261109,2.99633762478347,2.58880818767974,2.99633762478347,-0.00366237521652746,-0.411191812320258,-0.00366237521652746,0,insufficient_gain,0.156203037735053,0.0836377157504888,20.6251850801075,0.000523937042454348,0.000442096484841059
LOS,3,10,6,20261109,2.95386023049259,3.49583290958421,2.95386023049259,-0.0461397695074099,0.495832909584212,-0.0461397695074099,0,insufficient_gain,0.0206195269497963,0.151592293077113,10.5954629482358,0.000332293639634385,0.000325441901976697
LOS,3,10,7,20261109,2.95882495867263,2.46376726560727,2.95882495867263,-0.0411750413273677,-0.536232734392727,-0.0411750413273677,0,insufficient_gain,0.203414836818218,0.116787608977028,18.3427774476939,0.000499932281493365,0.000398238638033233
LOS,3,10,8,20261109,3.00491640805015,3.00163369871147,3.00491640805015,0.00491640805015026,0.00163369871147179,0.00491640805015026,0,candidate_invalid,0.0169507925363988,0.00175041330759027,99.9999558646513,0.000311180879798423,0.000305906117263666
LOS,3,10,9,20261109,3.10254781801301,2.91680344766573,3.10254781801301,0.102547818013007,-0.0831965523342704,0.102547818013007,0,insufficient_gain,0.320627258214908,0.0282357002507056,40.1420664277598,0.000691674085188998,0.000469904519676545
LOS,3,10,10,20261109,2.93785308978951,2.91561836633154,2.93785308978951,-0.0621469102104903,-0.0843816336684551,-0.0621469102104903,0,candidate_invalid,0.512022247806406,0.00934942592279432,99.9999789820685,0.000335937653239693,0.000163930100905096
LOS,3,10,11,20261109,2.93979339404128,2.95556514977918,2.93979339404128,-0.0602066059587227,-0.0444348502208176,-0.0602066059587227,0,candidate_invalid,0.353523131858041,0.00917148560068262,99.9999997458177,0.000447513397141552,0.00028930705943564
LOS,3,10,12,20261109,2.98516846116988,2.88669662303568,2.98516846116988,-0.0148315388301237,-0.113303376964325,-0.0148315388301237,0,insufficient_gain,0.0732101831059876,0.0320152056136271,19.0384735710879,0.000757209230250577,0.000701773803854389
LOS,3,10,13,20261109,2.96419444367806,2.95453958501573,2.96419444367806,-0.0358055563219417,-0.0454604149842686,-0.0358055563219417,0,candidate_invalid,0.161017608490367,0.0058010178032021,99.9998836253762,0.000411390649482923,0.000345149510947884
LOS,3,10,14,20261109,2.99423354418368,4.25718635731666,2.99423354418368,-0.00576645581632151,1.25718635731666,-0.00576645581632151,0,insufficient_gain,0.178168387260184,0.317062111479498,9.80087612641997,0.000458537410768844,0.000376840539793699
LOS,3,10,15,20261109,2.94456542188749,3.2599109142871,2.94456542188749,-0.0554345781125059,0.259910914287099,-0.0554345781125059,0,insufficient_gain,0.579591638647487,0.0699800505061253,18.3733539885811,0.000243418554832342,0.000102335195759862
LOS,3,10,16,20261109,3.01198440793723,2.39086306978367,3.01198440793723,0.0119844079372284,-0.60913693021633,0.0119844079372284,0,insufficient_gain,0.175218125016213,0.170142220665439,15.9413046478584,0.000475228826378071,0.00039196012246645
LOS,3,10,17,20261109,2.9507606729884,2.9557993208279,2.9507606729884,-0.0492393270115969,-0.0442006791720955,-0.0492393270115969,0,candidate_invalid,0.253949640124842,0.00982132441893476,85.0274608895116,0.00072501559616156,0.000540898146431434
LOS,3,10,18,20261109,3.02941691017117,3.39017040254019,3.02941691017117,0.0294169101711734,0.390170402540193,0.0294169101711734,0,insufficient_gain,0.0245520539199392,0.0733005424380275,17.0024307270896,0.000450591892877439,0.000439528936427624
LOS,3,10,19,20261109,2.95175955050975,2.96932420788261,2.95175955050975,-0.0482404494902493,-0.0306757921173899,-0.0482404494902493,0,candidate_invalid,0.458575316860768,0.0107800033954712,99.9999999813338,0.000451930862028105,0.000244686523774407
LOS,3,10,20,20261109,2.9752544026786,3.61544561316171,2.9752544026786,-0.0247455973214001,0.615445613161711,-0.0247455973214001,0,insufficient_gain,0.0519241235820262,0.169620090531056,11.0828288575173,0.000295361018473939,0.000280024656449385
LOS,3,10,21,20261109,2.98167025626722,2.89827928494801,2.98167025626722,-0.0183297437327763,-0.101720715051993,-0.0183297437327763,0,candidate_invalid,0.308867983652448,0.0134729918413221,51.8299794789409,0.000334623222190134,0.000231268822268982
LOS,3,10,22,20261109,2.97342144860114,2.71969558066034,2.97342144860114,-0.0265785513988641,-0.280304419339663,-0.0265785513988641,0,insufficient_gain,0.093910144518909,0.0961358929269009,11.221288151415,0.000198982361134581,0.000180295898843719
LOS,3,10,23,20261109,2.9752305215001,2.65904464312337,2.9752305215001,-0.0247694784998962,-0.34095535687663,-0.0247694784998962,0,insufficient_gain,0.107599838274916,0.0521691090539815,26.3679642084724,0.000756330139806582,0.000674949139080949
LOS,3,10,24,20261109,2.9612280808238,2.44422930907908,2.9612280808238,-0.0387719191761988,-0.555770690920924,-0.0387719191761988,0,insufficient_gain,0.201388072033605,0.0911734434290647,24.0029148642685,0.000382687088851696,0.0003056184738357
LOS,3,10,25,20261109,2.98368978732011,2.98432447456008,2.98368978732011,-0.0163102126798855,-0.0156755254399199,-0.0163102126798855,0,candidate_invalid,0.0390722583363459,0.00267285803805676,99.9999985551262,0.000337275815069926,0.000324097687292912
LOS,3,10,26,20261109,2.94884620910137,2.89951620166797,2.94884620910137,-0.051153790898625,-0.100483798332035,-0.051153790898625,0,candidate_invalid,0.364162727405013,0.0114042488597333,62.6993771823699,0.000369279718106075,0.000234801808785212
LOS,3,10,27,20261109,2.9850043957483,2.97829480262748,2.9850043957483,-0.014995604251697,-0.0217051973725186,-0.014995604251697,0,candidate_invalid,0.394659753449142,0.0118076266563478,82.2471298895365,0.000682069731469559,0.00041288425941266
LOS,3,10,28,20261109,2.95199729482617,2.6748249064955,2.95199729482617,-0.048002705173833,-0.3251750935045,-0.048002705173833,0,insufficient_gain,0.36971198409456,0.0615140544596103,22.8758898248704,0.00063708518192751,0.000401547155279847
LOS,3,10,29,20261109,3.03904190170404,3.19284631032521,3.03904190170404,0.0390419017040369,0.192846310325207,0.0390419017040369,0,insufficient_gain,0.00101437366960386,0.104495372390981,5.00001331105442,0.000328537155955821,0.000328203896515333
LOS,3,10,30,20261109,3.03478703661397,3.1769359698627,3.03478703661397,0.0347870366139715,0.176935969862704,0.0347870366139715,0,insufficient_gain,0.0382500525700364,0.146559595304588,5.00001347479846,0.000239956983480782,0.000230778616248095
LOS,3,10,31,20261109,2.9739784243788,3.3347321203094,2.9739784243788,-0.0260215756212032,0.334732120309399,-0.0260215756212032,0,insufficient_gain,0.0430897068926712,0.126466069268319,9.1425390888647,0.000435991856046591,0.000417205094761952
LOS,3,10,32,20261109,2.9618580273021,2.95488162108196,2.9618580273021,-0.0381419726978964,-0.0451183789180423,-0.0381419726978964,0,candidate_invalid,0.156340503890649,0.00675337522063132,51.7237081135253,0.000480043197796265,0.000404993002363518
LOS,3,10,33,20261109,3.00625639985441,3.14266905607347,3.00625639985441,0.00625639985440785,0.142669056073466,0.00625639985440785,0,insufficient_gain,0.427944194561468,0.266163355977446,7.36722505129443,0.000503766503948677,0.000288182553169314
LOS,3,10,34,20261109,2.98217919251321,2.98589158535276,2.98217919251321,-0.0178208074867867,-0.0141084146472372,-0.0178208074867867,0,candidate_invalid,0.154013999749494,0.00595880010803514,94.5374823597279,0.000410559508011277,0.000347327596047275
LOS,3,10,35,20261109,2.98618584949627,2.5124406981992,2.98618584949627,-0.0138141505037326,-0.487559301800801,-0.0138141505037326,0,insufficient_gain,0.151097716144264,0.128067895698199,15.9306195443016,0.000499465814529199,0.000423997670661702
LOS,3,10,36,20261109,3.01180709337369,3.0208016055998,3.01180709337369,0.0118070933736858,0.0208016055998037,0.0118070933736858,0,candidate_invalid,0.0513921857916945,0.00350245128892881,81.4763857988055,0.000463428296494373,0.000439611703379805
LOS,3,10,37,20261109,2.97245439687814,2.96034853150026,2.97245439687814,-0.0275456031218644,-0.03965146849974,-0.0275456031218644,0,candidate_invalid,0.283552866534471,0.00852445393450711,99.9999975626351,0.000487186941294349,0.000349043687552175
LOS,3,10,38,20261109,3.00968113117791,3.05746631322331,3.00968113117791,0.00968113117791081,0.0574663132233137,0.00968113117791081,0,insufficient_gain,0.199566938196364,0.047811515918474,14.5583461160683,0.000345601134563944,0.000276630574301828
LOS,3,10,39,20261109,2.96762259967788,1.96083883266838,2.96762259967788,-0.0323774003221184,-1.03916116733162,-0.0323774003221184,0,insufficient_gain,0.380946044358097,0.195013239691442,22.8581495315555,0.000397096834640509,0.000245824366257086
LOS,3,10,40,20261109,2.98261247002457,3.00733003755382,2.98261247002457,-0.0173875299754287,0.00733003755382278,-0.0173875299754287,0,insufficient_gain,0.0124899843200319,0.0472572853356034,7.14839818004836,0.000342696962951861,0.000338416683258069
LOS,3,10,41,20261109,2.92424403194621,2.45555636836734,2.92424403194621,-0.0757559680537936,-0.544443631632658,-0.0757559680537936,0,insufficient_gain,0.112834216100413,0.0921293144726174,21.1911353759231,0.000615673569975161,0.000546204525333271
LOS,3,10,42,20261109,2.9091261781036,2.89536181043174,2.9091261781036,-0.0908738218963983,-0.104638189568259,-0.0908738218963983,0,candidate_invalid,0.202487116979325,0.00731761637163624,99.9375289771266,0.000533480462783675,0.000425457541909813
LOS,3,10,43,20261109,3.00362300592998,3.0038605325195,3.00362300592998,0.00362300592997977,0.00386053251949647,0.00362300592997977,0,candidate_invalid,0.0632164394186663,0.00414912569890597,99.9999979150787,0.000473771700149062,0.00044382154016831
LOS,3,10,44,20261109,3.00983676313549,3.49207043347858,3.00983676313549,0.00983676313549209,0.492070433478579,0.00983676313549209,0,insufficient_gain,0.146981814042138,0.153520406204627,10.026130368942,0.000371228197118434,0.000316664403282374
LOS,3,10,45,20261109,2.98018658482164,3.81409599601713,2.98018658482164,-0.0198134151783638,0.814095996017128,-0.0198134151783638,0,insufficient_gain,0.353760680080642,0.167691297783393,15.9490461986316,0.000550523128611591,0.000355769692233832
LOS,3,10,46,20261109,3.01921195073287,3.01669950332236,3.01921195073287,0.0192119507328674,0.0166995033223634,0.0192119507328674,0,insufficient_gain,0.00109339608958573,0.0218001849161656,5.06311132275189,0.000364505913063917,0.000364107363723942
LOS,3,10,47,20261109,2.99172808127348,2.68968422792566,2.99172808127348,-0.00827191872652078,-0.310315772074343,-0.00827191872652078,0,insufficient_gain,0.0389738100845909,0.191342455148203,7.65813506436739,0.000381466722983337,0.000366599511368193
LOS,3,10,48,20261109,2.95160388808899,2.91958332638649,2.95160388808899,-0.0483961119110137,-0.080416673613505,-0.0483961119110137,0,insufficient_gain,0.00758673841204939,0.101753998731568,5.04018417223789,0.000614506420830718,0.000609844321363351
LOS,3,10,49,20261109,3.02612408844748,3.68946285416708,3.02612408844748,0.0261240884474789,0.689462854167082,0.0261240884474789,0,insufficient_gain,0.241164172593003,0.11773565995283,19.1102689107562,0.000377326066334005,0.000286328537748792
LOS,3,10,50,20261109,2.97023712495491,2.96844631476723,2.97023712495491,-0.0297628750450851,-0.0315536852327698,-0.0297628750450851,0,candidate_invalid,0.227784447844797,0.0071788196015323,99.9999997927993,0.000409955186879918,0.000316573770995365
LOS,5,10,1,20261109,4.95872052486053,5.73367419402048,4.95872052486053,-0.0412794751394658,0.73367419402048,-0.0412794751394658,0,insufficient_gain,0.124019894897959,0.159363255635461,14.9306409356931,0.00044949576754405,0.00039374934969616
LOS,5,10,2,20261109,5.00294975851472,5.00540079927623,5.00294975851472,0.00294975851471957,0.00540079927623083,0.00294975851471957,0,candidate_invalid,0.0134831478889151,0.00180539994843703,67.625300135202,0.000469306389389246,0.000462978661935898
LOS,5,10,3,20261109,5.02080384322191,5.4720356159111,5.02080384322191,0.0208038432219126,0.472035615911096,0.0208038432219126,0,insufficient_gain,0.0323030415878425,0.241324534849592,5.00419947513961,0.00026043088776162,0.000252018177963498
LOS,5,10,4,20261109,5.0232744142512,5.62514191888488,5.0232744142512,0.0232744142512029,0.625141918884875,0.0232744142512029,0,insufficient_gain,0.0172061392699886,0.177748600711781,9.76380717011549,0.000846221688844295,0.000831661480612755
LOS,5,10,5,20261109,5.0249932827557,5.03339323101443,5.0249932827557,0.0249932827556973,0.0333932310144309,0.0249932827556973,0,candidate_invalid,0.0361230148783992,0.00272116580557643,99.9674020705734,0.000236209541884635,0.000227676941088717
LOS,5,10,6,20261109,5.02977560674162,5.02455399233504,5.02977560674162,0.0297756067416239,0.0245539923350373,0.0297756067416239,0,candidate_invalid,0.126468691037098,0.00414563484659152,99.9008207184305,0.000228474406059886,0.000199579546990014
LOS,5,10,7,20261109,4.97236649285222,4.91077315961273,4.97236649285222,-0.0276335071477769,-0.0892268403872656,-0.0276335071477769,0,insufficient_gain,0.0326921515101997,0.0312546030015746,11.508613697209,0.000319490105780584,0.000309045286836396
LOS,5,10,8,20261109,5.0496914457018,4.9082111996236,5.0496914457018,0.0496914457017965,-0.0917888003763991,0.0496914457017965,0,candidate_invalid,0.371870259864579,0.0197709829073027,45.6554551523117,0.000286696447985069,0.00018008256537061
LOS,5,10,9,20261109,4.97243317497511,4.80323500182774,4.97243317497511,-0.027566825024893,-0.196764998172265,-0.027566825024893,0,insufficient_gain,0.0161148886846218,0.0557042950408199,11.2535972424234,0.000590874445880907,0.000581352569958948
LOS,5,10,10,20261109,5.02540813568045,4.55489423572514,5.02540813568045,0.0254081356804514,-0.445105764274864,0.0254081356804514,0,insufficient_gain,0.198034030215066,0.0909496295806775,21.3410554465768,0.000321542749115888,0.000257866342622037
LOS,5,10,11,20261109,4.93460333722352,4.87777583081598,4.93460333722352,-0.0653966627764753,-0.122224169184015,-0.0653966627764753,0,candidate_invalid,0.0274191473469124,0.00828272547320384,39.6373699774546,0.000492201315972274,0.000478705575565286
LOS,5,10,12,20261109,4.99466595879092,4.98799513161869,4.99466595879092,-0.00533404120908187,-0.012004868381311,-0.00533404120908187,0,candidate_invalid,0.0989975763051312,0.00447070536692619,99.9999997022922,0.000366956686227438,0.000330628863681959
LOS,5,10,13,20261109,5.03917927703135,5.04928362701643,5.03917927703135,0.0391792770313515,0.0492836270164307,0.0391792770313515,0,candidate_invalid,0.30921815849042,0.00584503321257251,99.9523776468837,0.000212539086005492,0.000146818141223637
LOS,5,10,14,20261109,4.90087541594429,5.23857051314264,4.90087541594429,-0.0991245840557111,0.238570513142641,-0.0991245840557111,0,insufficient_gain,0.210411465667615,0.0524843053469342,25.5207516804694,0.000352352385359911,0.000278213403524852
LOS,5,10,15,20261109,4.97729182964369,4.85395863926827,4.97729182964369,-0.0227081703563075,-0.146041360731733,-0.0227081703563075,0,insufficient_gain,0.0116628040033173,0.104792418235725,6.55094651147462,0.000700770606416379,0.000692597656182459
LOS,5,10,16,20261109,5.01719934260853,5.85821060448939,5.01719934260853,0.0171993426085315,0.858210604489392,0.0171993426085315,0,insufficient_gain,0.105133593149234,0.166188923516231,15.7682429607237,0.000762535918526819,0.000682367777506743
LOS,5,10,17,20261109,4.91410605029166,4.87193137199365,4.91410605029166,-0.08589394970834,-0.12806862800635,-0.08589394970834,0,candidate_invalid,0.0136602611312321,0.0136817064251532,16.9001815079205,0.000416791388137661,0.000411097908938451
LOS,5,10,18,20261109,4.98138659797543,5.58814695829451,4.98138659797543,-0.0186134020245712,0.588146958294509,-0.0186134020245712,0,insufficient_gain,0.167685399516346,0.134040514667288,14.4042173279198,0.000276466990644542,0.00023010751286523
LOS,5,10,19,20261109,5.02149731510062,4.85419425020108,5.02149731510062,0.0214973151006186,-0.14580574979892,0.0214973151006186,0,insufficient_gain,0.116572427311505,0.0238651778123163,34.8811792320101,0.000447239074299111,0.000395103329819513
LOS,5,10,20,20261109,5.01453490765371,4.9375273010631,5.01453490765371,0.014534907653708,-0.0624726989369009,0.014534907653708,0,insufficient_gain,0.00624967462145369,0.0776542357887479,5.0146178355776,0.000362319510353037,0.000360055131304327
LOS,5,10,21,20261109,5.02096887144091,5.80149169404467,5.02096887144091,0.0209688714409122,0.801491694044669,0.0209688714409122,0,insufficient_gain,0.0660250720710484,0.171987608246178,13.5607296410865,0.000557718552833819,0.000520895145187605
LOS,5,10,22,20261109,4.98915481673369,4.99180868220276,4.98915481673369,-0.0108451832663103,-0.0081913177972428,-0.0108451832663103,0,candidate_invalid,0.262036616701247,0.0103554092210504,94.3046749013967,0.00071900576714623,0.000530599928534548
LOS,5,10,23,20261109,4.95971005923807,5.01401635486566,4.95971005923807,-0.0402899407619319,0.014016354865662,-0.0402899407619319,0,insufficient_gain,0.00737896700523233,0.05506411780625,5.837214836348,0.000347427105590992,0.000344863452442112
LOS,5,10,24,20261109,4.97818368347257,4.96552684817578,4.97818368347257,-0.0218163165274312,-0.0344731518242227,-0.0218163165274312,0,insufficient_gain,0.00241718353247474,0.0895605749110309,5.02453457717888,0.000707369840141192,0.000705659997412234
LOS,5,10,25,20261109,5.01464947602503,4.35578341612951,5.01464947602503,0.0146494760250251,-0.64421658387049,0.0146494760250251,0,insufficient_gain,0.418644964360559,0.100621722227604,28.8783224695964,0.000411756299927291,0.000239376598418994
LOS,5,10,26,20261109,4.95460656650358,4.815758842086,4.95460656650358,-0.0453934334964217,-0.184241157914,-0.0453934334964217,0,insufficient_gain,0.112125053994501,0.0218021693978043,29.4449216690577,0.000322693442739164,0.000286511423048363
LOS,5,10,27,20261109,4.97938513167494,4.1973186332626,4.97938513167494,-0.02061486832506,-0.802681366737403,-0.02061486832506,0,insufficient_gain,0.129192445628808,0.16530577353152,19.9140584137341,0.00062809671607833,0.000546951365236747
LOS,5,10,28,20261109,4.94487446950005,4.98016428624341,4.94487446950005,-0.0551255304999518,-0.0198357137565939,-0.0551255304999518,0,candidate_invalid,0.225311587445918,0.00752940363456799,46.5383224451955,0.00025234035042998,0.000195485145497942
LOS,5,10,29,20261109,5.00458338859563,4.9969416087158,5.00458338859563,0.00458338859562879,-0.00305839128420082,0.00458338859562879,0,candidate_invalid,0.473188393883453,0.0129932058293297,99.8889271626318,0.000625561105044081,0.000329552850472314
LOS,5,10,30,20261109,5.01382366069782,5.05238355408035,5.01382366069782,0.013823660697823,0.0523835540803521,0.013823660697823,0,insufficient_gain,0.00160292824335475,0.0286232663805548,6.2396415862409,0.000578103710856981,0.00057717705209126
LOS,5,10,31,20261109,4.99685365152923,4.9368879504997,4.99685365152923,-0.00314634847076611,-0.0631120495002957,-0.00314634847076611,0,insufficient_gain,0.0217722115678504,0.0463753077167579,9.06519829605174,0.000369907859192109,0.000361854147021168
LOS,5,10,32,20261109,4.98995996552314,4.16957739177441,4.98995996552314,-0.0100400344768623,-0.830422608225594,-0.0100400344768623,0,insufficient_gain,0.338003552530504,0.166742293970775,21.6398004646166,0.000604004176980588,0.000399848619417886
LOS,5,10,33,20261109,4.97658990725686,5.50940101166561,4.97658990725686,-0.0234100927431422,0.509401011665606,-0.0234100927431422,0,insufficient_gain,0.00942282486475024,0.142082920609452,11.2461538442198,0.000755823503999942,0.000748701511493088
LOS,5,10,34,20261109,4.95502808865022,4.94972762315277,4.95502808865022,-0.0449719113497773,-0.0502723768472286,-0.0449719113497773,0,candidate_invalid,0.0277712072288278,0.00253384475498536,55.0090671510304,0.000308186419887058,0.000299627710955264
LOS,5,10,35,20261109,4.9496076213731,5.08300552993774,4.9496076213731,-0.0503923786269045,0.0830055299377435,-0.0503923786269045,0,insufficient_gain,0.203359212726027,0.0284044381483443,22.5069948353663,0.000294245088414247,0.000234407638885825
LOS,5,10,36,20261109,5.02487428782658,5.02713461546484,5.02487428782658,0.0248742878265764,0.027134615464842,0.0248742878265764,0,candidate_invalid,0.0289011560457523,0.00172792869829746,84.6922563059866,0.000180458510769865,0.000175243051190321
LOS,5,10,37,20261109,5.01397139940774,4.72273326714677,5.01397139940774,0.0139713994077404,-0.277266732853235,0.0139713994077404,0,insufficient_gain,0.285353963808755,0.044390182774877,30.6088102914938,0.00052384222816082,0.00037436177194472
LOS,5,10,38,20261109,5.00728658032625,5.00722387901861,5.00728658032625,0.00728658032624718,0.00722387901860522,0.00728658032624718,0,candidate_invalid,0.0953537939340504,0.00380292068575667,69.563498368029,0.000365699833172917,0.00033082896663883
LOS,5,10,39,20261109,4.91400206371539,4.49778106767444,4.91400206371539,-0.0859979362846053,-0.502218932325558,-0.0859979362846053,0,insufficient_gain,0.283320390181481,0.0779504161929765,23.5160211019274,0.00047057859446431,0.000337254083469629
LOS,5,10,40,20261109,4.90125984456437,4.91691458371118,4.90125984456437,-0.0987401554356309,-0.0830854162888226,-0.0987401554356309,0,candidate_invalid,0.20574884864053,0.00944623932305419,99.7766724333079,0.000769060125878518,0.000610826890443672
LOS,5,10,41,20261109,4.97027070227526,5.6320742327287,4.97027070227526,-0.0297292977247432,0.632074232728701,-0.0297292977247432,0,insufficient_gain,0.109759013524939,0.189170125846897,10.5063872362712,0.000703669976874099,0.000626435854365281
LOS,5,10,42,20261109,5.03906301843883,5.66738761913073,5.03906301843883,0.0390630184388279,0.667387619130732,0.0390630184388279,0,insufficient_gain,0.0565184445380281,0.140658599502429,13.9443143553209,0.000427201235500441,0.000403056486165232
LOS,5,10,43,20261109,4.97214721039668,4.65865645594362,4.97214721039668,-0.0278527896033181,-0.341343544056377,-0.0278527896033181,0,insufficient_gain,0.178971734217263,0.0504384609192526,28.1306738577357,0.000456252533298951,0.000374596226173418
LOS,5,10,44,20261109,4.9995332874942,5.83681216118957,4.9995332874942,-0.000466712505803102,0.836812161189572,-0.000466712505803102,0,insufficient_gain,0.249113199882779,0.166419200712501,15.5732528888631,0.000306757196026242,0.000230339929337076
LOS,5,10,45,20261109,5.01029335165677,5.0189502520201,5.01029335165677,0.0102933516567703,0.0189502520200957,0.0102933516567703,0,candidate_invalid,0.0921484159515942,0.00353038814402749,99.1557836037978,0.000342272132189514,0.000310732297383876
LOS,5,10,46,20261109,4.99651416581465,4.98513145339684,4.99651416581465,-0.0034858341853532,-0.0148685466031573,-0.0034858341853532,0,candidate_invalid,0.0564927781019083,0.00354020125542628,53.7369087493421,0.00026346626935414,0.000248582327862179
LOS,5,10,47,20261109,5.01690032898242,5.42061847762618,5.01690032898242,0.0169003289824214,0.420618477626185,0.0169003289824214,0,insufficient_gain,0.161964306086338,0.0927351132458638,15.6712980840031,0.000460727603701194,0.000386106177072909
LOS,5,10,48,20261109,4.99228911483208,5.30796413214651,4.99228911483208,-0.00771088516791885,0.307964132146509,-0.00771088516791885,0,insufficient_gain,0.0464133138130085,0.12312672510199,8.1042263028558,0.000203653475485011,0.000194201242818215
LOS,5,10,49,20261109,4.96206691520823,4.94174899502826,4.96206691520823,-0.0379330847917725,-0.0582510049717442,-0.0379330847917725,0,candidate_invalid,0.0447660607398916,0.00453684014956981,58.8331361123831,0.000462394007975542,0.000441694449728747
LOS,5,10,50,20261109,5.04211193583799,5.56834483750439,5.04211193583799,0.0421119358379931,0.568344837504394,0.0421119358379931,0,insufficient_gain,0.0932083676612661,0.0977298237969591,18.3438550925183,0.000414169266913955,0.000375565225609442
LOS,10,10,1,20261109,9.96841904990446,10.469000871962,9.96841904990446,-0.0315809500955435,0.469000871961956,-0.0315809500955435,0,insufficient_gain,0.124988987890302,0.288524107852939,5.0004179358865,0.000369168238135043,0.000323026273689297
LOS,10,10,2,20261109,9.92480643829913,8.87350948674168,9.92480643829913,-0.075193561700873,-1.12649051325832,-0.075193561700873,0,insufficient_gain,0.174071661401033,0.247677666342469,18.8269819307648,0.000533487693957779,0.000440622604733543
LOS,10,10,3,20261109,10.0034452729163,9.59735430281565,10.0034452729163,0.00344527291629859,-0.402645697184354,0.00344527291629859,0,insufficient_gain,0.150355165443224,0.0608097134672687,29.8481620713326,0.000593916047494814,0.000504617701914345
LOS,10,10,4,20261109,10.0456790959096,9.96123025109905,10.0456790959096,0.045679095909632,-0.0387697489009522,0.045679095909632,0,insufficient_gain,0.0151129667292123,0.0662547165743065,7.35379764298274,0.000547859904445058,0.000539580115936911
LOS,10,10,5,20261109,9.93105147037721,10.3803977640179,9.93105147037721,-0.0689485296227925,0.380397764017868,-0.0689485296227925,0,insufficient_gain,0.0588585342142934,0.127834688204799,11.2168598629092,0.000496941731768841,0.000467692469847014
LOS,10,10,6,20261109,10.0654088983117,9.81567496934425,10.0654088983117,0.0654088983116861,-0.184325030655753,0.0654088983116861,0,insufficient_gain,0.0860853352653505,0.0362579224576713,31.8173217720723,0.000637136805409888,0.000582288669906283
LOS,10,10,7,20261109,10.005933978111,9.9796325139442,10.005933978111,0.00593397811095997,-0.0203674860558003,0.00593397811095997,0,insufficient_gain,0.186243929351872,0.213841866135647,6.46441729383428,0.000293054230694478,0.000238474659256749
LOS,10,10,8,20261109,9.95488865465677,10.5166625450346,9.95488865465677,-0.0451113453432317,0.516662545034606,-0.0451113453432317,0,insufficient_gain,0.142765441720137,0.160129377196968,11.1699487960187,0.000625849243767185,0.000536499600030549
LOS,10,10,9,20261109,9.95167350117796,8.95084397857642,9.95167350117796,-0.0483264988220391,-1.04915602142358,-0.0483264988220391,0,insufficient_gain,0.0346307125784033,0.329539381936226,13.6367790295112,0.000289306320943927,0.000279287436896203
LOS,10,10,10,20261109,10.0450065234855,10.7393636549933,10.0450065234855,0.0450065234855401,0.739363654993333,0.0450065234855401,0,insufficient_gain,0.0582540301391253,0.185516834490094,10.7530075676967,0.000222677123742798,0.000209705283864992
LOS,10,10,11,20261109,9.96191706740256,10.9490055277208,9.96191706740256,-0.0380829325974386,0.949005527720768,-0.0380829325974386,0,insufficient_gain,0.203933112566837,0.192376998602513,15.7318290371361,0.000787894622721552,0.000627216819935272
LOS,10,10,12,20261109,10.0463842487841,10.051165188316,10.0463842487841,0.0463842487840651,0.0511651883159914,0.0463842487840651,0,candidate_invalid,0.0714684744265037,0.00393736381890641,85.2234347014084,0.000411849806680964,0.000382415529304625
LOS,10,10,13,20261109,9.99263913644093,10.2981216303858,9.99263913644093,-0.00736086355906984,0.298121630385779,-0.00736086355906984,0,insufficient_gain,0.246276815033912,0.102751207788615,14.9251397720956,0.00112948552958603,0.000851319430732689
LOS,10,10,14,20261109,9.98960524570429,9.73058786793455,9.98960524570429,-0.0103947542957101,-0.269412132065447,-0.0103947542957101,0,insufficient_gain,0.085157056511201,0.0415184994376927,26.0277462608041,0.000252577140571253,0.000231068414738189
LOS,10,10,15,20261109,9.99908250371273,9.45458588416002,9.99908250371273,-0.000917496287266673,-0.545414115839979,-0.000917496287266673,0,insufficient_gain,0.468929695198665,0.0844978192816994,29.287724709325,0.000442876051907293,0.000235198319875618
LOS,10,10,16,20261109,10.0632525573742,10.0666178117519,10.0632525573742,0.0632525573742484,0.0666178117518683,0.0632525573742484,0,candidate_invalid,2.21958795481533e-11,5.83382556546915e-12,18.7217297677903,0.000250096650195042,0.000250096650189491
LOS,10,10,17,20261109,9.94066584891902,9.96329376702975,9.94066584891902,-0.0593341510809786,-0.0367062329702499,-0.0593341510809786,0,candidate_invalid,0.091664518783437,0.00686978224242577,32.8823141296398,0.000239454176958587,0.000217504725056994
LOS,10,10,18,20261109,10.0177125413072,10.2965298319004,10.0177125413072,0.0177125413071817,0.296529831900411,0.0177125413071817,0,insufficient_gain,0.00277505816393165,0.168220938091872,5.03539166345842,0.00034354688966709,0.000342593527066226
LOS,10,10,19,20261109,10.0034733751682,9.99581949967286,10.0034733751682,0.00347337516822854,-0.00418050032713957,0.00347337516822854,0,candidate_invalid,0.354389974360176,0.00803839449243118,99.9549956693306,0.000393913872802409,0.000254314745519846
LOS,10,10,20,20261109,9.97753218368017,9.99550599451883,9.97753218368017,-0.0224678163198284,-0.00449400548117396,-0.0224678163198284,0,candidate_invalid,0.137556047948653,0.00605894239213713,99.9999856602754,0.000477538882428963,0.000411850521020218
LOS,10,10,21,20261109,10.0464104482511,10.0445782841302,10.0464104482511,0.0464104482510681,0.04457828413023,0.0464104482510681,0,candidate_invalid,0.0227433736274386,0.00260649378349357,63.650089980903,0.000491633555078863,0.000480452149447919
LOS,10,10,22,20261109,10.0424665628173,10.050274954432,10.0424665628173,0.0424665628172551,0.0502749544319983,0.0424665628172551,0,candidate_invalid,0.151118428805776,0.00531517827987219,99.6851345264105,0.000476157369852848,0.000404201216256395
LOS,10,10,23,20261109,10.0039574116415,9.54200634689725,10.0039574116415,0.00395741164146557,-0.457993653102745,0.00395741164146557,0,insufficient_gain,0.246676862028957,0.0775910954839539,25.9076739622841,0.000481422872629311,0.000362666989100147
LOS,10,10,24,20261109,10.0056066598028,9.72936199075719,10.0056066598028,0.0056066598027904,-0.270638009242809,0.0056066598027904,0,insufficient_gain,0.156707073068279,0.0681167704858253,17.355316061855,0.000271871774463861,0.00022926754443775
LOS,10,10,25,20261109,9.93943437328103,9.93549421922177,9.93943437328103,-0.0605656267189669,-0.0645057807782301,-0.0605656267189669,0,candidate_invalid,0.163810816586826,0.00508368175426285,99.9985203892713,0.000280201484502474,0.000234301450517282
LOS,10,10,26,20261109,9.99233252209429,9.50822367342137,9.99233252209429,-0.00766747790570577,-0.491776326578634,-0.00766747790570577,0,insufficient_gain,0.113840616146334,0.130689688405712,14.6053084437589,0.000493225648335649,0.000437076536629943
LOS,10,10,27,20261109,10.0155564075777,10.6647196120875,10.0155564075777,0.0155564075776571,0.664719612087477,0.0155564075776571,0,insufficient_gain,0.129075353537668,0.278203750237437,6.33104426183039,0.000515571903158429,0.000449024277484167
LOS,10,10,28,20261109,10.0515958486715,9.71047220765207,10.0515958486715,0.0515958486715338,-0.289527792347933,0.0515958486715338,0,insufficient_gain,0.0492957953169402,0.0667553749442016,21.1341282910669,0.000963801297008349,0.000916289945544824
LOS,10,10,29,20261109,10.0610774724732,10.2025154305156,10.0610774724732,0.0610774724732295,0.202515430515582,0.0610774724732295,0,insufficient_gain,0.10765350487632,0.0847126650207925,10.6135694479649,0.000577142625083571,0.000515011198679804
LOS,10,10,30,20261109,10.052917743974,10.5300626999983,10.052917743974,0.0529177439739783,0.530062699998322,0.0529177439739783,0,insufficient_gain,0.0376301324626966,0.0969211383099517,16.3818230704652,0.000530057383815175,0.000510111254249379
LOS,10,10,31,20261109,9.98054968583109,9.86991712348831,9.98054968583109,-0.0194503141689069,-0.130082876511693,-0.0194503141689069,0,candidate_invalid,0.122950996022252,0.0168730580617337,34.9063712491643,0.000395465693642683,0.000346842792716684
LOS,10,10,32,20261109,10.0147505096365,9.84341228689962,10.0147505096365,0.0147505096365332,-0.156587713100375,0.0147505096365332,0,insufficient_gain,0.0287346376745177,0.0304961298031702,24.3272822144905,0.000784994379978921,0.000762437850893694
LOS,10,10,33,20261109,9.960763546599,9.96179665235629,9.960763546599,-0.0392364534009992,-0.0382033476437087,-0.0392364534009992,0,candidate_invalid,0.127435851685594,0.00330491819636543,99.7434096363337,0.000379113971759715,0.000330801259882607
LOS,10,10,34,20261109,9.98564933337759,10.7204295445641,9.98564933337759,-0.0143506666224074,0.720429544564066,-0.0143506666224074,0,insufficient_gain,0.0972583599466282,0.254550874770791,7.59033786961971,0.000385844626785925,0.000348318011190507
LOS,10,10,35,20261109,9.99858197260315,9.98027832253477,9.99858197260315,-0.00141802739685026,-0.0197216774652311,-0.00141802739685026,0,candidate_invalid,0.00505785608751019,0.0021067967531193,42.83070570875,0.000357818147442179,0.000356008354746917
LOS,10,10,36,20261109,9.99117251726077,9.99235205552782,9.99117251726077,-0.00882748273923362,-0.00764794447217909,-0.00882748273923362,0,candidate_invalid,0.160563364941103,0.0053644843697222,96.0451487227509,0.000412600317676759,0.00034635182229481
LOS,10,10,37,20261109,9.95683597386245,9.95622054813634,9.95683597386245,-0.0431640261375481,-0.0437794518636636,-0.0431640261375481,0,candidate_invalid,0.000171091932234611,0.000379401512658149,31.6550506792623,0.000247517048458379,0.000247474700288297
LOS,10,10,38,20261109,9.95403220575356,10.6788943482171,9.95403220575356,-0.045967794246442,0.678894348217085,-0.045967794246442,0,insufficient_gain,0.137604437775894,0.17180060450481,12.8384776547167,0.000497777241948327,0.000429280884432393
LOS,10,10,39,20261109,9.9799612237156,10.3473633538452,9.9799612237156,-0.0200387762843999,0.347363353845154,-0.0200387762843999,0,insufficient_gain,0.018557676011527,0.207521705458356,5.3372966945156,0.000738319794927333,0.000724618295380175
LOS,10,10,40,20261109,9.96069629104504,9.54777572291195,9.96069629104504,-0.0393037089549644,-0.45222427708805,-0.0393037089549644,0,insufficient_gain,0.405879632862915,0.0769400382914102,23.9171723728742,0.00036801418280108,0.000218644721397432
LOS,10,10,41,20261109,10.0450141868428,10.841586285521,10.0450141868428,0.0450141868427956,0.841586285520965,0.0450141868427956,0,insufficient_gain,0.182985803622706,0.166612565076125,14.9735234605882,0.000451034400158701,0.000368501507984176
LOS,10,10,42,20261109,10.0409907232758,10.0480026790095,10.0409907232758,0.040990723275808,0.0480026790094872,0.040990723275808,0,candidate_invalid,0.083478359590805,0.0057962660108523,87.5645423948389,0.000781526617404271,0.000716286057406812
LOS,10,10,43,20261109,10.0624858195206,10.7351647136274,10.0624858195206,0.0624858195205533,0.735164713627437,0.0624858195205533,0,insufficient_gain,0.0480466768196237,0.176945360201176,11.1761307642921,0.000458788022091206,0.000436744782265075
LOS,10,10,44,20261109,10.0265821074389,9.52368912451735,10.0265821074389,0.0265821074388644,-0.476310875482648,0.0265821074388644,0,insufficient_gain,0.144198118701646,0.0840497499697807,25.2182712357935,0.000379293551613813,0.000324600135035435
LOS,10,10,45,20261109,9.98267306853787,9.98066511345344,9.98267306853787,-0.0173269314621294,-0.0193348865465612,-0.0173269314621294,0,candidate_invalid,0.429457805368147,0.012591014140838,77.9444914686567,0.000750419248247702,0.000428145844789229
LOS,10,10,46,20261109,9.97104742491983,9.65370286108127,9.97104742491983,-0.0289525750801705,-0.346297138918732,-0.0289525750801705,0,insufficient_gain,0.043660431058377,0.17684221444065,8.7019498689917,0.000567101052327379,0.000542341175929106
LOS,10,10,47,20261109,10.0118456646565,9.93491930723801,10.0118456646565,0.011845664656482,-0.0650806927619882,0.011845664656482,0,candidate_invalid,0.0424169201623444,0.0109685556044694,43.7074209863639,0.000700315664877271,0.000670610431231733
LOS,10,10,48,20261109,10.0156171526901,10.1427770895148,10.0156171526901,0.0156171526901154,0.142777089514766,0.0156171526901154,0,insufficient_gain,0.00133185818456307,0.084607796679698,5.00636508131588,0.000272870015139759,0.000272506590976773
LOS,10,10,49,20261109,9.9784340560652,10.2416526162168,9.9784340560652,-0.0215659439348048,0.241652616216815,-0.0215659439348048,0,insufficient_gain,0.0338576477795389,0.2033632018419,5.00000351517176,0.000469106707556399,0.000453223857880936
LOS,10,10,50,20261109,9.95812406869403,10.5814364948281,9.95812406869403,-0.0418759313059738,0.581436494828051,-0.0418759313059738,0,insufficient_gain,0.0305007099960474,0.230637789144605,7.30931838278713,0.000600002652587639,0.000581702145684204
LOS,15,10,1,20261109,14.9766626789578,15.545497354332,14.9766626789578,-0.0233373210422432,0.545497354332035,-0.0233373210422432,0,insufficient_gain,0.157192309227414,0.111951263318129,17.1628056871279,0.000407049060507703,0.000343064078717648
LOS,15,10,2,20261109,15.0159163997749,15.5470382693572,15.0159163997749,0.0159163997748912,0.547038269357248,0.0159163997748912,0,insufficient_gain,0.153733519083997,0.0960588563435581,19.6019954980506,0.000551933386892411,0.000467082725025492
LOS,15,10,3,20261109,14.994875874954,15.4693007726462,14.994875874954,-0.00512412504601478,0.469300772646157,-0.00512412504601478,0,insufficient_gain,0.0216116914037214,0.136798197148514,10.5432635833202,0.000309900788871831,0.000303203308656963
LOS,15,10,4,20261109,14.9833128458578,14.9768682407998,14.9833128458578,-0.0166871541421791,-0.023131759200183,-0.0166871541421791,0,candidate_invalid,0.353143720533547,0.00754769468638041,99.9887054668448,0.000568906557013138,0.000368000778833588
LOS,15,10,5,20261109,14.8969666203158,15.3327805235453,14.8969666203158,-0.103033379684213,0.332780523545253,-0.103033379684213,0,insufficient_gain,0.0598067611578455,0.124503851635323,11.3536395373394,0.000612648730086596,0.000576008193812649
LOS,15,10,6,20261109,14.9328369212645,14.32021278804,14.9328369212645,-0.067163078735474,-0.679787211959955,-0.067163078735474,0,insufficient_gain,0.135532736792065,0.103609472201952,25.1325446637052,0.00065812444368607,0.000568927036683542
LOS,15,10,7,20261109,14.9153743963216,14.8449274598923,14.9153743963216,-0.0846256036783792,-0.155072540107724,-0.0846256036783792,0,insufficient_gain,0.0106785614577973,0.0893050822586709,5.43719148051575,0.000293912896422333,0.000290774329494647
LOS,15,10,8,20261109,14.9395328449174,14.5926609476524,14.9395328449174,-0.0604671550825522,-0.407339052347631,-0.0604671550825522,0,insufficient_gain,0.137598387218507,0.142359913671865,11.8789141647321,0.000423360934124428,0.000365107152377586
LOS,15,10,9,20261109,14.978489995334,15.287521632495,14.978489995334,-0.021510004666041,0.28752163249499,-0.021510004666041,0,insufficient_gain,0.16469118942302,0.152692810404683,7.69803471617426,0.000279545981560991,0.000233507221359286
LOS,15,10,10,20261109,14.9600962477852,15.0143044239968,14.9600962477852,-0.0399037522147978,0.0143044239968191,-0.0399037522147978,0,candidate_invalid,0.255656467641815,0.0122482280053971,64.7686597490983,0.000563309725330585,0.000419295950764287
LOS,15,10,11,20261109,14.9422155690743,14.9414514852176,14.9422155690743,-0.0577844309256523,-0.0585485147823803,-0.0577844309256523,0,candidate_invalid,0.317198907664374,0.00687801505283773,83.9528232683391,0.000263518447529476,0.000179930683823715
LOS,15,10,12,20261109,14.9568645380792,14.9082208954358,14.9568645380792,-0.043135461920782,-0.0917791045641749,-0.043135461920782,0,candidate_invalid,0.0222156016045333,0.010834046958049,19.2063628402572,0.000492625587569462,0.00048168161377582
LOS,15,10,13,20261109,15.0933164335605,14.8194476456803,15.0933164335605,0.0933164335604602,-0.180552354319728,0.0933164335604602,0,insufficient_gain,0.0198165774333601,0.10243278751384,10.4756430775421,0.000273074562343156,0.000267663159133402
LOS,15,10,14,20261109,14.9851066588349,15.3312156288456,14.9851066588349,-0.0148933411651271,0.331215628845626,-0.0148933411651271,0,insufficient_gain,0.0484887401842389,0.214164951185133,5.49198468703783,0.000623322904259815,0.000593098761904276
LOS,15,10,15,20261109,14.970379607817,14.9807208692842,14.970379607817,-0.0296203921829843,-0.0192791307157734,-0.0296203921829843,0,candidate_invalid,7.69257841288319e-12,1.06587445506148e-12,13.7700160049918,0.000202053479477327,0.000202053479475772
LOS,15,10,16,20261109,15.0405718021608,15.3035064632852,15.0405718021608,0.0405718021607804,0.303506463285176,0.0405718021607804,0,insufficient_gain,0.0440891868892314,0.195415708965927,5.000000151555,0.000321236527155655,0.000307073469874242
LOS,15,10,17,20261109,14.9870508996557,14.9423447488362,14.9870508996557,-0.0129491003443185,-0.0576552511637978,-0.0129491003443185,0,insufficient_gain,0.12909053206371,0.267837913434276,5.36678959856582,0.000357496460499984,0.000311347052203148
LOS,15,10,18,20261109,14.9688419303596,15.557530046645,14.9688419303596,-0.0311580696403801,0.557530046645006,-0.0311580696403801,0,insufficient_gain,0.150678064278774,0.132332918212096,14.1071124234555,0.00024245608349327,0.000205923270159891
LOS,15,10,19,20261109,15.0412739307227,14.9922018414207,15.0412739307227,0.0412739307226833,-0.00779815857928057,0.0412739307226833,0,insufficient_gain,0.0128130946049676,0.0521578475906585,7.58627330623049,0.000363914822076428,0.000359251947033012
LOS,15,10,20,20261109,14.942689169357,15.0999437549032,14.942689169357,-0.0573108306430203,0.0999437549031654,-0.0573108306430203,0,insufficient_gain,0.125854450981078,0.182570765313603,5.18697077095241,0.000199124542854756,0.000174063832836913
LOS,15,10,21,20261109,14.9758938247252,14.9847617919931,14.9758938247252,-0.0241061752747704,-0.0152382080069451,-0.0241061752747704,0,candidate_invalid,0.319335557801473,0.00962887286590003,99.8578898409576,0.000516449844863542,0.000351529045577559
LOS,15,10,22,20261109,14.9852434369021,14.9401439607129,14.9852434369021,-0.0147565630978512,-0.0598560392870624,-0.0147565630978512,0,candidate_invalid,0.0220491757816031,0.00693246824653528,40.9613236264199,0.000640179610481573,0.000626064177718266
LOS,15,10,23,20261109,15.0614640763632,14.9676771024471,15.0614640763632,0.061464076363217,-0.0323228975529197,0.061464076363217,0,insufficient_gain,0.0112695755187688,0.0459034044693419,9.15622525930261,0.00063222582815281,0.000625100911437526
LOS,15,10,24,20261109,14.9548505828818,15.3883145897035,14.9548505828818,-0.0451494171181874,0.388314589703501,-0.0451494171181874,0,insufficient_gain,0.00381081544806645,0.230597072936312,5.00037704484707,0.000495161561105073,0.000493274591778725
LOS,15,10,25,20261109,15.0094339322488,15.0071455580297,15.0094339322488,0.00943393224878086,0.0071455580296913,0.00943393224878086,0,candidate_invalid,8.13106568317774e-12,4.69482442653161e-15,76.3733592687144,0.000600779959071929,0.000600779959067044
LOS,15,10,26,20261109,14.9670199833639,14.7411464901497,14.9670199833639,-0.0329800166360705,-0.258853509850315,-0.0329800166360705,0,insufficient_gain,0.0711908359584065,0.0371559604600256,25.3673390343384,0.000209636815427405,0.00019471259528947
LOS,15,10,27,20261109,14.9654811172736,15.4827480157711,14.9654811172736,-0.0345188827263598,0.482748015771111,-0.0345188827263598,0,insufficient_gain,0.0670269539003137,0.195807216245516,7.82709831061027,0.000509073697389173,0.000474952038142407
LOS,15,10,28,20261109,15.0043267443155,14.9605620590675,15.0043267443155,0.00432674431545621,-0.0394379409324763,0.00432674431545621,0,insufficient_gain,0.00306941209668274,0.0642073765440717,5.37456757573057,0.000415870359872894,0.000414593882359648
LOS,15,10,29,20261109,14.9635600615731,14.7383879960977,14.9635600615731,-0.0364399384268843,-0.261612003902343,-0.0364399384268843,0,insufficient_gain,0.153409817987813,0.0325209578799377,33.7467067381145,0.000374301708217839,0.000316880151287613
LOS,15,10,30,20261109,15.0324941530807,15.0410823552117,15.0324941530807,0.0324941530806839,0.0410823552116533,0.0324941530806839,0,candidate_invalid,0.476800633545221,0.00941118677872071,93.2621138138034,0.000355527454722671,0.000186011739068181
LOS,15,10,31,20261109,15.0145716752675,15.8277202925914,15.0145716752675,0.0145716752675416,0.827720292591355,0.0145716752675416,0,insufficient_gain,0.10081541074777,0.178258692128819,13.6759078967609,0.000439216176886692,0.000394936417606795
LOS,15,10,32,20261109,14.9239027810166,14.2273886372894,14.9239027810166,-0.0760972189833797,-0.772611362710567,-0.0760972189833797,0,insufficient_gain,0.116526813793942,0.132148441516632,22.4170675127871,0.000618760869421031,0.000546658636807029
LOS,15,10,33,20261109,14.9592319788275,14.971980658076,14.9592319788275,-0.0407680211724806,-0.0280193419239581,-0.0407680211724806,0,candidate_invalid,0.375071173350446,0.00995956278213068,99.9925245632827,0.000465508028182571,0.000290909385848082
LOS,15,10,34,20261109,14.9938150679205,14.5858795311501,14.9938150679205,-0.00618493207950443,-0.414120468849866,-0.00618493207950443,0,insufficient_gain,0.226668899294641,0.231320967167923,9.1683252419145,0.00021236379885603,0.000164227530319305
LOS,15,10,35,20261109,15.0336626058374,15.0233368770661,15.0336626058374,0.0336626058374048,0.0233368770661144,0.0336626058374048,0,insufficient_gain,0.0968291400913662,0.261924963000815,5.17270846743185,0.000489709653953785,0.000442291489266999
LOS,15,10,36,20261109,15.0319967418917,15.0372107380566,15.0319967418917,0.0319967418916765,0.0372107380565723,0.0319967418916765,0,candidate_invalid,0.0873923877882416,0.0067023925440396,99.7652821229592,0.000754431274093914,0.000688499723628722
LOS,15,10,37,20261109,15.0206789048868,14.7557968873881,15.0206789048868,0.0206789048868217,-0.244203112611926,0.0206789048868217,0,insufficient_gain,0.128648463771012,0.223263421866409,7.47407095069921,0.000312572235163788,0.000272360297292495
LOS,15,10,38,20261109,14.9529735161152,14.9546207499283,14.9529735161152,-0.0470264838847676,-0.0453792500717363,-0.0470264838847676,0,candidate_invalid,0.291741239803369,0.00684953733658151,83.9222405398325,0.000309680500259368,0.000219333927170773
LOS,15,10,39,20261109,15.0255490294239,15.8254340379928,15.0255490294239,0.0255490294239156,0.825434037992849,0.0255490294239156,0,insufficient_gain,0.197876104291556,0.280927283578063,7.43217618481927,0.000371509199925235,0.000297996406735557
LOS,15,10,40,20261109,15.0397204386824,15.0522380306077,15.0397204386824,0.0397204386824015,0.0522380306077093,0.0397204386824015,0,candidate_invalid,0.101076522196287,0.00401884353572081,99.9063839334943,0.000413232026521326,0.000371463970420427
LOS,15,10,41,20261109,15.0484683057024,14.9157176052745,15.0484683057024,0.0484683057023698,-0.0842823947254807,0.0484683057023698,0,insufficient_gain,0.399492362479121,0.242279076467304,8.7702545281257,0.00044782436286539,0.000268921950168588
LOS,15,10,42,20261109,15.0034854760446,15.5467780134617,15.0034854760446,0.00348547604460236,0.546778013461719,0.00348547604460236,0,insufficient_gain,0.0669973643524029,0.135410275346577,12.3276616982018,0.000238823698272883,0.000222823139943706
LOS,15,10,43,20261109,15.0108715519432,15.5832761244201,15.0108715519432,0.0108715519432145,0.583276124420053,0.0108715519432145,0,insufficient_gain,0.0534053884741439,0.1454541449604,12.0722587980828,0.000467341063162818,0.000442382532134689
LOS,15,10,44,20261109,15.0125390330003,15.0120069198146,15.0125390330003,0.0125390330003192,0.0120069198146098,0.0125390330003192,0,candidate_invalid,0,1.40446318562343e-12,45.1649112463694,0.00045879399528892,0.000458793995298912
LOS,15,10,45,20261109,14.9258227710438,14.9287778005312,14.9258227710438,-0.0741772289562004,-0.0712221994687923,-0.0741772289562004,0,candidate_invalid,0.0480705263789901,0.00316997015127883,74.8627962754824,0.000429391871612061,0.00040875077832081
LOS,15,10,46,20261109,14.9485489921129,14.6904469696797,14.9485489921129,-0.0514510078870654,-0.309553030320309,-0.0514510078870654,0,insufficient_gain,0.0814053105339708,0.213006566571981,7.6029905152496,0.000446926791218383,0.000410544576993299
LOS,15,10,47,20261109,14.9647549565157,15.0316925357257,14.9647549565157,-0.0352450434842542,0.0316925357256608,-0.0352450434842542,0,insufficient_gain,0.149441919038497,0.225927538849561,5.94146596047545,0.000382827076683245,0.000325616663683803
LOS,15,10,48,20261109,14.9989197124653,14.7542014179745,14.9989197124653,-0.00108028753466272,-0.245798582025518,-0.00108028753466272,0,insufficient_gain,0.337691540994748,0.0339317022744495,36.1701046322484,0.000292074287018496,0.000193443270950278
LOS,15,10,49,20261109,14.9759964328414,14.6823103020694,14.9759964328414,-0.0240035671586281,-0.317689697930554,-0.0240035671586281,0,insufficient_gain,0.39861261864447,0.0592807597297732,23.7297137478137,0.000393098442331485,0.00023640444284867
LOS,15,10,50,20261109,15.0020948444528,15.8187196036753,15.0020948444528,0.00209484445276509,0.818719603675262,0.00209484445276509,0,insufficient_gain,0.13485476634639,0.175582809843165,13.9382929520447,0.000351376709658124,0.000303991885577615
LOS,20,10,1,20261109,19.9981730871268,20.0107573809817,19.9981730871268,-0.00182691287315606,0.0107573809817438,-0.00182691287315606,0,candidate_invalid,0.124318592316602,0.00465196882114804,99.9997634295606,0.000313062658619412,0.000274143149592954
LOS,20,10,2,20261109,20.0661756463989,20.0685175139272,20.0661756463989,0.066175646398861,0.0685175139271834,0.066175646398861,0,candidate_invalid,0.291521909389205,0.00938723496509158,54.7027011643123,0.000551542118890636,0.000390755507283069
LOS,20,10,3,20261109,19.9522747162382,20.2878789752879,19.9522747162382,-0.0477252837618245,0.287878975287924,-0.0477252837618245,0,insufficient_gain,0.370041575267621,0.0461381842704558,35.7881073577375,0.000744319697327578,0.000468890464025762
LOS,20,10,4,20261109,20.0263508742979,19.9042713249721,20.0263508742979,0.0263508742978651,-0.0957286750279494,0.0263508742978651,0,insufficient_gain,0.477671557345022,0.0348555170032232,25.3510449190713,0.000371500409058978,0.000194045230109463
LOS,20,10,5,20261109,19.9147219091839,19.9029564514326,19.9147219091839,-0.0852780908161499,-0.0970435485674415,-0.0852780908161499,0,candidate_invalid,0.468019014702832,0.0139783605571566,99.9988684109935,0.000756206993978159,0.000402287741745111
LOS,20,10,6,20261109,19.9911997328802,19.8427751705512,19.9911997328802,-0.00880026711982396,-0.157224829448801,-0.00880026711982396,0,insufficient_gain,0.0611649811718083,0.0219954214679352,32.9045971745439,0.000709669360163367,0.000666262447110766
LOS,20,10,7,20261109,19.9660329889685,19.1692146194821,19.9660329889685,-0.0339670110315389,-0.830785380517867,-0.0339670110315389,0,insufficient_gain,0.409803827347767,0.183777219307201,19.4327764428991,0.000549875627926522,0.000324534491036976
LOS,20,10,8,20261109,19.9486991127177,19.966930724245,19.9486991127177,-0.0513008872822738,-0.0330692757549684,-0.0513008872822738,0,candidate_invalid,0.393878304389199,0.0093491472550542,99.9999281384847,0.000433875993060662,0.000262981652598748
LOS,20,10,9,20261109,19.9408098045935,19.7815399554045,19.9408098045935,-0.0591901954064973,-0.218460044595496,-0.0591901954064973,0,insufficient_gain,0.323437759883621,0.167267308674068,9.90690243415922,0.000378822464835338,0.000256296975415404
LOS,20,10,10,20261109,19.9548155560908,20.403403071097,19.9548155560908,-0.0451844439092426,0.403403071096982,-0.0451844439092426,0,insufficient_gain,0.0318480025457534,0.18146871159807,7.17248384387175,0.000402350051096789,0.000389536005645175
LOS,20,10,11,20261109,19.9753587905925,19.9714054252973,19.9753587905925,-0.0246412094074593,-0.028594574702737,-0.0246412094074593,0,candidate_invalid,0.112150758061128,0.00441182843053355,99.9998005148246,0.00041344277527644,0.000367074854614291
LOS,20,10,12,20261109,20.0010765426315,20.010936571533,20.0010765426315,0.00107654263149115,0.0109365715330014,0.00107654263149115,0,candidate_invalid,0.391009333255524,0.00966167881561967,69.3148109000788,0.000484581174277299,0.000295105412414953
LOS,20,10,13,20261109,19.9864590756001,19.9854126565954,19.9864590756001,-0.013540924399873,-0.0145873434046209,-0.013540924399873,0,candidate_invalid,0.0620730331356286,0.00286655490476693,74.4693796077513,0.000269917099046113,0.000253162526013151
LOS,20,10,14,20261109,19.9700180863194,20.4991177579825,19.9700180863194,-0.0299819136806185,0.499117757982482,-0.0299819136806185,0,insufficient_gain,0.165671591393133,0.0992393469417647,18.5048195829556,0.000479242222827025,0.00039984540110849
LOS,20,10,15,20261109,19.9940881344612,19.9395202969595,19.9940881344612,-0.00591186553877421,-0.0604797030405066,-0.00591186553877421,0,candidate_invalid,0.193568441362917,0.0095367472645129,54.085319716023,0.000368927461789958,0.000297514748035299
LOS,20,10,16,20261109,20.0109591804835,19.8954178538141,20.0109591804835,0.010959180483507,-0.104582146185887,0.010959180483507,0,candidate_invalid,0.0396843320864133,0.0186715494438289,28.5120816647629,0.000601187187097674,0.000577329475118793
LOS,20,10,17,20261109,20.000356553731,20.0001594505367,20.000356553731,0.000356553730995302,0.000159450536727945,0.000356553730995302,0,candidate_invalid,0.183287794493372,0.00860096244009836,99.9999918014799,0.000716533278424247,0.000585201474140762
LOS,20,10,18,20261109,19.9218145813326,19.9264033704418,19.9218145813326,-0.078185418667406,-0.0735966295582458,-0.078185418667406,0,candidate_invalid,0.356639460588848,0.00806736198433233,94.0031854451408,0.000333507196560445,0.000214565369876629
LOS,20,10,19,20261109,19.9989381913165,20.3701266446022,19.9989381913165,-0.00106180868350236,0.370126644602152,-0.00106180868350236,0,insufficient_gain,0.0110201425429625,0.214936714701352,5.00000035633816,0.000262999853122725,0.000260101557252534
LOS,20,10,20,20261109,19.9946413194666,19.9953838472217,19.9946413194666,-0.00535868053339428,-0.00461615277826866,-0.00535868053339428,0,candidate_invalid,0,1.26722587702363e-13,99.1636444907011,0.00017651219034831,0.000176512190353417
LOS,20,10,21,20261109,19.9802857316804,19.9845433799508,19.9802857316804,-0.0197142683196248,-0.0154566200491999,-0.0197142683196248,0,candidate_invalid,0.000654117535134696,0.0105776056465109,5.14395515934358,0.000526104928651128,0.000525760794191976
LOS,20,10,22,20261109,19.9495292953787,19.9519816913426,19.9495292953787,-0.0504707046213326,-0.0480183086574257,-0.0504707046213326,0,candidate_invalid,2.47906725877096e-12,1.01183008312934e-11,12.9818921610915,0.000447839009085849,0.000447839009084738
LOS,20,10,23,20261109,19.9717366957338,19.9774493232039,19.9717366957338,-0.0282633042661935,-0.0225506767961363,-0.0282633042661935,0,candidate_invalid,0.232623691497095,0.00654960069406295,82.0154942108787,0.000363129282983543,0.000278656808685218
LOS,20,10,24,20261109,19.9538099769228,19.8696376619877,19.9538099769228,-0.046190023077159,-0.130362338012269,-0.046190023077159,0,insufficient_gain,0.206817600833248,0.197524487164805,7.44434360503032,0.000339369790929078,0.000269182144973845
LOS,20,10,25,20261109,19.9089041919669,20.0144032090147,19.9089041919669,-0.0910958080330779,0.0144032090147306,-0.0910958080330779,0,insufficient_gain,0.41571417404128,0.0444385700987078,20.810150677115,0.00046789245322465,0.000273382928492216
LOS,20,10,26,20261109,20.0349935240024,20.027410131054,20.0349935240024,0.0349935240023882,0.0274101310539656,0.0349935240023882,0,candidate_invalid,0.189780757582045,0.00526978290372825,99.9999698377922,0.00028867559814949,0.00023389052443723
LOS,20,10,27,20261109,19.9424540904746,19.9393864414223,19.9424540904746,-0.0575459095253805,-0.060613558577721,-0.0575459095253805,0,candidate_invalid,0.0168898745380208,0.00238526704418494,99.9999985444134,0.000661091870452157,0.000649926111702115
LOS,20,10,28,20261109,19.9777505291412,19.9862056421851,19.9777505291412,-0.0222494708588243,-0.0137943578149375,-0.0222494708588243,0,candidate_invalid,0.194425261266938,0.00654311934064225,95.7982261237057,0.000387591900266493,0.000312234243792231
LOS,20,10,29,20261109,19.9719013905427,19.9803653131443,19.9719013905427,-0.0280986094573379,-0.019634686855678,-0.0280986094573379,0,candidate_invalid,0,4.68793295793843e-11,10.7037040056663,0.000251999065424169,0.000251999065430608
LOS,20,10,30,20261109,20.0355877940635,20.0336859412911,20.0355877940635,0.0355877940635168,0.0336859412910613,0.0355877940635168,0,candidate_invalid,0.273259043296659,0.00709097757319094,91.1376547679618,0.000359232419224309,0.00026106891202593
LOS,20,10,31,20261109,20.0165381505972,20.0088803260835,20.0165381505972,0.0165381505971602,0.00888032608351352,0.0165381505971602,0,candidate_invalid,0.123675338866363,0.0050453939912033,75.5565825994376,0.000458715698902212,0.000401983879397161
LOS,20,10,32,20261109,19.9603382801065,19.9611474639992,19.9603382801065,-0.0396617198934592,-0.0388525360008281,-0.0396617198934592,0,candidate_invalid,0.21437122590469,0.00750287160435808,83.9519105891826,0.000509691417399205,0.000400428243418238
LOS,20,10,33,20261109,19.9260151451431,19.9247381755629,19.9260151451431,-0.0739848548568567,-0.0752618244371135,-0.0739848548568567,0,candidate_invalid,4.23665446124992e-12,2.86931955845587e-13,96.3922112636615,0.000366872552078901,0.000366872552077346
LOS,20,10,34,20261109,19.9837837267,20.1939556242,19.9837837267,-0.0162162732999853,0.19395562419998,-0.0162162732999853,0,insufficient_gain,0.00299624143735271,0.0904230150673211,7.20718695435805,0.000404167506957043,0.000402956523525067
LOS,20,10,35,20261109,20.0028915255766,20.0032510726773,20.0028915255766,0.00289152557661154,0.00325107267725144,0.00289152557661154,0,candidate_invalid,0.0371403047772573,0.00404741643375395,99.9999686955163,0.000781666609065201,0.000752635272970315
LOS,20,10,36,20261109,20.0404953687787,20.052783703945,20.0404953687787,0.0404953687786964,0.0527837039449892,0.0404953687786964,0,candidate_invalid,0.388257740847649,0.0108980759635088,99.9999992402907,0.000541994829710069,0.000331561141575731
LOS,20,10,37,20261109,19.9456809201403,19.9010779023075,19.9456809201403,-0.0543190798597024,-0.0989220976925438,-0.0543190798597024,0,insufficient_gain,0.105501017679181,0.0258575149351701,19.4624812707991,0.000474104751781557,0.000424086217982067
LOS,20,10,38,20261109,19.9746690225945,19.9753213870046,19.9746690225945,-0.0253309774055417,-0.0246786129953875,-0.0253309774055417,0,candidate_invalid,0.0295694703619175,0.00207043885670157,97.7718723299851,0.000309378802998639,0.000300230635652765
LOS,20,10,39,20261109,20.0125863196739,20.0212145370883,20.0125863196739,0.0125863196739289,0.0212145370883334,0.0125863196739289,0,candidate_invalid,0.238464822873521,0.00980862982095641,86.277040926536,0.000392935478986001,0.000299234189588882
LOS,20,10,40,20261109,19.9933218247292,19.9314931590384,19.9933218247292,-0.00667817527079961,-0.0685068409615681,-0.00667817527079961,0,candidate_invalid,0.0647623177851286,0.0108102873796526,30.1404510962858,0.000230166319691527,0.000215260215352231
LOS,20,10,41,20261109,19.9535874221898,19.9486429515266,19.9535874221898,-0.0464125778102087,-0.0513570484734061,-0.0464125778102087,0,candidate_invalid,0.093534208126938,0.00385448701570112,99.9999995349537,0.000315331869695568,0.000285837552966406
LOS,20,10,42,20261109,20.0246823409083,21.368221163853,20.0246823409083,0.0246823409082992,1.36822116385303,0.0246823409082992,0,insufficient_gain,0.11714840040337,0.456454600442118,5.6592362004364,0.000766480266114922,0.000676688328998809
LOS,20,10,43,20261109,19.9913707320988,19.9943002810588,19.9913707320988,-0.00862926790123453,-0.00569971894118382,-0.00862926790123453,0,candidate_invalid,0.320705990092228,0.00687401499366674,84.8585734424143,0.000283578510354099,0.000192633183422108
LOS,20,10,44,20261109,20.0298451547555,19.9803068059454,20.0298451547555,0.0298451547555487,-0.0196931940545895,0.0298451547555487,0,candidate_invalid,0.0359930221337943,0.0112715943728306,20.0872426309954,0.000402223970461746,0.000387746714190174
LOS,20,10,45,20261109,19.9779803533206,20.6529308856269,19.9779803533206,-0.0220196466794249,0.65293088562693,-0.0220196466794249,0,insufficient_gain,0.303637240517088,0.115972530753636,20.4085300625422,0.000511164735383263,0.000355956085681841
LOS,20,10,46,20261109,19.984818630571,19.5590933177836,19.984818630571,-0.0151813694289693,-0.440906682216401,-0.0151813694289693,0,insufficient_gain,0.0929031070099904,0.198409283059096,10.0553267016867,0.000561512337915904,0.000509346097099073
LOS,20,10,47,20261109,19.9923313667596,20.1838436335931,19.9923313667596,-0.00766863324041367,0.183843633593128,-0.00766863324041367,0,insufficient_gain,0.384083307519115,0.0275651277725218,35.80706428577,0.000358957659227999,0.000221088014212389
LOS,20,10,48,20261109,19.9848596303028,20.306119472983,19.9848596303028,-0.0151403696972352,0.306119472983006,-0.0151403696972352,0,insufficient_gain,0.00637172459921679,0.178933432147343,5.00000083490757,0.000467336148388453,0.000464358411155663
LOS,20,10,49,20261109,20.0405280350475,20.0412075357167,20.0405280350475,0.0405280350475401,0.0412075357167367,0.0405280350475401,0,candidate_invalid,0.0317214395605993,0.00214276291083791,99.9999941995977,0.000281139039588707,0.000272220904536269
LOS,20,10,50,20261109,20.0021956498338,19.7589897651416,20.0021956498338,0.00219564983379783,-0.241010234858365,0.00219564983379783,0,insufficient_gain,0.193753553023205,0.0360330715015858,33.1964254024671,0.000456395394924591,0.000367967165574523
LOS,1,20,1,20261109,0.995602728538326,0.995315307524394,0.995602728538326,-0.00439727146167357,-0.00468469247560632,-0.00439727146167357,0,candidate_invalid,0.425242410261807,0.00352947209872589,79.1605292595699,5.86560468849306e-05,3.37130081311532e-05
LOS,1,20,2,20261109,0.984560203273695,1.19264884352315,0.984560203273695,-0.0154397967263047,0.192648843523149,-0.0154397967263047,0,insufficient_gain,0.449087978561199,0.029984111060981,30.2471019309114,8.87635542239362e-05,4.89009090876014e-05
LOS,1,20,3,20261109,1.00572236430071,1.01315385955505,1.00572236430071,0.00572236430071005,0.0131538595550458,0.00572236430071005,0,candidate_invalid,0.0193022908012482,0.00805993567741807,16.259483029079,0.000164638047980947,0.000161460156501869
LOS,1,20,4,20261109,1.00488885982912,1.01298594413443,1.00488885982912,0.00488885982911857,0.0129859441344253,0.00488885982911857,0,candidate_invalid,0.22741034311907,0.00421488852623935,99.9543124831386,0.000166144592495421,0.000128361593708659
LOS,1,20,5,20261109,0.976227693703728,1.0165110539928,0.976227693703728,-0.0237723062962721,0.0165110539928,-0.0237723062962721,0,insufficient_gain,0.0457643226396678,0.0601646429384015,6.580801546566,0.000107084726569173,0.000102184066592681
LOS,1,20,6,20261109,1.02241842334,1.04289246841587,1.02241842334,0.0224184233399989,0.0428924684158671,0.0224184233399989,0,candidate_invalid,0.0179464088723406,0.00369131038873298,31.0118555495595,0.000164585297878439,0.000161631582828337
LOS,1,20,7,20261109,0.998808955810459,0.996696518455964,0.998808955810459,-0.00119104418954097,-0.00330348154403581,-0.00119104418954097,0,candidate_invalid,0.128831165328161,0.0029498030028094,83.4787049732275,0.00012917982665539,0.000112537439050486
LOS,1,20,8,20261109,0.985657596880961,0.858273602726783,0.985657596880961,-0.0143424031190388,-0.141726397273217,-0.0143424031190388,0,insufficient_gain,0.0226977016742715,0.0274937882355776,17.9311620918004,0.000166523527669549,0.000162743826316758
LOS,1,20,9,20261109,0.986748751089401,0.396475988073562,0.986748751089401,-0.0132512489105995,-0.603524011926438,-0.0132512489105995,0,insufficient_gain,0.408505394777147,0.122007850453719,19.4748259775467,8.20358086104367e-05,4.85237382281678e-05
LOS,1,20,10,20261109,1.00603130669087,1.01725423438649,1.00603130669087,0.00603130669087282,0.017254234386487,0.00603130669087282,0,candidate_invalid,0.12224404152115,0.00295143234958334,61.2187587752606,9.76818289497583e-05,8.57408073957622e-05
LOS,1,20,11,20261109,1.02039147198834,1.02096686102379,1.02039147198834,0.0203914719883407,0.0209668610237863,0.0203914719883407,0,candidate_invalid,0.102413453283934,0.00220523181829633,81.0146301003516,8.67865184137617e-05,7.78984113645187e-05
LOS,1,20,12,20261109,0.982509140485332,1.07114200982023,0.982509140485332,-0.0174908595146676,0.071142009820234,-0.0174908595146676,0,candidate_invalid,0.161686223241321,0.0137691886154583,29.5498661269011,0.000114470776819475,9.59624292440342e-05
LOS,1,20,13,20261109,0.968316395827763,1.2438437574522,0.968316395827763,-0.0316836041722371,0.243843757452197,-0.0316836041722371,0,insufficient_gain,0.0865204546095964,0.0653000479019625,14.205529253011,8.58740524911639e-05,7.844419043046e-05
LOS,1,20,14,20261109,0.985954670986648,0.981506294791239,0.985954670986648,-0.0140453290133518,-0.0184937052087606,-0.0140453290133518,0,candidate_invalid,0.204339294548344,0.00301681185499169,99.9998897944279,9.43522665899366e-05,7.50723909959117e-05
LOS,1,20,15,20261109,1.01116236078043,1.00998166460125,1.01116236078043,0.0111623607804328,0.00998166460124938,0.0111623607804328,0,candidate_invalid,0.449192043967953,0.00684780118613498,99.9846659196971,0.000157082939472142,8.65225328181563e-05
LOS,1,20,16,20261109,0.970871620638596,0.980164117668076,0.970871620638596,-0.0291283793614038,-0.019835882331924,-0.0291283793614038,0,candidate_invalid,0.278501114991621,0.00407450534065207,99.8137289328179,0.00015207386281646,0.000109721122460993
LOS,1,20,17,20261109,1.01141014270831,0.945204593030424,1.01141014270831,0.0114101427083126,-0.0547954069695762,0.0114101427083126,0,insufficient_gain,0.0418000228345145,0.0743391501532515,7.12809208042273,0.000140561645709303,0.000134686165708997
LOS,1,20,18,20261109,0.999842963576881,1.15496074336994,0.999842963576881,-0.000157036423118928,0.154960743369941,-0.000157036423118928,0,weak_echo,0.690494256092151,0.0486315666395946,16.2050677765286,9.34453825016668e-05,2.89218826259319e-05
LOS,1,20,19,20261109,1.00743124111334,0.976035004370567,1.00743124111334,0.00743124111334237,-0.023964995629433,0.00743124111334237,0,candidate_invalid,0.112722570790574,0.00662523729108305,32.7228254347415,0.000122186261163115,0.00010841311168952
LOS,1,20,20,20261109,1.0097416792288,1.08075452661145,1.0097416792288,0.00974167922880431,0.0807545266114529,0.00974167922880431,0,candidate_invalid,0.239683155818163,0.013440497671252,29.6594310956541,0.000153042500709244,0.000116360791164949
LOS,1,20,21,20261109,0.992982219959543,1.00866271982253,0.992982219959543,-0.0070177800404565,0.00866271982253064,-0.0070177800404565,0,candidate_invalid,0.125758297498314,0.0036183457469279,46.2526419441333,0.000127050682655838,0.000111073005109041
LOS,1,20,22,20261109,0.995676493377023,1.10467553161654,0.995676493377023,-0.0043235066229772,0.104675531616536,-0.0043235066229772,0,insufficient_gain,0.133553392272287,0.146577841749722,5.00001903853738,6.84710545009182e-05,5.93265128998599e-05
LOS,1,20,23,20261109,0.983987808381441,1.68728872431574,0.983987808381441,-0.0160121916185587,0.687288724315738,-0.0160121916185587,0,insufficient_gain,0.213776491769452,0.220031901073227,8.90179491267458,0.000170633856770186,0.000134156349492764
LOS,1,20,24,20261109,0.980022750751428,1.10636865618335,0.980022750751428,-0.0199772492485725,0.106368656183348,-0.0199772492485725,0,candidate_invalid,0.292266018238047,0.0173775709204293,36.6557435595936,0.000142774308832028,0.000101046230083002
LOS,1,20,25,20261109,0.978458232119082,0.979865111544485,0.978458232119082,-0.0215417678809184,-0.0201348884555149,-0.0215417678809184,0,candidate_invalid,0.269358156561165,0.00337907728331833,84.8328563770857,8.66058508521839e-05,6.32778585192284e-05
LOS,1,20,26,20261109,1.00397017927518,0.989580282691342,1.00397017927518,0.00397017927517784,-0.0104197173086575,0.00397017927517784,0,candidate_invalid,0.123917716676795,0.00409384272282689,45.2520663101733,0.000136633516120144,0.000119702202781014
LOS,1,20,27,20261109,0.992933613387131,0.998416668760999,0.992933613387131,-0.00706638661286851,-0.00158333123900078,-0.00706638661286851,0,candidate_invalid,0.0193139751976974,0.00234313565124934,33.0208411787959,0.000121563748213482,0.000119215868995548
LOS,1,20,28,20261109,0.994556917666547,2.00181632734364,0.994556917666547,-0.00544308233345303,1.00181632734364,-0.00544308233345303,0,insufficient_gain,0.0461808274546014,0.359143088039892,6.20747513674086,0.000220705360542084,0.000210513004368584
LOS,1,20,29,20261109,0.97522324492914,0.822079286517583,0.97522324492914,-0.0247767550708603,-0.177920713482417,-0.0247767550708603,0,insufficient_gain,0.0840328199383325,0.0279896288898131,22.5066905855148,0.000162548521734029,0.000148889111075912
LOS,1,20,30,20261109,1.01557238304995,1.15168247872873,1.01557238304995,0.0155723830499543,0.151682478728725,0.0155723830499543,0,insufficient_gain,0.0193991942873389,0.0953228935574057,5.0001311157233,6.56270094927525e-05,6.43538983851055e-05
LOS,1,20,31,20261109,1.0019242630767,1.09415523817774,1.0019242630767,0.00192426307670401,0.0941552381777435,0.00192426307670401,0,candidate_invalid,0.165788844104388,0.014068555434565,34.6093336820334,0.000208669448341858,0.000174074381701361
LOS,1,20,32,20261109,0.988509410741091,1.46748810699431,0.988509410741091,-0.0114905892589087,0.46748810699431,-0.0114905892589087,0,insufficient_gain,0.30006097741715,0.15837867922579,9.49516546472218,0.000144652055029892,0.000101247618012223
LOS,1,20,33,20261109,0.990554016072136,0.995936066406284,0.990554016072136,-0.00944598392786378,-0.00406393359371648,-0.00944598392786378,0,candidate_invalid,0.176817478421635,0.00214768979759977,76.3121148217818,5.6772046067799e-05,4.67337560372538e-05
LOS,1,20,34,20261109,0.999729543743448,1.33404503604276,0.999729543743448,-0.00027045625655242,0.334045036042757,-0.00027045625655242,0,insufficient_gain,0.414407248009611,0.142879498811015,8.40733339370816,0.000104555233904513,6.12267871571426e-05
LOS,1,20,35,20261109,1.01065619428336,0.874806072749792,1.01065619428336,0.0106561942833585,-0.125193927250208,0.0106561942833585,0,insufficient_gain,0.0935846335179936,0.0471039130417123,12.5816387426473,9.7225461211714e-05,8.81266520555979e-05
LOS,1,20,36,20261109,1.00190341310928,1.0173722587257,1.00190341310928,0.00190341310928099,0.0173722587256977,0.00190341310928099,0,candidate_invalid,0.042848684850868,0.00345965935257386,32.6314232323349,0.000105907874998312,0.000101369861839284
LOS,1,20,37,20261109,0.997348301890477,1.40147389207538,0.997348301890477,-0.00265169810952337,0.401473892075382,-0.00265169810952337,0,insufficient_gain,0.181880723984845,0.114774343877325,11.1831916342463,8.42708922907942e-05,6.89436413900957e-05
LOS,1,20,38,20261109,0.988723405831367,1.14083553635474,0.988723405831367,-0.0112765941686331,0.140835536354742,-0.0112765941686331,0,insufficient_gain,0.236639040521813,0.0218614207780165,30.135791349254,8.02785268609885e-05,6.12814932900996e-05
LOS,1,20,39,20261109,0.983287256968677,1.25621854480312,0.983287256968677,-0.0167127430313234,0.256218544803122,-0.0167127430313234,0,insufficient_gain,0.166646411572103,0.184668625226298,5.69827369832675,0.000158234045871453,0.000131864909938439
LOS,1,20,40,20261109,1.00749848056767,1.00913130784538,1.00749848056767,0.00749848056767166,0.00913130784537541,0.00749848056767166,0,candidate_invalid,0,2.54831880346074e-12,97.077129201345,0.000103636722340816,0.000103636722366796
LOS,1,20,41,20261109,1.00751849227526,1.40625820202959,1.00751849227526,0.00751849227526469,0.406258202029587,0.00751849227526469,0,insufficient_gain,0.0333993601794758,0.146084734315533,8.15796036752352,0.000203323334843741,0.000196532465550403
LOS,1,20,42,20261109,0.998777905760848,1.34428820231178,0.998777905760848,-0.00122209423915165,0.344288202311781,-0.00122209423915165,0,insufficient_gain,0.0348436313933922,0.0894304735928626,12.4847698046371,0.000116118885574945,0.00011207288192816
LOS,1,20,43,20261109,0.996249980214263,1.00047924988497,0.996249980214263,-0.00375001978573686,0.0004792498849715,-0.00375001978573686,0,candidate_invalid,0.191296022257555,0.00339115783033745,81.2517534911885,0.000179530023030505,0.000145186643748962
LOS,1,20,44,20261109,1.02205091435692,0.794895861387783,1.02205091435692,0.0220509143569227,-0.205104138612217,0.0220509143569227,0,insufficient_gain,0.250398129910733,0.0448905241544021,20.2342187440218,7.16108307174945e-05,5.36796126244798e-05
LOS,1,20,45,20261109,1.00379376154776,1.37682674559343,1.00379376154776,0.00379376154776145,0.376826745593434,0.00379376154776145,0,insufficient_gain,0.0119520774574048,0.118393287589454,9.65438444793702,0.000237415439116928,0.000234577831399019
LOS,1,20,46,20261109,1.00200677678342,1.05777147368837,1.00200677678342,0.0020067767834171,0.057771473688375,0.0020067767834171,0,candidate_invalid,0.0767764183932626,0.00832192002250763,38.7415373242374,0.00019490521903176,0.000179941094388347
LOS,1,20,47,20261109,0.990825059908319,1.3051174797969,0.990825059908319,-0.00917494009168118,0.305117479796898,-0.00917494009168118,0,insufficient_gain,0.200053424943666,0.0935649172064345,11.9776528896699,0.000192536013013944,0.000154018524185506
LOS,1,20,48,20261109,0.98602082913776,0.988420176478094,0.98602082913776,-0.0139791708622401,-0.0115798235219065,-0.0139791708622401,0,candidate_invalid,0.487075295315418,0.00406702127324396,84.207022941452,6.46950805640589e-05,3.31837050928652e-05
LOS,1,20,49,20261109,0.997028035322713,0.92360447370798,0.997028035322713,-0.00297196467728733,-0.0763955262920195,-0.00297196467728733,0,candidate_invalid,0.368638160546351,0.0120747358983248,34.5293648379062,9.19035871025375e-05,5.80244178054468e-05
LOS,1,20,50,20261109,0.996077485892781,0.998971638714851,0.996077485892781,-0.00392251410721889,-0.00102836128514872,-0.00392251410721889,0,candidate_invalid,0.358668381055665,0.00459938006310126,72.9801290543896,9.98532182330258e-05,6.40390261061885e-05
LOS,3,20,1,20261109,2.9960578725071,3.49331401824442,2.9960578725071,-0.00394212749289835,0.493314018244423,-0.00394212749289835,0,insufficient_gain,0.0835848162693276,0.107339749199811,15.0042574615194,0.000178310270867454,0.000163406239638064
LOS,3,20,2,20261109,3.00911131872398,3.00821337463203,3.00911131872398,0.00911131872398485,0.00821337463203031,0.00911131872398485,0,candidate_invalid,0.0900193928895866,0.00224998636067971,93.6406112102778,9.79247300691988e-05,8.91096053194929e-05
LOS,3,20,3,20261109,3.01381071669526,3.01968124859772,3.01381071669526,0.013810716695259,0.0196812485977222,0.013810716695259,0,candidate_invalid,0.00959238016219937,0.0149079258586015,10.0659805651394,0.000179272227641913,0.000177552580281848
LOS,3,20,4,20261109,2.9824982462294,2.98366157883522,2.9824982462294,-0.0175017537705968,-0.0163384211647823,-0.0175017537705968,0,candidate_invalid,0.303915930648747,0.00497968446423926,99.9960620964498,0.000111361302162827,7.7516828377755e-05
LOS,3,20,5,20261109,3.01020955871323,3.85525276982347,3.01020955871323,0.0102095587132345,0.855252769823469,0.0102095587132345,0,insufficient_gain,0.455626109486922,0.213787868375595,11.1528281229672,0.000105387375148425,5.73701354205092e-05
LOS,3,20,6,20261109,2.98934237032811,3.27071580146784,2.98934237032811,-0.0106576296718912,0.27071580146784,-0.0106576296718912,0,insufficient_gain,0.0251470119568984,0.0999201188941116,8.73156750667603,3.17832480685176e-05,3.09839943493095e-05
LOS,3,20,7,20261109,2.99549738305709,2.99568446970237,2.99549738305709,-0.00450261694290566,-0.0043155302976321,-0.00450261694290566,0,candidate_invalid,0,1.81859095093369e-13,87.6387499714248,0.000162113173472811,0.00016211317347592
LOS,3,20,8,20261109,2.98729712349608,2.9828552996549,2.98729712349608,-0.0127028765039245,-0.0171447003450966,-0.0127028765039245,0,candidate_invalid,0.106029512027016,0.00335063803032962,99.8843534197661,0.000190799254258911,0.00017056890243472
LOS,3,20,9,20261109,2.962539172018,2.53136226570259,2.962539172018,-0.0374608279819983,-0.468637734297412,-0.0374608279819983,0,insufficient_gain,0.196912378328098,0.128712309998325,13.8519571859323,0.000142802465657565,0.000114682892513818
LOS,3,20,10,20261109,2.98664119516686,3.19705416212696,2.98664119516686,-0.0133588048331394,0.197054162126959,-0.0133588048331394,0,insufficient_gain,0.00927319291308162,0.0740123790144773,9.13740578791884,0.000142369069629833,0.0001410488537823
LOS,3,20,11,20261109,2.98837863555554,3.70183916190962,2.98837863555554,-0.0116213644444629,0.701839161909616,-0.0116213644444629,0,insufficient_gain,0.159452834021009,0.161509151730097,13.4070004362282,0.00017170930628696,0.000144329770771723
LOS,3,20,12,20261109,2.9853696199643,3.1367708199565,2.9853696199643,-0.0146303800357011,0.136770819956501,-0.0146303800357011,0,insufficient_gain,0.00593575224683054,0.101303163440089,5.00000108740429,0.000141873718374264,0.000141031591131657
LOS,3,20,13,20261109,3.0088996069039,3.25948839675377,3.0088996069039,0.00889960690390179,0.259488396753769,0.00889960690390179,0,insufficient_gain,0.0624463350954826,0.129978671094054,6.38637317657617,0.000126720537142466,0.000118807304016588
LOS,3,20,14,20261109,2.99754065395603,3.15243914053682,2.99754065395603,-0.00245934604396725,0.152439140536822,-0.00245934604396725,0,insufficient_gain,0.0756336449837843,0.0942952254357287,7.22321007878684,0.000159795858372114,0.000147709915150118
LOS,3,20,15,20261109,2.98671591876602,3.32117183794712,2.98671591876602,-0.0132840812339787,0.321171837947125,-0.0132840812339787,0,insufficient_gain,0.372644516956571,0.119823805656538,9.47208016268699,7.07177103405066e-05,4.43651433303938e-05
LOS,3,20,16,20261109,3.0151522170703,3.0162909326654,3.0151522170703,0.0151522170703045,0.0162909326653988,0.0151522170703045,0,candidate_invalid,0.100864307974312,0.0030507789732129,89.7385681589106,0.000171656414842403,0.000154342409349972
LOS,3,20,17,20261109,2.97752697698244,2.91650489693796,2.97752697698244,-0.0224730230175649,-0.0834951030620417,-0.0224730230175649,0,insufficient_gain,0.0569435963878458,0.0404151998225617,10.4045130318313,0.000166848922000806,0.000157347944328645
LOS,3,20,18,20261109,3.00113298650817,3.0019469043737,3.00113298650817,0.00113298650817306,0.00194690437369882,0.00113298650817306,0,candidate_invalid,0.0617095859878034,0.00221366727153458,99.9999287448599,0.000139726040772059,0.0001311036046443
LOS,3,20,19,20261109,3.01200513903191,2.98384552843638,3.01200513903191,0.012005139031912,-0.0161544715636182,0.012005139031912,0,insufficient_gain,0.00194033086212652,0.0243340401373332,5.32526365955505,0.000175113831915708,0.000174774053143256
LOS,3,20,20,20261109,3.01129425697948,3.00165468698947,3.01129425697948,0.0112942569794847,0.00165468698947313,0.0112942569794847,0,candidate_invalid,0.285403826161276,0.0050718840245589,99.9999771255672,0.000166771449873426,0.000119174239985087
LOS,3,20,21,20261109,2.97664233620079,2.97617610497436,2.97664233620079,-0.0233576637992061,-0.0238238950256422,-0.0233576637992061,0,insufficient_gain,0.19365195481992,0.0825253261172576,9.21761258800804,0.00017516090915759,0.000141240656691188
LOS,3,20,22,20261109,2.98294437779448,3.55313398168679,2.98294437779448,-0.0170556222055236,0.55313398168679,-0.0170556222055236,0,insufficient_gain,0.162771614156592,0.111602498450482,16.9162139671365,0.00021952330799957,0.000183791144811485
LOS,3,20,23,20261109,3.02271774293049,3.01168270652243,3.02271774293049,0.0227177429304892,0.0116827065224312,0.0227177429304892,0,candidate_invalid,0.181315947321618,0.00530217779512926,99.9999995984567,0.000292378856901143,0.000239365907485301
LOS,3,20,24,20261109,2.98925548957738,2.73934512707349,2.98925548957738,-0.0107445104226187,-0.260654872926512,-0.0107445104226187,0,insufficient_gain,0.108410537082268,0.142185597876524,7.81164892538705,8.54247611210557e-05,7.61638168877976e-05
LOS,3,20,25,20261109,2.98929291479373,2.91739608519384,2.98929291479373,-0.0107070852062687,-0.0826039148061604,-0.0107070852062687,0,insufficient_gain,0.0495029136607775,0.0410790040482668,10.2095883687473,0.000154373846878775,0.000146731891665253
LOS,3,20,26,20261109,3.0132749058199,3.01257038419145,3.0132749058199,0.013274905819904,0.0125703841914504,0.013274905819904,0,candidate_invalid,0.0195300485807156,0.000974888431574546,71.4338976286264,0.000103001484834664,0.000100989860831957
LOS,3,20,27,20261109,2.98425272269226,3.563771064355,2.98425272269226,-0.0157472773077383,0.563771064355003,-0.0157472773077383,0,insufficient_gain,0.521664014837639,0.143987222346172,12.725605111068,0.000111948933406048,5.35492033486573e-05
LOS,3,20,28,20261109,2.99539061226607,3.06220907546803,2.99539061226607,-0.00460938773392794,0.0622090754680262,-0.00460938773392794,0,insufficient_gain,0.0150026379062002,0.0640563656290556,5.10943776809579,8.9520843934876e-05,8.81777951282636e-05
LOS,3,20,29,20261109,3.00694303193174,3.00598353298955,3.00694303193174,0.00694303193173562,0.00598353298955345,0.00694303193173562,0,candidate_invalid,0.0165402359872116,0.000873431894144615,84.2553231835515,8.7733830884007e-05,8.62826926171234e-05
LOS,3,20,30,20261109,2.98283384117906,3.66386928942608,2.98283384117906,-0.017166158820944,0.663869289426082,-0.017166158820944,0,insufficient_gain,0.111834694272158,0.184463757687698,10.6474115687449,0.000130897954163434,0.000116259021478715
LOS,3,20,31,20261109,2.99796055200377,2.99900175734868,2.99796055200377,-0.00203944799622846,-0.000998242651323533,-0.00203944799622846,0,candidate_invalid,0,3.08854858294378e-13,90.1204333403067,9.02141870211537e-05,9.02141870242623e-05
LOS,3,20,32,20261109,2.97411046959112,3.43258292269927,2.97411046959112,-0.0258895304088833,0.432582922699267,-0.0258895304088833,0,insufficient_gain,0.239641230476032,0.151954594993263,9.94894188429746,0.000272145062519158,0.00020692788486909
LOS,3,20,33,20261109,2.98912453855066,3.01087014167581,2.98912453855066,-0.0108754614493445,0.0108701416758148,-0.0108754614493445,0,candidate_invalid,0.260393229866086,0.00585257347029511,59.0813032596802,0.00019499414877644,0.000144218992571554
LOS,3,20,34,20261109,2.99789736578525,3.26028031610059,2.99789736578525,-0.00210263421474632,0.260280316100586,-0.00210263421474632,0,insufficient_gain,0.116863190336115,0.0784230997312305,11.4333286794049,0.00011379060741179,0.000100492673999364
LOS,3,20,35,20261109,2.99538339333449,2.99707981226327,2.99538339333449,-0.00461660666550712,-0.00292018773673419,-0.00461660666550712,0,candidate_invalid,0.00453395350242878,0.000587747591688165,79.4386914147484,0.00015016311147642,0.000149482278911206
LOS,3,20,36,20261109,2.98730642781933,2.98878558562501,2.98730642781933,-0.0126935721806656,-0.0112144143749919,-0.0126935721806656,0,candidate_invalid,0.0155810328774713,0.000637454903426203,99.9997063414079,4.5286279124479e-05,4.45806721205422e-05
LOS,3,20,37,20261109,2.97429907347395,2.9677264104809,2.97429907347395,-0.0257009265260497,-0.0322735895190984,-0.0257009265260497,0,candidate_invalid,0.128484479587554,0.00273521518169428,99.9972234304828,7.17004693138179e-05,6.24880718278487e-05
LOS,3,20,38,20261109,3.04215159482342,3.2076564494083,3.04215159482342,0.0421515948234235,0.207656449408297,0.0421515948234235,0,insufficient_gain,0.121193725400895,0.117037874349419,6.32276892397364,0.000108387187865766,9.52513407825872e-05
LOS,3,20,39,20261109,2.9724725627858,2.98032193171521,2.9724725627858,-0.0275274372141951,-0.0196780682847946,-0.0275274372141951,0,candidate_invalid,0.00604505530486343,0.0172152549985796,5.18796870874914,2.58603359823972e-05,2.57040088211813e-05
LOS,3,20,40,20261109,2.97624860848615,3.52496217896229,2.97624860848615,-0.0237513915138523,0.524962178962292,-0.0237513915138523,0,insufficient_gain,0.0929358041818591,0.144189001407676,11.54352894183,0.000103631456952247,9.4000384161852e-05
LOS,3,20,41,20261109,3.00823706057347,3.61946398442406,3.00823706057347,0.00823706057347451,0.619463984424062,0.00823706057347451,0,insufficient_gain,0.215433595065622,0.173809350831189,10.4103842962563,0.00014459174198489,0.000113441823192284
LOS,3,20,42,20261109,2.99391533930497,2.11467362072789,2.99391533930497,-0.00608466069502889,-0.88532637927211,-0.00608466069502889,0,insufficient_gain,0.232000957909498,0.223203910742911,17.0490850685784,0.000239312112654044,0.00018379147327896
LOS,3,20,43,20261109,2.98441227417632,3.26384663453087,2.98441227417632,-0.0155877258236754,0.263846634530872,-0.0155877258236754,0,insufficient_gain,0.146454042100456,0.137207242899447,7.38079797973595,0.000166153538759817,0.000141819681399147
LOS,3,20,44,20261109,3.02569930143277,2.94725169660038,3.02569930143277,0.0256993014327662,-0.0527483033996168,0.0256993014327662,0,candidate_invalid,0.100383599992803,0.0119175785109083,30.0765319475625,0.000199565824975378,0.000179532689028816
LOS,3,20,45,20261109,3.00422174895386,3.00342297733459,3.00422174895386,0.00422174895385652,0.00342297733459418,0.00422174895385652,0,candidate_invalid,0.0336517835800367,0.00118574699111714,99.9969614928418,7.65593196825343e-05,7.39829620255428e-05
LOS,3,20,46,20261109,3.00581178122971,3.36576678630326,3.00581178122971,0.0058117812297076,0.365766786303261,0.0058117812297076,0,insufficient_gain,0.0742940693591204,0.09255179910523,12.5960413326014,0.00010866715842206,0.000100593833017193
LOS,3,20,47,20261109,3.0076402342659,3.44620265231308,3.0076402342659,0.00764023426590121,0.446202652313075,0.00764023426590121,0,insufficient_gain,0.0810066261695327,0.117838666134247,11.6913069183077,0.00012382723008697,0.000113796403949706
LOS,3,20,48,20261109,3.01295431268173,3.90880766279013,3.01295431268173,0.0129543126817313,0.908807662790128,0.0129543126817313,0,insufficient_gain,0.319037145862966,0.24286003985584,9.94368508329997,0.000127712949017145,8.69677742729724e-05
LOS,3,20,49,20261109,2.99434586357741,2.98907820732867,2.99434586357741,-0.0056541364225895,-0.0109217926713292,-0.0056541364225895,0,candidate_invalid,0.203760350925284,0.00297741609305785,99.9999835672832,7.83542146227667e-05,6.23887323547567e-05
LOS,3,20,50,20261109,3.00777278838216,3.00797255794985,3.00777278838216,0.007772788382157,0.00797255794985352,0.007772788382157,0,candidate_invalid,0.116401331452774,0.00298001253130123,99.9998816076923,0.00013108941681983,0.000115830434162634
LOS,5,20,1,20261109,4.97500407754158,4.78883467143306,4.97500407754158,-0.0249959224584213,-0.211165328566937,-0.0249959224584213,0,insufficient_gain,0.102819409668166,0.111737589284045,8.4278798858761,0.00012925498122951,0.000115965060362822
LOS,5,20,2,20261109,4.98766472003539,4.74910983082983,4.98766472003539,-0.012335279964609,-0.250890169170166,-0.012335279964609,0,insufficient_gain,0.162415817006018,0.0421648897862949,23.2893121365272,0.000135825726618632,0.000113765480259431
LOS,5,20,3,20261109,5.00232526607835,5.46909553312348,5.00232526607835,0.00232526607834771,0.46909553312348,0.00232526607834771,0,insufficient_gain,0.00973325440278974,0.171417477511413,7.75302147636161,0.000163473998980423,0.000161882864960106
LOS,5,20,4,20261109,5.01559203421491,5.63060020163201,5.01559203421491,0.0155920342149125,0.630600201632014,0.0155920342149125,0,insufficient_gain,0.266819065542678,0.152572301669432,12.4372156275452,0.000171821878434342,0.000125976525390703
LOS,5,20,5,20261109,5.00035731119656,4.94174056540722,5.00035731119656,0.00035731119656468,-0.0582594345927809,0.00035731119656468,0,insufficient_gain,0.0286257973489799,0.0300034524090308,9.54339379534498,0.000156594674421751,0.000152112027005824
LOS,5,20,6,20261109,4.97303388116462,4.97498662317158,4.97303388116462,-0.0269661188353831,-0.0250133768284151,-0.0269661188353831,0,candidate_invalid,0,2.87389970735088e-11,20.1238943823308,3.32123810042884e-05,3.3212381017611e-05
LOS,5,20,7,20261109,5.0089521055317,5.51705877285172,5.0089521055317,0.00895210553169612,0.517058772851724,0.00895210553169612,0,insufficient_gain,0.0853015965079034,0.123628252925068,12.9135107051374,0.000128077056585241,0.000117151879182487
LOS,5,20,8,20261109,4.95683444083141,4.93834427826705,4.95683444083141,-0.0431655591685907,-0.0616557217329543,-0.0431655591685907,0,candidate_invalid,0.00201852687243609,0.00297363469164631,26.9555302260016,0.000117905686946251,0.000117667691148737
LOS,5,20,9,20261109,4.99378870433615,5.14956683096234,4.99378870433615,-0.00621129566385026,0.149566830962344,-0.00621129566385026,0,insufficient_gain,0.0332596829437629,0.116124384838208,5.00000042903742,6.83931689475781e-05,6.61184338328624e-05
LOS,5,20,10,20261109,4.9821713584191,5.05035652634752,4.9821713584191,-0.0178286415809037,0.050356526347521,-0.0178286415809037,0,insufficient_gain,0.000873218591224761,0.046956686639339,5.03642608998747,9.17480282649485e-05,9.16679121809594e-05
LOS,5,20,11,20261109,4.97910995860338,5.11696487574386,4.97910995860338,-0.0208900413966173,0.116964875743859,-0.0208900413966173,0,insufficient_gain,0.0987210898635716,0.0333618294573963,16.4668924063347,0.000147206653337006,0.000132674252084408
LOS,5,20,12,20261109,4.9771724909612,5.28166043646401,4.9771724909612,-0.0228275090388008,0.281660436464007,-0.0228275090388008,0,insufficient_gain,0.0644624899088602,0.0923574051683027,10.7138906630431,0.000135915270099263,0.000127153833372029
LOS,5,20,13,20261109,5.00145929935043,4.99728568886633,5.00145929935043,0.00145929935043032,-0.00271431113366916,0.00145929935043032,0,candidate_invalid,0.0817748585245638,0.00290494299014821,87.1020445302009,0.000135469227463325,0.00012439125055308
LOS,5,20,14,20261109,4.98810849693184,5.574799367072,4.98810849693184,-0.0118915030681572,0.574799367072004,-0.0118915030681572,0,insufficient_gain,0.167196693122121,0.124593602984804,15.0818202463223,0.000160140500132355,0.000133365538075303
LOS,5,20,15,20261109,4.98545913539019,4.87857939424626,4.98545913539019,-0.0145408646098133,-0.121420605753741,-0.0145408646098133,0,insufficient_gain,0.18847557202942,0.0211671611458335,23.529271799715,0.000128458451865487,0.000104247171668126
LOS,5,20,16,20261109,4.99448974066842,5.3049968297333,4.99448974066842,-0.00551025933158478,0.304996829733302,-0.00551025933158478,0,insufficient_gain,0.0057869405011688,0.132556176219542,6.94079684666886,0.000150850728364293,0.000149977764174691
LOS,5,20,17,20261109,5.00770214606859,5.00488987242728,5.00770214606859,0.00770214606859021,0.00488987242727923,0.00770214606859021,0,candidate_invalid,0.426825363900814,0.00589277596180351,79.5054721181015,0.000152585311848696,8.74580305929573e-05
LOS,5,20,18,20261109,4.99592359273829,4.9985550319069,4.99592359273829,-0.00407640726171365,-0.00144496809309835,-0.00407640726171365,0,candidate_invalid,0.357803537242768,0.00409841217151417,80.8329432852973,8.73163692984846e-05,5.6074263504291e-05
LOS,5,20,19,20261109,4.98350198456794,5.51390165016386,4.98350198456794,-0.0164980154320586,0.513901650163863,-0.0164980154320586,0,insufficient_gain,0.167688091389286,0.107328526362629,16.4818626946774,0.000196850891033495,0.000163841340827808
LOS,5,20,20,20261109,4.9918016194493,5.90493240099494,4.9918016194493,-0.00819838055070399,0.904932400994937,-0.00819838055070399,0,insufficient_gain,0.49154569839298,0.204149499992265,13.064777312182,0.000157797538931082,8.02328374525096e-05
LOS,5,20,21,20261109,4.96132725355708,4.99455382238656,4.96132725355708,-0.0386727464429208,-0.00544617761343602,-0.0386727464429208,0,insufficient_gain,0.00137751071269168,0.02244177460167,5.56438554527421,9.44062952925595e-05,9.42762496094485e-05
LOS,5,20,22,20261109,4.99954286244567,4.89066261301391,4.99954286244567,-0.00045713755432697,-0.109337386986095,-0.00045713755432697,0,insufficient_gain,0.443498757632007,0.171201367177572,7.13235284702983,8.30877432203003e-05,4.62384323276499e-05
LOS,5,20,23,20261109,4.99870205346616,4.95622488575096,4.99870205346616,-0.00129794653384341,-0.0437751142490406,-0.00129794653384341,0,candidate_invalid,0.0242913301779036,0.0154019950720186,13.494657681713,9.63223341581276e-05,9.39825365355862e-05
LOS,5,20,24,20261109,4.9956868259603,4.97402493710414,4.9956868259603,-0.00431317403969533,-0.0259750628958582,-0.00431317403969533,0,candidate_invalid,0.0546079684503574,0.0131157676856045,13.9562441233113,8.38036308414836e-05,7.92272848124664e-05
LOS,5,20,25,20261109,4.99766130962024,4.96694287843187,4.99766130962024,-0.00233869037976042,-0.0330571215681346,-0.00233869037976042,0,candidate_invalid,0.00200348742073362,0.0196889815471515,7.27095955355223,0.00014289946543955,0.000142613168158112
LOS,5,20,26,20261109,4.99386350225416,4.72346361840171,4.99386350225416,-0.00613649774584246,-0.276536381598291,-0.00613649774584246,0,insufficient_gain,0.0678098636160337,0.0707933257346576,14.7125184495857,0.000121587490251596,0.000113342659120219
LOS,5,20,27,20261109,4.99775517463813,5.1776313960183,4.99775517463813,-0.00224482536186876,0.177631396018295,-0.00224482536186876,0,insufficient_gain,0.467876679553561,0.06031774153848,15.3493878941401,0.000194423772217567,0.000103457423246134
LOS,5,20,28,20261109,5.00420095502257,5.11171325531674,5.00420095502257,0.00420095502257034,0.11171325531674,0.00420095502257034,0,insufficient_gain,0.207067007510023,0.199733671289949,5.01350627778685,0.000117192951602174,9.2926157812645e-05
LOS,5,20,29,20261109,4.97065166545907,4.9689455220626,4.97065166545907,-0.0293483345409298,-0.0310544779374018,-0.0293483345409298,0,candidate_invalid,0,3.28950157887549e-08,5.08640258523503,0.000117371032848146,0.000117371036422842
LOS,5,20,30,20261109,4.96630470280885,5.16984671471665,4.96630470280885,-0.0336952971911542,0.169846714716646,-0.0336952971911542,0,insufficient_gain,0.0112587963614039,0.157883783783516,5.00927620558666,9.90038865571474e-05,9.7889221959413e-05
LOS,5,20,31,20261109,5.00784602794889,5.01213070210783,5.00784602794889,0.00784602794888745,0.0121307021078341,0.00784602794888745,0,candidate_invalid,0.49211186607818,0.00509302583623604,79.6414607899493,9.70771431698658e-05,4.93043290910045e-05
LOS,5,20,32,20261109,4.99664684806767,5.44145344356403,4.99664684806767,-0.00335315193232688,0.441453443564034,-0.00335315193232688,0,insufficient_gain,0.0298017587040211,0.181980862835211,6.8719956367323,0.000101282304822092,9.82639140127972e-05
LOS,5,20,33,20261109,5.00035483053867,4.96426643971394,5.00035483053867,0.00035483053867047,-0.035733560286058,0.00035483053867047,0,insufficient_gain,0.00245981726695053,0.0332127446269443,5.91090362222537,0.00019549408398567,0.000195013204262295
LOS,5,20,34,20261109,5.0013889349846,4.66131571359336,5.0013889349846,0.00138893498459502,-0.338684286406641,0.00138893498459502,0,insufficient_gain,0.30319504935317,0.157610561857033,10.1774012991877,0.000111717013974166,7.78449684086802e-05
LOS,5,20,35,20261109,4.98596685562712,5.14102113509778,4.98596685562712,-0.0140331443728776,0.141021135097782,-0.0140331443728776,0,insufficient_gain,0.0193329201663885,0.0459666525603537,11.482800817046,7.42535895128515e-05,7.28180507947318e-05
LOS,5,20,36,20261109,5.00963106449042,5.03793929977216,5.00963106449042,0.00963106449042073,0.037939299772157,0.00963106449042073,0,candidate_invalid,0.000469865234510151,0.00948726774487359,11.3893766123993,0.000184513171901823,0.000184426475577038
LOS,5,20,37,20261109,5.01418559312583,4.96178121671293,5.01418559312583,0.0141855931258297,-0.0382187832870695,0.0141855931258297,0,candidate_invalid,0.337392354738138,0.0143036442941375,23.744425226028,7.23144255043717e-05,4.79160912019161e-05
LOS,5,20,38,20261109,4.97978205755288,5.63508468411117,4.97978205755288,-0.0202179424471245,0.63508468411117,-0.0202179424471245,0,insufficient_gain,0.233661663123862,0.18210180650243,10.4972143282247,0.000128732876686355,9.86529386211021e-05
LOS,5,20,39,20261109,4.9907432283484,4.97538786179405,4.9907432283484,-0.00925677165159833,-0.0246121382059457,-0.00925677165159833,0,insufficient_gain,0.00743566237321106,0.0450154946524838,5.30169264166797,0.000159230207832151,0.000158046225767094
LOS,5,20,40,20261109,4.99697208360212,5.42914370058398,4.99697208360212,-0.00302791639788058,0.42914370058398,-0.00302791639788058,0,insufficient_gain,0.0184571862901493,0.13382008875703,9.67059445926769,0.000122363074351872,0.000120104596293524
LOS,5,20,41,20261109,5.03532482092411,5.58174337658689,5.03532482092411,0.0353248209241066,0.581743376586894,0.0353248209241066,0,insufficient_gain,0.0784201443158875,0.142409224025834,11.6164318747911,0.00012483482317438,0.000115045258325397
LOS,5,20,42,20261109,4.99131442104378,4.99237774620686,4.99131442104378,-0.00868557895621613,-0.00762225379313541,-0.00868557895621613,0,candidate_invalid,0,1.06769891588921e-07,5.00544161239328,0.000114006366759734,0.000114006367819108
LOS,5,20,43,20261109,4.99525063413638,5.04137064132366,4.99525063413638,-0.00474936586361618,0.041370641323665,-0.00474936586361618,0,insufficient_gain,0.00110799545806567,0.031297715357229,5.33728451866591,0.000161883864184365,0.000161704497598114
LOS,5,20,44,20261109,4.96548978480706,4.95662441151615,4.96548978480706,-0.0345102151929435,-0.0433755884838467,-0.0345102151929435,0,candidate_invalid,0.17552367883996,0.00291539260984522,58.6188335050897,8.63081719701952e-05,7.11590441120347e-05
LOS,5,20,45,20261109,4.99343448512118,5.5502993565099,4.99343448512118,-0.0065655148788224,0.550299356509896,-0.0065655148788224,0,insufficient_gain,0.0607498603388936,0.17623121777691,9.07152678776206,9.96048271286742e-05,9.35538477915276e-05
LOS,5,20,46,20261109,4.99097077686041,4.99212376227762,4.99097077686041,-0.00902922313958943,-0.00787623772237644,-0.00902922313958943,0,candidate_invalid,0.143163014522313,0.00277045897108211,75.8806200964337,0.000103512061783162,8.86929629788646e-05
LOS,5,20,47,20261109,5.03591506772927,4.8905299136768,5.03591506772927,0.0359150677292659,-0.109470086323199,0.0359150677292659,0,insufficient_gain,0.0921893551963275,0.144200432087965,6.32415274728731,0.000113917925451457,0.000103415905358784
LOS,5,20,48,20261109,5.00440744347519,5.6339372211287,5.00440744347519,0.00440744347518773,0.633937221128702,0.00440744347518773,0,insufficient_gain,0.105653644214569,0.173417668348683,10.5756335274962,0.000130206428213375,0.000116449644572469
LOS,5,20,49,20261109,4.97387133562709,5.10652368347216,4.97387133562709,-0.0261286643729077,0.10652368347216,-0.0261286643729077,0,insufficient_gain,0.0279702504716808,0.109793858681699,5.00000243456657,0.000131935071052025,0.000128244814068701
LOS,5,20,50,20261109,4.9994349694845,4.76363314055694,4.9994349694845,-0.000565030515500275,-0.236366859443061,-0.000565030515500275,0,insufficient_gain,0.164250807469296,0.0365674792618488,27.630067390655,0.000141777536067256,0.000118490461287202
LOS,10,20,1,20261109,10.0062898647916,9.51893299317997,10.0062898647916,0.00628986479160787,-0.48106700682003,0.00628986479160787,0,insufficient_gain,0.138664567770026,0.145622763796171,13.6173928143531,0.000180145082885552,0.000155165342831332
LOS,10,20,2,20261109,10.0199293436722,10.1547527080542,10.0199293436722,0.0199293436722208,0.154752708054229,0.0199293436722208,0,insufficient_gain,0.0605955931356238,0.130578229375593,5.00642200859133,8.33106041870924e-05,7.82623487118883e-05
LOS,10,20,3,20261109,10.0047997520041,10.0044805694539,10.0047997520041,0.00479975200411431,0.00448056945391073,0.00479975200411431,0,candidate_invalid,0.0297701151812586,0.00136330777634877,52.6485156624433,0.000112935645278256,0.000109573538110252
LOS,10,20,4,20261109,9.98741097199737,9.93584609079852,9.98741097199737,-0.0125890280026315,-0.064153909201476,-0.0125890280026315,0,candidate_invalid,0.634359337579926,0.0108621010925194,48.2381011144562,0.000167944844955192,6.14074643594531e-05
LOS,10,20,5,20261109,10.004386672115,9.75270034250921,10.004386672115,0.00438667211499144,-0.247299657490789,0.00438667211499144,0,insufficient_gain,0.0845227732147095,0.0933451991672825,11.0855793269836,0.000142102920104747,0.000130091987215586
LOS,10,20,6,20261109,10.01004197706,9.92354777123357,10.01004197706,0.0100419770599771,-0.0764522287664278,0.0100419770599771,0,insufficient_gain,0.129382954949042,0.0616538253717825,7.70235678418796,5.59128158561517e-05,4.86786505211612e-05
LOS,10,20,7,20261109,10.0035773200617,10.2544376391783,10.0035773200617,0.00357732006167311,0.254437639178313,0.00357732006167311,0,insufficient_gain,0.00642707502236891,0.0775736333697382,10.3326637168926,0.000222806623423999,0.000221374628539772
LOS,10,20,8,20261109,9.99714104827003,10.0060578373183,9.99714104827003,-0.00285895172996575,0.0060578373182949,-0.00285895172996575,0,insufficient_gain,0.126811497243365,0.117307834861162,6.16106177454707,0.000118955117621278,0.000103870241050963
LOS,10,20,9,20261109,9.9857705942884,9.98523218751014,9.9857705942884,-0.0142294057116015,-0.0147678124898647,-0.0142294057116015,0,candidate_invalid,0.207453422825125,0.00468783239896155,99.9995568012121,0.000173880971465312,0.000137808768770675
LOS,10,20,10,20261109,9.98360082541935,9.82645277757979,9.98360082541935,-0.0163991745806467,-0.173547222420206,-0.0163991745806467,0,insufficient_gain,0.124135495473544,0.0291887173564708,23.7512385377339,0.000224074743955693,0.000196259114591646
LOS,10,20,11,20261109,9.98274282993337,9.94384127607221,9.98274282993337,-0.0172571700666264,-0.0561587239277888,-0.0172571700666264,0,candidate_invalid,0.0759637759711828,0.00614396536048484,40.9167077397964,0.000161425440949881,0.000149162954917514
LOS,10,20,12,20261109,9.97977622715345,9.93396955871023,9.97977622715345,-0.0202237728465509,-0.0660304412897688,-0.0202237728465509,0,insufficient_gain,0.0414185761129185,0.041394123410938,9.25545513654211,0.000158181811596991,0.000151630146193682
LOS,10,20,13,20261109,9.97829723931665,10.108283199068,9.97829723931665,-0.0217027606833522,0.108283199067975,-0.0217027606833522,0,insufficient_gain,0.0347528813005599,0.0284873155721901,16.5981139281128,0.000107109819488471,0.000103387444645664
LOS,10,20,14,20261109,10.0065895640911,10.366482609106,10.0065895640911,0.00658956409113465,0.366482609106001,0.00658956409113465,0,insufficient_gain,0.0624430910985895,0.0829796370978661,14.2842318024341,0.000101236077892919,9.49145842585875e-05
LOS,10,20,15,20261109,10.005044242993,10.2961541489585,10.005044242993,0.00504424299301931,0.296154148958493,0.00504424299301931,0,insufficient_gain,0.0398043653523424,0.108261245538111,8.69847106714711,0.00018454118767619,0.000177195642819372
LOS,10,20,16,20261109,9.98820851105793,10.2440412137558,9.98820851105793,-0.0117914889420749,0.2440412137558,-0.0117914889420749,0,insufficient_gain,0.0183669530004731,0.125547318546885,6.30023570877798,0.000138953530700592,0.000136401377732964
LOS,10,20,17,20261109,9.98587192421738,9.99348023223401,9.98587192421738,-0.0141280757826205,-0.00651976776599383,-0.0141280757826205,0,candidate_invalid,0.263867641522575,0.00486667875562501,94.9912592045074,0.000163455214978514,0.000120324672907568
LOS,10,20,18,20261109,9.98248477675673,9.98288952661039,9.98248477675673,-0.0175152232432723,-0.0171104733896073,-0.0175152232432723,0,candidate_invalid,0.113430766337391,0.00351041199117454,99.9999685873564,0.000186322932229643,0.000165188179240605
LOS,10,20,19,20261109,10.0045069508799,10.1623460478874,10.0045069508799,0.00450695087993047,0.162346047887436,0.00450695087993047,0,insufficient_gain,0.00779714725211041,0.105228114786866,5.02946593181397,0.000197525190888115,0.000195985057888759
LOS,10,20,20,20261109,10.0156033653297,9.95847632752689,10.0156033653297,0.0156033653297118,-0.0415236724731081,0.0156033653297118,0,insufficient_gain,0.121200365468211,0.0925163500654263,7.05806445423651,9.20788337754885e-05,8.09188454700127e-05
LOS,10,20,21,20261109,9.99397608703996,10.5802982282758,9.99397608703996,-0.00602391296004079,0.580298228275808,-0.00602391296004079,0,insufficient_gain,0.1655954504271,0.248510511493543,6.37120927332247,0.000146781773157745,0.0001224753793172
LOS,10,20,22,20261109,9.99657133592985,9.97891635849853,9.99657133592985,-0.00342866407014952,-0.0210836415014732,-0.00342866407014952,0,candidate_invalid,0.0698912875155522,0.00326976572789662,39.8290572786594,7.41762125009426e-05,6.89919415062246e-05
LOS,10,20,23,20261109,10.0070460249451,10.0060911253026,10.0070460249451,0.00704602494508499,0.00609112530256795,0.00704602494508499,0,candidate_invalid,0.0910744969033048,0.00306672985327573,99.9644374724483,0.000170819917499898,0.000155262579452531
LOS,10,20,24,20261109,9.99770095766655,9.78985220691174,9.99770095766655,-0.00229904233345124,-0.210147793088264,-0.00229904233345124,0,insufficient_gain,0.123774683542053,0.0840975905604345,10.4408388648733,8.26556562727454e-05,7.24249785746256e-05
LOS,10,20,25,20261109,9.9807223099912,10.6395520036274,9.9807223099912,-0.019277690008801,0.639552003627379,-0.019277690008801,0,insufficient_gain,0.135156076320671,0.243064727993088,7.23999323371923,0.000151833744412633,0.000131312491264746
LOS,10,20,26,20261109,10.0285901950152,10.2868699331561,10.0285901950152,0.0285901950151803,0.28686993315611,0.0285901950151803,0,candidate_invalid,0,0.149321693405516,5.00004802475419,9.50932659198322e-05,9.5263716395344e-05
LOS,10,20,27,20261109,9.99482091791356,9.8480174929771,9.99482091791356,-0.0051790820864408,-0.1519825070229,-0.0051790820864408,0,insufficient_gain,0.057606435972417,0.0626893946395777,9.44663015964878,0.000119437804639189,0.000112557418393555
LOS,10,20,28,20261109,10.0170192493967,10.499762293417,10.0170192493967,0.0170192493966859,0.499762293416957,0.0170192493966859,0,insufficient_gain,0.189557346972562,0.166964624357581,8.69472399931941,0.000119196809018618,9.66021781334536e-05
LOS,10,20,29,20261109,10.0054914863649,10.7271203958236,10.0054914863649,0.00549148636493157,0.727120395823647,0.00549148636493157,0,insufficient_gain,0.305976842502251,0.27310418835136,6.90402495270491,0.000146014411675166,0.000101337383030975
LOS,10,20,30,20261109,9.9672512265604,10.0499909089107,9.9672512265604,-0.0327487734396037,0.0499909089107469,-0.0327487734396037,0,insufficient_gain,0.00798836246820948,0.0689469543522504,5.00074524658379,6.70728807843357e-05,6.65370783008434e-05
LOS,10,20,31,20261109,10.0235710439112,10.0138616440424,10.0235710439112,0.0235710439111827,0.013861644042386,0.0235710439111827,0,candidate_invalid,0.0399360980490727,0.0108368140886691,15.6746949985949,0.000113741591503125,0.000109199196152598
LOS,10,20,32,20261109,10.0014386613123,10.3550944889871,10.0014386613123,0.00143866131233672,0.355094488987149,0.00143866131233672,0,insufficient_gain,0.0849149797055637,0.0782722176366924,15.3190323683244,0.000193002534754738,0.000176613728432917
LOS,10,20,33,20261109,9.98589696937493,10.5064402248259,9.98589696937493,-0.0141030306250745,0.506440224825905,-0.0141030306250745,0,insufficient_gain,0.0523722828540769,0.226982948505029,6.12314682050799,8.8505677985351e-05,8.38704335837104e-05
LOS,10,20,34,20261109,10.0021996995865,10.3712043636051,10.0021996995865,0.00219969958647859,0.371204363605116,0.00219969958647859,0,insufficient_gain,0.095209665766809,0.0906567881608342,13.207037642188,7.67015940223992e-05,6.93988608917451e-05
LOS,10,20,35,20261109,10.0094197303436,10.0089069204436,10.0094197303436,0.00941973034359123,0.00890692044362495,0.00941973034359123,0,candidate_invalid,0.117256244730043,0.00300641702500584,99.7203290023432,0.000104001740510506,9.18068869728561e-05
LOS,10,20,36,20261109,10.0158583117064,9.84591570039255,10.0158583117064,0.0158583117063849,-0.154084299607447,0.0158583117063849,0,insufficient_gain,0.103408972232731,0.103644796786437,8.29077994043081,0.000159747157766343,0.000143227868364626
LOS,10,20,37,20261109,9.99609919019801,9.99578222899684,9.99609919019801,-0.00390080980199059,-0.00421777100315879,-0.00390080980199059,0,candidate_invalid,0,4.05954439103881e-06,5.02962948599983,8.79380745912872e-05,8.79381030063353e-05
LOS,10,20,38,20261109,9.99622565790188,10.6896747948579,9.99622565790188,-0.00377434209812044,0.689674794857865,-0.00377434209812044,0,insufficient_gain,0.276330830354261,0.222149949688666,8.64748334054265,0.000107917674038616,7.80966935616245e-05
LOS,10,20,39,20261109,9.99659072684724,10.0202233752425,9.99659072684724,-0.00340927315275685,0.0202233752425407,-0.00340927315275685,0,candidate_invalid,0.0306581060520176,0.00369560606521883,30.6885573119029,4.66007931478885e-05,4.51721010894524e-05
LOS,10,20,40,20261109,9.98693726119327,9.92248531435819,9.98693726119327,-0.013062738806731,-0.0775146856418125,-0.013062738806731,0,candidate_invalid,0.0607062389988802,0.0161558597983261,15.9217681355139,4.49936087607572e-05,4.22622159939046e-05
LOS,10,20,41,20261109,10.0213989612391,10.0316249990768,10.0213989612391,0.0213989612391483,0.0316249990767759,0.0213989612391483,0,candidate_invalid,0.18167963558143,0.00483809189841052,99.9252578184468,0.000139867406095506,0.000114456346726355
LOS,10,20,42,20261109,10.0271544006865,10.0372900538305,10.0271544006865,0.0271544006865465,0.0372900538305458,0.0271544006865465,0,candidate_invalid,5.74281076369653e-05,0.00540940692503025,5.98302517343506,0.000132530168011735,0.000132522557054982
LOS,10,20,43,20261109,9.99377866396184,10.7819975838698,9.99377866396184,-0.00622133603815911,0.781997583869845,-0.00622133603815911,0,insufficient_gain,0.1448001666223,0.256059838669555,8.10133734283496,0.000244525949992802,0.000209118551690368
LOS,10,20,44,20261109,10.0040802220163,10.3373708103019,10.0040802220163,0.0040802220163485,0.337370810301879,0.0040802220163485,0,insufficient_gain,0.0846879429689493,0.0639281776805062,18.5305734890569,0.00019642874664072,0.000179793600147748
LOS,10,20,45,20261109,9.95620487692486,9.95777208672731,9.95620487692486,-0.043795123075137,-0.0422279132726899,-0.043795123075137,0,candidate_invalid,0.121532327758076,0.00310706590082985,99.9953476692705,0.000123209381160505,0.000108235458266437
LOS,10,20,46,20261109,9.99009867728235,10.0189214835922,9.99009867728235,-0.00990132271764743,0.018921483592198,-0.00990132271764743,0,candidate_invalid,0.020928268227671,0.00579654814230713,23.5063073166626,9.64223067132508e-05,9.44043548152251e-05
LOS,10,20,47,20261109,9.97482188767023,9.97740559453239,9.97482188767023,-0.0251781123297672,-0.0225944054676148,-0.0251781123297672,0,candidate_invalid,0.377320166732406,0.00498368262512883,90.3549150784138,0.000114808641738628,7.14890258954881e-05
LOS,10,20,48,20261109,9.9596833535619,9.72378828376541,9.9596833535619,-0.0403166464380984,-0.276211716234588,-0.0403166464380984,0,insufficient_gain,0.300298713413243,0.0390070639531631,26.1986922259173,0.000125611873953213,8.78907898156367e-05
LOS,10,20,49,20261109,10.0063505972937,10.0693687212091,10.0063505972937,0.00635059729366816,0.0693687212091447,0.00635059729366816,0,insufficient_gain,0.0205674553077712,0.0430795486947844,7.7997635208687,0.000147297557422599,0.000144268021493366
LOS,10,20,50,20261109,10.0161307382541,10.3015783770979,10.0161307382541,0.0161307382541125,0.30157837709789,0.0161307382541125,0,insufficient_gain,0.0542478970017075,0.15423643602919,6.0074702949916,0.000178118517529136,0.000168455962536118
LOS,15,20,1,20261109,15.0159548251884,15.0166631944663,15.0159548251884,0.0159548251883912,0.016663194466279,0.0159548251883912,0,candidate_invalid,0.00136178936894657,0.000293341084989851,56.3520007212668,0.000105596778977368,0.000105452978406362
LOS,15,20,2,20261109,15.0173967893196,15.0148435404269,15.0173967893196,0.0173967893195695,0.0148435404269094,0.0173967893195695,0,candidate_invalid,0,2.93862652265583e-13,44.806229416649,0.000180502481917033,0.000180502481917699
LOS,15,20,3,20261109,14.9726620660249,15.3895328573207,14.9726620660249,-0.0273379339751383,0.389532857320722,-0.0273379339751383,0,insufficient_gain,0.0035327362583521,0.221120793134122,5.00019501803671,8.08971523960089e-05,8.06113640925421e-05
LOS,15,20,4,20261109,14.9820755068551,15.2961373400954,14.9820755068551,-0.0179244931448981,0.296137340095378,-0.0179244931448981,0,insufficient_gain,0.0229306877719397,0.194514576070297,5.00000063834992,0.000186070531729809,0.000181803806463154
LOS,15,20,5,20261109,14.9906060026133,15.5071125268279,14.9906060026133,-0.0093939973866668,0.507112526827896,-0.0093939973866668,0,insufficient_gain,0.457870999274168,0.0971004466981794,18.2004018228453,0.000108045672716051,5.85746925823027e-05
LOS,15,20,6,20261109,15.0044940337237,15.6876542797294,15.0044940337237,0.00449403372365076,0.687654279729443,0.00449403372365076,0,insufficient_gain,0.385886275446348,0.170263469757954,12.1196660454675,0.000138849172526267,8.52691824912988e-05
LOS,15,20,7,20261109,14.9688145076383,15.4559779250747,14.9688145076383,-0.031185492361697,0.455977925074663,-0.031185492361697,0,insufficient_gain,0.0716758086127835,0.184264901875284,7.55409511423769,0.000137119495599913,0.000127291344876213
LOS,15,20,8,20261109,14.9735196271985,15.358737704817,14.9735196271985,-0.0264803728015419,0.358737704817017,-0.0264803728015419,0,insufficient_gain,0.143660283736561,0.217890672489317,5.00017335401962,5.01608443084223e-05,4.29547231826088e-05
LOS,15,20,9,20261109,15.0099250757433,14.9797251526948,15.0099250757433,0.00992507574333779,-0.0202748473052452,0.00992507574333779,0,candidate_invalid,0.119602050155102,0.00442691586338634,49.2960295407682,6.67174426234318e-05,5.8737899704564e-05
LOS,15,20,10,20261109,14.9944803702083,14.9945411147186,14.9944803702083,-0.00551962979170284,-0.00545888528144545,-0.00551962979170284,0,candidate_invalid,0,3.51400722622304e-13,46.4855750884912,0.000180619125310866,0.000180619125313086
LOS,15,20,11,20261109,14.9785418069815,15.3325274430645,14.9785418069815,-0.0214581930184714,0.332527443064492,-0.0214581930184714,0,insufficient_gain,0.021590559669088,0.199228163537753,5.00000058460934,0.00012541310782388,0.000122705368636122
LOS,15,20,12,20261109,14.9954915460053,15.4220378410372,14.9954915460053,-0.00450845399467248,0.422037841037209,-0.00450845399467248,0,insufficient_gain,0.00395014973897923,0.205226523024074,5.58965743641967,0.000109157481314348,0.000108726292918027
LOS,15,20,13,20261109,14.976371292202,14.9756852081114,14.976371292202,-0.0236287077980464,-0.0243147918886137,-0.0236287077980464,0,candidate_invalid,1.34339928258229e-10,6.74356075763126e-13,46.7835953241492,0.000125617083417406,0.000125617083400531
LOS,15,20,14,20261109,15.0012452291505,15.9010415451149,15.0012452291505,0.00124522915049674,0.901041545114875,0.00124522915049674,0,insufficient_gain,0.255017117978327,0.250651278443957,9.49776611130894,8.19720685374392e-05,6.10677878642996e-05
LOS,15,20,15,20261109,15.0045558841129,15.0217517529862,15.0045558841129,0.00455588411288943,0.0217517529862477,0.00455588411288943,0,candidate_invalid,0.110245369770904,0.00390277795557241,36.2867731789817,6.24242680855591e-05,5.55422815677886e-05
LOS,15,20,16,20261109,14.993764074191,15.3578209425355,14.993764074191,-0.00623592580899057,0.357820942535515,-0.00623592580899057,0,insufficient_gain,0.0233141986714103,0.205888002769268,5.00000586366905,0.00016694701211728,0.000163054776309179
LOS,15,20,17,20261109,14.9619943667408,15.2443316189859,14.9619943667408,-0.0380056332592158,0.24433161898587,-0.0380056332592158,0,insufficient_gain,0.10870236158844,0.206213811177232,5.00004939890077,0.000163235685448182,0.000145491580944457
LOS,15,20,18,20261109,14.9883511977908,15.3996680160514,14.9883511977908,-0.0116488022092085,0.399668016051375,-0.0116488022092085,0,insufficient_gain,0.0677911158127396,0.227704370288154,5.00000572486328,9.08506523316088e-05,8.46917852377338e-05
LOS,15,20,19,20261109,14.9887223327456,15.4365789132104,14.9887223327456,-0.0112776672544168,0.436578913210365,-0.0112776672544168,0,insufficient_gain,0.012884858106097,0.234872159284952,5.00232887464482,7.25318774952299e-05,7.15973145455351e-05
LOS,15,20,20,20261109,14.9975749351908,14.9803599272391,14.9975749351908,-0.00242506480915949,-0.0196400727609287,-0.00242506480915949,0,candidate_invalid,0.113322516080184,0.00585570728928726,32.5397603795345,0.00012604406329908,0.000111760432909058
LOS,15,20,21,20261109,15.000377144972,15.7570388876878,15.000377144972,0.000377144972038224,0.757038887687834,0.000377144972038224,0,insufficient_gain,0.0656847351979654,0.253929674307259,7.6816533718796,9.40835420988329e-05,8.79036895495844e-05
LOS,15,20,22,20261109,14.9794551631951,14.9710349280319,14.9794551631951,-0.0205448368049215,-0.0289650719680736,-0.0205448368049215,0,candidate_invalid,0.0306654922670995,0.00203444353840425,63.1225654080549,0.000152110854782839,0.000147446300541754
LOS,15,20,23,20261109,14.9900730979764,15.509090160267,14.9900730979764,-0.00992690202363988,0.509090160266993,-0.00992690202363988,0,insufficient_gain,0.165791648045458,0.128348387536792,12.6301288914939,9.77479392538783e-05,8.15421473119304e-05
LOS,15,20,24,20261109,15.0147848138311,15.4255442585773,15.0147848138311,0.0147848138310742,0.425544258577261,0.0147848138310742,0,insufficient_gain,0.172133009053027,0.245078226436964,5.17854269272406,0.000167107382250675,0.000138342685708892
LOS,15,20,25,20261109,15.0009440096001,15.5367699307789,15.0009440096001,0.000944009600148732,0.536769930778901,0.000944009600148732,0,insufficient_gain,0.122258613888705,0.159712037691453,10.1010905991607,0.000186410511676893,0.000163620220904992
LOS,15,20,26,20261109,14.9782193001972,15.47101182482,14.9782193001972,-0.0217806998028358,0.471011824819982,-0.0217806998028358,0,insufficient_gain,0.542891091430523,0.221530681428901,7.30293914336477,0.000164020051828695,7.49750268749239e-05
LOS,15,20,27,20261109,14.9884282447974,15.1876077773164,14.9884282447974,-0.0115717552026364,0.18760777731643,-0.0115717552026364,0,insufficient_gain,0.146982828255913,0.0551348243246776,13.6023167822462,0.000127685785184406,0.000108918167349925
LOS,15,20,28,20261109,14.977628194091,14.97825605545,14.977628194091,-0.0223718059090441,-0.0217439445500212,-0.0223718059090441,0,candidate_invalid,0.274007993852217,0.00592196212594973,91.8177850361645,0.000225284791774971,0.000163554957935297
LOS,15,20,29,20261109,14.9546841527946,15.5935214534574,14.9546841527946,-0.0453158472053889,0.593521453457416,-0.0453158472053889,0,insufficient_gain,0.105344641733241,0.188281778733311,9.64386541409198,7.49661204411112e-05,6.70688413411114e-05
LOS,15,20,30,20261109,15.0051359375357,15.1223953483944,15.0051359375357,0.00513593753571762,0.122395348394361,0.00513593753571762,0,insufficient_gain,0.00571038527521373,0.0814708026627867,5.01843412221982,0.000132404384899143,0.000131648304849241
LOS,15,20,31,20261109,15.020935639871,15.6530642679555,15.020935639871,0.0209356398710057,0.653064267955507,0.0209356398710057,0,insufficient_gain,0.138823191428702,0.181452975908389,10.1357364979223,0.000164218182578946,0.000141420890382715
LOS,15,20,32,20261109,14.9895238255744,15.368918351354,14.9895238255744,-0.0104761744256017,0.368918351353976,-0.0104761744256017,0,insufficient_gain,0.0409748000758327,0.211059208084495,5.00024365948277,0.000100981698895941,9.6843993972362e-05
LOS,15,20,33,20261109,14.996740360527,14.9224313986282,14.996740360527,-0.00325963947301666,-0.0775686013717944,-0.00325963947301666,0,insufficient_gain,0.458948560707279,0.214364034756839,6.80496818437047,0.000123152251054082,6.66317026849494e-05
LOS,15,20,34,20261109,14.9921046382553,15.412306648739,14.9921046382553,-0.00789536174472438,0.412306648738998,-0.00789536174472438,0,insufficient_gain,0.0472091116780581,0.0998046876992338,13.5960518341311,0.000158126731168773,0.00015066170865774
LOS,15,20,35,20261109,14.9954927740748,14.9839913073565,14.9954927740748,-0.004507225925245,-0.0160086926434673,-0.004507225925245,0,candidate_invalid,0.224925966672444,0.00488692755450276,97.2026829727544,0.000196418675442622,0.000152239014996169
LOS,15,20,36,20261109,14.9923507176064,15.3322743047411,14.9923507176064,-0.00764928239355633,0.332274304741095,-0.00764928239355633,0,insufficient_gain,0.121452504654277,0.185839872977338,5.50285121867807,7.88173398109659e-05,6.92447764807369e-05
LOS,15,20,37,20261109,15.0351893523012,15.0274982284342,15.0351893523012,0.035189352301229,0.0274982284341974,0.035189352301229,0,candidate_invalid,0.0100144354055185,0.00989642831011443,13.8573746105916,0.000179917127551832,0.000178115359099618
LOS,15,20,38,20261109,14.9688484336603,15.0051984627245,14.9688484336603,-0.0311515663396538,0.00519846272449342,-0.0311515663396538,0,candidate_invalid,0.0578810845306835,0.0049968166398364,41.456706587534,0.00013332353651907,0.00012560662563188
LOS,15,20,39,20261109,15.0089680155135,15.5561563049786,15.0089680155135,0.00896801551350102,0.556156304978604,0.00896801551350102,0,insufficient_gain,0.231991873111162,0.16646606716909,9.81140859798239,0.000106633924478405,8.18957206014659e-05
LOS,15,20,40,20261109,15.011901116186,15.5557367361787,15.011901116186,0.0119011161859675,0.555736736178659,0.0119011161859675,0,insufficient_gain,0.0572501013770316,0.213371351893339,6.89090754449376,6.0889993960922e-05,5.74040356338124e-05
LOS,15,20,41,20261109,14.9882817543865,15.7452950939388,14.9882817543865,-0.0117182456134746,0.745295093938779,-0.0117182456134746,0,insufficient_gain,0.0991673351257865,0.223595033564001,9.20035288717316,0.000100536301749221,9.05663846213489e-05
LOS,15,20,42,20261109,15.008891195403,14.8297612428776,15.008891195403,0.00889119540301309,-0.17023875712243,0.00889119540301309,0,insufficient_gain,0.145504993660982,0.060056127304389,11.9661587202008,7.20291986620047e-05,6.15485905672841e-05
LOS,15,20,43,20261109,15.0053572100368,15.089784942852,15.0053572100368,0.00535721003677558,0.0897849428520061,0.00535721003677558,0,insufficient_gain,0.0665698715473559,0.123202734358055,5.00570945034471,0.000109306523192965,0.000102030001984721
LOS,15,20,44,20261109,14.9910299671277,14.9367300702415,14.9910299671277,-0.00897003287228593,-0.0632699297584871,-0.00897003287228593,0,candidate_invalid,0.0358145576915926,0.00778678070199335,33.23451384223,9.88933088892363e-05,9.53514887727103e-05
LOS,15,20,45,20261109,14.9952790422261,15.2153395910048,14.9952790422261,-0.00472095777388759,0.215339591004788,-0.00472095777388759,0,insufficient_gain,0.0147782860257012,0.136091564626844,5.00000063469258,7.2465459250326e-05,7.13945439665409e-05
LOS,15,20,46,20261109,15.0167011095148,15.4719562925428,15.0167011095148,0.0167011095147966,0.471956292542792,0.0167011095147966,0,insufficient_gain,0.0764832043065138,0.11668494938458,12.4590154816579,0.000215809898580721,0.000199304066016204
LOS,15,20,47,20261109,15.0083785362087,15.4354601561584,15.0083785362087,0.00837853620872409,0.435460156158449,0.00837853620872409,0,insufficient_gain,0.0127394706413353,0.159207549470732,7.77157290866912,0.00010013375204565,9.88581010512579e-05
LOS,15,20,48,20261109,14.9985562407326,15.3236879688836,14.9985562407326,-0.00144375926741702,0.323687968883597,-0.00144375926741702,0,insufficient_gain,0.460067262042052,0.234720139093637,5.46421170727838,0.00010810384574067,5.83688054145437e-05
LOS,15,20,49,20261109,15.0331345397039,14.9839522969518,15.0331345397039,0.0331345397039353,-0.0160477030481907,0.0331345397039353,0,candidate_invalid,0.0520918711164372,0.00785517488020144,27.6798864232013,0.000117949977120224,0.000111805742113891
LOS,15,20,50,20261109,15.0139333292001,15.0842560833256,15.0139333292001,0.0139333292000945,0.084256083325581,0.0139333292000945,0,insufficient_gain,0.000486975417647095,0.0516765707934173,5.14262464622435,0.000140930673156792,0.000140862043383372
LOS,20,20,1,20261109,20.0162960888225,19.9198512208674,20.0162960888225,0.0162960888224681,-0.0801487791326068,0.0162960888224681,0,insufficient_gain,0.0955991631833942,0.0225990854094523,18.7527547278933,0.000103234829833321,9.33656664898752e-05
LOS,20,20,2,20261109,20.0004265532632,20.3837785802183,20.0004265532632,0.000426553263157103,0.383778580218319,0.000426553263157103,0,insufficient_gain,0.117460896001426,0.0734937933923883,18.0313020563667,0.000150897187752408,0.000133172668874915
LOS,20,20,3,20261109,20.0150136250019,20.467006864145,20.0150136250019,0.0150136250018846,0.467006864144984,0.0150136250018846,0,insufficient_gain,0.189907223547598,0.103803203820759,14.2753786119881,0.000118234260982231,9.57807207508932e-05
LOS,20,20,4,20261109,19.999798368771,19.9986831488945,19.999798368771,-0.000201631229010957,-0.00131685110548574,-0.000201631229010957,0,candidate_invalid,0.213534571604321,0.00355305014435543,85.4456668997178,0.000111678042358232,8.78309194256577e-05
LOS,20,20,5,20261109,20.0060090690027,20.5167959256765,20.0060090690027,0.00600906900267617,0.516795925676483,0.00600906900267617,0,insufficient_gain,0.281309603794635,0.110432831866234,15.2359947946879,0.00013599697187261,9.77397175978556e-05
LOS,20,20,6,20261109,20.0085394186935,20.5059752299226,20.0085394186935,0.00853941869351615,0.505975229922591,0.00853941869351615,0,insufficient_gain,0.393802153099617,0.131281336514127,11.9395083867238,7.53587536861389e-05,4.56823142296336e-05
LOS,20,20,7,20261109,20.0064112296858,19.8835592859519,20.0064112296858,0.00641122968577079,-0.116440714048068,0.00641122968577079,0,insufficient_gain,0.0522210547410795,0.0252487512007342,19.120527563276,0.000141873178989504,0.000134464411943203
LOS,20,20,8,20261109,19.9651052105227,19.9196970701095,19.9651052105227,-0.0348947894772635,-0.080302929890486,-0.0348947894772635,0,candidate_invalid,0.0505730403047421,0.0066238728857653,32.0294926445116,4.90527443257616e-05,4.65719979099166e-05
LOS,20,20,9,20261109,20.0230166312568,20.0272078682524,20.0230166312568,0.0230166312567839,0.0272078682523684,0.0230166312567839,0,candidate_invalid,0.19033906008913,0.00331550426991629,97.0275365885148,0.000120383828794424,9.74700839717624e-05
LOS,20,20,10,20261109,19.9606571857083,19.9510266536743,19.9606571857083,-0.0393428142916648,-0.0489733463257025,-0.0393428142916648,0,candidate_invalid,0.14441731167173,0.00888583865757243,27.2397617562656,0.000152628828697043,0.000130586583573011
LOS,20,20,11,20261109,19.9717654662383,19.8007853522267,19.9717654662383,-0.0282345337617045,-0.199214647773346,-0.0282345337617045,0,insufficient_gain,0.0860194089780697,0.053159443405639,12.92896651537,0.000108891412962997,9.95246379771331e-05
LOS,20,20,12,20261109,19.9972727981162,20.1771518976964,19.9972727981162,-0.00272720188383602,0.17715189769644,-0.00272720188383602,0,insufficient_gain,0.0522140770128249,0.0287258674719452,23.8781438164474,0.000162497490390212,0.000154012833912587
LOS,20,20,13,20261109,19.9997215298409,19.9981017918496,19.9997215298409,-0.000278470159095434,-0.00189820815035091,-0.000278470159095434,0,candidate_invalid,0.227875891180027,0.0036061441525057,99.9999157650789,0.000117594495736784,9.07975452228982e-05
LOS,20,20,14,20261109,20.0119910420539,20.5528334721095,20.0119910420539,0.0119910420539178,0.552833472109512,0.0119910420539178,0,insufficient_gain,0.0289233063529285,0.197588592129575,7.54983355559972,0.000136336284124461,0.000132392988011709
LOS,20,20,15,20261109,19.978760907294,20.0024572559873,19.978760907294,-0.0212390927059616,0.00245725598727375,-0.0212390927059616,0,insufficient_gain,0.0252142679463532,0.0704497329909097,5.03707959228817,9.74895004994814e-05,9.50313741119313e-05
LOS,20,20,16,20261109,19.9684742179833,19.8210137909236,19.9684742179833,-0.0315257820166792,-0.178986209076385,-0.0315257820166792,0,insufficient_gain,0.45085949029642,0.0208408443946423,39.422906248121,0.000196656064601619,0.000107991811551633
LOS,20,20,17,20261109,20.0067051041761,20.3372370239985,20.0067051041761,0.00670510417606351,0.337237023998469,0.00670510417606351,0,insufficient_gain,0.196462417304538,0.0595529193862937,20.3371789520217,0.000149199624860152,0.000119887505899197
LOS,20,20,18,20261109,19.9895360779006,20.1512387908718,19.9895360779006,-0.0104639220994116,0.151238790871773,-0.0104639220994116,0,insufficient_gain,0.0536289668287385,0.0347107150734192,17.0669867261479,0.000116348247920062,0.000110108611591775
LOS,20,20,19,20261109,20.0032042472048,20.0878444680336,20.0032042472048,0.00320424720479195,0.0878444680335519,0.00320424720479195,0,candidate_invalid,0.124754283430199,0.0184043449179241,19.6522532837702,7.65425016919785e-05,6.69934967414409e-05
LOS,20,20,20,20261109,20.0179579611134,20.0180017214074,20.0179579611134,0.0179579611133569,0.0180017214073871,0.0179579611133569,0,candidate_invalid,0.263533240382999,0.00454595086967293,99.970617400732,0.000140673280485615,0.000103601195043934
LOS,20,20,21,20261109,20.0132818291646,19.8840182617177,20.0132818291646,0.0132818291646437,-0.115981738282294,0.0132818291646437,0,insufficient_gain,0.163454142161515,0.0685455295116424,10.2948372046647,9.65596846029815e-05,8.07766041888147e-05
LOS,20,20,22,20261109,20.0227652731439,19.9898244049149,20.0227652731439,0.0227652731438894,-0.0101755950851228,0.0227652731438894,0,candidate_invalid,0.00538840890866062,0.0131882464658604,11.1827202126901,0.000132469513265399,0.000131755713359993
LOS,20,20,23,20261109,19.9995202511264,19.9989402221269,19.9995202511264,-0.000479748873647878,-0.00105977787306699,-0.000479748873647878,0,candidate_invalid,0.154984205531991,0.00377601089767427,88.4427963288965,0.000167264839247894,0.000141341431023623
LOS,20,20,24,20261109,20.0202821593413,19.9819534944137,20.0202821593413,0.0202821593413383,-0.0180465055862555,0.0202821593413383,0,candidate_invalid,0.134515076804169,0.00693608315862306,34.9265298132191,0.000121302089373554,0.000104985129504964
LOS,20,20,25,20261109,20.0118960140073,20.107690566929,20.0118960140073,0.0118960140073376,0.107690566929008,0.0118960140073376,0,insufficient_gain,0.0175370400978018,0.0860660497541359,5.0000537853581,8.06660421044381e-05,7.92513984895216e-05
LOS,20,20,26,20261109,19.9746681720891,20.0167623854488,19.9746681720891,-0.0253318279109358,0.0167623854487893,-0.0253318279109358,0,insufficient_gain,0.00836293944224826,0.0488339954162487,5.00252667816064,9.26936426333125e-05,9.19184513132887e-05
LOS,20,20,27,20261109,20.0046563955248,19.97183320421,20.0046563955248,0.00465639552480113,-0.0281667957899572,0.00465639552480113,0,insufficient_gain,0.136586521006501,0.0753174608340131,6.71210930141777,5.20035983608835e-05,4.49006077809511e-05
LOS,20,20,28,20261109,20.007510758792,20.6985705955818,20.007510758792,0.00751075879198027,0.698570595581756,0.00751075879198027,0,insufficient_gain,0.175444521614178,0.15171863460285,14.1523183408996,0.000241432671920672,0.000199074632293517
LOS,20,20,29,20261109,19.9770406435712,19.9582447162479,19.9770406435712,-0.0229593564287782,-0.0417552837521029,-0.0229593564287782,0,candidate_invalid,0.00913698515572949,0.00686846844590179,14.6468238481032,0.00011242278021073,0.000111395574936779
LOS,20,20,30,20261109,20.0077497856953,20.500808479098,20.0077497856953,0.00774978569530305,0.500808479098026,0.00774978569530305,0,insufficient_gain,0.0335144187236,0.163257624957673,8.78543367506258,0.000197384405298262,0.000190769181689587
LOS,20,20,31,20261109,19.9834608326406,19.9792518729017,19.9834608326406,-0.0165391673593582,-0.020748127098301,-0.0165391673593582,0,candidate_invalid,0,6.60799952712506e-12,11.7345118553017,0.000102962719767286,0.000102962719777056
LOS,20,20,32,20261109,19.9864581222909,20.0038497905159,19.9864581222909,-0.0135418777090841,0.0038497905158863,-0.0135418777090841,0,candidate_invalid,0.000378419554258347,0.0143347473832578,5.03136512662229,9.06800980897682e-05,9.06457829674689e-05
LOS,20,20,33,20261109,20.0019277922386,20.1375873969718,20.0019277922386,0.00192779223858608,0.137587396971789,0.00192779223858608,0,insufficient_gain,0.105825634835445,0.021371064938009,25.3126898584012,7.53876660208874e-05,6.74097184054645e-05
LOS,20,20,34,20261109,19.9982900688796,20.4167649359877,19.9982900688796,-0.00170993112039497,0.416764935987672,-0.00170993112039497,0,insufficient_gain,0.0831894474918773,0.100689885885364,13.4242492846919,9.66598433469468e-05,8.86187643842629e-05
LOS,20,20,35,20261109,20.0085541526017,20.3498322448325,20.0085541526017,0.00855415260172165,0.349832244832509,0.00855415260172165,0,insufficient_gain,0.0787491093363457,0.0709949874844355,16.2535866707695,0.000135995191525407,0.000125285691318755
LOS,20,20,36,20261109,19.9903752655415,19.973585812282,19.9903752655415,-0.00962473445845191,-0.0264141877180393,-0.00962473445845191,0,candidate_invalid,0.00910741183522736,0.0150678794523317,7.34149478645634,4.48969344752914e-05,4.44880396028857e-05
LOS,20,20,37,20261109,19.9987307732449,20.489137174155,19.9987307732449,-0.00126922675506336,0.489137174154983,-0.00126922675506336,0,insufficient_gain,0.115990999726245,0.145728070644586,10.0887601180954,6.86219811107946e-05,6.06624489185581e-05
LOS,20,20,38,20261109,19.9889447026092,19.8609353278144,19.9889447026092,-0.0110552973907652,-0.139064672185562,-0.0110552973907652,0,insufficient_gain,0.257617264990424,0.0262447651357995,23.9777116355374,0.000167963664474247,0.000124693324614622
LOS,20,20,39,20261109,20.0050621847391,20.1741470784157,20.0050621847391,0.00506218473905662,0.1741470784157,0.00506218473905662,0,insufficient_gain,0.0482631079008383,0.0312297469971085,20.0654689430888,9.66694669264356e-05,9.20038980134485e-05
LOS,20,20,40,20261109,19.9934734794382,20.4750001150115,19.9934734794382,-0.00652652056178127,0.475000115011504,-0.00652652056178127,0,insufficient_gain,0.0797042383962747,0.171178270789528,8.28289565014869,0.000188800467417094,0.000173752269952754
LOS,20,20,41,20261109,20.0052494485967,20.0131126608334,20.0052494485967,0.00524944859673582,0.013112660833368,0.00524944859673582,0,candidate_invalid,0.317033999283922,0.00591757953337593,99.9994157295425,0.000166270912260513,0.000113557379981977
LOS,20,20,42,20261109,20.0234649525312,20.8523088553571,20.0234649525312,0.0234649525312136,0.852308855357084,0.0234649525312136,0,insufficient_gain,0.280710618628501,0.201646913136217,11.7878802406729,0.000113571060302631,8.16904577067845e-05
LOS,20,20,43,20261109,20.0245292952551,20.079340827603,20.0245292952551,0.0245292952551495,0.0793408276029695,0.0245292952551495,0,insufficient_gain,0.00651703737078787,0.0570617490571693,5.0048498757801,7.49332312397488e-05,7.44448885714455e-05
LOS,20,20,44,20261109,19.9740226003603,20.0522227509149,19.9740226003603,-0.0259773996396504,0.0522227509148792,-0.0259773996396504,0,insufficient_gain,0.0459081946719964,0.0315886842040573,11.9160296518516,0.00016371380325797,0.00015619799810751
LOS,20,20,45,20261109,19.9936325123771,20.0010554603178,19.9936325123771,-0.00636748762291717,0.00105546031782211,-0.00636748762291717,0,insufficient_gain,0.139049693510954,0.113707315194131,5.97848551755876,8.83201698163028e-05,7.60392772725105e-05
LOS,20,20,46,20261109,19.9985917022641,20.0036357325512,19.9985917022641,-0.00140829773586759,0.00363573255122418,-0.00140829773586759,0,candidate_invalid,0.281915976546931,0.00424453942302417,72.9136566185317,0.000130688067092377,9.38450130349988e-05
LOS,20,20,47,20261109,19.9641990332625,19.9649994315495,19.9641990332625,-0.0358009667375185,-0.0350005684504886,-0.0358009667375185,0,candidate_invalid,0.268944632550996,0.00347391955356687,81.0061955215589,8.84997311079161e-05,6.46982034442356e-05
LOS,20,20,48,20261109,20.0178726092877,20.1580231972119,20.0178726092877,0.0178726092877,0.158023197211946,0.0178726092877,0,insufficient_gain,0.321256237472644,0.0219073152584675,27.9728428003441,9.31671355373087e-05,6.32366121184891e-05
LOS,20,20,49,20261109,19.9756737424803,19.9771581780662,19.9756737424803,-0.024326257519661,-0.0228418219337598,-0.024326257519661,0,candidate_invalid,0.111644293477686,0.00296055439390965,92.8903616877538,0.00013686188228812,0.000121582034136036
LOS,20,20,50,20261109,19.970461294538,20.4484441951843,19.970461294538,-0.0295387054620271,0.44844419518434,-0.0295387054620271,0,insufficient_gain,0.0440188666909893,0.113508034829098,13.4068225730403,0.000213703392120568,0.0002042964109914
LOS,1,30,1,20261109,0.997017751394934,0.964251247549203,0.997017751394934,-0.00298224860506624,-0.0357487524507967,-0.00298224860506624,0,insufficient_gain,0.036214708520352,0.0740583822763893,5.17858486585081,6.78993041087761e-05,6.5440350601742e-05
LOS,1,30,2,20261109,0.995834735962271,0.99012054663503,0.995834735962271,-0.00416526403772932,-0.00987945336496976,-0.00416526403772932,0,candidate_invalid,0.107746090741454,0.00296380831776654,75.6045052199225,0.000131303326488696,0.000117155906358191
LOS,1,30,3,20261109,0.968990057941741,0.966448262180375,0.968990057941741,-0.0310099420582594,-0.0335517378196246,-0.0310099420582594,0,candidate_invalid,0.135424397413037,0.00225296248595371,79.852619833425,6.68280282638545e-05,5.77778828059206e-05
LOS,1,30,4,20261109,0.986450400655412,0.973420244745531,0.986450400655412,-0.0135495993445875,-0.0265797552544687,-0.0135495993445875,0,insufficient_gain,0.0535877539856436,0.0437504103839542,7.06716693629883,7.32991690028939e-05,6.93712311670147e-05
LOS,1,30,5,20261109,0.99457297738146,1.25266121880027,0.99457297738146,-0.00542702261853967,0.252661218800266,-0.00542702261853967,0,insufficient_gain,0.173246590662441,0.0536995530862355,16.7441178341047,4.1777940184673e-05,3.4540054482779e-05
LOS,1,30,6,20261109,0.996047341973022,1.01401622452135,0.996047341973022,-0.00395265802697764,0.0140162245213462,-0.00395265802697764,0,candidate_invalid,0.164028128951097,0.00420557629217763,37.7685626753244,6.03779625796275e-05,5.04742783478118e-05
LOS,1,30,7,20261109,0.992083284711236,1.29724291865917,0.992083284711236,-0.0079167152887637,0.297242918659175,-0.0079167152887637,0,insufficient_gain,0.0192209563338747,0.1049744306863,9.00046787368102,7.63135121393255e-05,7.48466934548109e-05
LOS,1,30,8,20261109,1.00713276320441,1.33331651874701,1.00713276320441,0.0071327632044127,0.333316518747013,0.0071327632044127,0,insufficient_gain,0.057255768874336,0.119018689970653,8.69179991351412,0.000161859581344848,0.00015259218656527
LOS,1,30,9,20261109,0.992671122713452,0.921316422124506,0.992671122713452,-0.00732887728654774,-0.0786835778754944,-0.00732887728654774,0,insufficient_gain,0.0826794690149655,0.0236683449934198,12.726598441417,9.44443127419703e-05,8.66357071129809e-05
LOS,1,30,10,20261109,0.979066510006814,0.982535042809182,0.979066510006814,-0.0209334899931858,-0.0174649571908176,-0.0209334899931858,0,candidate_invalid,0.109915157757594,0.00194741079681545,72.2411744997562,6.87135767858393e-05,6.11609131533353e-05
LOS,1,30,11,20261109,1.01184079764801,1.01281585667741,1.01184079764801,0.011840797648009,0.0128158566774139,0.011840797648009,0,candidate_invalid,0,2.75113602660495e-13,34.5491064553109,8.79638146857875e-05,8.79638146860096e-05
LOS,1,30,12,20261109,1.01936481720651,1.26962297093208,1.01936481720651,0.0193648172065075,0.269622970932077,0.0193648172065075,0,insufficient_gain,0.0568927065675268,0.158893314626457,5.00000430409694,7.45172659732951e-05,7.02777770260621e-05
LOS,1,30,13,20261109,0.985802147175004,0.98019010059873,0.985802147175004,-0.0141978528249964,-0.0198098994012699,-0.0141978528249964,0,candidate_invalid,0.0732987827820357,0.00206166900674154,72.0533138034613,8.79604253491983e-05,8.1513033238112e-05
LOS,1,30,14,20261109,0.99909702469408,0.997330437158646,0.99909702469408,-0.000902975305919651,-0.00266956284135444,-0.000902975305919651,0,candidate_invalid,0.103842454595265,0.00259904510539534,99.999994922212,0.000113294005767761,0.000101529278117907
LOS,1,30,15,20261109,1.00438420427891,1.01961453088599,1.00438420427891,0.00438420427890773,0.0196145308859905,0.00438420427890773,0,candidate_invalid,0.00633263435876612,0.00251414905670018,29.8647969018685,0.000132579821725765,0.000131740242191425
LOS,1,30,16,20261109,0.979215664295794,0.941388759141459,0.979215664295794,-0.0207843357042062,-0.0586112408585411,-0.0207843357042062,0,candidate_invalid,0.188420366012755,0.00628023862718974,43.8402882670131,0.000107572863938588,8.73039455422386e-05
LOS,1,30,17,20261109,0.997727828410551,0.928709162838403,0.997727828410551,-0.00227217158944859,-0.0712908371615968,-0.00227217158944859,0,candidate_invalid,0.298777091503343,0.0100587786653859,39.1462851756291,7.82805651651231e-05,5.48921255838497e-05
LOS,1,30,18,20261109,0.983505481068363,1.08012888577538,0.983505481068363,-0.0164945189316368,0.0801288857753808,-0.0164945189316368,0,candidate_invalid,0.0366216783882612,0.0167944287056402,21.7423593930201,4.99784278142901e-05,4.81481339045242e-05
LOS,1,30,19,20261109,0.993511011310188,1.09631916069531,0.993511011310188,-0.00648898868981218,0.0963191606953093,-0.00648898868981218,0,candidate_invalid,0.0817202094181586,0.0172232834868095,23.2710312199065,4.54551404012182e-05,4.17405368084989e-05
LOS,1,30,20,20261109,1.00290122275232,1.00012293670366,1.00290122275232,0.00290122275232196,0.000122936703662369,0.00290122275232196,0,candidate_invalid,0.0367290314454414,0.00173745060071168,77.7318828930605,0.000138638332274565,0.000133546280608909
LOS,1,30,21,20261109,0.990795449454416,0.955064364978536,0.990795449454416,-0.00920455054558378,-0.0449356350214645,-0.00920455054558378,0,insufficient_gain,0.169056413960911,0.0801362861911075,7.40877505794781,7.08899750947456e-05,5.89055701194496e-05
LOS,1,30,22,20261109,0.985632468159502,0.976452603691497,0.985632468159502,-0.0143675318404975,-0.0235473963085029,-0.0143675318404975,0,candidate_invalid,0.237802193445776,0.0039980571331193,99.9998918439513,0.000108144117331843,8.24272090220735e-05
LOS,1,30,23,20261109,0.992922767261028,0.895188573651047,0.992922767261028,-0.00707723273897198,-0.104811426348953,-0.00707723273897198,0,insufficient_gain,0.212363777653738,0.125288287348989,7.10031400796486,8.79018538764154e-05,6.92346841244529e-05
LOS,1,30,24,20261109,1.00369180923654,0.933726371583599,1.00369180923654,0.00369180923654389,-0.0662736284164012,0.00369180923654389,0,candidate_invalid,0.134138351405,0.00973318295750466,36.2508448557353,6.94628082476001e-05,6.01451816653054e-05
LOS,1,30,25,20261109,1.00451623969091,1.00262327620928,1.00451623969091,0.00451623969090531,0.00262327620928016,0.00451623969090531,0,candidate_invalid,0.350968451448301,0.00454225286354035,80.1874712384058,0.00012189700480203,7.91150017904751e-05
LOS,1,30,26,20261109,0.994281629126435,1.05430022490993,0.994281629126435,-0.00571837087356497,0.054300224909928,-0.00571837087356497,0,candidate_invalid,0.131982373172966,0.0081990386739235,38.9208588692766,0.000104133834577524,9.03900039623817e-05
LOS,1,30,27,20261109,0.986813270115294,0.968089871303258,0.986813270115294,-0.0131867298847058,-0.0319101286967425,-0.0131867298847058,0,candidate_invalid,0.192840593819744,0.00489962631483733,42.7139272923259,0.00011819533503088,9.54024764368011e-05
LOS,1,30,28,20261109,0.997338934857474,0.909133579167679,0.997338934857474,-0.00266106514252629,-0.0908664208323209,-0.00266106514252629,0,candidate_invalid,0.198548315626797,0.0122855807469626,39.6385111050537,0.000131462847823727,0.000105361120820824
LOS,1,30,29,20261109,0.986638876626764,0.99135731387066,0.986638876626764,-0.0133611233732364,-0.00864268612934049,-0.0133611233732364,0,insufficient_gain,0.106209309508437,0.128476129510714,5.35042526205339,9.47521900036552e-05,8.46886253289547e-05
LOS,1,30,30,20261109,0.980855977534571,0.979342450492975,0.980855977534571,-0.019144022465429,-0.0206575495070247,-0.019144022465429,0,candidate_invalid,0.0138390482258823,0.000952612591953697,99.9999976103756,0.000117878280347927,0.000116246957141408
LOS,1,30,31,20261109,0.989888638088262,1.57445798286297,0.989888638088262,-0.010111361911738,0.574457982862968,-0.010111361911738,0,insufficient_gain,0.0165431197279361,0.233661491742368,6.56841320805741,0.000107236790057863,0.000105462759000696
LOS,1,30,32,20261109,1.00066265716239,1.00329868395572,1.00066265716239,0.000662657162388891,0.00329868395572008,0.000662657162388891,0,candidate_invalid,0.207720967080239,0.00226418486005875,64.7003856080468,7.72387584051515e-05,6.11946488131565e-05
LOS,1,30,33,20261109,1.01443026011651,1.0085298431883,1.01443026011651,0.0144302601165103,0.00852984318829719,0.0144302601165103,0,candidate_invalid,0.126899297600678,0.00229956572082101,99.592328568723,0.000109961097724431,9.60071116598016e-05
LOS,1,30,34,20261109,0.995642416746137,1.61361585025284,0.995642416746137,-0.00435758325386304,0.613615850252841,-0.00435758325386304,0,insufficient_gain,0.30301677119057,0.177918708070371,10.1955825264268,9.00517653292798e-05,6.27645701591906e-05
LOS,1,30,35,20261109,0.984201498366506,1.31054192765378,0.984201498366506,-0.0157985016334936,0.310541927653784,-0.0157985016334936,0,insufficient_gain,0.00738694672210391,0.122952671435943,7.99238216461128,9.22657666906357e-05,9.15842043878179e-05
LOS,1,30,36,20261109,1.01069769661131,1.01074841304185,1.01069769661131,0.0106976966113066,0.0107484130418478,0.0106976966113066,0,candidate_invalid,0,8.09431534642169e-13,97.6707324528022,3.10090334147972e-05,3.10090334154633e-05
LOS,1,30,37,20261109,0.989653988656768,0.952969629813555,0.989653988656768,-0.0103460113432322,-0.0470303701864445,-0.0103460113432322,0,candidate_invalid,0.317316141797369,0.00797565337465026,33.5920833516906,7.15090400977836e-05,4.88180673903216e-05
LOS,1,30,38,20261109,0.984641202512107,0.9840078214795,0.984641202512107,-0.0153587974878933,-0.0159921785204996,-0.0153587974878933,0,candidate_invalid,0.0308262894863248,0.00092745171998619,99.9999989232476,4.72739842576342e-05,4.58167027337364e-05
LOS,1,30,39,20261109,0.982876777284288,0.982362252320101,0.982876777284288,-0.0171232227157121,-0.0176377476798993,-0.0171232227157121,0,candidate_invalid,0,1.1909505498873e-12,32.2858820756502,8.77838376023288e-05,8.77838376038831e-05
LOS,1,30,40,20261109,1.00089759613468,1.0005566645344,1.00089759613468,0.0008975961346811,0.000556664534397733,0.0008975961346811,0,candidate_invalid,0.340046594329043,0.00396665300697903,85.9904881227592,8.84133858793934e-05,5.83487151180062e-05
LOS,1,30,41,20261109,0.999865594268358,0.992273130293378,0.999865594268358,-0.000134405731642251,-0.00772686970662173,-0.000134405731642251,0,candidate_invalid,0.156981250410239,0.00308113881465683,72.284516153311,8.88807569729977e-05,7.4928144605968e-05
LOS,1,30,42,20261109,1.01257730806333,0.981412378025856,1.01257730806333,0.0125773080633333,-0.0185876219741443,0.0125773080633333,0,candidate_invalid,0.30915138987081,0.00771713344331625,32.9773399541552,7.09194697778859e-05,4.89946171271516e-05
LOS,1,30,43,20261109,1.0035284808744,1.06476541846737,1.0035284808744,0.00352848087440005,0.0647654184673705,0.00352848087440005,0,insufficient_gain,0.0082906270083639,0.0529360326043858,5.01670182652377,8.74449901928642e-05,8.67200163954251e-05
LOS,1,30,44,20261109,0.983986170929835,0.982582199927451,0.983986170929835,-0.0160138290701649,-0.0174178000725491,-0.0160138290701649,0,candidate_invalid,0.176745880386913,0.0021711204533627,99.9999659935301,4.58091720427767e-05,3.77125896002806e-05
LOS,1,30,45,20261109,1.00051546362746,1.00365309108494,1.00051546362746,0.00051546362746091,0.00365309108494438,0.00051546362746091,0,candidate_invalid,0.0945583866835478,0.00189801626863187,77.164475218496,6.91068351155177e-05,6.25722042781884e-05
LOS,1,30,46,20261109,1.00829806833808,1.0095855197213,1.00829806833808,0.00829806833808044,0.00958551972130062,0.00829806833808044,0,candidate_invalid,0,2.88782543706438e-13,97.6454835358216,4.64110655402639e-05,4.64110655549188e-05
LOS,1,30,47,20261109,0.994148895332819,0.993833206271136,0.994148895332819,-0.00585110466718064,-0.00616679372886408,-0.00585110466718064,0,candidate_invalid,0.0183700498672984,0.000879041894519812,99.9999909342035,7.23903270891668e-05,7.10605131706288e-05
LOS,1,30,48,20261109,0.993617565733976,0.999365008678741,0.993617565733976,-0.00638243426602392,-0.000634991321259104,-0.00638243426602392,0,candidate_invalid,0.201935087091651,0.00259175424446119,99.1581676167398,9.11376125833918e-05,7.27337308490394e-05
LOS,1,30,49,20261109,1.01351721117307,1.01867302788743,1.01351721117307,0.0135172111730726,0.018673027887429,0.0135172111730726,0,candidate_invalid,0.180524565735157,0.00459943969808378,33.9250306563639,6.78361174915043e-05,5.55900318401914e-05
LOS,1,30,50,20261109,0.985506202665893,0.981554871025995,0.985506202665893,-0.0144937973341067,-0.0184451289740051,-0.0144937973341067,0,candidate_invalid,0.0495385706609779,0.00141206173172431,75.8611882014481,6.49960886480727e-05,6.1776275317893e-05
LOS,3,30,1,20261109,2.97266225847259,3.14624622094698,2.97266225847259,-0.0273377415274134,0.146246220946981,-0.0273377415274134,0,insufficient_gain,0.117518801648095,0.148854762670228,5.00129160567128,7.19936081197137e-05,6.35330055671623e-05
LOS,3,30,2,20261109,2.99746795451983,3.29706657197344,2.99746795451983,-0.00253204548016939,0.29706657197344,-0.00253204548016939,0,insufficient_gain,0.0875727631817636,0.102333474487962,9.3659949154493,7.2438021335941e-05,6.60944236481331e-05
LOS,3,30,3,20261109,2.97993971482228,2.97960997942147,2.97993971482228,-0.0200602851777183,-0.0203900205785348,-0.0200602851777183,0,candidate_invalid,0,1.01569884115481e-12,90.3213169355367,0.000172963058192588,0.000172963058195252
LOS,3,30,4,20261109,3.01440573341592,3.00813691353508,3.01440573341592,0.0144057334159213,0.00813691353508261,0.0144057334159213,0,candidate_invalid,0.00377572809989418,0.0017933258204104,13.5005248615303,7.40053684962216e-05,7.37259443468474e-05
LOS,3,30,5,20261109,2.99262072101744,2.97950294474317,2.99262072101744,-0.00737927898256263,-0.0204970552568273,-0.00737927898256263,0,insufficient_gain,0.209046547928201,0.156508818913189,5.92485576159756,9.77123299619187e-05,7.72859046933583e-05
LOS,3,30,6,20261109,2.99538498865245,3.25881439737695,2.99538498865245,-0.00461501134754672,0.258814397376947,-0.00461501134754672,0,insufficient_gain,0.116492118482891,0.0932348724826359,9.64386526532589,0.000108853184360935,9.61726463111212e-05
LOS,3,30,7,20261109,2.98568724095437,2.95037662511622,2.98568724095437,-0.0143127590456253,-0.049623374883776,-0.0143127590456253,0,candidate_invalid,0.0311493254365772,0.0150295721039381,10.8779429689028,9.84520885993767e-05,9.5385372451684e-05
LOS,3,30,8,20261109,3.01304086278344,3.01257506829877,3.01304086278344,0.013040862783444,0.0125750682987675,0.013040862783444,0,candidate_invalid,0.0905578182980039,0.00217275696639387,83.6722320317333,9.98664804987559e-05,9.08227899036884e-05
LOS,3,30,9,20261109,3.0122712725235,3.28166083338664,3.0122712725235,0.0122712725234955,0.281660833386638,0.0122712725234955,0,insufficient_gain,0.0294993541313519,0.119157336300358,6.90523264624871,6.33197480308656e-05,6.14518563601951e-05
LOS,3,30,10,20261109,2.99856881594617,2.99203714214018,2.99856881594617,-0.00143118405382925,-0.00796285785981699,-0.00143118405382925,0,candidate_invalid,0.374702143934788,0.00650477565172484,99.9999998731479,0.000195275959881558,0.000122105639055015
LOS,3,30,11,20261109,2.9758732360744,3.58601440141679,2.9758732360744,-0.0241267639255991,0.586014401416787,-0.0241267639255991,0,insufficient_gain,0.0943747727752769,0.183568194917465,9.4973604404744,8.62771725766986e-05,7.81347840190794e-05
LOS,3,30,12,20261109,2.98588249868546,2.98240218090881,2.98588249868546,-0.0141175013145416,-0.017597819091189,-0.0141175013145416,0,candidate_invalid,0.0829389776100572,0.00194537838397452,99.9999878851887,8.24022144938485e-05,7.55678590709241e-05
LOS,3,30,13,20261109,3.02550006940642,3.0260689207467,3.02550006940642,0.0255000694064176,0.0260689207467042,0.0255000694064176,0,candidate_invalid,0.00965658150820355,0.000590912505183677,99.9999406621778,6.3190067184804e-05,6.25798671505251e-05
LOS,3,30,14,20261109,2.9777306168816,2.97715102457878,2.9777306168816,-0.0222693831183967,-0.0228489754212249,-0.0222693831183967,0,candidate_invalid,0.0928311871800962,0.00177267500475674,99.9998928232382,6.52803447602768e-05,5.92202928566543e-05
LOS,3,30,15,20261109,2.99575059938647,3.35533380820114,2.99575059938647,-0.00424940061353274,0.355333808201141,-0.00424940061353274,0,insufficient_gain,0.0858871419106838,0.123788342512678,8.99553532738685,8.61187074545633e-05,7.87222178062486e-05
LOS,3,30,16,20261109,2.98469577727754,2.42164439985144,2.98469577727754,-0.0153042227224574,-0.578355600148564,-0.0153042227224574,0,insufficient_gain,0.37108143573779,0.127500695435893,18.2263983180343,0.000121123922490529,7.61770834305509e-05
LOS,3,30,17,20261109,3.00630306371228,3.37983245162925,3.00630306371228,0.00630306371228118,0.379832451629246,0.00630306371228118,0,insufficient_gain,0.0863468348955998,0.094026889797637,12.7878908684834,6.6277802732273e-05,6.05549242425063e-05
LOS,3,30,18,20261109,2.98705914660446,3.11591592388784,2.98705914660446,-0.012940853395544,0.115915923887843,-0.012940853395544,0,insufficient_gain,0.323422681489492,0.168484940848399,5.45795401517137,7.11112846136785e-05,4.81122822597602e-05
LOS,3,30,19,20261109,2.99214043399173,2.99476962732799,2.99214043399173,-0.00785956600827298,-0.00523037267200666,-0.00785956600827298,0,candidate_invalid,0.2028244231452,0.00314716501329861,99.9999465050871,8.53467437980093e-05,6.80363397198569e-05
LOS,3,30,20,20261109,2.98589563513573,2.95612165440485,2.98589563513573,-0.0141043648642669,-0.0438783455951453,-0.0141043648642669,0,insufficient_gain,0.0991293588272985,0.0815412171251275,6.27699967224267,6.56358403701152e-05,5.91294015981347e-05
LOS,3,30,21,20261109,2.97656840402648,2.66189246995434,2.97656840402648,-0.0234315959735221,-0.338107530045656,-0.0234315959735221,0,insufficient_gain,0.244369244425292,0.0885568332991642,13.9039260365776,7.89968736849556e-05,5.96924673506027e-05
LOS,3,30,22,20261109,2.99834455155361,3.38456722287719,2.99834455155361,-0.00165544844639465,0.384567222877189,-0.00165544844639465,0,insufficient_gain,0.137697767772428,0.10420311129877,11.69241575195,3.40719176845639e-05,2.93802906756735e-05
LOS,3,30,23,20261109,2.98581618257046,2.94812857353599,2.98581618257046,-0.014183817429537,-0.0518714264640137,-0.014183817429537,0,candidate_invalid,0.370468285567057,0.00746944540042044,50.0881906750216,0.000145836058503157,9.18084239356354e-05
LOS,3,30,24,20261109,2.98266441994917,3.04947865163061,2.98266441994917,-0.0173355800508261,0.0494786516306078,-0.0173355800508261,0,insufficient_gain,0.107446110042194,0.0791488239257421,6.10007428215797,6.99230532941186e-05,6.24100932153926e-05
LOS,3,30,25,20261109,2.99072646718398,2.98411899733458,2.99072646718398,-0.00927353281602494,-0.0158810026654237,-0.00927353281602494,0,candidate_invalid,0.197829331457251,0.00355340146187769,99.9812602236344,0.000115420547975642,9.25869781331912e-05
LOS,3,30,26,20261109,2.98470416810398,2.98552842221975,2.98470416810398,-0.015295831896017,-0.0144715777802542,-0.015295831896017,0,candidate_invalid,0.0794639920744652,0.00278566653142551,81.2392428965213,0.000187350281666943,0.000172462680369412
LOS,3,30,27,20261109,3.02062342207929,3.02306223593269,3.02062342207929,0.0206234220792934,0.0230622359326933,0.0206234220792934,0,candidate_invalid,0.26931022571116,0.00454998722384318,99.9999998438361,0.000127136588972121,9.28974054998921e-05
LOS,3,30,28,20261109,2.99496803972028,2.97837488581952,2.99496803972028,-0.00503196027971553,-0.0216251141804786,-0.00503196027971553,0,candidate_invalid,0.00907649469772219,0.0131815315372407,7.65948711686651,5.1336531233126e-05,5.08705754795891e-05
LOS,3,30,29,20261109,2.99324938390677,2.99120336308877,2.99324938390677,-0.00675061609323002,-0.00879663691122978,-0.00675061609323002,0,candidate_invalid,0.103424647585434,0.00131406399219187,99.3302201409207,3.10896640056679e-05,2.78742264623322e-05
LOS,3,30,30,20261109,2.98529315130196,2.9804946048713,2.98529315130196,-0.0147068486980433,-0.0195053951286965,-0.0147068486980433,0,candidate_invalid,0.0177773756073764,0.00744592870374798,12.7013357831137,6.66112734009072e-05,6.54270997739737e-05
LOS,3,30,31,20261109,3.00553987462884,3.27082930990192,3.00553987462884,0.00553987462883976,0.270829309901918,0.00553987462883976,0,insufficient_gain,0.0564663231446003,0.101744202909933,8.43852707628365,0.000108606509702902,0.000102473899430411
LOS,3,30,32,20261109,3.00122201687737,3.00197592335411,3.00122201687737,0.00122201687736734,0.00197592335410857,0.00122201687736734,0,candidate_invalid,0.115794942027342,0.00250854882036422,99.9999674320387,9.37780527539012e-05,8.29190285718262e-05
LOS,3,30,33,20261109,2.9803217994604,3.38637039602015,2.9803217994604,-0.019678200539599,0.386370396020152,-0.019678200539599,0,insufficient_gain,0.0961683908075404,0.0990389509775819,13.1801814200555,6.04953307608014e-05,5.46775921501652e-05
LOS,3,30,34,20261109,3.00057037272052,3.36754804606036,3.00057037272052,0.000570372720523071,0.367548046060358,0.000570372720523071,0,insufficient_gain,0.109958989934692,0.130256352128439,8.60460211929938,5.40617728006509e-05,4.81171948694126e-05
LOS,3,30,35,20261109,3.02286680631186,3.01920723196049,3.02286680631186,0.022866806311864,0.019207231960491,0.022866806311864,0,candidate_invalid,0.07339093257651,0.00189245766830505,99.9999977913255,9.50560674612966e-05,8.80798140232564e-05
LOS,3,30,36,20261109,2.98534997919085,3.08569813069985,2.98534997919085,-0.0146500208091451,0.0856981306998454,-0.0146500208091451,0,insufficient_gain,0.00664640112770009,0.0320261719390509,10.5419431355221,3.4091656197166e-05,3.3865069374972e-05
LOS,3,30,37,20261109,2.99243638376436,2.9916075829021,2.99243638376436,-0.00756361623564406,-0.00839241709790217,-0.00756361623564406,0,candidate_invalid,0.579869952188895,0.00602887908256888,83.2234725353271,0.000120090892990588,5.04537926138138e-05
LOS,3,30,38,20261109,2.98699228513115,2.79352255699963,2.98699228513115,-0.0130077148688494,-0.206477443000371,-0.0130077148688494,0,insufficient_gain,0.157446040856854,0.108606500000798,7.59528316205684,3.85214108111764e-05,3.24563671907363e-05
LOS,3,30,39,20261109,2.99489397672054,2.64485361521414,2.99489397672054,-0.00510602327946152,-0.35514638478586,-0.00510602327946152,0,insufficient_gain,0.340553682453209,0.0638143796255205,22.4957653643288,0.000106223514938719,7.00487057632149e-05
LOS,3,30,40,20261109,2.96873409380583,3.03900263895256,2.96873409380583,-0.0312659061941747,0.039002638952558,-0.0312659061941747,0,insufficient_gain,0.00512211203375984,0.0549443634828949,5.00103885118648,0.000102467696542652,0.000101942845521119
LOS,3,30,41,20261109,2.97903761001234,3.27863435383905,2.97903761001234,-0.0209623899876599,0.27863435383905,-0.0209623899876599,0,insufficient_gain,0.0666070438150888,0.114452541352128,8.36745204105673,0.000120331319279687,0.000112316405824098
LOS,3,30,42,20261109,3.00393608732924,2.93139136322433,3.00393608732924,0.00393608732924333,-0.0686086367756715,0.00393608732924333,0,insufficient_gain,0.0287542763038631,0.0323485252950406,9.72972472864755,0.000154691421789588,0.000150243381905613
LOS,3,30,43,20261109,3.00083881737011,2.56536626782271,3.00083881737011,0.000838817370107492,-0.434633732177288,0.000838817370107492,0,insufficient_gain,0.0893063007404164,0.112309061836805,15.430652492738,0.000157249748748534,0.000143206355395442
LOS,3,30,44,20261109,2.99583599572055,2.92103756998149,2.99583599572055,-0.00416400427944996,-0.0789624300185112,-0.00416400427944996,0,insufficient_gain,0.0766761106642094,0.103310981268783,6.41335451865555,0.000109285520835778,0.000100905932146178
LOS,3,30,45,20261109,2.9731788383423,3.3974899648585,2.9731788383423,-0.0268211616577014,0.397489964858498,-0.0268211616577014,0,insufficient_gain,0.15031871952772,0.0948901974441249,14.7246763529789,9.06952570101094e-05,7.70620621091123e-05
LOS,3,30,46,20261109,2.9722733660255,3.29320659691905,2.9722733660255,-0.0277266339744999,0.293206596919045,-0.0277266339744999,0,insufficient_gain,0.141166894596399,0.137424022607158,7.55713327556585,0.000102949980111733,8.84168511205985e-05
LOS,3,30,47,20261109,2.97924147003714,3.13008939878505,2.97924147003714,-0.0207585299628561,0.130089398785053,-0.0207585299628561,0,insufficient_gain,0.132786159498018,0.0542519434335656,10.8018617883357,7.43939401213201e-05,6.45154545226845e-05
LOS,3,30,48,20261109,2.98985269411285,2.75967882442221,2.98985269411285,-0.0101473058871542,-0.240321175577787,-0.0101473058871542,0,insufficient_gain,0.116335628865225,0.0951764769986957,9.55317707649157,0.000113295959213389,0.00010011560255041
LOS,3,30,49,20261109,2.98639259425173,2.98423570151681,2.98639259425173,-0.0136074057482736,-0.0157642984831923,-0.0136074057482736,0,candidate_invalid,0.0951894179463739,0.00164172787634862,99.9998096263265,5.13444310938915e-05,4.64569845832763e-05
LOS,3,30,50,20261109,2.99157637262542,3.15002664151804,2.99157637262542,-0.0084236273745808,0.150026641518037,-0.0084236273745808,0,insufficient_gain,0.22962716496405,0.106379158249655,7.51221898291668,9.81559343116167e-05,7.56166653912427e-05
LOS,5,30,1,20261109,4.99566306622444,5.78439803827419,4.99566306622444,-0.00433693377555855,0.78439803827419,-0.00433693377555855,0,insufficient_gain,0.149274328651047,0.23489722001866,9.04977875779636,0.000141736298057804,0.000120578707319741
LOS,5,30,2,20261109,4.99848932583674,5.0033449208265,4.99848932583674,-0.00151067416326445,0.00334492082650328,-0.00151067416326445,0,candidate_invalid,0.138384871489007,0.00267022308898849,71.9396499641717,9.51004098657116e-05,8.19399518678932e-05
LOS,5,30,3,20261109,4.99786568729492,4.9769399231854,4.99786568729492,-0.00213431270508302,-0.0230600768146019,-0.00213431270508302,0,candidate_invalid,0.131424172961646,0.00391098180288628,55.329207213088,9.30118085455955e-05,8.07878085318237e-05
LOS,5,30,4,20261109,4.99432754000343,4.9857187598416,4.99432754000343,-0.00567245999657295,-0.0142812401584003,-0.00567245999657295,0,insufficient_gain,0.0795498555919573,0.0739958281670202,7.06804603156945,0.000119459154302559,0.000109956195828653
LOS,5,30,5,20261109,5.0039296838618,5.39774170012767,5.0039296838618,0.00392968386180481,0.397741700127671,0.00392968386180481,0,insufficient_gain,0.109807247521162,0.0886431886607066,14.7266268825452,0.000112517380638666,0.000100162156772443
LOS,5,30,6,20261109,5.0131149416715,5.00221895107164,5.0131149416715,0.0131149416715033,0.00221895107163661,0.0131149416715033,0,candidate_invalid,0,0.00871338390433812,5.00834439539413,8.77451112784033e-05,8.7812450506819e-05
LOS,5,30,7,20261109,4.98558670556168,4.94588514472404,4.98558670556168,-0.0144132944383184,-0.0541148552759569,-0.0144132944383184,0,insufficient_gain,0.0124907693322322,0.0306763318632883,6.62008994685362,4.43991683618528e-05,4.38445885913019e-05
LOS,5,30,8,20261109,5.01395177571741,4.9117662075584,5.01395177571741,0.0139517757174099,-0.0882337924416028,0.0139517757174099,0,insufficient_gain,0.108063864636541,0.0484658207409793,9.59239079495099,3.9400330681616e-05,3.51425786802029e-05
LOS,5,30,9,20261109,5.01203167444534,5.01215187676699,5.01203167444534,0.0120316744453426,0.0121518767669944,0.0120316744453426,0,candidate_invalid,0,5.7893175830565e-06,5.41418732232696,6.58579299290807e-05,6.58580798158503e-05
LOS,5,30,10,20261109,4.97020713522187,5.07666625769544,4.97020713522187,-0.029792864778134,0.0766662576954378,-0.029792864778134,0,insufficient_gain,0.06126490884111,0.114109713423689,5.00024935533885,8.99947251506994e-05,8.4481206518161e-05
LOS,5,30,11,20261109,4.99737178976473,4.98487284195654,4.99737178976473,-0.00262821023527149,-0.0151271580434642,-0.00262821023527149,0,candidate_invalid,0.222452472966119,0.00469836576062219,70.5731120590637,0.000154851958594993,0.000120404757461889
LOS,5,30,12,20261109,5.00532979990349,4.964151910191,5.00532979990349,0.00532979990348981,-0.0358480898090026,0.00532979990348981,0,candidate_invalid,0.0712800777176436,0.00647743159943473,28.1488965804318,7.35230989983293e-05,6.82823667876864e-05
LOS,5,30,13,20261109,4.99162665105217,4.99810768143515,4.99162665105217,-0.00837334894782948,-0.00189231856484717,-0.00837334894782948,0,insufficient_gain,0.0270184164129335,0.0210163556662787,9.62509800566993,0.000100336974558024,9.76260283978014e-05
LOS,5,30,14,20261109,4.9940566506965,4.85252133039531,4.9940566506965,-0.00594334930350104,-0.147478669604693,-0.00594334930350104,0,insufficient_gain,0.14864257312332,0.0202423144631197,32.5969261219519,0.000161823154852136,0.000137769344723981
LOS,5,30,15,20261109,4.99809621283901,5.46839272482056,4.99809621283901,-0.00190378716099016,0.468392724820555,-0.00190378716099016,0,insufficient_gain,0.0349354890243493,0.128355887092342,11.1993195789006,0.000130512091867985,0.000125952588114986
LOS,5,30,16,20261109,5.00188491634719,5.34960755384336,5.00188491634719,0.00188491634719234,0.349607553843358,0.00188491634719234,0,insufficient_gain,0.126359047784227,0.11439441097374,9.75451030111619,0.000103028481979184,9.00099011016398e-05
LOS,5,30,17,20261109,5.00624121654213,4.93423985436467,5.00624121654213,0.00624121654212928,-0.0657601456353252,0.00624121654212928,0,candidate_invalid,0.133642898823776,0.00998481770245254,39.7568051825677,0.000110626123061897,9.5841727290269e-05
LOS,5,30,18,20261109,4.98832521825245,4.92204104053867,4.98832521825245,-0.0116747817475478,-0.077958959461327,-0.0116747817475478,0,insufficient_gain,0.125371995165578,0.106307460503957,6.21376344268058,6.7733957838767e-05,5.92420164040597e-05
LOS,5,30,19,20261109,4.98844709781698,4.96867492439876,4.98844709781698,-0.0115529021830234,-0.0313250756012415,-0.0115529021830234,0,insufficient_gain,0.0632640451018132,0.0393579642515719,8.75461662123625,9.50507139003687e-05,8.90374212492162e-05
LOS,5,30,20,20261109,4.9929889483809,4.72400683530667,4.9929889483809,-0.0070110516190951,-0.275993164693334,-0.0070110516190951,0,insufficient_gain,0.257696957148724,0.079965669361431,14.0961669652473,0.000118874155908166,8.82406476470088e-05
LOS,5,30,21,20261109,4.98886673552353,5.5391964091581,4.98886673552353,-0.0111332644764657,0.539196409158102,-0.0111332644764657,0,insufficient_gain,0.0607812810812543,0.15004897901747,11.0180019359157,0.000152704654686975,0.00014342307014803
LOS,5,30,22,20261109,4.98610516538235,4.85804363878284,4.98610516538235,-0.0138948346176502,-0.141956361217158,-0.0138948346176502,0,insufficient_gain,0.0250515806355554,0.0643247622752098,8.0971560019344,0.000135274051263679,0.000131885222460548
LOS,5,30,23,20261109,5.02330955773618,5.45314181240853,5.02330955773618,0.023309557736181,0.45314181240853,0.023309557736181,0,insufficient_gain,0.118964923224871,0.121208013499275,11.0529189011907,8.05706202913203e-05,7.09855426341832e-05
LOS,5,30,24,20261109,5.00994216036907,5.00909895233369,5.00994216036907,0.00994216036906792,0.00909895233368552,0.00994216036906792,0,candidate_invalid,0,1.3378151882639e-08,5.01290881758785,9.77151743504212e-05,9.77151745622518e-05
LOS,5,30,25,20261109,5.0237248769422,4.9742015696494,5.0237248769422,0.023724876942202,-0.0257984303505996,0.023724876942202,0,insufficient_gain,0.000554941007879585,0.0343132241361033,5.04896730669434,6.46113207920518e-05,6.4575465320571e-05
LOS,5,30,26,20261109,4.98209676640743,4.97466190986819,4.98209676640743,-0.0179032335925653,-0.0253380901318128,-0.0179032335925653,0,candidate_invalid,0.12415418893365,0.00255353712433241,58.8083651912937,9.5019140350816e-05,8.32221160473878e-05
LOS,5,30,27,20261109,4.99645943219411,4.82375647815511,4.99645943219411,-0.00354056780588774,-0.176243521844894,-0.00354056780588774,0,insufficient_gain,0.104189621356214,0.0293734595330724,24.427665305261,0.000317990495011022,0.000284859185740949
LOS,5,30,28,20261109,5.0111782087732,4.31456769500218,5.0111782087732,0.0111782087732006,-0.685432304997821,0.0111782087732006,0,insufficient_gain,0.583498646388404,0.128654827061594,22.6470740298514,9.60526394413463e-05,4.00060543452874e-05
LOS,5,30,29,20261109,4.98106673318561,4.98978239041507,4.98106673318561,-0.0189332668143907,-0.0102176095849327,-0.0189332668143907,0,candidate_invalid,0.0262512999930469,0.0117551980776269,12.74412491056,0.000101259291267031,9.86011032348966e-05
LOS,5,30,30,20261109,4.98498570330846,4.96154561022608,4.98498570330846,-0.0150142966915361,-0.0384543897739178,-0.0150142966915361,0,candidate_invalid,0.146765466856619,0.0044168619715876,43.5174529177121,0.000133470490875753,0.000113881631970791
LOS,5,30,31,20261109,4.97536245690998,4.83334190974996,4.97536245690998,-0.0246375430900239,-0.16665809025004,-0.0246375430900239,0,insufficient_gain,0.0658693027246202,0.049997123194561,10.864000623162,0.000107065935240458,0.00010001357674061
LOS,5,30,32,20261109,4.98770729066462,5.17832411531798,4.98770729066462,-0.0122927093353802,0.178324115317983,-0.0122927093353802,0,insufficient_gain,0.124325701346527,0.0391492497917829,18.0105962320058,9.55117950651729e-05,8.36372241568295e-05
LOS,5,30,33,20261109,4.97676999175026,4.97757744979971,4.97676999175026,-0.0232300082497447,-0.0224225502002895,-0.0232300082497447,0,insufficient_gain,0.0986474976574449,0.0325813935751326,11.6983685029954,0.00015184241343813,0.000136863539314191
LOS,5,30,34,20261109,5.00951074094225,5.2853177147431,5.00951074094225,0.0095107409422539,0.285317714743098,0.0095107409422539,0,insufficient_gain,0.0066787581241962,0.101130987411972,8.44297086234768,0.000127296798608345,0.000126446614080455
LOS,5,30,35,20261109,5.00335125928971,4.96299066878836,5.00335125928971,0.00335125928971447,-0.0370093312116389,0.00335125928971447,0,candidate_invalid,0.259848513470076,0.00687689322315795,54.4888865946536,0.000122169787578619,9.04241498853597e-05
LOS,5,30,36,20261109,5.00440258812339,5.00533802999445,5.00440258812339,0.00440258812338623,0.00533802999445054,0.00440258812338623,0,candidate_invalid,0.491974069923566,0.00417063659277439,71.5022427480609,7.56094609217772e-05,3.84115667073637e-05
LOS,5,30,37,20261109,4.97999369038137,5.48471090545054,4.97999369038137,-0.0200063096186307,0.484710905450545,-0.0200063096186307,0,insufficient_gain,0.29235268972738,0.184129573165602,7.98237083109576,6.32302713647892e-05,4.4744731459101e-05
LOS,5,30,38,20261109,5.00912470550138,4.7876844851931,5.00912470550138,0.00912470550138078,-0.212315514806905,0.00912470550138078,0,insufficient_gain,0.102085521909045,0.0653443953589111,13.561585692683,0.000143481904181231,0.000128834479108386
LOS,5,30,39,20261109,4.97565291578095,5.4502730951976,4.97565291578095,-0.0243470842190474,0.450273095197602,-0.0243470842190474,0,insufficient_gain,0.375343178836545,0.203802613703182,7.07644211485341,0.000102788117413599,6.42072986769548e-05
LOS,5,30,40,20261109,5.0241289948547,5.58014333464887,5.0241289948547,0.0241289948547037,0.580143334648866,0.0241289948547037,0,insufficient_gain,0.1950539603107,0.117865162771151,15.2033949888632,0.000110394621922305,8.8861713719357e-05
LOS,5,30,41,20261109,5.01012790938378,5.49076512195281,5.01012790938378,0.0101279093837823,0.490765121952811,0.0101279093837823,0,insufficient_gain,0.041797599015278,0.198657599473526,6.69021266306057,9.77573561256051e-05,9.36713333534733e-05
LOS,5,30,42,20261109,5.00806916585641,5.00827951493343,5.00806916585641,0.00806916585641027,0.00827951493343093,0.00806916585641027,0,candidate_invalid,0.208547266277614,0.00284697782819271,90.9374382010042,6.89137261724593e-05,5.45419569701888e-05
LOS,5,30,43,20261109,4.97673661389897,4.98553836811226,4.97673661389897,-0.0232633861010312,-0.0144616318877429,-0.0232633861010312,0,candidate_invalid,0.0604443066916798,0.0097149538110683,15.9556289284845,6.24627029688352e-05,5.86871881937956e-05
LOS,5,30,44,20261109,4.99928348880648,5.26934605349704,4.99928348880648,-0.000716511193521896,0.269346053497037,-0.000716511193521896,0,insufficient_gain,0.0413203353702412,0.0791115035893667,11.1777042236784,0.000111195091818228,0.000106600473332774
LOS,5,30,45,20261109,4.98206949796564,5.16431623728023,4.98206949796564,-0.0179305020343605,0.164316237280225,-0.0179305020343605,0,insufficient_gain,0.0489371909865046,0.0594037225440298,10.8320817648827,0.000139326261157313,0.000132508025305622
LOS,5,30,46,20261109,5.01265986793447,4.8949290453475,5.01265986793447,0.0126598679344685,-0.105070954652501,0.0126598679344685,0,insufficient_gain,0.348443830350648,0.033256146813906,16.4305646217726,6.60425569591894e-05,4.30304354461786e-05
LOS,5,30,47,20261109,4.97996246338587,4.92556287058416,4.97996246338587,-0.0200375366141268,-0.0744371294158412,-0.0200375366141268,0,insufficient_gain,0.00392728387799347,0.020928142809795,9.16762836005866,0.000106946485101567,0.000106526475894819
LOS,5,30,48,20261109,4.99562208647844,4.84643956474938,4.99562208647844,-0.00437791352155692,-0.15356043525062,-0.00437791352155692,0,insufficient_gain,0.0324025974923362,0.0342817072372902,16.760524156829,0.000112481772756468,0.000108837071148615
LOS,5,30,49,20261109,4.98855024805973,5.23814112740091,4.98855024805973,-0.0114497519402699,0.238141127400907,-0.0114497519402699,0,insufficient_gain,0.0552640176558976,0.149870755323695,5.000304075935,3.35995297495728e-05,3.17426847442626e-05
LOS,5,30,50,20261109,4.98171625303973,5.55377383467835,4.98171625303973,-0.0182837469602743,0.553773834678353,-0.0182837469602743,0,insufficient_gain,0.235980153237241,0.130579340507105,13.7630375749615,6.93550144161836e-05,5.29886074864816e-05
LOS,10,30,1,20261109,10.0118578918633,9.72552649499507,10.0118578918633,0.0118578918633485,-0.274473505004931,0.0118578918633485,0,insufficient_gain,0.176196908687737,0.140484766936082,9.35817266858344,0.00019448250909937,0.000160215292202226
LOS,10,30,2,20261109,9.98525710317486,9.78209075583041,9.98525710317486,-0.014742896825144,-0.217909244169588,-0.014742896825144,0,insufficient_gain,0.163511526014394,0.0380567782452273,21.690306774381,0.000108790135025405,9.1001694032089e-05
LOS,10,30,3,20261109,9.98829502087602,10.3826807286177,9.98829502087602,-0.0117049791239836,0.382680728617665,-0.0117049791239836,0,insufficient_gain,0.129317409792821,0.159148081313563,7.41128310596762,7.23978222221255e-05,6.30355233777191e-05
LOS,10,30,4,20261109,9.97864326067327,10.1031666606994,9.97864326067327,-0.0213567393267322,0.103166660699408,-0.0213567393267322,0,candidate_invalid,0,0.0825356456957373,5.00000047359007,0.000185552508667142,0.000185992965957338
LOS,10,30,5,20261109,9.9930336579792,9.99007955090572,9.9930336579792,-0.00696634202079771,-0.00992044909428458,-0.00696634202079771,0,insufficient_gain,0.0166292658658324,0.0318839391044993,6.30867875433365,0.000100035063970827,9.83715542961505e-05
LOS,10,30,6,20261109,9.99073657813512,10.0177162219195,9.99073657813512,-0.00926342186487972,0.0177162219194678,-0.00926342186487972,0,candidate_invalid,0.147244816816941,0.0192519999210296,15.7054025675517,9.03738665860576e-05,7.70667831555549e-05
LOS,10,30,7,20261109,10.0059565618839,10.3276949810747,10.0059565618839,0.00595656188393257,0.327694981074721,0.00595656188393257,0,insufficient_gain,0.26054627673358,0.0576226160540273,20.461964631737,0.000112852974482047,8.34495521624401e-05
LOS,10,30,8,20261109,10.0026139800425,9.91839399113591,10.0026139800425,0.00261398004253088,-0.0816060088640889,0.00261398004253088,0,insufficient_gain,0.205555307052532,0.0314832176833287,13.2339907944386,4.30695816640014e-05,3.42164005804335e-05
LOS,10,30,9,20261109,9.97663587760112,10.6434100907655,9.97663587760112,-0.023364122398883,0.643410090765464,-0.023364122398883,0,insufficient_gain,0.400659641482016,0.22132112483912,8.38961213150339,9.02455506965882e-05,5.40878007091461e-05
LOS,10,30,10,20261109,10.0035385199445,9.98757841504261,10.0035385199445,0.00353851994445087,-0.0124215849573908,0.00353851994445087,0,insufficient_gain,0.00944819162371819,0.0489504807821641,5.25597887453189,0.000168613725295197,0.000167020630508219
LOS,10,30,11,20261109,9.98457983197713,9.98241179419847,9.98457983197713,-0.0154201680228656,-0.0175882058015286,-0.0154201680228656,0,candidate_invalid,0.394926522444669,0.00328142752722181,99.9999583222296,5.08303979955826e-05,3.07561256807087e-05
LOS,10,30,12,20261109,9.98735237063179,10.0114221547146,9.98735237063179,-0.0126476293682067,0.0114221547145554,-0.0126476293682067,0,candidate_invalid,0.00214621053407118,0.0179563484155538,5.66464016606765,6.79988246672369e-05,6.78528848734317e-05
LOS,10,30,13,20261109,9.99314721444954,9.93554230110741,9.99314721444954,-0.00685278555046231,-0.0644576988925927,-0.00685278555046231,0,insufficient_gain,0.0582963111861226,0.119087957703028,5.56146542543584,0.000130385643391184,0.000122784641349849
LOS,10,30,14,20261109,10.0091026162535,9.78208804027496,10.0091026162535,0.00910261625347708,-0.21791195972504,0.00910261625347708,0,insufficient_gain,0.272329132740514,0.0372045919754485,24.2529095105775,5.45985958277928e-05,3.97298075771602e-05
LOS,10,30,15,20261109,9.98303403872605,9.96879763454835,9.98303403872605,-0.0169659612739501,-0.0312023654516516,-0.0169659612739501,0,insufficient_gain,0.0234042592641504,0.0244270955345266,9.02338411980354,0.000100988672981694,9.86251078964884e-05
LOS,10,30,16,20261109,9.99700724566233,10.1388680314394,9.99700724566233,-0.00299275433766866,0.138868031439447,-0.00299275433766866,0,insufficient_gain,0.132586209246717,0.0291519799005318,19.0206461462264,9.56483977418987e-05,8.29667392647782e-05
LOS,10,30,17,20261109,10.0023176402445,10.4349633673225,10.0023176402445,0.00231764024449532,0.43496336732246,0.00231764024449532,0,insufficient_gain,0.169046278494585,0.187776281516928,6.9317039407523,0.000128888582022979,0.00010710044689155
LOS,10,30,18,20261109,9.98629268553856,10.1586604863408,9.98629268553856,-0.0137073144614419,0.158660486340786,-0.0137073144614419,0,insufficient_gain,0.0164545523813048,0.111280071977424,5.03718619041604,6.3044201933149e-05,6.20068378101024e-05
LOS,10,30,19,20261109,9.9947122160119,10.2934400866185,9.9947122160119,-0.00528778398810203,0.293440086618546,-0.00528778398810203,0,insufficient_gain,0.144756489187997,0.0613957878449359,16.9077644008791,6.731203712107e-05,5.75681829473318e-05
LOS,10,30,20,20261109,9.9952800100477,10.5200349134353,9.9952800100477,-0.00471998995230294,0.520034913435325,-0.00471998995230294,0,insufficient_gain,0.154079625605918,0.230635196499229,6.07707853322056,4.40386592421849e-05,3.72531991139624e-05
LOS,10,30,21,20261109,10.0237445247909,9.98418949808092,10.0237445247909,0.0237445247909243,-0.0158105019190771,0.0237445247909243,0,insufficient_gain,0.0933073636042863,0.0208609449343269,14.185651911898,0.000104699664000618,9.49304143824659e-05
LOS,10,30,22,20261109,9.99946260549503,10.1526124041744,9.99946260549503,-0.000537394504968702,0.152612404174402,-0.000537394504968702,0,insufficient_gain,0.0100715676415163,0.0985169961969451,5.00017738075626,7.31857947324777e-05,7.24486990504314e-05
LOS,10,30,23,20261109,10.0009622000373,10.4034562438668,10.0009622000373,0.000962200037340821,0.403456243866781,0.000962200037340821,0,insufficient_gain,0.085890828109015,0.0892769855991308,14.845804894128,9.90777645184515e-05,9.05678932767717e-05
LOS,10,30,24,20261109,9.99597369392038,10.0864258169243,9.99597369392038,-0.0040263060796164,0.0864258169243044,-0.0040263060796164,0,insufficient_gain,0.168645411940487,0.0202739919548164,21.2650748565517,0.000129973201789868,0.000108053817632792
LOS,10,30,25,20261109,10.0135966065189,10.0127983296566,10.0135966065189,0.0135966065188597,0.0127983296566079,0.0135966065188597,0,candidate_invalid,0.236831735896002,0.00319439624056311,99.4403215752814,7.38672022237985e-05,5.63731044953553e-05
LOS,10,30,26,20261109,10.0110976514153,9.95969153735433,10.0110976514153,0.011097651415291,-0.0403084626456742,0.011097651415291,0,insufficient_gain,0.0799734624694301,0.123449947065264,5.08511978085583,8.31259678930607e-05,7.647809641953e-05
LOS,10,30,27,20261109,9.988273595736,10.3382597369874,9.988273595736,-0.0117264042639995,0.338259736987386,-0.0117264042639995,0,insufficient_gain,0.291793156466168,0.243354797795705,5.21576976643244,0.000148643963568951,0.000105270672249524
LOS,10,30,28,20261109,9.99319508329871,10.10813406187,9.99319508329871,-0.0068049167012898,0.108134061870018,-0.0068049167012898,0,insufficient_gain,0.0149651492203226,0.0826618536867356,5.00003001645029,6.97435861050089e-05,6.8699862931787e-05
LOS,10,30,29,20261109,9.98515393178149,10.3448474171046,9.98515393178149,-0.0148460682185103,0.344847417104553,-0.0148460682185103,0,insufficient_gain,0.155570367214027,0.0956853726878198,12.2642587382841,7.22510844168855e-05,6.1010956682539e-05
LOS,10,30,30,20261109,9.99937890370687,9.83407118488734,9.99937890370687,-0.000621096293130563,-0.165928815112661,-0.000621096293130563,0,insufficient_gain,0.0950420841450527,0.070480846610237,10.8139898146139,0.000140584359000329,0.000127222928522741
LOS,10,30,31,20261109,9.99393160128036,9.99215521053275,9.99393160128036,-0.00606839871964304,-0.00784478946724931,-0.00606839871964304,0,candidate_invalid,0.298236425489891,0.00412449660387217,99.9999691502314,9.75614826941307e-05,6.84650948299392e-05
LOS,10,30,32,20261109,10.0109271524163,9.94087555627679,10.0109271524163,0.0109271524163326,-0.0591244437232135,0.0109271524163326,0,insufficient_gain,0.125505746702563,0.0351214354909656,10.0351907479101,3.45317543695156e-05,3.01978207524201e-05
LOS,10,30,33,20261109,9.99960194253583,10.0622397268481,9.99960194253583,-0.000398057464165547,0.0622397268481159,-0.000398057464165547,0,candidate_invalid,0,0.0519071778545969,5.00007066247307,4.31077757754306e-05,4.32742915648099e-05
LOS,10,30,34,20261109,9.98791791177076,9.76276119092021,9.98791791177076,-0.0120820882292438,-0.237238809079788,-0.0120820882292438,0,insufficient_gain,0.177646565396768,0.0446510494670262,20.4225716121832,0.000110064000739873,9.05115090346076e-05
LOS,10,30,35,20261109,10.0207117085696,10.3553986534632,10.0207117085696,0.0207117085696407,0.355398653463212,0.0207117085696407,0,insufficient_gain,0.0992431916599848,0.0859755874632038,12.651019156761,5.89882040611389e-05,5.3134026419821e-05
LOS,10,30,36,20261109,9.98587356827879,9.98428257802897,9.98587356827879,-0.0141264317212073,-0.0157174219710257,-0.0141264317212073,0,candidate_invalid,0.22910014076072,0.00401279387518092,99.8732498387002,0.000123461654565782,9.51765721262099e-05
LOS,10,30,37,20261109,9.99332062874468,10.0707948266649,9.99332062874468,-0.00667937125531815,0.0707948266649083,-0.00667937125531815,0,insufficient_gain,0.0540380862456845,0.0563487875659963,7.24995444348652,9.84855476371393e-05,9.31635771199701e-05
LOS,10,30,38,20261109,9.99358702289053,10.4177053199639,9.99358702289053,-0.00641297710947342,0.417705319963854,-0.00641297710947342,0,insufficient_gain,0.0273484593591086,0.139851306883341,9.03566172512165,9.93394329515951e-05,9.66226525067615e-05
LOS,10,30,39,20261109,10.0110144839236,10.0106856637531,10.0110144839236,0.0110144839236419,0.0106856637530957,0.0110144839236419,0,candidate_invalid,0.32428406045094,0.00489313720987385,97.1828818343086,0.000126642755605477,8.5574528591037e-05
LOS,10,30,40,20261109,9.96630924117237,9.94782112159774,9.96630924117237,-0.0336907588276265,-0.052178878402259,-0.0336907588276265,0,insufficient_gain,0.0852043839306862,0.0562047213890773,5.93291919840213,3.45468614282307e-05,3.16033173834995e-05
LOS,10,30,41,20261109,10.0130721685472,10.2066322592922,10.0130721685472,0.0130721685472182,0.206632259292213,0.0130721685472182,0,insufficient_gain,0.0152356030241812,0.127137511284433,5.00010189542256,9.74366982082753e-05,9.5952191354387e-05
LOS,10,30,42,20261109,9.98742217087475,10.1167183023279,9.98742217087475,-0.0125778291252523,0.116718302327936,-0.0125778291252523,0,insufficient_gain,0.0500385966110524,0.12024699204253,5.00003278068921,0.00010105972317076,9.60028364493937e-05
LOS,10,30,43,20261109,9.99236373593602,10.2968328917909,9.99236373593602,-0.00763626406398465,0.296832891790888,-0.00763626406398465,0,insufficient_gain,0.010922052036296,0.152622215183089,5.77400565386471,8.15324237923853e-05,8.06419224170796e-05
LOS,10,30,44,20261109,9.98216368361632,10.6573184599796,9.98216368361632,-0.0178363163836845,0.657318459979571,-0.0178363163836845,0,insufficient_gain,0.077126165289272,0.219582476308155,8.36960118884128,0.000128174293116956,0.000118288701400182
LOS,10,30,45,20261109,9.97408127294591,9.42455776516686,9.97408127294591,-0.0259187270540941,-0.575442234833138,-0.0259187270540941,0,insufficient_gain,0.305183438964357,0.318557939549661,8.42303028444857,8.16856200742677e-05,5.67565216260668e-05
LOS,10,30,46,20261109,10.0275263851096,10.0382152367292,10.0275263851096,0.0275263851096241,0.0382152367291546,0.0275263851096241,0,candidate_invalid,0.108183203642509,0.00354154689353678,34.0470549511735,5.4120333959462e-05,4.8265422849525e-05
LOS,10,30,47,20261109,9.99216740887932,10.2767350920791,9.99216740887932,-0.00783259112067647,0.276735092079141,-0.00783259112067647,0,insufficient_gain,0.318186128234874,0.104808583639923,9.39758591553151,6.23427983843516e-05,4.25061847431074e-05
LOS,10,30,48,20261109,9.98367326667672,10.461409345808,9.98367326667672,-0.0163267333232842,0.461409345807985,-0.0163267333232842,0,insufficient_gain,0.482585897456012,0.130352286459534,11.4569910337441,3.86481402325778e-05,1.99970927934334e-05
LOS,10,30,49,20261109,9.97405902625263,10.3104771695708,9.97405902625263,-0.0259409737473657,0.31047716957076,-0.0259409737473657,0,insufficient_gain,0.0197019232843849,0.113041951554398,9.11962742564705,6.44496559587537e-05,6.31798737813494e-05
LOS,10,30,50,20261109,10.0067088096187,10.0942689834353,10.0067088096187,0.00670880961871134,0.0942689834353097,0.00670880961871134,0,candidate_invalid,0.343615178324841,0.0135827352889531,33.5504260318899,8.91532160260944e-05,5.85188178030549e-05
LOS,15,30,1,20261109,14.9953417717997,14.9972277850146,14.9953417717997,-0.00465822820029338,-0.00277221498537195,-0.00465822820029338,0,candidate_invalid,0.170958002863777,0.00394464247537404,35.5412440007732,6.85723396023352e-05,5.68493493722233e-05
LOS,15,30,2,20261109,14.9842154406943,15.5426277823401,14.9842154406943,-0.0157845593056631,0.542627782340077,-0.0157845593056631,0,insufficient_gain,0.12618711700207,0.205503879218564,7.52384530428264,7.10077958621103e-05,6.20475268175991e-05
LOS,15,30,3,20261109,15.0010469421975,14.8681979352959,15.0010469421975,0.00104694219752055,-0.13180206470409,0.00104694219752055,0,insufficient_gain,0.395182320904265,0.242482574779405,6.55421187133004,0.000129461470235848,7.83005859603669e-05
LOS,15,30,4,20261109,14.9826078972563,15.2399944931534,14.9826078972563,-0.0173921027437256,0.239994493153404,-0.0173921027437256,0,insufficient_gain,0.133736334179512,0.179840506628835,5.00000000696066,6.89827922293329e-05,5.9757286475115e-05
LOS,15,30,5,20261109,14.9859806618618,14.9909353657205,14.9859806618618,-0.014019338138171,-0.00906463427953597,-0.014019338138171,0,candidate_invalid,0.14786483665734,0.0032154888911052,75.41807147852,0.000117696918900734,0.000100293683212405
LOS,15,30,6,20261109,14.9904013694766,15.4411140020002,14.9904013694766,-0.00959863052339927,0.441114002000241,-0.00959863052339927,0,insufficient_gain,0.113109707297224,0.117204414401719,12.2053982359341,0.000133788668728707,0.000118655871569118
LOS,15,30,7,20261109,14.9897564024465,14.983736767281,14.9897564024465,-0.0102435975535329,-0.016263232719016,-0.0102435975535329,0,candidate_invalid,0.353073513902495,0.00338248649089225,99.9984321653672,5.98592862592895e-05,3.87245577200268e-05
LOS,15,30,8,20261109,14.9675839828056,14.9334767474898,14.9675839828056,-0.0324160171944428,-0.0665232525102155,-0.0324160171944428,0,insufficient_gain,0.284253846585369,0.237191924001847,5.65879706147853,0.000141744744356798,0.000101453255540118
LOS,15,30,9,20261109,14.9843279241079,14.8797433739795,14.9843279241079,-0.0156720758921463,-0.120256626020485,-0.0156720758921463,0,insufficient_gain,0.403139852854603,0.212688627271746,7.89311920458468,0.000230933878288875,0.000137835228576355
LOS,15,30,10,20261109,14.9732922338773,14.9722672275434,14.9732922338773,-0.0267077661226818,-0.0277327724565986,-0.0267077661226818,0,candidate_invalid,0,1.1001749546812e-12,44.3318839149331,0.000107972000629841,0.000107972000636281
LOS,15,30,11,20261109,15.0077079352934,15.4104190809469,15.0077079352934,0.00770793529338043,0.410419080946852,0.00770793529338043,0,insufficient_gain,0.0338707071373101,0.218219782489159,5.0008616646059,7.19963266115897e-05,6.95577601179664e-05
LOS,15,30,12,20261109,15.0019184536971,15.00439945221,15.0019184536971,0.00191845369710109,0.00439945220998439,0.00191845369710109,0,candidate_invalid,0.36118839364623,0.00408095048240326,81.5101266663567,8.43166667618966e-05,5.38624653365627e-05
LOS,15,30,13,20261109,14.9959534008193,15.9730464799157,14.9959534008193,-0.00404659918074657,0.973046479915732,-0.00404659918074657,0,insufficient_gain,0.336471406862728,0.243131415063288,10.8890257245166,0.000120635500639121,8.00451040214867e-05
LOS,15,30,14,20261109,14.9788492868101,15.6335210507389,14.9788492868101,-0.0211507131899289,0.633521050738864,-0.0211507131899289,0,insufficient_gain,0.106408819731284,0.180803392322572,10.4931726667833,0.000141076168490795,0.000126064419909477
LOS,15,30,15,20261109,15.0021893683941,14.9646844149657,15.0021893683941,0.00218936839407924,-0.0353155850342937,0.00218936839407924,0,candidate_invalid,0.154761466334457,0.00674741831890859,38.515612319032,0.000112612120161559,9.51841033183243e-05
LOS,15,30,16,20261109,15.0050909338112,14.9989765689742,15.0050909338112,0.00509093381117331,-0.00102343102576441,0.00509093381117331,0,candidate_invalid,0.143099749128958,0.00269585732979073,65.6277277626051,0.000103491703436376,8.8682066637702e-05
LOS,15,30,17,20261109,14.9949317483044,15.6943377638722,14.9949317483044,-0.00506825169557423,0.694337763872177,-0.00506825169557423,0,insufficient_gain,0.306316558346972,0.171431554583662,12.1588498694945,9.29749583580275e-05,6.44951891013434e-05
LOS,15,30,18,20261109,14.9856235409339,15.3355070729913,14.9856235409339,-0.0143764590661473,0.335507072991348,-0.0143764590661473,0,insufficient_gain,0.0353910187406274,0.197048591603778,5.00000077069339,9.50330719726722e-05,9.1669754741508e-05
LOS,15,30,19,20261109,14.9709410371265,15.7468441077164,14.9709410371265,-0.0290589628735294,0.746844107716385,-0.0290589628735294,0,insufficient_gain,0.194076293003813,0.218923878244089,9.74194582684513,7.21181444323094e-05,5.81217223025732e-05
LOS,15,30,20,20261109,14.9960335480101,15.0490311647304,14.9960335480101,-0.00396645198992474,0.0490311647303869,-0.00396645198992474,0,insufficient_gain,0.327858471365028,0.221966723343027,6.36848783715772,0.000212021543456009,0.000142508484322068
LOS,15,30,21,20261109,15.0097708358627,15.4099883362142,15.0097708358627,0.00977083586272087,0.409988336214182,0.00977083586272087,0,insufficient_gain,0.232508377113522,0.0918293141469611,14.4697233586063,7.42432721263508e-05,5.69810894126555e-05
LOS,15,30,22,20261109,15.0102373116734,15.430270769492,15.0102373116734,0.0102373116733858,0.43027076949199,0.0102373116733858,0,insufficient_gain,0.00934608071202689,0.189281542056678,6.13567035536005,9.45532652909531e-05,9.36695628419582e-05
LOS,15,30,23,20261109,14.9999966600525,14.9996212806628,14.9999966600525,-3.33994750434385e-06,-0.000378719337192024,-3.33994750434385e-06,0,candidate_invalid,0,8.38041567968895e-13,46.3311168175607,4.54820445381365e-05,4.54820445396908e-05
LOS,15,30,24,20261109,15.0078306992245,15.0104854783063,15.0078306992245,0.00783069922449187,0.0104854783062791,0.00783069922449187,0,candidate_invalid,0.0219051556262894,0.00117467093015371,68.1486162564588,0.000102937121238655,0.0001006822675782
LOS,15,30,25,20261109,15.00867098479,14.9859418209443,15.00867098479,0.00867098479001527,-0.0140581790556524,0.00867098479001527,0,candidate_invalid,0.0140635486293334,0.0030925167790727,38.3433657219656,0.000103377613877687,0.000101923757777733
LOS,15,30,26,20261109,14.9971284806708,14.811115135297,14.9971284806708,-0.00287151932918661,-0.188884864703034,-0.00287151932918661,0,insufficient_gain,0.135573570146966,0.0700508776377049,11.8607127997286,0.000137207809741469,0.000118606057122772
LOS,15,30,27,20261109,14.9999387573252,15.641612558846,14.9999387573252,-6.12426747892414e-05,0.641612558845999,-6.12426747892414e-05,0,insufficient_gain,0.067118807311791,0.192930137782642,9.37519674265246,0.000106430215955466,9.92867467985992e-05
LOS,15,30,28,20261109,14.9829660157374,15.1626510654719,14.9829660157374,-0.0170339842625715,0.162651065471927,-0.0170339842625715,0,insufficient_gain,0.0248753282105281,0.120725489139008,5.00017385986037,9.71473558142311e-05,9.47307834535671e-05
LOS,15,30,29,20261109,15.0043685547956,15.0054977230416,15.0043685547956,0.00436855479557252,0.00549772304159113,0.00436855479557252,0,candidate_invalid,6.88181429213463e-12,5.73015778130595e-13,38.5928929556131,6.45308331492789e-05,6.45308331488348e-05
LOS,15,30,30,20261109,14.9623898584882,14.9704494367226,14.9623898584882,-0.0376101415117507,-0.029550563277418,-0.0376101415117507,0,candidate_invalid,0.345945612764607,0.00428752120369394,99.9782817075057,0.000117819600013558,7.70604262911867e-05
LOS,15,30,31,20261109,14.9887789501778,15.4773545135163,14.9887789501778,-0.0112210498221508,0.477354513516335,-0.0112210498221508,0,insufficient_gain,0.0151002218652941,0.240315941982691,5.26282264589556,9.66081947011421e-05,9.51493895271494e-05
LOS,15,30,32,20261109,15.0036416948967,15.525377235089,15.0036416948967,0.00364169489665578,0.525377235089003,0.00364169489665578,0,insufficient_gain,0.0696218962147878,0.15023844421673,10.3222094822401,7.41091349301115e-05,6.89495164294396e-05
LOS,15,30,33,20261109,15.0132822554933,15.6772809717074,15.0132822554933,0.0132822554933298,0.677280971707404,0.0132822554933298,0,insufficient_gain,0.169051010091193,0.178517530226458,10.9098991404787,0.000153536130913512,0.000127580692897089
LOS,15,30,34,20261109,15.0026615846217,15.3559504867096,15.0026615846217,0.00266158462171973,0.355950486709588,0.00266158462171973,0,insufficient_gain,0.060575430413912,0.205943298824607,5.0000420757007,8.75608427879371e-05,8.22568070486529e-05
LOS,15,30,35,20261109,14.9892336306567,14.9876984509966,14.9892336306567,-0.0107663693433242,-0.0123015490033769,-0.0107663693433242,0,candidate_invalid,0.10553440214151,0.00243623662718617,94.5876675690273,9.85129593176204e-05,8.81164530528444e-05
LOS,15,30,36,20261109,14.9839599649923,14.9841927577886,14.9839599649923,-0.0160400350077499,-0.0158072422114444,-0.0160400350077499,0,candidate_invalid,0,2.80834717239354e-13,47.9415554612609,9.85056380080618e-05,9.85056380096161e-05
LOS,15,30,37,20261109,15.0174715329879,15.0177557270996,15.0174715329879,0.0174715329878978,0.0177557270995798,0.0174715329878978,0,candidate_invalid,0,1.20601508182173e-12,45.5882762875341,7.65391088974887e-05,7.65391088977108e-05
LOS,15,30,38,20261109,14.9815594730862,14.9804288273619,14.9815594730862,-0.0184405269137944,-0.0195711726380559,-0.0184405269137944,0,candidate_invalid,0,2.23682858347676e-13,47.1722096792305,4.07768351575744e-05,4.07768351604609e-05
LOS,15,30,39,20261109,15.0022401759374,15.6377164247052,15.0022401759374,0.00224017593744463,0.637716424705232,0.00224017593744463,0,insufficient_gain,0.259334916212029,0.151319219503098,12.8677471946921,0.000113301408789512,8.39183974343793e-05
LOS,15,30,40,20261109,14.977750896072,15.5150078334551,14.977750896072,-0.0222491039279582,0.515007833455098,-0.0222491039279582,0,insufficient_gain,0.239715657893445,0.177353475612296,8.89573578980458,8.9688972225721e-05,6.81891212428454e-05
LOS,15,30,41,20261109,14.9947823720646,15.516443680118,14.9947823720646,-0.00521762793536062,0.516443680117973,-0.00521762793536062,0,insufficient_gain,0.0287661935342657,0.158789011432742,9.63197084530245,0.000166353968775956,0.000161568598314954
LOS,15,30,42,20261109,14.9822424004416,15.5179748716182,14.9822424004416,-0.0177575995583599,0.517974871618229,-0.0177575995583599,0,insufficient_gain,0.0123805264040139,0.217341028798702,6.59621545487512,0.000120398325668125,0.000118907731018192
LOS,15,30,43,20261109,15.0067281373296,15.1445974462757,15.0067281373296,0.00672813732961153,0.14459744627568,0.00672813732961153,0,insufficient_gain,0.0176290069144294,0.0933760975815741,5.09866853546151,0.000151657329038324,0.000148983760936083
LOS,15,30,44,20261109,15.0182951690671,15.1932012780188,15.0182951690671,0.0182951690670787,0.193201278018797,0.0182951690670787,0,insufficient_gain,0.00661045233644102,0.0593911480108214,9.57788252095573,4.65768109376707e-05,4.62689171489838e-05
LOS,15,30,45,20261109,14.9971013314838,14.9937081163934,14.9971013314838,-0.0028986685161847,-0.00629188360658084,-0.0028986685161847,0,candidate_invalid,0.0495895764067593,0.00152712025722257,99.9985518830199,0.000100830688819276,9.5830537671926e-05
LOS,15,30,46,20261109,14.9945585337275,15.681197678775,14.9945585337275,-0.00544146627248665,0.681197678775,-0.00544146627248665,0,insufficient_gain,0.123651711622548,0.171734624815673,11.8110844809439,0.00013280465858756,0.00011638313524176
LOS,15,30,47,20261109,15.0113606841936,15.0105532501299,15.0113606841936,0.0113606841936296,0.0105532501299344,0.0113606841936296,0,candidate_invalid,0.179138112376199,0.00225180708366003,99.9959645041906,9.17390518890837e-05,7.53050913024911e-05
LOS,15,30,48,20261109,14.9876761418345,14.9876080429027,14.9876761418345,-0.0123238581654981,-0.0123919570973374,-0.0123238581654981,0,candidate_invalid,0,2.90278474797255e-12,48.738063645067,0.000171279076533581,0.000171279076542907
LOS,15,30,49,20261109,15.0101546290834,15.3762718665991,15.0101546290834,0.0101546290834182,0.37627186659909,0.0101546290834182,0,insufficient_gain,0.061796681500067,0.209369943212272,5.00001720009936,5.78788531979679e-05,5.4302132141304e-05
LOS,15,30,50,20261109,14.9952085604091,15.5184136382569,14.9952085604091,-0.00479143959088724,0.518413638256927,-0.00479143959088724,0,insufficient_gain,0.0109768029388952,0.246313431160237,5.4432296186529,8.52557052639646e-05,8.43198701878656e-05
LOS,20,30,1,20261109,19.9902727041471,20.1244798425017,19.9902727041471,-0.00972729585285848,0.124479842501749,-0.00972729585285848,0,insufficient_gain,0.0796470072116878,0.0861140608360425,6.80129854623001,9.66974348455274e-05,8.8995773555034e-05
LOS,20,30,2,20261109,20.0059832890308,20.0429111763975,20.0059832890308,0.00598328903076251,0.0429111763975243,0.00598328903076251,0,candidate_invalid,0.0938068463647944,0.0127721216649967,15.3057625620755,3.75831924943615e-05,3.40576317301444e-05
LOS,20,30,3,20261109,19.9916127097792,20.5671157629566,19.9916127097792,-0.00838729022083484,0.567115762956597,-0.00838729022083484,0,insufficient_gain,0.122110280818693,0.154285597996799,11.2009285394883,0.00011844788549209,0.000103984180932271
LOS,20,30,4,20261109,20.0082519916136,20.2253874014317,20.0082519916136,0.00825199161357304,0.225387401431718,0.00825199161357304,0,insufficient_gain,0.0220982264602953,0.0453227034740532,16.6961155701405,0.000159216809896723,0.000155698400775339
LOS,20,30,5,20261109,20.0175632248511,19.8581496227914,20.0175632248511,0.0175632248511199,-0.141850377208648,0.0175632248511199,0,insufficient_gain,0.0624167476293818,0.109690204378497,6.63710238064229,0.000114163421873315,0.000107037712381741
LOS,20,30,6,20261109,19.9833485712824,19.983560338621,19.9833485712824,-0.0166514287176263,-0.0164396613789783,-0.0166514287176263,0,candidate_invalid,0,4.15610218231808e-05,5.1674782318154,4.01935395095698e-05,4.01936385538981e-05
LOS,20,30,7,20261109,19.9926633391432,20.4950836777882,19.9926633391432,-0.00733666085676887,0.495083677788223,-0.00733666085676887,0,insufficient_gain,0.0420465663892796,0.181809563485909,7.8179136348599,0.000107408414230958,0.000102892259211229
LOS,20,30,8,20261109,19.9999160270805,19.9859187131035,19.9999160270805,-8.39729194908045e-05,-0.0140812868965057,-8.39729194908045e-05,0,candidate_invalid,0.142038165772564,0.0030064871167815,55.653337033564,8.6070842749475e-05,7.38454981188408e-05
LOS,20,30,9,20261109,20.0169238129836,19.8863826983482,20.0169238129836,0.0169238129835811,-0.113617301651757,0.0169238129835811,0,insufficient_gain,0.235284151851559,0.0212099510002941,27.8579947755865,0.000104241547724593,7.97151635805182e-05
LOS,20,30,10,20261109,20.004017546481,19.9960373840679,20.004017546481,0.00401754648098418,-0.0039626159320747,0.00401754648098418,0,candidate_invalid,0.378610567587088,0.0039030511319003,66.4876608300602,7.46280856860349e-05,4.63731038065074e-05
LOS,20,30,11,20261109,20.0105810929053,19.9016392249619,20.0105810929053,0.0105810929053227,-0.0983607750380671,0.0105810929053227,0,insufficient_gain,0.0445930508137326,0.0201260745660769,21.1833404617475,6.17629641028739e-05,5.90087651062277e-05
LOS,20,30,12,20261109,19.998070178795,20.3932049699441,19.998070178795,-0.00192982120504581,0.39320496994408,-0.00192982120504581,0,insufficient_gain,0.0783989409346845,0.219114790382001,5.05922357098223,9.89910220976498e-05,9.12302308031521e-05
LOS,20,30,13,20261109,20.020969691846,20.0188721199605,20.020969691846,0.0209696918459592,0.0188721199604629,0.0209696918459592,0,candidate_invalid,0.0293160872306722,0.000739732799885792,99.9741333252276,0.000162859856164266,0.000158085442414579
LOS,20,30,14,20261109,19.9963592177306,20.3064115889237,19.9963592177306,-0.00364078226944997,0.306411588923709,-0.00364078226944997,0,insufficient_gain,0.186131758763678,0.051216572362168,22.6747023143465,0.000126763701946642,0.000103168951155919
LOS,20,30,15,20261109,20.0159581390805,19.9833209831637,20.0159581390805,0.0159581390805172,-0.0166790168362851,0.0159581390805172,0,insufficient_gain,0.114907626114787,0.058831631601398,8.54049800566754,9.69590290915701e-05,8.58176972282632e-05
LOS,20,30,16,20261109,19.993923962732,19.9932710470435,19.993923962732,-0.00607603726800576,-0.00672895295654286,-0.00607603726800576,0,candidate_invalid,0,8.16123040227949e-11,16.1056409434496,9.79473804187947e-05,9.79473804432196e-05
LOS,20,30,17,20261109,20.0133377977918,20.1180625293974,20.0133377977918,0.0133377977917526,0.118062529397449,0.0133377977917526,0,candidate_invalid,0.205192593981653,0.015906457295413,28.6306384026736,6.09182982336254e-05,4.84183145981198e-05
LOS,20,30,18,20261109,19.9823994045113,19.8409481146111,19.9823994045113,-0.0176005954886804,-0.159051885388884,-0.0176005954886804,0,insufficient_gain,0.13692796801898,0.0430220285696698,13.7576727348947,7.8484103504195e-05,6.77374346895743e-05
LOS,20,30,19,20261109,19.9974981512414,19.853074641161,19.9974981512414,-0.00250184875855197,-0.146925358839027,-0.00250184875855197,0,insufficient_gain,0.12799306337456,0.0520887560606379,12.5076598753191,0.000108430015112848,9.45517253168049e-05
LOS,20,30,20,20261109,19.9798646755697,19.9800476370141,19.9798646755697,-0.0201353244302886,-0.0199523629859257,-0.0201353244302886,0,candidate_invalid,0.263129811315864,0.00421941877390456,83.2638267377885,0.000130233062213048,9.59648611258412e-05
LOS,20,30,21,20261109,19.9881714106476,20.3944099706798,19.9881714106476,-0.0118285893523726,0.394409970679771,-0.0118285893523726,0,insufficient_gain,0.0307939089706966,0.221086297939214,5.00106423692691,0.000138983047800911,0.00013470321647846
LOS,20,30,22,20261109,20.0022166294684,20.0096349071425,20.0022166294684,0.00221662946836076,0.00963490714252657,0.00221662946836076,0,candidate_invalid,0.000447521213823505,0.0154233901170306,5.00013297785155,0.000169495921507945,0.000169420068487414
LOS,20,30,23,20261109,19.9941156572267,20.0051102499515,19.9941156572267,-0.00588434277329952,0.0051102499515352,-0.00588434277329952,0,insufficient_gain,0.0758946096670522,0.0383778688483039,8.55477072781374,7.27882992719309e-05,6.72640597103591e-05
LOS,20,30,24,20261109,19.9943238393013,19.9945216959359,19.9943238393013,-0.00567616069873367,-0.00547830406407712,-0.00567616069873367,0,candidate_invalid,0,3.63490358688321e-12,23.5890026236772,0.000100136781198579,0.000100136781227222
LOS,20,30,25,20261109,19.9977493601309,20.3826896645952,19.9977493601309,-0.00225063986910357,0.382689664595155,-0.00225063986910357,0,insufficient_gain,0.00186800555831404,0.206139167386952,5.01104525338872,7.21204853688651e-05,7.19857639013277e-05
LOS,20,30,26,20261109,19.9905579413556,20.1336332725149,19.9905579413556,-0.00944205864443148,0.133633272514913,-0.00944205864443148,0,insufficient_gain,0.13689853707161,0.0228365120357337,24.9069916367805,5.88191103507718e-05,5.07668601918976e-05
LOS,20,30,27,20261109,19.9867769375914,19.9853086778767,19.9867769375914,-0.0132230624086382,-0.0146913221232765,-0.0132230624086382,0,candidate_invalid,0.406273524661444,0.00397243877744712,79.5783947335281,7.8118421072082e-05,4.63809748021404e-05
LOS,20,30,28,20261109,19.9973014658743,20.0494269892079,19.9973014658743,-0.00269853412565624,0.0494269892079444,-0.00269853412565624,0,insufficient_gain,0.0022692133347612,0.0432750108669011,5.00071325830988,0.000107552588962223,0.000107308529193162
LOS,20,30,29,20261109,19.9923386598099,20.0702321867113,19.9923386598099,-0.00766134019009002,0.0702321867112587,-0.00766134019009002,0,insufficient_gain,0.0137763003153249,0.0299492592374289,9.29417758823464,5.30620033594165e-05,5.23310052658044e-05
LOS,20,30,30,20261109,20.0104835922819,19.9604910558029,20.0104835922819,0.0104835922818509,-0.0395089441971024,0.0104835922818509,0,candidate_invalid,0.189920437194297,0.00903427082414467,27.4622509871475,8.73770679687969e-05,7.07823770194071e-05
LOS,20,30,31,20261109,19.9699814298454,20.0634195719313,19.9699814298454,-0.0300185701546454,0.0634195719312771,-0.0300185701546454,0,candidate_invalid,0,0.0602282376701347,5.00500090432489,0.000139952031771751,0.000140501743137733
LOS,20,30,32,20261109,19.979290317375,20.4894448961826,19.979290317375,-0.0207096826249611,0.489444896182569,-0.0207096826249611,0,insufficient_gain,0.16850883489281,0.114210275484067,14.3380818843243,8.25993324684582e-05,6.86806151912744e-05
LOS,20,30,33,20261109,20.0057573845519,20.005609117866,20.0057573845519,0.00575738455193431,0.00560911786598695,0.00575738455193431,0,candidate_invalid,0,1.53934626252044e-10,5.25564440483284,9.65856489050232e-05,9.65856489081318e-05
LOS,20,30,34,20261109,19.9864977564627,19.941477371994,19.9864977564627,-0.0135022435373386,-0.0585226280060454,-0.0135022435373386,0,candidate_invalid,0.079888061403993,0.00983924918165983,22.5872354106951,7.96077345379675e-05,7.32480269529656e-05
LOS,20,30,35,20261109,19.9922863460531,19.989507499355,19.9922863460531,-0.00771365394690093,-0.0104925006450252,-0.00771365394690093,0,candidate_invalid,0.23018511645552,0.00470990514065252,80.7772092878497,0.000179128796664152,0.000137896013743477
LOS,20,30,36,20261109,20.0009795902023,20.5116193658976,20.0009795902023,0.000979590202344838,0.511619365897619,0.000979590202344838,0,insufficient_gain,0.0646531557548716,0.152812043706419,9.87263836903032,6.66751021098921e-05,6.23643463482093e-05
LOS,20,30,37,20261109,19.9983879165832,20.463429973107,19.9983879165832,-0.0016120834168305,0.463429973107026,-0.0016120834168305,0,insufficient_gain,0.0172343337703001,0.206393065352116,6.09075601034065,4.69910926605976e-05,4.61812324854538e-05
LOS,20,30,38,20261109,19.9977452600184,19.9969907990186,19.9977452600184,-0.00225473998161618,-0.00300920098138846,-0.00225473998161618,0,candidate_invalid,0,3.30481840556351e-05,5.00023126631645,5.80053201035824e-05,5.80215790613181e-05
LOS,20,30,39,20261109,19.983558334531,20.1337834524813,19.983558334531,-0.0164416654690029,0.133783452481332,-0.0164416654690029,0,insufficient_gain,0.0528560415973632,0.0269966802745427,20.50379193703,6.27201045340087e-05,5.94049680797681e-05
LOS,20,30,40,20261109,20.0175950201732,20.0198733936551,20.0175950201732,0.0175950201731929,0.0198733936551392,0.0175950201731929,0,candidate_invalid,0.432432368653011,0.00461807754617759,80.4862404181611,9.41929646547379e-05,5.34608778386403e-05
LOS,20,30,41,20261109,20.0243826905953,20.5335309945625,20.0243826905953,0.0243826905952709,0.533530994562476,0.0243826905952709,0,insufficient_gain,0.0708585488052832,0.161174876955443,9.19917014284495,5.83962855547071e-05,5.42584095046816e-05
LOS,20,30,42,20261109,19.9854674370742,19.9876737805801,19.9854674370742,-0.0145325629257549,-0.0123262194199221,-0.0145325629257549,0,candidate_invalid,0.0126399939273576,0.00198733232479853,28.5162178921516,0.000103408607048161,0.000102101522883036
LOS,20,30,43,20261109,19.9687180307183,19.9709445824767,19.9687180307183,-0.0312819692816895,-0.0290554175232707,-0.0312819692816895,0,candidate_invalid,0.441517116800177,0.00608519181480164,89.7094359838182,0.000154303496926911,8.61758618515562e-05
LOS,20,30,44,20261109,19.9978565471971,20.5049702990516,19.9978565471971,-0.0021434528028621,0.504970299051649,-0.0021434528028621,0,insufficient_gain,0.148333981197734,0.154913604351439,9.69872856208429,6.19445744884928e-05,5.2756089141015e-05
LOS,20,30,45,20261109,20.0121002832909,20.0120725918606,20.0121002832909,0.012100283290863,0.0120725918606155,0.012100283290863,0,candidate_invalid,0.0167260077175502,0.00312661888097189,26.3556912269243,0.000151116869209655,0.000148589287289003
LOS,20,30,46,20261109,19.9917263828296,20.02282796574,19.9917263828296,-0.00827361717035302,0.0228279657399568,-0.00827361717035302,0,insufficient_gain,0.100831961479562,0.0645150619278096,5.39380465470711,3.78684539503737e-05,3.40501034603591e-05
LOS,20,30,47,20261109,20.0117237289764,20.1601490145662,20.0117237289764,0.0117237289763779,0.160149014566151,0.0117237289763779,0,insufficient_gain,0.124187830102749,0.0229468578584017,25.6974814367194,6.29787211385846e-05,5.51575304177376e-05
LOS,20,30,48,20261109,19.9956272072521,19.9414782023735,19.9956272072521,-0.00437279274785141,-0.0585217976265469,-0.00437279274785141,0,insufficient_gain,0.267395633908785,0.0852697492660132,8.21381157232619,7.1454379236835e-05,5.23477902052427e-05
LOS,20,30,49,20261109,20.0001886270519,20.6957570182485,20.0001886270519,0.000188627051873169,0.695757018248543,0.000188627051873169,0,insufficient_gain,0.202234555335254,0.1735151492826,11.8059218434534,8.41859504314701e-05,6.7160642180486e-05
LOS,20,30,50,20261109,20.0067417460874,19.8959887090937,20.0067417460874,0.00674174608735356,-0.104011290906264,0.00674174608735356,0,insufficient_gain,0.0365624120259376,0.026928439357077,15.1644436465783,4.28608351421556e-05,4.12937396279123e-05
Light_multipath,1,0,1,20261109,2.19640347730379,0.000762699721390972,0.000762699721390972,1.19640347730379,-0.999237300278609,-0.999237300278609,1,two_path_selected,0.711472643718214,0.342727284967528,35.3002214845916,0.00631237819004493,0.00182129379102447
Light_multipath,1,0,2,20261109,2.37396026314426,3.33936507064727,2.37396026314426,1.37396026314426,2.33936507064727,1.37396026314426,0,insufficient_gain,0.215173542363629,0.256956765536734,12.1722045215202,0.00420264141249493,0.00329834417248431
Light_multipath,1,0,3,20261109,2.37968778994071,1.0613864315543,2.37968778994071,1.37968778994071,0.0613864315542973,1.37968778994071,0,insufficient_gain,0.481195520605698,0.539319311974468,17.8891875717317,0.00537316976235824,0.00278762454125747
Light_multipath,1,0,4,20261109,2.09344377268155,1.59220564482484,2.09344377268155,1.09344377268155,0.592205644824836,1.09344377268155,0,insufficient_gain,0.344408538603461,0.09920899680207,26.2640304799701,0.00190772376376636,0.00125068741022849
Light_multipath,1,0,5,20261109,2.04405978869224,0.810070852388633,2.04405978869224,1.04405978869224,-0.189929147611367,1.04405978869224,0,insufficient_gain,0.386096753570087,0.176423194779618,35.9765479019158,0.00430717658827251,0.00264418969048741
Light_multipath,1,0,6,20261109,2.30197972752134,1.95487145215288,2.30197972752134,1.30197972752134,0.954871452152881,1.30197972752134,0,insufficient_gain,0.462816286566975,0.0712513791910901,38.0359221319413,0.00478029818833736,0.00256789833212823
Light_multipath,1,0,7,20261109,2.20621743589796,1.87531211980052,2.20621743589796,1.20621743589796,0.875312119800522,1.20621743589796,0,insufficient_gain,0.27487964203033,0.064696809122663,30.7675755421349,0.00276127813881799,0.00200225899247353
Light_multipath,1,0,8,20261109,2.11113636032193,1.14951325202767,2.11113636032193,1.11113636032193,0.149513252027673,1.11113636032193,0,insufficient_gain,0.176559328740816,0.289660444955604,16.9964689343082,0.00220702730030697,0.00181735604165212
Light_multipath,1,0,9,20261109,2.11415748695538,0.0154360547027826,2.11415748695538,1.11415748695538,-0.984563945297217,1.11415748695538,0,insufficient_gain,0.392130179306557,0.520887353166753,23.2982075965041,0.00386925059606424,0.00235200066604757
Light_multipath,1,0,10,20261109,2.28175930001053,1.26012875088657,2.28175930001053,1.28175930001053,0.260128750886566,1.28175930001053,0,insufficient_gain,0.388165141702966,0.262391404297189,19.5946110476219,0.00161157819775726,0.000986019718259401
Light_multipath,1,0,11,20261109,2.23772710806183,1.77782998722335,2.23772710806183,1.23772710806183,0.777829987223353,1.23772710806183,0,insufficient_gain,0.427973094533683,0.0721419532240481,43.7716268286412,0.00510178485679069,0.00291835820398489
Light_multipath,1,0,12,20261109,2.17913610683263,1.55757525540177,2.17913610683263,1.17913610683263,0.557575255401774,1.17913610683263,0,insufficient_gain,0.265624604477701,0.08664849957837,36.4190309651837,0.00300024453208625,0.00220330576491445
Light_multipath,1,0,13,20261109,2.13568994979702,2.10079674963984,2.10079674963984,1.13568994979702,1.10079674963984,1.10079674963984,1,two_path_selected,0.611772397061725,0.0833253528558386,30.5044443774524,0.00457231472851549,0.00177509878693094
Light_multipath,1,0,14,20261109,2.44611598357304,2.29343315153004,2.44611598357304,1.44611598357304,1.29343315153004,1.44611598357304,0,insufficient_gain,0.262737750350044,0.0361393877751662,37.3800005600416,0.00266818275036385,0.00196715041701045
Light_multipath,1,0,15,20261109,2.19201439223183,2.35723318752002,2.19201439223183,1.19201439223183,1.35723318752002,1.19201439223183,0,insufficient_gain,0.591685699455877,0.39773154792362,10.4269751833314,0.00328672223691484,0.0013420156912487
Light_multipath,1,0,16,20261109,2.2215547746257,1.79337845074073,2.2215547746257,1.2215547746257,0.79337845074073,1.2215547746257,0,insufficient_gain,0.445152513560138,0.0849428124283002,36.3546325527222,0.00596446592582089,0.00330936892689793
Light_multipath,1,0,17,20261109,2.51054768924858,3.38143234635488,2.51054768924858,1.51054768924858,2.38143234635488,1.51054768924858,0,insufficient_gain,0.245503145693533,0.230890613331675,12.5917160548711,0.00287930590690633,0.00217242724934685
Light_multipath,1,0,18,20261109,2.22055232007646,0.0600679489087612,2.22055232007646,1.22055232007646,-0.939932051091239,1.22055232007646,0,insufficient_gain,0.387516699799607,0.332423508942326,34.0177002023964,0.00512955182849728,0.00314176483246698
Light_multipath,1,0,19,20261109,2.46266920645628,0.153266198046317,2.46266920645628,1.46266920645628,-0.846733801953683,1.46266920645628,0,insufficient_gain,0.393473925471774,0.513568374951173,24.9539009142643,0.00290031721051887,0.00175911801258266
Light_multipath,1,0,20,20261109,2.23323245159014,0.0552110693928651,2.23323245159014,1.23323245159014,-0.944788930607135,1.23323245159014,0,insufficient_gain,0.492136945247691,0.326723621073153,35.0287041882457,0.00391930446705402,0.00199046993914243
Light_multipath,1,0,21,20261109,2.15459569898709,1.9767650597191,2.15459569898709,1.15459569898709,0.976765059719102,1.15459569898709,0,weak_echo,0.619311622718956,0.0767936406743965,37.3576373406896,0.00645030167472438,0.00245555487752402
Light_multipath,1,0,22,20261109,2.13032243813215,0.0125349843745511,2.13032243813215,1.13032243813215,-0.987465015625449,1.13032243813215,0,insufficient_gain,0.476379337020241,0.437889009356358,26.3625499943628,0.00334276398882816,0.00175034029601506
Light_multipath,1,0,23,20261109,2.04869036880381,0.685331653904574,2.04869036880381,1.04869036880381,-0.314668346095426,1.04869036880381,0,insufficient_gain,0.570607285038264,0.21499613636018,33.237597287427,0.00464547420688777,0.00199473278198026
Light_multipath,1,0,24,20261109,2.21055427259261,0.227329680342725,2.21055427259261,1.21055427259261,-0.772670319657275,1.21055427259261,0,insufficient_gain,0.297537109771729,0.323852633786698,30.7607708971822,0.00298714020431912,0.00209835514144308
Light_multipath,1,0,25,20261109,2.23949208078823,2.16909792401549,2.16909792401549,1.23949208078823,1.16909792401549,1.16909792401549,1,two_path_selected,0.78681484058547,0.328173674493227,17.1246281037045,0.00745873701437039,0.00159009203943961
Light_multipath,1,0,26,20261109,2.26528458331455,0.00857494550250906,2.26528458331455,1.26528458331455,-0.991425054497491,1.26528458331455,0,insufficient_gain,0.285479092138682,0.382644392625049,30.4719230829981,0.00353744193846217,0.00252757622537669
Light_multipath,1,0,27,20261109,2.24735014409978,2.03311115206428,2.24735014409978,1.24735014409978,1.03311115206428,1.24735014409978,0,weak_echo,0.63307652389537,0.0722541784803335,35.3942981850029,0.00486455884906478,0.00178492084261439
Light_multipath,1,0,28,20261109,2.34001818063147,2.22133418650614,2.34001818063147,1.34001818063147,1.22133418650614,1.34001818063147,0,weak_echo,0.734819859448733,0.0343417637049392,67.6488877175585,0.0023491288552413,0.000622942320005926
Light_multipath,1,0,29,20261109,2.13996191706456,0.692361716056979,2.13996191706456,1.13996191706456,-0.307638283943021,1.13996191706456,0,insufficient_gain,0.0894999636288101,0.591163230011819,14.5692920069976,0.00278529532914074,0.00253601149848715
Light_multipath,1,0,30,20261109,2.29061496297993,2.1136512905788,2.29061496297993,1.29061496297993,1.1136512905788,1.29061496297993,0,insufficient_gain,0.515600524511449,0.0376070890791919,52.6352405938744,0.00281146111744457,0.00136187029064661
Light_multipath,1,0,31,20261109,2.33664733885473,0.0158528561719327,2.33664733885473,1.33664733885473,-0.984147143828067,1.33664733885473,0,insufficient_gain,0.325070023460619,0.492948929712328,26.4173388753785,0.00563115659153057,0.00380063638621131
Light_multipath,1,0,32,20261109,2.51420095453223,2.2185854865839,2.51420095453223,1.51420095453223,1.2185854865839,1.51420095453223,0,insufficient_gain,0.439462374289067,0.0499189550424702,48.4336519150479,0.00369295075379861,0.00207003784740167
Light_multipath,1,0,33,20261109,2.20238120323041,0.0101570406170021,2.20238120323041,1.20238120323041,-0.989842959382998,1.20238120323041,0,insufficient_gain,0.436008460675684,0.372921143645848,31.2164357223736,0.00467574582327934,0.00263708108436056
Light_multipath,1,0,34,20261109,2.12641279023133,1.99569389538922,2.12641279023133,1.12641279023133,0.995693895389223,1.12641279023133,0,insufficient_gain,0.446165056303953,0.0364833214456069,48.1266556850687,0.00348038293791686,0.00192755768846187
Light_multipath,1,0,35,20261109,2.16983378381639,2.18874166987256,2.16983378381639,1.16983378381639,1.18874166987256,1.16983378381639,0,candidate_invalid,0.0770457319445527,0.012755387065169,55.0225788109144,0.00506263457278866,0.00467258018656036
Light_multipath,1,0,36,20261109,2.25533606039768,0.667639041866587,0.667639041866587,1.25533606039768,-0.332360958133413,-0.332360958133413,1,two_path_selected,0.664223384190248,0.413854577114374,24.0842798086543,0.0058561951620435,0.00196637339303241
Light_multipath,1,0,37,20261109,2.28351968734152,0.00553189944669556,0.00553189944669556,1.28351968734152,-0.994468100553304,-0.994468100553304,1,two_path_selected,0.771884790717146,0.409081975076366,30.1344843411482,0.00310980053447496,0.000709392799749686
Light_multipath,1,0,38,20261109,2.30694741808631,2.33643647380576e-05,2.30694741808631,1.30694741808631,-0.999976635635262,1.30694741808631,0,insufficient_gain,0.204052489003526,0.390668211356969,30.8327714956894,0.00540344106068247,0.00430085546306636
Light_multipath,1,0,39,20261109,2.15695876210086,0.0614417110280965,2.15695876210086,1.15695876210086,-0.938558288971904,1.15695876210086,0,insufficient_gain,0.479764354282553,0.363943997349109,30.7565431984169,0.00461998585667467,0.00240348132535262
Light_multipath,1,0,40,20261109,2.29230085560032,0.00801247347808027,2.29230085560032,1.29230085560032,-0.99198752652192,1.29230085560032,0,insufficient_gain,0.438322509575117,0.391075846042296,30.6553709546791,0.00378087785777304,0.00212363398675697
Light_multipath,1,0,41,20261109,2.32322070247282,0.0369725962585764,2.32322070247282,1.32322070247282,-0.963027403741424,1.32322070247282,0,insufficient_gain,0.560518433097877,0.436338274823964,29.0193666992002,0.00479710637678377,0.00210823982706509
Light_multipath,1,0,42,20261109,2.23018384318764,1.53314645552812,1.53314645552812,1.23018384318764,0.533146455528123,0.533146455528123,1,two_path_selected,0.632029373456927,0.113812708535656,39.2007557469239,0.00580865423323096,0.00213741413757407
Light_multipath,1,0,43,20261109,1.98515518968529,0.00599249437432052,1.98515518968529,0.985155189685294,-0.99400750562568,0.985155189685294,0,insufficient_gain,0.484455023433499,0.324988442084346,32.9658186737763,0.00697326784021945,0.00359503320527788
Light_multipath,1,0,44,20261109,2.25717773723513,0.126117907602094,2.25717773723513,1.25717773723513,-0.873882092397906,1.25717773723513,0,insufficient_gain,0.41384446744264,0.699974254059907,20.0305364437352,0.00310053610594352,0.00181739639239265
Light_multipath,1,0,45,20261109,2.40028736410168,0.00364784181645667,2.40028736410168,1.40028736410168,-0.996352158183543,1.40028736410168,0,insufficient_gain,0.518530023925882,0.38792668075428,33.6971984478187,0.00626550431829243,0.00301665221422054
Light_multipath,1,0,46,20261109,2.23682231326968,3.39420098266083,3.39420098266083,1.23682231326968,2.39420098266083,2.39420098266083,1,two_path_selected,0.75528962656244,0.254796236235828,18.1537256760051,0.00612353207203897,0.00149849182010553
Light_multipath,1,0,47,20261109,2.25796553593853,2.05574019862164,2.25796553593853,1.25796553593853,1.05574019862164,1.25796553593853,0,insufficient_gain,0.356078051482282,0.479205561382684,9.80698723649206,0.00332334407848878,0.00213997419461531
Light_multipath,1,0,48,20261109,2.27172663058576,1.44929193730083,1.44929193730083,1.27172663058576,0.449291937300835,0.449291937300835,1,two_path_selected,0.728294469859278,0.127066785270935,43.174414445557,0.00778268776732993,0.00211459930574209
Light_multipath,1,0,49,20261109,2.24586646543887,2.17170400304942,2.24586646543887,1.24586646543887,1.17170400304942,1.24586646543887,0,insufficient_gain,0.437746056294491,0.0283321927316374,53.8864146049872,0.0033204818135264,0.00186695399465764
Light_multipath,1,0,50,20261109,2.21155237783893,0.645892894678004,2.21155237783893,1.21155237783893,-0.354107105321996,1.21155237783893,0,insufficient_gain,0.430950935474019,0.326926357294066,25.1583980133974,0.0038164681010997,0.00217175760272403
Light_multipath,3,0,1,20261109,4.22597533058861,2.2390122886657,4.22597533058861,1.22597533058861,-0.7609877113343,1.22597533058861,0,insufficient_gain,0.530807615029055,0.453398625379573,24.4119485905301,0.00300898164928354,0.00141179127636115
Light_multipath,3,0,2,20261109,4.24158847832991,1.98957203135478,4.24158847832991,1.24158847832991,-1.01042796864522,1.24158847832991,0,insufficient_gain,0.268040295131324,0.437880471788066,27.4484389601146,0.0052089857253006,0.00381276765415617
Light_multipath,3,0,3,20261109,4.08439045131942,3.38127419447524,4.08439045131942,1.08439045131942,0.381274194475242,1.08439045131942,0,insufficient_gain,0.415270399820436,0.294501111326686,17.4620214253058,0.00389067473245674,0.00227499268073816
Light_multipath,3,0,4,20261109,4.2282786392441,1.29346315151702,4.2282786392441,1.2282786392441,-1.70653684848298,1.2282786392441,0,excessive_shift,0.731630390973514,0.514641403372248,32.9323537970615,0.00507236922688481,0.00136126974625705
Light_multipath,3,0,5,20261109,4.25372937777435,3.46036573519504,4.25372937777435,1.25372937777435,0.460365735195045,1.25372937777435,0,insufficient_gain,0.258718196077348,0.149087921337287,27.097868783094,0.00410950283860312,0.00304629967742498
Light_multipath,3,0,6,20261109,4.0761790789853,3.00845236802662,4.0761790789853,1.0761790789853,0.00845236802661908,1.0761790789853,0,insufficient_gain,0.421903137229337,0.244112659514579,24.6523384985768,0.00527321691870841,0.00304843015741452
Light_multipath,3,0,7,20261109,4.22297209681345,4.16872557601692,4.22297209681345,1.22297209681345,1.16872557601692,1.22297209681345,0,candidate_invalid,0.241244058760337,0.0190822668245954,61.2636338603105,0.00155881349416553,0.00118275899998266
Light_multipath,3,0,8,20261109,4.13108817835433,3.92419571559002,4.13108817835433,1.13108817835433,0.924195715590016,1.13108817835433,0,insufficient_gain,0.538409030146006,0.0524548594835833,53.7396019629262,0.0067494259141796,0.00311547405368384
Light_multipath,3,0,9,20261109,4.12034980967967,3.44411832375802,4.12034980967967,1.12034980967967,0.444118323758024,1.12034980967967,0,insufficient_gain,0.229260790705248,0.0960286495982706,34.7713968314747,0.00266140438581153,0.00205124871193396
Light_multipath,3,0,10,20261109,4.18518430669734,4.10861706549018,4.18518430669734,1.18518430669734,1.10861706549018,1.18518430669734,0,insufficient_gain,0.140736253817429,0.0274027156097133,38.5356420378341,0.00385408438856238,0.00331167498981988
Light_multipath,3,0,11,20261109,4.27932092314425,1.31515085332569,4.27932092314425,1.27932092314425,-1.68484914667431,1.27932092314425,0,insufficient_gain,0.519354872161031,0.560360422234341,30.1344165668927,0.00325364576577858,0.00156384898503537
Light_multipath,3,0,12,20261109,4.32464391584436,4.24004362053195,4.32464391584436,1.32464391584436,1.24004362053195,1.32464391584436,0,insufficient_gain,0.385628864926289,0.0343482256738169,55.6869306448159,0.0049843757613699,0.00306225659414672
Light_multipath,3,0,13,20261109,4.26675144402128,4.03930993548149,4.26675144402128,1.26675144402128,1.03930993548149,1.26675144402128,0,insufficient_gain,0.35003455164472,0.0510902015415643,39.2941215497954,0.00474603998279455,0.00308476200532914
Light_multipath,3,0,14,20261109,4.05400928371833,2.36378680176824,2.36378680176824,1.05400928371833,-0.636213198231755,-0.636213198231755,1,two_path_selected,0.656130703889559,0.291057050244481,29.9878323002514,0.0032738608022187,0.00112578020962251
Light_multipath,3,0,15,20261109,4.18084105880247,2.54729404950316,4.18084105880247,1.18084105880247,-0.452705950496838,1.18084105880247,0,insufficient_gain,0.358885269528494,0.29457674015255,28.6631290599458,0.00547962575659411,0.00351306879002355
Light_multipath,3,0,16,20261109,4.12153434448045,3.72108365585602,4.12153434448045,1.12153434448045,0.721083655856019,1.12153434448045,0,insufficient_gain,0.38201762960302,0.0628853196540445,43.8773543153223,0.0052995976902297,0.00327505794275851
Light_multipath,3,0,17,20261109,4.23485820598332,4.18956991557461,4.23485820598332,1.23485820598332,1.18956991557461,1.23485820598332,0,insufficient_gain,0.224702589711689,0.0647415271749174,28.3690782451253,0.00572639466324221,0.00443965895270049
Light_multipath,3,0,18,20261109,4.29625688213626,4.65335516671387,4.29625688213626,1.29625688213626,1.65335516671387,1.29625688213626,0,insufficient_gain,6.01368094422297e-05,0.194852185346062,5.00032805787685,0.00311361827413781,0.00311343103106898
Light_multipath,3,0,19,20261109,4.22487630274897,3.80635200593444,4.22487630274897,1.22487630274897,0.806352005934438,1.22487630274897,0,insufficient_gain,0.107347171708544,0.0708093261215059,28.5794828496433,0.00312736740201092,0.00279165335651155
Light_multipath,3,0,20,20261109,4.33230410302063,2.88791033264853,4.33230410302063,1.33230410302063,-0.112089667351471,1.33230410302063,0,insufficient_gain,0.417012399021045,0.217146561105977,33.8570707009263,0.00376996843480382,0.00219784485357266
Light_multipath,3,0,21,20261109,4.32814037040117,4.1189271854995,4.32814037040117,1.32814037040117,1.1189271854995,1.32814037040117,0,weak_echo,0.673500083176164,0.0488815797256124,49.0011861136925,0.00365370346843918,0.00119293387854436
Light_multipath,3,0,22,20261109,4.16796688199425,3.83204793854474,4.16796688199425,1.16796688199425,0.832047938544743,1.16796688199425,0,insufficient_gain,0.532424293357329,0.0538775368112262,47.5756970613106,0.00323888717115373,0.00151442495778809
Light_multipath,3,0,23,20261109,4.39226080550085,4.41836317219409,4.39226080550085,1.39226080550085,1.41836317219409,1.39226080550085,0,insufficient_gain,0.391426102792914,0.023714636132108,99.9869874364967,0.00251417705258916,0.00153006252716281
Light_multipath,3,0,24,20261109,4.31484383117703,2.31696863954776,4.31484383117703,1.31484383117703,-0.683031360452238,1.31484383117703,0,insufficient_gain,0.486507825753127,0.319389605031604,33.3385809817204,0.00608469841996118,0.00312444502130238
Light_multipath,3,0,25,20261109,4.08686773634377,2.89417214114925,4.08686773634377,1.08686773634377,-0.105827858850747,1.08686773634377,0,insufficient_gain,0.325133463269852,0.202143515273985,28.7942916296345,0.00311737108926091,0.0021038094307122
Light_multipath,3,0,26,20261109,4.28253015002693,3.17556692350786,3.17556692350786,1.28253015002693,0.175566923507864,0.175566923507864,1,two_path_selected,0.73772378001972,0.279036154864931,24.5058715150334,0.00451443179855149,0.00118402810748286
Light_multipath,3,0,27,20261109,4.19415313109247,1.25134356644691,4.19415313109247,1.19415313109247,-1.74865643355309,1.19415313109247,0,insufficient_gain,0.471229059448791,0.540585062781653,31.2864014642092,0.00618573191455329,0.00327083528245597
Light_multipath,3,0,28,20261109,4.16084937584011,4.12566995719257,4.16084937584011,1.16084937584011,1.12566995719257,1.16084937584011,0,weak_echo,0.644399531765867,0.0430983504355459,53.8791709749554,0.00503672077210382,0.0017910602649247
Light_multipath,3,0,29,20261109,4.19063316578888,3.71554436034926,4.19063316578888,1.19063316578888,0.715544360349264,1.19063316578888,0,insufficient_gain,0.440911973187169,0.12703337387569,25.6461656129884,0.00407741856701249,0.00227963590112101
Light_multipath,3,0,30,20261109,4.3915084447805,4.16071019725792,4.3915084447805,1.3915084447805,1.16071019725792,1.3915084447805,0,weak_echo,0.710466784573621,0.0502333121865253,61.9949404701222,0.00465606174751554,0.00134808452898194
Light_multipath,3,0,31,20261109,4.4889514752505,3.65979058795239,4.4889514752505,1.4889514752505,0.659790587952387,1.4889514752505,0,insufficient_gain,0.125057857633562,0.183652202954623,21.1364958234486,0.00311828453355489,0.00272831855029665
Light_multipath,3,0,32,20261109,4.17895220940228,1.91110150751633,1.91110150751633,1.17895220940228,-1.08889849248367,-1.08889849248367,1,two_path_selected,0.602853264897548,0.380331127551067,32.5849850739791,0.00623621960142628,0.00247669425408836
Light_multipath,3,0,33,20261109,4.45571174975102,3.83747408124675,4.45571174975102,1.45571174975102,0.837474081246748,1.45571174975102,0,insufficient_gain,0.35250952135875,0.0985366780656834,34.8707101111579,0.00411345645610139,0.00266342388963103
Light_multipath,3,0,34,20261109,4.29056541953712,3.27138311965785,4.29056541953712,1.29056541953712,0.271383119657849,1.29056541953712,0,insufficient_gain,0.149006208710809,0.199715132421362,23.7298820665111,0.00350285674213957,0.00298090933933626
Light_multipath,3,0,35,20261109,4.43952061052858,2.97926881333538,4.43952061052858,1.43952061052858,-0.0207311866646229,1.43952061052858,0,insufficient_gain,0.321089991483002,0.222346899337517,32.1972086436149,0.00288637676528092,0.00195959007430013
Light_multipath,3,0,36,20261109,4.12247079288977,4.35066056971465,4.12247079288977,1.12247079288977,1.35066056971465,1.12247079288977,0,insufficient_gain,0.390204321323793,0.170551985990334,16.5482543785809,0.00412680313515157,0.00251650671856285
Light_multipath,3,0,37,20261109,4.28881664476715,4.18330034993454,4.28881664476715,1.28881664476715,1.18330034993454,1.28881664476715,0,weak_echo,0.704447847974567,0.043214431546935,62.3590163728147,0.00488741440187379,0.00144448584431389
Light_multipath,3,0,38,20261109,4.14243615317254,5.51893499348511,4.14243615317254,1.14243615317254,2.51893499348511,1.14243615317254,0,insufficient_gain,0.513301057379276,0.318889844962359,13.8864603816707,0.00670219155309271,0.00326194954213177
Light_multipath,3,0,39,20261109,4.17353259507302,3.1483592082996,3.1483592082996,1.17353259507302,0.148359208299595,0.148359208299595,1,two_path_selected,0.645036110780232,0.146822801762329,40.0820141408474,0.00442657138176172,0.00157127299357906
Light_multipath,3,0,40,20261109,4.37023869134639,2.36708645205195,4.37023869134639,1.37023869134639,-0.632913547948052,1.37023869134639,0,insufficient_gain,0.442286658720719,0.425072435008678,26.3416176884979,0.0055481740344907,0.00309429067877476
Light_multipath,3,0,41,20261109,4.26278978809638,4.22055739653101,4.26278978809638,1.26278978809638,1.22055739653101,1.26278978809638,0,weak_echo,0.749505985565277,0.0395888263970012,85.2723434771819,0.00387556940629508,0.000970806938803248
Light_multipath,3,0,42,20261109,4.21556569574284,2.54157295969279,4.21556569574284,1.21556569574284,-0.458427040307212,1.21556569574284,0,insufficient_gain,0.380061326766266,0.253373888948229,33.9063628822593,0.00495164177066565,0.0030697142296352
Light_multipath,3,0,43,20261109,4.2950132074274,1.29648089818021,4.2950132074274,1.2950132074274,-1.70351910181979,1.2950132074274,0,insufficient_gain,0.487113524495512,0.631983936899997,28.6867752390268,0.0047109275463848,0.0024161710256223
Light_multipath,3,0,44,20261109,4.36104965961051,3.84475663311668,4.36104965961051,1.36104965961051,0.844756633116683,1.36104965961051,0,insufficient_gain,0.447908208383975,0.098318756096785,29.4585823213423,0.00258756188830489,0.00142857167883159
Light_multipath,3,0,45,20261109,4.23044415030639,4.52405593235607,4.52405593235607,1.23044415030639,1.52405593235607,1.52405593235607,1,two_path_selected,0.634338637196815,0.42711812028759,9.29239003293894,0.00295138770631631,0.00107920845085219
Light_multipath,3,0,46,20261109,4.36748447095647,4.22646833771666,4.36748447095647,1.36748447095647,1.22646833771666,1.36748447095647,0,insufficient_gain,0.273672419547032,0.0271456751334064,58.8514375460009,0.0018365322431102,0.00133392402056209
Light_multipath,3,0,47,20261109,4.29519283212375,3.19653392519272,4.29519283212375,1.29519283212375,0.196533925192725,1.29519283212375,0,insufficient_gain,0.384400377742384,0.155115750498635,37.3863671016081,0.00425984484028108,0.00262235887455309
Light_multipath,3,0,48,20261109,4.2805808827128,5.40037475250355,4.2805808827128,1.2805808827128,2.40037475250355,1.2805808827128,0,insufficient_gain,0.492362357168418,0.25836683122568,15.0802094448284,0.00444485437227127,0.00225637539626944
Light_multipath,3,0,49,20261109,4.21058507699086,3.48548509657957,4.21058507699086,1.21058507699086,0.485485096579566,1.21058507699086,0,insufficient_gain,0.299185481186744,0.485859302270722,13.0888097831649,0.00425900967777371,0.00298477581794998
Light_multipath,3,0,50,20261109,4.32652155150176,4.456509890758,4.32652155150176,1.32652155150176,1.456509890758,1.32652155150176,0,insufficient_gain,0.295003573440731,0.0458514953113286,37.1306396977065,0.00493272925085053,0.00347755649503401
Light_multipath,5,0,1,20261109,6.21157667024525,6.16856616258875,6.21157667024525,1.21157667024525,1.16856616258875,1.21157667024525,0,insufficient_gain,0.299759109191466,0.0456046277430603,28.3853781570745,0.00221710962669164,0.00155251082001473
Light_multipath,5,0,2,20261109,6.21602032263694,4.88282291904027,6.21602032263694,1.21602032263694,-0.117177080959728,1.21602032263694,0,insufficient_gain,0.552767323393626,0.240539820481651,28.9866005626577,0.00422671399947605,0.00189032461523531
Light_multipath,5,0,3,20261109,6.28063741820629,3.35090288220702,6.28063741820629,1.28063741820629,-1.64909711779298,1.28063741820629,0,insufficient_gain,0.351626127509652,0.699995252599428,26.1798195345764,0.00472479551634231,0.00306343396565589
Light_multipath,5,0,4,20261109,6.11810023000056,6.74515961517007,6.11810023000056,1.11810023000056,1.74515961517007,1.11810023000056,0,insufficient_gain,0.553696875639473,0.480582811258715,9.18867097056003,0.00670368682902511,0.00299187637652842
Light_multipath,5,0,5,20261109,6.17350810307837,5.87381266621472,6.17350810307837,1.17350810307837,0.873812666214722,1.17350810307837,0,insufficient_gain,0.496034699510427,0.0520902871877696,46.7844553344326,0.00361146310948857,0.00182005209118041
Light_multipath,5,0,6,20261109,6.08625713877192,3.61587656486831,3.61587656486831,1.08625713877192,-1.38412343513169,-1.38412343513169,1,two_path_selected,0.68979425195477,0.698805601163574,23.4490900698714,0.00387165772333575,0.00120101048024246
Light_multipath,5,0,7,20261109,6.21859189944572,5.76552014998344,6.21859189944572,1.21859189944572,0.765520149983438,1.21859189944572,0,insufficient_gain,0.398169127320271,0.217200974024548,19.4042228808236,0.00553342184617733,0.00333018409858998
Light_multipath,5,0,8,20261109,6.26276360603797,7.24702314744672,7.24702314744672,1.26276360603797,2.24702314744672,2.24702314744672,1,two_path_selected,0.784108482347942,0.307537011453145,13.369872653885,0.00451459683020206,0.000974663161259492
Light_multipath,5,0,9,20261109,6.14995142691545,5.33720576640843,5.33720576640843,1.14995142691545,0.337205766408433,0.337205766408433,1,two_path_selected,0.747779511607156,0.135421762074212,34.9128325740636,0.00433816606100801,0.0010941743626367
Light_multipath,5,0,10,20261109,6.11190401729862,4.39573198798647,6.11190401729862,1.11190401729862,-0.604268012013532,1.11190401729862,0,insufficient_gain,0.5663574838918,0.436603187597975,21.8567181788196,0.00232931549023374,0.00101009022999476
Light_multipath,5,0,11,20261109,6.19988761134745,3.20282383397816,6.19988761134745,1.19988761134745,-1.79717616602184,1.19988761134745,0,insufficient_gain,0.182297632754656,0.628154964232593,27.564396945732,0.00399498242217655,0.0032667065837173
Light_multipath,5,0,12,20261109,6.21863458256101,5.64042827598921,6.21863458256101,1.21863458256101,0.640428275989212,1.21863458256101,0,insufficient_gain,0.374055014772377,0.17504010742955,21.0817021181157,0.00331704692496593,0.00207628888844713
Light_multipath,5,0,13,20261109,6.12947455338355,6.08228355197838,6.12947455338355,1.12947455338355,1.08228355197838,1.12947455338355,0,insufficient_gain,0.134574931845139,0.0628819614669724,17.346824389549,0.00146819404092335,0.00127061192793065
Light_multipath,5,0,14,20261109,6.39890748842546,6.99303161625961,6.39890748842546,1.39890748842546,1.99303161625961,1.39890748842546,0,insufficient_gain,0.488219611228225,0.137461928772177,22.2219156964551,0.00426292390193739,0.00218168085183801
Light_multipath,5,0,15,20261109,6.23136958167562,3.38868429949378,6.23136958167562,1.23136958167562,-1.61131570050622,1.23136958167562,0,excessive_shift,0.710452655535698,0.456431795644862,34.9673276941319,0.00488981711255199,0.00141583355985553
Light_multipath,5,0,16,20261109,6.21513185594512,5.41613246653165,6.21513185594512,1.21513185594512,0.416132466531646,1.21513185594512,0,insufficient_gain,0.142153445956277,0.154385446658815,24.2611079739948,0.00296015953213558,0.00253936265406218
Light_multipath,5,0,17,20261109,6.28610404070482,4.94729405738926,6.28610404070482,1.28610404070482,-0.0527059426107428,1.28610404070482,0,insufficient_gain,0.353930236659857,0.20936779353322,31.8802923867178,0.00477184081313342,0.00308294206483795
Light_multipath,5,0,18,20261109,6.20462598572392,4.35001041863058,6.20462598572392,1.20462598572392,-0.649989581369419,1.20462598572392,0,insufficient_gain,0.253885527704495,0.699947993509606,17.8741235171389,0.00468202098782755,0.00349332361860943
Light_multipath,5,0,19,20261109,6.11190571627899,5.18353908729723,6.11190571627899,1.11190571627899,0.183539087297225,1.11190571627899,0,insufficient_gain,0.225325547067018,0.151618874440188,27.8616761223153,0.00166488329977588,0.00128974255945113
Light_multipath,5,0,20,20261109,6.27878848636775,4.90039449956397,6.27878848636775,1.27878848636775,-0.0996055004360272,1.27878848636775,0,insufficient_gain,0.436365447868804,0.197695307043347,36.049179261027,0.00423887693174874,0.00238917750096546
Light_multipath,5,0,21,20261109,6.24411693091261,3.24448145510502,6.24411693091261,1.24411693091261,-1.75551854489498,1.24411693091261,0,insufficient_gain,0.360678631925802,0.547687743282277,30.427200367927,0.0033249671284139,0.00212572253333931
Light_multipath,5,0,22,20261109,6.24849503253441,5.93646348731104,6.24849503253441,1.24849503253441,0.936463487311036,1.24849503253441,0,insufficient_gain,0.227810500353557,0.146762905999132,18.7475972980852,0.00433771168468033,0.00334953541540384
Light_multipath,5,0,23,20261109,6.2414717919168,4.90924844890575,4.90924844890575,1.2414717919168,-0.0907515510942511,-0.0907515510942511,1,two_path_selected,0.635773826011221,0.218434776380468,32.2120066130186,0.00438619294613796,0.0015975662751484
Light_multipath,5,0,24,20261109,6.08317398456232,3.31956682045807,6.08317398456232,1.08317398456232,-1.68043317954193,1.08317398456232,0,insufficient_gain,0.40851673185704,0.656358327918434,26.2491747306767,0.00617095496874143,0.00365001661247422
Light_multipath,5,0,25,20261109,6.36265215107798,6.11735271527643,6.11735271527643,1.36265215107798,1.11735271527643,1.11735271527643,1,two_path_selected,0.734387772305107,0.328947396172725,15.107055343255,0.00374960054633311,0.000995939754077524
Light_multipath,5,0,26,20261109,6.27554746863985,5.62046329232959,6.27554746863985,1.27554746863985,0.620463292329593,1.27554746863985,0,insufficient_gain,0.455572313222875,0.130758069807445,30.9759797894264,0.0062744752289674,0.00341599803464709
Light_multipath,5,0,27,20261109,6.13225537901947,5.91221325511825,6.13225537901947,1.13225537901947,0.912213255118248,1.13225537901947,0,weak_echo,0.693784900635565,0.0526063360552315,44.1122799247767,0.00350490249372704,0.00107325406537928
Light_multipath,5,0,28,20261109,6.05317810686967,3.89663684686152,6.05317810686967,1.05317810686967,-1.10336315313848,1.05317810686967,0,insufficient_gain,0.275806691502805,0.37937078482249,29.8974786054486,0.00529995053726773,0.0038381887144554
Light_multipath,5,0,29,20261109,6.20422042816646,4.65445289755503,6.20422042816646,1.20422042816646,-0.345547102444971,1.20422042816646,0,insufficient_gain,0.54265134828755,0.461649396709942,21.0917338823658,0.00443201621914979,0.00202697664219587
Light_multipath,5,0,30,20261109,6.32317476898578,3.32350572290611,6.32317476898578,1.32317476898578,-1.67649427709389,1.32317476898578,0,excessive_shift,0.644272265794092,0.481299607242003,35.5426625061309,0.00658591626673921,0.00234279307123697
Light_multipath,5,0,31,20261109,6.31260750192321,3.32851238228153,6.31260750192321,1.31260750192321,-1.67148761771847,1.31260750192321,0,insufficient_gain,0.405194578130705,0.619963944813753,28.3043796358596,0.00441336817195404,0.00262509531738364
Light_multipath,5,0,32,20261109,6.3306735248328,6.21866897569184,6.3306735248328,1.3306735248328,1.21866897569184,1.3306735248328,0,insufficient_gain,0.578504032531247,0.53530781164732,9.70689599299046,0.0032465639510264,0.00136841361348705
Light_multipath,5,0,33,20261109,6.29525997603938,3.48615683673882,6.29525997603938,1.29525997603938,-1.51384316326118,1.29525997603938,0,insufficient_gain,0.167258643343264,0.685852397663511,24.9058675737943,0.00691548125649355,0.00575880724346667
Light_multipath,5,0,34,20261109,6.08563271605998,3.5975668310913,6.08563271605998,1.08563271605998,-1.4024331689087,1.08563271605998,0,insufficient_gain,0.31741995310618,0.43183243627734,31.0861486932544,0.00688942277546589,0.00470258252114886
Light_multipath,5,0,35,20261109,6.39158535707603,6.35365992134083,6.39158535707603,1.39158535707603,1.35365992134083,1.39158535707603,0,insufficient_gain,0.364469600462677,0.290411906833978,12.6828141397506,0.00404207173067395,0.00256885946195373
Light_multipath,5,0,36,20261109,6.287256259844,6.0197094604417,6.287256259844,1.287256259844,1.0197094604417,1.287256259844,0,insufficient_gain,0.0566593719870057,0.0466558025430533,28.938054080462,0.00394377797440537,0.00372032599111938
Light_multipath,5,0,37,20261109,6.36620406585791,4.56292761278117,6.36620406585791,1.36620406585791,-0.437072387218834,1.36620406585791,0,insufficient_gain,0.246695080486476,0.360472361718621,25.8970338119214,0.00464772637127697,0.00350115514003568
Light_multipath,5,0,38,20261109,6.07687999772319,5.99069824093113,6.07687999772319,1.07687999772319,0.990698240931131,1.07687999772319,0,insufficient_gain,0.283576725842444,0.0374245302541577,45.2652482116225,0.00551711738739247,0.00395259130258729
Light_multipath,5,0,39,20261109,6.40068837324777,4.80047383783814,6.40068837324777,1.40068837324777,-0.199526162161856,1.40068837324777,0,insufficient_gain,0.161881361956493,0.291115992292676,26.3678312457111,0.00299089440063871,0.00250672434159527
Light_multipath,5,0,40,20261109,6.41506251441522,6.41657608639524,6.41506251441522,1.41506251441522,1.41657608639524,1.41506251441522,0,weak_echo,0.633928240942876,0.0499176701835132,74.2937103680645,0.0086376667274688,0.00316200585307369
Light_multipath,5,0,41,20261109,6.39518141702849,6.42842015599471,6.39518141702849,1.39518141702849,1.42842015599471,1.39518141702849,0,insufficient_gain,0.368012056437203,0.0201288383965378,47.3742934857766,0.00178137657253852,0.00112580851678956
Light_multipath,5,0,42,20261109,6.28740867852184,6.43785514253743,6.28740867852184,1.28740867852184,1.43785514253743,1.28740867852184,0,insufficient_gain,0.536532254375059,0.277846641846182,12.6516126548631,0.00314291760253105,0.00145664093593001
Light_multipath,5,0,43,20261109,6.03659300528604,5.0072926727094,6.03659300528604,1.03659300528604,0.00729267270939715,1.03659300528604,0,insufficient_gain,0.330021641440206,0.204868731269005,24.8955782868642,0.00304736569384589,0.0020416690654943
Light_multipath,5,0,44,20261109,6.2167143230487,6.35321667737279,6.2167143230487,1.2167143230487,1.35321667737279,1.2167143230487,0,insufficient_gain,0.293149561556138,0.298635158601893,9.66152559024684,0.00245882282944687,0.0017380199950503
Light_multipath,5,0,45,20261109,6.1889839216874,5.70841831625987,5.70841831625987,1.1889839216874,0.708418316259872,0.708418316259872,1,two_path_selected,0.663732283140748,0.0926815880180485,41.0397472914726,0.00668453631951493,0.00224779376642603
Light_multipath,5,0,46,20261109,6.17649360301138,6.20792591956723,6.17649360301138,1.17649360301138,1.20792591956723,1.17649360301138,0,insufficient_gain,0.226570071949922,0.0217678512899738,77.0243366202927,0.0063078638914067,0.00487869071568037
Light_multipath,5,0,47,20261109,6.28687931401713,4.5662643792582,6.28687931401713,1.28687931401713,-0.433735620741796,1.28687931401713,0,insufficient_gain,0.167351818187684,0.332971444294571,25.8543550206264,0.00464406039235765,0.00386686844192319
Light_multipath,5,0,48,20261109,6.15337599112829,3.91290541417244,3.91290541417244,1.15337599112829,-1.08709458582756,-1.08709458582756,1,two_path_selected,0.611316301310783,0.357959094760748,34.2078640711686,0.00690406405177391,0.00268349715163074
Light_multipath,5,0,49,20261109,6.25018055194109,5.02833982784957,6.25018055194109,1.25018055194109,0.0283398278495737,1.25018055194109,0,insufficient_gain,0.301970072994014,0.221319953167236,25.4242529271528,0.00127806324910029,0.00089212639647851
Light_multipath,5,0,50,20261109,6.13033365558413,6.84074405927693,6.13033365558413,1.13033365558413,1.84074405927693,1.13033365558413,0,insufficient_gain,0.43797199444686,0.289407266429208,10.2967612259788,0.00255852714024551,0.00143796390578577
Light_multipath,10,0,1,20261109,11.2845563036411,11.1563500146991,11.2845563036411,1.28455630364114,1.15635001469906,1.28455630364114,0,insufficient_gain,0.412917252557039,0.0313079638407207,53.1848533807697,0.00328605758787037,0.00192918771694273
Light_multipath,10,0,2,20261109,11.2820031879236,10.7743948867541,11.2820031879236,1.28200318792363,0.774394886754116,1.28200318792363,0,insufficient_gain,0.48859432413471,0.0818340964980057,42.9885973776649,0.00586762576647581,0.00300073712082916
Light_multipath,10,0,3,20261109,11.4956022699695,9.99190987855713,11.4956022699695,1.49560226996949,-0.00809012144286569,1.49560226996949,0,insufficient_gain,0.103721402530584,0.27328594504093,25.5242566093727,0.00234304217634396,0.00210001855562525
Light_multipath,10,0,4,20261109,11.3933576193832,11.322725329302,11.3933576193832,1.39335761938322,1.32272532930195,1.39335761938322,0,insufficient_gain,0.429520070617378,0.0332584329414782,62.5527054195213,0.00484058206344895,0.00276145491372715
Light_multipath,10,0,5,20261109,11.2833940313327,11.0826696748291,11.2833940313327,1.28339403133272,1.08266967482908,1.28339403133272,0,insufficient_gain,0.577677154434528,0.108743103548629,25.9089081513388,0.00398598912340509,0.00168337426898946
Light_multipath,10,0,6,20261109,11.1560984147023,11.1382834403889,11.1560984147023,1.15609841470226,1.13828344038895,1.15609841470226,0,insufficient_gain,0.525118437906435,0.0294741812025774,55.295561308584,0.00302067432160635,0.00143446254042034
Light_multipath,10,0,7,20261109,11.0719973988361,8.97257862499324,11.0719973988361,1.07199739883608,-1.02742137500676,1.07199739883608,0,insufficient_gain,0.41401282206302,0.483286897421119,24.9793312305663,0.0049646061733859,0.00290919556111091
Light_multipath,10,0,8,20261109,11.2876130629811,10.0316715171393,11.2876130629811,1.28761306298109,0.0316715171392765,1.28761306298109,0,insufficient_gain,0.276231877321188,0.220294567519799,26.8771951141645,0.00206232733133405,0.00149264678094885
Light_multipath,10,0,9,20261109,11.1747384387898,8.27938239879785,11.1747384387898,1.17473843878982,-1.72061760120215,1.17473843878982,0,excessive_shift,0.656840391649521,0.451899616176957,36.1624769009381,0.00540810801905001,0.00185584422973428
Light_multipath,10,0,10,20261109,11.309688064137,9.94794399582048,11.309688064137,1.30968806413697,-0.0520560041795193,1.30968806413697,0,insufficient_gain,0.166219541987994,0.238305501119318,26.89112351905,0.00285812938704288,0.00238305242938619
Light_multipath,10,0,11,20261109,11.1437026130194,11.992992061337,11.1437026130194,1.14370261301945,1.99299206133697,1.14370261301945,0,insufficient_gain,0.11192520681886,0.20647567276987,13.5372794641489,0.00435600599510111,0.00386845912319522
Light_multipath,10,0,12,20261109,11.4249912151093,8.42729881780003,11.4249912151093,1.42499121510935,-1.57270118219997,1.42499121510935,0,insufficient_gain,0.530284700373499,0.48615306300045,34.9217281755458,0.00666910670361465,0.00313258145352946
Light_multipath,10,0,13,20261109,11.311624678208,9.95441355651451,11.311624678208,1.31162467820801,-0.0455864434854938,1.31162467820801,0,insufficient_gain,0.307657901174565,0.243058859866879,27.8550405620036,0.0043362962207012,0.00300220042656907
Light_multipath,10,0,14,20261109,11.0274519318694,10.3577140400465,11.0274519318694,1.02745193186944,0.357714040046513,1.02745193186944,0,insufficient_gain,0.222053178950219,0.116557687728917,26.5092413296225,0.00167409557392761,0.0013023573298705
Light_multipath,10,0,15,20261109,11.2072876750738,10.5692835577588,10.5692835577588,1.20728767507377,0.569283557758773,0.569283557758773,1,two_path_selected,0.775652515903979,0.106072258866889,39.1463288729225,0.00444328606976385,0.000996840050870418
Light_multipath,10,0,16,20261109,11.3274161996884,11.227242828451,11.3274161996884,1.32741619968837,1.22724282845096,1.32741619968837,0,insufficient_gain,0.563091659448551,0.0333667851128071,48.5091395255128,0.00249942015707671,0.00109201751316923
Light_multipath,10,0,17,20261109,11.4057313039569,11.9479669670384,11.4057313039569,1.40573130395689,1.94796696703843,1.40573130395689,0,insufficient_gain,0.398791742229127,0.0740780204336082,33.5745466169788,0.00141164298674967,0.000848691420658243
Light_multipath,10,0,18,20261109,11.3406572891196,8.94031558691696,11.3406572891196,1.34065728911959,-1.05968441308304,1.34065728911959,0,insufficient_gain,0.429240374876773,0.661872529934473,22.9813773890045,0.0044604978985876,0.0025458721084608
Light_multipath,10,0,19,20261109,11.3184685878343,8.6814034147329,11.3184685878343,1.31846858783434,-1.3185965852671,1.31846858783434,0,insufficient_gain,0.325309207670181,0.416452122442215,34.0192678755677,0.00549968133549705,0.00371058435780802
Light_multipath,10,0,20,20261109,11.279856540193,8.82313716166052,11.279856540193,1.27985654019303,-1.17686283833948,1.27985654019303,0,insufficient_gain,0.322967106279704,0.392114160290333,33.3927576638514,0.00553735921216214,0.00374897433097887
Light_multipath,10,0,21,20261109,11.1557699455709,9.13936193273359,11.1557699455709,1.15576994557092,-0.860638067266414,1.15576994557092,0,insufficient_gain,0.569005756259386,0.320528638384737,34.0981756361026,0.00597733245797039,0.00257619588230917
Light_multipath,10,0,22,20261109,11.1336447436731,10.037585221009,11.1336447436731,1.13364474367313,0.0375852210089889,1.13364474367313,0,insufficient_gain,0.309116038014737,0.15392576327337,36.0801166225418,0.00332206549943592,0.00229516177422484
Light_multipath,10,0,23,20261109,11.1950934055364,11.1770235686061,11.1950934055364,1.19509340553637,1.17702356860613,1.19509340553637,0,insufficient_gain,0.240424285781954,0.0272693995825094,35.8264041343556,0.0020912924504064,0.00158849495665625
Light_multipath,10,0,24,20261109,11.4561069366536,11.4609972733687,11.4561069366536,1.45610693665361,1.46099727336869,1.45610693665361,0,insufficient_gain,0.467538265864333,0.0383367097888072,89.5097823409457,0.00587068991243656,0.00312591773134874
Light_multipath,10,0,25,20261109,11.4219939980233,11.2427824808392,11.4219939980233,1.42199399802328,1.24278248083923,1.42199399802328,0,insufficient_gain,0.308660779720496,0.0419658112286749,54.0476061562126,0.00649915551947311,0.00449312110930777
Light_multipath,10,0,26,20261109,11.3398122070004,8.34331197494155,11.3398122070004,1.33981220700038,-1.65668802505845,1.33981220700038,0,insufficient_gain,0.380892919517494,0.482418412837499,34.454741417087,0.00478656512655262,0.00296339636103937
Light_multipath,10,0,27,20261109,11.1648635157536,11.1796894040365,11.1648635157536,1.16486351575361,1.17968940403654,1.16486351575361,0,candidate_invalid,0.172176572165722,0.0152124718205053,99.9999902591924,0.00269673095139722,0.00223241706013244
Light_multipath,10,0,28,20261109,11.3928952730166,11.1946339745254,11.3928952730166,1.39289527301656,1.19463397452541,1.39289527301656,0,insufficient_gain,0.367309719458849,0.237932406172207,13.327733896367,0.00252505411692994,0.00159757719762199
Light_multipath,10,0,29,20261109,11.3904493217888,11.3518280918127,11.3904493217888,1.3904493217888,1.35182809181273,1.3904493217888,0,insufficient_gain,0.591225462242602,0.0307772689711304,72.4150875093178,0.00292572349788678,0.00119596127045463
Light_multipath,10,0,30,20261109,11.1705438910423,11.031317105018,11.1705438910423,1.1705438910423,1.03131710501804,1.1705438910423,0,insufficient_gain,0.494567307987267,0.0418202439105748,59.3269705852069,0.00539202575359909,0.00272530609204358
Light_multipath,10,0,31,20261109,11.1148827380123,11.0747924500049,11.1148827380123,1.11488273801227,1.07479245000489,1.11488273801227,0,weak_echo,0.618306094487926,0.0398680355066161,67.9748938000889,0.00560506396986193,0.00213941875730161
Light_multipath,10,0,32,20261109,11.2019578145263,10.3955131008945,11.2019578145263,1.20195781452628,0.395513100894455,1.20195781452628,0,insufficient_gain,0.348716534295211,0.117058100013922,35.8549455318572,0.00368233486155178,0.00239824381051701
Light_multipath,10,0,33,20261109,11.0417658718858,9.01395346785303,11.0417658718858,1.04176587188581,-0.986046532146966,1.04176587188581,0,insufficient_gain,0.444982258506225,0.378442960422322,28.1081600500831,0.0037847264285249,0.00210059031453169
Light_multipath,10,0,34,20261109,11.183750523991,10.1662650642173,11.183750523991,1.18375052399095,0.166265064217278,1.18375052399095,0,insufficient_gain,0.387665310382812,0.143928730137061,35.7931434242135,0.00308553524416322,0.00188938026603758
Light_multipath,10,0,35,20261109,11.2043081614668,11.1308312995933,11.2043081614668,1.20430816146679,1.13083129959329,1.20430816146679,0,insufficient_gain,0.342062991140296,0.0237878536778001,67.2068489522793,0.00276237217501318,0.00181746688618545
Light_multipath,10,0,36,20261109,11.1106931630096,10.8650200551147,11.1106931630096,1.11069316300962,0.865020055114726,1.11069316300962,0,insufficient_gain,0.416220574517479,0.0549077611337981,37.3706669841792,0.00351841556204358,0.00205397861541856
Light_multipath,10,0,37,20261109,11.1835768803274,12.6559938974666,11.1835768803274,1.18357688032744,2.65599389746657,1.18357688032744,0,insufficient_gain,0.502474870913885,0.286804558101646,15.5928660159541,0.00398570708163937,0.00198298943029207
Light_multipath,10,0,38,20261109,11.3467236332793,10.8479401189255,10.8479401189255,1.34672363327928,0.84794011892552,0.84794011892552,1,two_path_selected,0.698169724597332,0.0851499380193063,44.5736558628628,0.00561154461253,0.00169373405583428
Light_multipath,10,0,39,20261109,11.3518779938202,10.5191612179485,11.3518779938202,1.35187799382024,0.519161217948529,1.35187799382024,0,insufficient_gain,0.463235144042633,0.130399649107822,33.6291318282746,0.0042826079996312,0.00229875346604391
Light_multipath,10,0,40,20261109,11.2185063352533,11.2619761932809,11.2185063352533,1.21850633525327,1.26197619328092,1.21850633525327,0,insufficient_gain,0.293078633679262,0.0340123782305086,42.4719505377793,0.00415670473775731,0.00293846339260728
Light_multipath,10,0,41,20261109,11.2933504458452,11.2118640428931,11.2933504458452,1.29335044584519,1.2118640428931,1.29335044584519,0,insufficient_gain,0.58139631756294,0.0805888116236091,34.8176844857293,0.00654084175573399,0.00273802044518834
Light_multipath,10,0,42,20261109,11.2120582534925,11.0613346045315,11.2120582534925,1.21205825349251,1.06133460453147,1.21205825349251,0,weak_echo,0.732610050589512,0.0458397687228791,59.1557021882184,0.00461078898834111,0.00123287863433497
Light_multipath,10,0,43,20261109,11.2923552948153,9.8996769996166,11.2923552948153,1.29235529481526,-0.100323000383405,1.29235529481526,0,insufficient_gain,0.444914124713053,0.288257984180081,25.2529817053704,0.00401426022343521,0.00222825914975511
Light_multipath,10,0,44,20261109,11.0853477859063,10.3356059674302,11.0853477859063,1.08534778590631,0.335605967430151,1.08534778590631,0,insufficient_gain,0.447952934956447,0.10251345651713,44.4704762049179,0.00478091476560039,0.00263928996457308
Light_multipath,10,0,45,20261109,11.2871415609202,9.57135465764672,9.57135465764672,1.28714156092017,-0.428645342353278,-0.428645342353278,1,two_path_selected,0.683844374754632,0.420876592305137,23.8211904667484,0.00403824246492257,0.00127671307138999
Light_multipath,10,0,46,20261109,11.3609549076973,10.7167446544795,10.7167446544795,1.36095490769729,0.716744654479463,0.716744654479463,1,two_path_selected,0.643931312198366,0.101468253633246,45.1808382163153,0.00720820732237915,0.00256661692268167
Light_multipath,10,0,47,20261109,11.1257586852736,10.8512780966908,11.1257586852736,1.12575868527362,0.851278096690802,1.12575868527362,0,insufficient_gain,0.565390871075047,0.0497577469883575,47.9757461319739,0.00334364724451564,0.00145317961637126
Light_multipath,10,0,48,20261109,11.2704806693871,10.6466048292816,11.2704806693871,1.27048066938706,0.646604829281635,1.27048066938706,0,insufficient_gain,0.494522248595227,0.0977993811246733,33.7095920277195,0.00234579278488356,0.00118574606216448
Light_multipath,10,0,49,20261109,11.2781730242927,10.4613122657304,11.2781730242927,1.27817302429272,0.461312265730395,1.27817302429272,0,insufficient_gain,0.495866514561793,0.179073973952832,22.9761782778314,0.00167891809913989,0.000846398833084683
Light_multipath,10,0,50,20261109,11.084180728528,9.47075599501996,11.084180728528,1.08418072852804,-0.529244004980036,1.08418072852804,0,insufficient_gain,0.20057622347133,0.266128903848785,29.9032535512585,0.00512181634370612,0.00409450176417181
Light_multipath,15,0,1,20261109,16.4110073660024,14.5557384075038,16.4110073660024,1.41100736600238,-0.444261592496211,1.41100736600238,0,insufficient_gain,0.489536653126402,0.300933574118861,32.1995630130876,0.00466874493876168,0.00238322316713946
Light_multipath,15,0,2,20261109,16.5271493545508,15.1051952127528,16.5271493545508,1.5271493545508,0.105195212752822,1.5271493545508,0,insufficient_gain,0.117571231935864,0.505647877792872,16.7916061060492,0.00506903458139285,0.004473061940933
Light_multipath,15,0,3,20261109,16.3554047549911,16.2563582579728,16.3554047549911,1.35540475499113,1.25635825797278,1.35540475499113,0,insufficient_gain,0.583828493678677,0.0391629596766733,57.8209744597916,0.0046041382267894,0.00191611114115453
Light_multipath,15,0,4,20261109,16.1927828382341,15.1021686671877,15.1021686671877,1.19278283823413,0.102168667187678,0.102168667187678,1,two_path_selected,0.785277411047524,0.188578096452851,33.8924344075498,0.00588724655325601,0.00126412482171667
Light_multipath,15,0,5,20261109,16.3590845036482,15.9857279283758,16.3590845036482,1.35908450364821,0.985727928375795,1.35908450364821,0,insufficient_gain,0.32674965036819,0.302820658720165,14.0021963919974,0.00371317491540823,0.00249989631004266
Light_multipath,15,0,6,20261109,16.1641422883723,13.2918213646409,16.1641422883723,1.16414228837227,-1.70817863535914,1.16414228837227,0,excessive_shift,0.616476325838109,0.429019809109813,37.5714736179339,0.00608183940751972,0.00233252939523454
Light_multipath,15,0,7,20261109,16.1543705601053,14.3689674438074,16.1543705601053,1.1543705601053,-0.631032556192595,1.1543705601053,0,insufficient_gain,0.513013590436145,0.698608385327112,18.6918012441291,0.00538047977289491,0.00262022052633304
Light_multipath,15,0,8,20261109,16.2586626589911,14.7280538648791,14.7280538648791,1.25866265899109,-0.271946135120942,-0.271946135120942,1,two_path_selected,0.64943211696655,0.232151384857607,33.1292295579739,0.00239288470061472,0.000838868523837633
Light_multipath,15,0,9,20261109,16.315872674945,15.9418818724669,16.315872674945,1.31587267494497,0.941881872466929,1.31587267494497,0,insufficient_gain,0.402398805919327,0.0731323122231002,37.971177091949,0.00548752963493593,0.00327935426239079
Light_multipath,15,0,10,20261109,16.0576013515567,16.0241011196842,16.0576013515567,1.05760135155667,1.02410111968424,1.05760135155667,0,insufficient_gain,0.587806375831245,0.0401444237086768,78.3865987599717,0.00539715431422261,0.00222467259697745
Light_multipath,15,0,11,20261109,16.1979099256508,14.7250403272128,16.1979099256508,1.19790992565075,-0.274959672787219,1.19790992565075,0,insufficient_gain,0.314676484705607,0.267883397134793,29.0446511543741,0.00784266846937776,0.00537476512472246
Light_multipath,15,0,12,20261109,16.2737632345264,15.4001692105548,16.2737632345264,1.27376323452636,0.4001692105548,1.27376323452636,0,insufficient_gain,0.538321466790973,0.123034911406891,40.5187238037184,0.00448907018345257,0.00207250733776876
Light_multipath,15,0,13,20261109,16.2105399174878,14.9746095089255,16.2105399174878,1.21053991748785,-0.0253904910745035,1.21053991748785,0,insufficient_gain,0.29737095907503,0.19741626595906,30.1208456027245,0.00309283431454177,0.00217311520816632
Light_multipath,15,0,14,20261109,16.1051842582234,16.0364502204096,16.1051842582234,1.10518425822342,1.03645022040959,1.10518425822342,0,insufficient_gain,0.34797278082694,0.0280175352041822,56.616491695197,0.0043635188815081,0.00284513308211887
Light_multipath,15,0,15,20261109,16.0382603155889,14.577827400953,16.0382603155889,1.0382603155889,-0.42217259904702,1.0382603155889,0,insufficient_gain,0.314665707211744,0.293403055103835,25.29846822257,0.00376314689122514,0.00257901361335611
Light_multipath,15,0,16,20261109,16.1824310039905,16.2068486496244,16.1824310039905,1.18243100399047,1.2068486496244,1.18243100399047,0,weak_echo,0.771190891601945,0.0330619831673661,46.7612900883064,0.00187847087745951,0.000429811246623224
Light_multipath,15,0,17,20261109,16.1578003729719,17.3393959183403,16.1578003729719,1.15780037297189,2.33939591834026,1.15780037297189,0,insufficient_gain,0.203839820710307,0.242905915995328,14.9272265608767,0.00418432082942277,0.00333138962175883
Light_multipath,15,0,18,20261109,16.2553060088756,15.5537776425975,16.2553060088756,1.25530600887557,0.553777642597503,1.25530600887557,0,insufficient_gain,0.228683577109883,0.117140591660756,29.892506191937,0.00362968972474942,0.00279963929469473
Light_multipath,15,0,19,20261109,16.1436140852278,15.7481914145472,16.1436140852278,1.14361408522778,0.748191414547165,1.14361408522778,0,insufficient_gain,0.308907293310331,0.119757011659292,19.875904900383,0.00176846413415999,0.00122217266516023
Light_multipath,15,0,20,20261109,16.3975885615656,15.8493285345021,16.3975885615656,1.39758856156563,0.849328534502064,1.39758856156563,0,insufficient_gain,0.550466532333292,0.173948252253317,22.3504835511126,0.00348815975742545,0.00156804455153092
Light_multipath,15,0,21,20261109,15.9754846563358,14.879557763411,15.9754846563358,0.975484656335848,-0.120442236588978,0.975484656335848,0,insufficient_gain,0.566219805619858,0.2764183670137,22.4583384103507,0.00327780345573214,0.00142184622016739
Light_multipath,15,0,22,20261109,16.3097286472782,16.1656923435638,16.3097286472782,1.30972864727816,1.16569234356381,1.30972864727816,0,insufficient_gain,0.437804438089873,0.0509439785653567,42.5352568223543,0.0050982834894131,0.00286623235110772
Light_multipath,15,0,23,20261109,16.229889501144,13.2548526561998,16.229889501144,1.229889501144,-1.74514734380022,1.229889501144,0,insufficient_gain,0.147588369940591,0.699266991564444,25.2898723940129,0.00361853776713716,0.00308448367651692
Light_multipath,15,0,24,20261109,16.2302390614019,16.2229548934129,16.2302390614019,1.23023906140186,1.22295489341289,1.23023906140186,0,insufficient_gain,0.406842462591982,0.0321209337336717,80.7660559944917,0.00508914311263942,0.00301866359621017
Light_multipath,15,0,25,20261109,16.2731007938988,16.2578695363912,16.2731007938988,1.27310079389877,1.25786953639115,1.27310079389877,0,insufficient_gain,0.510932207726201,0.033030459053248,65.9416716395089,0.00465416304572308,0.00227620124565409
Light_multipath,15,0,26,20261109,16.3377509959335,15.6559158385221,16.3377509959335,1.33775099593346,0.655915838522134,1.33775099593346,0,insufficient_gain,0.185729447202344,0.0930327351905098,36.7842176239978,0.00296146324974278,0.002411432317458
Light_multipath,15,0,27,20261109,16.023028456036,16.7588515597206,16.023028456036,1.02302845603597,1.75885155972058,1.02302845603597,0,insufficient_gain,0.0953586363229665,0.175562142957492,13.5404102051777,0.00229391546354951,0.00207517081310526
Light_multipath,15,0,28,20261109,16.3425101608823,15.4173512394795,16.3425101608823,1.34251016088229,0.417351239479455,1.34251016088229,0,insufficient_gain,0.387163616359733,0.141268285106048,33.343722660794,0.00396399664701375,0.00242928136991805
Light_multipath,15,0,29,20261109,16.4453996045983,14.764682499792,14.764682499792,1.44539960459834,-0.235317500207991,-0.235317500207991,1,two_path_selected,0.600616203755737,0.368779935128957,25.046614629564,0.00331447860040934,0.00132374904600185
Light_multipath,15,0,30,20261109,16.1856185172028,15.9368941387496,16.1856185172028,1.18561851720276,0.93689413874964,1.18561851720276,0,insufficient_gain,0.460597318253095,0.0475836431486903,56.8038021138682,0.00378530918445086,0.00204180592533398
Light_multipath,15,0,31,20261109,16.3876329499975,15.0140033961387,16.3876329499975,1.38763294999745,0.0140033961387349,1.38763294999745,0,insufficient_gain,0.448902215309649,0.591758175269974,16.1969363642078,0.00285940289324027,0.00157581060000189
Light_multipath,15,0,32,20261109,16.1659808727961,16.0482890258915,16.1659808727961,1.16598087279612,1.04828902589151,1.16598087279612,0,insufficient_gain,0.434014211662324,0.0398115008258672,67.3235897371343,0.00616070163123639,0.00348686956946853
Light_multipath,15,0,33,20261109,16.1892904140143,15.7878533861112,16.1892904140143,1.18929041401426,0.787853386111195,1.18929041401426,0,insufficient_gain,0.292641343014474,0.206698739877762,15.5444901474898,0.00273935153175509,0.00193770402051352
Light_multipath,15,0,34,20261109,16.2897691943236,16.1886859124985,16.2897691943236,1.28976919432362,1.18868591249855,1.28976919432362,0,insufficient_gain,0.546907308476947,0.0368175549976565,61.3475736344875,0.00422106135850853,0.00191253205201058
Light_multipath,15,0,35,20261109,16.1415430467037,14.7343452095481,16.1415430467037,1.14154304670372,-0.265654790451853,1.14154304670372,0,insufficient_gain,0.327975117075067,0.359579897591407,21.1870485245948,0.00339207039553524,0.0022795557104327
Light_multipath,15,0,36,20261109,16.3675458909046,14.1259340503287,14.1259340503287,1.36754589090458,-0.874065949671333,-0.874065949671333,1,two_path_selected,0.647939190216397,0.509238198459481,26.1878099641244,0.00510869469937902,0.00179857119280058
Light_multipath,15,0,37,20261109,16.3753345854073,16.4370082475623,16.3753345854073,1.37533458540729,1.4370082475623,1.37533458540729,0,weak_echo,0.600484156203469,0.0410342645639794,67.8458666552793,0.00574505282886761,0.00229523962858069
Light_multipath,15,0,38,20261109,16.3492766330199,16.331498519401,16.3492766330199,1.3492766330199,1.33149851940103,1.3492766330199,0,insufficient_gain,0.542380500177354,0.0411828472816591,84.404534386038,0.00606458912938646,0.00277527424401969
Light_multipath,15,0,39,20261109,16.2116789830626,16.0046962809602,16.2116789830626,1.21167898306256,1.00469628096019,1.21167898306256,0,insufficient_gain,0.358470983851718,0.0612918016054629,30.4610544866962,0.00303381487277066,0.00194628027050459
Light_multipath,15,0,40,20261109,16.386661334711,16.4565246691878,16.386661334711,1.38666133471096,1.45652466918784,1.38666133471096,0,insufficient_gain,0.548356598652443,0.059931525328893,38.1204180977074,0.00526587267083101,0.00237829664411726
Light_multipath,15,0,41,20261109,16.1670570493366,16.1426861359152,16.1670570493366,1.16705704933656,1.14268613591516,1.16705704933656,0,insufficient_gain,0.502388243729907,0.0301816939522193,65.9492013911071,0.00392187273227096,0.00195156997817314
Light_multipath,15,0,42,20261109,16.2456517948378,16.2055749416372,16.2456517948378,1.24565179483784,1.20557494163717,1.24565179483784,0,weak_echo,0.660066919053068,0.0468512645984412,75.7967939100265,0.00697898015651788,0.00237238622647262
Light_multipath,15,0,43,20261109,16.2102073727273,16.2707266347216,16.2102073727273,1.21020737272735,1.27072663472165,1.21020737272735,0,insufficient_gain,0.0702358977060819,0.0689291592281517,17.3313205403242,0.00400919589922588,0.00372760642616421
Light_multipath,15,0,44,20261109,16.138559600307,14.5312517079352,16.138559600307,1.13855960030695,-0.46874829206476,1.13855960030695,0,insufficient_gain,0.423060486632011,0.239350831536443,33.6644471436795,0.00377001179294689,0.00217506876921436
Light_multipath,15,0,45,20261109,16.1498972291052,15.5020104203853,16.1498972291052,1.1498972291052,0.502010420385258,1.1498972291052,0,insufficient_gain,0.574733415882341,0.102509272538715,38.0355732068088,0.0042018745061192,0.00178691681810839
Light_multipath,15,0,46,20261109,16.112949244192,16.2627482244968,16.112949244192,1.11294924419202,1.26274822449681,1.11294924419202,0,insufficient_gain,0.0935580932314988,0.0350844293384379,29.4725505244185,0.00361783204445576,0.00327935457674466
Light_multipath,15,0,47,20261109,16.2664295538801,15.0352550924867,16.2664295538801,1.26642955388014,0.0352550924866772,1.26642955388014,0,insufficient_gain,0.406092174543169,0.180265162910718,34.6667044796248,0.00439597622293486,0.00261080467932318
Light_multipath,15,0,48,20261109,16.2877536500042,16.6356348438729,16.2877536500042,1.28775365000421,1.63563484387289,1.28775365000421,0,insufficient_gain,0.310887388045453,0.110618036890541,19.0696930468733,0.00272977813874609,0.00188112454324774
Light_multipath,15,0,49,20261109,16.3675357253344,14.8485788484427,16.3675357253344,1.3675357253344,-0.151421151557308,1.3675357253344,0,insufficient_gain,0.329407897412694,0.232429766241848,32.6605970336525,0.00455848830491901,0.00305688625701528
Light_multipath,15,0,50,20261109,16.2781325761797,14.9942668358374,16.2781325761797,1.2781325761797,-0.0057331641626206,1.2781325761797,0,insufficient_gain,0.456111766718086,0.562962575627214,17.0790810538507,0.00592434123479935,0.00322217948755421
Light_multipath,20,0,1,20261109,21.3024407199441,21.9138366930481,21.3024407199441,1.30244071994406,1.91383669304812,1.30244071994406,0,insufficient_gain,0.415846101851163,0.362084898540172,9.98883627572368,0.0050119317136128,0.0029277394477627
Light_multipath,20,0,2,20261109,21.1446760161034,20.5184892996022,21.1446760161034,1.14467601610344,0.518489299602237,1.14467601610344,0,insufficient_gain,0.387021564151057,0.165231699671786,21.9831536027453,0.00305571364503687,0.00187308657053697
Light_multipath,20,0,3,20261109,21.1816744988565,20.6808188036236,20.6808188036236,1.1816744988565,0.680818803623641,0.680818803623641,1,two_path_selected,0.718726169983333,0.0851804420803551,54.8904835377541,0.00821899710675922,0.00231178879511407
Light_multipath,20,0,4,20261109,21.2775947148164,18.3562197061546,21.2775947148164,1.27759471481636,-1.64378029384541,1.27759471481636,0,insufficient_gain,0.352682130574631,0.699043738446147,26.18663769965,0.00573192986216675,0.00371038062607343
Light_multipath,20,0,5,20261109,21.2561949962573,21.1190182479844,21.2561949962573,1.25619499625726,1.11901824798438,1.25619499625726,0,insufficient_gain,0.417579578603886,0.234247461728062,14.8862897145822,0.00361959438707071,0.00210812568820073
Light_multipath,20,0,6,20261109,21.1423792742582,21.1301863261561,21.1423792742582,1.14237927425823,1.13018632615606,1.14237927425823,0,insufficient_gain,0.356902018249323,0.020784536241777,86.3430812475092,0.00238503013741553,0.00153380806778647
Light_multipath,20,0,7,20261109,21.1441057726347,20.9932019859056,21.1441057726347,1.14410577263466,0.993201985905628,1.14410577263466,0,insufficient_gain,0.48250340353607,0.0436229959671978,60.9126794545072,0.00643189218862794,0.0033284823164379
Light_multipath,20,0,8,20261109,21.29398850322,21.3724377769142,21.29398850322,1.29398850321995,1.37243777691422,1.29398850321995,0,insufficient_gain,0.503122084073722,0.0431148790027204,53.1175453642643,0.0059942178597423,0.00297839447775683
Light_multipath,20,0,9,20261109,21.2839350400008,19.5376316049466,21.2839350400008,1.2839350400008,-0.462368395053353,1.2839350400008,0,insufficient_gain,0.532060223561125,0.300009639150264,30.649698857455,0.00529900901330249,0.00247961709303235
Light_multipath,20,0,10,20261109,21.3038581854443,19.551373578214,21.3038581854443,1.30385818544426,-0.448626421786017,1.30385818544426,0,insufficient_gain,0.433280468447617,0.329034912200056,27.9747029495173,0.00572022668634853,0.00324176418806088
Light_multipath,20,0,11,20261109,21.1239008592424,21.2998838038016,21.2998838038016,1.12390085924239,1.29988380380157,1.29988380380157,1,two_path_selected,0.630694708410021,0.459803832223448,10.7308272844204,0.00507835474736784,0.00187546328077404
Light_multipath,20,0,12,20261109,21.2900410492131,21.2680669480849,21.2900410492131,1.29004104921309,1.2680669480849,1.29004104921309,0,insufficient_gain,0.372561569057785,0.0315801778692984,84.1181344732884,0.005207077844674,0.00326712075265623
Light_multipath,20,0,13,20261109,21.1817998700689,20.9042094588141,21.1817998700689,1.18179987006893,0.904209458814059,1.18179987006893,0,insufficient_gain,0.566803897354655,0.049108592035788,52.5681526799773,0.00357028652129232,0.00154663420635104
Light_multipath,20,0,14,20261109,21.4303058711142,22.4738208955054,21.4303058711142,1.43030587111419,2.47382089550539,1.43030587111419,0,insufficient_gain,0.346249467408485,0.228690303987587,15.5639218444129,0.00374836061447992,0.00245049274806131
Light_multipath,20,0,15,20261109,21.0726527107321,19.7084415499445,21.0726527107321,1.07265271073207,-0.291558450055525,1.07265271073207,0,insufficient_gain,0.45186373876705,0.343003063142867,21.8462182008827,0.00281457292254017,0.00154276947872867
Light_multipath,20,0,16,20261109,21.2650702171622,21.2207387054218,21.2650702171622,1.26507021716215,1.22073870542181,1.26507021716215,0,weak_echo,0.645683326548526,0.0484003690501042,57.6607829427581,0.00690529644854521,0.00244666166684482
Light_multipath,20,0,17,20261109,21.3954263723482,21.2913681666914,21.3954263723482,1.39542637234818,1.29136816669143,1.39542637234818,0,insufficient_gain,0.524032201818146,0.0419171523252571,46.0790010019584,0.00401922399022658,0.00191302119302783
Light_multipath,20,0,18,20261109,21.2636366390515,19.3476409430417,21.2636366390515,1.26363663905146,-0.652359056958304,1.26363663905146,0,insufficient_gain,0.479561318824939,0.34074978137529,29.3158053676103,0.00444402162967505,0.00231284075606153
Light_multipath,20,0,19,20261109,21.2069162739116,19.4757260986401,19.4757260986401,1.20691627391157,-0.524273901359905,-0.524273901359905,1,two_path_selected,0.77983226359222,0.633674301877703,20.6723594826848,0.00703832455693876,0.0015496119858045
Light_multipath,20,0,20,20261109,21.3476303095111,18.487877642948,21.3476303095111,1.34763030951107,-1.51212235705196,1.34763030951107,0,excessive_shift,0.665270219304311,0.431861443174537,36.6303747774719,0.00422082345184505,0.00141283530839131
Light_multipath,20,0,21,20261109,21.2613152069665,18.7462969127034,21.2613152069665,1.26131520696648,-1.25370308729656,1.26131520696648,0,insufficient_gain,0.464619411893555,0.384564151995983,35.0331526362952,0.00353277222541104,0.00189137767168668
Light_multipath,20,0,22,20261109,21.4048923753685,21.2412461828538,21.4048923753685,1.40489237536854,1.24124618285379,1.40489237536854,0,insufficient_gain,0.392265669770886,0.0485483889638729,42.1219642087281,0.00515013347695015,0.00312991291920484
Light_multipath,20,0,23,20261109,21.0759032112564,20.0580562530158,21.0759032112564,1.07590321125638,0.0580562530158204,1.07590321125638,0,insufficient_gain,0.296677386233415,0.323753595503376,18.6732657476061,0.00408961479608405,0.00287631856768034
Light_multipath,20,0,24,20261109,21.3819736292725,21.2983030846839,21.3819736292725,1.38197362927252,1.29830308468392,1.38197362927252,0,insufficient_gain,0.202874513820515,0.0212477214077027,55.8035601049028,0.00333357528345513,0.00265727781854008
Light_multipath,20,0,25,20261109,21.0672534693065,21.2757793434866,21.0672534693065,1.06725346930654,1.27577934348665,1.06725346930654,0,insufficient_gain,0.38840732447548,0.293770769572975,11.2010227531694,0.00340184335618665,0.00208054247992551
Light_multipath,20,0,26,20261109,21.3672876818339,19.0120356751822,21.3672876818339,1.36728768183385,-0.987964324817753,1.36728768183385,0,insufficient_gain,0.554265200118568,0.372419429250443,34.0496999403672,0.00490895702108851,0.00218809297542144
Light_multipath,20,0,27,20261109,21.2887144853961,22.6825708499915,22.6825708499915,1.28871448539614,2.68257084999151,2.68257084999151,1,two_path_selected,0.637676764422619,0.32682677836329,13.477858071859,0.00510139659401898,0.00184835451990839
Light_multipath,20,0,28,20261109,21.1358570986166,21.1036216594851,21.1358570986166,1.13585709861663,1.10362165948511,1.13585709861663,0,insufficient_gain,0.11848140045093,0.0358139242221066,21.8703596705166,0.00146126479424313,0.00128813209499157
Light_multipath,20,0,29,20261109,21.2496543790491,20.2867615931051,20.2867615931051,1.24965437904911,0.286761593105069,0.286761593105069,1,two_path_selected,0.788098155280377,0.189424764061435,29.013535969182,0.00384664023835235,0.000815110162479593
Light_multipath,20,0,30,20261109,21.1315910237124,20.9377599736998,21.1315910237124,1.13159102371242,0.937759973699769,1.13159102371242,0,insufficient_gain,0.419225398606171,0.046238695735395,54.4694330562966,0.00682216537089531,0.00396214037392451
Light_multipath,20,0,31,20261109,21.1536979637943,20.6286597018325,20.6286597018325,1.15369796379435,0.628659701832504,0.628659701832504,1,two_path_selected,0.607180454745782,0.0872587685974129,38.2719760641718,0.00401907314701422,0.00157877048595356
Light_multipath,20,0,32,20261109,21.0850364314809,21.0090345302072,21.0850364314809,1.08503643148089,1.00903453020723,1.08503643148089,0,insufficient_gain,0.401229816083576,0.236451374235359,14.8884409013893,0.00420058944252788,0.00251518771305981
Light_multipath,20,0,33,20261109,21.3092922388099,20.1607121804968,21.3092922388099,1.3092922388099,0.160712180496844,1.3092922388099,0,insufficient_gain,0.354788048367339,0.688897425583157,12.7697138885623,0.00224784264319866,0.00145033493878133
Light_multipath,20,0,34,20261109,21.0968217129068,22.1594490805598,21.0968217129068,1.0968217129068,2.15944908055982,1.0968217129068,0,insufficient_gain,0.441810570769759,0.167510814179884,23.9991676296751,0.00255586722637924,0.00142665806828091
Light_multipath,20,0,35,20261109,21.1092888583748,21.3822942290674,21.1092888583748,1.10928885837481,1.38229422906736,1.10928885837481,0,insufficient_gain,0.594876358464028,0.0512239715635471,40.3379922783673,0.00260559959708906,0.00105558999715738
Light_multipath,20,0,36,20261109,21.2129815117037,21.1425709458345,21.2129815117037,1.2129815117037,1.14257094583449,1.2129815117037,0,insufficient_gain,0.515618561197332,0.0422625504038313,61.0719875514436,0.00679453344732339,0.00329114588720736
Light_multipath,20,0,37,20261109,21.3283842968847,21.1875594279583,21.3283842968847,1.32838429688472,1.18755942795826,1.32838429688472,0,insufficient_gain,0.38956527732848,0.0376002168190513,44.5779181797139,0.00323343029226275,0.0019737981237351
Light_multipath,20,0,38,20261109,21.2381060476794,18.6331219976949,21.2381060476794,1.2381060476794,-1.36687800230506,1.2381060476794,0,excessive_shift,0.650718421121647,0.396867490986298,36.5701791445225,0.00665309780103573,0.00232380450437786
Light_multipath,20,0,39,20261109,21.0952240970326,21.5025712785901,21.0952240970326,1.09522409703261,1.50257127859008,1.09522409703261,0,insufficient_gain,0.4987224000153,0.356987231874041,10.5376110768568,0.0042257423584251,0.00211826998758502
Light_multipath,20,0,40,20261109,21.1411899851465,20.9688720032537,21.1411899851465,1.14118998514654,0.968872003253736,1.14118998514654,0,insufficient_gain,0.118825301677125,0.0681785258733228,20.1657944288987,0.00253071682238559,0.00223000363250625
Light_multipath,20,0,41,20261109,21.110766030525,19.2810854556485,21.110766030525,1.11076603052497,-0.718914544351513,1.11076603052497,0,insufficient_gain,0.286114560390885,0.459813957361205,22.6646963428584,0.00595164773192058,0.00424879465750072
Light_multipath,20,0,42,20261109,21.1999260575624,20.4512788446534,21.1999260575624,1.19992605756238,0.451278844653373,1.19992605756238,0,insufficient_gain,0.288362440853108,0.215910184252407,18.9399583781928,0.0024482927367222,0.00174229706723805
Light_multipath,20,0,43,20261109,21.0730517545759,18.7184596297549,18.7184596297549,1.07305175457588,-1.28154037024512,-1.28154037024512,1,two_path_selected,0.773479711855756,0.421537650285953,31.5653536355222,0.00606057908646895,0.00137284412098793
Light_multipath,20,0,44,20261109,21.1969996941609,21.1969769697632,21.1969996941609,1.19699969416085,1.19697696976316,1.19699969416085,0,insufficient_gain,0.52352044504462,0.0288999860406836,77.8685382478293,0.00348430280995315,0.00166019905221626
Light_multipath,20,0,45,20261109,21.3545533565087,20.2943544984819,21.3545533565087,1.35455335650868,0.29435449848188,1.35455335650868,0,insufficient_gain,0.586374154866886,0.208665028056063,26.977310224478,0.00339380198766981,0.00140376421536437
Light_multipath,20,0,46,20261109,21.1878789757988,18.8534757991559,21.1878789757988,1.18787897579885,-1.14652420084406,1.18787897579885,0,insufficient_gain,0.252021240273298,0.698977100079631,20.6775042160565,0.0029845197392584,0.00223235737295036
Light_multipath,20,0,47,20261109,21.338683248117,21.9106582061329,21.338683248117,1.33868324811698,1.91065820613294,1.33868324811698,0,insufficient_gain,0.433682225535559,0.242313598021673,12.2667745093094,0.00304176458066197,0.00172260534776525
Light_multipath,20,0,48,20261109,21.0758356000462,20.934330081205,21.0758356000462,1.07583560004625,0.934330081204987,1.07583560004625,0,insufficient_gain,0.241144896796945,0.224591796322144,13.2457668332879,0.00347458591633787,0.00263670725413045
Light_multipath,20,0,49,20261109,21.226252446169,21.1601106557553,21.226252446169,1.22625244616896,1.16011065575526,1.22625244616896,0,insufficient_gain,0.583028538508458,0.0407618190943328,68.521239718107,0.00602022376691402,0.00251026150259626
Light_multipath,20,0,50,20261109,21.391181599522,20.9738170534263,21.391181599522,1.39118159952203,0.973817053426288,1.39118159952203,0,insufficient_gain,0.289213704384548,0.519261322282928,11.318426185973,0.00590505944517594,0.00419723532842564
Light_multipath,1,10,1,20261109,2.31541891369864,1.54466113088452,1.54466113088452,1.31541891369864,0.544661130884518,0.544661130884518,1,two_path_selected,0.863271132804851,0.230560444447496,19.8411221144276,0.00142610565118373,0.000194989810186952
Light_multipath,1,10,2,20261109,2.21208317699484,1.42995351980388,1.42995351980388,1.21208317699484,0.429953519803885,0.429953519803885,1,two_path_selected,0.914421061065861,0.121315065562843,32.9584484281792,0.00128290823630484,0.000109789925612835
Light_multipath,1,10,3,20261109,2.31745219814231,2.23780321826767,2.31745219814231,1.31745219814231,1.23780321826767,1.31745219814231,0,weak_echo,0.640234399861387,0.0238288187357714,53.506985043169,0.00126602783615759,0.000455473264267425
Light_multipath,1,10,4,20261109,2.28423634020171,1.80255058133204,2.28423634020171,1.28423634020171,0.802550581332043,1.28423634020171,0,weak_echo,0.83585708612455,0.0736029690462721,35.243804921343,0.000972548533579642,0.000159636950187059
Light_multipath,1,10,5,20261109,2.2356739740031,0.280982403534723,0.280982403534723,1.2356739740031,-0.719017596465277,-0.719017596465277,1,two_path_selected,0.830209929810868,0.360359350526968,27.7535780398748,0.0013542868724723,0.000229944463133291
Light_multipath,1,10,6,20261109,2.26109445059975,1.67930677494031,1.67930677494031,1.26109445059975,0.679306774940311,0.679306774940311,1,two_path_selected,0.797394315891765,0.124472936561425,26.2805109065611,0.00155657381717567,0.000315370703093842
Light_multipath,1,10,7,20261109,2.26288818547167,1.21489317151188,1.21489317151188,1.26288818547167,0.214893171511877,0.214893171511877,1,two_path_selected,0.841158108796468,0.161178328564393,32.5291719598681,0.00153179980583729,0.000243313978104398
Light_multipath,1,10,8,20261109,2.24734001552477,1.45722412254625,1.45722412254625,1.24734001552477,0.457224122546247,0.457224122546247,1,two_path_selected,0.907342754065698,0.184224173419775,23.4795998957685,0.00149761618037592,0.000138764990740281
Light_multipath,1,10,9,20261109,2.24415330373452,0.468933679679417,0.468933679679417,1.24415330373452,-0.531066320320583,-0.531066320320583,1,two_path_selected,0.880942376368573,0.411741926677262,23.9286951763899,0.00212255293836394,0.000252706108873513
Light_multipath,1,10,10,20261109,2.26498438679786,1.44304357394621,1.44304357394621,1.26498438679786,0.44304357394621,0.44304357394621,1,two_path_selected,0.741453698207175,0.153886772147056,25.5591497622279,0.000933407963086941,0.000241329176920102
Light_multipath,1,10,11,20261109,2.32349760202107,1.56096747047108,1.56096747047108,1.32349760202107,0.56096747047108,0.56096747047108,1,two_path_selected,0.804084648052026,0.12381940615061,31.0015639063006,0.00132548420431533,0.000259682704389919
Light_multipath,1,10,12,20261109,2.24919800535531,2.18457315505843,2.24919800535531,1.24919800535531,1.18457315505843,1.24919800535531,0,weak_echo,0.84924713441235,0.0291429079165061,49.6223117889117,0.00139862980000416,0.000210847450246909
Light_multipath,1,10,13,20261109,2.243034212845,1.80851167294714,2.243034212845,1.243034212845,0.808511672947137,1.243034212845,0,weak_echo,0.708770953283283,0.0710390616992975,33.5399422788941,0.00113837345361634,0.000331527415704302
Light_multipath,1,10,14,20261109,2.24106820998534,1.17893565386148,1.17893565386148,1.24106820998534,0.178935653861485,0.178935653861485,1,two_path_selected,0.859530333282834,0.187636043747755,27.9292794757472,0.00137402607694548,0.000193008985089227
Light_multipath,1,10,15,20261109,2.27740312643,1.85767280936893,1.85767280936893,1.27740312643,0.857672809368933,0.857672809368933,1,two_path_selected,0.842704260261841,0.699425604340503,8.73297887179972,0.00139250678525582,0.00021903538487722
Light_multipath,1,10,16,20261109,2.30424283378437,1.38894159874071,1.38894159874071,1.30424283378437,0.388941598740708,0.388941598740708,1,two_path_selected,0.859300266248202,0.161311865843255,29.3119545356349,0.00180987343037886,0.00025464870977876
Light_multipath,1,10,17,20261109,2.24851520861387,0.744929154673411,0.744929154673411,1.24851520861387,-0.255070845326589,-0.255070845326589,1,two_path_selected,0.639997649275509,0.334310837204346,22.771993770301,0.00121724333069495,0.000438210460453892
Light_multipath,1,10,18,20261109,2.23031642168691,2.14529585720387,2.23031642168691,1.23031642168691,1.14529585720387,1.23031642168691,0,weak_echo,0.809730175387913,0.0270909639860321,59.8925777046098,0.00161838356111255,0.000307929556327968
Light_multipath,1,10,19,20261109,2.25630172667009,0.892898723976493,0.892898723976493,1.25630172667009,-0.107101276023507,-0.107101276023507,1,two_path_selected,0.780905610475002,0.216007903552582,31.6787256325888,0.00186707738897618,0.000409066180733664
Light_multipath,1,10,20,20261109,2.26287460852401,0.945670474777834,0.945670474777834,1.26287460852401,-0.0543295252221663,-0.0543295252221663,1,two_path_selected,0.852587778847672,0.307214657404325,22.2490861135613,0.00125263185590985,0.000184653244165833
Light_multipath,1,10,21,20261109,2.25502003784113,0.723818506004768,0.723818506004768,1.25502003784113,-0.276181493995232,-0.276181493995232,1,two_path_selected,0.731386657197158,0.287948946612706,26.3517313202612,0.00134917997643358,0.000362407743512483
Light_multipath,1,10,22,20261109,2.24323104375765,1.94291839571572,1.94291839571572,1.24323104375765,0.942918395715719,0.942918395715719,1,two_path_selected,0.765921382470863,0.0805092546642676,25.8858867734126,0.00113795953206686,0.000266371994070314
Light_multipath,1,10,23,20261109,2.25327488268614,1.80400440977807,2.25327488268614,1.25327488268614,0.804004409778072,1.25327488268614,0,weak_echo,0.801314528381203,0.0666076916930296,40.4239444786004,0.00153624461327384,0.00030522948551015
Light_multipath,1,10,24,20261109,2.27720112090445,0.589278995222531,0.589278995222531,1.27720112090445,-0.410721004777469,-0.410721004777469,1,two_path_selected,0.822548717052926,0.371733594997617,24.3045970045421,0.0018607815510332,0.000330198073515087
Light_multipath,1,10,25,20261109,2.30500514851267,0.00188232640796804,0.00188232640796804,1.30500514851267,-0.998117673592032,-0.998117673592032,1,two_path_selected,0.648200911426063,0.648559909650003,21.146770530155,0.00084845917068388,0.000298487162938788
Light_multipath,1,10,26,20261109,2.24952246877325,0.269576651794196,0.269576651794196,1.24952246877325,-0.730423348205804,-0.730423348205804,1,two_path_selected,0.899463129015576,0.363908544006174,27.9960423884649,0.00140091413613064,0.000140843523764422
Light_multipath,1,10,27,20261109,2.27008121165607,0.489565420385417,0.489565420385417,1.27008121165607,-0.510434579614583,-0.510434579614583,1,two_path_selected,0.850508489808038,0.331303564505797,27.8969629396736,0.0020102246902387,0.000300511524768954
Light_multipath,1,10,28,20261109,2.22265277863254,2.13421159926997,2.22265277863254,1.22265277863254,1.13421159926997,1.22265277863254,0,weak_echo,0.879715150872417,0.0298216216230346,64.447245677361,0.00171059381187866,0.000205758518580401
Light_multipath,1,10,29,20261109,2.26871724335465,1.15810298176548,1.15810298176548,1.26871724335465,0.158102981765479,0.158102981765479,1,two_path_selected,0.723401844384514,0.281725799074533,21.01890939413,0.0015676873730508,0.000433619435967536
Light_multipath,1,10,30,20261109,2.18784356889922,1.72667511924459,2.18784356889922,1.18784356889922,0.726675119244588,1.18784356889922,0,weak_echo,0.683405478732845,0.0785454673776297,32.0531301958951,0.00133937516031923,0.000424038837678387
Light_multipath,1,10,31,20261109,2.258957393762,1.9292363083218,2.258957393762,1.258957393762,0.929236308321802,1.258957393762,0,weak_echo,0.829325315874978,0.0527608748559759,44.6962893513944,0.00168344906820894,0.000287322137957124
Light_multipath,1,10,32,20261109,2.21885273292362,1.68288845353218,1.68288845353218,1.21885273292362,0.682888453532177,0.682888453532177,1,two_path_selected,0.831629174012556,0.0852577089104838,37.5627388347893,0.00213495690939669,0.000359464458282721
Light_multipath,1,10,33,20261109,2.27748854903951,1.6558471132521,1.6558471132521,1.27748854903951,0.655847113252095,0.655847113252095,1,two_path_selected,0.876991921580689,0.19611644164014,21.5452137613418,0.00218203089633739,0.000268407427610029
Light_multipath,1,10,34,20261109,2.26132270370678,2.05780016770719,2.26132270370678,1.26132270370678,1.05780016770719,1.26132270370678,0,weak_echo,0.897766283026141,0.041268137748553,51.4953023543006,0.00180204911305815,0.00018423017899738
Light_multipath,1,10,35,20261109,2.18879368926749,1.25373721567004,1.25373721567004,1.18879368926749,0.253737215670036,0.253737215670036,1,two_path_selected,0.879087681803453,0.177042117066708,26.4487095399568,0.00132022165389123,0.000159631060705268
Light_multipath,1,10,36,20261109,2.26761544214157,1.32133038999368,1.32133038999368,1.26761544214157,0.321330389993676,0.321330389993676,1,two_path_selected,0.669843065738027,0.157540006362286,29.2109964306099,0.00140843955802139,0.00046500608656963
Light_multipath,1,10,37,20261109,2.25365549230593,1.73867788461626,1.73867788461626,1.25365549230593,0.738677884616259,0.738677884616259,1,two_path_selected,0.884378235426521,0.0935279404167692,32.2294844191021,0.00168638517711872,0.000194982829929025
Light_multipath,1,10,38,20261109,2.17346113568192,0.880747764973352,0.880747764973352,1.17346113568192,-0.119252235026648,-0.119252235026648,1,two_path_selected,0.648768023838786,0.253414948643299,25.4537122158707,0.00174011550710795,0.0006111842083103
Light_multipath,1,10,39,20261109,2.28190925875009,2.08749352406392,2.28190925875009,1.28190925875009,1.08749352406392,1.28190925875009,0,weak_echo,0.859925399375002,0.048036286626838,38.9729736255846,0.00176229233131786,0.000246852394493846
Light_multipath,1,10,40,20261109,2.33549851613251,0.722744289782237,0.722744289782237,1.33549851613251,-0.277255710217763,-0.277255710217763,1,two_path_selected,0.795730117262547,0.30756589241458,26.7601828052519,0.00184604417272838,0.000377091226691384
Light_multipath,1,10,41,20261109,2.3119842021492,1.75823658684564,1.75823658684564,1.3119842021492,0.758236586845637,0.758236586845637,1,two_path_selected,0.801795086554006,0.180956925244832,19.1159830309613,0.00115770804029625,0.000229463421922649
Light_multipath,1,10,42,20261109,2.27120210122566,1.21081218480513,1.21081218480513,1.27120210122566,0.210812184805134,0.210812184805134,1,two_path_selected,0.803081745638316,0.24859626496456,21.9868602025856,0.0012451248926082,0.000245187820314685
Light_multipath,1,10,43,20261109,2.24250432689974,1.88307339245654,2.24250432689974,1.24250432689974,0.883073392456536,1.24250432689974,0,weak_echo,0.797447950009653,0.0642963265791877,36.3946669028718,0.00172962682919175,0.000350339459971094
Light_multipath,1,10,44,20261109,2.23583822355721,1.78278000057939,1.78278000057939,1.23583822355721,0.782780000579391,0.782780000579391,1,two_path_selected,0.844294237928441,0.0819379460553124,32.710232897016,0.00155186248500927,0.000241633930858631
Light_multipath,1,10,45,20261109,2.25903242063483,1.69254366092269,1.69254366092269,1.25903242063483,0.692543660922687,0.692543660922687,1,two_path_selected,0.818800357245207,0.10670253784335,29.9383884912212,0.00173193329981469,0.000313825695201553
Light_multipath,1,10,46,20261109,2.26847214986764,1.18142047147347,1.18142047147347,1.26847214986764,0.181420471473473,0.181420471473473,1,two_path_selected,0.873490111796419,0.202549025080918,27.4247595226975,0.0017471654468495,0.00022103370535409
Light_multipath,1,10,47,20261109,2.24438725649605,1.23871178510721,1.23871178510721,1.24438725649605,0.238711785107206,0.238711785107206,1,two_path_selected,0.777826766715911,0.153458810557008,32.8721282163696,0.00156826942789823,0.000348427489456737
Light_multipath,1,10,48,20261109,2.2565943985416,1.65067843056527,1.65067843056527,1.2565943985416,0.650678430565274,0.650678430565274,1,two_path_selected,0.70610744591513,0.0876312546446225,38.2526509612537,0.00163252320817309,0.000479786415252814
Light_multipath,1,10,49,20261109,2.24178038645136,1.03059834925088,1.03059834925088,1.24178038645136,0.0305983492508841,0.0305983492508841,1,two_path_selected,0.783678888908953,0.240219079969279,24.6988446826893,0.00116994712941221,0.00025308426295223
Light_multipath,1,10,50,20261109,2.24675569966847,0.311619458715092,0.311619458715092,1.24675569966847,-0.688380541284908,-0.688380541284908,1,two_path_selected,0.771808153277548,0.399304349408251,25.8885487720329,0.00211691334561404,0.00048306236568707
Light_multipath,3,10,1,20261109,4.19955656116851,3.68458406030495,3.68458406030495,1.19955656116851,0.684584060304953,0.684584060304953,1,two_path_selected,0.867510210451747,0.0819082872026908,37.4742698966988,0.0018339977496058,0.000242985975877241
Light_multipath,3,10,2,20261109,4.22540492816326,3.75330115983278,3.75330115983278,1.22540492816326,0.753301159832784,0.753301159832784,1,two_path_selected,0.845067654536994,0.139666343744377,20.7079254554089,0.00100033486868756,0.000154984227454191
Light_multipath,3,10,3,20261109,4.23800685435266,3.75233195519551,3.75233195519551,1.23800685435266,0.752331955195511,0.752331955195511,1,two_path_selected,0.853195313368375,0.698546480988187,9.64898672125694,0.00183677808804505,0.00026964763162729
Light_multipath,3,10,4,20261109,4.26632865464255,3.02574383253749,3.02574383253749,1.26632865464255,0.0257438325374899,0.0257438325374899,1,two_path_selected,0.682498711420114,0.2472950599168,24.5417606058444,0.0012913008359603,0.000409989679361678
Light_multipath,3,10,5,20261109,4.22036963683594,4.11466148256607,4.22036963683594,1.22036963683594,1.11466148256607,1.22036963683594,0,weak_echo,0.844717951972385,0.0307257671919002,49.1454264352233,0.00141010365797789,0.000218963783942039
Light_multipath,3,10,6,20261109,4.26438769740828,3.26367999090225,3.26367999090225,1.26438769740828,0.263679990902252,0.263679990902252,1,two_path_selected,0.797680145267739,0.169714913702456,29.0024852339001,0.00140257264891641,0.000283768294580211
Light_multipath,3,10,7,20261109,4.22646140779075,2.90003015240942,2.90003015240942,1.22646140779075,-0.099969847590577,-0.099969847590577,1,two_path_selected,0.757904387209606,0.30061899121314,22.9259712387439,0.00149224694243921,0.000361266437964414
Light_multipath,3,10,8,20261109,4.24701631654331,2.74042274650436,2.74042274650436,1.24701631654331,-0.259577253495642,-0.259577253495642,1,two_path_selected,0.812659501200603,0.250026642777042,29.9745164906902,0.00154456431133099,0.000289359448512494
Light_multipath,3,10,9,20261109,4.2825694060747,2.92804801093519,2.92804801093519,1.2825694060747,-0.0719519890648064,-0.0719519890648064,1,two_path_selected,0.80419823301725,0.303405349446686,23.0861325460153,0.00146112695119704,0.000286091238830499
Light_multipath,3,10,10,20261109,4.22761976171076,3.00855015268719,3.00855015268719,1.22761976171076,0.00855015268718518,0.00855015268718518,1,two_path_selected,0.853788340529322,0.267927164829292,23.8252745946149,0.00173392335816347,0.000253519811592051
Light_multipath,3,10,11,20261109,4.24976329098727,3.8162165143743,4.24976329098727,1.24976329098727,0.816216514374302,1.24976329098727,0,weak_echo,0.822411628375503,0.0748038281733,36.176809143798,0.00182388767877795,0.00032390124290016
Light_multipath,3,10,12,20261109,4.27062377059148,4.0758446158353,4.27062377059148,1.27062377059148,1.0758446158353,1.27062377059148,0,weak_echo,0.777012332555655,0.0411237830444753,41.3051046523172,0.00152537892058646,0.000340140687470347
Light_multipath,3,10,13,20261109,4.28518374663903,3.13120670366299,3.13120670366299,1.28518374663903,0.13120670366299,0.13120670366299,1,two_path_selected,0.759405654780401,0.228844049509334,25.0135299044298,0.00138467036816481,0.000333143860573593
Light_multipath,3,10,14,20261109,4.26328205541592,2.74442801718389,2.74442801718389,1.26328205541592,-0.255571982816114,-0.255571982816114,1,two_path_selected,0.787672125425627,0.276648029360496,27.1599516303918,0.00139368855609678,0.000295918928934658
Light_multipath,3,10,15,20261109,4.25280440178229,3.66625119034086,3.66625119034086,1.25280440178229,0.666251190340864,0.666251190340864,1,two_path_selected,0.635488357248653,0.0851174419978052,36.8402097914739,0.00141178670784403,0.000514612692090743
Light_multipath,3,10,16,20261109,4.26688852806366,3.15723360982902,3.15723360982902,1.26688852806366,0.157233609829023,0.157233609829023,1,two_path_selected,0.84262995651753,0.177697452058106,31.1567481571145,0.00164699837370486,0.00025918820568549
Light_multipath,3,10,17,20261109,4.30883490522118,3.88811575877451,4.30883490522118,1.30883490522118,0.888115758774511,1.30883490522118,0,weak_echo,0.693418032338444,0.0773244376300363,29.898001429187,0.0012068594076049,0.00037000133187437
Light_multipath,3,10,18,20261109,4.26735065825646,3.15098555648191,3.15098555648191,1.26735065825646,0.150985556481907,0.150985556481907,1,two_path_selected,0.752628654222009,0.198951651175132,27.7745925033637,0.00165057708498551,0.000408305474823178
Light_multipath,3,10,19,20261109,4.26946197133369,2.84806533753807,2.84806533753807,1.26946197133369,-0.151934662461926,-0.151934662461926,1,two_path_selected,0.86522444145864,0.243960250549586,28.2965933712967,0.00104322160743586,0.000140600774824584
Light_multipath,3,10,20,20261109,4.20624727878947,3.1908187386669,3.1908187386669,1.20624727878947,0.190818738666905,0.190818738666905,1,two_path_selected,0.752765003028095,0.23287799763246,22.559723525695,0.00146313169876278,0.000361737361113112
Light_multipath,3,10,21,20261109,4.29025590011937,3.02790283696184,3.02790283696184,1.29025590011937,0.027902836961843,0.027902836961843,1,two_path_selected,0.879145579239483,0.236595532341907,26.3908457954885,0.00130527983018958,0.000157748837807947
Light_multipath,3,10,22,20261109,4.22274827458569,2.92432893822579,2.92432893822579,1.22274827458569,-0.0756710617742069,-0.0756710617742069,1,two_path_selected,0.771888132018839,0.659704169605245,13.9556410533165,0.00106283963125264,0.000242446333649449
Light_multipath,3,10,23,20261109,4.31658711311298,3.55751433089194,3.55751433089194,1.31658711311298,0.557514330891941,0.557514330891941,1,two_path_selected,0.760938741968279,0.124533557714052,33.0291156875874,0.00240387409961396,0.000574673166403583
Light_multipath,3,10,24,20261109,4.32702536464475,3.6155315393075,3.6155315393075,1.32702536464475,0.615531539307495,0.615531539307495,1,two_path_selected,0.824749799696041,0.146532237951625,25.4946124623647,0.00136980560326316,0.000240058706349355
Light_multipath,3,10,25,20261109,4.26960625765742,3.50228870235469,3.50228870235469,1.26960625765742,0.502288702354686,0.502288702354686,1,two_path_selected,0.758038882048735,0.143433643815859,26.7601422953869,0.00131728045926605,0.000318730652579369
Light_multipath,3,10,26,20261109,4.27629023179157,2.8975827837965,2.8975827837965,1.27629023179157,-0.102417216203504,-0.102417216203504,1,two_path_selected,0.801554239445195,0.523273987957137,17.1635225195551,0.00152623310109057,0.000302874488529836
Light_multipath,3,10,27,20261109,4.31567875142488,3.9731273338525,4.31567875142488,1.31567875142488,0.973127333852501,1.31567875142488,0,weak_echo,0.87990417327311,0.0576391622348451,40.5584848599851,0.00155720044366769,0.000187013274661751
Light_multipath,3,10,28,20261109,4.25200132945976,3.50408716597553,3.50408716597553,1.25200132945976,0.504087165975525,0.504087165975525,1,two_path_selected,0.814782318868659,0.138407714417493,28.6893615166594,0.00181390772528034,0.000335967782662649
Light_multipath,3,10,29,20261109,4.18976399230029,2.70244326727363,2.70244326727363,1.18976399230029,-0.29755673272637,-0.29755673272637,1,two_path_selected,0.850771974886885,0.314151359843368,24.4091387055008,0.00150324711347949,0.000224326598001534
Light_multipath,3,10,30,20261109,4.22771721754557,3.65718454561013,3.65718454561013,1.22771721754557,0.657184545610132,0.657184545610132,1,two_path_selected,0.726894006131362,0.103660347123582,30.2146457315218,0.00178095468694228,0.000486389399812381
Light_multipath,3,10,31,20261109,4.28335223650436,3.44113598841528,3.44113598841528,1.28335223650436,0.441135988415281,0.441135988415281,1,two_path_selected,0.844893357580398,0.181773323613259,24.2278067369477,0.00138403097128759,0.000214672396961157
Light_multipath,3,10,32,20261109,4.18565031164834,3.35137955096042,3.35137955096042,1.18565031164834,0.351379550960424,0.351379550960424,1,two_path_selected,0.851100776244499,0.139351206259927,29.6386679583013,0.0012156861169077,0.000181014719137895
Light_multipath,3,10,33,20261109,4.29009386333368,2.79210496106005,2.79210496106005,1.29009386333368,-0.20789503893995,-0.20789503893995,1,two_path_selected,0.780116781650856,0.280265394971611,27.2922871110344,0.00222643467441164,0.000489555621653759
Light_multipath,3,10,34,20261109,4.30263994954016,3.06282695873662,3.06282695873662,1.30263994954016,0.0628269587366219,0.0628269587366219,1,two_path_selected,0.792240913698124,0.240714434984966,25.3482942518917,0.00125754648104937,0.000261266707884955
Light_multipath,3,10,35,20261109,4.27234268561886,3.23443574251211,3.23443574251211,1.27234268561886,0.234435742512112,0.234435742512112,1,two_path_selected,0.905143507669718,0.185846063129598,27.7650271301805,0.00138536773964448,0.000131411124370207
Light_multipath,3,10,36,20261109,4.19909093226087,4.0456435016768,4.19909093226087,1.19909093226087,1.0456435016768,1.19909093226087,0,weak_echo,0.891918865091307,0.0322353677902382,58.1280861376348,0.00132787873626783,0.000143518640836948
Light_multipath,3,10,37,20261109,4.23714345007203,3.7449855814309,4.23714345007203,1.23714345007203,0.744985581430904,1.23714345007203,0,weak_echo,0.802130587538668,0.0774058825606765,36.5037516616736,0.00145627905964929,0.000288153081912546
Light_multipath,3,10,38,20261109,4.27500226250817,3.19581214876595,3.19581214876595,1.27500226250817,0.195812148765951,0.195812148765951,1,two_path_selected,0.705107608109482,0.194362229121993,27.2449280358162,0.00147849859402172,0.000435997986797831
Light_multipath,3,10,39,20261109,4.22545422604689,3.51416099790728,3.51416099790728,1.22545422604689,0.514160997907279,0.514160997907279,1,two_path_selected,0.661771127882527,0.10593210416231,34.5683602756517,0.00140871482870453,0.000476468027647892
Light_multipath,3,10,40,20261109,4.26672485781861,3.10149749076823,3.10149749076823,1.26672485781861,0.101497490768228,0.101497490768228,1,two_path_selected,0.800464956307165,0.20791272747705,27.7686794220302,0.0015261618769018,0.000304522776789939
Light_multipath,3,10,41,20261109,4.29531758611324,3.34809234200624,3.34809234200624,1.29531758611324,0.348092342006241,0.348092342006241,1,two_path_selected,0.731326211481151,0.188866224034137,25.1223588533464,0.00141249510148755,0.000379500410180977
Light_multipath,3,10,42,20261109,4.28818247680017,2.81264085990868,2.81264085990868,1.28818247680017,-0.187359140091324,-0.187359140091324,1,two_path_selected,0.879769623244154,0.225791304855839,33.9376039971262,0.00254239916314258,0.00030567360924838
Light_multipath,3,10,43,20261109,4.24258380163101,2.6595471434624,2.6595471434624,1.24258380163101,-0.340452856537595,-0.340452856537595,1,two_path_selected,0.896920858824816,0.321967074655933,25.0609291566361,0.0012488160606523,0.000128726887017816
Light_multipath,3,10,44,20261109,4.3012789261819,3.20659857206536,3.20659857206536,1.3012789261819,0.20659857206536,0.20659857206536,1,two_path_selected,0.755813355897466,0.182755664914375,29.1078278228645,0.00130020949312737,0.000317493792757029
Light_multipath,3,10,45,20261109,4.23789360740005,3.4305245839573,4.23789360740005,1.23789360740005,0.430524583957299,1.23789360740005,0,insufficient_gain,0.485857891462216,0.179724514865022,22.0630415281138,0.00132166648795029,0.00067952439489849
Light_multipath,3,10,46,20261109,4.19949878833818,2.86351226227356,2.86351226227356,1.19949878833818,-0.136487737726443,-0.136487737726443,1,two_path_selected,0.701364630168116,0.28461094892523,23.8340940064064,0.00154685556810419,0.000461945784657303
Light_multipath,3,10,47,20261109,4.29000901939952,3.25413067538359,3.25413067538359,1.29000901939952,0.254130675383589,0.254130675383589,1,two_path_selected,0.703148057379975,0.192078086107613,26.3190635443371,0.00134667155149515,0.000399762066132459
Light_multipath,3,10,48,20261109,4.22554993199169,4.12817404438966,4.22554993199169,1.22554993199169,1.12817404438966,1.22554993199169,0,weak_echo,0.852953571296255,0.03526551196758,59.2049319136708,0.00249201120850895,0.000366441348500945
Light_multipath,3,10,49,20261109,4.28508983964183,3.6958646408215,3.6958646408215,1.28508983964183,0.695864640821504,0.695864640821504,1,two_path_selected,0.76461626845901,0.154377424235194,21.7281302382848,0.00125180570249528,0.000294654697417629
Light_multipath,3,10,50,20261109,4.27199722756732,2.80799613234331,2.80799613234331,1.27199722756732,-0.192003867656693,-0.192003867656693,1,two_path_selected,0.832468976966948,0.229709609353909,32.1756076999173,0.00200847148265804,0.000336481282222412
Light_multipath,5,10,1,20261109,6.25102439832245,4.73795731161232,4.73795731161232,1.25102439832245,-0.262042688387684,-0.262042688387684,1,two_path_selected,0.834795903038086,0.281133345306175,27.0630561646113,0.00158250057805454,0.000261435578939206
Light_multipath,5,10,2,20261109,6.27894967375992,5.56962176981557,5.56962176981557,1.27894967375992,0.569621769815569,0.569621769815569,1,two_path_selected,0.721942444198467,0.144890707308271,24.5973453397127,0.00112258749081806,0.000312143933870246
Light_multipath,5,10,3,20261109,6.25093108936872,5.69179750724859,5.69179750724859,1.25093108936872,0.691797507248592,0.691797507248592,1,two_path_selected,0.78278153353497,0.122075494939878,24.8214921304836,0.00121859899131116,0.000264702204128442
Light_multipath,5,10,4,20261109,6.23907929363353,3.57947302606897,6.23907929363353,1.23907929363353,-1.42052697393103,1.23907929363353,0,excessive_shift,0.696062400192098,0.556006548392896,26.9040779406789,0.00143365813106899,0.000435742611302192
Light_multipath,5,10,5,20261109,6.32520009898458,5.98958275797043,6.32520009898458,1.32520009898458,0.989582757970432,1.32520009898458,0,weak_echo,0.786419372239546,0.0672588030578076,32.2017840615643,0.00133390148468071,0.000284895516468708
Light_multipath,5,10,6,20261109,6.25033106373271,3.29315306882452,6.25033106373271,1.25033106373271,-1.70684693117548,1.25033106373271,0,excessive_shift,0.798735537499085,0.545251140820644,30.6905674703776,0.00201331982516506,0.000405209732454281
Light_multipath,5,10,7,20261109,6.23988465791289,4.19184664739267,4.19184664739267,1.23988465791289,-0.808153352607333,-0.808153352607333,1,two_path_selected,0.792960454212739,0.457516493263759,24.4092658881364,0.00156134335360836,0.000323259818749033
Light_multipath,5,10,8,20261109,6.30395737698048,5.44006694634613,5.44006694634613,1.30395737698048,0.440066946346133,0.440066946346133,1,two_path_selected,0.927784016868243,0.14333596516834,31.1189656624262,0.00161320004419574,0.00011649882717979
Light_multipath,5,10,9,20261109,6.26350081673066,5.10535786278727,5.10535786278727,1.26350081673066,0.105357862787269,0.105357862787269,1,two_path_selected,0.657534787813026,0.267310442270908,21.3680202634537,0.000934910769743835,0.00032017441513621
Light_multipath,5,10,10,20261109,6.20283013876222,4.14466679157228,4.14466679157228,1.20283013876222,-0.855333208427716,-0.855333208427716,1,two_path_selected,0.859256941835242,0.392806799231298,27.8468460771027,0.00200412840483688,0.0002820671606516
Light_multipath,5,10,11,20261109,6.30478393855672,5.55139740963118,5.55139740963118,1.30478393855672,0.551397409631178,0.551397409631178,1,two_path_selected,0.772945725016527,0.192050131956903,21.1242783167741,0.00120770366828937,0.000274214280798324
Light_multipath,5,10,12,20261109,6.23101135067948,5.5200311597366,5.5200311597366,1.23101135067948,0.520031159736597,0.520031159736597,1,two_path_selected,0.807071454738768,0.201209647469635,19.3697019405585,0.000942813771246831,0.000181895689338907
Light_multipath,5,10,13,20261109,6.2985826125801,5.88544024291938,5.88544024291938,1.2985826125801,0.885440242919383,0.885440242919383,1,two_path_selected,0.8765659592084,0.0811102231162823,32.0031450880907,0.00163177616128363,0.000201416725254644
Light_multipath,5,10,14,20261109,6.20584966453559,5.54113435430241,5.54113435430241,1.20584966453559,0.541134354302406,0.541134354302406,1,two_path_selected,0.836053068912627,0.125780050852312,27.3653634903395,0.00124716274675629,0.000204468504897193
Light_multipath,5,10,15,20261109,6.21173165603816,5.25066355039742,6.21173165603816,1.21173165603816,0.250663550397419,1.21173165603816,0,insufficient_gain,0.558127854130775,0.158290713041282,29.2157508405947,0.00154196957049657,0.000681353402980367
Light_multipath,5,10,16,20261109,6.29011152323744,5.15128842405021,5.15128842405021,1.29011152323744,0.151288424050211,0.151288424050211,1,two_path_selected,0.910185905861795,0.176816305826869,33.0768592813336,0.00207219724413354,0.00018611251835754
Light_multipath,5,10,17,20261109,6.26712698921559,3.87527037764326,3.87527037764326,1.26712698921559,-1.12472962235674,-1.12472962235674,1,two_path_selected,0.756511760887289,0.419253398389899,30.0023640679759,0.00142695514966729,0.000347446796685302
Light_multipath,5,10,18,20261109,6.26703407990571,5.59127278960204,5.59127278960204,1.26703407990571,0.591272789602038,0.591272789602038,1,two_path_selected,0.887369731231373,0.113116182618265,32.3482029763612,0.00163746243086527,0.000184427833686884
Light_multipath,5,10,19,20261109,6.32599167089305,5.48352856491316,5.48352856491316,1.32599167089305,0.483528564913158,0.483528564913158,1,two_path_selected,0.880285147169898,0.208463361400853,22.2993506074647,0.00152866149542641,0.000183003485952016
Light_multipath,5,10,20,20261109,6.26133887735227,4.76878379364915,4.76878379364915,1.26133887735227,-0.231216206350851,-0.231216206350851,1,two_path_selected,0.834844082930079,0.249176022231413,29.9364252480558,0.00173973712905728,0.000287327881010047
Light_multipath,5,10,21,20261109,6.24509354719759,4.19400035298749,4.19400035298749,1.24509354719759,-0.805999647012513,-0.805999647012513,1,two_path_selected,0.791171915262125,0.352519191830208,29.9044341550619,0.00162446148234019,0.00033923318008755
Light_multipath,5,10,22,20261109,6.16504987209805,4.67404816887497,4.67404816887497,1.16504987209805,-0.325951831125033,-0.325951831125033,1,two_path_selected,0.848909717968126,0.273426149786259,28.0473117313006,0.00230988692698286,0.00034900146725958
Light_multipath,5,10,23,20261109,6.34366679657597,5.89180081616462,5.89180081616462,1.34366679657597,0.891800816164618,0.891800816164618,1,two_path_selected,0.816452696190265,0.213332888551971,16.918754638768,0.00132494546348805,0.00024319016751817
Light_multipath,5,10,24,20261109,6.2286782021615,5.61820100406576,5.61820100406576,1.2286782021615,0.618201004065757,0.618201004065757,1,two_path_selected,0.840722207053421,0.0996150395701871,34.0324999831627,0.00182936429304847,0.000291377107092039
Light_multipath,5,10,25,20261109,6.34060440605915,5.17787749674067,5.17787749674067,1.34060440605915,0.17787749674067,0.17787749674067,1,two_path_selected,0.715720805680396,0.300907093535639,20.5915438863397,0.00139889003195237,0.000397675331225145
Light_multipath,5,10,26,20261109,6.33149343963405,5.45436140728664,5.45436140728664,1.33149343963405,0.454361407286637,0.454361407286637,1,two_path_selected,0.794381206059828,0.199229589370991,22.9155198454201,0.00134351626468443,0.000276252193983417
Light_multipath,5,10,27,20261109,6.24055407197865,5.03708442228139,5.03708442228139,1.24055407197865,0.0370844222813851,0.0370844222813851,1,two_path_selected,0.824226521169144,0.223214307587095,26.7604446553299,0.0014202820373217,0.00024964791462101
Light_multipath,5,10,28,20261109,6.28854048099591,5.94523495307218,6.28854048099591,1.28854048099591,0.945234953072177,1.28854048099591,0,weak_echo,0.86452580807248,0.0611320530453852,49.6176517849005,0.00320548919583352,0.000434261058537944
Light_multipath,5,10,29,20261109,6.2723028311035,6.00095798900389,6.2723028311035,1.2723028311035,1.00095798900389,1.2723028311035,0,weak_echo,0.867833279985177,0.0466723802247768,45.8129119064206,0.001558133945885,0.000205933452971374
Light_multipath,5,10,30,20261109,6.21736595886339,4.99153750391383,4.99153750391383,1.21736595886339,-0.00846249608617367,-0.00846249608617367,1,two_path_selected,0.831369718687024,0.198079697018813,31.4140491378742,0.00207742652113252,0.000350317018665613
Light_multipath,5,10,31,20261109,6.28828077314898,5.1601294955076,5.1601294955076,1.28828077314898,0.160129495507599,0.160129495507599,1,two_path_selected,0.836479217535914,0.262183234760584,23.0183677568473,0.00173190060836559,0.000283201742629968
Light_multipath,5,10,32,20261109,6.28366425652113,5.94011387113707,6.28366425652113,1.28366425652113,0.940113871137068,1.28366425652113,0,weak_echo,0.832960950540857,0.0687221570842746,36.2141641776043,0.00213414450971938,0.000356485470311974
Light_multipath,5,10,33,20261109,6.21488482539258,5.35330260478603,5.35330260478603,1.21488482539258,0.35330260478603,0.35330260478603,1,two_path_selected,0.915081514599668,0.161827993228549,27.6329573405018,0.00160165524550782,0.000136010137582021
Light_multipath,5,10,34,20261109,6.230828030695,5.2692845658169,5.2692845658169,1.230828030695,0.269284565816898,0.269284565816898,1,two_path_selected,0.838155072479491,0.234343421257993,22.2456483110746,0.0016094385870018,0.000260479471462016
Light_multipath,5,10,35,20261109,6.25902242949441,5.2757763054957,5.2757763054957,1.25902242949441,0.275776305495697,0.275776305495697,1,two_path_selected,0.863283232109237,0.198658483472315,25.1658636285624,0.00141159735035412,0.000192989027303581
Light_multipath,5,10,36,20261109,6.262311330935,5.53940959374218,5.53940959374218,1.262311330935,0.53940959374218,0.53940959374218,1,two_path_selected,0.695511775645086,0.23509840913405,17.8632560144315,0.00115846632802907,0.00035273935519653
Light_multipath,5,10,37,20261109,6.24976023208226,5.91275065476858,6.24976023208226,1.24976023208226,0.91275065476858,1.24976023208226,0,weak_echo,0.775217413241027,0.0520129873853,42.7035323520336,0.00127271816581453,0.000286084881526927
Light_multipath,5,10,38,20261109,6.3035619279946,5.04304743414876,5.04304743414876,1.3035619279946,0.0430474341487557,0.0430474341487557,1,two_path_selected,0.779874535897158,0.231480663928337,26.9198597182669,0.00157332269793842,0.00034632838906723
Light_multipath,5,10,39,20261109,6.27182346918189,5.10420980761375,5.10420980761375,1.27182346918189,0.104209807613753,0.104209807613753,1,two_path_selected,0.652464683975265,0.274566448889946,21.5214729851257,0.00129920770558423,0.000451520560541985
Light_multipath,5,10,40,20261109,6.26017737792993,5.22872091765158,5.22872091765158,1.26017737792993,0.228720917651581,0.228720917651581,1,two_path_selected,0.879692587502888,0.224638913474382,23.649014496817,0.0013621153425436,0.000163872572384038
Light_multipath,5,10,41,20261109,6.25289208093563,5.47538226646232,5.47538226646232,1.25289208093563,0.475382266462315,0.475382266462315,1,two_path_selected,0.726658094961437,0.244138715967939,19.5172610722815,0.00183046426935607,0.00050034259049081
Light_multipath,5,10,42,20261109,6.27372767652308,5.90320641363952,6.27372767652308,1.27372767652308,0.903206413639516,1.27372767652308,0,weak_echo,0.819832847340247,0.0614761173768067,37.9273293960684,0.00138219751350377,0.000249026590421364
Light_multipath,5,10,43,20261109,6.22866049164556,4.80994855466498,4.80994855466498,1.22866049164556,-0.190051445335019,-0.190051445335019,1,two_path_selected,0.818686413157154,0.456729071171076,17.9014696728244,0.00100604548083738,0.000182409714657661
Light_multipath,5,10,44,20261109,6.26966008239106,3.26999276437287,6.26966008239106,1.26966008239106,-1.73000723562713,1.26966008239106,0,excessive_shift,0.807336305039664,0.528944979444281,31.4621193284691,0.0013788751167203,0.000265659174876198
Light_multipath,5,10,45,20261109,6.24969625985962,4.85541707881672,4.85541707881672,1.24969625985962,-0.144582921183282,-0.144582921183282,1,two_path_selected,0.823661994628573,0.252419424471337,28.6817052590877,0.00256704485746018,0.000452667569863507
Light_multipath,5,10,46,20261109,6.25453240442765,4.94166505493025,4.94166505493025,1.25453240442765,-0.058334945069749,-0.058334945069749,1,two_path_selected,0.870664126990255,0.228586397669865,28.1297976076673,0.00131980204408766,0.000170697749572124
Light_multipath,5,10,47,20261109,6.2365180407507,5.79339490693118,6.2365180407507,1.2365180407507,0.79339490693118,1.2365180407507,0,weak_echo,0.796895107088727,0.0701991346653023,32.9933971313146,0.000776632642703667,0.000157737889727727
Light_multipath,5,10,48,20261109,6.25220234076696,4.2001554706515,4.2001554706515,1.25220234076696,-0.799844529348499,-0.799844529348499,1,two_path_selected,0.622170994184154,0.450023823832832,24.3869202386123,0.00150289531054204,0.000567837441027397
Light_multipath,5,10,49,20261109,6.22287409399599,5.109534010865,5.109534010865,1.22287409399599,0.109534010864997,0.109534010864997,1,two_path_selected,0.812768500194995,0.198222458044163,28.9013150952871,0.00224663899798561,0.000420641589113258
Light_multipath,5,10,50,20261109,6.28304730462194,4.95073864359965,4.95073864359965,1.28304730462194,-0.0492613564003506,-0.0492613564003506,1,two_path_selected,0.789552546999746,0.52606194615616,16.4375835929641,0.00146339261947603,0.000307967249508101
Light_multipath,10,10,1,20261109,11.238310526462,10.248879098588,10.248879098588,1.23831052646199,0.248879098588006,0.248879098588006,1,two_path_selected,0.87039764131993,0.16849193558508,28.9012692892864,0.00131696786391045,0.000170682141468648
Light_multipath,10,10,2,20261109,11.2750839560195,10.7044436061957,10.7044436061957,1.27508395601947,0.704443606195714,0.704443606195714,1,two_path_selected,0.92501940667827,0.0940848024118982,35.1672904985127,0.00182655151593791,0.00013695591639773
Light_multipath,10,10,3,20261109,11.2666302995116,10.3401841139519,10.3401841139519,1.26663029951164,0.340184113951871,0.340184113951871,1,two_path_selected,0.861136734435452,0.176317570751275,26.3280921957668,0.00133921467415243,0.000185967722944769
Light_multipath,10,10,4,20261109,11.2220935485512,9.3936406574538,9.3936406574538,1.22209354855121,-0.606359342546199,-0.606359342546199,1,two_path_selected,0.807359226948831,0.30437780040339,30.7448014762604,0.00214713661483801,0.000413626057328864
Light_multipath,10,10,5,20261109,11.2599443558607,10.1786172052009,10.1786172052009,1.25994435586073,0.178617205200899,0.178617205200899,1,two_path_selected,0.70332709957685,0.169842288316601,32.1766187734059,0.00205467447891405,0.000609566237084858
Light_multipath,10,10,6,20261109,11.2976527816133,10.3488805129522,10.3488805129522,1.29765278161332,0.348880512952213,0.348880512952213,1,two_path_selected,0.743696687026885,0.176866005076491,26.0050040090279,0.00115242844665464,0.000295371228842045
Light_multipath,10,10,7,20261109,11.2410239747915,9.05311136429599,9.05311136429599,1.24102397479152,-0.94688863570401,-0.94688863570401,1,two_path_selected,0.784669904707882,0.421617967935946,27.7917122349724,0.00213480797115939,0.000459688403860126
Light_multipath,10,10,8,20261109,11.3142896639787,10.4911976238184,10.4911976238184,1.3142896639787,0.491197623818429,0.491197623818429,1,two_path_selected,0.872536744361737,0.138168123783767,31.8856452641411,0.00212329303282677,0.000270641842638142
Light_multipath,10,10,9,20261109,11.2002897944951,10.5697844926974,10.5697844926974,1.20028979449507,0.569784492697369,0.569784492697369,1,two_path_selected,0.786669083998526,0.109537077971015,31.0862325778702,0.00170471923703497,0.000363669316362003
Light_multipath,10,10,10,20261109,11.1978408556736,10.4423972957417,10.4423972957417,1.19784085567361,0.442397295741685,0.442397295741685,1,two_path_selected,0.714147528812162,0.1493149288975,24.9897188504162,0.00117048393537367,0.000334585725412229
Light_multipath,10,10,11,20261109,11.2712601100453,9.24932371799839,9.24932371799839,1.27126011004534,-0.750676282001606,-0.750676282001606,1,two_path_selected,0.774135869388524,0.530908939342386,21.8515171476006,0.00136788046557723,0.000308955132138022
Light_multipath,10,10,12,20261109,11.2455799854712,9.1087138932683,9.1087138932683,1.24557998547122,-0.891286106731703,-0.891286106731703,1,two_path_selected,0.826662414213111,0.37100616311097,29.9673666729021,0.00163443579331624,0.000283309154537115
Light_multipath,10,10,13,20261109,11.2968400688737,11.0292099281025,11.2968400688737,1.29684006887369,1.02920992810248,1.29684006887369,0,weak_echo,0.812319070614453,0.0570959232464202,34.7346059503578,0.00143519702628669,0.00026935911174486
Light_multipath,10,10,14,20261109,11.2679018639088,10.4983371794302,10.4983371794302,1.26790186390879,0.49833717943018,0.49833717943018,1,two_path_selected,0.810854062190027,0.208971270978251,20.5002237633239,0.00126562623594273,0.000239388061314294
Light_multipath,10,10,15,20261109,11.2556878199386,10.9679515237282,11.2556878199386,1.25568781993857,0.967951523728175,1.25568781993857,0,weak_echo,0.854135304595075,0.0508832904577824,40.1725545609817,0.00134660730178138,0.000196422463904389
Light_multipath,10,10,16,20261109,11.3072674683299,10.6310287002884,10.6310287002884,1.30726746832994,0.631028700288351,0.631028700288351,1,two_path_selected,0.786568138833408,0.110619940877177,31.2014765874245,0.00130221634349059,0.000277934457832751
Light_multipath,10,10,17,20261109,11.2460619629494,10.7801391620637,10.7801391620637,1.24606196294939,0.780139162063662,0.780139162063662,1,two_path_selected,0.850629634728828,0.0849245983745546,35.482331716206,0.00233531884215177,0.000348827428476861
Light_multipath,10,10,18,20261109,11.3327252494045,9.9482629391093,9.9482629391093,1.33272524940453,-0.0517370608907015,-0.0517370608907015,1,two_path_selected,0.885203115030973,0.305653828659574,24.2112151976629,0.00205272514244914,0.000235646452050764
Light_multipath,10,10,19,20261109,11.2019813206046,10.7934546754399,10.7934546754399,1.20198132060456,0.793454675439875,0.793454675439875,1,two_path_selected,0.839520884362793,0.0981606121954996,27.6219321883317,0.00166756005273072,0.000267608562534161
Light_multipath,10,10,20,20261109,11.2913143267896,10.8163873465952,11.2913143267896,1.29131432678958,0.816387346595164,1.29131432678958,0,weak_echo,0.861284402872654,0.0707584875279355,40.6719356421266,0.00157913130012521,0.000219050141239352
Light_multipath,10,10,21,20261109,11.2625669057281,10.5509152273153,10.5509152273153,1.26256690572813,0.550915227315294,0.550915227315294,1,two_path_selected,0.854336951826432,0.120229394281782,30.9284910247703,0.00157518154779379,0.000229445745678403
Light_multipath,10,10,22,20261109,11.2742363185959,10.3217854060804,10.3217854060804,1.27423631859589,0.321785406080416,0.321785406080416,1,two_path_selected,0.839504123765796,0.173583578098701,27.3065762350346,0.00139428568257216,0.000223777102345224
Light_multipath,10,10,23,20261109,11.2772697220338,10.4344750257786,10.4344750257786,1.27726972203375,0.434475025778596,0.434475025778596,1,two_path_selected,0.634937300295219,0.150245184496294,27.0039744508165,0.00126183482219799,0.000460648826773102
Light_multipath,10,10,24,20261109,11.31584407684,10.0843730244824,10.0843730244824,1.31584407683999,0.0843730244823551,0.0843730244823551,1,two_path_selected,0.829531690189264,0.220687643157597,27.5156558766898,0.00142924798646282,0.000243641488552715
Light_multipath,10,10,25,20261109,11.2664303625014,8.64184117805681,11.2664303625014,1.26643036250143,-1.35815882194319,1.26643036250143,0,excessive_shift,0.813741038296381,0.536766115329783,27.5816857209966,0.00176765341386043,0.000329241289517501
Light_multipath,10,10,26,20261109,11.2232852108446,10.9824236511889,11.2232852108446,1.22328521084457,0.982423651188924,1.22328521084457,0,weak_echo,0.855002239347269,0.0519133723133456,32.800978728362,0.000906298800014138,0.000131411296484307
Light_multipath,10,10,27,20261109,11.2255522161399,9.85504159356677,9.85504159356677,1.22555221613989,-0.144958406433226,-0.144958406433226,1,two_path_selected,0.843919008286375,0.220550422482631,30.9331329372464,0.00158629772299612,0.000247590921758301
Light_multipath,10,10,28,20261109,11.2578666547599,10.4268334276873,10.4268334276873,1.25786665475988,0.426833427687335,0.426833427687335,1,two_path_selected,0.790186745617187,0.172604093023069,23.4641657194769,0.000919318766266386,0.000192885262165543
Light_multipath,10,10,29,20261109,11.3288622536992,10.1073882042586,10.1073882042586,1.32886225369925,0.107388204258605,0.107388204258605,1,two_path_selected,0.886839515009347,0.215536596027265,28.5248469168394,0.0016858566418354,0.000190772355214808
Light_multipath,10,10,30,20261109,11.2419507003495,10.1964913701792,10.1964913701792,1.24195070034949,0.196491370179153,0.196491370179153,1,two_path_selected,0.900189506742405,0.182810798391196,27.4900502932609,0.000986177069576932,9.84308197538031e-05
Light_multipath,10,10,31,20261109,11.3274886265791,9.43394419461554,9.43394419461554,1.32748862657909,-0.566055805384458,-0.566055805384458,1,two_path_selected,0.7763956925269,0.502709974321618,21.6030774026703,0.00151407595719388,0.000338553905870009
Light_multipath,10,10,32,20261109,11.2071565485546,9.07785967178222,9.07785967178222,1.20715654855461,-0.922140328217779,-0.922140328217779,1,two_path_selected,0.776616427283275,0.4079043355648,27.2158337847606,0.00129178284288312,0.000288563066617398
Light_multipath,10,10,33,20261109,11.3376224786107,11.2650271095059,11.3376224786107,1.3376224786107,1.26502710950592,1.3376224786107,0,weak_echo,0.891268710118797,0.034864534219294,47.3325026981526,0.00176298501139183,0.00019169163432986
Light_multipath,10,10,34,20261109,11.2665894466295,10.4164692404454,10.4164692404454,1.26658944662947,0.416469240445402,0.416469240445402,1,two_path_selected,0.856523160399271,0.162261636537159,25.9569756633113,0.00115170748109672,0.000165243349532274
Light_multipath,10,10,35,20261109,11.239788650953,9.68863654325801,9.68863654325801,1.23978865095299,-0.311363456741987,-0.311363456741987,1,two_path_selected,0.742447912229635,0.326288744169297,24.5536483621988,0.00171586114930067,0.000441923621326445
Light_multipath,10,10,36,20261109,11.2228562597695,9.84642746283464,9.84642746283464,1.22285625976953,-0.15357253716536,-0.15357253716536,1,two_path_selected,0.750288296458882,0.261719695161615,26.2050157002016,0.00159519757838189,0.000398339504782408
Light_multipath,10,10,37,20261109,11.2718265494322,11.1678226801078,11.2718265494322,1.27182654943222,1.16782268010782,1.27182654943222,0,weak_echo,0.812181925557977,0.0311796538086834,57.8351571454091,0.00178380924516719,0.00033503161759918
Light_multipath,10,10,38,20261109,11.2042869771586,10.2756390186245,10.2756390186245,1.20428697715859,0.275639018624528,0.275639018624528,1,two_path_selected,0.767226839328786,0.162252176647819,29.0887715917569,0.0018205587337834,0.000423777210650345
Light_multipath,10,10,39,20261109,11.149642451127,8.93070010879074,8.93070010879074,1.14964245112703,-1.06929989120926,-1.06929989120926,1,two_path_selected,0.857264557568149,0.406105925963232,29.1041653721153,0.00213828235476021,0.000305208677950919
Light_multipath,10,10,40,20261109,11.2426711568961,11.0287885247272,11.2426711568961,1.24267115689614,1.02878852472719,1.24267115689614,0,weak_echo,0.697261438911387,0.0407468755323183,44.2236909631962,0.00162825480533524,0.00049293551685281
Light_multipath,10,10,41,20261109,11.2288439281888,10.0025479768708,10.0025479768708,1.22884392818882,0.00254797687075836,0.00254797687075836,1,two_path_selected,0.874567470322877,0.191895086926241,32.1633083344692,0.00177683074749213,0.000222872375466032
Light_multipath,10,10,42,20261109,11.2488728192648,10.4760413463139,10.4760413463139,1.24887281926481,0.476041346313934,0.476041346313934,1,two_path_selected,0.72517309666545,0.1284770644002,31.4347645521887,0.0020119378271477,0.000552934642736647
Light_multipath,10,10,43,20261109,11.1619217325505,10.7077097869933,11.1619217325505,1.16192173255054,0.707709786993327,1.16192173255054,0,weak_echo,0.893080072620504,0.0707689644544839,39.8075805433073,0.00161916312892907,0.000173120804160654
Light_multipath,10,10,44,20261109,11.2775124336764,10.7746827777718,10.7746827777718,1.27751243367644,0.774682777771844,0.774682777771844,1,two_path_selected,0.793527430801151,0.192572853403899,19.6362449132163,0.00190318223281127,0.000392954925262146
Light_multipath,10,10,45,20261109,11.2206913630935,9.70580179131785,9.70580179131785,1.22069136309355,-0.294198208682154,-0.294198208682154,1,two_path_selected,0.774802311798103,0.260869439324469,29.0948106289336,0.00184534387200275,0.000415567173912557
Light_multipath,10,10,46,20261109,11.2639179931158,9.74811165062974,9.74811165062974,1.26391799311584,-0.251888349370256,-0.251888349370256,1,two_path_selected,0.726524827249061,0.273592641677905,27.4324102429311,0.00137056424133952,0.000374815292666586
Light_multipath,10,10,47,20261109,11.2472562612533,10.9344813047426,11.2472562612533,1.24725626125329,0.934481304742615,1.24725626125329,0,weak_echo,0.821593798480455,0.0607453543540285,37.9513072763902,0.00188724029631548,0.000336695372620266
Light_multipath,10,10,48,20261109,11.2351596615032,9.59334010751967,9.59334010751967,1.23515966150322,-0.406659892480327,-0.406659892480327,1,two_path_selected,0.810198018856115,0.366653899918009,23.5178225495562,0.00145483271512514,0.00027613013156369
Light_multipath,10,10,49,20261109,11.2744087560752,10.2086377031423,10.2086377031423,1.27440875607522,0.208637703142344,0.208637703142344,1,two_path_selected,0.754820142098869,0.192766001804017,26.8543584753137,0.00126956776184439,0.000311272443444865
Light_multipath,10,10,50,20261109,11.2414133352049,10.3049668596049,10.3049668596049,1.24141333520495,0.304966859604871,0.304966859604871,1,two_path_selected,0.766030560708642,0.178139114901199,25.8386954227327,0.00129593577192821,0.000303209365915658
Light_multipath,15,10,1,20261109,16.2733888661263,15.8282869426211,15.8282869426211,1.27338886612628,0.828286942621055,0.828286942621055,1,two_path_selected,0.703868508194463,0.109161606535047,25.0634738623071,0.00154344690019648,0.000457063233077815
Light_multipath,15,10,2,20261109,16.2844700793102,15.6405534223005,15.6405534223005,1.28447007931017,0.640553422300549,0.640553422300549,1,two_path_selected,0.787644223800696,0.122471277214734,27.7175121756904,0.00141527413390996,0.000300541637241247
Light_multipath,15,10,3,20261109,16.2754566720642,15.7063350958525,15.7063350958525,1.27545667206422,0.706335095852452,0.706335095852452,1,two_path_selected,0.830199706481598,0.125750971288558,27.361520223478,0.00207501698602197,0.0003523384932822
Light_multipath,15,10,4,20261109,16.3100005316579,15.7272956936123,15.7272956936123,1.3100005316579,0.727295693612316,0.727295693612316,1,two_path_selected,0.67629271368596,0.158580270232284,19.1469548180014,0.000702604918412453,0.000227438331490193
Light_multipath,15,10,5,20261109,16.2971059961186,15.3559938830785,15.3559938830785,1.29710599611863,0.355993883078455,0.355993883078455,1,two_path_selected,0.860910162808589,0.169637014522675,29.3379265636376,0.00224293793546626,0.000311969872274442
Light_multipath,15,10,6,20261109,16.2500224674361,16.2626281329514,16.2626281329514,1.25002246743611,1.26262813295145,1.26262813295145,1,two_path_selected,0.87620735767763,0.233519538519711,13.9148721594955,0.00163842921242385,0.000202825481464108
Light_multipath,15,10,7,20261109,16.2209489417114,14.3915225106529,14.3915225106529,1.22094894171138,-0.608477489347052,-0.608477489347052,1,two_path_selected,0.906537441934259,0.395214772295407,24.5704354730862,0.0014881251077965,0.000139083979296517
Light_multipath,15,10,8,20261109,16.3192583019539,16.2042014457532,16.3192583019539,1.31925830195389,1.20420144575318,1.31925830195389,0,weak_echo,0.857178613027639,0.0306264373070724,63.6654951329589,0.00152306181097983,0.000217525800288776
Light_multipath,15,10,9,20261109,16.1867095584174,16.03807550527,16.1867095584174,1.18670955841742,1.03807550527003,1.18670955841742,0,weak_echo,0.93203570078092,0.0453261429501537,43.8468028031279,0.00214723895533564,0.000145935590855295
Light_multipath,15,10,10,20261109,16.2439850347624,15.6593002077261,15.6593002077261,1.24398503476239,0.659300207726062,0.659300207726062,1,two_path_selected,0.788498336536288,0.0901794361292437,36.9108137749528,0.00187524601408651,0.000396617651382991
Light_multipath,15,10,11,20261109,16.2578493656811,15.39757877731,15.39757877731,1.25784936568106,0.397578777310045,0.397578777310045,1,two_path_selected,0.872198546913391,0.141181442822929,32.1123836046806,0.00198682954798968,0.00025391970326849
Light_multipath,15,10,12,20261109,16.3214288105588,15.6040004580156,15.6040004580156,1.32142881055882,0.604000458015555,0.604000458015555,1,two_path_selected,0.890977525765444,0.109313515924331,34.9783152821247,0.001567638000465,0.000170907773514806
Light_multipath,15,10,13,20261109,16.3039073514083,15.932764458112,16.3039073514083,1.3039073514083,0.932764458111983,1.3039073514083,0,weak_echo,0.840807794703981,0.0684425156005637,32.4037759345508,0.00104612935528237,0.000166535639092302
Light_multipath,15,10,14,20261109,16.2156441953938,16.0025267040102,16.2156441953938,1.21564419539379,1.00252670401018,1.21564419539379,0,weak_echo,0.745109093645712,0.0470409199438929,38.1210904977691,0.00153919854653917,0.000392327712586571
Light_multipath,15,10,15,20261109,16.1942526905096,15.1734624746732,15.1734624746732,1.19425269050958,0.173462474673236,0.173462474673236,1,two_path_selected,0.848739369988945,0.165423778615683,30.6912355643255,0.00132217297525972,0.000199992717221376
Light_multipath,15,10,16,20261109,16.1815780561728,15.3517389178065,16.1815780561728,1.18157805617276,0.351738917806502,1.18157805617276,0,insufficient_gain,0.562894601363947,0.141829307698157,28.8599264085761,0.00186265518461304,0.000814176636991792
Light_multipath,15,10,17,20261109,16.1762157398527,15.0279107945921,15.0279107945921,1.1762157398527,0.0279107945921027,0.0279107945921027,1,two_path_selected,0.836020237731186,0.206090817932823,27.7756430676807,0.00155710919805729,0.000255334396124018
Light_multipath,15,10,18,20261109,16.2173999826962,16.2724332384972,16.2724332384972,1.21739998269622,1.27243323849725,1.27243323849725,1,two_path_selected,0.847275974137327,0.318131021305484,10.8174056962075,0.00133374713798462,0.000203695232395829
Light_multipath,15,10,19,20261109,16.3471467705765,15.4764823795921,15.4764823795921,1.34714677057646,0.476482379592127,0.476482379592127,1,two_path_selected,0.69557077542595,0.172769503741593,24.6976961384913,0.00120605861987544,0.000367159490439528
Light_multipath,15,10,20,20261109,16.2405629387338,15.3996339832696,15.3996339832696,1.24056293873382,0.399633983269588,0.399633983269588,1,two_path_selected,0.824244785662018,0.178528376853987,25.5894677133915,0.00194493242279847,0.000341832014841836
Light_multipath,15,10,21,20261109,16.3227180673663,14.9469380234333,14.9469380234333,1.32271806736632,-0.0530619765667488,-0.0530619765667488,1,two_path_selected,0.684038556962187,0.250972990401884,26.3487299295963,0.00103182599947504,0.000326017231758069
Light_multipath,15,10,22,20261109,16.2270018116864,15.8331172072956,15.8331172072956,1.22700181168644,0.833117207295615,0.833117207295615,1,two_path_selected,0.744099501152835,0.104900655310856,26.2724829892818,0.00197404278279212,0.000505158532862149
Light_multipath,15,10,23,20261109,16.3148013445247,15.5231896750538,15.5231896750538,1.31480134452474,0.523189675053779,0.523189675053779,1,two_path_selected,0.74293722111346,0.141226759372101,26.7509273735475,0.000858823262519071,0.000220771494435557
Light_multipath,15,10,24,20261109,16.2685982589184,13.270250052822,16.2685982589184,1.26859825891839,-1.72974994717801,1.26859825891839,0,excessive_shift,0.796514623395038,0.584277388139513,29.3100984835491,0.00157760119884065,0.00032101877407853
Light_multipath,15,10,25,20261109,16.2592856756539,15.9838024027167,16.2592856756539,1.25928567565389,0.98380240271668,1.25928567565389,0,weak_echo,0.865059184075467,0.060696314421548,35.311846522485,0.0017007661452777,0.000229502771340595
Light_multipath,15,10,26,20261109,16.2605988815783,15.0414093555655,15.0414093555655,1.26059888157826,0.0414093555654844,0.0414093555654844,1,two_path_selected,0.782820817415157,0.211416868816401,28.590762710637,0.00160433509781988,0.000348428185136695
Light_multipath,15,10,27,20261109,16.1822337720127,15.5167295295577,15.5167295295577,1.18223377201267,0.516729529557686,0.516729529557686,1,two_path_selected,0.793836993217056,0.105274787788607,33.195534471405,0.00149562988187113,0.000308343553480972
Light_multipath,15,10,28,20261109,16.3376067160865,15.5396004019803,15.5396004019803,1.33760671608647,0.539600401980294,0.539600401980294,1,two_path_selected,0.917743173884221,0.150620607406339,26.4648333223422,0.00108150118509243,8.89608549261567e-05
Light_multipath,15,10,29,20261109,16.2183720428124,14.7996316337236,14.7996316337236,1.21837204281236,-0.200368366276432,-0.200368366276432,1,two_path_selected,0.805124961219993,0.240238642027611,29.1699389653725,0.00142426897486492,0.000277554471709962
Light_multipath,15,10,30,20261109,16.2390166360055,15.2154801196048,15.2154801196048,1.23901663600552,0.215480119604798,0.215480119604798,1,two_path_selected,0.865837317848442,0.195321501271238,28.1523335186975,0.00268914659130126,0.000360783119387698
Light_multipath,15,10,31,20261109,16.2125120895348,15.8920319223624,16.2125120895348,1.21251208953477,0.892031922362392,1.21251208953477,0,weak_echo,0.874479366355263,0.0609567081015664,39.798199713608,0.00207435330627836,0.000260374141407116
Light_multipath,15,10,32,20261109,16.2748786606451,16.2068178656873,16.2748786606451,1.2748786606451,1.20681786568732,1.2748786606451,0,weak_echo,0.841503241400515,0.0306409852348689,64.2406249339342,0.00209588854462917,0.000332191540709514
Light_multipath,15,10,33,20261109,16.2502848779943,15.3072452236241,15.3072452236241,1.25028487799426,0.307245223624101,0.307245223624101,1,two_path_selected,0.857796508690448,0.167436494676995,28.7385268954302,0.00176623602149384,0.000251164928733116
Light_multipath,15,10,34,20261109,16.307536742344,15.2575216328928,15.2575216328928,1.30753674234398,0.257521632892825,0.257521632892825,1,two_path_selected,0.931031780377301,0.180001343301156,28.8680761414142,0.00133931724186209,9.23703256812125e-05
Light_multipath,15,10,35,20261109,16.2151408873432,15.7906778784507,15.7906778784507,1.2151408873432,0.790677878450651,0.790677878450651,1,two_path_selected,0.87773019114254,0.399830172686544,12.2714577434795,0.00142781754098698,0.000174578977819806
Light_multipath,15,10,36,20261109,16.2250074124259,15.6536472043202,15.6536472043202,1.22500741242588,0.653647204320192,0.653647204320192,1,two_path_selected,0.649751454046567,0.120802375292014,22.4503644518324,0.000576855794439446,0.000202042903227229
Light_multipath,15,10,37,20261109,16.2571105599115,15.1461902754007,16.2571105599115,1.25711055991147,0.1461902754007,1.25711055991147,0,insufficient_gain,0.555710654719082,0.181207265501233,29.4979604762946,0.00156036782672397,0.000693254800132603
Light_multipath,15,10,38,20261109,16.289642430212,16.1591404371891,16.289642430212,1.28964243021203,1.15914043718907,1.28964243021203,0,weak_echo,0.629954412389859,0.0344718605517456,45.5959601518429,0.00177701634198102,0.000657577056461189
Light_multipath,15,10,39,20261109,16.270495335521,15.9463457603394,16.270495335521,1.27049533552103,0.946345760339398,1.27049533552103,0,weak_echo,0.713349355255097,0.0563634653684492,35.872133819653,0.00122814238374236,0.000352047806138289
Light_multipath,15,10,40,20261109,16.2720356985153,15.3155248115875,15.3155248115875,1.27203569851534,0.315524811587473,0.315524811587473,1,two_path_selected,0.900467505464053,0.18630815375894,27.3665045691976,0.00206959263257867,0.000205991717393772
Light_multipath,15,10,41,20261109,16.238853933017,15.2257810547127,15.2257810547127,1.23885393301702,0.225781054712733,0.225781054712733,1,two_path_selected,0.955644521469239,0.178597736955847,28.3647541157225,0.00134736368379196,5.97629609495609e-05
Light_multipath,15,10,42,20261109,16.2492415175091,14.6839422406169,14.6839422406169,1.24924151750914,-0.31605775938306,-0.31605775938306,1,two_path_selected,0.904007490987265,0.267677282016153,29.5700785370469,0.00185971642641602,0.000178518845823872
Light_multipath,15,10,43,20261109,16.2739165999135,15.6144478690937,15.6144478690937,1.27391659991347,0.614447869093681,0.614447869093681,1,two_path_selected,0.706323846787254,0.140782278589191,23.993916078935,0.00125134481076383,0.000367490130367853
Light_multipath,15,10,44,20261109,16.253188957103,15.1583758021339,15.1583758021339,1.25318895710296,0.158375802133918,0.158375802133918,1,two_path_selected,0.743658114429606,0.20970275194005,26.0323722963949,0.00158748244379603,0.00040693824295257
Light_multipath,15,10,45,20261109,16.2559264999344,15.3254165131509,15.3254165131509,1.25592649993439,0.325416513150872,0.325416513150872,1,two_path_selected,0.816874563047266,0.183823483376503,24.3180482893227,0.000863666548396091,0.000158159314056494
Light_multipath,15,10,46,20261109,16.2454698378695,14.7332619674309,14.7332619674309,1.24546983786952,-0.266738032569053,-0.266738032569053,1,two_path_selected,0.713586885983989,0.302041679516603,24.7474245928358,0.00117007823791204,0.000335125751762755
Light_multipath,15,10,47,20261109,16.2361952292721,15.6376168415483,15.6376168415483,1.23619522927211,0.63761684154829,0.63761684154829,1,two_path_selected,0.892431255580049,0.108602022750294,30.4060672616932,0.00151879491315698,0.000163374861839705
Light_multipath,15,10,48,20261109,16.2645978825871,15.2322760977135,15.2322760977135,1.26459788258715,0.232276097713507,0.232276097713507,1,two_path_selected,0.820540845361824,0.654143573808234,13.1997684102291,0.001938631030038,0.000347905085805955
Light_multipath,15,10,49,20261109,16.2122529808044,15.8960513376063,16.2122529808044,1.21225298080438,0.896051337606295,1.21225298080438,0,weak_echo,0.813683991878639,0.0532063404712102,42.2331731399337,0.00164121582698629,0.000305784781349683
Light_multipath,15,10,50,20261109,16.2592653605435,15.6466735233303,15.6466735233303,1.25926536054347,0.646673523330284,0.646673523330284,1,two_path_selected,0.917508765138912,0.107466642856311,31.8966690972907,0.00170311669949852,0.000140492199654174
Light_multipath,20,10,1,20261109,21.240921957041,20.2485785680747,20.2485785680747,1.24092195704096,0.248578568074699,0.248578568074699,1,two_path_selected,0.869409754078647,0.149589777391446,35.1317096954626,0.00218777827911842,0.00028570250349147
Light_multipath,20,10,2,20261109,21.2728429169827,18.9572650260339,18.9572650260339,1.27284291698271,-1.04273497396615,-1.04273497396615,1,two_path_selected,0.84536004994296,0.43509577488243,28.4490194769407,0.00165037904255239,0.000255214532715486
Light_multipath,20,10,3,20261109,21.2220548171568,20.2753029125558,20.2753029125558,1.22205481715679,0.27530291255578,0.27530291255578,1,two_path_selected,0.84805891453645,0.193569232871671,27.0236950521789,0.00257149559751868,0.000390715832351729
Light_multipath,20,10,4,20261109,21.2270412239933,20.9334456524071,21.2270412239933,1.22704122399328,0.933445652407059,1.22704122399328,0,weak_echo,0.872145012009316,0.0565573783565943,43.2937811011076,0.00237226989328643,0.000303306538716797
Light_multipath,20,10,5,20261109,21.2869758141615,20.4986458833468,20.4986458833468,1.2869758141615,0.498645883346846,0.498645883346846,1,two_path_selected,0.836097998232659,0.16082471628161,26.1377696504249,0.0017454654837763,0.000286085286806737
Light_multipath,20,10,6,20261109,21.2523388813804,20.7171349909195,20.7171349909195,1.25233888138037,0.717134990919476,0.717134990919476,1,two_path_selected,0.759661389247504,0.0989390416769463,28.3478219485781,0.00108379453456631,0.000260477672778814
Light_multipath,20,10,7,20261109,21.2432323296115,20.3379571298912,20.3379571298912,1.24323232961155,0.337957129891208,0.337957129891208,1,two_path_selected,0.751158107940228,0.219274328941992,22.4799204018444,0.00178242244315041,0.000443541373203349
Light_multipath,20,10,8,20261109,21.2707066867332,20.019112521262,20.019112521262,1.27070668673322,0.0191125212620165,0.0191125212620165,1,two_path_selected,0.622448549685946,0.301144080970052,20.8979875700974,0.00107768604480385,0.00040688192919891
Light_multipath,20,10,9,20261109,21.3272078966791,20.0665897780692,20.0665897780692,1.3272078966791,0.0665897780692148,0.0665897780692148,1,two_path_selected,0.863874879242035,0.263280490556223,24.5456836425446,0.0015787428556544,0.000214906561871731
Light_multipath,20,10,10,20261109,21.2898323678174,20.8422284919031,21.2898323678174,1.28983236781744,0.842228491903143,1.28983236781744,0,weak_echo,0.837271516249027,0.067050486744252,41.9288039973157,0.00149266484931965,0.000242899087678161
Light_multipath,20,10,11,20261109,21.2744745148885,20.7998949110682,21.2744745148885,1.27447451488852,0.799894911068236,1.27447451488852,0,weak_echo,0.812965002672913,0.0789225690698022,36.7156816139299,0.00199087485771909,0.000372363273692056
Light_multipath,20,10,12,20261109,21.2963147433831,18.7216658422278,21.2963147433831,1.29631474338306,-1.27833415777224,1.29631474338306,0,excessive_shift,0.817769287846017,0.508619163916141,28.0494650056908,0.00172425165145085,0.000314211606376569
Light_multipath,20,10,13,20261109,21.2196064974668,19.8748581639875,19.8748581639875,1.21960649746681,-0.125141836012517,-0.125141836012517,1,two_path_selected,0.846409390094445,0.241719282682168,27.863506768213,0.00162239907370876,0.000249185263241136
Light_multipath,20,10,14,20261109,21.2595291105766,19.9781772469943,19.9781772469943,1.25952911057662,-0.0218227530056865,-0.0218227530056865,1,two_path_selected,0.874146094700207,0.235956318073237,27.7662580589417,0.00184131377995689,0.000231736530089899
Light_multipath,20,10,15,20261109,21.2498789785022,20.9647514946301,21.2498789785022,1.24987897850225,0.964751494630139,1.24987897850225,0,weak_echo,0.685801703986031,0.0531985368547773,35.1542215776199,0.00130267648696325,0.000409298732461316
Light_multipath,20,10,16,20261109,21.2967436327033,20.135237914368,20.135237914368,1.29674363270329,0.135237914367956,0.135237914367956,1,two_path_selected,0.632392700292806,0.250400149798159,23.0644620301274,0.00132938012031447,0.000488689836313227
Light_multipath,20,10,17,20261109,21.2385444035965,19.6431736086818,19.6431736086818,1.23854440359653,-0.356826391318222,-0.356826391318222,1,two_path_selected,0.772311660328337,0.292126611159093,26.821577723323,0.00113334402115517,0.000258049218453626
Light_multipath,20,10,18,20261109,21.2489139238254,20.6116844856174,20.6116844856174,1.24891392382536,0.611684485617367,0.611684485617367,1,two_path_selected,0.902866991928976,0.0970296843439578,40.176443513761,0.00259978474892564,0.000252524913000318
Light_multipath,20,10,19,20261109,21.2537699881582,19.5001403875733,19.5001403875733,1.25376998815824,-0.49985961242669,-0.49985961242669,1,two_path_selected,0.816780696209661,0.307457713467814,29.6582776737206,0.00275699012914132,0.00050513381201811
Light_multipath,20,10,20,20261109,21.2033727337987,19.6895419609421,19.6895419609421,1.20337273379868,-0.310458039057913,-0.310458039057913,1,two_path_selected,0.708411351121118,0.321962655458435,23.9044122833672,0.00140190620303482,0.000408779935597847
Light_multipath,20,10,21,20261109,21.2909016788903,19.8543082690548,19.8543082690548,1.29090167889033,-0.145691730945153,-0.145691730945153,1,two_path_selected,0.831268592736871,0.239688377289867,29.3514074836286,0.0011679559561808,0.000197070852107739
Light_multipath,20,10,22,20261109,21.241308454311,19.8098040441614,19.8098040441614,1.24130845431103,-0.190195955838625,-0.190195955838625,1,two_path_selected,0.762640681127167,0.322330037956673,22.7670489989465,0.0013001903727361,0.000308612301277655
Light_multipath,20,10,23,20261109,21.3173868492254,19.7527479770338,19.7527479770338,1.31738684922538,-0.247252022966244,-0.247252022966244,1,two_path_selected,0.915168994354699,0.290944373064466,27.8091140553208,0.00201178456295481,0.000170661707617148
Light_multipath,20,10,24,20261109,21.2720199298323,19.1941344619518,19.1941344619518,1.27201992983228,-0.805865538048174,-0.805865538048174,1,two_path_selected,0.702202039782611,0.501665241293794,23.3238518303743,0.00173323409287196,0.000516153577436507
Light_multipath,20,10,25,20261109,21.2969659775901,21.2084627407531,21.2969659775901,1.29696597759011,1.20846274075313,1.29696597759011,0,weak_echo,0.924231134715899,0.039450976178605,38.1579693387429,0.00122765440718142,9.3017981393162e-05
Light_multipath,20,10,26,20261109,21.2039437731172,20.8927698085072,20.8927698085072,1.20394377311718,0.892769808507211,0.892769808507211,1,two_path_selected,0.67878477428738,0.080680643243744,25.9892194724923,0.00122004669107412,0.000391897573253308
Light_multipath,20,10,27,20261109,21.30772545782,19.9889878019644,19.9889878019644,1.30772545782001,-0.0110121980355693,-0.0110121980355693,1,two_path_selected,0.809956411113052,0.263976106061838,25.0337869622179,0.00138216402831404,0.00026267141237124
Light_multipath,20,10,28,20261109,21.3255547063782,20.6029393272519,20.6029393272519,1.32555470637821,0.602939327251946,0.602939327251946,1,two_path_selected,0.69700582902424,0.119937762209781,30.4734119023325,0.00149326420421736,0.000452450349604616
Light_multipath,20,10,29,20261109,21.2630954214941,21.1509904390414,21.2630954214941,1.26309542149407,1.15099043904144,1.26309542149407,0,weak_echo,0.773252457162996,0.0294193124841525,57.7359053574152,0.00161295560242114,0.000365733719554173
Light_multipath,20,10,30,20261109,21.3019173840264,18.6929486199318,21.3019173840264,1.30191738402642,-1.30705138006823,1.30191738402642,0,excessive_shift,0.765604447470201,0.55811131333235,26.5568896499361,0.00172145565184545,0.00040350154866986
Light_multipath,20,10,31,20261109,21.2715519429268,19.6875749599808,19.6875749599808,1.27155194292683,-0.3124250400192,-0.3124250400192,1,two_path_selected,0.664340557351067,0.301136669605146,25.7158984919218,0.00101960844975157,0.000342241203963756
Light_multipath,20,10,32,20261109,21.2151747972491,20.6594107090379,20.6594107090379,1.21517479724908,0.659410709037878,0.659410709037878,1,two_path_selected,0.819006711911561,0.0924591935264049,30.0519221324201,0.000786211515207302,0.000142299007270363
Light_multipath,20,10,33,20261109,21.3138807287155,20.2742679157,20.2742679157,1.31388072871551,0.274267915699959,0.274267915699959,1,two_path_selected,0.761612806547822,0.209547204000481,25.1610563611492,0.00162008757543175,0.000386208130253918
Light_multipath,20,10,34,20261109,21.2601049849015,20.0536720326576,20.0536720326576,1.26010498490146,0.0536720326575875,0.0536720326575875,1,two_path_selected,0.664540459413918,0.219237290079997,26.8793652527804,0.00162901952665973,0.000546470142019029
Light_multipath,20,10,35,20261109,21.2699088949921,19.2251100409151,19.2251100409151,1.26990889499212,-0.774889959084931,-0.774889959084931,1,two_path_selected,0.689773249936753,0.362619394755945,28.5787886977263,0.00118066210782275,0.000366272968632675
Light_multipath,20,10,36,20261109,21.2644988130768,20.5210679140432,20.5210679140432,1.26449881307684,0.521067914043158,0.521067914043158,1,two_path_selected,0.860604663717492,0.121288742776532,31.6526858715885,0.00139654098443565,0.000194671300157712
Light_multipath,20,10,37,20261109,21.1761423184263,20.2151530041854,20.2151530041854,1.1761423184263,0.215153004185396,0.215153004185396,1,two_path_selected,0.827102889436248,0.157422489169565,30.6942462816764,0.00160246831441024,0.000277062141331497
Light_multipath,20,10,38,20261109,21.2433460499529,19.6783968791963,19.6783968791963,1.24334604995293,-0.321603120803744,-0.321603120803744,1,two_path_selected,0.891449635488586,0.379920696517508,22.9195474606799,0.00198053401192078,0.000214987688921253
Light_multipath,20,10,39,20261109,21.2677803286583,20.6692529762653,20.6692529762653,1.26778032865829,0.669252976265284,0.669252976265284,1,two_path_selected,0.836844451744462,0.117108715866113,27.7184857913082,0.00140038555268318,0.00022848067261716
Light_multipath,20,10,40,20261109,21.237425081209,20.8379209169502,21.237425081209,1.237425081209,0.837920916950168,1.237425081209,0,weak_echo,0.719070604087144,0.0681685572322713,34.7611401524899,0.00146481397437204,0.000411509304945046
Light_multipath,20,10,41,20261109,21.2500206958782,20.1567354930614,20.1567354930614,1.25002069587815,0.156735493061376,0.156735493061376,1,two_path_selected,0.895393936613948,0.199866079481246,26.6010812908057,0.00112801558968623,0.000117997270275172
Light_multipath,20,10,42,20261109,21.2328640104624,20.9946313199996,21.2328640104624,1.23286401046242,0.994631319999645,1.23286401046242,0,weak_echo,0.865835711067263,0.0471039846492057,46.0927224377787,0.00207773471793327,0.000278757801022378
Light_multipath,20,10,43,20261109,21.2628160361524,20.6929166544689,20.6929166544689,1.26281603615237,0.69291665446891,0.69291665446891,1,two_path_selected,0.803810291519438,0.120643365689409,25.4510564852396,0.00119805926158345,0.000235046897272495
Light_multipath,20,10,44,20261109,21.2582905364045,21.0178500952921,21.2582905364045,1.25829053640445,1.0178500952921,1.25829053640445,0,weak_echo,0.806615119431026,0.0546464227908229,33.2339230178702,0.00120926203607419,0.000233852994422801
Light_multipath,20,10,45,20261109,21.2236208904591,20.1286528245057,20.1286528245057,1.22362089045906,0.128652824505693,0.128652824505693,1,two_path_selected,0.678508138670723,0.288965074261797,20.1335365305622,0.00133572739652199,0.000429425486936363
Light_multipath,20,10,46,20261109,21.2260528035733,21.0025233814803,21.2260528035733,1.22605280357327,1.00252338148031,1.22605280357327,0,weak_echo,0.859309194983875,0.0422646203794212,43.1843727209267,0.00119581044632766,0.000168239534340531
Light_multipath,20,10,47,20261109,21.2878073901452,20.4742582783346,20.4742582783346,1.28780739014521,0.474258278334631,0.474258278334631,1,two_path_selected,0.819897605681298,0.139367198532171,27.7868644836861,0.000802002263782242,0.000144442527956201
Light_multipath,20,10,48,20261109,21.2579851989373,19.8885644381125,19.8885644381125,1.25798519893729,-0.111435561887511,-0.111435561887511,1,two_path_selected,0.7616266652253,0.31050114035882,22.541468692879,0.00128685537371687,0.000306752006805633
Light_multipath,20,10,49,20261109,21.3030288374382,20.3289719157528,20.3289719157528,1.3030288374382,0.328971915752803,0.328971915752803,1,two_path_selected,0.691745276031404,0.181922420543263,25.9054666266512,0.0011884215791409,0.0003663365658364
Light_multipath,20,10,50,20261109,21.3133535468237,20.6333567733254,20.6333567733254,1.31335354682368,0.633356773325399,0.633356773325399,1,two_path_selected,0.941639901312247,0.104996708627361,36.7446341409981,0.00198357389812553,0.000115761568449058
Light_multipath,1,20,1,20261109,2.2228896240406,1.10394933104827,1.10394933104827,1.2228896240406,0.103949331048266,0.103949331048266,1,two_path_selected,0.867177789793028,0.237037073872733,24.114599232649,0.00139319163752671,0.000185046792538168
Light_multipath,1,20,2,20261109,2.22567456623686,1.59923811882204,1.59923811882204,1.22567456623686,0.599238118822043,0.599238118822043,1,two_path_selected,0.921406969140309,0.132213047534279,26.6563869860169,0.0015311653703598,0.000120338927203978
Light_multipath,1,20,3,20261109,2.25518745207368,0.00383961491091345,0.00383961491091345,1.25518745207368,-0.996160385089087,-0.996160385089087,1,two_path_selected,0.89502113697744,0.689313279695055,21.0032772533708,0.00149687789495312,0.000157140539495781
Light_multipath,1,20,4,20261109,2.24038275558851,1.71234857027271,1.71234857027271,1.24038275558851,0.712348570272712,0.712348570272712,1,two_path_selected,0.947260134833489,0.0966724294887516,30.1185553946627,0.00119643062116537,6.30995896413467e-05
Light_multipath,1,20,5,20261109,2.25880566997917,1.604008081236,1.604008081236,1.25880566997917,0.604008081236003,0.604008081236003,1,two_path_selected,0.939983311329411,0.109505996058668,32.0889749458678,0.00139457244011121,8.36976199667383e-05
Light_multipath,1,20,6,20261109,2.25125358373163,1.5124153253072,1.5124153253072,1.25125358373163,0.5124153253072,0.5124153253072,1,two_path_selected,0.916359621875107,0.143934859598254,26.7394250046289,0.00128830441835714,0.000107754268691362
Light_multipath,1,20,7,20261109,2.25717375594502,1.29609847180221,1.29609847180221,1.25717375594502,0.296098471802208,0.296098471802208,1,two_path_selected,0.948160845674211,0.195198180939833,25.1390760282531,0.00132177565147229,6.85197319807429e-05
Light_multipath,1,20,8,20261109,2.23452274370388,1.01950709815636,1.01950709815636,1.23452274370388,0.019507098156363,0.019507098156363,1,two_path_selected,0.911261393271276,0.257701127985285,24.056928114844,0.00134236338586202,0.000119119456585048
Light_multipath,1,20,9,20261109,2.2297126664991,0.378047206590124,0.378047206590124,1.2297126664991,-0.621952793409876,-0.621952793409876,1,two_path_selected,0.905549809822473,0.407933541701083,24.1061394175643,0.00125953059294792,0.000118962904038344
Light_multipath,1,20,10,20261109,2.23731211581237,1.86117253735666,2.23731211581237,1.23731211581237,0.861172537356655,1.23731211581237,0,weak_echo,0.909292616832209,0.0720405154113296,31.7935188381861,0.00112413870581385,0.000101967680322002
Light_multipath,1,20,11,20261109,2.25037919549408,1.63219927328735,1.63219927328735,1.25037919549408,0.632199273287355,0.632199273287355,1,two_path_selected,0.931270711448445,0.100322707840848,31.6115203219135,0.000961292929563262,6.60689791385227e-05
Light_multipath,1,20,12,20261109,2.23507660844204,1.59296173385674,1.59296173385674,1.23507660844204,0.59296173385674,0.59296173385674,1,two_path_selected,0.95884898950905,0.104633937487969,32.3745617659827,0.00121554409057079,5.00208676232905e-05
Light_multipath,1,20,13,20261109,2.22676828850218,0.367340823554563,0.367340823554563,1.22676828850218,-0.632659176445437,-0.632659176445437,1,two_path_selected,0.92707533311338,0.699896824573603,18.1967684190458,0.00159728804878267,0.000116481698879456
Light_multipath,1,20,14,20261109,2.23572773975933,1.33567203851702,1.33567203851702,1.23572773975933,0.335672038517019,0.335672038517019,1,two_path_selected,0.891667610962687,0.190222742772819,24.5141930129322,0.00137253088449962,0.00014868954974534
Light_multipath,1,20,15,20261109,2.22453575162749,1.72586895401416,1.72586895401416,1.22453575162749,0.725868954014161,0.725868954014161,1,two_path_selected,0.912733322980259,0.10069959081158,29.5953537729039,0.00160382764588496,0.000139960709168774
Light_multipath,1,20,16,20261109,2.24955868523415,1.46302031859839,1.46302031859839,1.24955868523415,0.463020318598392,0.463020318598392,1,two_path_selected,0.915892826158843,0.136468958138033,29.9758007000113,0.0015739334119913,0.000132379091096757
Light_multipath,1,20,17,20261109,2.22427595378377,0.94121739447595,0.94121739447595,1.22427595378377,-0.0587826055240501,-0.0587826055240501,1,two_path_selected,0.951534800406411,0.305184508441008,21.9118816121485,0.00112081181015133,5.43203680858362e-05
Light_multipath,1,20,18,20261109,2.25749908873295,1.15727691057907,1.15727691057907,1.25749908873295,0.157276910579066,0.157276910579066,1,two_path_selected,0.960624309771896,0.230830281160427,25.1380505363314,0.00175436493818015,6.90793303528281e-05
Light_multipath,1,20,19,20261109,2.22322508206428,1.10153866589785,1.10153866589785,1.22322508206428,0.101538665897849,0.101538665897849,1,two_path_selected,0.917081940468751,0.193654948744356,28.4155365727712,0.00125231556493688,0.000103839576565345
Light_multipath,1,20,20,20261109,2.2286535140002,1.15507024723012,1.15507024723012,1.2286535140002,0.155070247230124,0.155070247230124,1,two_path_selected,0.951416993869275,0.22901223198329,24.4862688033236,0.00155240262581624,7.54203862873837e-05
Light_multipath,1,20,21,20261109,2.21159689518589,1.51009951931708,1.51009951931708,1.21159689518589,0.51009951931708,0.51009951931708,1,two_path_selected,0.943789099216172,0.135889154238721,26.8648163168182,0.00118934026834849,6.6853887822349e-05
Light_multipath,1,20,22,20261109,2.24067643649334,1.15969346703017,1.15969346703017,1.24067643649334,0.159693467030169,0.159693467030169,1,two_path_selected,0.920793395182192,0.186159215454441,28.5177310186193,0.00121432500702467,9.61825609517852e-05
Light_multipath,1,20,23,20261109,2.2357472860547,0.551959994438748,0.551959994438748,1.2357472860547,-0.448040005561252,-0.448040005561252,1,two_path_selected,0.888986078824297,0.339239465589204,25.7764085899632,0.0015735509160324,0.000174686057358375
Light_multipath,1,20,24,20261109,2.23509421566809,0.868156889858497,0.868156889858497,1.23509421566809,-0.131843110141503,-0.131843110141503,1,two_path_selected,0.863306163324811,0.29953131739421,22.9888849173485,0.00101736372651984,0.000139067351072164
Light_multipath,1,20,25,20261109,2.23060191554078,2.05013107249769,2.23060191554078,1.23060191554078,1.05013107249769,1.23060191554078,0,weak_echo,0.922586005691705,0.0378588241392243,43.7250958458445,0.00116025092046868,8.98196581533561e-05
Light_multipath,1,20,26,20261109,2.22742928307435,1.75528784224701,1.75528784224701,1.22742928307435,0.755287842247011,0.755287842247011,1,two_path_selected,0.931614182134522,0.0842632669055343,33.2886242107978,0.00150605287813277,0.000102992657819767
Light_multipath,1,20,27,20261109,2.23601465781526,1.87888551213747,2.23601465781526,1.23601465781526,0.878885512137475,1.23601465781526,0,weak_echo,0.850745375059252,0.0633177074112542,34.527232825792,0.0011697129478494,0.000174585067319599
Light_multipath,1,20,28,20261109,2.24127543887991,1.08252756316369,1.08252756316369,1.24127543887991,0.0825275631636937,0.0825275631636937,1,two_path_selected,0.982013662180211,0.224820533217632,26.1333167377125,0.0014117922602388,2.53929725240187e-05
Light_multipath,1,20,29,20261109,2.24283131767481,1.79708555142039,2.24283131767481,1.24283131767481,0.797085551420386,1.24283131767481,0,weak_echo,0.883003138620921,0.0792145742186078,33.2681746686726,0.00139736799575374,0.000163487669694762
Light_multipath,1,20,30,20261109,2.24967534441458,1.21761027749583,1.21761027749583,1.24967534441458,0.21761027749583,0.21761027749583,1,two_path_selected,0.910301820345061,0.17344315307803,29.014840732205,0.00113404355497337,0.000101721642530528
Light_multipath,1,20,31,20261109,2.21680716355405,0.909821281044927,0.909821281044927,1.21680716355405,-0.0901787189550731,-0.0901787189550731,1,two_path_selected,0.927818467524212,0.300949101662163,22.8536850465047,0.00139516041812215,0.000100704817029618
Light_multipath,1,20,32,20261109,2.25309524944004,1.10857259966478,1.10857259966478,1.25309524944004,0.108572599664784,0.108572599664784,1,two_path_selected,0.945169780003254,0.239116897747812,24.4161703972821,0.00131222812735565,7.1949756908829e-05
Light_multipath,1,20,33,20261109,2.23157263723187,1.78246730182179,2.23157263723187,1.23157263723187,0.782467301821789,1.23157263723187,0,weak_echo,0.884103074003667,0.0714914265562602,37.5469781387941,0.00135770925968348,0.000157354329594073
Light_multipath,1,20,34,20261109,2.24460787265317,1.42658076398868,1.42658076398868,1.24460787265317,0.426580763988682,0.426580763988682,1,two_path_selected,0.906143427121962,0.194172824497023,22.445125421972,0.00122957383297262,0.000115403586063323
Light_multipath,1,20,35,20261109,2.24565526048311,0.404537827961739,0.404537827961739,1.24565526048311,-0.595462172038261,-0.595462172038261,1,two_path_selected,0.924770353073121,0.40220055765376,24.7690488212784,0.001732421757493,0.000130329477144642
Light_multipath,1,20,36,20261109,2.22232918456785,1.87191686571234,2.22232918456785,1.22232918456785,0.871916865712338,1.22232918456785,0,weak_echo,0.946476636027166,0.0640755144433032,37.1470843931,0.0015121034153216,8.09328614628235e-05
Light_multipath,1,20,37,20261109,2.22811011084596,1.30675659067958,1.30675659067958,1.22811011084596,0.306756590679583,0.306756590679583,1,two_path_selected,0.935964576999922,0.190327049601558,25.6502035784112,0.00171562730953911,0.000109860920476823
Light_multipath,1,20,38,20261109,2.22824391329405,0.988727286623504,0.988727286623504,1.22824391329405,-0.011272713376496,-0.011272713376496,1,two_path_selected,0.873108605362267,0.263374966498368,24.2607622097129,0.00156176449628798,0.000198174475029678
Light_multipath,1,20,39,20261109,2.24554118695879,0.728569374477144,0.728569374477144,1.24554118695879,-0.271430625522856,-0.271430625522856,1,two_path_selected,0.950097867361392,0.322269379221815,24.1706042423446,0.00126927779169517,6.33396687164112e-05
Light_multipath,1,20,40,20261109,2.21743074281032,1.68339641308973,1.68339641308973,1.21743074281032,0.68339641308973,0.68339641308973,1,two_path_selected,0.958911319522158,0.108526250861532,29.5537663512682,0.00174107182783412,7.15383440228479e-05
Light_multipath,1,20,41,20261109,2.23381798299432,0.962602105227608,0.962602105227608,1.23381798299432,-0.0373978947723916,-0.0373978947723916,1,two_path_selected,0.857529826071047,0.240130796732665,26.0419317112031,0.00123572237694036,0.000176053581970592
Light_multipath,1,20,42,20261109,2.23740097804183,1.52844378254111,1.52844378254111,1.23740097804183,0.528443782541105,0.528443782541105,1,two_path_selected,0.950460833060777,0.174795738519542,21.761032962407,0.000979692855981318,4.85331679416223e-05
Light_multipath,1,20,43,20261109,2.24963428106433,1.1050838220409,1.1050838220409,1.24963428106433,0.105083822040899,0.105083822040899,1,two_path_selected,0.935903149595866,0.211222739029002,27.1794498773091,0.00148292565557639,9.50508639059322e-05
Light_multipath,1,20,44,20261109,2.2568794688959,0.570033394706136,0.570033394706136,1.2568794688959,-0.429966605293864,-0.429966605293864,1,two_path_selected,0.919810238167977,0.3984056435178,22.9520968683837,0.00144779306130882,0.000116098180768409
Light_multipath,1,20,45,20261109,2.23544817462718,1.73585883257508,1.73585883257508,1.23544817462718,0.735858832575079,0.735858832575079,1,two_path_selected,0.925044476377919,0.0992628276340361,29.2403682420184,0.00140124871591962,0.000105031331226524
Light_multipath,1,20,46,20261109,2.22363370455755,1.00724037790447,1.00724037790447,1.22363370455755,0.00724037790447474,0.00724037790447474,1,two_path_selected,0.891519786708118,0.266230282407781,23.7696655089446,0.00155699969582401,0.000168903659098385
Light_multipath,1,20,47,20261109,2.22376098620678,1.47284519883221,1.47284519883221,1.22376098620678,0.472845198832212,0.472845198832212,1,two_path_selected,0.895331595380165,0.180388574094235,23.3243903240461,0.00156345481034315,0.000163644320693823
Light_multipath,1,20,48,20261109,2.22165207750198,1.45701261884433,1.45701261884433,1.22165207750198,0.457012618844327,0.457012618844327,1,two_path_selected,0.932354448780709,0.196345083604876,21.974030053339,0.001400085671597,9.470956700941e-05
Light_multipath,1,20,49,20261109,2.24118467589981,1.08132948478993,1.08132948478993,1.24118467589981,0.0813294847899257,0.0813294847899257,1,two_path_selected,0.936191082757976,0.218642830073765,26.9147331507108,0.00157835008488361,0.00010071280994528
Light_multipath,1,20,50,20261109,2.24600346972849,2.07337401396803,2.24600346972849,1.24600346972849,1.07337401396803,1.24600346972849,0,weak_echo,0.967304820899387,0.0360486524703561,45.6101480582633,0.00109696138317061,3.58653488892191e-05
Light_multipath,3,20,1,20261109,4.23124702495597,2.73548491645136,2.73548491645136,1.23124702495597,-0.264515083548636,-0.264515083548636,1,two_path_selected,0.919369413905795,0.290584056255032,25.8088825978481,0.00123149298497505,9.92960011494404e-05
Light_multipath,3,20,2,20261109,4.2395877128586,3.95974237775087,4.2395877128586,1.2395877128586,0.959742377750873,1.2395877128586,0,weak_echo,0.954652802207047,0.0511878861040886,43.4737544560024,0.00167552069288357,7.59801682663763e-05
Light_multipath,3,20,3,20261109,4.22312129204731,3.88910814434651,4.22312129204731,1.22312129204731,0.88910814434651,1.22312129204731,0,weak_echo,0.938159494958079,0.0625502306886361,38.6329799511172,0.00173133249646007,0.00010706647597658
Light_multipath,3,20,4,20261109,4.23882683808928,3.76757651745403,3.76757651745403,1.23882683808928,0.767576517454027,0.767576517454027,1,two_path_selected,0.95140642109518,0.0821171239222828,33.5205930649608,0.00134352254208991,6.52865686594506e-05
Light_multipath,3,20,5,20261109,4.21218905392965,2.8801814922929,2.8801814922929,1.21218905392965,-0.119818507707103,-0.119818507707103,1,two_path_selected,0.933939990246916,0.274530330844342,24.4961936503482,0.00123043313742621,8.12824250588928e-05
Light_multipath,3,20,6,20261109,4.23049546725607,3.12481006595254,3.12481006595254,1.23049546725607,0.124810065952545,0.124810065952545,1,two_path_selected,0.925924057101101,0.202762972291483,27.3958751290843,0.00145007034977751,0.000107415328429505
Light_multipath,3,20,7,20261109,4.24892015524334,3.64773355176234,3.64773355176234,1.24892015524334,0.647733551762339,0.647733551762339,1,two_path_selected,0.930968888113329,0.123691423995718,26.985724167557,0.00138194138517367,9.53969503807439e-05
Light_multipath,3,20,8,20261109,4.23627046497821,3.77110008160346,4.23627046497821,1.23627046497821,0.771100081603457,1.23627046497821,0,weak_echo,0.895577720056753,0.0789968029748787,33.7008508333959,0.00122438037069816,0.000127852589826061
Light_multipath,3,20,9,20261109,4.250316272779,2.42093135530309,2.42093135530309,1.250316272779,-0.579068644696913,-0.579068644696913,1,two_path_selected,0.953228751668559,0.383486235618548,24.9391191495642,0.00122380602227756,5.72389353774572e-05
Light_multipath,3,20,10,20261109,4.2770197913977,3.03344604737223,3.03344604737223,1.2770197913977,0.033446047372232,0.033446047372232,1,two_path_selected,0.968309488475866,0.216394550288345,28.8045131399589,0.00153571253803619,4.8667515884393e-05
Light_multipath,3,20,11,20261109,4.21665180178289,3.77830628667463,4.21665180178289,1.21665180178289,0.778306286674634,1.21665180178289,0,weak_echo,0.924222802082226,0.0776165951465313,35.3329506803292,0.00167644486207807,0.000127036294111926
Light_multipath,3,20,12,20261109,4.23586764978199,3.2329016784392,3.2329016784392,1.23586764978199,0.232901678439204,0.232901678439204,1,two_path_selected,0.900823091706089,0.181262723561535,27.9977573770099,0.00156608600250885,0.000155319567851198
Light_multipath,3,20,13,20261109,4.21613758773094,3.42814325757664,3.42814325757664,1.21613758773094,0.428143257576645,0.428143257576645,1,two_path_selected,0.937960687391705,0.145531252048629,27.4999844915175,0.00121439146613023,7.53400117960989e-05
Light_multipath,3,20,14,20261109,4.23892243121224,3.67141956289487,3.67141956289487,1.23892243121224,0.67141956289487,0.67141956289487,1,two_path_selected,0.919578092935371,0.105274456653264,28.2567231884831,0.000989920937857658,7.96113296657186e-05
Light_multipath,3,20,15,20261109,4.21612158728154,3.1756661068057,3.1756661068057,1.21612158728154,0.175666106805702,0.175666106805702,1,two_path_selected,0.926787410099566,0.23706571372554,23.4387821069334,0.00159247534876905,0.000116589244635978
Light_multipath,3,20,16,20261109,4.22286792617344,2.98171592523798,2.98171592523798,1.22286792617344,-0.0182840747620236,-0.0182840747620236,1,two_path_selected,0.891222074714938,0.232051696885144,27.2506838788088,0.00179050637866629,0.000194767569080989
Light_multipath,3,20,17,20261109,4.22594248819572,2.91133765406931,2.91133765406931,1.22594248819572,-0.0886623459306879,-0.0886623459306879,1,two_path_selected,0.95008485363449,0.27326274518515,24.6082676483854,0.00136519111135791,6.81437141403229e-05
Light_multipath,3,20,18,20261109,4.23092895125692,3.02968898230436,3.02968898230436,1.23092895125692,0.0296889823043589,0.0296889823043589,1,two_path_selected,0.941892120878775,0.203966600529373,29.656679257047,0.00168470597598525,9.78946912073564e-05
Light_multipath,3,20,19,20261109,4.23505642826346,3.4110532869999,3.4110532869999,1.23505642826346,0.411053286999904,0.411053286999904,1,two_path_selected,0.97013177311401,0.180844751598618,24.2025929923276,0.0013193236582254,3.9405858359931e-05
Light_multipath,3,20,20,20261109,4.22853552411611,3.34091870558443,3.34091870558443,1.22853552411611,0.340918705584434,0.340918705584434,1,two_path_selected,0.950967700067167,0.14447957232292,31.6838115912896,0.0016043275774853,7.86638709697751e-05
Light_multipath,3,20,21,20261109,4.27365542639675,3.26289575205782,3.26289575205782,1.27365542639675,0.262895752057824,0.262895752057824,1,two_path_selected,0.930358164244312,0.283673532243613,20.4731208245502,0.00156930642424591,0.000109289380247679
Light_multipath,3,20,22,20261109,4.23325173433884,3.58152749339576,3.58152749339576,1.23325173433884,0.581527493395756,0.581527493395756,1,two_path_selected,0.962949488284285,0.119300966470775,28.9539605418565,0.0012639563174921,4.68302283493927e-05
Light_multipath,3,20,23,20261109,4.2355508952573,2.9658134165972,2.9658134165972,1.2355508952573,-0.034186583402799,-0.034186583402799,1,two_path_selected,0.924438772088164,0.304864473219752,21.8623326131797,0.00119334978853192,9.01709753498015e-05
Light_multipath,3,20,24,20261109,4.22415901580677,3.17490835206053,3.17490835206053,1.22415901580677,0.174908352060525,0.174908352060525,1,two_path_selected,0.935943035442889,0.195746900139424,27.3122823294662,0.00157543048243292,0.000100917294575398
Light_multipath,3,20,25,20261109,4.22990672271456,3.2002409192017,3.2002409192017,1.22990672271456,0.200240919201704,0.200240919201704,1,two_path_selected,0.892141025741392,0.268264794342944,21.4934414423167,0.00167914243556266,0.00018111058073389
Light_multipath,3,20,26,20261109,4.217660186335,3.80716376196539,3.80716376196539,1.217660186335,0.807163761965395,0.807163761965395,1,two_path_selected,0.907767023742013,0.0882063505352566,27.3257588222768,0.0010085897431118,9.30252338304793e-05
Light_multipath,3,20,27,20261109,4.23266068642038,2.85271525880538,2.85271525880538,1.23266068642038,-0.14728474119462,-0.14728474119462,1,two_path_selected,0.938768123762989,0.256626640100133,27.1614448321274,0.00156644255503835,9.59162166624949e-05
Light_multipath,3,20,28,20261109,4.26654054831965,3.54129488752631,3.54129488752631,1.26654054831965,0.541294887526309,0.541294887526309,1,two_path_selected,0.906363529146,0.135368857947943,27.1477082505584,0.00108610111294194,0.000101698675206485
Light_multipath,3,20,29,20261109,4.24076933106088,3.99176920341553,4.24076933106088,1.24076933106088,0.991769203415527,1.24076933106088,0,weak_echo,0.96996465151621,0.0478881707463242,43.4668185639245,0.00153378389685854,4.6067733840971e-05
Light_multipath,3,20,30,20261109,4.23268400436182,3.54837345612692,3.54837345612692,1.23268400436182,0.548373456126916,0.548373456126916,1,two_path_selected,0.937882646542315,0.111649621859277,33.548004010388,0.001708441760502,0.000106123880698972
Light_multipath,3,20,31,20261109,4.23652358364433,3.92418081969936,3.92418081969936,1.23652358364433,0.924180819699355,0.924180819699355,1,two_path_selected,0.896239541043152,0.0817205314700842,27.6295644988443,0.00128237142776766,0.00013305944789832
Light_multipath,3,20,32,20261109,4.22365575598991,3.42049402160543,3.42049402160543,1.22365575598991,0.420494021605434,0.420494021605434,1,two_path_selected,0.941719277905863,0.133380084442361,31.6194646809298,0.00164236194485001,9.57180400857904e-05
Light_multipath,3,20,33,20261109,4.25041951044161,3.43909567552276,3.43909567552276,1.25041951044161,0.439095675522758,0.439095675522758,1,two_path_selected,0.920565927177437,0.166539084664745,24.9050011521542,0.00115001003791182,9.13499810981655e-05
Light_multipath,3,20,34,20261109,4.25063688774452,3.06076428533994,3.06076428533994,1.25063688774452,0.0607642853399368,0.0607642853399368,1,two_path_selected,0.913798692982249,0.268921137665367,23.2441072005951,0.00151709284432133,0.000130775386047777
Light_multipath,3,20,35,20261109,4.23302594306486,3.43844147554151,3.43844147554151,1.23302594306486,0.438441475541508,0.438441475541508,1,two_path_selected,0.911446370755826,0.151412397731427,27.5398914842802,0.00155744881883435,0.000137917745269833
Light_multipath,3,20,36,20261109,4.26215676736646,3.38774627144139,3.38774627144139,1.26215676736646,0.38774627144139,0.38774627144139,1,two_path_selected,0.874686846602049,0.187291763363247,24.1016394496992,0.00130841639156509,0.00016396178398459
Light_multipath,3,20,37,20261109,4.27324428870694,3.69544796595778,3.69544796595778,1.27324428870694,0.695447965957781,0.695447965957781,1,two_path_selected,0.905469449188933,0.699917339565191,9.89866822311626,0.00155399277793666,0.000146899793254773
Light_multipath,3,20,38,20261109,4.21669247366388,3.35698389619336,3.35698389619336,1.21669247366388,0.356983896193364,0.356983896193364,1,two_path_selected,0.922024096835165,0.16410402059392,27.2097956562373,0.00156796961858374,0.000122263847144088
Light_multipath,3,20,39,20261109,4.22437721152352,3.73416964141287,3.73416964141287,1.22437721152352,0.734169641412869,0.734169641412869,1,two_path_selected,0.967532250610107,0.0804748716230334,36.590995065393,0.0015624134350416,5.07280478523331e-05
Light_multipath,3,20,40,20261109,4.27507368456507,2.99571793172943,2.99571793172943,1.27507368456507,-0.00428206827056954,-0.00428206827056954,1,two_path_selected,0.970178595146868,0.268531220123754,24.688745408785,0.00151959461206141,4.53164461389211e-05
Light_multipath,3,20,41,20261109,4.22913055446447,3.69669531375284,3.69669531375284,1.22913055446447,0.696695313752837,0.696695313752837,1,two_path_selected,0.910284434158677,0.0928843908369335,33.0009879756942,0.00160416372301597,0.000143918456112502
Light_multipath,3,20,42,20261109,4.25697543377315,3.55532053611053,3.55532053611053,1.25697543377315,0.555320536110534,0.555320536110534,1,two_path_selected,0.947963973447632,0.128168987686163,29.4367454669943,0.00157928008987662,8.21794606904458e-05
Light_multipath,3,20,43,20261109,4.22142508300623,3.19278648426907,3.19278648426907,1.22142508300623,0.192786484269066,0.192786484269066,1,two_path_selected,0.941083718644362,0.18049245366262,28.2413052797201,0.00125638508446047,7.40215371271002e-05
Light_multipath,3,20,44,20261109,4.23807156521731,3.3017869600757,3.3017869600757,1.23807156521731,0.301786960075697,0.301786960075697,1,two_path_selected,0.946847969802378,0.16964531103586,28.1039208317895,0.00150370812240497,7.9925139530479e-05
Light_multipath,3,20,45,20261109,4.23811062301531,3.22747744480913,3.22747744480913,1.23811062301531,0.22747744480913,0.22747744480913,1,two_path_selected,0.933191927439794,0.228157914549241,23.2666664497238,0.00136764306259352,9.13695969622097e-05
Light_multipath,3,20,46,20261109,4.2281697690185,3.35602474234632,3.35602474234632,1.2281697690185,0.356024742346317,0.356024742346317,1,two_path_selected,0.851548022717827,0.169946774707778,26.397191849117,0.00151207246848339,0.000224470147740297
Light_multipath,3,20,47,20261109,4.23977719612888,3.2092921340679,3.2092921340679,1.23977719612888,0.209292134067899,0.209292134067899,1,two_path_selected,0.857845010063972,0.216938175612285,23.814206950317,0.00116254282988115,0.000165261264281957
Light_multipath,3,20,48,20261109,4.28273300861465,3.5341386326782,3.5341386326782,1.28273300861465,0.534138632678201,0.534138632678201,1,two_path_selected,0.915966334165274,0.149493331904509,26.0554724181335,0.00128279498173023,0.000107797964829182
Light_multipath,3,20,49,20261109,4.25508372593498,3.37701869076539,3.37701869076539,1.25508372593498,0.377018690765389,0.377018690765389,1,two_path_selected,0.947011106201356,0.185106734074975,25.4318947910919,0.00164915232155871,8.7386757224861e-05
Light_multipath,3,20,50,20261109,4.23396800166621,3.18152139688542,3.18152139688542,1.23396800166621,0.181521396885424,0.181521396885424,1,two_path_selected,0.957735292234451,0.204548268187307,26.4840373716203,0.00159522382687283,6.7421668863421e-05
Light_multipath,5,20,1,20261109,6.25504582753537,5.12201061792009,5.12201061792009,1.25504582753537,0.122010617920093,0.122010617920093,1,two_path_selected,0.924312051220652,0.28411563201624,21.5748466244518,0.0014107371582619,0.000106775801775649
Light_multipath,5,20,2,20261109,6.25954644239095,5.8865791434651,6.25954644239095,1.25954644239095,0.886579143465099,1.25954644239095,0,weak_echo,0.918262667809171,0.0683982905675692,34.5618261959144,0.00135312651740271,0.000110600951649165
Light_multipath,5,20,3,20261109,6.21062006867821,5.01918023881046,5.01918023881046,1.21062006867821,0.0191802388104616,0.0191802388104616,1,two_path_selected,0.90927949908348,0.224514931533522,26.3678242719752,0.00128390160111613,0.000116476196380777
Light_multipath,5,20,4,20261109,6.22837999945389,5.66369810187401,5.66369810187401,1.22837999945389,0.663698101874014,0.663698101874014,1,two_path_selected,0.918786471024493,0.103195561370929,29.666162051923,0.00123577546162945,0.000100361686260264
Light_multipath,5,20,5,20261109,6.22676182065765,4.90606324399784,4.90606324399784,1.22676182065765,-0.0939367560021633,-0.0939367560021633,1,two_path_selected,0.940978350831751,0.254337651311616,26.6884357085285,0.00176203037063583,0.000103997938359468
Light_multipath,5,20,6,20261109,6.21855387173103,5.24483592331455,5.24483592331455,1.21855387173103,0.244835923314547,0.244835923314547,1,two_path_selected,0.962091523983891,0.170198931424963,29.5871907543356,0.00178349025519453,6.76093975640057e-05
Light_multipath,5,20,7,20261109,6.25548384723314,5.37336751504883,5.37336751504883,1.25548384723314,0.373367515048832,0.373367515048832,1,two_path_selected,0.927500078679883,0.160642489585134,27.671922666552,0.00128818568866085,9.33933610736126e-05
Light_multipath,5,20,8,20261109,6.2619136046177,5.43405533740132,5.43405533740132,1.2619136046177,0.434055337401322,0.434055337401322,1,two_path_selected,0.924497737837688,0.145178503030754,29.2289406610952,0.00145117894313396,0.000109567293008928
Light_multipath,5,20,9,20261109,6.22470556551202,5.62470508277086,5.62470508277086,1.22470556551202,0.624705082770863,0.624705082770863,1,two_path_selected,0.927933673354233,0.105371173123671,30.0166865188203,0.001154246250614,8.31822873263999e-05
Light_multipath,5,20,10,20261109,6.22477502102812,4.93305380939835,4.93305380939835,1.22477502102812,-0.0669461906016515,-0.0669461906016515,1,two_path_selected,0.93240661561244,0.272062484494263,24.6775615675373,0.00159934396077666,0.000108105071108699
Light_multipath,5,20,11,20261109,6.25922807019008,4.67617440374447,4.67617440374447,1.25922807019008,-0.323825596255527,-0.323825596255527,1,two_path_selected,0.92503894458202,0.300449746233785,26.7029611685671,0.00139446674568977,0.000104530699002181
Light_multipath,5,20,12,20261109,6.24157687797037,5.7236267832038,5.7236267832038,1.24157687797037,0.723626783203796,0.723626783203796,1,two_path_selected,0.853930086955266,0.100524686933645,28.6018405879277,0.00126972395165392,0.000185468467208905
Light_multipath,5,20,13,20261109,6.24410580379158,4.59787485778341,4.59787485778341,1.24410580379158,-0.402125142216594,-0.402125142216594,1,two_path_selected,0.941595784074397,0.306843151115682,26.9748700444064,0.00120040533692323,7.01087324959104e-05
Light_multipath,5,20,14,20261109,6.2397782825948,5.05949055435542,5.05949055435542,1.2397782825948,0.0594905543554187,0.0594905543554187,1,two_path_selected,0.943242470958724,0.275693506805586,22.7535825041628,0.00147458909182463,8.36940332031855e-05
Light_multipath,5,20,15,20261109,6.21944421809692,5.29216342322146,5.29216342322146,1.21944421809692,0.29216342322146,0.29216342322146,1,two_path_selected,0.911256571944131,0.184713619338286,25.021200481366,0.00115366769128133,0.000102380425761606
Light_multipath,5,20,16,20261109,6.23999055662443,5.33501244617808,5.33501244617808,1.23999055662443,0.33501244617808,0.33501244617808,1,two_path_selected,0.917122492024585,0.178008074358235,26.3798241274493,0.00154418211882068,0.000127977965868054
Light_multipath,5,20,17,20261109,6.22163896800273,5.86062988176792,6.22163896800273,1.22163896800273,0.860629881767923,1.22163896800273,0,weak_echo,0.942273866955274,0.0598557095291133,38.85917587756,0.00128161015706008,7.39823984379218e-05
Light_multipath,5,20,18,20261109,6.22011485601757,5.48417305212716,5.48417305212716,1.22011485601757,0.484173052127158,0.484173052127158,1,two_path_selected,0.896249287113038,0.126615734477343,29.7227496878081,0.00133465967244795,0.000138471892477954
Light_multipath,5,20,19,20261109,6.23330648513878,5.10115215477359,5.10115215477359,1.23330648513878,0.101152154773587,0.101152154773587,1,two_path_selected,0.911086887654933,0.218254413347845,26.2939998861704,0.00152068879636347,0.000135209173792949
Light_multipath,5,20,20,20261109,6.26468663448441,5.89196588377168,6.26468663448441,1.26468663448441,0.891965883771675,1.26468663448441,0,weak_echo,0.882813650248183,0.0654825686976664,34.6523190473847,0.0012081195089837,0.000141575115321757
Light_multipath,5,20,21,20261109,6.21751933461744,5.91710284770418,6.21751933461744,1.21751933461744,0.917102847704179,1.21751933461744,0,weak_echo,0.832007767057993,0.0527859071083166,36.7095213762418,0.0010591722404456,0.000177932709742645
Light_multipath,5,20,22,20261109,6.22076678598759,5.14428393616774,5.14428393616774,1.22076678598759,0.144283936167739,0.144283936167739,1,two_path_selected,0.956282355742974,0.266708284199119,21.913438182291,0.00143630381171667,6.27918190856391e-05
Light_multipath,5,20,23,20261109,6.24785448618677,5.18297445755516,5.18297445755516,1.24785448618677,0.182974457555155,0.182974457555155,1,two_path_selected,0.915327318169324,0.225681388325733,24.376869216121,0.00147439473069699,0.000124840955925132
Light_multipath,5,20,24,20261109,6.20871133261567,5.5408095042718,5.5408095042718,1.20871133261567,0.540809504271802,0.540809504271802,1,two_path_selected,0.923433375703057,0.137489857519414,26.2360063558263,0.00134362596727056,0.000102876904631621
Light_multipath,5,20,25,20261109,6.25873128031189,5.45686880372597,5.45686880372597,1.25873128031189,0.456868803725968,0.456868803725968,1,two_path_selected,0.970761208858016,0.170493214336228,24.6981979405528,0.00128175304171108,3.74769094821925e-05
Light_multipath,5,20,26,20261109,6.22930719748572,5.31099083550046,5.31099083550046,1.22930719748572,0.310990835500462,0.310990835500462,1,two_path_selected,0.918995326776445,0.15870960623722,28.9387985764731,0.00132469997455376,0.000107306888557979
Light_multipath,5,20,27,20261109,6.24326279080808,5.21946374783123,5.21946374783123,1.24326279080808,0.219463747831231,0.219463747831231,1,two_path_selected,0.903597033684015,0.190220718566344,27.5296976957714,0.00168655382910821,0.000162588791977614
Light_multipath,5,20,28,20261109,6.21970528220063,5.41077703981576,5.41077703981576,1.21970528220063,0.410777039815756,0.410777039815756,1,two_path_selected,0.960699824458426,0.147372600139301,27.9074486151892,0.0012578255130089,4.94327634619207e-05
Light_multipath,5,20,29,20261109,6.24729340918285,5.90154471579556,6.24729340918285,1.24729340918285,0.901544715795556,1.24729340918285,0,weak_echo,0.944717446183364,0.0678146734574488,33.6147239019137,0.00130728390377377,7.22699927639958e-05
Light_multipath,5,20,30,20261109,6.2282782073236,5.6792809622163,5.6792809622163,1.2282782073236,0.679280962216299,0.679280962216299,1,two_path_selected,0.941697296447806,0.0923568942234795,36.1963790929928,0.00215068300810528,0.000125390633856304
Light_multipath,5,20,31,20261109,6.23463623436354,5.882820443829,6.23463623436354,1.23463623436354,0.882820443829001,1.23463623436354,0,weak_echo,0.883141645027091,0.0583719631701133,42.4345312141714,0.00170465562463074,0.000199203252089664
Light_multipath,5,20,32,20261109,6.21326230989964,5.01450994422081,5.01450994422081,1.21326230989964,0.0145099442208076,0.0145099442208076,1,two_path_selected,0.870657094297618,0.226925067334241,26.7843844857136,0.00168851900840039,0.000218397954880212
Light_multipath,5,20,33,20261109,6.22776264238692,4.68545174877965,4.68545174877965,1.22776264238692,-0.314548251220353,-0.314548251220353,1,two_path_selected,0.919682817684409,0.29505761320063,26.5291521836373,0.00145141861125619,0.000116573853216506
Light_multipath,5,20,34,20261109,6.23007486824473,5.41456362220731,5.41456362220731,1.23007486824473,0.414563622207307,0.414563622207307,1,two_path_selected,0.972332830368427,0.159347343361884,26.6452386585409,0.00137937915469521,3.81635170592087e-05
Light_multipath,5,20,35,20261109,6.22984887272412,5.60839031036042,5.60839031036042,1.22984887272412,0.608390310360424,0.608390310360424,1,two_path_selected,0.91487215555468,0.107100528799209,30.6586323057549,0.00124071728285746,0.00010561958785571
Light_multipath,5,20,36,20261109,6.23812521481909,5.42269739823492,5.42269739823492,1.23812521481909,0.422697398234924,0.422697398234924,1,two_path_selected,0.934191061972369,0.145459575769106,28.5876424019664,0.00135714792113073,8.93124634360198e-05
Light_multipath,5,20,37,20261109,6.22753684366249,5.17850331482132,5.17850331482132,1.22753684366249,0.178503314821322,0.178503314821322,1,two_path_selected,0.941734037811843,0.225075825010866,24.5402061790247,0.00164027185216775,9.55720177167052e-05
Light_multipath,5,20,38,20261109,6.21366115851828,4.91121436348583,4.91121436348583,1.21366115851828,-0.0887856365141673,-0.0887856365141673,1,two_path_selected,0.971485632662599,0.262237109050282,25.7766047499375,0.00171934830848053,4.90261292489524e-05
Light_multipath,5,20,39,20261109,6.21731893832267,4.27025413432803,4.27025413432803,1.21731893832267,-0.729745865671971,-0.729745865671971,1,two_path_selected,0.919759822894382,0.443975269374473,24.0623036010152,0.00151957097078403,0.000121930643820267
Light_multipath,5,20,40,20261109,6.20818790121291,5.68897617402652,5.68897617402652,1.20818790121291,0.688976174026521,0.688976174026521,1,two_path_selected,0.948340335064527,0.0953786744094834,30.1769780692683,0.00120584755227315,6.2293680513692e-05
Light_multipath,5,20,41,20261109,6.2148853181227,6.05989577713663,6.2148853181227,1.2148853181227,1.05989577713663,1.2148853181227,0,weak_echo,0.862447946187727,0.0396848109330299,36.8993144182932,0.000988562795304793,0.000135978842816575
Light_multipath,5,20,42,20261109,6.22837623101505,5.11910757284275,5.11910757284275,1.22837623101505,0.119107572842749,0.119107572842749,1,two_path_selected,0.935385476637332,0.234503679379007,24.5063379954144,0.00151065740142409,9.76104079573048e-05
Light_multipath,5,20,43,20261109,6.22363438231177,4.58528407389681,4.58528407389681,1.22363438231177,-0.414715926103188,-0.414715926103188,1,two_path_selected,0.964088700888308,0.348767603535649,24.2813732960035,0.00116648106786776,4.18898505363252e-05
Light_multipath,5,20,44,20261109,6.21702109793029,4.8719564335377,4.8719564335377,1.21702109793029,-0.128043566462299,-0.128043566462299,1,two_path_selected,0.935161867491758,0.24468794254092,27.3485176879545,0.00134237645951085,8.70371827577099e-05
Light_multipath,5,20,45,20261109,6.2408105301951,5.16180105867386,5.16180105867386,1.2408105301951,0.16180105867386,0.16180105867386,1,two_path_selected,0.921321641086035,0.200696430723648,27.5211784635525,0.00172526771396897,0.000135741232422326
Light_multipath,5,20,46,20261109,6.25498366733878,5.04572576935669,5.04572576935669,1.25498366733878,0.0457257693566913,0.0457257693566913,1,two_path_selected,0.943697005018005,0.23407088833734,26.3783427142184,0.00161596893540472,9.09838908611516e-05
Light_multipath,5,20,47,20261109,6.23097928390133,5.32086021992322,5.32086021992322,1.23097928390133,0.320860219923219,0.320860219923219,1,two_path_selected,0.905815619456043,0.179047458530143,25.3698280282719,0.00116563635059785,0.000109784737620577
Light_multipath,5,20,48,20261109,6.22192446640876,5.45353320541065,5.45353320541065,1.22192446640876,0.45353320541065,0.45353320541065,1,two_path_selected,0.866239718182834,0.148091731497108,26.9104354484498,0.00142938846435303,0.000191195403818067
Light_multipath,5,20,49,20261109,6.24448751676217,5.28665101959874,5.28665101959874,1.24448751676217,0.286651019598741,0.286651019598741,1,two_path_selected,0.940432252637769,0.1807255414607,27.0130114648657,0.00142980985901486,8.5170552457825e-05
Light_multipath,5,20,50,20261109,6.22029308232051,5.82828273543652,6.22029308232051,1.22029308232051,0.828282735436516,1.22029308232051,0,weak_echo,0.974444183848433,0.0700296498893746,33.4732612654528,0.00107124667988723,2.7376583204175e-05
Light_multipath,10,20,1,20261109,11.2429718860888,9.43493104980023,9.43493104980023,1.24297188608884,-0.56506895019977,-0.56506895019977,1,two_path_selected,0.938412473806425,0.385869420811288,24.5570616227963,0.00120948409946275,7.44891336563747e-05
Light_multipath,10,20,2,20261109,11.2451810090776,10.216789587121,10.216789587121,1.2451810090776,0.216789587121045,0.216789587121045,1,two_path_selected,0.934109592561383,0.205450538944912,25.3186833424474,0.00130896851973339,8.6248469089556e-05
Light_multipath,10,20,3,20261109,11.2366362725135,10.3613296810391,10.3613296810391,1.23663627251349,0.361329681039138,0.361329681039138,1,two_path_selected,0.907929963091232,0.152823410692964,28.7401367169114,0.00128716254972039,0.00011850910346034
Light_multipath,10,20,4,20261109,11.2093727506094,10.7290656718102,10.7290656718102,1.20937275060936,0.729065671810172,0.729065671810172,1,two_path_selected,0.93843055777504,0.0891100926237992,30.8217422763869,0.00127656050442004,7.85971182235556e-05
Light_multipath,10,20,5,20261109,11.2349039213334,10.4344189872223,10.4344189872223,1.23490392133342,0.434418987222347,0.434418987222347,1,two_path_selected,0.95076326278762,0.146150957819823,28.2354238129408,0.00139089189501407,6.84829787256369e-05
Light_multipath,10,20,6,20261109,11.2165815778843,10.6154073959567,10.6154073959567,1.21658157788432,0.61540739595673,0.61540739595673,1,two_path_selected,0.945232321095707,0.122452579308092,26.8571062080243,0.00124977709564122,6.84473906760186e-05
Light_multipath,10,20,7,20261109,11.2423406984377,10.4326899038801,10.4326899038801,1.24234069843772,0.432689903880082,0.432689903880082,1,two_path_selected,0.929308337501068,0.135034247459044,30.8861102071108,0.00146261504449918,0.000103394689091596
Light_multipath,10,20,8,20261109,11.2205727274271,10.3664077863384,10.3664077863384,1.22057272742707,0.366407786338375,0.366407786338375,1,two_path_selected,0.930136576876626,0.153194961351737,29.7818225141174,0.00198404592941781,0.000138612240263125
Light_multipath,10,20,9,20261109,11.220970324883,9.98528125061406,9.98528125061406,1.22097032488303,-0.014718749385942,-0.014718749385942,1,two_path_selected,0.946666693218996,0.254486809232338,24.7595389079413,0.0013654628315769,7.28246480945494e-05
Light_multipath,10,20,10,20261109,11.2351320112111,10.315948427948,10.315948427948,1.2351320112111,0.315948427948047,0.315948427948047,1,two_path_selected,0.96261336002467,0.184256691564734,25.2922428307846,0.00119164677557571,4.45516689762115e-05
Light_multipath,10,20,11,20261109,11.2182361978547,10.364906618712,10.364906618712,1.21823619785474,0.364906618712002,0.364906618712002,1,two_path_selected,0.947777831802432,0.142598235144507,30.8164050281836,0.00153929257814234,8.03851959210178e-05
Light_multipath,10,20,12,20261109,11.2207863587311,9.80308458711851,9.80308458711851,1.22078635873108,-0.196915412881493,-0.196915412881493,1,two_path_selected,0.913585762669701,0.265859216777501,27.3375060398134,0.00187877840852968,0.000162353203285726
Light_multipath,10,20,13,20261109,11.2498665291759,10.7573182855406,10.7573182855406,1.24986652917588,0.757318285540563,0.757318285540563,1,two_path_selected,0.902197415602989,0.0857288151478133,32.6783539070301,0.00133424702666574,0.000130492807431937
Light_multipath,10,20,14,20261109,11.2295132061057,9.95827781704717,9.95827781704717,1.22951320610567,-0.041722182952828,-0.041722182952828,1,two_path_selected,0.979387967152728,0.256958904374939,25.3263242012897,0.00146327315254413,3.01610342847702e-05
Light_multipath,10,20,15,20261109,11.2287707034154,10.4698178232364,10.4698178232364,1.22877070341541,0.469817823236404,0.469817823236404,1,two_path_selected,0.950371639796664,0.209666264406266,20.8913034361025,0.00132927795929438,6.59698853742174e-05
Light_multipath,10,20,16,20261109,11.2208708002948,10.3109368748575,10.3109368748575,1.22087080029478,0.310936874857546,0.310936874857546,1,two_path_selected,0.939126647893473,0.164414460860938,27.6286127149914,0.00123306053665173,7.50605282162642e-05
Light_multipath,10,20,17,20261109,11.2444133145119,9.99782235351702,9.99782235351702,1.2444133145119,-0.00217764648297702,-0.00217764648297702,1,two_path_selected,0.944805517648594,0.236527856935707,26.7737781317769,0.00161170411457245,8.8957174307458e-05
Light_multipath,10,20,18,20261109,11.2329694842675,9.61880910079754,9.61880910079754,1.23296948426748,-0.38119089920246,-0.38119089920246,1,two_path_selected,0.962129795211583,0.326379853713093,25.8616207736934,0.0016534998769997,6.26183789596002e-05
Light_multipath,10,20,19,20261109,11.2392067144186,10.0673504083348,10.0673504083348,1.23920671441859,0.0673504083347893,0.0673504083347893,1,two_path_selected,0.954467029903217,0.224736821872696,26.0736530931545,0.00130112812771932,5.92442281315275e-05
Light_multipath,10,20,20,20261109,11.2217807316417,10.0843309576221,10.0843309576221,1.22178073164166,0.0843309576220506,0.0843309576220506,1,two_path_selected,0.866234000058862,0.23109950080231,24.5239245218856,0.00121809498856673,0.000162939694168918
Light_multipath,10,20,21,20261109,11.2636574382618,10.581373185555,10.581373185555,1.26365743826179,0.581373185554952,0.581373185554952,1,two_path_selected,0.957582338167988,0.118466996362823,30.1483680775525,0.00126445322766733,5.36351494135889e-05
Light_multipath,10,20,22,20261109,11.218376406178,10.6042298435545,10.6042298435545,1.21837640617803,0.604229843554496,0.604229843554496,1,two_path_selected,0.94545204329479,0.13471534544574,25.4066276931241,0.00130256857874089,7.10524544387248e-05
Light_multipath,10,20,23,20261109,11.2188982954963,10.774550926704,10.774550926704,1.21889829549631,0.774550926704023,0.774550926704023,1,two_path_selected,0.919703991989545,0.0800249879078326,33.5009799629343,0.00146998645863983,0.000118034044458204
Light_multipath,10,20,24,20261109,11.2568959891665,10.5139965846305,10.5139965846305,1.2568959891665,0.513996584630515,0.513996584630515,1,two_path_selected,0.839494082942515,0.130326511505263,28.8566884216995,0.00126863676072997,0.000203623706693801
Light_multipath,10,20,25,20261109,11.2276898421362,10.7586172146926,11.2276898421362,1.22768984213623,0.758617214692595,1.22768984213623,0,weak_echo,0.902836850606302,0.0754649702524536,33.8043723367345,0.00098776917461918,9.59747638800135e-05
Light_multipath,10,20,26,20261109,11.2285975402862,10.2885456239602,10.2885456239602,1.22859754028623,0.288545623960179,0.288545623960179,1,two_path_selected,0.93525334274579,0.169700175734663,28.0269210651131,0.00141980818640874,9.19278340121288e-05
Light_multipath,10,20,27,20261109,11.2310113062198,10.1747290269957,10.1747290269957,1.23101130621982,0.174729026995728,0.174729026995728,1,two_path_selected,0.924957495048349,0.202349540808919,27.3010832763733,0.00192068481000018,0.000144132999364999
Light_multipath,10,20,28,20261109,11.2584305525934,10.4961372764786,10.4961372764786,1.25843055259335,0.49613727647862,0.49613727647862,1,two_path_selected,0.913271342994213,0.141475832104311,27.3190637487105,0.00115828905383064,0.000100456854063236
Light_multipath,10,20,29,20261109,11.2287410512242,10.5162147005831,10.5162147005831,1.22874105122423,0.51621470058307,0.51621470058307,1,two_path_selected,0.946130205336609,0.120278010485537,30.8587341229873,0.00134205695707124,7.22963327040027e-05
Light_multipath,10,20,30,20261109,11.204068984606,10.2598890696864,10.2598890696864,1.20406898460599,0.259889069686444,0.259889069686444,1,two_path_selected,0.891658812890632,0.174990122032496,26.8816043398984,0.00125630030058366,0.000136109065931089
Light_multipath,10,20,31,20261109,11.2502584125428,10.4898207930157,10.4898207930157,1.25025841254282,0.489820793015694,0.489820793015694,1,two_path_selected,0.978030293630179,0.143130985535553,28.2696571485713,0.00153096825995314,3.3634923132686e-05
Light_multipath,10,20,32,20261109,11.2443175338721,9.79197163394014,9.79197163394014,1.24431753387206,-0.208028366059857,-0.208028366059857,1,two_path_selected,0.928621129137318,0.344924890050452,22.2568513582701,0.00123098479799744,8.78663049301842e-05
Light_multipath,10,20,33,20261109,11.2429363387606,9.9687115791082,9.9687115791082,1.24293633876061,-0.0312884208917978,-0.0312884208917978,1,two_path_selected,0.894344598019704,0.263914006957128,24.1993219001334,0.00117246405808391,0.000123877161364305
Light_multipath,10,20,34,20261109,11.2544980532235,10.3525836486201,10.3525836486201,1.2544980532235,0.352583648620094,0.352583648620094,1,two_path_selected,0.92447834132416,0.188221210188181,25.5393694517246,0.00172892126994051,0.000130571002025848
Light_multipath,10,20,35,20261109,11.2569389421377,10.8729891673313,11.2569389421377,1.25693894213765,0.872989167331269,1.25693894213765,0,weak_echo,0.966232976338154,0.0797220605428649,31.5028474076778,0.00144030823836361,4.86349223651761e-05
Light_multipath,10,20,36,20261109,11.2662228296319,10.5053311613278,10.5053311613278,1.26622282963192,0.505331161327838,0.505331161327838,1,two_path_selected,0.918567551923309,0.142780607007337,27.706240351048,0.00138261933261674,0.000112590077013142
Light_multipath,10,20,37,20261109,11.2331953954015,10.3895704938042,10.3895704938042,1.23319539540152,0.389570493804179,0.389570493804179,1,two_path_selected,0.868456222464644,0.168204772752555,26.2390051117002,0.00164473930203468,0.000216355220850506
Light_multipath,10,20,38,20261109,11.2416062250177,10.2606963830411,10.2606963830411,1.24160622501771,0.260696383041076,0.260696383041076,1,two_path_selected,0.934412143095735,0.169223402742662,29.8068296452069,0.00186147229416367,0.00012208997846086
Light_multipath,10,20,39,20261109,11.2070589260616,10.3415820840008,10.3415820840008,1.20705892606165,0.341582084000805,0.341582084000805,1,two_path_selected,0.909901691230628,0.139825886129038,31.6446052853572,0.00147766791533455,0.000133135380094407
Light_multipath,10,20,40,20261109,11.220053587179,10.2949668344388,10.2949668344388,1.22005358717901,0.294966834438819,0.294966834438819,1,two_path_selected,0.935543483686701,0.185045402473717,25.8731457505738,0.00146500572465613,9.4429165390375e-05
Light_multipath,10,20,41,20261109,11.2353129221133,10.2377794772716,10.2377794772716,1.23531292211328,0.237779477271602,0.237779477271602,1,two_path_selected,0.972272282922449,0.186046963050181,27.0460712701438,0.0013702886244098,3.79949752922215e-05
Light_multipath,10,20,42,20261109,11.243953497275,10.8782380286915,11.243953497275,1.24395349727499,0.87823802869152,1.24395349727499,0,weak_echo,0.935972771762154,0.0635531983953666,38.0918141262196,0.00148927548756883,9.5354181551599e-05
Light_multipath,10,20,43,20261109,11.2464668575288,9.70792499816802,9.70792499816802,1.24646685752882,-0.292075001831979,-0.292075001831979,1,two_path_selected,0.925286614563356,0.34992494983276,23.2601418241734,0.00141036716535003,0.000105373305631984
Light_multipath,10,20,44,20261109,11.2515081703891,10.4896317369333,10.4896317369333,1.25150817038914,0.489631736933283,0.489631736933283,1,two_path_selected,0.875898970339822,0.127697056251198,29.8309820104802,0.00112085462238598,0.00013909921273747
Light_multipath,10,20,45,20261109,11.2325129323756,10.4482879038558,10.4482879038558,1.2325129323756,0.448287903855768,0.448287903855768,1,two_path_selected,0.951180254142275,0.138045791688775,29.8721594180335,0.00154972356103533,7.56571103994741e-05
Light_multipath,10,20,46,20261109,11.2498878842921,10.7540129867241,10.7540129867241,1.24988788429206,0.754012986724078,0.754012986724078,1,two_path_selected,0.965526164070784,0.0851310289937898,36.6846586260009,0.0020293998238059,6.99611965606639e-05
Light_multipath,10,20,47,20261109,11.223406168358,10.4258937057522,10.4258937057522,1.22340616835802,0.425893705752159,0.425893705752159,1,two_path_selected,0.971888942901618,0.163030552682015,25.624225050989,0.00132225825473431,3.71700772976435e-05
Light_multipath,10,20,48,20261109,11.2142681157625,10.1758017770731,10.1758017770731,1.21426811576253,0.175801777073065,0.175801777073065,1,two_path_selected,0.890899199643566,0.221519863803073,23.2471362135284,0.000995419110916496,0.000108601021691079
Light_multipath,10,20,49,20261109,11.2243899896175,10.3952697962608,10.3952697962608,1.22438998961753,0.395269796260756,0.395269796260756,1,two_path_selected,0.936284700419039,0.138168910270463,30.6961458703077,0.001432591760405,9.12780131914204e-05
Light_multipath,10,20,50,20261109,11.2695447093001,10.1828947661373,10.1828947661373,1.26954470930008,0.182894766137256,0.182894766137256,1,two_path_selected,0.896055243723039,0.215537883880056,24.5893894845861,0.000964551184371887,0.00010026003777619
Light_multipath,15,20,1,20261109,16.2329697950313,16.1033482785807,16.2329697950313,1.23296979503134,1.10334827858067,1.23296979503134,0,weak_echo,0.926969836757158,0.0329486845689591,45.8203238919997,0.0012548410534603,9.16412469780248e-05
Light_multipath,15,20,2,20261109,16.2166963195694,14.7985821940075,14.7985821940075,1.21669631956939,-0.201417805992492,-0.201417805992492,1,two_path_selected,0.911889362406925,0.281847021690373,25.3896564319157,0.00130740010185781,0.000115195856563943
Light_multipath,15,20,3,20261109,16.2251782746922,15.1360708749745,15.1360708749745,1.22517827469224,0.136070874974546,0.136070874974546,1,two_path_selected,0.889854406024239,0.194423237923024,27.3269275883173,0.00114241137493409,0.000125831579456781
Light_multipath,15,20,4,20261109,16.227454788643,15.5422147553909,15.5422147553909,1.22745478864302,0.542214755390861,0.542214755390861,1,two_path_selected,0.906057106630534,0.10377081010855,34.9921093264041,0.00131449559363173,0.000123487519387178
Light_multipath,15,20,5,20261109,16.2551100841396,15.9111825875426,16.2551100841396,1.25511008413956,0.911182587542612,1.25511008413956,0,weak_echo,0.917446695870554,0.069509120150843,33.8294829456871,0.00153536488249117,0.000126749444093965
Light_multipath,15,20,6,20261109,16.2282855887241,15.4037359900875,15.4037359900875,1.22828558872412,0.403735990087462,0.403735990087462,1,two_path_selected,0.910898771886784,0.209612758378854,21.2434889319967,0.00114081734162363,0.00010164822619152
Light_multipath,15,20,7,20261109,16.2346178189149,15.5349470552884,15.5349470552884,1.23461781891486,0.534947055288427,0.534947055288427,1,two_path_selected,0.946661587865486,0.119264994416587,31.5653340802255,0.0016097689690413,8.58625207120767e-05
Light_multipath,15,20,8,20261109,16.2093181932128,15.7076234573353,15.7076234573353,1.20931819321285,0.707623457335337,0.707623457335337,1,two_path_selected,0.926747345764735,0.0865965044194973,34.2923098899255,0.00161701426742078,0.000118450587024865
Light_multipath,15,20,9,20261109,16.2529966979092,14.9507970589107,14.9507970589107,1.2529966979092,-0.0492029410892698,-0.0492029410892698,1,two_path_selected,0.88510009155576,0.31290702685718,21.6705670941831,0.00113490539642402,0.000130400526141994
Light_multipath,15,20,10,20261109,16.2289610128459,13.753464098306,13.753464098306,1.22896101284591,-1.24653590169402,-1.24653590169402,1,two_path_selected,0.942389580386465,0.598828896047541,24.8727826871343,0.00203750592273266,0.000117381571173691
Light_multipath,15,20,11,20261109,16.2378526805296,15.4361742633519,15.4361742633519,1.23785268052956,0.436174263351926,0.436174263351926,1,two_path_selected,0.902495024458524,0.159895377527982,25.7210270932791,0.00125743160692982,0.000122605838078771
Light_multipath,15,20,12,20261109,16.2373366391934,15.8038243153208,16.2373366391934,1.23733663919338,0.803824315320821,1.23733663919338,0,weak_echo,0.884666946092811,0.0665110160721591,39.6371202926845,0.0012974678549218,0.00014964093005454
Light_multipath,15,20,13,20261109,16.237111702896,15.5363858099405,15.5363858099405,1.23711170289599,0.536385809940498,0.536385809940498,1,two_path_selected,0.95580553006136,0.167778122870006,24.0064217779866,0.00162516151437586,7.18231516925183e-05
Light_multipath,15,20,14,20261109,16.2193616428096,15.3704558539087,15.3704558539087,1.21936164280964,0.370455853908744,0.370455853908744,1,two_path_selected,0.949377446610061,0.180020819935602,24.6885569686156,0.00133133036283839,6.73953423724338e-05
Light_multipath,15,20,15,20261109,16.2559585109856,14.7804236955272,14.7804236955272,1.25595851098565,-0.219576304472765,-0.219576304472765,1,two_path_selected,0.906921433229718,0.284660339385224,25.6564310890842,0.00104952553202398,9.76883323096089e-05
Light_multipath,15,20,16,20261109,16.2137544886172,15.3215656181253,15.3215656181253,1.21375448861716,0.321565618125327,0.321565618125327,1,two_path_selected,0.954783303685564,0.148687640914243,30.6828629634743,0.00152207146801508,6.88230433381065e-05
Light_multipath,15,20,17,20261109,16.2310544500788,15.0968199992948,15.0968199992948,1.23105445007876,0.0968199992948087,0.0968199992948087,1,two_path_selected,0.83174472529584,0.20323192799822,26.9568542782014,0.00109083065515425,0.000183538011538698
Light_multipath,15,20,18,20261109,16.2641104372576,15.4802870032564,15.4802870032564,1.2641104372576,0.48028700325635,0.48028700325635,1,two_path_selected,0.924888383450927,0.14998031296942,27.1864571464681,0.00138641337485512,0.000104135749790624
Light_multipath,15,20,19,20261109,16.2167891540159,15.3848050409928,15.3848050409928,1.21678915401589,0.384805040992802,0.384805040992802,1,two_path_selected,0.933437710649055,0.170484099260198,25.2673988876132,0.00129174933560483,8.59817930454199e-05
Light_multipath,15,20,20,20261109,16.2487926609531,15.3655563939913,15.3655563939913,1.24879266095315,0.365556393991291,0.365556393991291,1,two_path_selected,0.925861582832322,0.19038441096851,24.3983334703847,0.00144386484899139,0.00010704585450827
Light_multipath,15,20,21,20261109,16.2012035695447,15.5798619902947,15.5798619902947,1.20120356954472,0.579861990294667,0.579861990294667,1,two_path_selected,0.949180445025578,0.108619650060637,31.3930685521047,0.00150760877411504,7.66160069760602e-05
Light_multipath,15,20,22,20261109,16.2364080023684,15.6651881426892,15.6651881426892,1.23640800236842,0.665188142689178,0.665188142689178,1,two_path_selected,0.914899039709111,0.0927925218487433,33.8410869210586,0.00135574707840291,0.000115375378283655
Light_multipath,15,20,23,20261109,16.2467525219144,15.5859899247663,15.5859899247663,1.24675252191443,0.585989924766288,0.585989924766288,1,two_path_selected,0.942136107251508,0.125832757245526,29.3527942005996,0.00174515028552524,0.000100981188951632
Light_multipath,15,20,24,20261109,16.2576169120341,15.7213948345656,15.7213948345656,1.25761691203411,0.721394834565633,0.721394834565633,1,two_path_selected,0.929177550412926,0.083236523219823,37.8320126331268,0.00160156330259231,0.000113426636258351
Light_multipath,15,20,25,20261109,16.2303899062713,15.0225393003013,15.0225393003013,1.23038990627129,0.0225393003012684,0.0225393003012684,1,two_path_selected,0.971533709546804,0.230083746130025,26.0052621059822,0.00114173829710751,3.25010539869997e-05
Light_multipath,15,20,26,20261109,16.2333876563427,15.176708918801,15.176708918801,1.23338765634272,0.176708918801019,0.176708918801019,1,two_path_selected,0.865413741773839,0.22128351603047,23.820279582385,0.00112457671888722,0.000151352572683283
Light_multipath,15,20,27,20261109,16.2207407933657,15.3597394369065,15.3597394369065,1.22074079336567,0.359739436906544,0.359739436906544,1,two_path_selected,0.953969824179954,0.150005490258522,29.2585926899779,0.00140870446403185,6.48429141578699e-05
Light_multipath,15,20,28,20261109,16.2258907523329,15.2022286043266,15.2022286043266,1.22589075233288,0.202228604326592,0.202228604326592,1,two_path_selected,0.960335477579219,0.179854782676906,28.3527444165411,0.00133660857796936,5.30159409086739e-05
Light_multipath,15,20,29,20261109,16.2247627316136,15.808351763815,15.808351763815,1.22476273161361,0.808351763814958,0.808351763814958,1,two_path_selected,0.965359645573606,0.0835148198090323,32.2179346379821,0.00161728146794715,5.60232032569274e-05
Light_multipath,15,20,30,20261109,16.2136679490315,16.0361448013583,16.2136679490315,1.2136679490315,1.0361448013583,1.2136679490315,0,weak_echo,0.918668030986667,0.0396009454544585,44.7853370446813,0.00145783303408575,0.000118568431154875
Light_multipath,15,20,31,20261109,16.224733394201,15.3206660888847,15.3206660888847,1.22473339420097,0.320666088884742,0.320666088884742,1,two_path_selected,0.978283072848478,0.149641249691542,31.192635598096,0.00164726442133167,3.57735214373545e-05
Light_multipath,15,20,32,20261109,16.2529024936394,15.3102293328374,15.3102293328374,1.25290249363945,0.310229332837416,0.310229332837416,1,two_path_selected,0.976585161334146,0.185804304141259,25.9438102927104,0.0013229714847196,3.09771638742351e-05
Light_multipath,15,20,33,20261109,16.2551193234244,15.2233429743015,15.2233429743015,1.25511932342442,0.223342974301532,0.223342974301532,1,two_path_selected,0.945774544128163,0.170677301829164,29.9847877212772,0.00130100900935481,7.05478066256315e-05
Light_multipath,15,20,34,20261109,16.2294160408543,15.6784855226396,15.6784855226396,1.22941604085433,0.678485522639569,0.678485522639569,1,two_path_selected,0.913136607621937,0.0921614553968335,33.2673316411633,0.0013933513882407,0.000121031228357271
Light_multipath,15,20,35,20261109,16.2385096511316,15.1049698757996,15.1049698757996,1.23850965113156,0.104969875799572,0.104969875799572,1,two_path_selected,0.828027428383514,0.208798859117094,26.337294746544,0.00110545938186668,0.000190108692717184
Light_multipath,15,20,36,20261109,16.2316476889686,15.1572856517308,15.1572856517308,1.23164768896858,0.15728565173076,0.15728565173076,1,two_path_selected,0.926921714004789,0.205148840853087,26.6794086267179,0.00152383919401644,0.000111359556431045
Light_multipath,15,20,37,20261109,16.2375268714971,15.0749555504353,15.0749555504353,1.23752687149712,0.0749555504352912,0.0749555504352912,1,two_path_selected,0.933745917973464,0.192810927821535,30.3796074009845,0.0017027765248645,0.000112815895551233
Light_multipath,15,20,38,20261109,16.2400357211684,16.1126637027722,16.2400357211684,1.2400357211684,1.11266370277221,1.2400357211684,0,weak_echo,0.928265841145669,0.0319828936200663,55.1102603687654,0.00144062252456778,0.000103341845026472
Light_multipath,15,20,39,20261109,16.2377272065919,15.6673309013911,15.6673309013911,1.23772720659191,0.667330901391136,0.667330901391136,1,two_path_selected,0.938921305833997,0.109970758345951,28.5193910638004,0.00127412607625677,7.78219569406158e-05
Light_multipath,15,20,40,20261109,16.2381676545126,14.7420541531282,14.7420541531282,1.23816765451258,-0.257945846871756,-0.257945846871756,1,two_path_selected,0.964960467748343,0.304625496038591,25.4428578262552,0.00156107644758396,5.46993885324198e-05
Light_multipath,15,20,41,20261109,16.2377318118873,14.9466033033179,14.9466033033179,1.23773181188731,-0.0533966966821353,-0.0533966966821353,1,two_path_selected,0.927724241088265,0.299464595186361,22.9455371833596,0.00158730037870525,0.000114723339491807
Light_multipath,15,20,42,20261109,16.2239269688101,15.6764512238916,15.6764512238916,1.22392696881009,0.676451223891616,0.676451223891616,1,two_path_selected,0.917310474344562,0.10132544542902,29.783311424904,0.00127896940144812,0.000105757373133564
Light_multipath,15,20,43,20261109,16.2484670607167,15.5881730372622,15.5881730372622,1.24846706071667,0.588173037262152,0.588173037262152,1,two_path_selected,0.91029885010682,0.125933501295693,27.499437146688,0.00122262800428374,0.000109671137875855
Light_multipath,15,20,44,20261109,16.237017355636,14.9894142790871,14.9894142790871,1.23701735563602,-0.010585720912907,-0.010585720912907,1,two_path_selected,0.881721507973365,0.283846211627989,22.4961249119712,0.00114411884852283,0.000135324652102531
Light_multipath,15,20,45,20261109,16.2471451327509,15.281661366709,15.281661366709,1.24714513275094,0.281661366709017,0.281661366709017,1,two_path_selected,0.934591154087325,0.179332357472635,27.203726956982,0.00143981066931431,9.41763542126051e-05
Light_multipath,15,20,46,20261109,16.2255053788613,15.1858524067517,15.1858524067517,1.22550537886129,0.185852406751735,0.185852406751735,1,two_path_selected,0.838466738204007,0.195634684202838,26.0113579619117,0.00116546403186257,0.000188261206572671
Light_multipath,15,20,47,20261109,16.2315147089319,15.7467447417886,15.7467447417886,1.23151470893193,0.746744741788568,0.746744741788568,1,two_path_selected,0.924467889821473,0.129279031978892,24.9173671335139,0.00174483202923348,0.000131790845075086
Light_multipath,15,20,48,20261109,16.2365664561125,15.0655036021619,15.0655036021619,1.23656645611249,0.0655036021619164,0.0655036021619164,1,two_path_selected,0.929257685448212,0.247252842379824,24.3876456447571,0.00150612687299656,0.000106546901004423
Light_multipath,15,20,49,20261109,16.2374315000474,15.2673920297749,15.2673920297749,1.23743150004737,0.267392029774904,0.267392029774904,1,two_path_selected,0.958585762356535,0.165460246778231,29.6182856785012,0.0014479577166906,5.99660649767131e-05
Light_multipath,15,20,50,20261109,16.2442778297393,15.0475674463923,15.0475674463923,1.24427782973931,0.0475674463922751,0.0475674463922751,1,two_path_selected,0.951471125682041,0.206738572589229,29.4105855151884,0.0017538336379963,8.51115721929308e-05
Light_multipath,20,20,1,20261109,21.2398191365674,20.4140676242695,20.4140676242695,1.23981913656737,0.414067624269506,0.414067624269506,1,two_path_selected,0.921660140826949,0.156963854479249,27.3746259182608,0.00150261868927482,0.000117714936508584
Light_multipath,20,20,2,20261109,21.2359406185796,20.109932135314,20.109932135314,1.23594061857961,0.109932135314011,0.109932135314011,1,two_path_selected,0.962452042563571,0.187204539454864,30.1220096342319,0.00147481880919798,5.53764338742102e-05
Light_multipath,20,20,3,20261109,21.2231580105149,20.3395783817025,20.3395783817025,1.22315801051487,0.339578381702523,0.339578381702523,1,two_path_selected,0.907070732226616,0.207480399992284,23.0694312094222,0.00156229507756911,0.00014518293760446
Light_multipath,20,20,4,20261109,21.2341686577468,20.1146298257362,20.1146298257362,1.23416865774683,0.11462982573623,0.11462982573623,1,two_path_selected,0.904046679385721,0.269217994608939,22.135959192165,0.00139976406042597,0.000134312009674398
Light_multipath,20,20,5,20261109,21.2443748497187,19.8556262917802,19.8556262917802,1.24437484971869,-0.14437370821981,-0.14437370821981,1,two_path_selected,0.930121187616189,0.280199988408652,25.6493061070731,0.00173119904445707,0.000120974133226648
Light_multipath,20,20,6,20261109,21.2501412005938,20.4665101871116,20.4665101871116,1.25014120059385,0.466510187111631,0.466510187111631,1,two_path_selected,0.934689063356195,0.135708557743207,29.7552703121374,0.00140182273149625,9.15543556025966e-05
Light_multipath,20,20,7,20261109,21.2408621966524,20.5285873755658,20.5285873755658,1.24086219665243,0.528587375565788,0.528587375565788,1,two_path_selected,0.8727434727819,0.140450599484687,26.757374135829,0.00144809554516989,0.000184279610158322
Light_multipath,20,20,8,20261109,21.2337057143703,20.2789823719891,20.2789823719891,1.23370571437033,0.278982371989102,0.278982371989102,1,two_path_selected,0.916307190880412,0.205203530533316,24.3050987447379,0.00145637716906766,0.000121888296416905
Light_multipath,20,20,9,20261109,21.2271869402813,19.5202564092608,19.5202564092608,1.22718694028128,-0.47974359073919,-0.47974359073919,1,two_path_selected,0.906204651488231,0.311347793305792,27.926414638594,0.0015946319129454,0.000149569056022703
Light_multipath,20,20,10,20261109,21.2450742326757,19.8898385963275,19.8898385963275,1.24507423267572,-0.110161403672507,-0.110161403672507,1,two_path_selected,0.942366647803422,0.310754078475459,22.9212849294731,0.00136348314659895,7.85821044020363e-05
Light_multipath,20,20,11,20261109,21.2475785607954,20.2051627625324,20.2051627625324,1.24757856079538,0.205162762532368,0.205162762532368,1,two_path_selected,0.964495720744871,0.19163639984415,28.1149173567008,0.00175480838081454,6.23032067916807e-05
Light_multipath,20,20,12,20261109,21.2565488622962,20.1525405561935,20.1525405561935,1.25654886229617,0.152540556193514,0.152540556193514,1,two_path_selected,0.89953075318315,0.235359655930149,23.686176842991,0.0011742191976345,0.000117972918384224
Light_multipath,20,20,13,20261109,21.2406824468054,20.4265093000712,20.4265093000712,1.24068244680536,0.426509300071245,0.426509300071245,1,two_path_selected,0.864884024173763,0.153792776897188,27.2707616459401,0.00146086560349312,0.000197386281566958
Light_multipath,20,20,14,20261109,21.2368597117485,19.4616416862689,19.4616416862689,1.23685971174854,-0.538358313731081,-0.538358313731081,1,two_path_selected,0.840477425894287,0.323859288308291,27.567560493004,0.00122587107481564,0.000195554109376328
Light_multipath,20,20,15,20261109,21.226193965316,19.3027291422014,19.3027291422014,1.22619396531598,-0.697270857798571,-0.697270857798571,1,two_path_selected,0.916032131978374,0.443122591635019,24.0224805360621,0.00167681303901213,0.000140798415956711
Light_multipath,20,20,16,20261109,21.2538644719319,20.3351777365849,20.3351777365849,1.25386447193191,0.335177736584903,0.335177736584903,1,two_path_selected,0.920488156885355,0.162239950852464,27.8833557062412,0.00110657742711218,8.79860107787511e-05
Light_multipath,20,20,17,20261109,21.2406335068168,19.3911693549408,19.3911693549408,1.24063350681678,-0.608830645059243,-0.608830645059243,1,two_path_selected,0.793399541451963,0.46508933542504,21.7420810260314,0.00107529402369044,0.000222156238368409
Light_multipath,20,20,18,20261109,21.2702679373316,20.2864705054248,20.2864705054248,1.27026793733165,0.286470505424781,0.286470505424781,1,two_path_selected,0.92874846771484,0.173265917616589,28.1578455813339,0.00123092338087472,8.77051770129533e-05
Light_multipath,20,20,19,20261109,21.2508808258428,20.0949722020252,20.0949722020252,1.25088082584282,0.0949722020251969,0.0949722020251969,1,two_path_selected,0.963855194784955,0.232452316227537,25.7558707754672,0.00162504990970991,5.87371124511904e-05
Light_multipath,20,20,20,20261109,21.2398438357114,20.2605765307947,20.2605765307947,1.23984383571138,0.260576530794708,0.260576530794708,1,two_path_selected,0.911702813002034,0.205180728788475,24.6877686455832,0.00146428039196222,0.000129291839586543
Light_multipath,20,20,21,20261109,21.2485152098719,20.5841432087219,20.5841432087219,1.24851520987188,0.584143208721919,0.584143208721919,1,two_path_selected,0.906288813517156,0.119965991316076,29.4246348875674,0.0014147176788275,0.000132574872221181
Light_multipath,20,20,22,20261109,21.248716982622,20.1103128689021,20.1103128689021,1.24871698262202,0.110312868902142,0.110312868902142,1,two_path_selected,0.911327650278102,0.248353105397525,23.0909428126386,0.00108072544363247,9.58304644911312e-05
Light_multipath,20,20,23,20261109,21.1988925891134,20.470691114116,20.470691114116,1.19889258911337,0.470691114115986,0.470691114115986,1,two_path_selected,0.915921968985276,0.119587342713243,31.3710594068499,0.00130670052304604,0.000109864807103621
Light_multipath,20,20,24,20261109,21.2270740089661,20.7620594986594,20.7620594986594,1.22707400896608,0.76205949865939,0.76205949865939,1,two_path_selected,0.897165915099954,0.0824408809050819,31.6509991790275,0.00113082138573239,0.000116286982387193
Light_multipath,20,20,25,20261109,21.2171570435701,19.8438311485499,19.8438311485499,1.21715704357006,-0.156168851450111,-0.156168851450111,1,two_path_selected,0.950635604612508,0.27491908782647,25.4840411390201,0.00145909241521869,7.20272148917456e-05
Light_multipath,20,20,26,20261109,21.2366478572355,20.3208224821802,20.3208224821802,1.23664785723546,0.320822482180155,0.320822482180155,1,two_path_selected,0.923206800248653,0.161093696303176,29.0265743437227,0.00153621522831293,0.000117970882888896
Light_multipath,20,20,27,20261109,21.2327812456359,20.0140458728537,20.0140458728537,1.23278124563587,0.0140458728537318,0.0140458728537318,1,two_path_selected,0.88384230784118,0.21050978069331,28.9622199981024,0.00162676739247702,0.000188961545989352
Light_multipath,20,20,28,20261109,21.2110428786109,20.0332449621507,20.0332449621507,1.21104287861089,0.0332449621507038,0.0332449621507038,1,two_path_selected,0.92132352218774,0.217763519459901,27.0557674573289,0.00143755267556789,0.000113101581183273
Light_multipath,20,20,29,20261109,21.2244555658725,19.4937265500369,19.4937265500369,1.22445556587253,-0.506273449963103,-0.506273449963103,1,two_path_selected,0.938722842149502,0.338386271610574,26.286700725077,0.00141404681156088,8.66487696800089e-05
Light_multipath,20,20,30,20261109,21.2062952909122,18.9863255371769,18.9863255371769,1.20629529091218,-1.01367446282307,-1.01367446282307,1,two_path_selected,0.93135185955315,0.622323854355427,21.8323646522874,0.0013854345918658,9.5107508442327e-05
Light_multipath,20,20,31,20261109,21.2420262815012,20.2429588445526,20.2429588445526,1.24202628150122,0.242958844552582,0.242958844552582,1,two_path_selected,0.956787529254713,0.172531441073383,29.0331161766482,0.00139911023438488,6.04590100727886e-05
Light_multipath,20,20,32,20261109,21.2274210923695,20.650786563336,20.650786563336,1.22742109236946,0.650786563336013,0.650786563336013,1,two_path_selected,0.972467279341178,0.110648468833243,29.0024459772845,0.00134516108167704,3.70359443029322e-05
Light_multipath,20,20,33,20261109,21.2350373005778,20.2723031111565,20.2723031111565,1.23503730057776,0.272303111156475,0.272303111156475,1,two_path_selected,0.824870441216599,0.162707966649866,28.9386644279394,0.00120174230388947,0.000210460599451512
Light_multipath,20,20,34,20261109,21.2174248672497,20.3114205994658,20.3114205994658,1.21742486724967,0.311420599465752,0.311420599465752,1,two_path_selected,0.917766853709317,0.162512627698816,28.448993908909,0.00152555646219588,0.000125451307730451
Light_multipath,20,20,35,20261109,21.2456157027736,20.1091898083965,20.1091898083965,1.24561570277364,0.109189808396515,0.109189808396515,1,two_path_selected,0.945134184493338,0.230119913835511,25.0583520515164,0.00134308987714715,7.36897214084209e-05
Light_multipath,20,20,36,20261109,21.2389712182677,19.7980727004548,19.7980727004548,1.23897121826771,-0.201927299545218,-0.201927299545218,1,two_path_selected,0.938980925050108,0.30382599062769,24.7351897564502,0.00160972211621435,9.82237544577824e-05
Light_multipath,20,20,37,20261109,21.2152327985535,20.4206738901578,20.4206738901578,1.21523279855351,0.420673890157815,0.420673890157815,1,two_path_selected,0.949318938601481,0.135149505340227,30.2991093515312,0.00141009393081748,7.14650570854403e-05
Light_multipath,20,20,38,20261109,21.2176730993286,19.8694831020353,19.8694831020353,1.21767309932864,-0.130516897964739,-0.130516897964739,1,two_path_selected,0.914915755544816,0.270036241062058,25.0154419526499,0.00121357553587131,0.000103256157558906
Light_multipath,20,20,39,20261109,21.2356332536171,20.2798846594817,20.2798846594817,1.23563325361715,0.279884659481652,0.279884659481652,1,two_path_selected,0.906451334018402,0.178701991099417,26.6873301004589,0.00128780185235566,0.000120472145336503
Light_multipath,20,20,40,20261109,21.2216264638181,20.2600660510862,20.2600660510862,1.22162646381812,0.26006605108623,0.26006605108623,1,two_path_selected,0.973093831020905,0.188270737572027,26.1294354958517,0.00137406185939137,3.69707405765141e-05
Light_multipath,20,20,41,20261109,21.2319841587975,20.3949754928596,20.3949754928596,1.23198415879754,0.394975492859643,0.394975492859643,1,two_path_selected,0.934164367687459,0.213231170450994,21.4997114321634,0.00124927300384226,8.22466781389419e-05
Light_multipath,20,20,42,20261109,21.2332661876816,20.8357354230276,21.2332661876816,1.23326618768159,0.835735423027614,1.23326618768159,0,weak_echo,0.963867774843763,0.0710114001148538,34.712452424548,0.00130266886630959,4.70683247815185e-05
Light_multipath,20,20,43,20261109,21.2383868836988,20.6439131234753,20.6439131234753,1.23838688369881,0.643913123475336,0.643913123475336,1,two_path_selected,0.909025313455756,0.109699301153815,29.0481150230009,0.00125940110666445,0.000114573620912273
Light_multipath,20,20,44,20261109,21.2567829680793,20.7279854614151,20.7279854614151,1.25678296807934,0.727985461415109,0.727985461415109,1,two_path_selected,0.88194291666291,0.102226309837257,28.2559500842483,0.00115214880373626,0.000136019327339421
Light_multipath,20,20,45,20261109,21.2182188307214,20.6270310766458,20.6270310766458,1.21821883072137,0.627031076645828,0.627031076645828,1,two_path_selected,0.967393477865828,0.101880847134001,31.7544843713165,0.00135035317054211,4.40303205442305e-05
Light_multipath,20,20,46,20261109,21.2256446652787,20.9676814234544,21.2256446652787,1.22564466527871,0.967681423454422,1.22564466527871,0,weak_echo,0.908311957272202,0.0532446828273145,37.5368804905624,0.00141895298923611,0.000130101022305817
Light_multipath,20,20,47,20261109,21.2144636744422,20.3300187921677,20.3300187921677,1.21446367444215,0.330018792167721,0.330018792167721,1,two_path_selected,0.958007165581798,0.152095607359447,29.305826540486,0.00133126227043112,5.59034760894139e-05
Light_multipath,20,20,48,20261109,21.224776195615,20.4031771424575,20.4031771424575,1.22477619561503,0.403177142457452,0.403177142457452,1,two_path_selected,0.878506447037765,0.189780738270849,22.3661243073352,0.00103400158688349,0.000125624526559065
Light_multipath,20,20,49,20261109,21.2550871299676,19.3392771508654,19.3392771508654,1.25508712996759,-0.660722849134601,-0.660722849134601,1,two_path_selected,0.959519588607524,0.385312915866496,26.121608375654,0.0014379063010892,5.82070386119238e-05
Light_multipath,20,20,50,20261109,21.2075011899827,20.625764497774,20.625764497774,1.2075011899827,0.625764497773957,0.625764497773957,1,two_path_selected,0.942204930487256,0.117345167159081,27.9429258281215,0.00147653564421368,8.53364801953749e-05
Light_multipath,1,30,1,20261109,2.23671306161991,1.0632354373634,1.0632354373634,1.23671306161991,0.0632354373633954,0.0632354373633954,1,two_path_selected,0.955874323621392,0.244397876311743,24.5662782790197,0.00137795868483104,6.0803358989947e-05
Light_multipath,1,30,2,20261109,2.23784217155872,1.25560675478913,1.25560675478913,1.23784217155872,0.255606754789131,0.255606754789131,1,two_path_selected,0.914683508839024,0.184985155317469,26.398627283783,0.00123217607908277,0.000105124939559831
Light_multipath,1,30,3,20261109,2.2452598396684,0.642160980411007,0.642160980411007,1.2452598396684,-0.357839019588993,-0.357839019588993,1,two_path_selected,0.962037707727698,0.351565944499442,24.0945863428866,0.00145418773154038,5.52042996835311e-05
Light_multipath,1,30,4,20261109,2.23414908785763,1.26256923255097,1.26256923255097,1.23414908785763,0.262569232550967,0.262569232550967,1,two_path_selected,0.928113821928191,0.175361210269669,27.3083618401346,0.00114267831950121,8.21427771544592e-05
Light_multipath,1,30,5,20261109,2.23341660394659,0.845583239637337,0.845583239637337,1.23341660394659,-0.154416760362663,-0.154416760362663,1,two_path_selected,0.936705850730632,0.297525246542018,24.2488311386276,0.00148513831406816,9.40005661362875e-05
Light_multipath,1,30,6,20261109,2.2402101026211,1.77818000084335,1.77818000084335,1.2402101026211,0.778180000843346,0.778180000843346,1,two_path_selected,0.857220868061588,0.699892111164499,8.67641058357639,0.00115931178833795,0.00016552553078486
Light_multipath,1,30,7,20261109,2.23411653287379,0.404661582092301,0.404661582092301,1.23411653287379,-0.595338417907699,-0.595338417907699,1,two_path_selected,0.905620697766953,0.480793879032094,21.4674811140304,0.00120455252708518,0.000113684827009353
Light_multipath,1,30,8,20261109,2.24850597409109,1.60831217251073,1.60831217251073,1.24850597409109,0.608312172510728,0.608312172510728,1,two_path_selected,0.922779296727729,0.109765525114078,31.6936457176078,0.00153894434553492,0.000118838364659091
Light_multipath,1,30,9,20261109,2.23830077822852,0.577143121244441,0.577143121244441,1.23830077822852,-0.422856878755559,-0.422856878755559,1,two_path_selected,0.955598852176713,0.393935135328967,22.7558409038425,0.00131168444335716,5.82402948670069e-05
Light_multipath,1,30,10,20261109,2.23465083227186,0.277005624860639,0.277005624860639,1.23465083227186,-0.722994375139361,-0.722994375139361,1,two_path_selected,0.97681705826879,0.409007309204056,25.6718142161553,0.0015425259778179,3.57602898626297e-05
Light_multipath,1,30,11,20261109,2.22795072325146,1.18035064631165,1.18035064631165,1.22795072325146,0.180350646311647,0.180350646311647,1,two_path_selected,0.924034684116009,0.191726557899768,28.0709235323883,0.00175037013102619,0.000132967419917307
Light_multipath,1,30,12,20261109,2.22672517589811,0.0522812749153694,0.0522812749153694,1.22672517589811,-0.947718725084631,-0.947718725084631,1,two_path_selected,0.925467024825791,0.493993708465396,24.5211064664259,0.00139053801944744,0.00010364093568227
Light_multipath,1,30,13,20261109,2.229784157642,1.06217110346824,1.06217110346824,1.229784157642,0.06217110346824,0.06217110346824,1,two_path_selected,0.94759897373719,0.240942039138817,24.5008870845869,0.00126601517270397,6.63404943139767e-05
Light_multipath,1,30,14,20261109,2.24028903080596,0.85610036649016,0.85610036649016,1.24028903080596,-0.14389963350984,-0.14389963350984,1,two_path_selected,0.917409518606171,0.282707854095921,24.4657262725844,0.00107680831629753,8.89341172118918e-05
Light_multipath,1,30,15,20261109,2.23893482081521,0.836041364713557,0.836041364713557,1.23893482081521,-0.163958635286443,-0.163958635286443,1,two_path_selected,0.900232172837031,0.274789583886316,26.0079961868252,0.00163267592669913,0.000162888529668059
Light_multipath,1,30,16,20261109,2.21845203752575,1.18265879761414,1.18265879761414,1.21845203752575,0.182658797614142,0.182658797614142,1,two_path_selected,0.965907798171253,0.198329646045157,26.6068923931327,0.00149742411967124,5.1050485311066e-05
Light_multipath,1,30,17,20261109,2.23636470703388,1.28645368735078,1.28645368735078,1.23636470703388,0.286453687350782,0.286453687350782,1,two_path_selected,0.875275467831946,0.180120359561102,25.704520513133,0.000993689711055401,0.000123937484331593
Light_multipath,1,30,18,20261109,2.23950094957139,0.00168372289594993,0.00168372289594993,1.23950094957139,-0.99831627710405,-0.99831627710405,1,two_path_selected,0.919213353096828,0.540638582742641,23.4148453761402,0.00106875228447234,8.63409134326254e-05
Light_multipath,1,30,19,20261109,2.22370674390346,1.03980943421332,1.03980943421332,1.22370674390346,0.0398094342133191,0.0398094342133191,1,two_path_selected,0.941339384305925,0.248615163219409,24.7677734842397,0.00162162613625449,9.5125587578293e-05
Light_multipath,1,30,20,20261109,2.24437646058065,1.77237353450615,1.77237353450615,1.24437646058065,0.772373534506153,0.772373534506153,1,two_path_selected,0.954330279977152,0.0803693027884655,35.1105940137436,0.00149035778949269,6.80642229800021e-05
Light_multipath,1,30,21,20261109,2.24693960971833,1.91948668496715,2.24693960971833,1.24693960971833,0.919486684967146,1.24693960971833,0,weak_echo,0.94597701618865,0.0669520986480026,34.0379804330517,0.00144012188107512,7.77996810676918e-05
Light_multipath,1,30,22,20261109,2.24461790628528,1.45875323269863,1.45875323269863,1.24461790628528,0.458753232698631,0.458753232698631,1,two_path_selected,0.931007755576889,0.138707967583085,28.7822367048526,0.00126528478406618,8.72948370871374e-05
Light_multipath,1,30,23,20261109,2.21707123931306,1.63135535283382,1.63135535283382,1.21707123931306,0.631355352833818,0.631355352833818,1,two_path_selected,0.950743901105843,0.10464461209864,30.2365580636854,0.00122764721803303,6.04691127785717e-05
Light_multipath,1,30,24,20261109,2.23403135968899,1.38691640774197,1.38691640774197,1.23403135968899,0.386916407741967,0.386916407741967,1,two_path_selected,0.941412199653037,0.188276163672387,23.7727654700246,0.00130972360528614,7.67338250962091e-05
Light_multipath,1,30,25,20261109,2.22891668487787,1.11316807755294,1.11316807755294,1.22891668487787,0.113168077552943,0.113168077552943,1,two_path_selected,0.924092982203933,0.234979364280665,24.0776381627012,0.00124599979363982,9.45801285097136e-05
Light_multipath,1,30,26,20261109,2.25373286815833,0.000199341536545168,0.000199341536545168,1.25373286815833,-0.999800658463455,-0.999800658463455,1,two_path_selected,0.917736840160051,0.670557732915964,21.1333982748665,0.00128899722487308,0.000106036984742985
Light_multipath,1,30,27,20261109,2.20942550115052,1.58781467581686,1.58781467581686,1.20942550115052,0.587814675816861,0.587814675816861,1,two_path_selected,0.952807183698505,0.105269022026168,31.9028502600129,0.00137483602059385,6.4882383764564e-05
Light_multipath,1,30,28,20261109,2.22826083070733,1.05470170397861,1.05470170397861,1.22826083070733,0.0547017039786137,0.0547017039786137,1,two_path_selected,0.945693491610166,0.215961415870861,27.1028777888909,0.00139512446183665,7.57643382915951e-05
Light_multipath,1,30,29,20261109,2.22014819729402,1.29916229050785,1.29916229050785,1.22014819729402,0.299162290507845,0.299162290507845,1,two_path_selected,0.955922320986717,0.168865929998599,27.8222742406383,0.00143660719102345,6.33223106341063e-05
Light_multipath,1,30,30,20261109,2.24908171128492,1.8967478006143,2.24908171128492,1.24908171128492,0.896747800614304,1.24908171128492,0,weak_echo,0.977151608240142,0.0708084176739567,32.6260255137417,0.00126076859154112,2.88065346980559e-05
Light_multipath,1,30,31,20261109,2.23777857906291,1.35640391602801,1.35640391602801,1.23777857906291,0.356403916028011,0.356403916028011,1,two_path_selected,0.949882004539885,0.155111820949727,28.5376284649754,0.00125636788152828,6.29666397826689e-05
Light_multipath,1,30,32,20261109,2.23914422269683,1.09896753947068,1.09896753947068,1.23914422269683,0.0989675394706762,0.0989675394706762,1,two_path_selected,0.951515953008516,0.246270299678272,24.0117662493359,0.00144454051416432,7.00371701698455e-05
Light_multipath,1,30,33,20261109,2.24798865125555,1.65824306786338,1.65824306786338,1.24798865125555,0.658243067863383,0.658243067863383,1,two_path_selected,0.940358126952006,0.0945823792890989,32.9740266413411,0.00109045622705173,6.50368518582134e-05
Light_multipath,1,30,34,20261109,2.23546124129017,0.00689061090297044,0.00689061090297044,1.23546124129017,-0.99310938909703,-0.99310938909703,1,two_path_selected,0.912327516823698,0.518889520843264,24.2754422527991,0.00145350311789216,0.000127432227650104
Light_multipath,1,30,35,20261109,2.23091812152654,1.64473249550418,1.64473249550418,1.23091812152654,0.644732495504179,0.644732495504179,1,two_path_selected,0.935096226025186,0.0977407755604428,32.1239855136788,0.00120227028820197,7.80318790420953e-05
Light_multipath,1,30,36,20261109,2.26205844498522,1.85268946048844,2.26205844498522,1.26205844498522,0.852689460488441,1.26205844498522,0,weak_echo,0.879237657012481,0.0664721053128744,36.4206353463544,0.00117945998075619,0.000142434350736131
Light_multipath,1,30,37,20261109,2.23724659066866,1.26217202504195,1.26217202504195,1.23724659066866,0.26217202504195,0.26217202504195,1,two_path_selected,0.93945451830957,0.16928348857849,29.0181178287256,0.00142093061283477,8.60309284027583e-05
Light_multipath,1,30,38,20261109,2.27137329726975,0.352520088125345,0.352520088125345,1.27137329726975,-0.647479911874655,-0.647479911874655,1,two_path_selected,0.9485962724074,0.387620645681828,25.641385762509,0.00104772050837254,5.38567396055623e-05
Light_multipath,1,30,39,20261109,2.24653057468011,1.00831418872492,1.00831418872492,1.24653057468011,0.00831418872492318,0.00831418872492318,1,two_path_selected,0.934025935721345,0.246026644648656,25.4245134612273,0.0013848954989939,9.13671846698438e-05
Light_multipath,1,30,40,20261109,2.24004691056977,0.0809455378015082,0.0809455378015082,1.24004691056977,-0.919054462198492,-0.919054462198492,1,two_path_selected,0.940891515599769,0.470515080220286,25.1329826997156,0.00135364414926786,8.0011854080464e-05
Light_multipath,1,30,41,20261109,2.24723739165615,1.67524322393457,1.67524322393457,1.24723739165615,0.67524322393457,0.67524322393457,1,two_path_selected,0.92257202707846,0.101544842420821,30.8648102352838,0.00137026461531931,0.000106096811530287
Light_multipath,1,30,42,20261109,2.23029914948126,1.29381094645191,1.29381094645191,1.23029914948126,0.293810946451914,0.293810946451914,1,two_path_selected,0.971049866305565,0.185060321873612,25.7288257004589,0.00129820764406086,3.75832848586999e-05
Light_multipath,1,30,43,20261109,2.23239888009051,1.40898052649572,1.40898052649572,1.23239888009051,0.408980526495718,0.408980526495718,1,two_path_selected,0.906551244970584,0.208663215186281,21.3777220319518,0.0011872707897258,0.000110948977182668
Light_multipath,1,30,44,20261109,2.2255569482109,1.11767562979903,1.11767562979903,1.2255569482109,0.117675629799026,0.117675629799026,1,two_path_selected,0.899450203024433,0.238105810426051,23.763942791209,0.00130591160903859,0.000131309147156866
Light_multipath,1,30,45,20261109,2.22876395936605,1.05992306205198,1.05992306205198,1.22876395936605,0.0599230620519799,0.0599230620519799,1,two_path_selected,0.956691512817569,0.265124267567897,23.1834680882537,0.0014263385939326,6.17725667131364e-05
Light_multipath,1,30,46,20261109,2.23027990510399,1.4965073005882,1.4965073005882,1.23027990510399,0.496507300588203,0.496507300588203,1,two_path_selected,0.926152593478888,0.144178972806319,26.6538895475819,0.00133375854422302,9.84946094162442e-05
Light_multipath,1,30,47,20261109,2.22956511466547,0.442894143577377,0.442894143577377,1.22956511466547,-0.557105856422623,-0.557105856422623,1,two_path_selected,0.950493050287336,0.699872123462127,17.2471835050307,0.00110990027363367,5.49477770328544e-05
Light_multipath,1,30,48,20261109,2.21699446840654,0.806632435644537,0.806632435644537,1.21699446840654,-0.193367564355463,-0.193367564355463,1,two_path_selected,0.959096160774661,0.279754790770133,25.7431690524372,0.0014725703364562,6.02337802904085e-05
Light_multipath,1,30,49,20261109,2.24734098339697,1.53964265614925,1.53964265614925,1.24734098339697,0.539642656149246,0.539642656149246,1,two_path_selected,0.909889105400312,0.133811261065349,27.3131471102848,0.00121311843588412,0.000109315187512893
Light_multipath,1,30,50,20261109,2.20812144183065,1.60748606431027,1.60748606431027,1.20812144183065,0.607486064310273,0.607486064310273,1,two_path_selected,0.925745071980196,0.0952225396843101,35.2883292391937,0.00158242330208336,0.00011750272839306
Light_multipath,3,30,1,20261109,4.2327141588834,3.27530851255019,3.27530851255019,1.2327141588834,0.275308512550186,0.275308512550186,1,two_path_selected,0.955313095938571,0.197875522507927,24.0625482752751,0.000979616460935695,4.37760268068299e-05
Light_multipath,3,30,2,20261109,4.22718310125045,3.1123375567726,3.1123375567726,1.22718310125045,0.112337556772602,0.112337556772602,1,two_path_selected,0.931068177054845,0.19264741656642,28.8877835743312,0.00146050300117406,0.000100675134287798
Light_multipath,3,30,3,20261109,4.23265015882288,2.66755143838307,2.66755143838307,1.23265015882288,-0.332448561616927,-0.332448561616927,1,two_path_selected,0.921627822713665,0.329107301813408,24.7174693022147,0.00147120590102956,0.000115301609700191
Light_multipath,3,30,4,20261109,4.24649826888982,3.12373005470727,3.12373005470727,1.24649826888982,0.123730054707272,0.123730054707272,1,two_path_selected,0.966751503691523,0.196706371723729,28.318515644644,0.00129805815029549,4.31584816182884e-05
Light_multipath,3,30,5,20261109,4.24749791985988,2.92835533082176,2.92835533082176,1.24749791985988,-0.0716446691782413,-0.0716446691782413,1,two_path_selected,0.943990507483184,0.24921401065439,26.2224826744605,0.00116644256789433,6.53318562777727e-05
Light_multipath,3,30,6,20261109,4.2572479609168,3.4313634525938,3.4313634525938,1.2572479609168,0.431363452593795,0.431363452593795,1,two_path_selected,0.897365782450052,0.15977117612686,26.4820207239035,0.00135636557063679,0.000139209519053995
Light_multipath,3,30,7,20261109,4.244863098741,3.44548423407209,3.44548423407209,1.244863098741,0.445484234072087,0.445484234072087,1,two_path_selected,0.927908499516567,0.170455134013149,24.6891068878708,0.00131966549186724,9.51366654449171e-05
Light_multipath,3,30,8,20261109,4.25881291899175,2.80837607757825,2.80837607757825,1.25881291899175,-0.19162392242175,-0.19162392242175,1,two_path_selected,0.941024326774978,0.298211870424744,24.784321493237,0.00128990395331052,7.60729540421057e-05
Light_multipath,3,30,9,20261109,4.246065016737,3.51109356651397,3.51109356651397,1.246065016737,0.511093566513967,0.511093566513967,1,two_path_selected,0.937482480537167,0.135845640341993,28.9015221994897,0.00160949370556707,0.000100621554063096
Light_multipath,3,30,10,20261109,4.21372258883649,2.93820504189219,2.93820504189219,1.21372258883649,-0.0617949581078081,-0.0617949581078081,1,two_path_selected,0.976063460384566,0.27668126629555,24.3617140478533,0.00167914722323115,4.01929740290186e-05
Light_multipath,3,30,11,20261109,4.24568168312418,2.94714099255324,2.94714099255324,1.24568168312418,-0.0528590074467559,-0.0528590074467559,1,two_path_selected,0.955993133103249,0.240284225187188,26.8613492409715,0.00127081586911992,5.5924624802639e-05
Light_multipath,3,30,12,20261109,4.23984140662722,3.86336750047822,4.23984140662722,1.23984140662722,0.863367500478223,1.23984140662722,0,weak_echo,0.934431082344788,0.0670496618547343,36.6086285073822,0.00148507634566486,9.73748486206016e-05
Light_multipath,3,30,13,20261109,4.24674262493738,3.04735884487661,3.04735884487661,1.24674262493738,0.0473588448766087,0.0473588448766087,1,two_path_selected,0.951096923523565,0.221811759448948,26.7203902697341,0.00120400710103086,5.88796513398826e-05
Light_multipath,3,30,14,20261109,4.23287090971714,3.12912277515242,3.12912277515242,1.23287090971714,0.129122775152425,0.129122775152425,1,two_path_selected,0.963753798907579,0.200502165539942,27.4149974859602,0.00129957252751822,4.71045671666115e-05
Light_multipath,3,30,15,20261109,4.22633612678064,3.13528718135172,3.13528718135172,1.22633612678064,0.135287181351721,0.135287181351721,1,two_path_selected,0.96016837045212,0.245703895631945,23.3425677481979,0.00143643257290882,5.72154501146116e-05
Light_multipath,3,30,16,20261109,4.23426771077718,3.38028358505024,3.38028358505024,1.23426771077718,0.380283585050238,0.380283585050238,1,two_path_selected,0.929137171897692,0.170839309315629,26.6572786034815,0.00173673389061957,0.000123069875150428
Light_multipath,3,30,17,20261109,4.24020901460465,3.46717070595436,3.46717070595436,1.24020901460465,0.467170705954356,0.467170705954356,1,two_path_selected,0.890866628514624,0.160133601348487,25.0788354465464,0.00126689251002055,0.000138260250928113
Light_multipath,3,30,18,20261109,4.22482009673435,2.91684070644461,2.91684070644461,1.22482009673435,-0.0831592935553918,-0.0831592935553918,1,two_path_selected,0.978901043053252,0.2475490089625,26.6230391670272,0.00140299051944193,2.96016365664009e-05
Light_multipath,3,30,19,20261109,4.24218212501463,3.17753808846288,3.17753808846288,1.24218212501463,0.177538088462883,0.177538088462883,1,two_path_selected,0.942702323158337,0.210096892414494,25.5281040637201,0.001319458531017,7.56019085161874e-05
Light_multipath,3,30,20,20261109,4.22719222837539,3.21440303091814,3.21440303091814,1.22719222837539,0.214403030918136,0.214403030918136,1,two_path_selected,0.914454509399428,0.200826609694091,25.2889332718357,0.00127372952600524,0.000108961817194553
Light_multipath,3,30,21,20261109,4.24157350395157,3.63109795401743,3.63109795401743,1.24157350395157,0.631097954017429,0.631097954017429,1,two_path_selected,0.94231825145623,0.116637910800603,27.143632176933,0.000985165200454663,5.68260513666985e-05
Light_multipath,3,30,22,20261109,4.22887058629694,2.52363806286963,2.52363806286963,1.22887058629694,-0.476361937130374,-0.476361937130374,1,two_path_selected,0.962241686963069,0.574909547473566,18.5342612094496,0.00116436362094774,4.39644060885591e-05
Light_multipath,3,30,23,20261109,4.23024102625847,2.99670747343145,2.99670747343145,1.23024102625847,-0.00329252656855417,-0.00329252656855417,1,two_path_selected,0.955761571679867,0.242939357215536,25.7617009922446,0.00143369140756455,6.34242545667352e-05
Light_multipath,3,30,24,20261109,4.23820682961802,3.33570938783823,3.33570938783823,1.23820682961802,0.33570938783823,0.33570938783823,1,two_path_selected,0.953318919243432,0.173218479379144,26.7841789084661,0.00143903710976834,6.71758075327933e-05
Light_multipath,3,30,25,20261109,4.2161003852226,3.11003510406741,3.11003510406741,1.2161003852226,0.110035104067407,0.110035104067407,1,two_path_selected,0.910729383537502,0.236818899338082,23.5719188340001,0.00115918491061917,0.000103481151564999
Light_multipath,3,30,26,20261109,4.22246334431498,3.12535038897357,3.12535038897357,1.22246334431498,0.125350388973571,0.125350388973571,1,two_path_selected,0.968097871361804,0.194326893459747,27.9435678273143,0.00123886308544874,3.95223695170976e-05
Light_multipath,3,30,27,20261109,4.238363989104,3.03556066749011,3.03556066749011,1.238363989104,0.035560667490115,0.035560667490115,1,two_path_selected,0.919750420704912,0.221016054613791,26.9096526036631,0.00125088378635252,0.000100382897601836
Light_multipath,3,30,28,20261109,4.23899415051015,2.95403828662664,2.95403828662664,1.23899415051015,-0.0459617133733592,-0.0459617133733592,1,two_path_selected,0.916787260043282,0.363846382010785,19.9174312795681,0.00133771448718023,0.000111314887758063
Light_multipath,3,30,29,20261109,4.24685164828203,3.66771387766503,3.66771387766503,1.24685164828203,0.667713877665034,0.667713877665034,1,two_path_selected,0.965289275286195,0.100737157222216,32.5812136963979,0.00158108415742708,5.48805769378102e-05
Light_multipath,3,30,30,20261109,4.21233377842219,3.27513929535945,3.27513929535945,1.21233377842219,0.275139295359454,0.275139295359454,1,two_path_selected,0.940234638186485,0.17729750629691,27.060850610768,0.00150705465928636,9.00696669849932e-05
Light_multipath,3,30,31,20261109,4.21941221792176,2.91615017234829,2.91615017234829,1.21941221792176,-0.0838498276517115,-0.0838498276517115,1,two_path_selected,0.921412952123306,0.285845596592202,23.4178493915013,0.00126918541516163,9.97415349857089e-05
Light_multipath,3,30,32,20261109,4.23574827783578,3.32621814728423,3.32621814728423,1.23574827783578,0.326218147284234,0.326218147284234,1,two_path_selected,0.947438265631465,0.170009845651291,27.128935098593,0.0013177440314649,6.92629117475807e-05
Light_multipath,3,30,33,20261109,4.2558763405772,3.48620203496426,3.48620203496426,1.2558763405772,0.486202034964261,0.486202034964261,1,two_path_selected,0.962515580297433,0.159778365974854,25.53369891947,0.00135130112286053,5.0652738433854e-05
Light_multipath,3,30,34,20261109,4.23610057118935,3.30937789721515,3.30937789721515,1.23610057118935,0.309377897215153,0.309377897215153,1,two_path_selected,0.939908931813385,0.20158134546937,24.0913776830007,0.00138717287595225,8.33566998754698e-05
Light_multipath,3,30,35,20261109,4.21746019877999,3.12092728447571,3.12092728447571,1.21746019877999,0.120927284475705,0.120927284475705,1,two_path_selected,0.861183016596813,0.195184693846155,27.9990881804221,0.00149633490765089,0.000207716698040983
Light_multipath,3,30,36,20261109,4.23513650774075,3.82283570986891,4.23513650774075,1.23513650774075,0.822835709868912,1.23513650774075,0,weak_echo,0.925904303294799,0.0706024452884894,37.8949192169755,0.00170774885604796,0.000126536841286384
Light_multipath,3,30,37,20261109,4.23596401812449,3.60447901668439,3.60447901668439,1.23596401812449,0.604479016684388,0.604479016684388,1,two_path_selected,0.945616443276532,0.145431388798603,23.921566326715,0.00117067678654625,6.36655674259856e-05
Light_multipath,3,30,38,20261109,4.21473877177816,3.42552894663558,3.42552894663558,1.21473877177816,0.42552894663558,0.42552894663558,1,two_path_selected,0.886115798077994,0.164572189857935,25.0615721590622,0.00135807137067268,0.000154662874202183
Light_multipath,3,30,39,20261109,4.22251645830883,3.97353992350609,4.22251645830883,1.22251645830883,0.973539923506086,1.22251645830883,0,weak_echo,0.937736726280792,0.0440418869766957,42.0129125132994,0.00106992195222566,6.66168433696157e-05
Light_multipath,3,30,40,20261109,4.22085237075532,1.93401552973386,1.93401552973386,1.22085237075532,-1.06598447026614,-1.06598447026614,1,two_path_selected,0.966170744713247,0.451500809149676,27.61052355596,0.00176448055614276,5.96910631822656e-05
Light_multipath,3,30,41,20261109,4.22321300345383,3.75168564629461,4.22321300345383,1.22321300345383,0.751685646294611,1.22321300345383,0,weak_echo,0.925940926619804,0.0799206461220415,33.4438738139624,0.00119379034261957,8.84110065846322e-05
Light_multipath,3,30,42,20261109,4.23933245570156,2.42701182579712,2.42701182579712,1.23933245570156,-0.572988174202884,-0.572988174202884,1,two_path_selected,0.924627653553071,0.354246800926304,26.4574085316688,0.00142584557939252,0.000107469326989795
Light_multipath,3,30,43,20261109,4.23149927383839,3.6185097129473,3.6185097129473,1.23149927383839,0.618509712947296,0.618509712947296,1,two_path_selected,0.966204101716546,0.10889154314944,31.2351272419381,0.00156294141820257,5.28210091925718e-05
Light_multipath,3,30,44,20261109,4.23253907859764,3.72005026989519,3.72005026989519,1.23253907859764,0.720050269895195,0.720050269895195,1,two_path_selected,0.912229282099099,0.102523609784592,27.7369446815375,0.00113222163008153,9.93759052951848e-05
Light_multipath,3,30,45,20261109,4.2236787328315,2.93466979466459,2.93466979466459,1.2236787328315,-0.0653302053354099,-0.0653302053354099,1,two_path_selected,0.892166210970321,0.264311378338515,24.1764785415886,0.00103783209491826,0.000111913367171645
Light_multipath,3,30,46,20261109,4.2120787310688,3.65988113214762,3.65988113214762,1.2120787310688,0.659881132147621,0.659881132147621,1,two_path_selected,0.963876983998954,0.0921361601562689,34.4190358951778,0.0016006752674711,5.78212182993365e-05
Light_multipath,3,30,47,20261109,4.23735943578183,2.32632878011455,2.32632878011455,1.23735943578183,-0.673671219885454,-0.673671219885454,1,two_path_selected,0.908805623641375,0.4227741354421,24.3559909744148,0.00141993498857285,0.000129490085752693
Light_multipath,3,30,48,20261109,4.2425468866263,3.22579736809626,3.22579736809626,1.2425468866263,0.22579736809626,0.22579736809626,1,two_path_selected,0.936615063082385,0.188932443320734,27.4525762418799,0.00163807271789329,0.000103829135890132
Light_multipath,3,30,49,20261109,4.2517179975771,3.20019742096406,3.20019742096406,1.2517179975771,0.200197420964056,0.200197420964056,1,two_path_selected,0.916636458739227,0.192043297767191,26.3601881432658,0.000906226971961521,7.55462895687398e-05
Light_multipath,3,30,50,20261109,4.22919299512234,3.48739499746298,3.48739499746298,1.22919299512234,0.487394997462983,0.487394997462983,1,two_path_selected,0.938649910537019,0.159608193536765,25.1740214010748,0.00141536089525807,8.68325175464868e-05
Light_multipath,5,30,1,20261109,6.2409176253287,5.35241777909612,5.35241777909612,1.2409176253287,0.35241777909612,0.35241777909612,1,two_path_selected,0.937323331466952,0.155999149044879,28.894427369865,0.00143717491019291,9.00773354701734e-05
Light_multipath,5,30,2,20261109,6.25468251061792,5.34170445493881,5.34170445493881,1.25468251061792,0.341704454938807,0.341704454938807,1,two_path_selected,0.958531344842815,0.16601025602981,28.2915854761934,0.0015449542327064,6.40671743097343e-05
Light_multipath,5,30,3,20261109,6.2209980297775,6.00452656595267,6.2209980297775,1.2209980297775,1.00452656595267,1.2209980297775,0,weak_echo,0.971495686191773,0.0627698588113922,29.1904527020501,0.00100046298379652,2.85175108436508e-05
Light_multipath,5,30,4,20261109,6.23539754090732,4.23914645643733,4.23914645643733,1.23539754090732,-0.760853543562673,-0.760853543562673,1,two_path_selected,0.97067754618746,0.382495396742772,27.6439890378594,0.00177328345600469,5.19970222352395e-05
Light_multipath,5,30,5,20261109,6.22240691331966,5.77944618032691,6.22240691331966,1.22240691331966,0.779446180326906,1.22240691331966,0,weak_echo,0.946639120387952,0.0732261673562696,34.6077781345233,0.00107286798020012,5.72491791310803e-05
Light_multipath,5,30,6,20261109,6.22477841966785,4.90170666727794,4.90170666727794,1.22477841966785,-0.0982933327220632,-0.0982933327220632,1,two_path_selected,0.919961584352033,0.251066022154966,26.1808122112792,0.00124475055216178,9.96278620719604e-05
Light_multipath,5,30,7,20261109,6.230637385187,5.73808435768396,5.73808435768396,1.230637385187,0.738084357683958,0.738084357683958,1,two_path_selected,0.933291388606128,0.0911592077438046,29.4964865970602,0.00100327014330848,6.69267581130395e-05
Light_multipath,5,30,8,20261109,6.22550605472631,4.89476992289491,4.89476992289491,1.22550605472631,-0.105230077105093,-0.105230077105093,1,two_path_selected,0.960953559988475,0.260914638440052,25.4014027621774,0.0011362479748509,4.43664383882325e-05
Light_multipath,5,30,9,20261109,6.23678472306157,5.5200124341836,5.5200124341836,1.23678472306157,0.520012434183599,0.520012434183599,1,two_path_selected,0.948687947313226,0.134307779560683,28.1544995071948,0.00137080392773026,7.03387633629315e-05
Light_multipath,5,30,10,20261109,6.25692804820254,5.25387967200566,5.25387967200566,1.25692804820254,0.253879672005656,0.253879672005656,1,two_path_selected,0.928567122443304,0.200731047039099,25.0631893528491,0.0012008177811702,8.57778695302347e-05
Light_multipath,5,30,11,20261109,6.23311864605958,5.37376137959405,5.37376137959405,1.23311864605958,0.373761379594049,0.373761379594049,1,two_path_selected,0.944563217839928,0.174980545326186,25.3963050255701,0.00132618722631461,7.35195523686727e-05
Light_multipath,5,30,12,20261109,6.24741982577513,5.35746421799959,5.35746421799959,1.24741982577513,0.357464217999592,0.357464217999592,1,two_path_selected,0.954584171159438,0.156340719589027,28.9073043908099,0.00139279213115739,6.32548090391261e-05
Light_multipath,5,30,13,20261109,6.25687797668614,5.6478141387663,5.6478141387663,1.25687797668614,0.647814138766297,0.647814138766297,1,two_path_selected,0.902163177573856,0.114360668279093,28.3749035018678,0.00122322876581493,0.000119676815547587
Light_multipath,5,30,14,20261109,6.25356007021102,5.93883989711605,6.25356007021102,1.25356007021102,0.938839897116049,1.25356007021102,0,weak_echo,0.910818643818011,0.0707503295972844,31.9354098018126,0.00148378858488885,0.000132326278287742
Light_multipath,5,30,15,20261109,6.24239601869646,5.48872228694856,5.48872228694856,1.24239601869646,0.488722286948558,0.488722286948558,1,two_path_selected,0.914789999136701,0.146820145246975,26.7293649856342,0.00135112106762159,0.000115129027338456
Light_multipath,5,30,16,20261109,6.23497454465172,5.30059205573655,5.30059205573655,1.23497454465172,0.30059205573655,0.30059205573655,1,two_path_selected,0.96511770179908,0.180476272679252,26.5156158470083,0.00140332562164569,4.89512228072364e-05
Light_multipath,5,30,17,20261109,6.23542253851956,4.9440826993951,4.9440826993951,1.23542253851956,-0.0559173006049036,-0.0559173006049036,1,two_path_selected,0.924916155133367,0.278327588600643,24.3953506962876,0.00171435950864085,0.000128720703392426
Light_multipath,5,30,18,20261109,6.22586490672724,4.38663527322034,4.38663527322034,1.22586490672724,-0.613364726779658,-0.613364726779658,1,two_path_selected,0.938655306390069,0.401827491750885,24.2528644395056,0.00122285848814752,7.5015879283713e-05
Light_multipath,5,30,19,20261109,6.22781381829739,4.86695052914225,4.86695052914225,1.22781381829739,-0.133049470857745,-0.133049470857745,1,two_path_selected,0.93022216025689,0.281708743749926,24.1505205548275,0.00107478851988407,7.49964210982057e-05
Light_multipath,5,30,20,20261109,6.25123605824371,5.34451944616679,5.34451944616679,1.25123605824371,0.344519446166794,0.344519446166794,1,two_path_selected,0.958993333066843,0.158975569428952,29.094170239345,0.00147052165758388,6.03011918305363e-05
Light_multipath,5,30,21,20261109,6.24149903916845,4.57855289499986,4.57855289499986,1.24149903916845,-0.421447105000141,-0.421447105000141,1,two_path_selected,0.965565460513806,0.319529150266982,26.5427096080484,0.00134192114014953,4.62084364878379e-05
Light_multipath,5,30,22,20261109,6.23595589588963,5.0829354116764,5.0829354116764,1.23595589588963,0.0829354116763952,0.0829354116763952,1,two_path_selected,0.915475534499981,0.247786061634179,23.9949839661584,0.0014309371150607,0.000120949194814646
Light_multipath,5,30,23,20261109,6.22610742637641,5.78569912363385,6.22610742637641,1.22610742637641,0.785699123633847,1.22610742637641,0,weak_echo,0.966926561313951,0.0772768426610031,34.0221562046911,0.00130484251226992,4.31556288245094e-05
Light_multipath,5,30,24,20261109,6.24150478092443,5.39630654608525,5.39630654608525,1.24150478092443,0.396306546085246,0.396306546085246,1,two_path_selected,0.959533983809783,0.14814749740829,29.1087278920771,0.0013764517102679,5.56995171927532e-05
Light_multipath,5,30,25,20261109,6.2256898314242,4.99416126521142,4.99416126521142,1.2256898314242,-0.00583873478857733,-0.00583873478857733,1,two_path_selected,0.921188827964067,0.280172785559522,22.757510249991,0.00124749158942272,9.83162742673738e-05
Light_multipath,5,30,26,20261109,6.24753225796935,5.85763840313268,6.24753225796935,1.24753225796935,0.857638403132677,1.24753225796935,0,weak_echo,0.977624317394872,0.068150909543689,38.9370757513158,0.00176070352755753,3.93969432943564e-05
Light_multipath,5,30,27,20261109,6.22191810103107,4.37648961351758,4.37648961351758,1.22191810103107,-0.623510386482421,-0.623510386482421,1,two_path_selected,0.927187303627365,0.357546344360622,26.7287202088416,0.00141057052138693,0.000102707443085936
Light_multipath,5,30,28,20261109,6.24336827547928,5.50156268702698,5.50156268702698,1.24336827547928,0.501562687026979,0.501562687026979,1,two_path_selected,0.933343500646345,0.140241096183315,27.213840873072,0.00121773742953857,8.11701141849586e-05
Light_multipath,5,30,29,20261109,6.23567817236507,4.9349420839641,4.9349420839641,1.23567817236507,-0.0650579160358991,-0.0650579160358991,1,two_path_selected,0.952786244013654,0.299235966767467,22.8258565429573,0.00131210285025629,6.194930380099e-05
Light_multipath,5,30,30,20261109,6.23335367342011,5.35956044056586,5.35956044056586,1.23335367342011,0.359560440565858,0.359560440565858,1,two_path_selected,0.954759918406201,0.160526460146306,28.0130145699818,0.00144992979330039,6.55949421541902e-05
Light_multipath,5,30,31,20261109,6.21734149390534,5.1040203423286,5.1040203423286,1.21734149390534,0.104020342328599,0.104020342328599,1,two_path_selected,0.947190586481612,0.213732017016573,25.873781431858,0.00119554730740812,6.31361521377105e-05
Light_multipath,5,30,32,20261109,6.24058118911405,5.31784906277159,5.31784906277159,1.24058118911405,0.317849062771595,0.317849062771595,1,two_path_selected,0.956785638483269,0.154275918708093,30.3996086077861,0.00147652739308013,6.38071885539215e-05
Light_multipath,5,30,33,20261109,6.24088292537508,5.82879148687358,6.24088292537508,1.24088292537508,0.828791486873576,1.24088292537508,0,weak_echo,0.953381103888611,0.0666502071546689,37.8744698438787,0.0012541592043398,5.84675176542593e-05
Light_multipath,5,30,34,20261109,6.2307383523712,4.96595711878755,4.96595711878755,1.2307383523712,-0.03404288121245,-0.03404288121245,1,two_path_selected,0.955246617989323,0.231589216923968,27.6984349190728,0.00171526218066731,7.67637836198709e-05
Light_multipath,5,30,35,20261109,6.24238153174955,5.75952523298788,6.24238153174955,1.24238153174955,0.75952523298788,1.24238153174955,0,weak_echo,0.967439681120686,0.0788814444028676,36.8233982646822,0.00152645822682773,4.97019666214626e-05
Light_multipath,5,30,36,20261109,6.24438785281894,5.25736782991222,5.25736782991222,1.24438785281894,0.257367829912219,0.257367829912219,1,two_path_selected,0.966340440460969,0.169342710530187,29.5464843916392,0.00152147204673314,5.12120789439852e-05
Light_multipath,5,30,37,20261109,6.23155081657972,4.74634975983784,4.74634975983784,1.23155081657972,-0.253650240162163,-0.253650240162163,1,two_path_selected,0.922678616871724,0.301976947203584,25.0746782496578,0.0013654232983189,0.00010557641798159
Light_multipath,5,30,38,20261109,6.20435648737114,5.0723801659931,5.0723801659931,1.20435648737114,0.0723801659931045,0.0723801659931045,1,two_path_selected,0.966574738551375,0.234356812797214,24.9650659999229,0.00149998819854491,5.01374977062152e-05
Light_multipath,5,30,39,20261109,6.23770777617647,4.2626960905871,4.2626960905871,1.23770777617647,-0.737303909412899,-0.737303909412899,1,two_path_selected,0.932794148787401,0.396074816360434,26.3616843494504,0.00147985894661828,9.9455180182062e-05
Light_multipath,5,30,40,20261109,6.23637095191491,5.56621044586875,5.56621044586875,1.23637095191491,0.566210445868753,0.566210445868753,1,two_path_selected,0.933245255052997,0.143573690314479,25.5584251476102,0.001414688052775,9.4437140142567e-05
Light_multipath,5,30,41,20261109,6.24164109967549,5.36198898214423,5.36198898214423,1.24164109967549,0.361988982144226,0.361988982144226,1,two_path_selected,0.966467637431579,0.146365268717921,30.3107404955555,0.00131179094670064,4.39874496387382e-05
Light_multipath,5,30,42,20261109,6.226103994856,5.94429643652467,6.226103994856,1.226103994856,0.944296436524667,1.226103994856,0,weak_echo,0.94097213715022,0.0476166335606195,43.7852083810164,0.00123709103673275,7.3022840048953e-05
Light_multipath,5,30,43,20261109,6.22025443191255,4.78323881514166,4.78323881514166,1.22025443191255,-0.216761184858342,-0.216761184858342,1,two_path_selected,0.962014375120842,0.309785857783444,24.5871294850281,0.00174969610419806,6.64632998665926e-05
Light_multipath,5,30,44,20261109,6.22905391693509,5.27395460315179,5.27395460315179,1.22905391693509,0.27395460315179,0.27395460315179,1,two_path_selected,0.94963621671468,0.163837571724816,28.957034102726,0.00125188431716761,6.30496304481198e-05
Light_multipath,5,30,45,20261109,6.25855228268492,5.53109246340273,5.53109246340273,1.25855228268492,0.531092463402727,0.531092463402727,1,two_path_selected,0.957007693801573,0.13798170771777,27.2803685376751,0.00120202483576737,5.16778197974244e-05
Light_multipath,5,30,46,20261109,6.2314498063968,3.23261986652507,6.2314498063968,1.2314498063968,-1.76738013347493,1.2314498063968,0,excessive_shift,0.924568486582663,0.665383474489841,27.1413193709404,0.00150635982449132,0.000113627001312455
Light_multipath,5,30,47,20261109,6.2390557203715,5.16200181461191,5.16200181461191,1.2390557203715,0.162001814611912,0.162001814611912,1,two_path_selected,0.890135423003523,0.242688831035193,22.9349209102965,0.00127418803302737,0.000139988129262525
Light_multipath,5,30,48,20261109,6.22835701446204,5.2923770108727,5.2923770108727,1.22835701446204,0.292377010872702,0.292377010872702,1,two_path_selected,0.971209715544842,0.180230310411289,26.4204534322573,0.00132191446900909,3.80582935881613e-05
Light_multipath,5,30,49,20261109,6.23252783638853,5.43625315254146,5.43625315254146,1.23252783638853,0.436253152541457,0.436253152541457,1,two_path_selected,0.955874578360484,0.141745947815356,28.2943231523485,0.00113464140347053,5.0066530337789e-05
Light_multipath,5,30,50,20261109,6.21933484460841,5.23658094437687,5.23658094437687,1.21933484460841,0.23658094437687,0.23658094437687,1,two_path_selected,0.915492435678852,0.180210561407158,27.5239080174133,0.00144223160401613,0.000121879480042386
Light_multipath,10,30,1,20261109,11.2260544874121,10.0329798246113,10.0329798246113,1.22605448741211,0.03297982461131,0.03297982461131,1,two_path_selected,0.886558767125869,0.249624539031691,24.0610442263187,0.00122332801521052,0.000138775838254945
Light_multipath,10,30,2,20261109,11.2317781839691,9.23717889413758,9.23717889413758,1.2317781839691,-0.762821105862423,-0.762821105862423,1,two_path_selected,0.966501781616978,0.544115333345662,21.4008620583037,0.00114867493510395,3.84785638272156e-05
Light_multipath,10,30,3,20261109,11.2273475723697,10.4081542598819,10.4081542598819,1.22734757236972,0.408154259881901,0.408154259881901,1,two_path_selected,0.959566911295462,0.1329177156115,31.7420482594532,0.0013977296760892,5.65145279782797e-05
Light_multipath,10,30,4,20261109,11.2277702986548,10.453125863295,10.453125863295,1.22777029865476,0.453125863294964,0.453125863294964,1,two_path_selected,0.944633987853704,0.139302663255626,28.6145915681924,0.00133069347491288,7.3675191095024e-05
Light_multipath,10,30,5,20261109,11.2456501009705,10.4081619353165,10.4081619353165,1.24565010097053,0.408161935316519,0.408161935316519,1,two_path_selected,0.948836989439717,0.152143420191647,28.5722330321529,0.00152039741232279,7.77881088624977e-05
Light_multipath,10,30,6,20261109,11.2300701522944,10.4324014801165,10.4324014801165,1.23007015229443,0.432401480116493,0.432401480116493,1,two_path_selected,0.942489104217503,0.166032669938962,25.5530638841466,0.00145919563631036,8.39196481661197e-05
Light_multipath,10,30,7,20261109,11.2208914930739,10.422358622546,10.422358622546,1.22089149307389,0.422358622545957,0.422358622545957,1,two_path_selected,0.919013799931863,0.139313526796437,28.6126762955267,0.00112482943481207,9.10956616502201e-05
Light_multipath,10,30,8,20261109,11.2094206449385,10.4277320256282,10.4277320256282,1.20942064493845,0.427732025628153,0.427732025628153,1,two_path_selected,0.960304598683901,0.147189263307279,28.1803165476708,0.00156544135175785,6.2140822694845e-05
Light_multipath,10,30,9,20261109,11.2539567190499,10.3501078725714,10.3501078725714,1.25395671904988,0.350107872571357,0.350107872571357,1,two_path_selected,0.968077446762177,0.16579384044465,27.8058281064879,0.00139396024739402,4.44987702088451e-05
Light_multipath,10,30,10,20261109,11.2424041449448,10.4693611358045,10.4693611358045,1.24240414494475,0.469361135804535,0.469361135804535,1,two_path_selected,0.971790443156245,0.150717344029012,26.8307561600051,0.00133218159189208,3.75802523426838e-05
Light_multipath,10,30,11,20261109,11.2451382969038,10.3772468351141,10.3772468351141,1.24513829690382,0.377246835114089,0.377246835114089,1,two_path_selected,0.942588907572404,0.172313871517369,25.9938464469096,0.00138268383595475,7.93813895041406e-05
Light_multipath,10,30,12,20261109,11.2220055152647,10.6951670603227,10.6951670603227,1.22200551526467,0.695167060322689,0.695167060322689,1,two_path_selected,0.977325350523225,0.0882462019419511,34.370157985517,0.00148388737531024,3.36466260981716e-05
Light_multipath,10,30,13,20261109,11.2433911106777,10.4706293704835,10.4706293704835,1.2433911106777,0.470629370483469,0.470629370483469,1,two_path_selected,0.919993350305522,0.164048057086258,24.3623674328738,0.00113539597655388,9.08392281606663e-05
Light_multipath,10,30,14,20261109,11.2305445267686,10.6186732630213,10.6186732630213,1.2305445267686,0.618673263021321,0.618673263021321,1,two_path_selected,0.985692593109601,0.114823644554698,28.8877146162816,0.00127952729065317,1.83067175747453e-05
Light_multipath,10,30,15,20261109,11.2399563981483,10.0813172514049,10.0813172514049,1.2399563981483,0.0813172514049079,0.0813172514049079,1,two_path_selected,0.960648399806629,0.207947414061193,28.1964018520092,0.00160539829955564,6.31749920352309e-05
Light_multipath,10,30,16,20261109,11.2287316548426,10.5878319035132,10.5878319035132,1.22873165484263,0.587831903513234,0.587831903513234,1,two_path_selected,0.91869908523954,0.113619167335155,28.3405804089882,0.000903889679898517,7.34870578182889e-05
Light_multipath,10,30,17,20261109,11.2083942862396,10.2052586498994,10.2052586498994,1.20839428623963,0.205258649899449,0.205258649899449,1,two_path_selected,0.903515630517914,0.224059783293848,23.0237935469733,0.0012466788273815,0.00012028502060657
Light_multipath,10,30,18,20261109,11.232811738308,9.99595398522888,9.99595398522888,1.23281173830796,-0.00404601477111655,-0.00404601477111655,1,two_path_selected,0.945776620737243,0.304425949890651,21.554033929567,0.00120687155918775,6.54406542752728e-05
Light_multipath,10,30,19,20261109,11.2257477913493,9.85848386723986,9.85848386723986,1.22574779134926,-0.141516132760142,-0.141516132760142,1,two_path_selected,0.920266147492557,0.276052066543099,25.0311849936933,0.00130565228129176,0.000104104686422524
Light_multipath,10,30,20,20261109,11.205314103424,10.2286893276145,10.2286893276145,1.20531410342398,0.22868932761455,0.22868932761455,1,two_path_selected,0.926912471881681,0.179463992184316,27.4312089623657,0.00140445037211334,0.000102647806062617
Light_multipath,10,30,21,20261109,11.2369207646871,10.3103960886924,10.3103960886924,1.2369207646871,0.3103960886924,0.3103960886924,1,two_path_selected,0.974152970375959,0.167296383917693,27.9748058090128,0.00132365460776551,3.42125398589133e-05
Light_multipath,10,30,22,20261109,11.2120032485308,10.2452617610315,10.2452617610315,1.21200324853084,0.245261761031461,0.245261761031461,1,two_path_selected,0.935506431794348,0.175746815018667,27.4735278039766,0.00128383342646265,8.27989986542654e-05
Light_multipath,10,30,23,20261109,11.2168540698726,10.4843120539349,10.4843120539349,1.21685406987261,0.484312053934895,0.484312053934895,1,two_path_selected,0.970173753812676,0.141411624383451,27.0436751455584,0.00125755767526403,3.75082248171843e-05
Light_multipath,10,30,24,20261109,11.2248448665372,10.3611365317614,10.3611365317614,1.2248448665372,0.361136531761371,0.361136531761371,1,two_path_selected,0.957511826415292,0.154344978807726,28.8456549930278,0.00149785609542685,6.36411697874095e-05
Light_multipath,10,30,25,20261109,11.2406252380991,10.189838730969,10.189838730969,1.24062523809914,0.189838730969043,0.189838730969043,1,two_path_selected,0.960946516354557,0.208882081847803,25.574634839113,0.00136067034980925,5.31389172531149e-05
Light_multipath,10,30,26,20261109,11.2131045825225,10.3000799990693,10.3000799990693,1.21310458252247,0.300079999069254,0.300079999069254,1,two_path_selected,0.943455565073652,0.14964412875524,32.0534326592544,0.0019325435471107,0.000109274582841934
Light_multipath,10,30,27,20261109,11.241844232008,10.3869444416975,10.3869444416975,1.24184423200801,0.386944441697498,0.386944441697498,1,two_path_selected,0.955768711128826,0.143697889373756,30.4026541420392,0.0014147105340101,6.25744702988928e-05
Light_multipath,10,30,28,20261109,11.2154183878445,10.4195718017295,10.4195718017295,1.21541838784449,0.419571801729468,0.419571801729468,1,two_path_selected,0.915108395014765,0.176605832017645,24.344131268548,0.00149869107330125,0.000127226290589588
Light_multipath,10,30,29,20261109,11.230872311515,9.90957823954666,9.90957823954666,1.23087231151497,-0.0904217604533386,-0.0904217604533386,1,two_path_selected,0.939869889865571,0.270751138972155,24.737606170994,0.00130785393915112,7.86414014009029e-05
Light_multipath,10,30,30,20261109,11.2218816076017,10.1110631511983,10.1110631511983,1.22188160760171,0.111063151198339,0.111063151198339,1,two_path_selected,0.90741437456242,0.243140956892872,22.9618890498456,0.00104496040884627,9.67483130105418e-05
Light_multipath,10,30,31,20261109,11.2263670041515,10.0058252781474,10.0058252781474,1.22636700415147,0.00582527814742306,0.00582527814742306,1,two_path_selected,0.945611529696021,0.230923009657721,26.7968943297817,0.00158549518842799,8.62326579729178e-05
Light_multipath,10,30,32,20261109,11.2338702194328,10.0373264094431,10.0373264094431,1.23387021943282,0.0373264094431427,0.0373264094431427,1,two_path_selected,0.94907525435842,0.266854765445734,23.2854636550897,0.00137660976711662,7.0103502238128e-05
Light_multipath,10,30,33,20261109,11.244637015789,10.4565384747747,10.4565384747747,1.24463701578904,0.456538474774739,0.456538474774739,1,two_path_selected,0.963642497051219,0.144136413565602,27.3906059639417,0.00103913595779637,3.77803886497663e-05
Light_multipath,10,30,34,20261109,11.2403466898935,10.7793657313078,11.2403466898935,1.24034668989355,0.779365731307763,1.24034668989355,0,weak_echo,0.947540320613953,0.076819580200788,35.8720042823717,0.00141741693008579,7.43572377086554e-05
Light_multipath,10,30,35,20261109,11.2484193841037,9.99257620980586,9.99257620980586,1.24841938410366,-0.00742379019413875,-0.00742379019413875,1,two_path_selected,0.955401692519394,0.237458774760444,26.5768174554238,0.00140037930630643,6.24545468921323e-05
Light_multipath,10,30,36,20261109,11.2412926515767,10.4256986251448,10.4256986251448,1.24129265157671,0.42569862514484,0.42569862514484,1,two_path_selected,0.914385243969774,0.174697040416664,24.7598025557445,0.00144054479751432,0.0001233318913898
Light_multipath,10,30,37,20261109,11.2445860259558,10.6009268295013,10.6009268295013,1.24458602595582,0.600926829501272,0.600926829501272,1,two_path_selected,0.96137806116609,0.112026679530233,31.1605495356265,0.00146411896338927,5.65471130495876e-05
Light_multipath,10,30,38,20261109,11.2306224502426,10.4038496931003,10.4038496931003,1.23062245024261,0.403849693100312,0.403849693100312,1,two_path_selected,0.958550634967371,0.15192971853688,29.473525273467,0.00202430262319941,8.39060583655016e-05
Light_multipath,10,30,39,20261109,11.2239654374647,10.0127164320762,10.0127164320762,1.22396543746472,0.012716432076175,0.012716432076175,1,two_path_selected,0.947919034590418,0.231105167146923,26.5672265789484,0.00156289954244726,8.13973170088467e-05
Light_multipath,10,30,40,20261109,11.2259857472811,10.2964117454778,10.2964117454778,1.22598574728108,0.296411745477783,0.296411745477783,1,two_path_selected,0.935388031880828,0.174114395662928,27.0172027805806,0.00135034071691975,8.72481713516393e-05
Light_multipath,10,30,41,20261109,11.2400011750064,10.0844024671613,10.0844024671613,1.24000117500644,0.0844024671612917,0.0844024671612917,1,two_path_selected,0.926322626996924,0.213316555425373,26.8116215673353,0.00129847211374567,9.5668014258532e-05
Light_multipath,10,30,42,20261109,11.2360046638867,10.1380188219674,10.1380188219674,1.23600466388668,0.138018821967446,0.138018821967446,1,two_path_selected,0.89475768202177,0.220481112835784,25.2085425470798,0.00140122246836127,0.000147467900573517
Light_multipath,10,30,43,20261109,11.2260101428944,10.3021368192471,10.3021368192471,1.22601014289445,0.302136819247071,0.302136819247071,1,two_path_selected,0.924467231321368,0.231791901235309,21.3965926366534,0.00121515488451451,9.17840128007441e-05
Light_multipath,10,30,44,20261109,11.2138688474162,9.73448563948144,9.73448563948144,1.21386884741622,-0.265514360518559,-0.265514360518559,1,two_path_selected,0.937504839328289,0.290382967649066,25.5998302451765,0.00120538878480692,7.53309657783863e-05
Light_multipath,10,30,45,20261109,11.2359372429038,10.0027524669706,10.0027524669706,1.23593724290382,0.00275246697059828,0.00275246697059828,1,two_path_selected,0.948007119833565,0.234586830185895,26.8555528255714,0.00166333001537189,8.64813181664648e-05
Light_multipath,10,30,46,20261109,11.2224571472326,10.3310486350863,10.3310486350863,1.22245714723258,0.331048635086324,0.331048635086324,1,two_path_selected,0.940665530730964,0.14825273754662,29.9635211544767,0.00121026884327513,7.18106594885803e-05
Light_multipath,10,30,47,20261109,11.2386446449534,9.96070304509684,9.96070304509684,1.23864464495335,-0.0392969549031612,-0.0392969549031612,1,two_path_selected,0.90912319023032,0.258468966415266,24.8900036458022,0.00127085900860791,0.000115491612369345
Light_multipath,10,30,48,20261109,11.2205054507646,9.87149883903566,9.87149883903566,1.22050545076455,-0.128501160964337,-0.128501160964337,1,two_path_selected,0.936375210929874,0.263203182813237,25.553897710619,0.00118480970428769,7.53832675235433e-05
Light_multipath,10,30,49,20261109,11.2348613702679,9.87207279151372,9.87207279151372,1.23486137026789,-0.12792720848628,-0.12792720848628,1,two_path_selected,0.935890693915175,0.264733947568747,26.0907858857073,0.00147209895591582,9.43752425519584e-05
Light_multipath,10,30,50,20261109,11.2188031215464,10.380409245033,10.380409245033,1.21880312154645,0.380409245033004,0.380409245033004,1,two_path_selected,0.956877023211611,0.153837077830989,28.2151898155954,0.00147302798969617,6.35213518083155e-05
Light_multipath,15,30,1,20261109,16.2399527347651,15.4327809335094,15.4327809335094,1.23995273476509,0.432780933509449,0.432780933509449,1,two_path_selected,0.874630429637748,0.157402577211893,27.3523456004291,0.00181215486996544,0.00022718907747743
Light_multipath,15,30,2,20261109,16.2438923999538,15.2185730756434,15.2185730756434,1.24389239995375,0.218573075643448,0.218573075643448,1,two_path_selected,0.952470382345296,0.189227614699523,27.2023770553601,0.00136376989806486,6.48194618240172e-05
Light_multipath,15,30,3,20261109,16.2219382138819,15.4869763724462,15.4869763724462,1.22193821388186,0.486976372446215,0.486976372446215,1,two_path_selected,0.962114202197633,0.133831092366748,28.30892780829,0.00121578271221012,4.60608980064059e-05
Light_multipath,15,30,4,20261109,16.2271208435136,15.2477215966387,15.2477215966387,1.22712084351358,0.24772159663874,0.24772159663874,1,two_path_selected,0.90648900275832,0.184239112169036,26.7549389327285,0.00136784048896943,0.000127908128191079
Light_multipath,15,30,5,20261109,16.2300300472209,15.4135023726574,15.4135023726574,1.23003004722087,0.413502372657444,0.413502372657444,1,two_path_selected,0.960912793329326,0.156380198198181,26.8222074320594,0.00128092202377128,5.00676638721664e-05
Light_multipath,15,30,6,20261109,16.2477400363887,15.3871478562669,15.3871478562669,1.24774003638869,0.387147856266919,0.387147856266919,1,two_path_selected,0.964720607349971,0.172648467385107,25.5633756983061,0.00125007784123721,4.41019870041082e-05
Light_multipath,15,30,7,20261109,16.2330976334742,15.620189394812,15.620189394812,1.23309763347425,0.620189394811995,0.620189394811995,1,two_path_selected,0.974287649179956,0.121402055057847,28.1877373466435,0.0014582600849784,3.74952948918317e-05
Light_multipath,15,30,8,20261109,16.2196365071811,15.3011830399966,15.3011830399966,1.21963650718109,0.301183039996594,0.301183039996594,1,two_path_selected,0.935343909208559,0.192255481146501,24.2442831907161,0.00114726184885194,7.41774662609274e-05
Light_multipath,15,30,9,20261109,16.2225350399778,15.6312260513678,15.6312260513678,1.22253503997783,0.631226051367825,0.631226051367825,1,two_path_selected,0.953631995197685,0.125390416209866,27.0186597240635,0.00153425839495069,7.11405006250665e-05
Light_multipath,15,30,10,20261109,16.2351049403025,15.0922077724757,15.0922077724757,1.23510494030246,0.0922077724757457,0.0922077724757457,1,two_path_selected,0.91886998579444,0.221025315387018,26.0077035389897,0.00139422172775872,0.000113113228578765
Light_multipath,15,30,11,20261109,16.2311832702337,15.2866601482268,15.2866601482268,1.23118327023373,0.286660148226787,0.286660148226787,1,two_path_selected,0.93105333920735,0.178934270278396,26.5755053366203,0.0013010574697454,8.97035680382796e-05
Light_multipath,15,30,12,20261109,16.2306652710708,15.077363722689,15.077363722689,1.23066527107078,0.0773637226889825,0.0773637226889825,1,two_path_selected,0.906497530666055,0.210032968210511,26.905740099294,0.00115346338251943,0.000107851674551851
Light_multipath,15,30,13,20261109,16.2389080405418,16.0153598395129,16.2389080405418,1.23890804054176,1.01535983951288,1.23890804054176,0,weak_echo,0.979835639302665,0.0495325643716541,39.7262427772331,0.00148871229644953,3.0018931720166e-05
Light_multipath,15,30,14,20261109,16.2436623786156,15.5608495377199,15.5608495377199,1.24366237861561,0.560849537719907,0.560849537719907,1,two_path_selected,0.951428653451888,0.120815351925445,30.0707428041705,0.00140743869666737,6.83611926810546e-05
Light_multipath,15,30,15,20261109,16.2537543679791,15.4527448432882,15.4527448432882,1.25375436797912,0.452744843288244,0.452744843288244,1,two_path_selected,0.944119238197647,0.13699307502198,30.0866076900463,0.00138782710104324,7.75528356562472e-05
Light_multipath,15,30,16,20261109,16.2506081134814,15.435834141766,15.435834141766,1.25060811348142,0.435834141766044,0.435834141766044,1,two_path_selected,0.907605066672921,0.133349925358601,31.4958903610327,0.00148810647178665,0.000137493498244323
Light_multipath,15,30,17,20261109,16.2222212858311,14.9862065538391,14.9862065538391,1.22222128583114,-0.0137934461608502,-0.0137934461608502,1,two_path_selected,0.93679834511088,0.259287008628348,24.2188504107696,0.00127137750446971,8.0353162271285e-05
Light_multipath,15,30,18,20261109,16.2536214934488,15.4797400660593,15.4797400660593,1.25362149344883,0.479740066059279,0.479740066059279,1,two_path_selected,0.95514034171866,0.143683683340599,27.3542356099822,0.00113317491373111,5.08338394029639e-05
Light_multipath,15,30,19,20261109,16.229422315712,15.5323952771431,15.5323952771431,1.22942231571201,0.532395277143113,0.532395277143113,1,two_path_selected,0.950936556323651,0.145944587008664,25.785312210116,0.00135071872992465,6.62709123282479e-05
Light_multipath,15,30,20,20261109,16.2359984417296,15.2830043948161,15.2830043948161,1.23599844172961,0.283004394816103,0.283004394816103,1,two_path_selected,0.90969621813146,0.165698509645256,29.3633225794838,0.00163943758824825,0.000148047414356256
Light_multipath,15,30,21,20261109,16.2325926948692,14.9681048350977,14.9681048350977,1.23259269486923,-0.0318951649023411,-0.0318951649023411,1,two_path_selected,0.958231122753922,0.248271421563661,26.0558929335407,0.00156615191283116,6.54164069957552e-05
Light_multipath,15,30,22,20261109,16.2304670223021,15.3734706593423,15.3734706593423,1.23046702230214,0.373470659342345,0.373470659342345,1,two_path_selected,0.969679674975954,0.182028026960138,24.7604976974452,0.00137064365349149,4.15583610660075e-05
Light_multipath,15,30,23,20261109,16.2277059154809,15.1697946646794,15.1697946646794,1.22770591548087,0.169794664679387,0.169794664679387,1,two_path_selected,0.949803351951876,0.215802802016932,24.7157924589848,0.0012084050089598,6.0657880934345e-05
Light_multipath,15,30,24,20261109,16.2413463164633,15.3891185014247,15.3891185014247,1.24134631646332,0.389118501424747,0.389118501424747,1,two_path_selected,0.940602123850407,0.158587213756152,27.4726372693787,0.00134461652180407,7.98673656308146e-05
Light_multipath,15,30,25,20261109,16.2560313644473,15.7230143451271,15.7230143451271,1.25603136444732,0.723014345127055,0.723014345127055,1,two_path_selected,0.901528370584343,0.0903238754135886,32.1659126289524,0.00122761179683084,0.000120884933923815
Light_multipath,15,30,26,20261109,16.233088370186,15.0113414283286,15.0113414283286,1.23308837018602,0.011341428328592,0.011341428328592,1,two_path_selected,0.909604222051731,0.224170350734134,27.1236735684107,0.00137113308646963,0.000123944642022034
Light_multipath,15,30,27,20261109,16.2359073759339,14.6820429397119,14.6820429397119,1.23590737593389,-0.317957060288066,-0.317957060288066,1,two_path_selected,0.961041408028862,0.296003933196892,26.7098394517144,0.0015005226242204,5.84582486604646e-05
Light_multipath,15,30,28,20261109,16.2184950454262,15.4650162000123,15.4650162000123,1.21849504542618,0.465016200012302,0.465016200012302,1,two_path_selected,0.968080832333387,0.135968632608638,29.1357862974961,0.00145614717020748,4.64790056731168e-05
Light_multipath,15,30,29,20261109,16.2180924405462,15.4763069639659,15.4763069639659,1.21809244054619,0.476306963965882,0.476306963965882,1,two_path_selected,0.950785403736247,0.136026473872029,29.4100326085929,0.0017314271597495,8.52114886271682e-05
Light_multipath,15,30,30,20261109,16.2282030258968,15.3649237061893,15.3649237061893,1.22820302589675,0.364923706189302,0.364923706189302,1,two_path_selected,0.942379501930207,0.149639636335348,29.3050972057525,0.00136699299095233,7.87668169965894e-05
Light_multipath,15,30,31,20261109,16.2284857609946,15.075480426247,15.075480426247,1.22848576099456,0.0754804262470365,0.0754804262470365,1,two_path_selected,0.946391721575737,0.238301852064091,24.3404082288347,0.00117519806994859,6.30003453374606e-05
Light_multipath,15,30,32,20261109,16.2246224428526,15.5405340062721,15.5405340062721,1.22462244285263,0.540534006272068,0.540534006272068,1,two_path_selected,0.963453246469458,0.124070048463337,29.1738407178143,0.0013441977279387,4.91260630592905e-05
Light_multipath,15,30,33,20261109,16.2377354086365,15.6035636595443,15.6035636595443,1.23773540863651,0.603563659544303,0.603563659544303,1,two_path_selected,0.963767860031441,0.115633981402945,30.2731147625078,0.00155539971507257,5.63554601835659e-05
Light_multipath,15,30,34,20261109,16.2244263146248,15.326471574348,15.326471574348,1.22442631462478,0.326471574348002,0.326471574348002,1,two_path_selected,0.915135785054995,0.18046112829518,26.1604303204946,0.00166561048224345,0.000141350725979761
Light_multipath,15,30,35,20261109,16.2217414966145,15.2301447403464,15.2301447403464,1.22174149661451,0.230144740346375,0.230144740346375,1,two_path_selected,0.937462870562714,0.188534737306208,26.4150084151746,0.00132245373926998,8.27024606675497e-05
Light_multipath,15,30,36,20261109,16.2363362186687,15.1613652447225,15.1613652447225,1.23633621866867,0.161365244722543,0.161365244722543,1,two_path_selected,0.961513980318873,0.208189829379834,25.5425039940613,0.00109367605103761,4.20912380250105e-05
Light_multipath,15,30,37,20261109,16.230971127562,15.5347324663404,15.5347324663404,1.23097112756204,0.534732466340358,0.534732466340358,1,two_path_selected,0.977254252682521,0.123551785804714,29.0738909823036,0.00114709893011855,2.60916224126273e-05
Light_multipath,15,30,38,20261109,16.251260065083,15.482431704666,15.482431704666,1.25126006508297,0.48243170466597,0.48243170466597,1,two_path_selected,0.914669276012875,0.181787196903411,23.26598440875,0.00144482287191261,0.00012328778169346
Light_multipath,15,30,39,20261109,16.232114339887,15.5088272551767,15.5088272551767,1.23211433988697,0.50882725517674,0.50882725517674,1,two_path_selected,0.914779117255822,0.129364310466338,28.3806459218401,0.00113373689655138,9.66180591237542e-05
Light_multipath,15,30,40,20261109,16.2499638129535,14.9441242557502,14.9441242557502,1.24996381295346,-0.0558757442497679,-0.0558757442497679,1,two_path_selected,0.945580677458266,0.256687890974483,25.5795021939047,0.0012902602104623,7.02150865559137e-05
Light_multipath,15,30,41,20261109,16.2456492728212,15.0747489478954,15.0747489478954,1.24564927282115,0.0747489478954169,0.0747489478954169,1,two_path_selected,0.916506132279612,0.213639720524739,26.8082417880405,0.00111420326672973,9.30291401659566e-05
Light_multipath,15,30,42,20261109,16.2389098058296,14.9053144565579,14.9053144565579,1.23890980582962,-0.0946855434421252,-0.0946855434421252,1,two_path_selected,0.949506554087357,0.238603950906906,27.7525794137951,0.00132041224974833,6.66721645150581e-05
Light_multipath,15,30,43,20261109,16.2293240121294,15.2844366259022,15.2844366259022,1.22932401212938,0.28443662590216,0.28443662590216,1,two_path_selected,0.965714109086389,0.184695785293853,25.9281408341251,0.00125837166426446,4.31443936097509e-05
Light_multipath,15,30,44,20261109,16.2373875638287,15.1734924979637,15.1734924979637,1.23738756382866,0.173492497963665,0.173492497963665,1,two_path_selected,0.888680851713117,0.176595406307328,29.1184598034505,0.00102070859583647,0.000113624411537616
Light_multipath,15,30,45,20261109,16.2234818177667,15.053128183592,15.053128183592,1.22348181776665,0.0531281835920439,0.0531281835920439,1,two_path_selected,0.940698413456347,0.227902668203495,25.3606406348703,0.00109829551514729,6.51306665420126e-05
Light_multipath,15,30,46,20261109,16.230706646319,15.2739663637926,15.2739663637926,1.23070664631902,0.273966363792582,0.273966363792582,1,two_path_selected,0.967678767816283,0.173176143957136,27.8276296578577,0.00132985595443258,4.29825830741137e-05
Light_multipath,15,30,47,20261109,16.2403419397398,15.0461933115423,15.0461933115423,1.24034193973981,0.0461933115423285,0.0461933115423285,1,two_path_selected,0.892570364427133,0.218570207334072,27.3845632444749,0.00153176526715182,0.000164556984433295
Light_multipath,15,30,48,20261109,16.2316965485308,15.4032942561451,15.4032942561451,1.23169654853079,0.403294256145077,0.403294256145077,1,two_path_selected,0.870854222571729,0.168060691157646,24.7386449312621,0.00108796666078148,0.000140506300222665
Light_multipath,15,30,49,20261109,16.2314030507236,15.29365935094,15.29365935094,1.23140305072358,0.293659350940018,0.293659350940018,1,two_path_selected,0.95958639265518,0.168997355583022,28.5248261479105,0.0015791455506331,6.38189682236057e-05
Light_multipath,15,30,50,20261109,16.2443350360466,15.5375429790685,15.5375429790685,1.24433503604661,0.53754297906849,0.53754297906849,1,two_path_selected,0.969228504859249,0.154930634951731,23.8482445402926,0.000995987001826348,3.0648009186951e-05
Light_multipath,20,30,1,20261109,21.2435579378021,20.6564380726716,20.6564380726716,1.24355793780214,0.656438072671598,0.656438072671598,1,two_path_selected,0.962929590959588,0.115723061341409,28.1746198220064,0.00136893773580593,5.07470818171818e-05
Light_multipath,20,30,2,20261109,21.2477483864845,20.25983312978,20.25983312978,1.24774838648445,0.259833129779967,0.259833129779967,1,two_path_selected,0.920123558653719,0.211728509191026,23.6864239063394,0.00116137886087575,9.27668104615531e-05
Light_multipath,20,30,3,20261109,21.2477275463562,19.9262811836696,19.9262811836696,1.24772754635622,-0.0737188163303699,-0.0737188163303699,1,two_path_selected,0.963650128066689,0.3275003762923,21.8629964842251,0.00140344170784301,5.10149263459603e-05
Light_multipath,20,30,4,20261109,21.2580031285678,20.1174336668311,20.1174336668311,1.2580031285678,0.117433666831118,0.117433666831118,1,two_path_selected,0.959425717869236,0.198797668680024,28.7784918011156,0.00148842716643527,6.03918637820389e-05
Light_multipath,20,30,5,20261109,21.2603534015113,20.3013315711876,20.3013315711876,1.26035340151133,0.301331571187553,0.301331571187553,1,two_path_selected,0.96310374113437,0.17095309972225,28.1830369181576,0.00131707647980916,4.85951947448715e-05
Light_multipath,20,30,6,20261109,21.2726401164013,19.7221127478464,19.7221127478464,1.27264011640126,-0.277887252153633,-0.277887252153633,1,two_path_selected,0.987903730676855,0.291702876841446,27.0174179085123,0.00145177786000894,1.75610959920469e-05
Light_multipath,20,30,7,20261109,21.2235515848333,20.0166166533325,20.0166166533325,1.22355158483333,0.0166166533325125,0.0166166533325125,1,two_path_selected,0.940268829717222,0.262286497833461,23.3118662521984,0.00111186440018218,6.64129618186404e-05
Light_multipath,20,30,8,20261109,21.2324433353323,19.7371266160833,19.7371266160833,1.23244333533228,-0.262873383916684,-0.262873383916684,1,two_path_selected,0.965476595585717,0.273943757257464,27.721631111474,0.00163621876146158,5.64878420121762e-05
Light_multipath,20,30,9,20261109,21.2250551385756,20.1000903087078,20.1000903087078,1.22505513857561,0.100090308707784,0.100090308707784,1,two_path_selected,0.939766054393188,0.201963486256184,27.016235750686,0.000994423634003372,5.98980590806875e-05
Light_multipath,20,30,10,20261109,21.2285379746719,19.8193550718882,19.8193550718882,1.22853797467193,-0.180644928111839,-0.180644928111839,1,two_path_selected,0.954321755106381,0.277770135043,26.0922433457899,0.00168769872028784,7.70911154519549e-05
Light_multipath,20,30,11,20261109,21.2643239499547,20.4169321921825,20.4169321921825,1.26432394995474,0.416932192182514,0.416932192182514,1,two_path_selected,0.969308122957959,0.150102161548321,29.2875253639646,0.0015271992480157,4.68726115387952e-05
Light_multipath,20,30,12,20261109,21.2270098842552,20.0349115233338,20.0349115233338,1.22700988425524,0.0349115233338466,0.0349115233338466,1,two_path_selected,0.941094862516535,0.218803062024735,27.3898158062913,0.00149215405491354,8.78955397511927e-05
Light_multipath,20,30,13,20261109,21.2382680699745,20.2548653535005,20.2548653535005,1.23826806997448,0.254865353500549,0.254865353500549,1,two_path_selected,0.888389913678569,0.219175245105895,23.0479940487932,0.00122117614096706,0.000136295574507006
Light_multipath,20,30,14,20261109,21.2390512417291,20.5872432731421,20.5872432731421,1.2390512417291,0.587243273142064,0.587243273142064,1,two_path_selected,0.887308582757107,0.127049951137095,26.601615126675,0.00111340079934608,0.000125470714037679
Light_multipath,20,30,15,20261109,21.2325262310665,20.2281095988246,20.2281095988246,1.23252623106655,0.22810959882456,0.22810959882456,1,two_path_selected,0.901865626318246,0.180841173780769,27.8935743871262,0.0014426108500778,0.000141569712238887
Light_multipath,20,30,16,20261109,21.2219895797516,20.399597168176,20.399597168176,1.22198957975156,0.399597168176001,0.399597168176001,1,two_path_selected,0.958896516791204,0.155556698649822,27.327774020944,0.00139468121838449,5.732625604149e-05
Light_multipath,20,30,17,20261109,21.2306193501881,19.7794286288405,19.7794286288405,1.23061935018812,-0.220571371159544,-0.220571371159544,1,two_path_selected,0.951449168436604,0.276954238290445,26.5085719883237,0.00144854411861606,7.03280215150759e-05
Light_multipath,20,30,18,20261109,21.2351379094425,20.5940918756576,20.5940918756576,1.23513790944253,0.594091875657632,0.594091875657632,1,two_path_selected,0.926394047852188,0.131408301897984,25.7278372702361,0.00111780903644876,8.22773984472391e-05
Light_multipath,20,30,19,20261109,21.2407375283467,20.9258773847811,21.2407375283467,1.24073752834667,0.925877384781142,1.24073752834667,0,weak_echo,0.922034084809241,0.0581871079098406,36.9174654966033,0.00130227115198944,0.000101532762191381
Light_multipath,20,30,20,20261109,21.2294434730483,20.2545061602662,20.2545061602662,1.22944347304827,0.254506160266232,0.254506160266232,1,two_path_selected,0.958190396633635,0.18251682344433,27.1622887152872,0.00143084403949811,5.98230217705442e-05
Light_multipath,20,30,21,20261109,21.2299457962362,19.8633508164901,19.8633508164901,1.22994579623623,-0.136649183509874,-0.136649183509874,1,two_path_selected,0.951878139285192,0.26388391766122,25.9023832002055,0.00124238851253278,5.97860469537803e-05
Light_multipath,20,30,22,20261109,21.2327210885678,20.3725359797517,20.3725359797517,1.2327210885678,0.37253597975166,0.37253597975166,1,two_path_selected,0.958281125820763,0.155169917180735,28.2762044552724,0.00136090761141028,5.67755334099918e-05
Light_multipath,20,30,23,20261109,21.2238972188454,19.9606920006242,19.9606920006242,1.22389721884543,-0.0393079993757581,-0.0393079993757581,1,two_path_selected,0.93966874107161,0.237723369285706,26.3605180609692,0.00124664372589001,7.52115854181223e-05
Light_multipath,20,30,24,20261109,21.2462554228445,20.3457276504941,20.3457276504941,1.24625542284454,0.34572765049414,0.34572765049414,1,two_path_selected,0.980439101781232,0.160820407645352,28.4496886557139,0.0013630346785698,2.66621826161551e-05
Light_multipath,20,30,25,20261109,21.2099204378737,20.3710831461495,20.3710831461495,1.20992043787373,0.371083146149473,0.371083146149473,1,two_path_selected,0.943504046311586,0.155229722017562,27.5486511550696,0.00131536559710921,7.43128338576149e-05
Light_multipath,20,30,26,20261109,21.2366538088955,20.0975384215711,20.0975384215711,1.23665380889545,0.0975384215711443,0.0975384215711443,1,two_path_selected,0.945780406698038,0.220503788968583,26.236181678865,0.00152353278351081,8.26053279041616e-05
Light_multipath,20,30,27,20261109,21.2448744578867,19.4814927136721,19.4814927136721,1.24487445788666,-0.518507286327896,-0.518507286327896,1,two_path_selected,0.900022537899217,0.352497295096396,26.0315593547239,0.00156050885025438,0.000156015714434243
Light_multipath,20,30,28,20261109,21.2462164706617,19.9768981265616,19.9768981265616,1.24621647066169,-0.023101873438371,-0.023101873438371,1,two_path_selected,0.886871808610679,0.258837067826714,24.8772600835181,0.00141535774972112,0.00016011686239481
Light_multipath,20,30,29,20261109,21.2196515000163,20.3120707605211,20.3120707605211,1.21965150001628,0.312070760521131,0.312070760521131,1,two_path_selected,0.928638274714938,0.151354742011838,29.7416983972603,0.00119128173009764,8.50119195603405e-05
Light_multipath,20,30,30,20261109,21.2169718107486,20.9517169997866,21.2169718107486,1.21697181074858,0.95171699978658,1.21697181074858,0,weak_echo,0.960066800297523,0.048234339187166,42.3143095972921,0.00135001732547169,5.39105114598648e-05
Light_multipath,20,30,31,20261109,21.2242313927794,20.6306222623355,20.6306222623355,1.22423139277935,0.630622262335457,0.630622262335457,1,two_path_selected,0.928781310098798,0.105059342875812,30.580331533562,0.00131534445641979,9.36771089550259e-05
Light_multipath,20,30,32,20261109,21.2420389141325,20.1766834124631,20.1766834124631,1.24203891413246,0.176683412463085,0.176683412463085,1,two_path_selected,0.930236188815453,0.206267349177099,26.1139320622655,0.00140741683509504,9.81867623415233e-05
Light_multipath,20,30,33,20261109,21.2531570951794,19.004733494335,19.004733494335,1.25315709517943,-0.995266505665036,-0.995266505665036,1,two_path_selected,0.934779869315333,0.486437914150389,25.5607823485504,0.00146659071563615,9.56512381347085e-05
Light_multipath,20,30,34,20261109,21.2221742882384,20.2601150249571,20.2601150249571,1.22217428823837,0.260115024957091,0.260115024957091,1,two_path_selected,0.942707302771911,0.166197665846606,29.0003497121799,0.00134753324217352,7.7203814048632e-05
Light_multipath,20,30,35,20261109,21.2305371313555,19.9249469323585,19.9249469323585,1.2305371313555,-0.0750530676415266,-0.0750530676415266,1,two_path_selected,0.929894590278925,0.28429505872661,23.9687787855967,0.00152142327238547,0.000106660001869763
Light_multipath,20,30,36,20261109,21.2322993046865,20.2857312443095,20.2857312443095,1.23229930468651,0.285731244309545,0.285731244309545,1,two_path_selected,0.942595465852562,0.18201947241016,27.0734508041078,0.0016887599907669,9.69424805568053e-05
Light_multipath,20,30,37,20261109,21.2504879997324,20.6818925351904,20.6818925351904,1.25048799973244,0.681892535190421,0.681892535190421,1,two_path_selected,0.914196007265627,0.0937454109674608,32.6984691329233,0.00119681847385844,0.000102691803635313
Light_multipath,20,30,38,20261109,21.2276346079051,19.9817369217728,19.9817369217728,1.22763460790512,-0.0182630782272,-0.0182630782272,1,two_path_selected,0.949353269627098,0.270098025937643,23.5738654373967,0.00123768612366426,6.26847553915066e-05
Light_multipath,20,30,39,20261109,21.2176637667673,20.2300325233746,20.2300325233746,1.21766376676725,0.230032523374589,0.230032523374589,1,two_path_selected,0.957585469120048,0.20438465365243,25.1174844637293,0.00147837025939412,6.27043810190742e-05
Light_multipath,20,30,40,20261109,21.2483424534749,20.4143404173232,20.4143404173232,1.24834245347492,0.414340417323174,0.414340417323174,1,two_path_selected,0.946817957492732,0.165484305244526,26.8715452278937,0.00164568012940669,8.75206305954723e-05
Light_multipath,20,30,41,20261109,21.2449531816304,20.2965437734095,20.2965437734095,1.24495318163036,0.296543773409539,0.296543773409539,1,two_path_selected,0.970390540944055,0.231650579819165,22.190661076539,0.00137055777920159,4.05814744470767e-05
Light_multipath,20,30,42,20261109,21.2386433237079,20.0393614141263,20.0393614141263,1.23864332370786,0.0393614141262688,0.0393614141262688,1,two_path_selected,0.87402135733692,0.229630603163406,25.9439073367288,0.00131319624988047,0.000165434681110188
Light_multipath,20,30,43,20261109,21.2234211637776,20.6379180683418,20.6379180683418,1.22342116377759,0.637918068341833,0.637918068341833,1,two_path_selected,0.971739675629713,0.116477698267066,26.561529541336,0.000967840538040443,2.73514875437364e-05
Light_multipath,20,30,44,20261109,21.2464282155974,19.5956113058986,19.5956113058986,1.24642821559737,-0.404388694101371,-0.404388694101371,1,two_path_selected,0.935806886440432,0.401148183298223,22.4153958994472,0.00140428605938414,9.0145494480165e-05
Light_multipath,20,30,45,20261109,21.227141519261,20.4155820926888,20.4155820926888,1.22714151926103,0.415582092688808,0.415582092688808,1,two_path_selected,0.935350581002542,0.146035663869992,28.4271748670662,0.00135240745593213,8.74323562738422e-05
Light_multipath,20,30,46,20261109,21.2479512104666,20.0363902928783,20.0363902928783,1.24795121046662,0.0363902928782949,0.0363902928782949,1,two_path_selected,0.943770853132217,0.252964479109693,24.3251727339967,0.00126997740159362,7.14097458329732e-05
Light_multipath,20,30,47,20261109,21.2366340438389,20.4333234170989,20.4333234170989,1.23663404383894,0.433323417098919,0.433323417098919,1,two_path_selected,0.92045551454127,0.150080831455262,28.1178995018795,0.00159527947798743,0.000126895685239381
Light_multipath,20,30,48,20261109,21.2396667163757,20.0600879978144,20.0600879978144,1.23966671637571,0.0600879978143603,0.0600879978143603,1,two_path_selected,0.969244424048966,0.22361433839089,26.3251523403046,0.00126392433732048,3.88727209528206e-05
Light_multipath,20,30,49,20261109,21.2282320020336,20.4537749837381,20.4537749837381,1.22823200203364,0.453774983738121,0.453774983738121,1,two_path_selected,0.96929318736593,0.216335581434995,20.6758032198258,0.00128848414160565,3.95652411182557e-05
Light_multipath,20,30,50,20261109,21.2509129805019,20.0823587034619,20.0823587034619,1.25091298050189,0.0823587034619244,0.0823587034619244,1,two_path_selected,0.950205013428729,0.197528900624021,29.5999519686915,0.00149661089454778,7.45237193964243e-05
