Plan,Condition,Distance_m,SNR_dB,Trial,Seed,EchoAmp,EchoDelay_ns,PostCalDelayDrift_ns,PostCalPhaseDrift_rad,RTT_m,PBR_m,Original_m,V8_m,RTTError_m,PBRError_m,OriginalError_m,V8Error_m,OriginalStatus,PBRValid,PBRCoherence,PBRAmbiguous,AliasCount,InnovationSigma,V8UsePbr,V8Reason
uniform_32MHz,strong_only,3,0,1,20271019,0.4,60,0,0,7.86462633358333,2.70871643508296,7.86462633358333,2.70871643508296,4.86462633358333,-0.291283564917035,4.86462633358333,-0.291283564917035,range_phase_disagreement_rtt_only,1,0.855811092139864,0,1,4.53803749442532,1,unique_pbr_conflict_candidate_experimental
uniform_32MHz,strong_only,3,0,2,20271019,0.4,60,0,0,8.04471505396379,2.65089849907921,8.04471505396379,2.65089849907921,5.04471505396379,-0.349101500920788,5.04471505396379,-0.349101500920788,range_phase_disagreement_rtt_only,1,0.851637536923097,0,1,4.74131142576443,1,unique_pbr_conflict_candidate_experimental
uniform_32MHz,strong_only,3,0,3,20271019,0.4,60,0,0,7.55431345057275,2.59012310810581,7.55431345057275,2.59012310810581,4.55431345057275,-0.409876891894188,4.55431345057275,-0.409876891894188,range_phase_disagreement_rtt_only,1,0.859817398659801,0,1,4.39712489845693,1,unique_pbr_conflict_candidate_experimental
uniform_32MHz,strong_only,3,0,4,20271019,0.4,60,0,0,7.75759429016334,2.62689749387021,7.75759429016334,2.62689749387021,4.75759429016334,-0.373102506129793,4.75759429016334,-0.373102506129793,range_phase_disagreement_rtt_only,1,0.863803326045613,0,1,4.51908514954505,1,unique_pbr_conflict_candidate_experimental
uniform_32MHz,strong_only,3,0,5,20271019,0.4,60,0,0,7.14940681212238,2.71247282717975,7.14940681212238,2.71247282717975,4.14940681212238,-0.287527172820253,4.14940681212238,-0.287527172820253,range_phase_disagreement_rtt_only,1,0.85621469494336,0,1,3.89072228828667,1,unique_pbr_conflict_candidate_experimental
uniform_32MHz,strong_only,3,0,6,20271019,0.4,60,0,0,8.78771681953298,2.53136911128192,8.78771681953298,2.53136911128192,5.78771681953298,-0.468630888718081,5.78771681953298,-0.468630888718081,range_phase_disagreement_rtt_only,1,0.853483372310304,0,1,5.42883016719423,1,unique_pbr_conflict_candidate_experimental
uniform_32MHz,strong_only,3,0,7,20271019,0.4,60,0,0,7.22613186371715,2.61085816552877,7.22613186371715,2.61085816552877,4.22613186371715,-0.389141834471226,4.22613186371715,-0.389141834471226,range_phase_disagreement_rtt_only,1,0.84393131478283,0,1,4.05658157226006,1,unique_pbr_conflict_candidate_experimental
uniform_32MHz,strong_only,3,0,8,20271019,0.4,60,0,0,7.55058806141144,2.61385144062359,7.55058806141144,2.61385144062359,4.55058806141144,-0.386148559376409,4.55058806141144,-0.386148559376409,range_phase_disagreement_rtt_only,1,0.85387898767663,0,1,4.35735691250622,1,unique_pbr_conflict_candidate_experimental
uniform_32MHz,strong_only,3,0,9,20271019,0.4,60,0,0,8.42830246313275,2.62265769626128,8.42830246313275,2.62265769626128,5.42830246313275,-0.377342303738723,5.42830246313275,-0.377342303738723,range_phase_disagreement_rtt_only,1,0.847390003340949,0,1,5.0958507695059,1,unique_pbr_conflict_candidate_experimental
uniform_32MHz,strong_only,3,0,10,20271019,0.4,60,0,0,8.27912673465441,2.69961070466895,8.27912673465441,2.69961070466895,5.27912673465441,-0.300389295331045,5.27912673465441,-0.300389295331045,range_phase_disagreement_rtt_only,1,0.840807718359918,0,1,4.87351804018982,1,unique_pbr_conflict_candidate_experimental
uniform_32MHz,strong_only,3,0,11,20271019,0.4,60,0,0,8.52364520915858,2.67872514642885,8.52364520915858,2.67872514642885,5.52364520915858,-0.321274853571147,5.52364520915858,-0.321274853571147,range_phase_disagreement_rtt_only,1,0.860444293408526,0,1,5.14612320482577,1,unique_pbr_conflict_candidate_experimental
uniform_32MHz,strong_only,3,0,12,20271019,0.4,60,0,0,7.82968750987196,2.55662636920816,7.82968750987196,2.55662636920816,4.82968750987196,-0.443373630791844,4.82968750987196,-0.443373630791844,range_phase_disagreement_rtt_only,1,0.853362234762851,0,1,4.64053358258119,1,unique_pbr_conflict_candidate_experimental
uniform_32MHz,strong_only,3,0,13,20271019,0.4,60,0,0,8.28451240114484,2.60390873734431,8.28451240114484,2.60390873734431,5.28451240114484,-0.396091262655687,5.28451240114484,-0.396091262655687,range_phase_disagreement_rtt_only,1,0.855557744497216,0,1,4.97549919761384,1,unique_pbr_conflict_candidate_experimental
uniform_32MHz,strong_only,3,0,14,20271019,0.4,60,0,0,7.89087809300482,2.61605584581332,7.89087809300482,2.61605584581332,4.89087809300482,-0.38394415418668,4.89087809300482,-0.38394415418668,range_phase_disagreement_rtt_only,1,0.853415480709136,0,1,4.63946977537286,1,unique_pbr_conflict_candidate_experimental
uniform_32MHz,strong_only,3,0,15,20271019,0.4,60,0,0,6.96957716957697,2.61599674240791,6.96957716957697,2.61599674240791,3.96957716957697,-0.384003257592091,3.96957716957697,-0.384003257592091,range_phase_disagreement_rtt_only,1,0.844603613268106,0,1,3.8087891110408,1,unique_pbr_conflict_candidate_experimental
uniform_32MHz,strong_only,3,0,16,20271019,0.4,60,0,0,6.46339127859197,2.57452017776494,6.46339127859197,2.57452017776494,3.46339127859197,-0.425479822235062,3.46339127859197,-0.425479822235062,range_phase_disagreement_rtt_only,1,0.859783494506068,0,1,3.40467341231715,1,unique_pbr_conflict_candidate_experimental
uniform_32MHz,strong_only,3,0,17,20271019,0.4,60,0,0,7.88643365158279,2.64360318805687,7.88643365158279,2.64360318805687,4.88643365158279,-0.356396811943132,4.88643365158279,-0.356396811943132,range_phase_disagreement_rtt_only,1,0.855564713125502,0,1,4.64703087053192,1,unique_pbr_conflict_candidate_experimental
uniform_32MHz,strong_only,3,0,18,20271019,0.4,60,0,0,8.20755151817622,2.72849897211013,8.20755151817622,2.72849897211013,5.20755151817622,-0.271501027889868,5.20755151817622,-0.271501027889868,range_phase_disagreement_rtt_only,1,0.858203590354925,0,1,4.84169213952956,1,unique_pbr_conflict_candidate_experimental
uniform_32MHz,strong_only,3,0,19,20271019,0.4,60,0,0,8.253674128091,2.58902247755984,8.253674128091,2.58902247755984,5.253674128091,-0.410977522440163,5.253674128091,-0.410977522440163,range_phase_disagreement_rtt_only,1,0.852082389496505,0,1,4.98162782247939,1,unique_pbr_conflict_candidate_experimental
uniform_32MHz,strong_only,3,0,20,20271019,0.4,60,0,0,7.76380484167291,2.63830349906475,7.76380484167291,2.63830349906475,4.76380484167291,-0.361696500935246,4.76380484167291,-0.361696500935246,range_phase_disagreement_rtt_only,1,0.86367974309276,0,1,4.49965392540384,1,unique_pbr_conflict_candidate_experimental
uniform_32MHz,strong_only,15,0,1,20271019,0.4,60,0,0,20.4494514874111,14.6132141878477,20.4494514874111,14.6132141878477,5.44945148741115,-0.386785812152345,5.44945148741115,-0.386785812152345,range_phase_disagreement_rtt_only,1,0.85793664786864,0,1,5.13654863428899,1,unique_pbr_conflict_candidate_experimental
uniform_32MHz,strong_only,15,0,2,20271019,0.4,60,0,0,19.8893462349534,14.6276523927734,19.8893462349534,14.6276523927734,4.88934623495344,-0.372347607226555,4.88934623495344,-0.372347607226555,range_phase_disagreement_rtt_only,1,0.859499695010005,0,1,4.65864781526315,1,unique_pbr_conflict_candidate_experimental
uniform_32MHz,strong_only,15,0,3,20271019,0.4,60,0,0,18.7486325604366,14.6593680780508,18.7486325604366,14.6593680780508,3.74863256043665,-0.340631921949152,3.74863256043665,-0.340631921949152,range_phase_disagreement_rtt_only,1,0.851724936952254,0,1,3.59733021233255,1,unique_pbr_conflict_candidate_experimental
uniform_32MHz,strong_only,15,0,4,20271019,0.4,60,0,0,20.356804423963,14.6383002398625,20.356804423963,14.6383002398625,5.35680442396299,-0.361699760137462,5.35680442396299,-0.361699760137462,range_phase_disagreement_rtt_only,1,0.85777128334037,0,1,5.04516909421667,1,unique_pbr_conflict_candidate_experimental
uniform_32MHz,strong_only,15,0,5,20271019,0.4,60,0,0,20.0121307290602,14.5669867034515,20.0121307290602,14.5669867034515,5.01213072906017,-0.433013296548504,5.01213072906017,-0.433013296548504,range_phase_disagreement_rtt_only,1,0.855617061500108,0,1,4.75187974024545,1,unique_pbr_conflict_candidate_experimental
uniform_32MHz,strong_only,15,0,6,20271019,0.4,60,0,0,20.1170555048243,14.6124604179367,20.1170555048243,14.6124604179367,5.11705550482432,-0.387539582063336,5.11705550482432,-0.387539582063336,range_phase_disagreement_rtt_only,1,0.839893663669708,0,1,4.85397653171264,1,unique_pbr_conflict_candidate_experimental
uniform_32MHz,strong_only,15,0,7,20271019,0.4,60,0,0,20.0800376546596,14.6554165289932,20.0800376546596,14.6554165289932,5.08003765465965,-0.344583471006787,5.08003765465965,-0.344583471006787,range_phase_disagreement_rtt_only,1,0.858057758526118,0,1,4.73218725976548,1,unique_pbr_conflict_candidate_experimental
uniform_32MHz,strong_only,15,0,8,20271019,0.4,60,0,0,19.8321826478729,14.627388040157,19.8321826478729,14.627388040157,4.83218264787293,-0.372611959842953,4.83218264787293,-0.372611959842953,range_phase_disagreement_rtt_only,1,0.868856779781935,0,1,4.57240482138161,1,unique_pbr_conflict_candidate_experimental
uniform_32MHz,strong_only,15,0,9,20271019,0.4,60,0,0,21.2539032704737,14.5599079256872,21.2539032704737,14.5599079256872,6.25390327047374,-0.440092074312844,6.25390327047374,-0.440092074312844,range_phase_disagreement_rtt_only,1,0.846039242034251,0,1,5.90558446768276,1,unique_pbr_conflict_candidate_experimental
uniform_32MHz,strong_only,15,0,10,20271019,0.4,60,0,0,20.2856855235288,14.642712758117,20.2856855235288,14.642712758117,5.28568552352876,-0.357287241882998,5.28568552352876,-0.357287241882998,range_phase_disagreement_rtt_only,1,0.853258325753133,0,1,5.00709967468434,1,unique_pbr_conflict_candidate_experimental
uniform_32MHz,strong_only,15,0,11,20271019,0.4,60,0,0,20.2706707296996,14.4951766709575,20.2706707296996,14.4951766709575,5.27067072969958,-0.504823329042503,5.27067072969958,-0.504823329042503,range_phase_disagreement_rtt_only,1,0.865552966217094,0,1,5.08744127334481,1,unique_pbr_conflict_candidate_experimental
uniform_32MHz,strong_only,15,0,12,20271019,0.4,60,0,0,18.8045649143873,14.5186939471948,18.8045649143873,14.5186939471948,3.80456491438729,-0.481306052805229,3.80456491438729,-0.481306052805229,range_phase_disagreement_rtt_only,1,0.846206365238245,0,1,3.77459511610609,1,unique_pbr_conflict_candidate_experimental
uniform_32MHz,strong_only,15,0,13,20271019,0.4,60,0,0,19.9094627231518,14.5299175236726,19.9094627231518,14.5299175236726,4.90946272315175,-0.47008247632739,4.90946272315175,-0.47008247632739,range_phase_disagreement_rtt_only,1,0.866508979384515,0,1,4.76823859868011,1,unique_pbr_conflict_candidate_experimental
uniform_32MHz,strong_only,15,0,14,20271019,0.4,60,0,0,19.4679265867347,14.6333824618539,19.4679265867347,14.6333824618539,4.46792658673467,-0.366617538146075,4.46792658673467,-0.366617538146075,range_phase_disagreement_rtt_only,1,0.86476814016178,0,1,4.22342733210353,1,unique_pbr_conflict_candidate_experimental
uniform_32MHz,strong_only,15,0,15,20271019,0.4,60,0,0,20.3568716437069,14.6469897757295,20.3568716437069,14.6469897757295,5.35687164370694,-0.353010224270474,5.35687164370694,-0.353010224270474,range_phase_disagreement_rtt_only,1,0.852812350335284,0,1,5.02953248710793,1,unique_pbr_conflict_candidate_experimental
uniform_32MHz,strong_only,15,0,16,20271019,0.4,60,0,0,19.854009761351,14.6341168299345,19.854009761351,14.6341168299345,4.85400976135104,-0.365883170065505,4.85400976135104,-0.365883170065505,range_phase_disagreement_rtt_only,1,0.858951828381614,0,1,4.61610513056024,1,unique_pbr_conflict_candidate_experimental
uniform_32MHz,strong_only,15,0,17,20271019,0.4,60,0,0,19.2246533109207,14.6629738062032,19.2246533109207,14.6629738062032,4.22465331092066,-0.337026193796822,4.22465331092066,-0.337026193796822,range_phase_disagreement_rtt_only,1,0.858709861384812,0,1,4.0131862304075,1,unique_pbr_conflict_candidate_experimental
uniform_32MHz,strong_only,15,0,18,20271019,0.4,60,0,0,20.08236044179,14.6125938436817,20.08236044179,14.6125938436817,5.08236044179001,-0.387406156318296,5.08236044179001,-0.387406156318296,range_phase_disagreement_rtt_only,1,0.848150297901641,0,1,4.83580665461239,1,unique_pbr_conflict_candidate_experimental
uniform_32MHz,strong_only,15,0,19,20271019,0.4,60,0,0,18.7703491634223,14.6651137162663,18.7703491634223,14.6651137162663,3.77034916342226,-0.334886283733749,3.77034916342226,-0.334886283733749,range_phase_disagreement_rtt_only,1,0.849581175781574,0,1,3.60885028855432,1,unique_pbr_conflict_candidate_experimental
uniform_32MHz,strong_only,15,0,20,20271019,0.4,60,0,0,18.3744744041534,14.6264139985827,18.3744744041534,14.6264139985827,3.37447440415336,-0.373586001417266,3.37447440415336,-0.373586001417266,range_phase_disagreement_rtt_only,1,0.864355067799247,0,1,3.28605335853941,1,unique_pbr_conflict_candidate_experimental
uniform_32MHz,strong_only,3,15,1,20271019,0.4,60,0,0,7.19667591855509,2.55465208990634,7.19667591855509,2.55465208990634,4.19667591855509,-0.445347910093657,4.19667591855509,-0.445347910093657,range_phase_disagreement_rtt_only,1,0.86012697860214,0,1,16.8171548916702,1,unique_pbr_conflict_candidate_experimental
uniform_32MHz,strong_only,3,15,2,20271019,0.4,60,0,0,7.48224756814985,2.57601693359233,7.48224756814985,2.57601693359233,4.48224756814985,-0.423983066407667,4.48224756814985,-0.423983066407667,range_phase_disagreement_rtt_only,1,0.857896718189061,0,1,17.7770998173955,1,unique_pbr_conflict_candidate_experimental
uniform_32MHz,strong_only,3,15,3,20271019,0.4,60,0,0,7.38470975997873,2.57910648098629,7.38470975997873,2.57910648098629,4.38470975997873,-0.420893519013708,4.38470975997873,-0.420893519013708,range_phase_disagreement_rtt_only,1,0.858498624625411,0,1,17.4090828077589,1,unique_pbr_conflict_candidate_experimental
uniform_32MHz,strong_only,3,15,4,20271019,0.4,60,0,0,7.5044986781457,2.56130681741766,7.5044986781457,2.56130681741766,4.5044986781457,-0.438693182582337,4.5044986781457,-0.438693182582337,range_phase_disagreement_rtt_only,1,0.858278963706564,0,1,17.837985878398,1,unique_pbr_conflict_candidate_experimental
uniform_32MHz,strong_only,3,15,5,20271019,0.4,60,0,0,7.30116256121761,2.58465807387257,7.30116256121761,2.58465807387257,4.30116256121761,-0.415341926127426,4.30116256121761,-0.415341926127426,range_phase_disagreement_rtt_only,1,0.855713949489674,0,1,17.0438662368857,1,unique_pbr_conflict_candidate_experimental
uniform_32MHz,strong_only,3,15,6,20271019,0.4,60,0,0,7.34572085995062,2.5579158749931,7.34572085995062,2.5579158749931,4.34572085995062,-0.442084125006901,4.34572085995062,-0.442084125006901,range_phase_disagreement_rtt_only,1,0.859772843885838,0,1,17.2932057842644,1,unique_pbr_conflict_candidate_experimental
uniform_32MHz,strong_only,3,15,7,20271019,0.4,60,0,0,7.50819247746548,2.56850239471167,7.50819247746548,2.56850239471167,4.50819247746548,-0.431497605288333,4.50819247746548,-0.431497605288333,range_phase_disagreement_rtt_only,1,0.858093424146858,0,1,17.8751480209644,1,unique_pbr_conflict_candidate_experimental
uniform_32MHz,strong_only,3,15,8,20271019,0.4,60,0,0,7.30254039734937,2.56601056091269,7.30254039734937,2.56601056091269,4.30254039734937,-0.433989439087315,4.30254039734937,-0.433989439087315,range_phase_disagreement_rtt_only,1,0.855778623046752,0,1,17.1388858433518,1,unique_pbr_conflict_candidate_experimental
uniform_32MHz,strong_only,3,15,9,20271019,0.4,60,0,0,7.35966765823206,2.59393698466406,7.35966765823206,2.59393698466406,4.35966765823206,-0.406063015335945,4.35966765823206,-0.406063015335945,range_phase_disagreement_rtt_only,1,0.859259788921719,0,1,17.223635415512,1,unique_pbr_conflict_candidate_experimental
uniform_32MHz,strong_only,3,15,10,20271019,0.4,60,0,0,7.50110196153581,2.57245933570641,7.50110196153581,2.57245933570641,4.50110196153581,-0.427540664293587,4.50110196153581,-0.427540664293587,range_phase_disagreement_rtt_only,1,0.854071730063686,0,1,17.8117995717533,1,unique_pbr_conflict_candidate_experimental
uniform_32MHz,strong_only,3,15,11,20271019,0.4,60,0,0,7.41538707989433,2.56003645408643,7.41538707989433,2.56003645408643,4.41538707989433,-0.439963545913574,4.41538707989433,-0.439963545913574,range_phase_disagreement_rtt_only,1,0.85764141233555,0,1,17.5417785341665,1,unique_pbr_conflict_candidate_experimental
uniform_32MHz,strong_only,3,15,12,20271019,0.4,60,0,0,7.47121911696564,2.57990496203105,7.47121911696564,2.57990496203105,4.47121911696564,-0.420095037968946,4.47121911696564,-0.420095037968946,range_phase_disagreement_rtt_only,1,0.853508968151949,0,1,17.6983899034667,1,unique_pbr_conflict_candidate_experimental
uniform_32MHz,strong_only,3,15,13,20271019,0.4,60,0,0,7.30425398525787,2.55429970928305,7.30425398525787,2.55429970928305,4.30425398525787,-0.445700290716947,4.30425398525787,-0.445700290716947,range_phase_disagreement_rtt_only,1,0.856266226748723,0,1,17.1826932078819,1,unique_pbr_conflict_candidate_experimental
uniform_32MHz,strong_only,3,15,14,20271019,0.4,60,0,0,7.4078616355925,2.58977405609284,7.4078616355925,2.58977405609284,4.4078616355925,-0.410225943907164,4.4078616355925,-0.410225943907164,range_phase_disagreement_rtt_only,1,0.854381648207313,0,1,17.4299288614876,1,unique_pbr_conflict_candidate_experimental
uniform_32MHz,strong_only,3,15,15,20271019,0.4,60,0,0,7.28509130585004,2.5743451397322,7.28509130585004,2.5743451397322,4.28509130585004,-0.425654860267798,4.28509130585004,-0.425654860267798,range_phase_disagreement_rtt_only,1,0.857801215961345,0,1,17.0338240939871,1,unique_pbr_conflict_candidate_experimental
uniform_32MHz,strong_only,3,15,16,20271019,0.4,60,0,0,7.56417183479482,2.5764412698394,7.56417183479482,2.5764412698394,4.56417183479482,-0.4235587301606,4.56417183479482,-0.4235587301606,range_phase_disagreement_rtt_only,1,0.85575195730712,0,1,18.0280384991387,1,unique_pbr_conflict_candidate_experimental
uniform_32MHz,strong_only,3,15,17,20271019,0.4,60,0,0,7.37044637419827,2.59402723763736,7.37044637419827,2.59402723763736,4.37044637419827,-0.405972762362636,4.37044637419827,-0.405972762362636,range_phase_disagreement_rtt_only,1,0.85734255847509,0,1,17.2695041762248,1,unique_pbr_conflict_candidate_experimental
uniform_32MHz,strong_only,3,15,18,20271019,0.4,60,0,0,7.49387705921889,2.55900502718441,7.49387705921889,2.55900502718441,4.49387705921889,-0.440994972815591,4.49387705921889,-0.440994972815591,range_phase_disagreement_rtt_only,1,0.856975098072973,0,1,17.8545112767808,1,unique_pbr_conflict_candidate_experimental
uniform_32MHz,strong_only,3,15,19,20271019,0.4,60,0,0,7.17133566836764,2.56442364422271,7.17133566836764,2.56442364422271,4.17133566836764,-0.435576355777288,4.17133566836764,-0.435576355777288,range_phase_disagreement_rtt_only,1,0.854710294230397,0,1,16.6340950711798,1,unique_pbr_conflict_candidate_experimental
uniform_32MHz,strong_only,3,15,20,20271019,0.4,60,0,0,7.34443100828961,2.5797693107831,7.34443100828961,2.5797693107831,4.34443100828961,-0.420230689216904,4.34443100828961,-0.420230689216904,range_phase_disagreement_rtt_only,1,0.859235248636578,0,1,17.1700831976963,1,unique_pbr_conflict_candidate_experimental
uniform_32MHz,strong_only,15,15,1,20271019,0.4,60,0,0,19.4026379755572,14.5739243146449,19.4026379755572,14.5739243146449,4.40263797555719,-0.426075685355068,4.40263797555719,-0.426075685355068,range_phase_disagreement_rtt_only,1,0.853212565434713,0,1,17.4109249392606,1,unique_pbr_conflict_candidate_experimental
uniform_32MHz,strong_only,15,15,2,20271019,0.4,60,0,0,19.5312890631855,14.5676448989895,19.5312890631855,14.5676448989895,4.53128906318552,-0.432355101010483,4.53128906318552,-0.432355101010483,range_phase_disagreement_rtt_only,1,0.857855621841591,0,1,17.9660759043536,1,unique_pbr_conflict_candidate_experimental
uniform_32MHz,strong_only,15,15,3,20271019,0.4,60,0,0,19.5778299510894,14.5568656033298,19.5778299510894,14.5568656033298,4.57782995108939,-0.443134396670207,4.57782995108939,-0.443134396670207,range_phase_disagreement_rtt_only,1,0.854867430616761,0,1,18.1726935845325,1,unique_pbr_conflict_candidate_experimental
uniform_32MHz,strong_only,15,15,4,20271019,0.4,60,0,0,19.4467950753168,14.5351553795138,19.4467950753168,14.5351553795138,4.44679507531679,-0.464844620486176,4.44679507531679,-0.464844620486176,range_phase_disagreement_rtt_only,1,0.85654018893655,0,1,17.7552439174823,1,unique_pbr_conflict_candidate_experimental
uniform_32MHz,strong_only,15,15,5,20271019,0.4,60,0,0,19.2017814427828,14.5665654606976,19.2017814427828,14.5665654606976,4.20178144278285,-0.433434539302359,4.20178144278285,-0.433434539302359,range_phase_disagreement_rtt_only,1,0.856766528727494,0,1,16.7869008765379,1,unique_pbr_conflict_candidate_experimental
uniform_32MHz,strong_only,15,15,6,20271019,0.4,60,0,0,19.4177419555829,14.5907831512496,19.4177419555829,14.5907831512496,4.41774195558292,-0.409216848750425,4.41774195558292,-0.409216848750425,range_phase_disagreement_rtt_only,1,0.856737042211359,0,1,17.4343453894672,1,unique_pbr_conflict_candidate_experimental
uniform_32MHz,strong_only,15,15,7,20271019,0.4,60,0,0,19.5970827349296,14.5895993443546,19.5970827349296,14.5895993443546,4.5970827349296,-0.410400655645388,4.5970827349296,-0.410400655645388,range_phase_disagreement_rtt_only,1,0.85767812331256,0,1,18.094352038449,1,unique_pbr_conflict_candidate_experimental
uniform_32MHz,strong_only,15,15,8,20271019,0.4,60,0,0,19.6224513828913,14.5500734224656,19.6224513828913,14.5500734224656,4.62245138289129,-0.449926577534422,4.62245138289129,-0.449926577534422,range_phase_disagreement_rtt_only,1,0.857189007917814,0,1,18.3568670157579,1,unique_pbr_conflict_candidate_experimental
uniform_32MHz,strong_only,15,15,9,20271019,0.4,60,0,0,19.4755685727797,14.5720489192633,19.4755685727797,14.5720489192633,4.47556857277968,-0.427951080736733,4.47556857277968,-0.427951080736733,range_phase_disagreement_rtt_only,1,0.855061054252394,0,1,17.7286636761277,1,unique_pbr_conflict_candidate_experimental
uniform_32MHz,strong_only,15,15,10,20271019,0.4,60,0,0,19.4092269372596,14.5603969875859,19.4092269372596,14.5603969875859,4.4092269372596,-0.439603012414052,4.4092269372596,-0.439603012414052,range_phase_disagreement_rtt_only,1,0.857237334754704,0,1,17.576502558819,1,unique_pbr_conflict_candidate_experimental
uniform_32MHz,strong_only,15,15,11,20271019,0.4,60,0,0,19.143237557903,14.5668530635964,19.143237557903,14.5668530635964,4.14323755790304,-0.433146936403572,4.14323755790304,-0.433146936403572,range_phase_disagreement_rtt_only,1,0.855005195237778,0,1,16.6059866822228,1,unique_pbr_conflict_candidate_experimental
uniform_32MHz,strong_only,15,15,12,20271019,0.4,60,0,0,19.4266098153192,14.5746146724549,19.4266098153192,14.5746146724549,4.42660981531921,-0.425385327545058,4.42660981531921,-0.425385327545058,range_phase_disagreement_rtt_only,1,0.858219799919586,0,1,17.4962842987954,1,unique_pbr_conflict_candidate_experimental
uniform_32MHz,strong_only,15,15,13,20271019,0.4,60,0,0,19.5795305440448,14.5746030573342,19.5795305440448,14.5746030573342,4.57953054404479,-0.425396942665822,4.57953054404479,-0.425396942665822,range_phase_disagreement_rtt_only,1,0.858694307204802,0,1,18.1180747111204,1,unique_pbr_conflict_candidate_experimental
uniform_32MHz,strong_only,15,15,14,20271019,0.4,60,0,0,19.3870433725979,14.5717223077143,19.3870433725979,14.5717223077143,4.38704337259793,-0.428277692285739,4.38704337259793,-0.428277692285739,range_phase_disagreement_rtt_only,1,0.857768176030198,0,1,17.4514174293758,1,unique_pbr_conflict_candidate_experimental
uniform_32MHz,strong_only,15,15,15,20271019,0.4,60,0,0,19.2744464963583,14.5590591336931,19.2744464963583,14.5590591336931,4.2744464963583,-0.440940866306914,4.2744464963583,-0.440940866306914,range_phase_disagreement_rtt_only,1,0.856202458378546,0,1,17.0387016067433,1,unique_pbr_conflict_candidate_experimental
uniform_32MHz,strong_only,15,15,16,20271019,0.4,60,0,0,19.5029857930012,14.5637501837498,19.5029857930012,14.5637501837498,4.50298579300123,-0.43624981625022,4.50298579300123,-0.43624981625022,range_phase_disagreement_rtt_only,1,0.85777366597532,0,1,17.8395693428576,1,unique_pbr_conflict_candidate_experimental
uniform_32MHz,strong_only,15,15,17,20271019,0.4,60,0,0,19.6884268275594,14.5781541010796,19.6884268275594,14.5781541010796,4.68842682755941,-0.421845898920447,4.68842682755941,-0.421845898920447,range_phase_disagreement_rtt_only,1,0.854754682089709,0,1,18.4499849902999,1,unique_pbr_conflict_candidate_experimental
uniform_32MHz,strong_only,15,15,18,20271019,0.4,60,0,0,19.6777794193303,14.5762021924168,19.6777794193303,14.5762021924168,4.67777941933027,-0.423797807583158,4.67777941933027,-0.423797807583158,range_phase_disagreement_rtt_only,1,0.858161650853017,0,1,18.4719121928945,1,unique_pbr_conflict_candidate_experimental
uniform_32MHz,strong_only,15,15,19,20271019,0.4,60,0,0,19.2247900284301,14.5740696432181,19.2247900284301,14.5740696432181,4.22479002843012,-0.42593035678194,4.22479002843012,-0.42593035678194,range_phase_disagreement_rtt_only,1,0.857689199311351,0,1,16.8087573179726,1,unique_pbr_conflict_candidate_experimental
uniform_32MHz,strong_only,15,15,20,20271019,0.4,60,0,0,19.4942576745168,14.5710731541981,19.4942576745168,14.5710731541981,4.49425767451676,-0.428926845801936,4.49425767451676,-0.428926845801936,range_phase_disagreement_rtt_only,1,0.858943360716661,0,1,17.8598355012104,1,unique_pbr_conflict_candidate_experimental
uniform_32MHz,strong_only,3,30,1,20271019,0.4,60,0,0,7.42900005611967,2.57541011455963,7.42900005611967,2.57541011455963,4.42900005611967,-0.42458988544037,4.42900005611967,-0.42458988544037,range_phase_disagreement_rtt_only,1,0.854267427511496,0,1,19.107943823799,1,unique_pbr_conflict_candidate_experimental
uniform_32MHz,strong_only,3,30,2,20271019,0.4,60,0,0,7.42312643093155,2.57200880581308,7.42312643093155,2.57200880581308,4.42312643093155,-0.42799119418692,4.42312643093155,-0.42799119418692,range_phase_disagreement_rtt_only,1,0.85581781130301,0,1,19.1004333169052,1,unique_pbr_conflict_candidate_experimental
uniform_32MHz,strong_only,3,30,3,20271019,0.4,60,0,0,7.41342038117966,2.57884405216588,7.41342038117966,2.57884405216588,4.41342038117966,-0.421155947834122,4.41342038117966,-0.421155947834122,range_phase_disagreement_rtt_only,1,0.855568904837288,0,1,19.0321124530512,1,unique_pbr_conflict_candidate_experimental
uniform_32MHz,strong_only,3,30,4,20271019,0.4,60,0,0,7.42302580731609,2.58637478559793,7.42302580731609,2.58637478559793,4.42302580731609,-0.413625214402069,4.42302580731609,-0.413625214402069,range_phase_disagreement_rtt_only,1,0.855471687373154,0,1,19.0457833681654,1,unique_pbr_conflict_candidate_experimental
uniform_32MHz,strong_only,3,30,5,20271019,0.4,60,0,0,7.41452431906625,2.58052182829925,7.41452431906625,2.58052182829925,4.41452431906625,-0.419478171700747,4.41452431906625,-0.419478171700747,range_phase_disagreement_rtt_only,1,0.854164008245868,0,1,19.0292563707591,1,unique_pbr_conflict_candidate_experimental
uniform_32MHz,strong_only,3,30,6,20271019,0.4,60,0,0,7.4064490543219,2.58586049957536,7.4064490543219,2.58586049957536,4.4064490543219,-0.414139500424636,4.4064490543219,-0.414139500424636,range_phase_disagreement_rtt_only,1,0.857234315169078,0,1,18.9803461551154,1,unique_pbr_conflict_candidate_experimental
uniform_32MHz,strong_only,3,30,7,20271019,0.4,60,0,0,7.38569502303262,2.57935718471946,7.38569502303262,2.57935718471946,4.38569502303262,-0.420642815280538,4.38569502303262,-0.420642815280538,range_phase_disagreement_rtt_only,1,0.85394157532686,0,1,18.9233093507674,1,unique_pbr_conflict_candidate_experimental
uniform_32MHz,strong_only,3,30,8,20271019,0.4,60,0,0,7.38107264466569,2.57845825923243,7.38107264466569,2.57845825923243,4.38107264466569,-0.421541740767573,4.38107264466569,-0.421541740767573,range_phase_disagreement_rtt_only,1,0.855760191338068,0,1,18.9015542059012,1,unique_pbr_conflict_candidate_experimental
uniform_32MHz,strong_only,3,30,9,20271019,0.4,60,0,0,7.39642656819022,2.56728608997851,7.39642656819022,2.56728608997851,4.39642656819022,-0.43271391002149,4.39642656819022,-0.43271391002149,range_phase_disagreement_rtt_only,1,0.856718571717402,0,1,19.0060549155571,1,unique_pbr_conflict_candidate_experimental
uniform_32MHz,strong_only,3,30,10,20271019,0.4,60,0,0,7.40490701559347,2.56687568577621,7.40490701559347,2.56687568577621,4.40490701559347,-0.433124314223794,4.40490701559347,-0.433124314223794,range_phase_disagreement_rtt_only,1,0.856578176555595,0,1,19.0477546476067,1,unique_pbr_conflict_candidate_experimental
uniform_32MHz,strong_only,3,30,11,20271019,0.4,60,0,0,7.38762406165639,2.57909805575372,7.38762406165639,2.57909805575372,4.38762406165639,-0.420901944246284,4.38762406165639,-0.420901944246284,range_phase_disagreement_rtt_only,1,0.854358200852087,0,1,18.9321900667329,1,unique_pbr_conflict_candidate_experimental
uniform_32MHz,strong_only,3,30,12,20271019,0.4,60,0,0,7.40354551196196,2.5755513439573,7.40354551196196,2.5755513439573,4.40354551196196,-0.424448656042698,4.40354551196196,-0.424448656042698,range_phase_disagreement_rtt_only,1,0.852707121685201,0,1,19.0052704533573,1,unique_pbr_conflict_candidate_experimental
uniform_32MHz,strong_only,3,30,13,20271019,0.4,60,0,0,7.4205399670857,2.58496297166469,7.4205399670857,2.58496297166469,4.4205399670857,-0.415037028335311,4.4205399670857,-0.415037028335311,range_phase_disagreement_rtt_only,1,0.855734252394739,0,1,19.0369549429059,1,unique_pbr_conflict_candidate_experimental
uniform_32MHz,strong_only,3,30,14,20271019,0.4,60,0,0,7.41524116691092,2.56600794992285,7.41524116691092,2.56600794992285,4.41524116691092,-0.433992050077149,4.41524116691092,-0.433992050077149,range_phase_disagreement_rtt_only,1,0.855972804420821,0,1,19.0868527712417,1,unique_pbr_conflict_candidate_experimental
uniform_32MHz,strong_only,3,30,15,20271019,0.4,60,0,0,7.39773429089751,2.57014954696139,7.39773429089751,2.57014954696139,4.39773429089751,-0.42985045303861,4.39773429089751,-0.42985045303861,range_phase_disagreement_rtt_only,1,0.856702188244211,0,1,19.0064568603302,1,unique_pbr_conflict_candidate_experimental
uniform_32MHz,strong_only,3,30,16,20271019,0.4,60,0,0,7.41584987214769,2.57963306818463,7.41584987214769,2.57963306818463,4.41584987214769,-0.420366931815367,4.41584987214769,-0.420366931815367,range_phase_disagreement_rtt_only,1,0.854432214046272,0,1,19.0411647563806,1,unique_pbr_conflict_candidate_experimental
uniform_32MHz,strong_only,3,30,17,20271019,0.4,60,0,0,7.38955663688319,2.57208791966466,7.38955663688319,2.57208791966466,4.38955663688319,-0.427912080335337,4.38955663688319,-0.427912080335337,range_phase_disagreement_rtt_only,1,0.855928127728737,0,1,18.9680694744247,1,unique_pbr_conflict_candidate_experimental
uniform_32MHz,strong_only,3,30,18,20271019,0.4,60,0,0,7.37625624681617,2.57494840911488,7.37625624681617,2.57494840911488,4.37625624681617,-0.425051590885124,4.37625624681617,-0.425051590885124,range_phase_disagreement_rtt_only,1,0.854950868287494,0,1,18.8999040846003,1,unique_pbr_conflict_candidate_experimental
uniform_32MHz,strong_only,3,30,19,20271019,0.4,60,0,0,7.38325206000388,2.58338701262593,7.38325206000388,2.58338701262593,4.38325206000388,-0.416612987374071,4.38325206000388,-0.416612987374071,range_phase_disagreement_rtt_only,1,0.853597261758551,0,1,18.8996707608981,1,unique_pbr_conflict_candidate_experimental
uniform_32MHz,strong_only,3,30,20,20271019,0.4,60,0,0,7.44162647967161,2.57552659736569,7.44162647967161,2.57552659736569,4.44162647967161,-0.424473402634314,4.44162647967161,-0.424473402634314,range_phase_disagreement_rtt_only,1,0.854869863833793,0,1,19.1604922833404,1,unique_pbr_conflict_candidate_experimental
uniform_32MHz,strong_only,15,30,1,20271019,0.4,60,0,0,19.3829258775244,14.5800737114163,19.3829258775244,14.5800737114163,4.38292587752435,-0.419926288583671,4.38292587752435,-0.419926288583671,range_phase_disagreement_rtt_only,1,0.854965651265791,0,1,18.9079526319257,1,unique_pbr_conflict_candidate_experimental
uniform_32MHz,strong_only,15,30,2,20271019,0.4,60,0,0,19.4313579240782,14.5807855536931,19.4313579240782,14.5807855536931,4.43135792407819,-0.419214446306935,4.43135792407819,-0.419214446306935,range_phase_disagreement_rtt_only,1,0.854584337157238,0,1,19.0980201901836,1,unique_pbr_conflict_candidate_experimental
uniform_32MHz,strong_only,15,30,3,20271019,0.4,60,0,0,19.4051717663164,14.5869918291931,19.4051717663164,14.5869918291931,4.40517176631639,-0.413008170806899,4.40517176631639,-0.413008170806899,range_phase_disagreement_rtt_only,1,0.855244335170746,0,1,18.9704097797135,1,unique_pbr_conflict_candidate_experimental
uniform_32MHz,strong_only,15,30,4,20271019,0.4,60,0,0,19.4024151948966,14.5745621368202,19.4024151948966,14.5745621368202,4.40241519489664,-0.425437863179798,4.40241519489664,-0.425437863179798,range_phase_disagreement_rtt_only,1,0.856332881262367,0,1,19.0058875163715,1,unique_pbr_conflict_candidate_experimental
uniform_32MHz,strong_only,15,30,5,20271019,0.4,60,0,0,19.4165049349014,14.5807838399674,19.4165049349014,14.5807838399674,4.41650493490139,-0.419216160032631,4.41650493490139,-0.419216160032631,range_phase_disagreement_rtt_only,1,0.853254473473383,0,1,19.0390081634082,1,unique_pbr_conflict_candidate_experimental
uniform_32MHz,strong_only,15,30,6,20271019,0.4,60,0,0,19.4271186410652,14.5802821866126,19.4271186410652,14.5802821866126,4.42711864106525,-0.419717813387363,4.42711864106525,-0.419717813387363,range_phase_disagreement_rtt_only,1,0.854678353009481,0,1,19.0807388781334,1,unique_pbr_conflict_candidate_experimental
uniform_32MHz,strong_only,15,30,7,20271019,0.4,60,0,0,19.4067830667155,14.5825513831112,19.4067830667155,14.5825513831112,4.40678306671546,-0.417448616888782,4.40678306671546,-0.417448616888782,range_phase_disagreement_rtt_only,1,0.856484231554079,0,1,18.993268821398,1,unique_pbr_conflict_candidate_experimental
uniform_32MHz,strong_only,15,30,8,20271019,0.4,60,0,0,19.4071770553604,14.5679425317515,19.4071770553604,14.5679425317515,4.40717705536041,-0.432057468248518,4.40717705536041,-0.432057468248518,range_phase_disagreement_rtt_only,1,0.855170284698964,0,1,19.0583160657939,1,unique_pbr_conflict_candidate_experimental
uniform_32MHz,strong_only,15,30,9,20271019,0.4,60,0,0,19.427799406562,14.5838100137738,19.427799406562,14.5838100137738,4.42779940656195,-0.416189986226152,4.42779940656195,-0.416189986226152,range_phase_disagreement_rtt_only,1,0.855823360413409,0,1,19.0724391216744,1,unique_pbr_conflict_candidate_experimental
uniform_32MHz,strong_only,15,30,10,20271019,0.4,60,0,0,19.3975157666334,14.575734500505,19.3975157666334,14.575734500505,4.39751576663341,-0.42426549949505,4.39751576663341,-0.42426549949505,range_phase_disagreement_rtt_only,1,0.856764661055199,0,1,18.9816511180055,1,unique_pbr_conflict_candidate_experimental
uniform_32MHz,strong_only,15,30,11,20271019,0.4,60,0,0,19.3957781031933,14.5809542410168,19.3957781031933,14.5809542410168,4.39577810319327,-0.419045758983213,4.39577810319327,-0.419045758983213,range_phase_disagreement_rtt_only,1,0.853198608237869,0,1,18.9547325036977,1,unique_pbr_conflict_candidate_experimental
uniform_32MHz,strong_only,15,30,12,20271019,0.4,60,0,0,19.4060795685576,14.5856616271993,19.4060795685576,14.5856616271993,4.40607956855762,-0.414338372800723,4.40607956855762,-0.414338372800723,range_phase_disagreement_rtt_only,1,0.856729904200026,0,1,18.9759176819386,1,unique_pbr_conflict_candidate_experimental
uniform_32MHz,strong_only,15,30,13,20271019,0.4,60,0,0,19.4098208388442,14.5738643806764,19.4098208388442,14.5738643806764,4.40982083884422,-0.426135619323572,4.40982083884422,-0.426135619323572,range_phase_disagreement_rtt_only,1,0.855544330667324,0,1,19.0364239634657,1,unique_pbr_conflict_candidate_experimental
uniform_32MHz,strong_only,15,30,14,20271019,0.4,60,0,0,19.379230132521,14.5765864315844,19.379230132521,14.5765864315844,4.37923013252095,-0.423413568415635,4.37923013252095,-0.423413568415635,range_phase_disagreement_rtt_only,1,0.855341462637895,0,1,18.9049555455349,1,unique_pbr_conflict_candidate_experimental
uniform_32MHz,strong_only,15,30,15,20271019,0.4,60,0,0,19.4199855294514,14.578721888929,19.4199855294514,14.578721888929,4.41998552945136,-0.421278111070988,4.41998552945136,-0.421278111070988,range_phase_disagreement_rtt_only,1,0.856345584436251,0,1,19.0570241061133,1,unique_pbr_conflict_candidate_experimental
uniform_32MHz,strong_only,15,30,16,20271019,0.4,60,0,0,19.4182672709291,14.58628294434,19.4182672709291,14.58628294434,4.41826727092909,-0.413717055660035,4.41826727092909,-0.413717055660035,range_phase_disagreement_rtt_only,1,0.854069438556323,0,1,19.0214616738978,1,unique_pbr_conflict_candidate_experimental
uniform_32MHz,strong_only,15,30,17,20271019,0.4,60,0,0,19.4139033671087,14.5854098939428,19.4139033671087,14.5854098939428,4.41390336710873,-0.414590106057235,4.41390336710873,-0.414590106057235,range_phase_disagreement_rtt_only,1,0.85522913558326,0,1,19.0110962263014,1,unique_pbr_conflict_candidate_experimental
uniform_32MHz,strong_only,15,30,18,20271019,0.4,60,0,0,19.4213321744648,14.5831720504946,19.4213321744648,14.5831720504946,4.42133217446482,-0.416827949505363,4.42133217446482,-0.416827949505363,range_phase_disagreement_rtt_only,1,0.85572676843031,0,1,19.0498911846994,1,unique_pbr_conflict_candidate_experimental
uniform_32MHz,strong_only,15,30,19,20271019,0.4,60,0,0,19.4365763148352,14.5723005360968,19.4365763148352,14.5723005360968,4.43657631483519,-0.427699463903217,4.43657631483519,-0.427699463903217,range_phase_disagreement_rtt_only,1,0.855454830066871,0,1,19.1497350828813,1,unique_pbr_conflict_candidate_experimental
uniform_32MHz,strong_only,15,30,20,20271019,0.4,60,0,0,19.4576497175029,14.5812657407948,19.4576497175029,14.5812657407948,4.4576497175029,-0.418734259205246,4.4576497175029,-0.418734259205246,range_phase_disagreement_rtt_only,1,0.857123829280526,0,1,19.1998061232338,1,unique_pbr_conflict_candidate_experimental
uniform_32MHz,strong_delay_drift,3,0,1,20271019,0.4,60,16,0,8.54692734712702,5.00121870672113,5.0112497894162,5.0112497894162,5.54692734712702,2.00121870672113,2.0112497894162,2.0112497894162,single_alias_soft_fusion,1,0.854268806587853,0,1,2.54721170586861,0,no_eligible_disagreement
uniform_32MHz,strong_delay_drift,3,0,2,20271019,0.4,60,16,0,8.58768028215627,5.01931783625859,5.02907679133768,5.02907679133768,5.58768028215627,2.01931783625859,2.02907679133768,2.02907679133768,single_alias_soft_fusion,1,0.863612014094231,0,1,2.562940795148,0,no_eligible_disagreement
uniform_32MHz,strong_delay_drift,3,0,3,20271019,0.4,60,16,0,9.32010541360041,4.93641678199861,9.32010541360041,4.93641678199861,6.32010541360041,1.93641678199861,6.32010541360041,1.93641678199861,range_phase_disagreement_rtt_only,1,0.846758974020415,0,1,3.14952295234034,1,unique_pbr_conflict_candidate_experimental
uniform_32MHz,strong_delay_drift,3,0,4,20271019,0.4,60,16,0,8.8761514801767,4.91059878469899,4.9215502753849,4.9215502753849,5.8761514801767,1.91059878469899,1.9215502753849,1.9215502753849,single_alias_soft_fusion,1,0.859672059208054,0,1,2.85916312856833,0,no_eligible_disagreement
uniform_32MHz,strong_delay_drift,3,0,5,20271019,0.4,60,16,0,7.12947847150105,4.9554473490973,4.96157919871756,4.96157919871756,4.12947847150105,1.9554473490973,1.96157919871756,1.96157919871756,single_alias_soft_fusion,1,0.859070379740579,0,1,1.56609568508769,0,no_eligible_disagreement
uniform_32MHz,strong_delay_drift,3,0,6,20271019,0.4,60,16,0,9.58528986073576,4.92517291062621,9.58528986073576,4.92517291062621,6.58528986073576,1.92517291062621,6.58528986073576,1.92517291062621,range_phase_disagreement_rtt_only,1,0.872695859219364,0,1,3.35755208028233,1,unique_pbr_conflict_candidate_experimental
uniform_32MHz,strong_delay_drift,3,0,7,20271019,0.4,60,16,0,9.14822331907222,4.88628345335487,9.14822331907222,4.88628345335487,6.14822331907222,1.88628345335487,6.14822331907222,1.88628345335487,range_phase_disagreement_rtt_only,1,0.850416919172244,0,1,3.069949214256,1,unique_pbr_conflict_candidate_experimental
uniform_32MHz,strong_delay_drift,3,0,8,20271019,0.4,60,16,0,9.60975768566809,5.01106449055378,9.60975768566809,5.01106449055378,6.60975768566809,2.01106449055378,6.60975768566809,2.01106449055378,range_phase_disagreement_rtt_only,1,0.85637668706274,0,1,3.30619763180365,1,unique_pbr_conflict_candidate_experimental
uniform_32MHz,strong_delay_drift,3,0,9,20271019,0.4,60,16,0,8.1409586183885,4.97321356547601,4.98187847987136,4.98187847987136,5.1409586183885,1.97321356547601,1.98187847987136,1.98187847987136,single_alias_soft_fusion,1,0.867617244898914,0,1,2.2818547945519,0,no_eligible_disagreement
uniform_32MHz,strong_delay_drift,3,0,10,20271019,0.4,60,16,0,8.00441908028927,4.94146630642188,4.94991117800366,4.94991117800366,5.00441908028927,1.94146630642188,1.94991117800366,1.94991117800366,single_alias_soft_fusion,1,0.862605350582953,0,1,2.20357274853019,0,no_eligible_disagreement
uniform_32MHz,strong_delay_drift,3,0,11,20271019,0.4,60,16,0,8.23041472101072,5.07155159008683,5.08038233166148,5.08038233166148,5.23041472101072,2.07155159008683,2.08038233166148,2.08038233166148,single_alias_soft_fusion,1,0.862624245421851,0,1,2.26736770357497,0,no_eligible_disagreement
uniform_32MHz,strong_delay_drift,3,0,12,20271019,0.4,60,16,0,9.32817163647098,4.97427162703541,9.32817163647098,4.97427162703541,6.32817163647098,1.97427162703541,6.32817163647098,1.97427162703541,range_phase_disagreement_rtt_only,1,0.853199704804757,0,1,3.11761560693935,1,unique_pbr_conflict_candidate_experimental
uniform_32MHz,strong_delay_drift,3,0,13,20271019,0.4,60,16,0,9.22611246090352,4.88375629444119,9.22611246090352,4.88375629444119,6.22611246090352,1.88375629444119,6.22611246090352,1.88375629444119,range_phase_disagreement_rtt_only,1,0.865139450451052,0,1,3.13405162073776,1,unique_pbr_conflict_candidate_experimental
uniform_32MHz,strong_delay_drift,3,0,14,20271019,0.4,60,16,0,7.92610014644111,4.95999553925868,4.96829271255618,4.96829271255618,4.92610014644111,1.95999553925868,1.96829271255618,1.96829271255618,single_alias_soft_fusion,1,0.87888829153507,0,1,2.13338021703084,0,no_eligible_disagreement
uniform_32MHz,strong_delay_drift,3,0,15,20271019,0.4,60,16,0,9.168361974069,5.05884602446177,5.07050489811104,5.07050489811104,6.168361974069,2.05884602446177,2.07050489811104,2.07050489811104,single_alias_soft_fusion,1,0.85430176127889,0,1,2.96078631430299,0,no_eligible_disagreement
uniform_32MHz,strong_delay_drift,3,0,16,20271019,0.4,60,16,0,8.50562767228814,4.94766310837739,4.95757380181641,4.95757380181641,5.50562767228814,1.94766310837739,1.95757380181641,1.95757380181641,single_alias_soft_fusion,1,0.852603322566037,0,1,2.56120657326505,0,no_eligible_disagreement
uniform_32MHz,strong_delay_drift,3,0,17,20271019,0.4,60,16,0,8.96868301331046,4.9369714251394,4.9480109617768,4.9480109617768,5.96868301331046,1.9369714251394,1.9480109617768,1.9480109617768,single_alias_soft_fusion,1,0.860020581372505,0,1,2.90425690840206,0,no_eligible_disagreement
uniform_32MHz,strong_delay_drift,3,0,18,20271019,0.4,60,16,0,7.77693089398494,4.89609131976105,4.90390671521055,4.90390671521055,4.77693089398494,1.89609131976105,1.90390671521055,1.90390671521055,single_alias_soft_fusion,1,0.870213463238276,0,1,2.06759384123679,0,no_eligible_disagreement
uniform_32MHz,strong_delay_drift,3,0,19,20271019,0.4,60,16,0,8.06498423357431,4.9429209772547,4.95178656727873,4.95178656727873,5.06498423357431,1.9429209772547,1.95178656727873,1.95178656727873,single_alias_soft_fusion,1,0.863321219474141,0,1,2.24261620888647,0,no_eligible_disagreement
uniform_32MHz,strong_delay_drift,3,0,20,20271019,0.4,60,16,0,8.78116909553342,5.00431421757795,5.01465709889847,5.01465709889847,5.78116909553342,2.00431421757795,2.01465709889847,2.01465709889847,single_alias_soft_fusion,1,0.855535984214812,0,1,2.71291206880289,0,no_eligible_disagreement
uniform_32MHz,strong_delay_drift,15,0,1,20271019,0.4,60,16,0,21.4223191121854,16.9914556017822,21.4223191121854,16.9914556017822,6.42231911218539,1.99145560178224,6.42231911218539,1.99145560178224,range_phase_disagreement_rtt_only,1,0.867372583533163,0,1,3.20153586944446,1,unique_pbr_conflict_candidate_experimental
uniform_32MHz,strong_delay_drift,15,0,2,20271019,0.4,60,16,0,20.3555300565011,17.0596347326942,17.0688964553227,17.0688964553227,5.35553005650112,2.05963473269425,2.06889645532272,2.06889645532272,single_alias_soft_fusion,1,0.854598309114912,0,1,2.36755148008219,0,no_eligible_disagreement
uniform_32MHz,strong_delay_drift,15,0,3,20271019,0.4,60,16,0,21.9680777006052,16.9543651471714,21.9680777006052,16.9543651471714,6.9680777006052,1.95436514717135,6.9680777006052,1.95436514717135,range_phase_disagreement_rtt_only,1,0.858146235737792,0,1,3.62950292831631,1,unique_pbr_conflict_candidate_experimental
uniform_32MHz,strong_delay_drift,15,0,4,20271019,0.4,60,16,0,21.136678709875,16.8016674761608,21.136678709875,16.8016674761608,6.13667870987502,1.80166747616079,6.13667870987502,1.80166747616079,range_phase_disagreement_rtt_only,1,0.861534679102252,0,1,3.11466151435622,1,unique_pbr_conflict_candidate_experimental
uniform_32MHz,strong_delay_drift,15,0,5,20271019,0.4,60,16,0,21.6760119951851,17.0428396778109,21.6760119951851,17.0428396778109,6.67601199518507,2.04283967781095,6.67601199518507,2.04283967781095,range_phase_disagreement_rtt_only,1,0.861762385744053,0,1,3.33894075959201,1,unique_pbr_conflict_candidate_experimental
uniform_32MHz,strong_delay_drift,15,0,6,20271019,0.4,60,16,0,20.7679234903326,17.0447702330175,17.0551945030376,17.0551945030376,5.76792349033257,2.04477023301747,2.05519450303758,2.05519450303758,single_alias_soft_fusion,1,0.861070957116895,0,1,2.68238788862888,0,no_eligible_disagreement
uniform_32MHz,strong_delay_drift,15,0,7,20271019,0.4,60,16,0,20.9915834573801,17.0460740548908,17.0571393622615,17.0571393622615,5.99158345738011,2.04607405489082,2.05713936226148,2.05713936226148,single_alias_soft_fusion,1,0.86806077952206,0,1,2.82619973249564,0,no_eligible_disagreement
uniform_32MHz,strong_delay_drift,15,0,8,20271019,0.4,60,16,0,19.7827937734445,17.0611718446042,17.0686816056578,17.0686816056578,4.78279377344452,2.06117184460422,2.06868160565779,2.06868160565779,single_alias_soft_fusion,1,0.870304946945634,0,1,1.95935895169695,0,no_eligible_disagreement
uniform_32MHz,strong_delay_drift,15,0,9,20271019,0.4,60,16,0,20.4800927151132,16.9957411034686,17.0056550979595,17.0056550979595,5.48009271511319,1.99574110346861,2.00565509795947,2.00565509795947,single_alias_soft_fusion,1,0.86151027425467,0,1,2.50127401928346,0,no_eligible_disagreement
uniform_32MHz,strong_delay_drift,15,0,10,20271019,0.4,60,16,0,22.2755119905198,16.8518779921774,22.2755119905198,16.8518779921774,7.27551199051982,1.85187799217737,7.27551199051982,1.85187799217737,range_phase_disagreement_rtt_only,1,0.86404344236471,0,1,3.91457830746512,1,unique_pbr_conflict_candidate_experimental
uniform_32MHz,strong_delay_drift,15,0,11,20271019,0.4,60,16,0,21.4515035050583,16.9675708024633,21.4515035050583,16.9675708024633,6.45150350505832,1.96757080246331,6.45150350505832,1.96757080246331,range_phase_disagreement_rtt_only,1,0.847408821087888,0,1,3.22239040115533,1,unique_pbr_conflict_candidate_experimental
uniform_32MHz,strong_delay_drift,15,0,12,20271019,0.4,60,16,0,20.1115616087701,16.9405251535268,16.9496493085405,16.9496493085405,5.11156160877006,1.94052515352679,1.94964930854049,1.94964930854049,single_alias_soft_fusion,1,0.857120390889769,0,1,2.29185472191028,0,no_eligible_disagreement
uniform_32MHz,strong_delay_drift,15,0,13,20271019,0.4,60,16,0,20.1781644038464,16.8727874305746,16.8817639419288,16.8817639419288,5.17816440384639,1.87278743057459,1.88176394192881,1.88176394192881,single_alias_soft_fusion,1,0.860892647444322,0,1,2.37185215238412,0,no_eligible_disagreement
uniform_32MHz,strong_delay_drift,15,0,14,20271019,0.4,60,16,0,19.7502024312792,16.9660381597177,16.9739386555382,16.9739386555382,4.75020243127924,1.96603815971767,1.97393865553824,1.97393865553824,single_alias_soft_fusion,1,0.862598902014345,0,1,2.0084671685305,0,no_eligible_disagreement
uniform_32MHz,strong_delay_drift,15,0,15,20271019,0.4,60,16,0,21.1921837863515,16.9512608778986,21.1921837863515,16.9512608778986,6.19218378635151,1.95126087789865,6.19218378635151,1.95126087789865,range_phase_disagreement_rtt_only,1,0.85475155674835,0,1,3.05531310306607,1,unique_pbr_conflict_candidate_experimental
uniform_32MHz,strong_delay_drift,15,0,16,20271019,0.4,60,16,0,20.9403376720396,16.9515129990479,16.9626813386193,16.9626813386193,5.94033767203962,1.95151299904794,1.96268133861929,1.96268133861929,single_alias_soft_fusion,1,0.861107780553726,0,1,2.86892329828583,0,no_eligible_disagreement
uniform_32MHz,strong_delay_drift,15,0,17,20271019,0.4,60,16,0,20.3872435179969,16.9725384678217,16.9820665018687,16.9820665018687,5.38724351799693,1.97253846782174,1.98206650186869,1.98206650186869,single_alias_soft_fusion,1,0.849614606793792,0,1,2.45225158591868,0,no_eligible_disagreement
uniform_32MHz,strong_delay_drift,15,0,18,20271019,0.4,60,16,0,21.1645361501545,17.0358574709131,17.0474016118055,17.0474016118055,6.16453615015449,2.03585747091311,2.04740161180553,2.04740161180553,single_alias_soft_fusion,1,0.855389709503389,0,1,2.96497325900385,0,no_eligible_disagreement
uniform_32MHz,strong_delay_drift,15,0,19,20271019,0.4,60,16,0,20.4636188357083,16.8438075464244,16.8539397100901,16.8539397100901,5.46361883570832,1.84380754642441,1.85393971009013,1.85393971009013,single_alias_soft_fusion,1,0.864415251027121,0,1,2.6029816264114,0,no_eligible_disagreement
uniform_32MHz,strong_delay_drift,15,0,20,20271019,0.4,60,16,0,21.3650453003289,16.8810883655233,21.3650453003289,16.8810883655233,6.36504530032886,1.88108836552334,6.36504530032886,1.88108836552334,range_phase_disagreement_rtt_only,1,0.872568172331797,0,1,3.2236885283697,1,unique_pbr_conflict_candidate_experimental
uniform_32MHz,strong_delay_drift,3,15,1,20271019,0.4,60,16,0,9.13395166204963,4.97789397065479,9.13395166204963,4.97789397065479,6.13395166204963,1.97789397065479,6.13395166204963,1.97789397065479,range_phase_disagreement_rtt_only,1,0.858294654760419,0,1,15.0393797804444,1,unique_pbr_conflict_candidate_experimental
uniform_32MHz,strong_delay_drift,3,15,2,20271019,0.4,60,16,0,8.92699063949955,4.97531858527212,8.92699063949955,4.97531858527212,5.92699063949955,1.97531858527212,5.92699063949955,1.97531858527212,range_phase_disagreement_rtt_only,1,0.854544197314202,0,1,14.2849128149992,1,unique_pbr_conflict_candidate_experimental
uniform_32MHz,strong_delay_drift,3,15,3,20271019,0.4,60,16,0,9.09889654273965,4.97252231889932,9.09889654273965,4.97252231889932,6.09889654273965,1.97252231889932,6.09889654273965,1.97252231889932,range_phase_disagreement_rtt_only,1,0.85778244975369,0,1,14.9475051925529,1,unique_pbr_conflict_candidate_experimental
uniform_32MHz,strong_delay_drift,3,15,4,20271019,0.4,60,16,0,9.25592834374767,4.99253441535824,9.25592834374767,4.99253441535824,6.25592834374767,1.99253441535824,6.25592834374767,1.99253441535824,range_phase_disagreement_rtt_only,1,0.857330492246589,0,1,15.4207507701049,1,unique_pbr_conflict_candidate_experimental
uniform_32MHz,strong_delay_drift,3,15,5,20271019,0.4,60,16,0,9.03269581864842,4.97257417924083,9.03269581864842,4.97257417924083,6.03269581864842,1.97257417924083,6.03269581864842,1.97257417924083,range_phase_disagreement_rtt_only,1,0.856806265655191,0,1,14.682217463442,1,unique_pbr_conflict_candidate_experimental
uniform_32MHz,strong_delay_drift,3,15,6,20271019,0.4,60,16,0,9.52968616296955,4.96639859960442,9.52968616296955,4.96639859960442,6.52968616296955,1.96639859960442,6.52968616296955,1.96639859960442,range_phase_disagreement_rtt_only,1,0.854219808343587,0,1,16.5299188231752,1,unique_pbr_conflict_candidate_experimental
uniform_32MHz,strong_delay_drift,3,15,7,20271019,0.4,60,16,0,9.24761953637602,4.96740013361412,9.24761953637602,4.96740013361412,6.24761953637602,1.96740013361412,6.24761953637602,1.96740013361412,range_phase_disagreement_rtt_only,1,0.858481265015385,0,1,15.4808313587074,1,unique_pbr_conflict_candidate_experimental
uniform_32MHz,strong_delay_drift,3,15,8,20271019,0.4,60,16,0,9.0494221654091,4.9966306059407,9.0494221654091,4.9966306059407,6.0494221654091,1.9966306059407,6.0494221654091,1.9966306059407,range_phase_disagreement_rtt_only,1,0.856356412967602,0,1,14.644212618836,1,unique_pbr_conflict_candidate_experimental
uniform_32MHz,strong_delay_drift,3,15,9,20271019,0.4,60,16,0,9.21839142614324,4.9806323479101,9.21839142614324,4.9806323479101,6.21839142614324,1.9806323479101,6.21839142614324,1.9806323479101,range_phase_disagreement_rtt_only,1,0.855298661704452,0,1,15.3193665610135,1,unique_pbr_conflict_candidate_experimental
uniform_32MHz,strong_delay_drift,3,15,10,20271019,0.4,60,16,0,9.19724312661132,4.98310267789068,9.19724312661132,4.98310267789068,6.19724312661132,1.98310267789068,6.19724312661132,1.98310267789068,range_phase_disagreement_rtt_only,1,0.856761755485947,0,1,15.2199615844717,1,unique_pbr_conflict_candidate_experimental
uniform_32MHz,strong_delay_drift,3,15,11,20271019,0.4,60,16,0,9.11621593351872,5.00471542064307,9.11621593351872,5.00471542064307,6.11621593351872,2.00471542064307,6.11621593351872,2.00471542064307,range_phase_disagreement_rtt_only,1,0.857012293416962,0,1,14.8740258799254,1,unique_pbr_conflict_candidate_experimental
uniform_32MHz,strong_delay_drift,3,15,12,20271019,0.4,60,16,0,9.20224491744285,4.95568226159893,9.20224491744285,4.95568226159893,6.20224491744285,1.95568226159893,6.20224491744285,1.95568226159893,range_phase_disagreement_rtt_only,1,0.858112367993681,0,1,15.3653160361868,1,unique_pbr_conflict_candidate_experimental
uniform_32MHz,strong_delay_drift,3,15,13,20271019,0.4,60,16,0,9.21065072867875,4.95944318771763,9.21065072867875,4.95944318771763,6.21065072867875,1.95944318771763,6.21065072867875,1.95944318771763,range_phase_disagreement_rtt_only,1,0.857116971232532,0,1,15.3848684576233,1,unique_pbr_conflict_candidate_experimental
uniform_32MHz,strong_delay_drift,3,15,14,20271019,0.4,60,16,0,9.18171367090178,4.97640012106999,9.18171367090178,4.97640012106999,6.18171367090178,1.97640012106999,6.18171367090178,1.97640012106999,range_phase_disagreement_rtt_only,1,0.857472443025289,0,1,15.2307903577632,1,unique_pbr_conflict_candidate_experimental
uniform_32MHz,strong_delay_drift,3,15,15,20271019,0.4,60,16,0,9.21896621200198,4.97163266691064,9.21896621200198,4.97163266691064,6.21896621200198,1.97163266691064,6.21896621200198,1.97163266691064,range_phase_disagreement_rtt_only,1,0.8580192018389,0,1,15.3858294679558,1,unique_pbr_conflict_candidate_experimental
uniform_32MHz,strong_delay_drift,3,15,16,20271019,0.4,60,16,0,9.2433896002767,4.96484306698861,9.2433896002767,4.96484306698861,6.2433896002767,1.96484306698861,6.2433896002767,1.96484306698861,range_phase_disagreement_rtt_only,1,0.85668935732872,0,1,15.4537827699933,1,unique_pbr_conflict_candidate_experimental
uniform_32MHz,strong_delay_drift,3,15,17,20271019,0.4,60,16,0,9.20810227164168,4.97984676827467,9.20810227164168,4.97984676827467,6.20810227164168,1.97984676827467,6.20810227164168,1.97984676827467,range_phase_disagreement_rtt_only,1,0.855654927226653,0,1,15.2684413508905,1,unique_pbr_conflict_candidate_experimental
uniform_32MHz,strong_delay_drift,3,15,18,20271019,0.4,60,16,0,9.05503350046343,4.99107184262809,9.05503350046343,4.99107184262809,6.05503350046343,1.99107184262809,6.05503350046343,1.99107184262809,range_phase_disagreement_rtt_only,1,0.857532125485854,0,1,14.7034454656701,1,unique_pbr_conflict_candidate_experimental
uniform_32MHz,strong_delay_drift,3,15,19,20271019,0.4,60,16,0,9.29999457041844,4.97242360819469,9.29999457041844,4.97242360819469,6.29999457041844,1.97242360819469,6.29999457041844,1.97242360819469,range_phase_disagreement_rtt_only,1,0.858486270303797,0,1,15.6376335038032,1,unique_pbr_conflict_candidate_experimental
uniform_32MHz,strong_delay_drift,3,15,20,20271019,0.4,60,16,0,8.99590302883285,4.9832318791748,8.99590302883285,4.9832318791748,5.99590302883285,1.9832318791748,5.99590302883285,1.9832318791748,range_phase_disagreement_rtt_only,1,0.855498078523452,0,1,14.504511661684,1,unique_pbr_conflict_candidate_experimental
uniform_32MHz,strong_delay_drift,15,15,1,20271019,0.4,60,16,0,20.9815687885226,16.9840555169031,20.9815687885226,16.9840555169031,5.9815687885226,1.98405551690306,5.9815687885226,1.98405551690306,range_phase_disagreement_rtt_only,1,0.857261120395587,0,1,14.4588887170356,1,unique_pbr_conflict_candidate_experimental
uniform_32MHz,strong_delay_drift,15,15,2,20271019,0.4,60,16,0,21.3108769977049,16.9623194372172,21.3108769977049,16.9623194372172,6.31087699770487,1.96231943721716,6.31087699770487,1.96231943721716,range_phase_disagreement_rtt_only,1,0.858649689498891,0,1,15.7447250353363,1,unique_pbr_conflict_candidate_experimental
uniform_32MHz,strong_delay_drift,15,15,3,20271019,0.4,60,16,0,21.1454824183587,16.9847001336903,21.1454824183587,16.9847001336903,6.14548241835872,1.9847001336903,6.14548241835872,1.9847001336903,range_phase_disagreement_rtt_only,1,0.857532720082198,0,1,15.0088378738919,1,unique_pbr_conflict_candidate_experimental
uniform_32MHz,strong_delay_drift,15,15,4,20271019,0.4,60,16,0,21.3603610874841,16.9730931817544,21.3603610874841,16.9730931817544,6.36036108748412,1.97309318175443,6.36036108748412,1.97309318175443,range_phase_disagreement_rtt_only,1,0.859014014087345,0,1,15.878343954927,1,unique_pbr_conflict_candidate_experimental
uniform_32MHz,strong_delay_drift,15,15,5,20271019,0.4,60,16,0,21.1050222007173,16.9656712112524,21.1050222007173,16.9656712112524,6.10502220071734,1.96567121125238,6.10502220071734,1.96567121125238,range_phase_disagreement_rtt_only,1,0.856108092002215,0,1,14.9658530206244,1,unique_pbr_conflict_candidate_experimental
uniform_32MHz,strong_delay_drift,15,15,6,20271019,0.4,60,16,0,21.1778324188779,16.9548756588471,21.1778324188779,16.9548756588471,6.17783241887793,1.95487565884708,6.17783241887793,1.95487565884708,range_phase_disagreement_rtt_only,1,0.857003217568299,0,1,15.2370916659251,1,unique_pbr_conflict_candidate_experimental
uniform_32MHz,strong_delay_drift,15,15,7,20271019,0.4,60,16,0,21.0801398216662,16.9952550930219,21.0801398216662,16.9952550930219,6.08013982166622,1.99525509302191,6.08013982166622,1.99525509302191,range_phase_disagreement_rtt_only,1,0.857405352912813,0,1,14.7827715605111,1,unique_pbr_conflict_candidate_experimental
uniform_32MHz,strong_delay_drift,15,15,8,20271019,0.4,60,16,0,21.3822005572609,16.9607655251898,21.3822005572609,16.9607655251898,6.38220055726094,1.96076552518984,6.38220055726094,1.96076552518984,range_phase_disagreement_rtt_only,1,0.856180825049137,0,1,15.9763447087132,1,unique_pbr_conflict_candidate_experimental
uniform_32MHz,strong_delay_drift,15,15,9,20271019,0.4,60,16,0,21.3587001842704,16.9730589672427,21.3587001842704,16.9730589672427,6.35870018427044,1.97305896724269,6.35870018427044,1.97305896724269,range_phase_disagreement_rtt_only,1,0.856790373111603,0,1,15.8903056304996,1,unique_pbr_conflict_candidate_experimental
uniform_32MHz,strong_delay_drift,15,15,10,20271019,0.4,60,16,0,21.0646635047466,16.963953574661,21.0646635047466,16.963953574661,6.06466350474659,1.96395357466097,6.06466350474659,1.96395357466097,range_phase_disagreement_rtt_only,1,0.857398904825749,0,1,14.8634458398632,1,unique_pbr_conflict_candidate_experimental
uniform_32MHz,strong_delay_drift,15,15,11,20271019,0.4,60,16,0,21.251619492958,16.9865940803777,21.251619492958,16.9865940803777,6.25161949295803,1.9865940803777,6.25161949295803,1.9865940803777,range_phase_disagreement_rtt_only,1,0.857960587627804,0,1,15.4443859915194,1,unique_pbr_conflict_candidate_experimental
uniform_32MHz,strong_delay_drift,15,15,12,20271019,0.4,60,16,0,21.3144042470186,16.9495029358124,21.3144042470186,16.9495029358124,6.31440424701858,1.9495029358124,6.31440424701858,1.9495029358124,range_phase_disagreement_rtt_only,1,0.857385939087105,0,1,15.8092663065573,1,unique_pbr_conflict_candidate_experimental
uniform_32MHz,strong_delay_drift,15,15,13,20271019,0.4,60,16,0,21.166930694923,16.9902996581593,21.166930694923,16.9902996581593,6.166930694923,1.9902996581593,6.166930694923,1.9902996581593,range_phase_disagreement_rtt_only,1,0.855887775511438,0,1,15.1321148089393,1,unique_pbr_conflict_candidate_experimental
uniform_32MHz,strong_delay_drift,15,15,14,20271019,0.4,60,16,0,20.9925365311458,16.9810447903295,20.9925365311458,16.9810447903295,5.99253653114575,1.98104479032951,5.99253653114575,1.98104479032951,range_phase_disagreement_rtt_only,1,0.853286816120619,0,1,14.503969333666,1,unique_pbr_conflict_candidate_experimental
uniform_32MHz,strong_delay_drift,15,15,15,20271019,0.4,60,16,0,21.1338987323656,16.9844793109898,21.1338987323656,16.9844793109898,6.13389873236559,1.9844793109898,6.13389873236559,1.9844793109898,range_phase_disagreement_rtt_only,1,0.8571886563445,0,1,15.032360975637,1,unique_pbr_conflict_candidate_experimental
uniform_32MHz,strong_delay_drift,15,15,16,20271019,0.4,60,16,0,21.2594965105219,16.967543156674,21.2594965105219,16.967543156674,6.25949651052193,1.96754315667396,6.25949651052193,1.96754315667396,range_phase_disagreement_rtt_only,1,0.858203713511877,0,1,15.5056677089221,1,unique_pbr_conflict_candidate_experimental
uniform_32MHz,strong_delay_drift,15,15,17,20271019,0.4,60,16,0,21.1514202402725,16.9679332852034,21.1514202402725,16.9679332852034,6.15142024027251,1.96793328520343,6.15142024027251,1.96793328520343,range_phase_disagreement_rtt_only,1,0.858751982306067,0,1,15.1108572858161,1,unique_pbr_conflict_candidate_experimental
uniform_32MHz,strong_delay_drift,15,15,18,20271019,0.4,60,16,0,21.1278666536912,16.967955071637,21.1278666536912,16.967955071637,6.12786665369124,1.96795507163696,6.12786665369124,1.96795507163696,range_phase_disagreement_rtt_only,1,0.856373984745255,0,1,15.0161561468828,1,unique_pbr_conflict_candidate_experimental
uniform_32MHz,strong_delay_drift,15,15,19,20271019,0.4,60,16,0,21.2401156214192,16.9686145602384,21.2401156214192,16.9686145602384,6.24011562141917,1.96861456023839,6.24011562141917,1.96861456023839,range_phase_disagreement_rtt_only,1,0.85496261503197,0,1,15.4536884752317,1,unique_pbr_conflict_candidate_experimental
uniform_32MHz,strong_delay_drift,15,15,20,20271019,0.4,60,16,0,21.0923858127105,16.9830744960846,21.0923858127105,16.9830744960846,6.09238581271048,1.98307449608464,6.09238581271048,1.98307449608464,range_phase_disagreement_rtt_only,1,0.852890351319253,0,1,14.8713558609484,1,unique_pbr_conflict_candidate_experimental
uniform_32MHz,strong_delay_drift,3,30,1,20271019,0.4,60,16,0,9.22384041623617,4.98233798685446,9.22384041623617,4.98233798685446,6.22384041623617,1.98233798685446,6.22384041623617,1.98233798685446,range_phase_disagreement_rtt_only,1,0.854981192044573,0,1,16.7011841788899,1,unique_pbr_conflict_candidate_experimental
uniform_32MHz,strong_delay_drift,3,30,2,20271019,0.4,60,16,0,9.2366015694333,4.97889391253023,9.2366015694333,4.97889391253023,6.2366015694333,1.97889391253023,6.2366015694333,1.97889391253023,range_phase_disagreement_rtt_only,1,0.85366672210621,0,1,16.7617205471278,1,unique_pbr_conflict_candidate_experimental
uniform_32MHz,strong_delay_drift,3,30,3,20271019,0.4,60,16,0,9.21766558084269,4.97926491746278,9.21766558084269,4.97926491746278,6.21766558084269,1.97926491746278,6.21766558084269,1.97926491746278,range_phase_disagreement_rtt_only,1,0.85686703745598,0,1,16.6854468683307,1,unique_pbr_conflict_candidate_experimental
uniform_32MHz,strong_delay_drift,3,30,4,20271019,0.4,60,16,0,9.24666401555759,4.98121337918953,9.24666401555759,4.98121337918953,6.24666401555759,1.98121337918953,6.24666401555759,1.98121337918953,range_phase_disagreement_rtt_only,1,0.853393911310281,0,1,16.7925409640075,1,unique_pbr_conflict_candidate_experimental
uniform_32MHz,strong_delay_drift,3,30,5,20271019,0.4,60,16,0,9.24914588486217,4.97406587229595,9.24914588486217,4.97406587229595,6.24914588486217,1.97406587229595,6.24914588486217,1.97406587229595,range_phase_disagreement_rtt_only,1,0.856638007732229,0,1,16.8281366552067,1,unique_pbr_conflict_candidate_experimental
uniform_32MHz,strong_delay_drift,3,30,6,20271019,0.4,60,16,0,9.20846341703634,4.96599489757844,9.20846341703634,4.96599489757844,6.20846341703634,1.96599489757844,6.20846341703634,1.96599489757844,range_phase_disagreement_rtt_only,1,0.857510235019988,0,1,16.6998737623973,1,unique_pbr_conflict_candidate_experimental
uniform_32MHz,strong_delay_drift,3,30,7,20271019,0.4,60,16,0,9.22441615326497,4.97481190780312,9.22441615326497,4.97481190780312,6.22441615326497,1.97481190780312,6.22441615326497,1.97481190780312,range_phase_disagreement_rtt_only,1,0.854896247667574,0,1,16.725013909721,1,unique_pbr_conflict_candidate_experimental
uniform_32MHz,strong_delay_drift,3,30,8,20271019,0.4,60,16,0,9.25560594551527,4.96086186469057,9.25560594551527,4.96086186469057,6.25560594551527,1.96086186469057,6.25560594551527,1.96086186469057,range_phase_disagreement_rtt_only,1,0.857166220759056,0,1,16.9096420266703,1,unique_pbr_conflict_candidate_experimental
uniform_32MHz,strong_delay_drift,3,30,9,20271019,0.4,60,16,0,9.21182404666245,4.97057448556235,9.21182404666245,4.97057448556235,6.21182404666245,1.97057448556235,6.21182404666245,1.97057448556235,range_phase_disagreement_rtt_only,1,0.856837432945427,0,1,16.698530101812,1,unique_pbr_conflict_candidate_experimental
uniform_32MHz,strong_delay_drift,3,30,10,20271019,0.4,60,16,0,9.27087379318033,4.96773937697056,9.27087379318033,4.96773937697056,6.27087379318033,1.96773937697056,6.27087379318033,1.96773937697056,range_phase_disagreement_rtt_only,1,0.856339372744195,0,1,16.9411206950811,1,unique_pbr_conflict_candidate_experimental
uniform_32MHz,strong_delay_drift,3,30,11,20271019,0.4,60,16,0,9.24616055257076,4.97556532238511,9.24616055257076,4.97556532238511,6.24616055257076,1.97556532238511,6.24616055257076,1.97556532238511,range_phase_disagreement_rtt_only,1,0.856028439845222,0,1,16.8153519967655,1,unique_pbr_conflict_candidate_experimental
uniform_32MHz,strong_delay_drift,3,30,12,20271019,0.4,60,16,0,9.23552580168427,4.96764689307346,9.23552580168427,4.96764689307346,6.23552580168427,1.96764689307346,6.23552580168427,1.96764689307346,range_phase_disagreement_rtt_only,1,0.85651916790139,0,1,16.8034198020852,1,unique_pbr_conflict_candidate_experimental
uniform_32MHz,strong_delay_drift,3,30,13,20271019,0.4,60,16,0,9.28704467549441,4.97395242904635,9.28704467549441,4.97395242904635,6.28704467549441,1.97395242904635,6.28704467549441,1.97395242904635,range_phase_disagreement_rtt_only,1,0.856318916757543,0,1,16.9778586693961,1,unique_pbr_conflict_candidate_experimental
uniform_32MHz,strong_delay_drift,3,30,14,20271019,0.4,60,16,0,9.22393509608141,4.98049794822354,9.22393509608141,4.98049794822354,6.22393509608141,1.98049794822354,6.22393509608141,1.98049794822354,range_phase_disagreement_rtt_only,1,0.856838883999591,0,1,16.7090826515081,1,unique_pbr_conflict_candidate_experimental
uniform_32MHz,strong_delay_drift,3,30,15,20271019,0.4,60,16,0,9.18991026604239,4.97665094527794,9.18991026604239,4.97665094527794,6.18991026604239,1.97665094527794,6.18991026604239,1.97665094527794,range_phase_disagreement_rtt_only,1,0.854785710508921,0,1,16.5887865540339,1,unique_pbr_conflict_candidate_experimental
uniform_32MHz,strong_delay_drift,3,30,16,20271019,0.4,60,16,0,9.20756663643656,4.98097753894677,9.20756663643656,4.98097753894677,6.20756663643656,1.98097753894677,6.20756663643656,1.98097753894677,range_phase_disagreement_rtt_only,1,0.85475652090551,0,1,16.640266753951,1,unique_pbr_conflict_candidate_experimental
uniform_32MHz,strong_delay_drift,3,30,17,20271019,0.4,60,16,0,9.25523385646511,4.98205635195646,9.25523385646511,4.98205635195646,6.25523385646511,1.98205635195646,6.25523385646511,1.98205635195646,range_phase_disagreement_rtt_only,1,0.85459579235905,0,1,16.8201763619873,1,unique_pbr_conflict_candidate_experimental
uniform_32MHz,strong_delay_drift,3,30,18,20271019,0.4,60,16,0,9.22057816695756,4.98435085184633,9.22057816695756,4.98435085184633,6.22057816695756,1.98435085184633,6.22057816695756,1.98435085184633,range_phase_disagreement_rtt_only,1,0.85442332367962,0,1,16.6785369198697,1,unique_pbr_conflict_candidate_experimental
uniform_32MHz,strong_delay_drift,3,30,19,20271019,0.4,60,16,0,9.24381515450512,4.98843538486675,9.24381515450512,4.98843538486675,6.24381515450512,1.98843538486675,6.24381515450512,1.98843538486675,range_phase_disagreement_rtt_only,1,0.85676744279354,0,1,16.7511949508251,1,unique_pbr_conflict_candidate_experimental
uniform_32MHz,strong_delay_drift,3,30,20,20271019,0.4,60,16,0,9.20228944510409,4.97465763490779,9.20228944510409,4.97465763490779,6.20228944510409,1.97465763490779,6.20228944510409,1.97465763490779,range_phase_disagreement_rtt_only,1,0.85591375586245,0,1,16.6466287142192,1,unique_pbr_conflict_candidate_experimental
uniform_32MHz,strong_delay_drift,15,30,1,20271019,0.4,60,16,0,21.2112853042147,16.9766965571169,21.2112853042147,16.9766965571169,6.21128530421474,1.9766965571169,6.21128530421474,1.9766965571169,range_phase_disagreement_rtt_only,1,0.85602000237991,0,1,16.6719701443907,1,unique_pbr_conflict_candidate_experimental
uniform_32MHz,strong_delay_drift,15,30,2,20271019,0.4,60,16,0,21.2330895732459,16.9894257474094,21.2330895732459,16.9894257474094,6.23308957324587,1.9894257474094,6.23308957324587,1.9894257474094,range_phase_disagreement_rtt_only,1,0.856071433643669,0,1,16.7052463883509,1,unique_pbr_conflict_candidate_experimental
uniform_32MHz,strong_delay_drift,15,30,3,20271019,0.4,60,16,0,21.2288606548392,16.9811168968969,21.2288606548392,16.9811168968969,6.22886065483922,1.98111689689689,6.22886065483922,1.98111689689689,range_phase_disagreement_rtt_only,1,0.858435990299783,0,1,16.722006565085,1,unique_pbr_conflict_candidate_experimental
uniform_32MHz,strong_delay_drift,15,30,4,20271019,0.4,60,16,0,21.2325350289487,16.9617041311259,21.2325350289487,16.9617041311259,6.23253502894875,1.96170413112594,6.23253502894875,1.96170413112594,range_phase_disagreement_rtt_only,1,0.854385810531498,0,1,16.8125258428084,1,unique_pbr_conflict_candidate_experimental
uniform_32MHz,strong_delay_drift,15,30,5,20271019,0.4,60,16,0,21.2057405982638,16.9795476655271,21.2057405982638,16.9795476655271,6.20574059826383,1.97954766552708,6.20574059826383,1.97954766552708,range_phase_disagreement_rtt_only,1,0.853133357205881,0,1,16.6369540390804,1,unique_pbr_conflict_candidate_experimental
uniform_32MHz,strong_delay_drift,15,30,6,20271019,0.4,60,16,0,21.2211119193491,16.9723963514101,21.2211119193491,16.9723963514101,6.22111191934913,1.9723963514101,6.22111191934913,1.9723963514101,range_phase_disagreement_rtt_only,1,0.85446859812878,0,1,16.728173039466,1,unique_pbr_conflict_candidate_experimental
uniform_32MHz,strong_delay_drift,15,30,7,20271019,0.4,60,16,0,21.224144488021,16.9935454722807,21.224144488021,16.9935454722807,6.22414448802103,1.99354547228069,6.22414448802103,1.99354547228069,range_phase_disagreement_rtt_only,1,0.854595424012916,0,1,16.6573009567263,1,unique_pbr_conflict_candidate_experimental
uniform_32MHz,strong_delay_drift,15,30,8,20271019,0.4,60,16,0,21.2673704967017,16.9682238365797,21.2673704967017,16.9682238365797,6.26737049670167,1.96822383657974,6.26737049670167,1.96822383657974,range_phase_disagreement_rtt_only,1,0.85370721780322,0,1,16.9221209292802,1,unique_pbr_conflict_candidate_experimental
uniform_32MHz,strong_delay_drift,15,30,9,20271019,0.4,60,16,0,21.2446854560508,16.9673355745301,21.2446854560508,16.9673355745301,6.24468545605085,1.96733557453009,6.24468545605085,1.96733557453009,range_phase_disagreement_rtt_only,1,0.855061920314852,0,1,16.839959535221,1,unique_pbr_conflict_candidate_experimental
uniform_32MHz,strong_delay_drift,15,30,10,20271019,0.4,60,16,0,21.2356211903614,16.9781532781681,21.2356211903614,16.9781532781681,6.23562119036143,1.97815327816808,6.23562119036143,1.97815327816808,range_phase_disagreement_rtt_only,1,0.855565149262877,0,1,16.7608211181702,1,unique_pbr_conflict_candidate_experimental
uniform_32MHz,strong_delay_drift,15,30,11,20271019,0.4,60,16,0,21.2396717431032,16.9829627918658,21.2396717431032,16.9829627918658,6.23967174310322,1.98296279186578,6.23967174310322,1.98296279186578,range_phase_disagreement_rtt_only,1,0.855775842281675,0,1,16.7603111763035,1,unique_pbr_conflict_candidate_experimental
uniform_32MHz,strong_delay_drift,15,30,12,20271019,0.4,60,16,0,21.245199597923,16.9895020924523,21.245199597923,16.9895020924523,6.24519959792296,1.98950209245231,6.24519959792296,1.98950209245231,range_phase_disagreement_rtt_only,1,0.85545731803645,0,1,16.752749944863,1,unique_pbr_conflict_candidate_experimental
uniform_32MHz,strong_delay_drift,15,30,13,20271019,0.4,60,16,0,21.2141327986325,16.9818715368012,21.2141327986325,16.9818715368012,6.21413279863254,1.9818715368012,6.21413279863254,1.9818715368012,range_phase_disagreement_rtt_only,1,0.855881788917375,0,1,16.6602686830674,1,unique_pbr_conflict_candidate_experimental
uniform_32MHz,strong_delay_drift,15,30,14,20271019,0.4,60,16,0,21.2084325070315,16.977165347712,21.2084325070315,16.977165347712,6.20843250703152,1.97716534771196,6.20843250703152,1.97716534771196,range_phase_disagreement_rtt_only,1,0.856788234068745,0,1,16.6552392351273,1,unique_pbr_conflict_candidate_experimental
uniform_32MHz,strong_delay_drift,15,30,15,20271019,0.4,60,16,0,21.2113736358845,16.9848584230495,21.2113736358845,16.9848584230495,6.21137363588449,1.98485842304948,6.21137363588449,1.98485842304948,range_phase_disagreement_rtt_only,1,0.856454398408294,0,1,16.6357634553901,1,unique_pbr_conflict_candidate_experimental
uniform_32MHz,strong_delay_drift,15,30,16,20271019,0.4,60,16,0,21.2478856678866,16.9792171052972,21.2478856678866,16.9792171052972,6.24788566788662,1.97921710529717,6.24788566788662,1.97921710529717,range_phase_disagreement_rtt_only,1,0.857014325415437,0,1,16.8044420582951,1,unique_pbr_conflict_candidate_experimental
uniform_32MHz,strong_delay_drift,15,30,17,20271019,0.4,60,16,0,21.2327126806871,16.9747794064018,21.2327126806871,16.9747794064018,6.23271268068707,1.97477940640182,6.23271268068707,1.97477940640182,range_phase_disagreement_rtt_only,1,0.855817403339264,0,1,16.7595836936635,1,unique_pbr_conflict_candidate_experimental
uniform_32MHz,strong_delay_drift,15,30,18,20271019,0.4,60,16,0,21.2363355251789,16.9677144480945,21.2363355251789,16.9677144480945,6.23633552517888,1.96771444809449,6.23633552517888,1.96771444809449,range_phase_disagreement_rtt_only,1,0.855207553961036,0,1,16.8027686134629,1,unique_pbr_conflict_candidate_experimental
uniform_32MHz,strong_delay_drift,15,30,19,20271019,0.4,60,16,0,21.2179561934179,16.9758073134446,21.2179561934179,16.9758073134446,6.21795619341793,1.9758073134446,6.21795619341793,1.9758073134446,range_phase_disagreement_rtt_only,1,0.855357380168684,0,1,16.6981344002613,1,unique_pbr_conflict_candidate_experimental
uniform_32MHz,strong_delay_drift,15,30,20,20271019,0.4,60,16,0,21.2307878071776,16.9826139379012,21.2307878071776,16.9826139379012,6.23078780717759,1.98261393790115,6.23078780717759,1.98261393790115,range_phase_disagreement_rtt_only,1,0.855771271637371,0,1,16.7233559132358,1,unique_pbr_conflict_candidate_experimental
uniform_32MHz,strong_cfo_clock,3,0,1,20271019,0.4,60,0,0,6.90771499720073,2.50390800535544,6.90771499720073,2.50390800535544,3.90771499720073,-0.496091994644555,3.90771499720073,-0.496091994644555,range_phase_disagreement_rtt_only,1,0.872209651608864,0,1,3.31974616003588,1,unique_pbr_conflict_candidate_experimental
uniform_32MHz,strong_cfo_clock,3,0,2,20271019,0.4,60,0,0,7.50783917799045,2.58775961639167,7.50783917799045,2.58775961639167,4.50783917799045,-0.412240383608331,4.50783917799045,-0.412240383608331,range_phase_disagreement_rtt_only,1,0.862160511863437,0,1,3.69070409752099,1,unique_pbr_conflict_candidate_experimental
uniform_32MHz,strong_cfo_clock,3,0,3,20271019,0.4,60,0,0,7.47879861050303,2.5759497575319,7.47879861050303,2.5759497575319,4.47879861050303,-0.424050242468103,4.47879861050303,-0.424050242468103,range_phase_disagreement_rtt_only,1,0.860579897541647,0,1,3.71369430131349,1,unique_pbr_conflict_candidate_experimental
uniform_32MHz,strong_cfo_clock,3,0,4,20271019,0.4,60,0,0,6.98107062522061,2.66311408307231,6.98107062522061,2.66311408307231,3.98107062522061,-0.336885916927694,3.98107062522061,-0.336885916927694,range_phase_disagreement_rtt_only,1,0.858307809236152,0,1,3.25461667273754,1,unique_pbr_conflict_candidate_experimental
uniform_32MHz,strong_cfo_clock,3,0,5,20271019,0.4,60,0,0,6.95013939060818,2.60066756064859,6.95013939060818,2.60066756064859,3.95013939060818,-0.399332439351406,3.95013939060818,-0.399332439351406,range_phase_disagreement_rtt_only,1,0.855981321860906,0,1,3.29670970495311,1,unique_pbr_conflict_candidate_experimental
uniform_32MHz,strong_cfo_clock,3,0,6,20271019,0.4,60,0,0,6.99581865901783,2.6699057819023,6.99581865901783,2.6699057819023,3.99581865901783,-0.330094218097701,3.99581865901783,-0.330094218097701,range_phase_disagreement_rtt_only,1,0.847934251532597,0,1,3.27827175929548,1,unique_pbr_conflict_candidate_experimental
uniform_32MHz,strong_cfo_clock,3,0,7,20271019,0.4,60,0,0,7.23653136246733,2.5442892664176,7.23653136246733,2.5442892664176,4.23653136246733,-0.455710733582398,4.23653136246733,-0.455710733582398,range_phase_disagreement_rtt_only,1,0.863334663557859,0,1,3.54616570130598,1,unique_pbr_conflict_candidate_experimental
uniform_32MHz,strong_cfo_clock,3,0,8,20271019,0.4,60,0,0,6.95551483659281,2.59860244347115,6.95551483659281,2.59860244347115,3.95551483659281,-0.401397556528848,3.95551483659281,-0.401397556528848,range_phase_disagreement_rtt_only,1,0.858476677212611,0,1,3.29307063611392,1,unique_pbr_conflict_candidate_experimental
uniform_32MHz,strong_cfo_clock,3,0,9,20271019,0.4,60,0,0,7.51268603146763,2.58991921571913,7.51268603146763,2.58991921571913,4.51268603146763,-0.410080784280865,4.51268603146763,-0.410080784280865,range_phase_disagreement_rtt_only,1,0.860585187357246,0,1,3.73615319676461,1,unique_pbr_conflict_candidate_experimental
uniform_32MHz,strong_cfo_clock,3,0,10,20271019,0.4,60,0,0,7.24280553033925,2.61293341379585,7.24280553033925,2.61293341379585,4.24280553033925,-0.387066586204154,4.24280553033925,-0.387066586204154,range_phase_disagreement_rtt_only,1,0.851211178378632,0,1,3.49384577592696,1,unique_pbr_conflict_candidate_experimental
uniform_32MHz,strong_cfo_clock,3,0,11,20271019,0.4,60,0,0,6.39092242774078,2.61695240642912,2.62794159259309,2.62794159259309,3.39092242774078,-0.383047593570883,-0.372058407406907,-0.372058407406907,single_alias_soft_fusion,1,0.854429542491433,0,1,2.85459854573731,0,no_eligible_disagreement
uniform_32MHz,strong_cfo_clock,3,0,12,20271019,0.4,60,0,0,6.91040176152177,2.58623069666933,6.91040176152177,2.58623069666933,3.91040176152177,-0.413769303330668,3.91040176152177,-0.413769303330668,range_phase_disagreement_rtt_only,1,0.8679784652385,0,1,3.26602289582618,1,unique_pbr_conflict_candidate_experimental
uniform_32MHz,strong_cfo_clock,3,0,13,20271019,0.4,60,0,0,6.87681096707344,2.67563373658251,6.87681096707344,2.67563373658251,3.87681096707344,-0.324366263417485,3.87681096707344,-0.324366263417485,range_phase_disagreement_rtt_only,1,0.850451351541944,0,1,3.16226666648664,1,unique_pbr_conflict_candidate_experimental
uniform_32MHz,strong_cfo_clock,3,0,14,20271019,0.4,60,0,0,6.90289920539843,2.62077187029962,6.90289920539843,2.62077187029962,3.90289920539843,-0.379228129700377,3.90289920539843,-0.379228129700377,range_phase_disagreement_rtt_only,1,0.859871726548772,0,1,3.22714265348226,1,unique_pbr_conflict_candidate_experimental
uniform_32MHz,strong_cfo_clock,3,0,15,20271019,0.4,60,0,0,7.55502456503836,2.58198213330134,7.55502456503836,2.58198213330134,4.55502456503836,-0.418017866698664,4.55502456503836,-0.418017866698664,range_phase_disagreement_rtt_only,1,0.867943945397322,0,1,3.76144115192715,1,unique_pbr_conflict_candidate_experimental
uniform_32MHz,strong_cfo_clock,3,0,16,20271019,0.4,60,0,0,7.38906291366041,2.75871829020365,7.38906291366041,2.75871829020365,4.38906291366041,-0.241281709796347,4.38906291366041,-0.241281709796347,range_phase_disagreement_rtt_only,1,0.857364124295321,0,1,3.48087107997938,1,unique_pbr_conflict_candidate_experimental
uniform_32MHz,strong_cfo_clock,3,0,17,20271019,0.4,60,0,0,5.63236030077989,2.60812031951717,2.61725744439341,2.61725744439341,2.63236030077989,-0.391879680482834,-0.382742555606586,-0.382742555606586,single_alias_soft_fusion,1,0.848630101733969,0,1,2.29169380871086,0,no_eligible_disagreement
uniform_32MHz,strong_cfo_clock,3,0,18,20271019,0.4,60,0,0,5.65381545154514,2.54096743720486,2.55030106580922,2.55030106580922,2.65381545154514,-0.459032562795135,-0.449698934190784,-0.449698934190784,single_alias_soft_fusion,1,0.860931365304959,0,1,2.35273395489487,0,no_eligible_disagreement
uniform_32MHz,strong_cfo_clock,3,0,19,20271019,0.4,60,0,0,6.00794062191024,2.56345998934371,2.57379402405681,2.57379402405681,3.00794062191024,-0.436540010656289,-0.42620597594319,-0.42620597594319,single_alias_soft_fusion,1,0.855170610271398,0,1,2.6013892505937,0,no_eligible_disagreement
uniform_32MHz,strong_cfo_clock,3,0,20,20271019,0.4,60,0,0,6.30528666896509,2.51825973963642,2.52935388423935,2.52935388423935,3.30528666896509,-0.481740260363577,-0.470646115760648,-0.470646115760648,single_alias_soft_fusion,1,0.862628724831624,0,1,2.86789865121971,0,no_eligible_disagreement
uniform_32MHz,strong_cfo_clock,15,0,1,20271019,0.4,60,0,0,19.0157653051235,14.6179866161447,19.0157653051235,14.6179866161447,4.01576530512353,-0.382013383855295,4.01576530512353,-0.382013383855295,range_phase_disagreement_rtt_only,1,0.873693574350973,0,1,3.32149912801586,1,unique_pbr_conflict_candidate_experimental
uniform_32MHz,strong_cfo_clock,15,0,2,20271019,0.4,60,0,0,19.0759563196126,14.64679038424,19.0759563196126,14.64679038424,4.07595631961261,-0.353209615760017,4.07595631961261,-0.353209615760017,range_phase_disagreement_rtt_only,1,0.859746967639376,0,1,3.33466241667809,1,unique_pbr_conflict_candidate_experimental
uniform_32MHz,strong_cfo_clock,15,0,3,20271019,0.4,60,0,0,18.6145446544562,14.5912152565133,18.6145446544562,14.5912152565133,3.61454465445623,-0.408784743486681,3.61454465445623,-0.408784743486681,range_phase_disagreement_rtt_only,1,0.861162341868442,0,1,3.03426399748793,1,unique_pbr_conflict_candidate_experimental
uniform_32MHz,strong_cfo_clock,15,0,4,20271019,0.4,60,0,0,17.8647563144981,14.6172554164908,14.626477072465,14.626477072465,2.86475631449811,-0.382744583509162,-0.373522927534964,-0.373522927534964,single_alias_soft_fusion,1,0.858991897111678,0,1,2.45562624037333,0,no_eligible_disagreement
uniform_32MHz,strong_cfo_clock,15,0,5,20271019,0.4,60,0,0,19.0332016617247,14.4721793810851,19.0332016617247,14.4721793810851,4.03320166172469,-0.527820618914895,4.03320166172469,-0.527820618914895,range_phase_disagreement_rtt_only,1,0.851198625463397,0,1,3.42715610288772,1,unique_pbr_conflict_candidate_experimental
uniform_32MHz,strong_cfo_clock,15,0,6,20271019,0.4,60,0,0,19.9897891524972,14.5787786113229,19.9897891524972,14.5787786113229,4.98978915249721,-0.421221388677145,4.98978915249721,-0.421221388677145,range_phase_disagreement_rtt_only,1,0.859815045561574,0,1,4.09274218589219,1,unique_pbr_conflict_candidate_experimental
uniform_32MHz,strong_cfo_clock,15,0,7,20271019,0.4,60,0,0,19.2796569108978,14.6184843635477,19.2796569108978,14.6184843635477,4.27965691089776,-0.381515636452331,4.27965691089776,-0.381515636452331,range_phase_disagreement_rtt_only,1,0.851089251154765,0,1,3.53009839661596,1,unique_pbr_conflict_candidate_experimental
uniform_32MHz,strong_cfo_clock,15,0,8,20271019,0.4,60,0,0,18.4229224932103,14.629737896107,14.6408812297728,14.6408812297728,3.42292249321032,-0.370262103893005,-0.359118770227168,-0.359118770227168,single_alias_soft_fusion,1,0.867495731311244,0,1,2.87079682453993,0,no_eligible_disagreement
uniform_32MHz,strong_cfo_clock,15,0,9,20271019,0.4,60,0,0,18.8066733364637,14.5578342548144,18.8066733364637,14.5578342548144,3.80667333646373,-0.442165745185614,3.80667333646373,-0.442165745185614,range_phase_disagreement_rtt_only,1,0.865401455309047,0,1,3.21354807617697,1,unique_pbr_conflict_candidate_experimental
uniform_32MHz,strong_cfo_clock,15,0,10,20271019,0.4,60,0,0,18.4519182379242,14.6369328177415,14.6485893347139,14.6485893347139,3.45191823792422,-0.363067182258453,-0.351410665286064,-0.351410665286064,single_alias_soft_fusion,1,0.861690409729257,0,1,2.90099819771549,0,no_eligible_disagreement
uniform_32MHz,strong_cfo_clock,15,0,11,20271019,0.4,60,0,0,18.8134568523466,14.6241235834276,18.8134568523466,14.6241235834276,3.81345685234658,-0.3758764165724,3.81345685234658,-0.3758764165724,range_phase_disagreement_rtt_only,1,0.858790367711203,0,1,3.16026447280038,1,unique_pbr_conflict_candidate_experimental
uniform_32MHz,strong_cfo_clock,15,0,12,20271019,0.4,60,0,0,18.2195035175625,14.6209400841215,14.631928843021,14.631928843021,3.2195035175625,-0.37905991587847,-0.368071156979044,-0.368071156979044,single_alias_soft_fusion,1,0.847775139361249,0,1,2.72994375006479,0,no_eligible_disagreement
uniform_32MHz,strong_cfo_clock,15,0,13,20271019,0.4,60,0,0,19.0350307773717,14.6765305005481,19.0350307773717,14.6765305005481,4.03503077737168,-0.323469499451909,4.03503077737168,-0.323469499451909,range_phase_disagreement_rtt_only,1,0.865286593962929,0,1,3.29661880204091,1,unique_pbr_conflict_candidate_experimental
uniform_32MHz,strong_cfo_clock,15,0,14,20271019,0.4,60,0,0,18.6336309466729,14.6841411481035,14.6961458295116,14.6961458295116,3.63363094667288,-0.315858851896524,-0.303854170488425,-0.303854170488425,single_alias_soft_fusion,1,0.854666563094529,0,1,2.99142474557441,0,no_eligible_disagreement
uniform_32MHz,strong_cfo_clock,15,0,15,20271019,0.4,60,0,0,18.666004702909,14.6202603254685,18.666004702909,14.6202603254685,3.66600470290896,-0.379739674531525,3.66600470290896,-0.379739674531525,range_phase_disagreement_rtt_only,1,0.859576717070013,0,1,3.0638898713105,1,unique_pbr_conflict_candidate_experimental
uniform_32MHz,strong_cfo_clock,15,0,16,20271019,0.4,60,0,0,19.3388296028269,14.5249095460823,19.3388296028269,14.5249095460823,4.33882960282688,-0.475090453917712,4.33882960282688,-0.475090453917712,range_phase_disagreement_rtt_only,1,0.863412467024507,0,1,3.63694235417236,1,unique_pbr_conflict_candidate_experimental
uniform_32MHz,strong_cfo_clock,15,0,17,20271019,0.4,60,0,0,17.5613300562875,14.5514941704314,14.5604895471073,14.5604895471073,2.56133005628752,-0.448505829568575,-0.439510452892684,-0.439510452892684,single_alias_soft_fusion,1,0.863979502905388,0,1,2.29109588172904,0,no_eligible_disagreement
uniform_32MHz,strong_cfo_clock,15,0,18,20271019,0.4,60,0,0,17.7583284094891,14.6455109447441,14.6545317738748,14.6545317738748,2.75832840948906,-0.354489055255899,-0.345468226125201,-0.345468226125201,single_alias_soft_fusion,1,0.86365857595775,0,1,2.35044429374247,0,no_eligible_disagreement
uniform_32MHz,strong_cfo_clock,15,0,19,20271019,0.4,60,0,0,18.8229264914461,14.6029960606976,18.8229264914461,14.6029960606976,3.82292649144611,-0.397003939302449,3.82292649144611,-0.397003939302449,range_phase_disagreement_rtt_only,1,0.860449572420437,0,1,3.19117251061611,1,unique_pbr_conflict_candidate_experimental
uniform_32MHz,strong_cfo_clock,15,0,20,20271019,0.4,60,0,0,18.8307368208862,14.5842312709514,18.8307368208862,14.5842312709514,3.83073682088621,-0.415768729048592,3.83073682088621,-0.415768729048592,range_phase_disagreement_rtt_only,1,0.855867367676218,0,1,3.22203873053864,1,unique_pbr_conflict_candidate_experimental
uniform_32MHz,strong_cfo_clock,3,15,1,20271019,0.4,60,0,0,7.4037107258448,2.5728809071478,7.4037107258448,2.5728809071478,4.4037107258448,-0.427119092852204,4.4037107258448,-0.427119092852204,range_phase_disagreement_rtt_only,1,0.856676391712497,0,1,17.4532101084766,1,unique_pbr_conflict_candidate_experimental
uniform_32MHz,strong_cfo_clock,3,15,2,20271019,0.4,60,0,0,7.26914630863767,2.58154004066284,7.26914630863767,2.58154004066284,4.26914630863767,-0.418459959337157,4.26914630863767,-0.418459959337157,range_phase_disagreement_rtt_only,1,0.856660842773683,0,1,16.983709226285,1,unique_pbr_conflict_candidate_experimental
uniform_32MHz,strong_cfo_clock,3,15,3,20271019,0.4,60,0,0,7.18257415330965,2.56941110904268,7.18257415330965,2.56941110904268,4.18257415330965,-0.430588890957325,4.18257415330965,-0.430588890957325,range_phase_disagreement_rtt_only,1,0.85674828189001,0,1,16.6919331548403,1,unique_pbr_conflict_candidate_experimental
uniform_32MHz,strong_cfo_clock,3,15,4,20271019,0.4,60,0,0,7.45817565843307,2.595702099119,7.45817565843307,2.595702099119,4.45817565843307,-0.404297900880998,4.45817565843307,-0.404297900880998,range_phase_disagreement_rtt_only,1,0.855987440110954,0,1,17.5406970256659,1,unique_pbr_conflict_candidate_experimental
uniform_32MHz,strong_cfo_clock,3,15,5,20271019,0.4,60,0,0,7.44945149441338,2.58892574984552,7.44945149441338,2.58892574984552,4.44945149441338,-0.411074250154481,4.44945149441338,-0.411074250154481,range_phase_disagreement_rtt_only,1,0.857652569606725,0,1,17.5748242533138,1,unique_pbr_conflict_candidate_experimental
uniform_32MHz,strong_cfo_clock,3,15,6,20271019,0.4,60,0,0,7.35319859658155,2.57851132686785,7.35319859658155,2.57851132686785,4.35319859658155,-0.421488673132153,4.35319859658155,-0.421488673132153,range_phase_disagreement_rtt_only,1,0.852882893629982,0,1,17.2728581387506,1,unique_pbr_conflict_candidate_experimental
uniform_32MHz,strong_cfo_clock,3,15,7,20271019,0.4,60,0,0,7.57177812556047,2.57647118877426,7.57177812556047,2.57647118877426,4.57177812556047,-0.423528811225735,4.57177812556047,-0.423528811225735,range_phase_disagreement_rtt_only,1,0.853753956885413,0,1,18.0386641975328,1,unique_pbr_conflict_candidate_experimental
uniform_32MHz,strong_cfo_clock,3,15,8,20271019,0.4,60,0,0,7.46637764201469,2.57212353149542,7.46637764201469,2.57212353149542,4.46637764201469,-0.427876468504578,4.46637764201469,-0.427876468504578,range_phase_disagreement_rtt_only,1,0.859501251646499,0,1,17.6603512374361,1,unique_pbr_conflict_candidate_experimental
uniform_32MHz,strong_cfo_clock,3,15,9,20271019,0.4,60,0,0,7.56433892087512,2.5783978641424,7.56433892087512,2.5783978641424,4.56433892087512,-0.421602135857598,4.56433892087512,-0.421602135857598,range_phase_disagreement_rtt_only,1,0.856547371565921,0,1,18.0257282963863,1,unique_pbr_conflict_candidate_experimental
uniform_32MHz,strong_cfo_clock,3,15,10,20271019,0.4,60,0,0,7.32182388677684,2.58546128221186,7.32182388677684,2.58546128221186,4.32182388677684,-0.414538717788137,4.32182388677684,-0.414538717788137,range_phase_disagreement_rtt_only,1,0.858338122425122,0,1,17.1414332381816,1,unique_pbr_conflict_candidate_experimental
uniform_32MHz,strong_cfo_clock,3,15,11,20271019,0.4,60,0,0,7.40552342307447,2.55385317623493,7.40552342307447,2.55385317623493,4.40552342307447,-0.446146823765074,4.40552342307447,-0.446146823765074,range_phase_disagreement_rtt_only,1,0.854956736670914,0,1,17.5292033856212,1,unique_pbr_conflict_candidate_experimental
uniform_32MHz,strong_cfo_clock,3,15,12,20271019,0.4,60,0,0,7.38919693969546,2.57351997316485,7.38919693969546,2.57351997316485,4.38919693969546,-0.426480026835146,4.38919693969546,-0.426480026835146,range_phase_disagreement_rtt_only,1,0.858465920111566,0,1,17.4044165263271,1,unique_pbr_conflict_candidate_experimental
uniform_32MHz,strong_cfo_clock,3,15,13,20271019,0.4,60,0,0,6.98485528815096,2.58299308952126,6.98485528815096,2.58299308952126,3.98485528815096,-0.417006910478744,3.98485528815096,-0.417006910478744,range_phase_disagreement_rtt_only,1,0.856255266962176,0,1,15.9131365332267,1,unique_pbr_conflict_candidate_experimental
uniform_32MHz,strong_cfo_clock,3,15,14,20271019,0.4,60,0,0,7.44927168705296,2.55977600032737,7.44927168705296,2.55977600032737,4.44927168705296,-0.440223999672627,4.44927168705296,-0.440223999672627,range_phase_disagreement_rtt_only,1,0.856435284385795,0,1,17.6448279623109,1,unique_pbr_conflict_candidate_experimental
uniform_32MHz,strong_cfo_clock,3,15,15,20271019,0.4,60,0,0,7.33917149128277,2.57754428029279,7.33917149128277,2.57754428029279,4.33917149128277,-0.422455719707215,4.33917149128277,-0.422455719707215,range_phase_disagreement_rtt_only,1,0.854893757873917,0,1,17.2160257707677,1,unique_pbr_conflict_candidate_experimental
uniform_32MHz,strong_cfo_clock,3,15,16,20271019,0.4,60,0,0,7.19625826461317,2.58089250338898,7.19625826461317,2.58089250338898,4.19625826461317,-0.419107496611023,4.19625826461317,-0.419107496611023,range_phase_disagreement_rtt_only,1,0.857823997420075,0,1,16.6534186447851,1,unique_pbr_conflict_candidate_experimental
uniform_32MHz,strong_cfo_clock,3,15,17,20271019,0.4,60,0,0,7.16318588200773,2.58638609227675,7.16318588200773,2.58638609227675,4.16318588200773,-0.413613907723252,4.16318588200773,-0.413613907723252,range_phase_disagreement_rtt_only,1,0.858475853649959,0,1,16.5666975660747,1,unique_pbr_conflict_candidate_experimental
uniform_32MHz,strong_cfo_clock,3,15,18,20271019,0.4,60,0,0,7.48353121181012,2.58336057700545,7.48353121181012,2.58336057700545,4.48353121181012,-0.416639422994552,4.48353121181012,-0.416639422994552,range_phase_disagreement_rtt_only,1,0.861475152351932,0,1,17.7795308690932,1,unique_pbr_conflict_candidate_experimental
uniform_32MHz,strong_cfo_clock,3,15,19,20271019,0.4,60,0,0,7.35163791313062,2.57726317262459,7.35163791313062,2.57726317262459,4.35163791313062,-0.42273682737541,4.35163791313062,-0.42273682737541,range_phase_disagreement_rtt_only,1,0.854790855317972,0,1,17.2365294296624,1,unique_pbr_conflict_candidate_experimental
uniform_32MHz,strong_cfo_clock,3,15,20,20271019,0.4,60,0,0,7.4421252638647,2.60133629416478,7.4421252638647,2.60133629416478,4.4421252638647,-0.398663705835216,4.4421252638647,-0.398663705835216,range_phase_disagreement_rtt_only,1,0.85805865549223,0,1,17.5008318017294,1,unique_pbr_conflict_candidate_experimental
uniform_32MHz,strong_cfo_clock,15,15,1,20271019,0.4,60,0,0,19.2402286237486,14.5843577282859,19.2402286237486,14.5843577282859,4.24022862374864,-0.415642271714132,4.24022862374864,-0.415642271714132,range_phase_disagreement_rtt_only,1,0.857335546025943,0,1,16.8077735504135,1,unique_pbr_conflict_candidate_experimental
uniform_32MHz,strong_cfo_clock,15,15,2,20271019,0.4,60,0,0,19.2432825388656,14.5672357124294,19.2432825388656,14.5672357124294,4.24328253886564,-0.432764287570595,4.24328253886564,-0.432764287570595,range_phase_disagreement_rtt_only,1,0.855213503570697,0,1,16.8941822960373,1,unique_pbr_conflict_candidate_experimental
uniform_32MHz,strong_cfo_clock,15,15,3,20271019,0.4,60,0,0,19.4246719533991,14.5755399070414,19.4246719533991,14.5755399070414,4.42467195339908,-0.42446009295862,4.42467195339908,-0.42446009295862,range_phase_disagreement_rtt_only,1,0.856196912671335,0,1,17.5422649839836,1,unique_pbr_conflict_candidate_experimental
uniform_32MHz,strong_cfo_clock,15,15,4,20271019,0.4,60,0,0,19.2696965707613,14.5736649958437,19.2696965707613,14.5736649958437,4.26969657076126,-0.426335004156273,4.26969657076126,-0.426335004156273,range_phase_disagreement_rtt_only,1,0.851205180226845,0,1,17.0079221204117,1,unique_pbr_conflict_candidate_experimental
uniform_32MHz,strong_cfo_clock,15,15,5,20271019,0.4,60,0,0,19.523946303418,14.5564463407195,19.523946303418,14.5564463407195,4.523946303418,-0.443553659280452,4.523946303418,-0.443553659280452,range_phase_disagreement_rtt_only,1,0.855283199429613,0,1,17.9206018787406,1,unique_pbr_conflict_candidate_experimental
uniform_32MHz,strong_cfo_clock,15,15,6,20271019,0.4,60,0,0,19.2555638075428,14.5622793107592,19.2555638075428,14.5622793107592,4.25556380754276,-0.437720689240811,4.25556380754276,-0.437720689240811,range_phase_disagreement_rtt_only,1,0.856516391332767,0,1,16.9332048736755,1,unique_pbr_conflict_candidate_experimental
uniform_32MHz,strong_cfo_clock,15,15,7,20271019,0.4,60,0,0,19.5178980022619,14.5786977902199,19.5178980022619,14.5786977902199,4.51789800226186,-0.421302209780114,4.51789800226186,-0.421302209780114,range_phase_disagreement_rtt_only,1,0.856239211876155,0,1,17.889768171597,1,unique_pbr_conflict_candidate_experimental
uniform_32MHz,strong_cfo_clock,15,15,8,20271019,0.4,60,0,0,19.328705925562,14.5735750137907,19.328705925562,14.5735750137907,4.32870592556202,-0.42642498620933,4.32870592556202,-0.42642498620933,range_phase_disagreement_rtt_only,1,0.858677260458506,0,1,17.1403812592563,1,unique_pbr_conflict_candidate_experimental
uniform_32MHz,strong_cfo_clock,15,15,9,20271019,0.4,60,0,0,19.3742807085733,14.5642416921142,19.3742807085733,14.5642416921142,4.3742807085733,-0.435758307885838,4.3742807085733,-0.435758307885838,range_phase_disagreement_rtt_only,1,0.856357692800252,0,1,17.353526499871,1,unique_pbr_conflict_candidate_experimental
uniform_32MHz,strong_cfo_clock,15,15,10,20271019,0.4,60,0,0,19.2839899349114,14.5890610162402,19.2839899349114,14.5890610162402,4.28398993491142,-0.410938983759793,4.28398993491142,-0.410938983759793,range_phase_disagreement_rtt_only,1,0.853312650616612,0,1,16.9516219379847,1,unique_pbr_conflict_candidate_experimental
uniform_32MHz,strong_cfo_clock,15,15,11,20271019,0.4,60,0,0,19.2861141221977,14.5793074448477,19.2861141221977,14.5793074448477,4.28611412219767,-0.420692555152272,4.28611412219767,-0.420692555152272,range_phase_disagreement_rtt_only,1,0.857359917322977,0,1,17.0271655324057,1,unique_pbr_conflict_candidate_experimental
uniform_32MHz,strong_cfo_clock,15,15,12,20271019,0.4,60,0,0,19.2428922954275,14.5719190748018,19.2428922954275,14.5719190748018,4.24289229542752,-0.428080925198239,4.24289229542752,-0.428080925198239,range_phase_disagreement_rtt_only,1,0.855887599229373,0,1,16.8904930249971,1,unique_pbr_conflict_candidate_experimental
uniform_32MHz,strong_cfo_clock,15,15,13,20271019,0.4,60,0,0,19.3917338464697,14.5828449903551,19.3917338464697,14.5828449903551,4.39173384646968,-0.417155009644949,4.39173384646968,-0.417155009644949,range_phase_disagreement_rtt_only,1,0.856639516262092,0,1,17.4037199829555,1,unique_pbr_conflict_candidate_experimental
uniform_32MHz,strong_cfo_clock,15,15,14,20271019,0.4,60,0,0,19.3191659601905,14.5619633257495,19.3191659601905,14.5619633257495,4.31916596019045,-0.43803667425054,4.31916596019045,-0.43803667425054,range_phase_disagreement_rtt_only,1,0.858951460454605,0,1,17.1900717010719,1,unique_pbr_conflict_candidate_experimental
uniform_32MHz,strong_cfo_clock,15,15,15,20271019,0.4,60,0,0,19.2752380392435,14.563035471455,19.2752380392435,14.563035471455,4.27523803924349,-0.436964528544953,4.27523803924349,-0.436964528544953,range_phase_disagreement_rtt_only,1,0.854128180194652,0,1,16.9941405272358,1,unique_pbr_conflict_candidate_experimental
uniform_32MHz,strong_cfo_clock,15,15,16,20271019,0.4,60,0,0,19.1216461231977,14.5871243827786,19.1216461231977,14.5871243827786,4.12164612319768,-0.41287561722136,4.12164612319768,-0.41287561722136,range_phase_disagreement_rtt_only,1,0.856515359985091,0,1,16.3942453197585,1,unique_pbr_conflict_candidate_experimental
uniform_32MHz,strong_cfo_clock,15,15,17,20271019,0.4,60,0,0,19.4029067370215,14.5828320069311,19.4029067370215,14.5828320069311,4.40290673702155,-0.417167993068935,4.40290673702155,-0.417167993068935,range_phase_disagreement_rtt_only,1,0.855218024352424,0,1,17.4072059252673,1,unique_pbr_conflict_candidate_experimental
uniform_32MHz,strong_cfo_clock,15,15,18,20271019,0.4,60,0,0,19.3850065319844,14.5643824181187,19.3850065319844,14.5643824181187,4.38500653198439,-0.435617581881273,4.38500653198439,-0.435617581881273,range_phase_disagreement_rtt_only,1,0.857906537936945,0,1,17.4115038487659,1,unique_pbr_conflict_candidate_experimental
uniform_32MHz,strong_cfo_clock,15,15,19,20271019,0.4,60,0,0,19.5191296436141,14.5722641941025,19.5191296436141,14.5722641941025,4.51912964361413,-0.427735805897457,4.51912964361413,-0.427735805897457,range_phase_disagreement_rtt_only,1,0.857730270024796,0,1,17.8878575004645,1,unique_pbr_conflict_candidate_experimental
uniform_32MHz,strong_cfo_clock,15,15,20,20271019,0.4,60,0,0,19.3817374866576,14.5903799481735,19.3817374866576,14.5903799481735,4.38173748665759,-0.409620051826534,4.38173748665759,-0.409620051826534,range_phase_disagreement_rtt_only,1,0.857223149842591,0,1,17.3394369819462,1,unique_pbr_conflict_candidate_experimental
uniform_32MHz,strong_cfo_clock,3,30,1,20271019,0.4,60,0,0,7.43029779803755,2.58370259835668,7.43029779803755,2.58370259835668,4.43029779803755,-0.416297401643323,4.43029779803755,-0.416297401643323,range_phase_disagreement_rtt_only,1,0.85696271243569,0,1,19.081998697407,1,unique_pbr_conflict_candidate_experimental
uniform_32MHz,strong_cfo_clock,3,30,2,20271019,0.4,60,0,0,7.42194617124746,2.58162833960436,7.42194617124746,2.58162833960436,4.42194617124746,-0.418371660395643,4.42194617124746,-0.418371660395643,range_phase_disagreement_rtt_only,1,0.85421106600561,0,1,19.0568784029588,1,unique_pbr_conflict_candidate_experimental
uniform_32MHz,strong_cfo_clock,3,30,3,20271019,0.4,60,0,0,7.41706702005802,2.57277862076097,7.41706702005802,2.57277862076097,4.41706702005802,-0.427221379239029,4.41706702005802,-0.427221379239029,range_phase_disagreement_rtt_only,1,0.855787049344057,0,1,19.0736659465779,1,unique_pbr_conflict_candidate_experimental
uniform_32MHz,strong_cfo_clock,3,30,4,20271019,0.4,60,0,0,7.42917546905376,2.5793364466828,7.42917546905376,2.5793364466828,4.42917546905376,-0.420663553317203,4.42917546905376,-0.420663553317203,range_phase_disagreement_rtt_only,1,0.855823651614349,0,1,19.0954183720491,1,unique_pbr_conflict_candidate_experimental
uniform_32MHz,strong_cfo_clock,3,30,5,20271019,0.4,60,0,0,7.401972458728,2.57726243329319,7.401972458728,2.57726243329319,4.401972458728,-0.422737566706806,4.401972458728,-0.422737566706806,range_phase_disagreement_rtt_only,1,0.85710522893091,0,1,18.9943795134074,1,unique_pbr_conflict_candidate_experimental
uniform_32MHz,strong_cfo_clock,3,30,6,20271019,0.4,60,0,0,7.40490204398714,2.57451534970845,7.40490204398714,2.57451534970845,4.40490204398714,-0.425484650291549,4.40490204398714,-0.425484650291549,range_phase_disagreement_rtt_only,1,0.856284348854811,0,1,19.0103255554721,1,unique_pbr_conflict_candidate_experimental
uniform_32MHz,strong_cfo_clock,3,30,7,20271019,0.4,60,0,0,7.42160262982516,2.57801222627489,7.42160262982516,2.57801222627489,4.42160262982516,-0.421987773725114,4.42160262982516,-0.421987773725114,range_phase_disagreement_rtt_only,1,0.856390550517012,0,1,19.0717671530303,1,unique_pbr_conflict_candidate_experimental
uniform_32MHz,strong_cfo_clock,3,30,8,20271019,0.4,60,0,0,7.42197957850137,2.57155994364301,7.42197957850137,2.57155994364301,4.42197957850137,-0.42844005635699,4.42197957850137,-0.42844005635699,range_phase_disagreement_rtt_only,1,0.85602378755699,0,1,19.093997552826,1,unique_pbr_conflict_candidate_experimental
uniform_32MHz,strong_cfo_clock,3,30,9,20271019,0.4,60,0,0,7.41711319922557,2.59241113231289,7.41711319922557,2.59241113231289,4.41711319922557,-0.407588867687115,4.41711319922557,-0.407588867687115,range_phase_disagreement_rtt_only,1,0.853870887085281,0,1,18.9938627052943,1,unique_pbr_conflict_candidate_experimental
uniform_32MHz,strong_cfo_clock,3,30,10,20271019,0.4,60,0,0,7.41817212798352,2.5698866669898,7.41817212798352,2.5698866669898,4.41817212798352,-0.430113333010199,4.41817212798352,-0.430113333010199,range_phase_disagreement_rtt_only,1,0.854567297277448,0,1,19.0884538460441,1,unique_pbr_conflict_candidate_experimental
uniform_32MHz,strong_cfo_clock,3,30,11,20271019,0.4,60,0,0,7.39316174513581,2.58065474492871,7.39316174513581,2.58065474492871,4.39316174513581,-0.419345255071293,4.39316174513581,-0.419345255071293,range_phase_disagreement_rtt_only,1,0.854491126698811,0,1,18.9485331703252,1,unique_pbr_conflict_candidate_experimental
uniform_32MHz,strong_cfo_clock,3,30,12,20271019,0.4,60,0,0,7.45196353267012,2.57558137523199,7.45196353267012,2.57558137523199,4.45196353267012,-0.424418624768007,4.45196353267012,-0.424418624768007,range_phase_disagreement_rtt_only,1,0.856983677631584,0,1,19.1915253268303,1,unique_pbr_conflict_candidate_experimental
uniform_32MHz,strong_cfo_clock,3,30,13,20271019,0.4,60,0,0,7.41280475176422,2.57158081535511,7.41280475176422,2.57158081535511,4.41280475176422,-0.428419184644891,4.41280475176422,-0.428419184644891,range_phase_disagreement_rtt_only,1,0.855657229435078,0,1,19.0586240455949,1,unique_pbr_conflict_candidate_experimental
uniform_32MHz,strong_cfo_clock,3,30,14,20271019,0.4,60,0,0,7.42977124852329,2.5711166843289,7.42977124852329,2.5711166843289,4.42977124852329,-0.428883315671097,4.42977124852329,-0.428883315671097,range_phase_disagreement_rtt_only,1,0.853479078737102,0,1,19.1241750072141,1,unique_pbr_conflict_candidate_experimental
uniform_32MHz,strong_cfo_clock,3,30,15,20271019,0.4,60,0,0,7.45852480645581,2.57891118957959,7.45852480645581,2.57891118957959,4.45852480645581,-0.421088810420414,4.45852480645581,-0.421088810420414,range_phase_disagreement_rtt_only,1,0.855651831500595,0,1,19.2050766641744,1,unique_pbr_conflict_candidate_experimental
uniform_32MHz,strong_cfo_clock,3,30,16,20271019,0.4,60,0,0,7.40175996267198,2.58335324726501,7.40175996267198,2.58335324726501,4.40175996267198,-0.416646752734994,4.40175996267198,-0.416646752734994,range_phase_disagreement_rtt_only,1,0.854460569414142,0,1,18.9663353655634,1,unique_pbr_conflict_candidate_experimental
uniform_32MHz,strong_cfo_clock,3,30,17,20271019,0.4,60,0,0,7.45132150598886,2.58551609419477,7.45132150598886,2.58551609419477,4.45132150598886,-0.414483905805233,4.45132150598886,-0.414483905805233,range_phase_disagreement_rtt_only,1,0.858006572842063,0,1,19.1510787447526,1,unique_pbr_conflict_candidate_experimental
uniform_32MHz,strong_cfo_clock,3,30,18,20271019,0.4,60,0,0,7.39577605914806,2.58420518538394,7.39577605914806,2.58420518538394,4.39577605914806,-0.415794814616064,4.39577605914806,-0.415794814616064,range_phase_disagreement_rtt_only,1,0.856043598963683,0,1,18.943783969696,1,unique_pbr_conflict_candidate_experimental
uniform_32MHz,strong_cfo_clock,3,30,19,20271019,0.4,60,0,0,7.43225220222281,2.57596861232085,7.43225220222281,2.57596861232085,4.43225220222281,-0.424031387679151,4.43225220222281,-0.424031387679151,range_phase_disagreement_rtt_only,1,0.854393005198028,0,1,19.1213103580388,1,unique_pbr_conflict_candidate_experimental
uniform_32MHz,strong_cfo_clock,3,30,20,20271019,0.4,60,0,0,7.38745927257006,2.56508060774624,7.38745927257006,2.56508060774624,4.38745927257006,-0.434919392253764,4.38745927257006,-0.434919392253764,range_phase_disagreement_rtt_only,1,0.852023735846125,0,1,18.9819528681451,1,unique_pbr_conflict_candidate_experimental
uniform_32MHz,strong_cfo_clock,15,30,1,20271019,0.4,60,0,0,19.4035997618607,14.5883300743529,19.4035997618607,14.5883300743529,4.40359976186069,-0.411669925647058,4.40359976186069,-0.411669925647058,range_phase_disagreement_rtt_only,1,0.856355361267016,0,1,18.9598052505904,1,unique_pbr_conflict_candidate_experimental
uniform_32MHz,strong_cfo_clock,15,30,2,20271019,0.4,60,0,0,19.4042823408714,14.578741097738,19.4042823408714,14.578741097738,4.40428234087137,-0.421258902262011,4.40428234087137,-0.421258902262011,range_phase_disagreement_rtt_only,1,0.853819131828798,0,1,18.9966101412927,1,unique_pbr_conflict_candidate_experimental
uniform_32MHz,strong_cfo_clock,15,30,3,20271019,0.4,60,0,0,19.4132682983663,14.5792666975874,19.4132682983663,14.5792666975874,4.41326829836634,-0.420733302412627,4.41326829836634,-0.420733302412627,range_phase_disagreement_rtt_only,1,0.853237875224331,0,1,19.028158105344,1,unique_pbr_conflict_candidate_experimental
uniform_32MHz,strong_cfo_clock,15,30,4,20271019,0.4,60,0,0,19.4504419209486,14.5762813095131,19.4504419209486,14.5762813095131,4.45044192094863,-0.423718690486853,4.45044192094863,-0.423718690486853,range_phase_disagreement_rtt_only,1,0.856246796596275,0,1,19.1831652911431,1,unique_pbr_conflict_candidate_experimental
uniform_32MHz,strong_cfo_clock,15,30,5,20271019,0.4,60,0,0,19.4425436719677,14.5716780205362,19.4425436719677,14.5716780205362,4.44254367196772,-0.428321979463835,4.44254367196772,-0.428321979463835,range_phase_disagreement_rtt_only,1,0.855703693407431,0,1,19.1783115952115,1,unique_pbr_conflict_candidate_experimental
uniform_32MHz,strong_cfo_clock,15,30,6,20271019,0.4,60,0,0,19.4079668067563,14.5962161478841,19.4079668067563,14.5962161478841,4.40796680675635,-0.403783852115874,4.40796680675635,-0.403783852115874,range_phase_disagreement_rtt_only,1,0.857049246874304,0,1,18.9431132777269,1,unique_pbr_conflict_candidate_experimental
uniform_32MHz,strong_cfo_clock,15,30,7,20271019,0.4,60,0,0,19.428819609023,14.5731196726149,19.428819609023,14.5731196726149,4.42881960902298,-0.426880327385065,4.42881960902298,-0.426880327385065,range_phase_disagreement_rtt_only,1,0.855631746466375,0,1,19.1170925105045,1,unique_pbr_conflict_candidate_experimental
uniform_32MHz,strong_cfo_clock,15,30,8,20271019,0.4,60,0,0,19.4243185766746,14.5807768969004,19.4243185766746,14.5807768969004,4.42431857667459,-0.419223103099629,4.42431857667459,-0.419223103099629,range_phase_disagreement_rtt_only,1,0.857457091067905,0,1,19.0679543752025,1,unique_pbr_conflict_candidate_experimental
uniform_32MHz,strong_cfo_clock,15,30,9,20271019,0.4,60,0,0,19.4420667822062,14.5723442858583,19.4420667822062,14.5723442858583,4.44206678220619,-0.427655714141661,4.44206678220619,-0.427655714141661,range_phase_disagreement_rtt_only,1,0.854700292655941,0,1,19.168574983003,1,unique_pbr_conflict_candidate_experimental
uniform_32MHz,strong_cfo_clock,15,30,10,20271019,0.4,60,0,0,19.4237039276026,14.578604553661,19.4237039276026,14.578604553661,4.4237039276026,-0.421395446339012,4.4237039276026,-0.421395446339012,range_phase_disagreement_rtt_only,1,0.856758007089517,0,1,19.0730466570494,1,unique_pbr_conflict_candidate_experimental
uniform_32MHz,strong_cfo_clock,15,30,11,20271019,0.4,60,0,0,19.4279123267331,14.5738687049832,19.4279123267331,14.5738687049832,4.42791232673313,-0.426131295016761,4.42791232673313,-0.426131295016761,range_phase_disagreement_rtt_only,1,0.855737735342686,0,1,19.1104768392372,1,unique_pbr_conflict_candidate_experimental
uniform_32MHz,strong_cfo_clock,15,30,12,20271019,0.4,60,0,0,19.4319821170421,14.5845832690837,19.4319821170421,14.5845832690837,4.43198211704209,-0.415416730916274,4.43198211704209,-0.415416730916274,range_phase_disagreement_rtt_only,1,0.857017126085613,0,1,19.0824924659772,1,unique_pbr_conflict_candidate_experimental
uniform_32MHz,strong_cfo_clock,15,30,13,20271019,0.4,60,0,0,19.4143163516961,14.5779557872468,19.4143163516961,14.5779557872468,4.41431635169605,-0.422044212753201,4.41431635169605,-0.422044212753201,range_phase_disagreement_rtt_only,1,0.854559790091836,0,1,19.0386088627443,1,unique_pbr_conflict_candidate_experimental
uniform_32MHz,strong_cfo_clock,15,30,14,20271019,0.4,60,0,0,19.4124876668168,14.5715744930643,19.4124876668168,14.5715744930643,4.41248766681676,-0.428425506935724,4.41248766681676,-0.428425506935724,range_phase_disagreement_rtt_only,1,0.854754275935127,0,1,19.0572292925353,1,unique_pbr_conflict_candidate_experimental
uniform_32MHz,strong_cfo_clock,15,30,15,20271019,0.4,60,0,0,19.4220287116601,14.5724992531506,19.4220287116601,14.5724992531506,4.42202871166011,-0.427500746849388,4.42202871166011,-0.427500746849388,range_phase_disagreement_rtt_only,1,0.856669966013276,0,1,19.0919105941566,1,unique_pbr_conflict_candidate_experimental
uniform_32MHz,strong_cfo_clock,15,30,16,20271019,0.4,60,0,0,19.4208270213278,14.5904196633156,19.4208270213278,14.5904196633156,4.42082702132782,-0.409580336684396,4.42082702132782,-0.409580336684396,range_phase_disagreement_rtt_only,1,0.854607756126832,0,1,19.0165679665206,1,unique_pbr_conflict_candidate_experimental
uniform_32MHz,strong_cfo_clock,15,30,17,20271019,0.4,60,0,0,19.408656390937,14.5769103951046,19.408656390937,14.5769103951046,4.40865639093705,-0.42308960489539,4.40865639093705,-0.42308960489539,range_phase_disagreement_rtt_only,1,0.854733519047664,0,1,19.0222828778148,1,unique_pbr_conflict_candidate_experimental
uniform_32MHz,strong_cfo_clock,15,30,18,20271019,0.4,60,0,0,19.4099283161474,14.5805032617568,19.4099283161474,14.5805032617568,4.40992831614744,-0.41949673824322,4.40992831614744,-0.41949673824322,range_phase_disagreement_rtt_only,1,0.855544230851759,0,1,19.0144671024798,1,unique_pbr_conflict_candidate_experimental
uniform_32MHz,strong_cfo_clock,15,30,19,20271019,0.4,60,0,0,19.4041688177028,14.5786262995932,19.4041688177028,14.5786262995932,4.4041688177028,-0.421373700406811,4.4041688177028,-0.421373700406811,range_phase_disagreement_rtt_only,1,0.855467523688082,0,1,18.9967338000931,1,unique_pbr_conflict_candidate_experimental
uniform_32MHz,strong_cfo_clock,15,30,20,20271019,0.4,60,0,0,19.414720447576,14.5802896364224,19.414720447576,14.5802896364224,4.41472044757596,-0.419710363577643,4.41472044757596,-0.419710363577643,range_phase_disagreement_rtt_only,1,0.855533511485491,0,1,19.0325533614029,1,unique_pbr_conflict_candidate_experimental
uniform_32MHz,strong_random_hop,3,0,1,20271019,0.4,60,0,0,7.03860711561455,21.3586611304828,7.03860711561455,7.03860711561455,4.03860711561455,18.3586611304828,4.03860711561455,4.03860711561455,unstable_phase_calibration_rtt_only,0,0.361165556364777,0,1,NaN,0,no_eligible_disagreement
uniform_32MHz,strong_random_hop,3,0,2,20271019,0.4,60,0,0,7.87926767371844,0.310929386169395,7.87926767371844,7.87926767371844,4.87926767371844,-2.68907061383061,4.87926767371844,4.87926767371844,unstable_phase_calibration_rtt_only,0,0.432208717521579,0,1,NaN,0,no_eligible_disagreement
uniform_32MHz,strong_random_hop,3,0,3,20271019,0.4,60,0,0,7.84977591073139,8.68894066506256,7.84977591073139,7.84977591073139,4.84977591073139,5.68894066506256,4.84977591073139,4.84977591073139,unstable_phase_calibration_rtt_only,0,0.417226320419073,0,1,NaN,0,no_eligible_disagreement
uniform_32MHz,strong_random_hop,3,0,4,20271019,0.4,60,0,0,6.86217619268878,38.5573378549788,6.86217619268878,6.86217619268878,3.86217619268878,35.5573378549788,3.86217619268878,3.86217619268878,unstable_phase_calibration_rtt_only,0,0.575947474177801,0,1,NaN,0,no_eligible_disagreement
uniform_32MHz,strong_random_hop,3,0,5,20271019,0.4,60,0,0,7.7997445923072,36.6256069434198,7.7997445923072,7.7997445923072,4.7997445923072,33.6256069434198,4.7997445923072,4.7997445923072,unstable_phase_calibration_rtt_only,0,0.367377471577894,0,1,NaN,0,no_eligible_disagreement
uniform_32MHz,strong_random_hop,3,0,6,20271019,0.4,60,0,0,7.97707371356098,4.25555650888183,7.97707371356098,7.97707371356098,4.97707371356098,1.25555650888183,4.97707371356098,4.97707371356098,unstable_phase_calibration_rtt_only,0,0.558695838411689,0,1,NaN,0,no_eligible_disagreement
uniform_32MHz,strong_random_hop,3,0,7,20271019,0.4,60,0,0,9.07724038066663,18.5614225284641,9.07724038066663,9.07724038066663,6.07724038066663,15.5614225284641,6.07724038066663,6.07724038066663,unstable_phase_calibration_rtt_only,0,0.532490227292373,0,1,NaN,0,no_eligible_disagreement
uniform_32MHz,strong_random_hop,3,0,8,20271019,0.4,60,0,0,7.52305084988321,10.1648747881641,7.52305084988321,7.52305084988321,4.52305084988321,7.16487478816411,4.52305084988321,4.52305084988321,unstable_phase_calibration_rtt_only,0,0.47020680997873,0,1,NaN,0,no_eligible_disagreement
uniform_32MHz,strong_random_hop,3,0,9,20271019,0.4,60,0,0,6.73857623861307,38.6105591851326,6.73857623861307,6.73857623861307,3.73857623861307,35.6105591851326,3.73857623861307,3.73857623861307,unstable_phase_calibration_rtt_only,0,0.368658404070218,0,1,NaN,0,no_eligible_disagreement
uniform_32MHz,strong_random_hop,3,0,10,20271019,0.4,60,0,0,7.16231427104982,32.1229539340557,7.16231427104982,7.16231427104982,4.16231427104982,29.1229539340557,4.16231427104982,4.16231427104982,unstable_phase_calibration_rtt_only,0,0.47587771048588,0,1,NaN,0,no_eligible_disagreement
uniform_32MHz,strong_random_hop,3,0,11,20271019,0.4,60,0,0,6.61772361705486,35.3374130327822,6.61772361705486,6.61772361705486,3.61772361705486,32.3374130327822,3.61772361705486,3.61772361705486,unstable_phase_calibration_rtt_only,0,0.48457466396296,0,1,NaN,0,no_eligible_disagreement
uniform_32MHz,strong_random_hop,3,0,12,20271019,0.4,60,0,0,7.99210859475487,31.7671788757568,7.99210859475487,7.99210859475487,4.99210859475487,28.7671788757568,4.99210859475487,4.99210859475487,unstable_phase_calibration_rtt_only,0,0.429353542566716,0,1,NaN,0,no_eligible_disagreement
uniform_32MHz,strong_random_hop,3,0,13,20271019,0.4,60,0,0,7.94120501093214,11.9310825104432,7.94120501093214,7.94120501093214,4.94120501093214,8.93108251044322,4.94120501093214,4.94120501093214,unstable_phase_calibration_rtt_only,0,0.440404374434174,0,1,NaN,0,no_eligible_disagreement
uniform_32MHz,strong_random_hop,3,0,14,20271019,0.4,60,0,0,7.5562767855589,36.6136931097487,7.5562767855589,7.5562767855589,4.5562767855589,33.6136931097487,4.5562767855589,4.5562767855589,unstable_phase_calibration_rtt_only,0,0.445620898729247,0,1,NaN,0,no_eligible_disagreement
uniform_32MHz,strong_random_hop,3,0,15,20271019,0.4,60,0,0,6.00479222564661,0.243540252324392,6.00479222564661,6.00479222564661,3.00479222564661,-2.75645974767561,3.00479222564661,3.00479222564661,unstable_phase_calibration_rtt_only,0,0.613162853446096,0,1,NaN,0,no_eligible_disagreement
uniform_32MHz,strong_random_hop,3,0,16,20271019,0.4,60,0,0,6.73678451965251,23.7043380560854,6.73678451965251,6.73678451965251,3.73678451965251,20.7043380560854,3.73678451965251,3.73678451965251,unstable_phase_calibration_rtt_only,0,0.375424751184342,0,1,NaN,0,no_eligible_disagreement
uniform_32MHz,strong_random_hop,3,0,17,20271019,0.4,60,0,0,8.16164050148013,21.778153911327,8.16164050148013,8.16164050148013,5.16164050148013,18.778153911327,5.16164050148013,5.16164050148013,unstable_phase_calibration_rtt_only,0,0.522938909916048,0,1,NaN,0,no_eligible_disagreement
uniform_32MHz,strong_random_hop,3,0,18,20271019,0.4,60,0,0,7.24279072118376,13.3490845687423,7.24279072118376,7.24279072118376,4.24279072118376,10.3490845687423,4.24279072118376,4.24279072118376,unstable_phase_calibration_rtt_only,0,0.413321646062939,0,1,NaN,0,no_eligible_disagreement
uniform_32MHz,strong_random_hop,3,0,19,20271019,0.4,60,0,0,7.49849549209684,10.9323572982825,7.49849549209684,7.49849549209684,4.49849549209684,7.9323572982825,4.49849549209684,4.49849549209684,unstable_phase_calibration_rtt_only,0,0.532030876315876,0,1,NaN,0,no_eligible_disagreement
uniform_32MHz,strong_random_hop,3,0,20,20271019,0.4,60,0,0,6.69374226737508,31.2922165337279,6.69374226737508,6.69374226737508,3.69374226737508,28.2922165337279,3.69374226737508,3.69374226737508,unstable_phase_calibration_rtt_only,0,0.392807544432111,0,1,NaN,0,no_eligible_disagreement
uniform_32MHz,strong_random_hop,15,0,1,20271019,0.4,60,0,0,19.9241616613483,35.1406667411891,19.9241616613483,19.9241616613483,4.92416166134832,20.1406667411891,4.92416166134832,4.92416166134832,unstable_phase_calibration_rtt_only,0,0.345313961315763,0,1,NaN,0,no_eligible_disagreement
uniform_32MHz,strong_random_hop,15,0,2,20271019,0.4,60,0,0,20.9312113290445,12.0177525886416,20.9312113290445,20.9312113290445,5.93121132904445,-2.98224741135835,5.93121132904445,5.93121132904445,unstable_phase_calibration_rtt_only,0,0.477032751314341,0,1,NaN,0,no_eligible_disagreement
uniform_32MHz,strong_random_hop,15,0,3,20271019,0.4,60,0,0,20.0834289539554,10.6411825102468,20.0834289539554,20.0834289539554,5.08342895395539,-4.35881748975321,5.08342895395539,5.08342895395539,unstable_phase_calibration_rtt_only,0,0.368522689505818,0,1,NaN,0,no_eligible_disagreement
uniform_32MHz,strong_random_hop,15,0,4,20271019,0.4,60,0,0,19.7329607086656,30.2655332831382,19.7329607086656,19.7329607086656,4.7329607086656,15.2655332831382,4.7329607086656,4.7329607086656,unstable_phase_calibration_rtt_only,0,0.552643030576035,0,1,NaN,0,no_eligible_disagreement
uniform_32MHz,strong_random_hop,15,0,5,20271019,0.4,60,0,0,18.9872185546605,0,18.9872185546605,18.9872185546605,3.98721855466053,-15,3.98721855466053,3.98721855466053,unstable_phase_calibration_rtt_only,0,0.46037036696116,0,1,NaN,0,no_eligible_disagreement
uniform_32MHz,strong_random_hop,15,0,6,20271019,0.4,60,0,0,18.6459435588067,36.3900778361915,18.6459435588067,18.6459435588067,3.64594355880666,21.3900778361915,3.64594355880666,3.64594355880666,unstable_phase_calibration_rtt_only,0,0.468255750528527,0,1,NaN,0,no_eligible_disagreement
uniform_32MHz,strong_random_hop,15,0,7,20271019,0.4,60,0,0,18.9391477133102,32.4036187130189,18.9391477133102,18.9391477133102,3.93914771331019,17.4036187130189,3.93914771331019,3.93914771331019,unstable_phase_calibration_rtt_only,0,0.48338555846986,0,1,NaN,0,no_eligible_disagreement
uniform_32MHz,strong_random_hop,15,0,8,20271019,0.4,60,0,0,19.8872602872095,36.5573601749447,19.8872602872095,19.8872602872095,4.88726028720954,21.5573601749447,4.88726028720954,4.88726028720954,unstable_phase_calibration_rtt_only,0,0.465956809343033,0,1,NaN,0,no_eligible_disagreement
uniform_32MHz,strong_random_hop,15,0,9,20271019,0.4,60,0,0,20.313659002395,34.1626901808171,20.313659002395,20.313659002395,5.31365900239499,19.1626901808171,5.31365900239499,5.31365900239499,unstable_phase_calibration_rtt_only,0,0.424880763473127,0,1,NaN,0,no_eligible_disagreement
uniform_32MHz,strong_random_hop,15,0,10,20271019,0.4,60,0,0,18.6208061771685,4.09740026375827,18.6208061771685,18.6208061771685,3.6208061771685,-10.9025997362417,3.6208061771685,3.6208061771685,unstable_phase_calibration_rtt_only,0,0.385280135991606,0,1,NaN,0,no_eligible_disagreement
uniform_32MHz,strong_random_hop,15,0,11,20271019,0.4,60,0,0,19.3382319336878,24.7285155790617,19.3382319336878,19.3382319336878,4.33823193368778,9.72851557906174,4.33823193368778,4.33823193368778,unstable_phase_calibration_rtt_only,0,0.410127823332554,0,1,NaN,0,no_eligible_disagreement
uniform_32MHz,strong_random_hop,15,0,12,20271019,0.4,60,0,0,18.1337230518359,19.9086429367065,18.1337230518359,18.1337230518359,3.13372305183585,4.90864293670649,3.13372305183585,3.13372305183585,unstable_phase_calibration_rtt_only,0,0.482354290905435,0,1,NaN,0,no_eligible_disagreement
uniform_32MHz,strong_random_hop,15,0,13,20271019,0.4,60,0,0,19.0641614089548,7.8105386810684,19.0641614089548,19.0641614089548,4.06416140895482,-7.1894613189316,4.06416140895482,4.06416140895482,unstable_phase_calibration_rtt_only,0,0.496144362387618,0,1,NaN,0,no_eligible_disagreement
uniform_32MHz,strong_random_hop,15,0,14,20271019,0.4,60,0,0,19.9205730556511,10.963376104961,19.9205730556511,19.9205730556511,4.92057305565112,-4.036623895039,4.92057305565112,4.92057305565112,unstable_phase_calibration_rtt_only,0,0.31413805785908,0,1,NaN,0,no_eligible_disagreement
uniform_32MHz,strong_random_hop,15,0,15,20271019,0.4,60,0,0,19.7732327629488,27.8100220743597,19.7732327629488,19.7732327629488,4.77323276294875,12.8100220743597,4.77323276294875,4.77323276294875,unstable_phase_calibration_rtt_only,0,0.485984056242242,0,1,NaN,0,no_eligible_disagreement
uniform_32MHz,strong_random_hop,15,0,16,20271019,0.4,60,0,0,19.3766144404698,31.754965745012,19.3766144404698,19.3766144404698,4.37661444046978,16.754965745012,4.37661444046978,4.37661444046978,unstable_phase_calibration_rtt_only,0,0.462353115443032,0,1,NaN,0,no_eligible_disagreement
uniform_32MHz,strong_random_hop,15,0,17,20271019,0.4,60,0,0,18.7639336357449,8.20843910592207,18.7639336357449,18.7639336357449,3.7639336357449,-6.79156089407793,3.7639336357449,3.7639336357449,unstable_phase_calibration_rtt_only,0,0.467099657421945,0,1,NaN,0,no_eligible_disagreement
uniform_32MHz,strong_random_hop,15,0,18,20271019,0.4,60,0,0,19.4148583810525,37.8157021580373,19.4148583810525,19.4148583810525,4.41485838105254,22.8157021580373,4.41485838105254,4.41485838105254,unstable_phase_calibration_rtt_only,0,0.633339678539957,0,1,NaN,0,no_eligible_disagreement
uniform_32MHz,strong_random_hop,15,0,19,20271019,0.4,60,0,0,18.458549033198,24.5157080215047,18.458549033198,18.458549033198,3.45854903319802,9.51570802150471,3.45854903319802,3.45854903319802,unstable_phase_calibration_rtt_only,0,0.438278586913103,0,1,NaN,0,no_eligible_disagreement
uniform_32MHz,strong_random_hop,15,0,20,20271019,0.4,60,0,0,18.8114559399097,40,18.8114559399097,18.8114559399097,3.81145593990966,25,3.81145593990966,3.81145593990966,unstable_phase_calibration_rtt_only,0,0.386189068458876,0,1,NaN,0,no_eligible_disagreement
uniform_32MHz,strong_random_hop,3,15,1,20271019,0.4,60,0,0,7.24823017120683,0,7.24823017120683,7.24823017120683,4.24823017120683,-3,4.24823017120683,4.24823017120683,unstable_phase_calibration_rtt_only,0,0.450033527404878,0,1,NaN,0,no_eligible_disagreement
uniform_32MHz,strong_random_hop,3,15,2,20271019,0.4,60,0,0,7.37357649302866,35.2356097560338,7.37357649302866,7.37357649302866,4.37357649302866,32.2356097560338,4.37357649302866,4.37357649302866,unstable_phase_calibration_rtt_only,0,0.636755589539613,0,1,NaN,0,no_eligible_disagreement
uniform_32MHz,strong_random_hop,3,15,3,20271019,0.4,60,0,0,7.4315666225033,29.2910082211845,7.4315666225033,7.4315666225033,4.4315666225033,26.2910082211845,4.4315666225033,4.4315666225033,unstable_phase_calibration_rtt_only,0,0.481068267126943,0,1,NaN,0,no_eligible_disagreement
uniform_32MHz,strong_random_hop,3,15,4,20271019,0.4,60,0,0,7.28589243582344,14.0581152415078,7.28589243582344,7.28589243582344,4.28589243582344,11.0581152415078,4.28589243582344,4.28589243582344,unstable_phase_calibration_rtt_only,0,0.411004578771597,0,1,NaN,0,no_eligible_disagreement
uniform_32MHz,strong_random_hop,3,15,5,20271019,0.4,60,0,0,7.46849746259108,40,7.46849746259108,7.46849746259108,4.46849746259108,37,4.46849746259108,4.46849746259108,unstable_phase_calibration_rtt_only,0,0.455439618612232,0,1,NaN,0,no_eligible_disagreement
uniform_32MHz,strong_random_hop,3,15,6,20271019,0.4,60,0,0,7.35069852814345,33.5109090132445,7.35069852814345,7.35069852814345,4.35069852814345,30.5109090132445,4.35069852814345,4.35069852814345,unstable_phase_calibration_rtt_only,0,0.413522863151783,0,1,NaN,0,no_eligible_disagreement
uniform_32MHz,strong_random_hop,3,15,7,20271019,0.4,60,0,0,7.41887807541267,0,7.41887807541267,7.41887807541267,4.41887807541267,-3,4.41887807541267,4.41887807541267,unstable_phase_calibration_rtt_only,0,0.455127726935447,0,1,NaN,0,no_eligible_disagreement
uniform_32MHz,strong_random_hop,3,15,8,20271019,0.4,60,0,0,7.3714154363999,30.2309850325407,7.3714154363999,7.3714154363999,4.3714154363999,27.2309850325407,4.3714154363999,4.3714154363999,unstable_phase_calibration_rtt_only,0,0.54564754170079,0,1,NaN,0,no_eligible_disagreement
uniform_32MHz,strong_random_hop,3,15,9,20271019,0.4,60,0,0,7.28613743953834,30.8187388992674,7.28613743953834,7.28613743953834,4.28613743953834,27.8187388992674,4.28613743953834,4.28613743953834,unstable_phase_calibration_rtt_only,0,0.49255503379953,0,1,NaN,0,no_eligible_disagreement
uniform_32MHz,strong_random_hop,3,15,10,20271019,0.4,60,0,0,7.16248998770474,26.0054476995946,7.16248998770474,7.16248998770474,4.16248998770474,23.0054476995946,4.16248998770474,4.16248998770474,unstable_phase_calibration_rtt_only,0,0.386746502170606,0,1,NaN,0,no_eligible_disagreement
uniform_32MHz,strong_random_hop,3,15,11,20271019,0.4,60,0,0,7.52422844344279,40,7.52422844344279,7.52422844344279,4.52422844344279,37,4.52422844344279,4.52422844344279,unstable_phase_calibration_rtt_only,0,0.336104292924875,0,1,NaN,0,no_eligible_disagreement
uniform_32MHz,strong_random_hop,3,15,12,20271019,0.4,60,0,0,7.49341741536539,19.1469667758813,7.49341741536539,7.49341741536539,4.49341741536539,16.1469667758813,4.49341741536539,4.49341741536539,unstable_phase_calibration_rtt_only,0,0.563617385280384,0,1,NaN,0,no_eligible_disagreement
uniform_32MHz,strong_random_hop,3,15,13,20271019,0.4,60,0,0,7.43902511604644,21.1691214924337,7.43902511604644,7.43902511604644,4.43902511604644,18.1691214924337,4.43902511604644,4.43902511604644,unstable_phase_calibration_rtt_only,0,0.340555233663622,0,1,NaN,0,no_eligible_disagreement
uniform_32MHz,strong_random_hop,3,15,14,20271019,0.4,60,0,0,7.3895421114921,1.41607209139797,7.3895421114921,7.3895421114921,4.3895421114921,-1.58392790860203,4.3895421114921,4.3895421114921,unstable_phase_calibration_rtt_only,0,0.432526204951163,0,1,NaN,0,no_eligible_disagreement
uniform_32MHz,strong_random_hop,3,15,15,20271019,0.4,60,0,0,7.41885768466985,18.0591309680096,7.41885768466985,7.41885768466985,4.41885768466985,15.0591309680096,4.41885768466985,4.41885768466985,unstable_phase_calibration_rtt_only,0,0.497258428439536,0,1,NaN,0,no_eligible_disagreement
uniform_32MHz,strong_random_hop,3,15,16,20271019,0.4,60,0,0,7.39235830272339,13.5076972616703,7.39235830272339,7.39235830272339,4.39235830272339,10.5076972616703,4.39235830272339,4.39235830272339,unstable_phase_calibration_rtt_only,0,0.415734443963984,0,1,NaN,0,no_eligible_disagreement
uniform_32MHz,strong_random_hop,3,15,17,20271019,0.4,60,0,0,7.25709107680369,21.7189602079835,7.25709107680369,7.25709107680369,4.25709107680369,18.7189602079835,4.25709107680369,4.25709107680369,unstable_phase_calibration_rtt_only,0,0.631621454252399,0,1,NaN,0,no_eligible_disagreement
uniform_32MHz,strong_random_hop,3,15,18,20271019,0.4,60,0,0,7.42914211844934,10.3483968931267,7.42914211844934,7.42914211844934,4.42914211844934,7.34839689312671,4.42914211844934,4.42914211844934,unstable_phase_calibration_rtt_only,0,0.614542960694071,0,1,NaN,0,no_eligible_disagreement
uniform_32MHz,strong_random_hop,3,15,19,20271019,0.4,60,0,0,7.38710077847034,32.876249405764,7.38710077847034,7.38710077847034,4.38710077847034,29.876249405764,4.38710077847034,4.38710077847034,unstable_phase_calibration_rtt_only,0,0.441336150847203,0,1,NaN,0,no_eligible_disagreement
uniform_32MHz,strong_random_hop,3,15,20,20271019,0.4,60,0,0,7.53950283832095,20.4286260974401,7.53950283832095,7.53950283832095,4.53950283832095,17.4286260974401,4.53950283832095,4.53950283832095,unstable_phase_calibration_rtt_only,0,0.420621651243537,0,1,NaN,0,no_eligible_disagreement
uniform_32MHz,strong_random_hop,15,15,1,20271019,0.4,60,0,0,19.4735407912949,35.986298606714,19.4735407912949,19.4735407912949,4.47354079129492,20.986298606714,4.47354079129492,4.47354079129492,unstable_phase_calibration_rtt_only,0,0.443348128425769,0,1,NaN,0,no_eligible_disagreement
uniform_32MHz,strong_random_hop,15,15,2,20271019,0.4,60,0,0,19.5015755537144,6.57772012342533,19.5015755537144,19.5015755537144,4.50157555371439,-8.42227987657467,4.50157555371439,4.50157555371439,unstable_phase_calibration_rtt_only,0,0.470446263800248,0,1,NaN,0,no_eligible_disagreement
uniform_32MHz,strong_random_hop,15,15,3,20271019,0.4,60,0,0,19.4718163946819,5.55337455667637,19.4718163946819,19.4718163946819,4.47181639468191,-9.44662544332363,4.47181639468191,4.47181639468191,unstable_phase_calibration_rtt_only,0,0.614647359542007,0,1,NaN,0,no_eligible_disagreement
uniform_32MHz,strong_random_hop,15,15,4,20271019,0.4,60,0,0,19.2279550460704,19.0911044785301,19.2279550460704,19.2279550460704,4.22795504607045,4.09110447853011,4.22795504607045,4.22795504607045,unstable_phase_calibration_rtt_only,0,0.476912664767686,0,1,NaN,0,no_eligible_disagreement
uniform_32MHz,strong_random_hop,15,15,5,20271019,0.4,60,0,0,19.3625882247874,28.9527891973205,19.3625882247874,19.3625882247874,4.36258822478744,13.9527891973205,4.36258822478744,4.36258822478744,unstable_phase_calibration_rtt_only,0,0.601033900763774,0,1,NaN,0,no_eligible_disagreement
uniform_32MHz,strong_random_hop,15,15,6,20271019,0.4,60,0,0,19.4346998873491,17.343485044908,19.4346998873491,19.4346998873491,4.43469988734908,2.34348504490799,4.43469988734908,4.43469988734908,unstable_phase_calibration_rtt_only,0,0.418899937944128,0,1,NaN,0,no_eligible_disagreement
uniform_32MHz,strong_random_hop,15,15,7,20271019,0.4,60,0,0,19.4596859734337,7.93623909650881,19.4596859734337,19.4596859734337,4.45968597343371,-7.06376090349119,4.45968597343371,4.45968597343371,unstable_phase_calibration_rtt_only,0,0.438743738874525,0,1,NaN,0,no_eligible_disagreement
uniform_32MHz,strong_random_hop,15,15,8,20271019,0.4,60,0,0,19.3821859816328,32.8672338918467,19.3821859816328,19.3821859816328,4.38218598163284,17.8672338918467,4.38218598163284,4.38218598163284,unstable_phase_calibration_rtt_only,0,0.540221417460273,0,1,NaN,0,no_eligible_disagreement
uniform_32MHz,strong_random_hop,15,15,9,20271019,0.4,60,0,0,19.6178951557937,12.6024500639673,19.6178951557937,19.6178951557937,4.61789515579366,-2.39754993603268,4.61789515579366,4.61789515579366,unstable_phase_calibration_rtt_only,0,0.419861537092362,0,1,NaN,0,no_eligible_disagreement
uniform_32MHz,strong_random_hop,15,15,10,20271019,0.4,60,0,0,19.5605419044033,18.3095981165868,19.5605419044033,19.5605419044033,4.56054190440334,3.30959811658681,4.56054190440334,4.56054190440334,unstable_phase_calibration_rtt_only,0,0.62228228188565,0,1,NaN,0,no_eligible_disagreement
uniform_32MHz,strong_random_hop,15,15,11,20271019,0.4,60,0,0,19.3591299617884,11.0484945435018,19.3591299617884,19.3591299617884,4.35912996178838,-3.95150545649822,4.35912996178838,4.35912996178838,unstable_phase_calibration_rtt_only,0,0.509170652715469,0,1,NaN,0,no_eligible_disagreement
uniform_32MHz,strong_random_hop,15,15,12,20271019,0.4,60,0,0,19.3381255827271,26.0983353580634,19.3381255827271,19.3381255827271,4.33812558272707,11.0983353580634,4.33812558272707,4.33812558272707,unstable_phase_calibration_rtt_only,0,0.511008533664476,0,1,NaN,0,no_eligible_disagreement
uniform_32MHz,strong_random_hop,15,15,13,20271019,0.4,60,0,0,19.3918143867038,37.5467721349395,19.3918143867038,19.3918143867038,4.39181438670381,22.5467721349395,4.39181438670381,4.39181438670381,unstable_phase_calibration_rtt_only,0,0.489471514604068,0,1,NaN,0,no_eligible_disagreement
uniform_32MHz,strong_random_hop,15,15,14,20271019,0.4,60,0,0,19.5782803210379,36.9718272624243,19.5782803210379,19.5782803210379,4.57828032103786,21.9718272624243,4.57828032103786,4.57828032103786,unstable_phase_calibration_rtt_only,0,0.566386401756411,0,1,NaN,0,no_eligible_disagreement
uniform_32MHz,strong_random_hop,15,15,15,20271019,0.4,60,0,0,19.2571448209017,39.4823349452154,19.2571448209017,19.2571448209017,4.25714482090169,24.4823349452154,4.25714482090169,4.25714482090169,unstable_phase_calibration_rtt_only,0,0.461961388701601,0,1,NaN,0,no_eligible_disagreement
uniform_32MHz,strong_random_hop,15,15,16,20271019,0.4,60,0,0,19.4318744159096,30.5260560072618,19.4318744159096,19.4318744159096,4.4318744159096,15.5260560072618,4.4318744159096,4.4318744159096,unstable_phase_calibration_rtt_only,0,0.440369253922724,0,1,NaN,0,no_eligible_disagreement
uniform_32MHz,strong_random_hop,15,15,17,20271019,0.4,60,0,0,19.3645388377977,16.589198640711,19.3645388377977,19.3645388377977,4.36453883779769,1.58919864071096,4.36453883779769,4.36453883779769,unstable_phase_calibration_rtt_only,0,0.398252008501623,0,1,NaN,0,no_eligible_disagreement
uniform_32MHz,strong_random_hop,15,15,18,20271019,0.4,60,0,0,19.3736023370043,31.3360394965824,19.3736023370043,19.3736023370043,4.37360233700433,16.3360394965824,4.37360233700433,4.37360233700433,unstable_phase_calibration_rtt_only,0,0.350057220051114,0,1,NaN,0,no_eligible_disagreement
uniform_32MHz,strong_random_hop,15,15,19,20271019,0.4,60,0,0,19.3227693612534,16.7826525516614,19.3227693612534,19.3227693612534,4.32276936125343,1.78265255166142,4.32276936125343,4.32276936125343,unstable_phase_calibration_rtt_only,0,0.512703921119805,0,1,NaN,0,no_eligible_disagreement
uniform_32MHz,strong_random_hop,15,15,20,20271019,0.4,60,0,0,19.5306758979446,40,19.5306758979446,19.5306758979446,4.53067589794463,25,4.53067589794463,4.53067589794463,unstable_phase_calibration_rtt_only,0,0.433106877521436,0,1,NaN,0,no_eligible_disagreement
uniform_32MHz,strong_random_hop,3,30,1,20271019,0.4,60,0,0,7.3981344166184,7.01650920718837,7.3981344166184,7.3981344166184,4.3981344166184,4.01650920718837,4.3981344166184,4.3981344166184,unstable_phase_calibration_rtt_only,0,0.462603264743859,0,1,NaN,0,no_eligible_disagreement
uniform_32MHz,strong_random_hop,3,30,2,20271019,0.4,60,0,0,7.41549121426563,4.43995784578222,7.41549121426563,7.41549121426563,4.41549121426563,1.43995784578222,4.41549121426563,4.41549121426563,unstable_phase_calibration_rtt_only,0,0.448237492483248,0,1,NaN,0,no_eligible_disagreement
uniform_32MHz,strong_random_hop,3,30,3,20271019,0.4,60,0,0,7.40568038855383,34.6448820986509,7.40568038855383,7.40568038855383,4.40568038855383,31.6448820986509,4.40568038855383,4.40568038855383,unstable_phase_calibration_rtt_only,0,0.45221545651388,0,1,NaN,0,no_eligible_disagreement
uniform_32MHz,strong_random_hop,3,30,4,20271019,0.4,60,0,0,7.38621588291076,10.0650152623653,7.38621588291076,7.38621588291076,4.38621588291076,7.06501526236534,4.38621588291076,4.38621588291076,unstable_phase_calibration_rtt_only,0,0.414404258122298,0,1,NaN,0,no_eligible_disagreement
uniform_32MHz,strong_random_hop,3,30,5,20271019,0.4,60,0,0,7.43333213302859,39.0457970738557,7.43333213302859,7.43333213302859,4.43333213302859,36.0457970738557,4.43333213302859,4.43333213302859,unstable_phase_calibration_rtt_only,0,0.492910268058234,0,1,NaN,0,no_eligible_disagreement
uniform_32MHz,strong_random_hop,3,30,6,20271019,0.4,60,0,0,7.41394818362392,10.4870957229533,7.41394818362392,7.41394818362392,4.41394818362392,7.48709572295327,4.41394818362392,4.41394818362392,unstable_phase_calibration_rtt_only,0,0.527749494397268,0,1,NaN,0,no_eligible_disagreement
uniform_32MHz,strong_random_hop,3,30,7,20271019,0.4,60,0,0,7.39418197220179,21.4097397022987,7.39418197220179,7.39418197220179,4.39418197220179,18.4097397022987,4.39418197220179,4.39418197220179,unstable_phase_calibration_rtt_only,0,0.466263229140575,0,1,NaN,0,no_eligible_disagreement
uniform_32MHz,strong_random_hop,3,30,8,20271019,0.4,60,0,0,7.42546852229076,0,7.42546852229076,7.42546852229076,4.42546852229076,-3,4.42546852229076,4.42546852229076,unstable_phase_calibration_rtt_only,0,0.459587216708777,0,1,NaN,0,no_eligible_disagreement
uniform_32MHz,strong_random_hop,3,30,9,20271019,0.4,60,0,0,7.41888490262213,34.3925869595713,7.41888490262213,7.41888490262213,4.41888490262213,31.3925869595713,4.41888490262213,4.41888490262213,unstable_phase_calibration_rtt_only,0,0.483945403181084,0,1,NaN,0,no_eligible_disagreement
uniform_32MHz,strong_random_hop,3,30,10,20271019,0.4,60,0,0,7.43973556880333,0,7.43973556880333,7.43973556880333,4.43973556880333,-3,4.43973556880333,4.43973556880333,unstable_phase_calibration_rtt_only,0,0.395402420231097,0,1,NaN,0,no_eligible_disagreement
uniform_32MHz,strong_random_hop,3,30,11,20271019,0.4,60,0,0,7.45193256067494,0.637052460111834,7.45193256067494,7.45193256067494,4.45193256067494,-2.36294753988817,4.45193256067494,4.45193256067494,unstable_phase_calibration_rtt_only,0,0.474239003114199,0,1,NaN,0,no_eligible_disagreement
uniform_32MHz,strong_random_hop,3,30,12,20271019,0.4,60,0,0,7.42962297028605,39.591119450899,7.42962297028605,7.42962297028605,4.42962297028605,36.591119450899,4.42962297028605,4.42962297028605,unstable_phase_calibration_rtt_only,0,0.592862148075253,0,1,NaN,0,no_eligible_disagreement
uniform_32MHz,strong_random_hop,3,30,13,20271019,0.4,60,0,0,7.44619261397489,4.14227508034675,7.44619261397489,7.44619261397489,4.44619261397489,1.14227508034675,4.44619261397489,4.44619261397489,unstable_phase_calibration_rtt_only,0,0.596725955004526,0,1,NaN,0,no_eligible_disagreement
uniform_32MHz,strong_random_hop,3,30,14,20271019,0.4,60,0,0,7.41090927994453,6.86653836719124,7.41090927994453,7.41090927994453,4.41090927994453,3.86653836719124,4.41090927994453,4.41090927994453,unstable_phase_calibration_rtt_only,0,0.394431139963771,0,1,NaN,0,no_eligible_disagreement
uniform_32MHz,strong_random_hop,3,30,15,20271019,0.4,60,0,0,7.41486691427622,18.4890343962943,7.41486691427622,7.41486691427622,4.41486691427622,15.4890343962943,4.41486691427622,4.41486691427622,unstable_phase_calibration_rtt_only,0,0.456296814471904,0,1,NaN,0,no_eligible_disagreement
uniform_32MHz,strong_random_hop,3,30,16,20271019,0.4,60,0,0,7.38213684515924,3.99477265596392,7.38213684515924,7.38213684515924,4.38213684515924,0.99477265596392,4.38213684515924,4.38213684515924,unstable_phase_calibration_rtt_only,0,0.507814339869088,0,1,NaN,0,no_eligible_disagreement
uniform_32MHz,strong_random_hop,3,30,17,20271019,0.4,60,0,0,7.39996902446157,40,7.39996902446157,7.39996902446157,4.39996902446157,37,4.39996902446157,4.39996902446157,unstable_phase_calibration_rtt_only,0,0.519512839789446,0,1,NaN,0,no_eligible_disagreement
uniform_32MHz,strong_random_hop,3,30,18,20271019,0.4,60,0,0,7.40035322449791,10.6615417703844,7.40035322449791,7.40035322449791,4.40035322449791,7.66154177038436,4.40035322449791,4.40035322449791,unstable_phase_calibration_rtt_only,0,0.478027273517837,0,1,NaN,0,no_eligible_disagreement
uniform_32MHz,strong_random_hop,3,30,19,20271019,0.4,60,0,0,7.4244057870466,20.6849140604182,7.4244057870466,7.4244057870466,4.4244057870466,17.6849140604182,4.4244057870466,4.4244057870466,unstable_phase_calibration_rtt_only,0,0.513029608350856,0,1,NaN,0,no_eligible_disagreement
uniform_32MHz,strong_random_hop,3,30,20,20271019,0.4,60,0,0,7.40505262725182,32.6162810739904,7.40505262725182,7.40505262725182,4.40505262725182,29.6162810739904,4.40505262725182,4.40505262725182,unstable_phase_calibration_rtt_only,0,0.483755734745271,0,1,NaN,0,no_eligible_disagreement
uniform_32MHz,strong_random_hop,15,30,1,20271019,0.4,60,0,0,19.4222116021017,15.0581408597098,19.4222116021017,19.4222116021017,4.42221160210169,0.0581408597097965,4.42221160210169,4.42221160210169,unstable_phase_calibration_rtt_only,0,0.428760784856163,0,1,NaN,0,no_eligible_disagreement
uniform_32MHz,strong_random_hop,15,30,2,20271019,0.4,60,0,0,19.4211633490335,4.91031067961048,19.4211633490335,19.4211633490335,4.42116334903352,-10.0896893203895,4.42116334903352,4.42116334903352,unstable_phase_calibration_rtt_only,0,0.354209128277243,0,1,NaN,0,no_eligible_disagreement
uniform_32MHz,strong_random_hop,15,30,3,20271019,0.4,60,0,0,19.4131910245697,31.6797944393331,19.4131910245697,19.4131910245697,4.4131910245697,16.6797944393331,4.4131910245697,4.4131910245697,unstable_phase_calibration_rtt_only,0,0.557728095749665,0,1,NaN,0,no_eligible_disagreement
uniform_32MHz,strong_random_hop,15,30,4,20271019,0.4,60,0,0,19.406372920481,17.7982129516221,19.406372920481,19.406372920481,4.40637292048098,2.79821295162215,4.40637292048098,4.40637292048098,unstable_phase_calibration_rtt_only,0,0.474878188933809,0,1,NaN,0,no_eligible_disagreement
uniform_32MHz,strong_random_hop,15,30,5,20271019,0.4,60,0,0,19.4350495079906,40,19.4350495079906,19.4350495079906,4.43504950799055,25,4.43504950799055,4.43504950799055,unstable_phase_calibration_rtt_only,0,0.442642574093561,0,1,NaN,0,no_eligible_disagreement
uniform_32MHz,strong_random_hop,15,30,6,20271019,0.4,60,0,0,19.3990929380846,29.017142912318,19.3990929380846,19.3990929380846,4.3990929380846,14.017142912318,4.3990929380846,4.3990929380846,unstable_phase_calibration_rtt_only,0,0.517222390195473,0,1,NaN,0,no_eligible_disagreement
uniform_32MHz,strong_random_hop,15,30,7,20271019,0.4,60,0,0,19.4069563945239,20.7870466581874,19.4069563945239,19.4069563945239,4.40695639452395,5.7870466581874,4.40695639452395,4.40695639452395,unstable_phase_calibration_rtt_only,0,0.547353814471793,0,1,NaN,0,no_eligible_disagreement
uniform_32MHz,strong_random_hop,15,30,8,20271019,0.4,60,0,0,19.3946290260245,15.7344299731433,19.3946290260245,19.3946290260245,4.39462902602452,0.734429973143342,4.39462902602452,4.39462902602452,unstable_phase_calibration_rtt_only,0,0.698078926905179,0,1,NaN,0,no_eligible_disagreement
uniform_32MHz,strong_random_hop,15,30,9,20271019,0.4,60,0,0,19.4512371783972,9.08648810315405,19.4512371783972,19.4512371783972,4.45123717839717,-5.91351189684595,4.45123717839717,4.45123717839717,unstable_phase_calibration_rtt_only,0,0.349768187853648,0,1,NaN,0,no_eligible_disagreement
uniform_32MHz,strong_random_hop,15,30,10,20271019,0.4,60,0,0,19.4104760541297,19.9138505448411,19.4104760541297,19.4104760541297,4.41047605412965,4.91385054484109,4.41047605412965,4.41047605412965,unstable_phase_calibration_rtt_only,0,0.592163821177761,0,1,NaN,0,no_eligible_disagreement
uniform_32MHz,strong_random_hop,15,30,11,20271019,0.4,60,0,0,19.3884809083286,17.6250783498296,19.3884809083286,19.3884809083286,4.3884809083286,2.62507834982959,4.3884809083286,4.3884809083286,unstable_phase_calibration_rtt_only,0,0.565856228407393,0,1,NaN,0,no_eligible_disagreement
uniform_32MHz,strong_random_hop,15,30,12,20271019,0.4,60,0,0,19.4292688161296,8.60084854568317,19.4292688161296,19.4292688161296,4.42926881612963,-6.39915145431683,4.42926881612963,4.42926881612963,unstable_phase_calibration_rtt_only,0,0.560383782521334,0,1,NaN,0,no_eligible_disagreement
uniform_32MHz,strong_random_hop,15,30,13,20271019,0.4,60,0,0,19.4156596013612,9.55538439595794,19.4156596013612,19.4156596013612,4.41565960136122,-5.44461560404206,4.41565960136122,4.41565960136122,unstable_phase_calibration_rtt_only,0,0.390629376573746,0,1,NaN,0,no_eligible_disagreement
uniform_32MHz,strong_random_hop,15,30,14,20271019,0.4,60,0,0,19.4073307999629,37.2491922151472,19.4073307999629,19.4073307999629,4.4073307999629,22.2491922151472,4.4073307999629,4.4073307999629,unstable_phase_calibration_rtt_only,0,0.472125937645456,0,1,NaN,0,no_eligible_disagreement
uniform_32MHz,strong_random_hop,15,30,15,20271019,0.4,60,0,0,19.4255130730545,31.135341200074,19.4255130730545,19.4255130730545,4.42551307305447,16.135341200074,4.42551307305447,4.42551307305447,unstable_phase_calibration_rtt_only,0,0.276622904870479,0,1,NaN,0,no_eligible_disagreement
uniform_32MHz,strong_random_hop,15,30,16,20271019,0.4,60,0,0,19.4282541924914,5.82729644250571,19.4282541924914,19.4282541924914,4.42825419249144,-9.17270355749429,4.42825419249144,4.42825419249144,unstable_phase_calibration_rtt_only,0,0.435462039441673,0,1,NaN,0,no_eligible_disagreement
uniform_32MHz,strong_random_hop,15,30,17,20271019,0.4,60,0,0,19.4132699681844,17.2200930748913,19.4132699681844,19.4132699681844,4.41326996818443,2.22009307489127,4.41326996818443,4.41326996818443,unstable_phase_calibration_rtt_only,0,0.491700349101743,0,1,NaN,0,no_eligible_disagreement
uniform_32MHz,strong_random_hop,15,30,18,20271019,0.4,60,0,0,19.4175372721537,17.6331167862533,19.4175372721537,19.4175372721537,4.41753727215374,2.6331167862533,4.41753727215374,4.41753727215374,unstable_phase_calibration_rtt_only,0,0.642006904582251,0,1,NaN,0,no_eligible_disagreement
uniform_32MHz,strong_random_hop,15,30,19,20271019,0.4,60,0,0,19.4105224899596,27.9807305765513,19.4105224899596,19.4105224899596,4.41052248995956,12.9807305765513,4.41052248995956,4.41052248995956,unstable_phase_calibration_rtt_only,0,0.501123324213034,0,1,NaN,0,no_eligible_disagreement
uniform_32MHz,strong_random_hop,15,30,20,20271019,0.4,60,0,0,19.4100952155407,25.9587445017359,19.4100952155407,19.4100952155407,4.41009521554074,10.9587445017359,4.41009521554074,4.41009521554074,unstable_phase_calibration_rtt_only,0,0.50049858123334,0,1,NaN,0,no_eligible_disagreement
uniform_32MHz,strong_phase_drift,3,0,1,20271019,0.4,60,0,0.45,7.43455519699385,2.80768924778468,7.43455519699385,2.80768924778468,4.43455519699385,-0.192310752215319,4.43455519699385,-0.192310752215319,range_phase_disagreement_rtt_only,1,0.783408893827219,0,1,4.05311986564955,1,unique_pbr_conflict_candidate_experimental
uniform_32MHz,strong_phase_drift,3,0,2,20271019,0.4,60,0,0.45,7.12261085242827,2.74696861205305,7.12261085242827,2.74696861205305,4.12261085242827,-0.253031387946947,4.12261085242827,-0.253031387946947,range_phase_disagreement_rtt_only,1,0.790684248804162,0,1,3.85347446588131,1,unique_pbr_conflict_candidate_experimental
uniform_32MHz,strong_phase_drift,3,0,3,20271019,0.4,60,0,0.45,7.10988533882775,2.706280324798,7.10988533882775,2.706280324798,4.10988533882775,-0.293719675202001,4.10988533882775,-0.293719675202001,range_phase_disagreement_rtt_only,1,0.785576693131656,0,1,3.86308261510071,1,unique_pbr_conflict_candidate_experimental
uniform_32MHz,strong_phase_drift,3,0,4,20271019,0.4,60,0,0.45,8.45554172510847,2.74506108917788,8.45554172510847,2.74506108917788,5.45554172510847,-0.254938910822119,5.45554172510847,-0.254938910822119,range_phase_disagreement_rtt_only,1,0.781009289340102,0,1,5.05642714205074,1,unique_pbr_conflict_candidate_experimental
uniform_32MHz,strong_phase_drift,3,0,5,20271019,0.4,60,0,0.45,5.86924311285463,2.67014348061537,2.68580333518567,2.68580333518567,2.86924311285463,-0.329856519384626,-0.31419666481433,-0.31419666481433,single_alias_soft_fusion,1,0.776296643430326,0,1,2.81642703093365,0,no_eligible_disagreement
uniform_32MHz,strong_phase_drift,3,0,6,20271019,0.4,60,0,0.45,8.04726961308078,2.84167926197536,8.04726961308078,2.84167926197536,5.04726961308078,-0.158320738024642,5.04726961308078,-0.158320738024642,range_phase_disagreement_rtt_only,1,0.787924224848848,0,1,4.54334460734096,1,unique_pbr_conflict_candidate_experimental
uniform_32MHz,strong_phase_drift,3,0,7,20271019,0.4,60,0,0.45,7.32634381386394,2.76155152768618,7.32634381386394,2.76155152768618,4.32634381386394,-0.238448472313816,4.32634381386394,-0.238448472313816,range_phase_disagreement_rtt_only,1,0.787006667047686,0,1,4.01887780776007,1,unique_pbr_conflict_candidate_experimental
uniform_32MHz,strong_phase_drift,3,0,8,20271019,0.4,60,0,0.45,6.7343416630599,2.81059380632751,6.7343416630599,2.81059380632751,3.7343416630599,-0.189406193672488,3.7343416630599,-0.189406193672488,range_phase_disagreement_rtt_only,1,0.781144453924366,0,1,3.45240444139239,1,unique_pbr_conflict_candidate_experimental
uniform_32MHz,strong_phase_drift,3,0,9,20271019,0.4,60,0,0.45,7.43875264794707,2.76839913242284,7.43875264794707,2.76839913242284,4.43875264794707,-0.231600867577159,4.43875264794707,-0.231600867577159,range_phase_disagreement_rtt_only,1,0.78628870748805,0,1,4.09770638679632,1,unique_pbr_conflict_candidate_experimental
uniform_32MHz,strong_phase_drift,3,0,10,20271019,0.4,60,0,0.45,6.71767428070485,2.71527092343622,6.71767428070485,2.71527092343622,3.71767428070485,-0.284729076563775,3.71767428070485,-0.284729076563775,range_phase_disagreement_rtt_only,1,0.785621228698867,0,1,3.51787745109216,1,unique_pbr_conflict_candidate_experimental
uniform_32MHz,strong_phase_drift,3,0,11,20271019,0.4,60,0,0.45,8.12868284068241,2.68943117995863,8.12868284068241,2.68943117995863,5.12868284068241,-0.310568820041366,5.12868284068241,-0.310568820041366,range_phase_disagreement_rtt_only,1,0.786820857458294,0,1,4.78399021718744,1,unique_pbr_conflict_candidate_experimental
uniform_32MHz,strong_phase_drift,3,0,12,20271019,0.4,60,0,0.45,7.99080277228632,2.70709137729461,7.99080277228632,2.70709137729461,4.99080277228632,-0.29290862270539,4.99080277228632,-0.29290862270539,range_phase_disagreement_rtt_only,1,0.786932495563497,0,1,4.62513525956775,1,unique_pbr_conflict_candidate_experimental
uniform_32MHz,strong_phase_drift,3,0,13,20271019,0.4,60,0,0.45,6.75527202284306,2.71498085325284,6.75527202284306,2.71498085325284,3.75527202284306,-0.285019146747155,3.75527202284306,-0.285019146747155,range_phase_disagreement_rtt_only,1,0.788731348828945,0,1,3.54208179786988,1,unique_pbr_conflict_candidate_experimental
uniform_32MHz,strong_phase_drift,3,0,14,20271019,0.4,60,0,0.45,7.95905107263964,2.71916164690638,7.95905107263964,2.71916164690638,4.95905107263964,-0.280838353093616,4.95905107263964,-0.280838353093616,range_phase_disagreement_rtt_only,1,0.775557144462345,0,1,4.58535323801304,1,unique_pbr_conflict_candidate_experimental
uniform_32MHz,strong_phase_drift,3,0,15,20271019,0.4,60,0,0.45,6.37284716178516,2.64790434631527,6.37284716178516,2.64790434631527,3.37284716178516,-0.352095653684731,3.37284716178516,-0.352095653684731,range_phase_disagreement_rtt_only,1,0.793907056203508,0,1,3.30049834105588,1,unique_pbr_conflict_candidate_experimental
uniform_32MHz,strong_phase_drift,3,0,16,20271019,0.4,60,0,0.45,6.98562195856158,2.74044339517788,6.98562195856158,2.74044339517788,3.98562195856158,-0.259556604822123,3.98562195856158,-0.259556604822123,range_phase_disagreement_rtt_only,1,0.791130641960486,0,1,3.73473946995382,1,unique_pbr_conflict_candidate_experimental
uniform_32MHz,strong_phase_drift,3,0,17,20271019,0.4,60,0,0.45,6.89174110483478,2.67392994791814,6.89174110483478,2.67392994791814,3.89174110483478,-0.326070052081862,3.89174110483478,-0.326070052081862,range_phase_disagreement_rtt_only,1,0.804577355924705,0,1,3.69025605139739,1,unique_pbr_conflict_candidate_experimental
uniform_32MHz,strong_phase_drift,3,0,18,20271019,0.4,60,0,0.45,7.96742888684993,2.76194600827889,7.96742888684993,2.76194600827889,4.96742888684993,-0.238053991721113,4.96742888684993,-0.238053991721113,range_phase_disagreement_rtt_only,1,0.763330343248665,0,1,4.60324866269075,1,unique_pbr_conflict_candidate_experimental
uniform_32MHz,strong_phase_drift,3,0,19,20271019,0.4,60,0,0.45,7.72628413250373,2.71367395629243,7.72628413250373,2.71367395629243,4.72628413250373,-0.286326043707569,4.72628413250373,-0.286326043707569,range_phase_disagreement_rtt_only,1,0.782738411422865,0,1,4.38521735781507,1,unique_pbr_conflict_candidate_experimental
uniform_32MHz,strong_phase_drift,3,0,20,20271019,0.4,60,0,0.45,8.06768940208521,2.83609060157348,8.06768940208521,2.83609060157348,5.06768940208521,-0.16390939842652,5.06768940208521,-0.16390939842652,range_phase_disagreement_rtt_only,1,0.783813856121817,0,1,4.59591903311764,1,unique_pbr_conflict_candidate_experimental
uniform_32MHz,strong_phase_drift,15,0,1,20271019,0.4,60,0,0.45,18.2478990846049,14.7338682500561,18.2478990846049,14.7338682500561,3.24789908460487,-0.266131749943934,3.24789908460487,-0.266131749943934,range_phase_disagreement_rtt_only,1,0.767287776131861,0,1,3.09996920646328,1,unique_pbr_conflict_candidate_experimental
uniform_32MHz,strong_phase_drift,15,0,2,20271019,0.4,60,0,0.45,19.0483983394689,14.7725786658742,19.0483983394689,14.7725786658742,4.04839833946885,-0.227421334125795,4.04839833946885,-0.227421334125795,range_phase_disagreement_rtt_only,1,0.771976307058392,0,1,3.76257872744884,1,unique_pbr_conflict_candidate_experimental
uniform_32MHz,strong_phase_drift,15,0,3,20271019,0.4,60,0,0.45,19.1657401859434,14.7827654063046,19.1657401859434,14.7827654063046,4.16574018594336,-0.217234593695386,4.16574018594336,-0.217234593695386,range_phase_disagreement_rtt_only,1,0.780311305213509,0,1,3.85749797909349,1,unique_pbr_conflict_candidate_experimental
uniform_32MHz,strong_phase_drift,15,0,4,20271019,0.4,60,0,0.45,20.0768928050333,14.7258579114715,20.0768928050333,14.7258579114715,5.07689280503335,-0.274142088528535,5.07689280503335,-0.274142088528535,range_phase_disagreement_rtt_only,1,0.789124619272472,0,1,4.68408375861686,1,unique_pbr_conflict_candidate_experimental
uniform_32MHz,strong_phase_drift,15,0,5,20271019,0.4,60,0,0.45,20.2270643111267,14.7187443406719,20.2270643111267,14.7187443406719,5.22706431112672,-0.281255659328137,5.22706431112672,-0.281255659328137,range_phase_disagreement_rtt_only,1,0.802983344285374,0,1,4.84475169835188,1,unique_pbr_conflict_candidate_experimental
uniform_32MHz,strong_phase_drift,15,0,6,20271019,0.4,60,0,0.45,20.0908131938993,14.6852046493894,20.0908131938993,14.6852046493894,5.09081319389932,-0.314795350610632,5.09081319389932,-0.314795350610632,range_phase_disagreement_rtt_only,1,0.767158385274706,0,1,4.71380411792305,1,unique_pbr_conflict_candidate_experimental
uniform_32MHz,strong_phase_drift,15,0,7,20271019,0.4,60,0,0.45,19.3398135383652,14.7890637251856,19.3398135383652,14.7890637251856,4.33981353836524,-0.210936274814371,4.33981353836524,-0.210936274814371,range_phase_disagreement_rtt_only,1,0.787221492788645,0,1,3.99657010020123,1,unique_pbr_conflict_candidate_experimental
uniform_32MHz,strong_phase_drift,15,0,8,20271019,0.4,60,0,0.45,18.6580796380915,14.6836566085061,18.6580796380915,14.6836566085061,3.6580796380915,-0.316343391493895,3.6580796380915,-0.316343391493895,range_phase_disagreement_rtt_only,1,0.788794960533525,0,1,3.49496719292207,1,unique_pbr_conflict_candidate_experimental
uniform_32MHz,strong_phase_drift,15,0,9,20271019,0.4,60,0,0.45,19.6027219799202,14.7773617608948,19.6027219799202,14.7773617608948,4.60272197992023,-0.222638239105239,4.60272197992023,-0.222638239105239,range_phase_disagreement_rtt_only,1,0.774097890066883,0,1,4.2536362038767,1,unique_pbr_conflict_candidate_experimental
uniform_32MHz,strong_phase_drift,15,0,10,20271019,0.4,60,0,0.45,18.0904011764964,14.7941308784789,14.8102697160645,14.8102697160645,3.09040117649635,-0.20586912152106,-0.18973028393548,-0.18973028393548,single_alias_soft_fusion,1,0.772894405217753,0,1,2.9018658715856,0,no_eligible_disagreement
uniform_32MHz,strong_phase_drift,15,0,11,20271019,0.4,60,0,0.45,19.9453244988132,14.7735641405804,19.9453244988132,14.7735641405804,4.94532449881322,-0.226435859419626,4.94532449881322,-0.226435859419626,range_phase_disagreement_rtt_only,1,0.784875423666083,0,1,4.53940708600083,1,unique_pbr_conflict_candidate_experimental
uniform_32MHz,strong_phase_drift,15,0,12,20271019,0.4,60,0,0.45,19.4744072678059,14.7569909396779,19.4744072678059,14.7569909396779,4.47440726780593,-0.24300906032207,4.47440726780593,-0.24300906032207,range_phase_disagreement_rtt_only,1,0.784883032769788,0,1,4.18336568404396,1,unique_pbr_conflict_candidate_experimental
uniform_32MHz,strong_phase_drift,15,0,13,20271019,0.4,60,0,0.45,18.4610880272463,14.7614957009956,18.4610880272463,14.7614957009956,3.46108802724633,-0.238504299004399,3.46108802724633,-0.238504299004399,range_phase_disagreement_rtt_only,1,0.784521809731531,0,1,3.25771344237558,1,unique_pbr_conflict_candidate_experimental
uniform_32MHz,strong_phase_drift,15,0,14,20271019,0.4,60,0,0.45,19.8811449875197,14.7404257410329,19.8811449875197,14.7404257410329,4.88114498751973,-0.259574258967096,4.88114498751973,-0.259574258967096,range_phase_disagreement_rtt_only,1,0.787489948296743,0,1,4.49258535420261,1,unique_pbr_conflict_candidate_experimental
uniform_32MHz,strong_phase_drift,15,0,15,20271019,0.4,60,0,0.45,19.3739150479833,14.78145707859,19.3739150479833,14.78145707859,4.37391504798329,-0.218542921409991,4.37391504798329,-0.218542921409991,range_phase_disagreement_rtt_only,1,0.785971491553798,0,1,4.03785266021455,1,unique_pbr_conflict_candidate_experimental
uniform_32MHz,strong_phase_drift,15,0,16,20271019,0.4,60,0,0.45,19.5554330767952,14.6682711732159,19.5554330767952,14.6682711732159,4.55543307679523,-0.331728826784078,4.55543307679523,-0.331728826784078,range_phase_disagreement_rtt_only,1,0.783354993280159,0,1,4.29298526880741,1,unique_pbr_conflict_candidate_experimental
uniform_32MHz,strong_phase_drift,15,0,17,20271019,0.4,60,0,0.45,19.3925119329098,14.7522386264903,19.3925119329098,14.7522386264903,4.39251193290983,-0.247761373509675,4.39251193290983,-0.247761373509675,range_phase_disagreement_rtt_only,1,0.789728711871554,0,1,4.09326765124697,1,unique_pbr_conflict_candidate_experimental
uniform_32MHz,strong_phase_drift,15,0,18,20271019,0.4,60,0,0.45,20.2045529299315,14.7183181151609,20.2045529299315,14.7183181151609,5.20455292993154,-0.281681884839076,5.20455292993154,-0.281681884839076,range_phase_disagreement_rtt_only,1,0.793864175894307,0,1,4.82485072287841,1,unique_pbr_conflict_candidate_experimental
uniform_32MHz,strong_phase_drift,15,0,19,20271019,0.4,60,0,0.45,19.2417775259446,14.7686958909872,19.2417775259446,14.7686958909872,4.2417775259446,-0.231304109012756,4.2417775259446,-0.231304109012756,range_phase_disagreement_rtt_only,1,0.786990590140557,0,1,3.92078860585912,1,unique_pbr_conflict_candidate_experimental
uniform_32MHz,strong_phase_drift,15,0,20,20271019,0.4,60,0,0.45,19.4767030813199,14.9031041473458,19.4767030813199,14.9031041473458,4.4767030813199,-0.0968958526541837,4.4767030813199,-0.0968958526541837,range_phase_disagreement_rtt_only,1,0.786462065869792,0,1,3.98550066130647,1,unique_pbr_conflict_candidate_experimental
uniform_32MHz,strong_phase_drift,3,15,1,20271019,0.4,60,0,0.45,7.52225323332553,2.75014668131685,7.52225323332553,2.75014668131685,4.52225323332553,-0.249853318683153,4.52225323332553,-0.249853318683153,range_phase_disagreement_rtt_only,1,0.774366668163609,0,1,17.249970980476,1,unique_pbr_conflict_candidate_experimental
uniform_32MHz,strong_phase_drift,3,15,2,20271019,0.4,60,0,0.45,7.48752933517138,2.73862728843979,7.48752933517138,2.73862728843979,4.48752933517138,-0.26137271156021,4.48752933517138,-0.26137271156021,range_phase_disagreement_rtt_only,1,0.773527777335078,0,1,17.1360394293878,1,unique_pbr_conflict_candidate_experimental
uniform_32MHz,strong_phase_drift,3,15,3,20271019,0.4,60,0,0.45,7.4368862470318,2.7427832085831,7.4368862470318,2.7427832085831,4.4368862470318,-0.257216791416897,4.4368862470318,-0.257216791416897,range_phase_disagreement_rtt_only,1,0.778692359869935,0,1,16.9507652168688,1,unique_pbr_conflict_candidate_experimental
uniform_32MHz,strong_phase_drift,3,15,4,20271019,0.4,60,0,0.45,7.6276915716589,2.75697555960143,7.6276915716589,2.75697555960143,4.6276915716589,-0.243024440398566,4.6276915716589,-0.243024440398566,range_phase_disagreement_rtt_only,1,0.779944897931657,0,1,17.6019724177933,1,unique_pbr_conflict_candidate_experimental
uniform_32MHz,strong_phase_drift,3,15,5,20271019,0.4,60,0,0.45,7.49589790918739,2.74459038077101,7.49589790918739,2.74459038077101,4.49589790918739,-0.255409619228991,4.49589790918739,-0.255409619228991,range_phase_disagreement_rtt_only,1,0.777821091677094,0,1,17.2216901504763,1,unique_pbr_conflict_candidate_experimental
uniform_32MHz,strong_phase_drift,3,15,6,20271019,0.4,60,0,0.45,7.31696038559695,2.7318441948374,7.31696038559695,2.7318441948374,4.31696038559695,-0.268155805162596,4.31696038559695,-0.268155805162596,range_phase_disagreement_rtt_only,1,0.774597069662282,0,1,16.5827896690617,1,unique_pbr_conflict_candidate_experimental
uniform_32MHz,strong_phase_drift,3,15,7,20271019,0.4,60,0,0.45,7.60655545188461,2.73558155522135,7.60655545188461,2.73558155522135,4.60655545188461,-0.264418444778655,4.60655545188461,-0.264418444778655,range_phase_disagreement_rtt_only,1,0.778288638728668,0,1,17.6389159182987,1,unique_pbr_conflict_candidate_experimental
uniform_32MHz,strong_phase_drift,3,15,8,20271019,0.4,60,0,0.45,7.43970789140015,2.73941707526045,7.43970789140015,2.73941707526045,4.43970789140015,-0.260582924739551,4.43970789140015,-0.260582924739551,range_phase_disagreement_rtt_only,1,0.77277815491373,0,1,16.973461582216,1,unique_pbr_conflict_candidate_experimental
uniform_32MHz,strong_phase_drift,3,15,9,20271019,0.4,60,0,0.45,7.34153023594217,2.77167016723678,7.34153023594217,2.77167016723678,4.34153023594217,-0.228329832763218,4.34153023594217,-0.228329832763218,range_phase_disagreement_rtt_only,1,0.775548609913753,0,1,16.5121319428532,1,unique_pbr_conflict_candidate_experimental
uniform_32MHz,strong_phase_drift,3,15,10,20271019,0.4,60,0,0.45,7.39325674206855,2.74897087610191,7.39325674206855,2.74897087610191,4.39325674206855,-0.25102912389809,4.39325674206855,-0.25102912389809,range_phase_disagreement_rtt_only,1,0.778479172332806,0,1,16.8016692867369,1,unique_pbr_conflict_candidate_experimental
uniform_32MHz,strong_phase_drift,3,15,11,20271019,0.4,60,0,0.45,7.37147228664493,2.74290327450155,7.37147228664493,2.74290327450155,4.37147228664493,-0.257096725498454,4.37147228664493,-0.257096725498454,range_phase_disagreement_rtt_only,1,0.77768967726143,0,1,16.7890433811137,1,unique_pbr_conflict_candidate_experimental
uniform_32MHz,strong_phase_drift,3,15,12,20271019,0.4,60,0,0.45,7.55805572470863,2.74134374332249,7.55805572470863,2.74134374332249,4.55805572470863,-0.258656256677508,4.55805572470863,-0.258656256677508,range_phase_disagreement_rtt_only,1,0.77647434918772,0,1,17.3801275645967,1,unique_pbr_conflict_candidate_experimental
uniform_32MHz,strong_phase_drift,3,15,13,20271019,0.4,60,0,0.45,7.58714265209562,2.73413814160827,7.58714265209562,2.73413814160827,4.58714265209562,-0.265861858391731,4.58714265209562,-0.265861858391731,range_phase_disagreement_rtt_only,1,0.776330294861566,0,1,17.5680485146965,1,unique_pbr_conflict_candidate_experimental
uniform_32MHz,strong_phase_drift,3,15,14,20271019,0.4,60,0,0.45,7.21927946234477,2.75100513944124,7.21927946234477,2.75100513944124,4.21927946234477,-0.248994860558764,4.21927946234477,-0.248994860558764,range_phase_disagreement_rtt_only,1,0.779498643847294,0,1,16.1544098429021,1,unique_pbr_conflict_candidate_experimental
uniform_32MHz,strong_phase_drift,3,15,15,20271019,0.4,60,0,0.45,7.4080563760142,2.74357843976155,7.4080563760142,2.74357843976155,4.4080563760142,-0.256421560238452,4.4080563760142,-0.256421560238452,range_phase_disagreement_rtt_only,1,0.774720954281438,0,1,16.8551711991062,1,unique_pbr_conflict_candidate_experimental
uniform_32MHz,strong_phase_drift,3,15,16,20271019,0.4,60,0,0.45,7.38532018823743,2.74545205172029,7.38532018823743,2.74545205172029,4.38532018823743,-0.254547948279709,4.38532018823743,-0.254547948279709,range_phase_disagreement_rtt_only,1,0.775383546943155,0,1,16.792276744489,1,unique_pbr_conflict_candidate_experimental
uniform_32MHz,strong_phase_drift,3,15,17,20271019,0.4,60,0,0.45,7.35069415939756,2.74925414126374,7.35069415939756,2.74925414126374,4.35069415939756,-0.250745858736264,4.35069415939756,-0.250745858736264,range_phase_disagreement_rtt_only,1,0.777075024095186,0,1,16.6081739067114,1,unique_pbr_conflict_candidate_experimental
uniform_32MHz,strong_phase_drift,3,15,18,20271019,0.4,60,0,0.45,7.48029335651155,2.73833972154325,7.48029335651155,2.73833972154325,4.48029335651155,-0.261660278456754,4.48029335651155,-0.261660278456754,range_phase_disagreement_rtt_only,1,0.777976105611289,0,1,17.1124705669191,1,unique_pbr_conflict_candidate_experimental
uniform_32MHz,strong_phase_drift,3,15,19,20271019,0.4,60,0,0.45,7.53190860932728,2.75783526805607,7.53190860932728,2.75783526805607,4.53190860932728,-0.242164731943927,4.53190860932728,-0.242164731943927,range_phase_disagreement_rtt_only,1,0.777661315105953,0,1,17.274469226266,1,unique_pbr_conflict_candidate_experimental
uniform_32MHz,strong_phase_drift,3,15,20,20271019,0.4,60,0,0.45,7.36622331525564,2.76388110436904,7.36622331525564,2.76388110436904,4.36622331525564,-0.236118895630963,4.36622331525564,-0.236118895630963,range_phase_disagreement_rtt_only,1,0.771462247682267,0,1,16.6399696789766,1,unique_pbr_conflict_candidate_experimental
uniform_32MHz,strong_phase_drift,15,15,1,20271019,0.4,60,0,0.45,19.4948821633518,14.7554191270901,19.4948821633518,14.7554191270901,4.49488216335179,-0.244580872909902,4.49488216335179,-0.244580872909902,range_phase_disagreement_rtt_only,1,0.776745366590882,0,1,17.1139649404359,1,unique_pbr_conflict_candidate_experimental
uniform_32MHz,strong_phase_drift,15,15,2,20271019,0.4,60,0,0.45,19.6082606724884,14.729745718059,19.6082606724884,14.729745718059,4.60826067248844,-0.270254281940982,4.60826067248844,-0.270254281940982,range_phase_disagreement_rtt_only,1,0.77536915557972,0,1,17.65839091648,1,unique_pbr_conflict_candidate_experimental
uniform_32MHz,strong_phase_drift,15,15,3,20271019,0.4,60,0,0.45,19.3698420582287,14.7519400995291,19.3698420582287,14.7519400995291,4.36984205822872,-0.24805990047091,4.36984205822872,-0.24805990047091,range_phase_disagreement_rtt_only,1,0.772906216550245,0,1,16.7020889353143,1,unique_pbr_conflict_candidate_experimental
uniform_32MHz,strong_phase_drift,15,15,4,20271019,0.4,60,0,0.45,19.5967083788696,14.7401587082075,19.5967083788696,14.7401587082075,4.59670837886958,-0.259841291792531,4.59670837886958,-0.259841291792531,range_phase_disagreement_rtt_only,1,0.776777226873578,0,1,17.5444850863184,1,unique_pbr_conflict_candidate_experimental
uniform_32MHz,strong_phase_drift,15,15,5,20271019,0.4,60,0,0.45,19.3238432967311,14.7361001095575,19.3238432967311,14.7361001095575,4.32384329673105,-0.263899890442467,4.32384329673105,-0.263899890442467,range_phase_disagreement_rtt_only,1,0.773876168235643,0,1,16.5911929840838,1,unique_pbr_conflict_candidate_experimental
uniform_32MHz,strong_phase_drift,15,15,6,20271019,0.4,60,0,0.45,19.5348117331656,14.7396150934618,19.5348117331656,14.7396150934618,4.53481173316555,-0.260384906538151,4.53481173316555,-0.260384906538151,range_phase_disagreement_rtt_only,1,0.775241477076643,0,1,17.3639817031902,1,unique_pbr_conflict_candidate_experimental
uniform_32MHz,strong_phase_drift,15,15,7,20271019,0.4,60,0,0.45,19.4705270586383,14.7479064173061,19.4705270586383,14.7479064173061,4.47052705863829,-0.252093582693879,4.47052705863829,-0.252093582693879,range_phase_disagreement_rtt_only,1,0.776806182066164,0,1,17.1085197343534,1,unique_pbr_conflict_candidate_experimental
uniform_32MHz,strong_phase_drift,15,15,8,20271019,0.4,60,0,0.45,19.4266254631989,14.7516865303548,19.4266254631989,14.7516865303548,4.42662546319885,-0.248313469645211,4.42662546319885,-0.248313469645211,range_phase_disagreement_rtt_only,1,0.775673145714563,0,1,16.9254175923962,1,unique_pbr_conflict_candidate_experimental
uniform_32MHz,strong_phase_drift,15,15,9,20271019,0.4,60,0,0.45,19.4083480752831,14.7512012232122,19.4083480752831,14.7512012232122,4.4083480752831,-0.248798776787789,4.4083480752831,-0.248798776787789,range_phase_disagreement_rtt_only,1,0.778747056309125,0,1,16.8506312786554,1,unique_pbr_conflict_candidate_experimental
uniform_32MHz,strong_phase_drift,15,15,10,20271019,0.4,60,0,0.45,19.5088142487368,14.7618637847582,19.5088142487368,14.7618637847582,4.5088142487368,-0.238136215241846,4.5088142487368,-0.238136215241846,range_phase_disagreement_rtt_only,1,0.779259851747395,0,1,17.1578088627022,1,unique_pbr_conflict_candidate_experimental
uniform_32MHz,strong_phase_drift,15,15,11,20271019,0.4,60,0,0.45,19.2851502834787,14.7536394954743,19.2851502834787,14.7536394954743,4.28515028347875,-0.246360504525686,4.28515028347875,-0.246360504525686,range_phase_disagreement_rtt_only,1,0.778168072086562,0,1,16.3837349791792,1,unique_pbr_conflict_candidate_experimental
uniform_32MHz,strong_phase_drift,15,15,12,20271019,0.4,60,0,0.45,19.5602710247247,14.7475826508811,19.5602710247247,14.7475826508811,4.56027102472467,-0.252417349118907,4.56027102472467,-0.252417349118907,range_phase_disagreement_rtt_only,1,0.775359707582125,0,1,17.4208741341741,1,unique_pbr_conflict_candidate_experimental
uniform_32MHz,strong_phase_drift,15,15,13,20271019,0.4,60,0,0.45,19.6293422676631,14.733739718525,19.6293422676631,14.733739718525,4.62934226766307,-0.266260281475043,4.62934226766307,-0.266260281475043,range_phase_disagreement_rtt_only,1,0.775621543030501,0,1,17.6721648148781,1,unique_pbr_conflict_candidate_experimental
uniform_32MHz,strong_phase_drift,15,15,14,20271019,0.4,60,0,0.45,19.4035572353695,14.7454180551021,19.4035572353695,14.7454180551021,4.40355723536945,-0.254581944897939,4.40355723536945,-0.254581944897939,range_phase_disagreement_rtt_only,1,0.777165855886248,0,1,16.8065914115913,1,unique_pbr_conflict_candidate_experimental
uniform_32MHz,strong_phase_drift,15,15,15,20271019,0.4,60,0,0.45,19.6527174244398,14.7653492166802,19.6527174244398,14.7653492166802,4.65271742443979,-0.234650783319825,4.65271742443979,-0.234650783319825,range_phase_disagreement_rtt_only,1,0.772054625844164,0,1,17.6727306299627,1,unique_pbr_conflict_candidate_experimental
uniform_32MHz,strong_phase_drift,15,15,16,20271019,0.4,60,0,0.45,19.4824555421742,14.7521714483527,19.4824555421742,14.7521714483527,4.48245554217425,-0.247828551647329,4.48245554217425,-0.247828551647329,range_phase_disagreement_rtt_only,1,0.774609579387212,0,1,17.0874716818741,1,unique_pbr_conflict_candidate_experimental
uniform_32MHz,strong_phase_drift,15,15,17,20271019,0.4,60,0,0.45,19.2091629769359,14.7528624981217,19.2091629769359,14.7528624981217,4.20916297693589,-0.247137501878282,4.20916297693589,-0.247137501878282,range_phase_disagreement_rtt_only,1,0.776696096208764,0,1,16.1472084991861,1,unique_pbr_conflict_candidate_experimental
uniform_32MHz,strong_phase_drift,15,15,18,20271019,0.4,60,0,0.45,19.5037260549848,14.742364410467,19.5037260549848,14.742364410467,4.50372605498479,-0.257635589532967,4.50372605498479,-0.257635589532967,range_phase_disagreement_rtt_only,1,0.775589018855471,0,1,17.2082596995425,1,unique_pbr_conflict_candidate_experimental
uniform_32MHz,strong_phase_drift,15,15,19,20271019,0.4,60,0,0.45,19.4842566130641,14.7348442020732,19.4842566130641,14.7348442020732,4.48425661306414,-0.265155797926758,4.48425661306414,-0.265155797926758,range_phase_disagreement_rtt_only,1,0.776637355311088,0,1,17.2054855457783,1,unique_pbr_conflict_candidate_experimental
uniform_32MHz,strong_phase_drift,15,15,20,20271019,0.4,60,0,0.45,19.5102292174351,14.7355308314796,19.5102292174351,14.7355308314796,4.51022921743509,-0.264469168520401,4.51022921743509,-0.264469168520401,range_phase_disagreement_rtt_only,1,0.778656829390046,0,1,17.2679876246981,1,unique_pbr_conflict_candidate_experimental
uniform_32MHz,strong_phase_drift,3,30,1,20271019,0.4,60,0,0.45,7.41046239504388,2.7332075748748,7.41046239504388,2.7332075748748,4.41046239504388,-0.266792425125196,4.41046239504388,-0.266792425125196,range_phase_disagreement_rtt_only,1,0.766390736180931,0,1,18.4086643609864,1,unique_pbr_conflict_candidate_experimental
uniform_32MHz,strong_phase_drift,3,30,2,20271019,0.4,60,0,0.45,7.41533701974036,2.73092218988513,7.41533701974036,2.73092218988513,4.41533701974036,-0.26907781011487,4.41533701974036,-0.26907781011487,range_phase_disagreement_rtt_only,1,0.768033325045559,0,1,18.4358857002483,1,unique_pbr_conflict_candidate_experimental
uniform_32MHz,strong_phase_drift,3,30,3,20271019,0.4,60,0,0.45,7.4124934648743,2.73251374735828,7.4124934648743,2.73251374735828,4.4124934648743,-0.267486252641723,4.4124934648743,-0.267486252641723,range_phase_disagreement_rtt_only,1,0.768385299123273,0,1,18.4223464816273,1,unique_pbr_conflict_candidate_experimental
uniform_32MHz,strong_phase_drift,3,30,4,20271019,0.4,60,0,0.45,7.44412794952048,2.74140541243925,7.44412794952048,2.74140541243925,4.44412794952048,-0.258594587560746,4.44412794952048,-0.258594587560746,range_phase_disagreement_rtt_only,1,0.767865137244761,0,1,18.5126920651158,1,unique_pbr_conflict_candidate_experimental
uniform_32MHz,strong_phase_drift,3,30,5,20271019,0.4,60,0,0.45,7.40399935759053,2.70850453792925,7.40399935759053,2.70850453792925,4.40399935759053,-0.291495462070753,4.40399935759053,-0.291495462070753,range_phase_disagreement_rtt_only,1,0.768802991544574,0,1,18.4835284210585,1,unique_pbr_conflict_candidate_experimental
uniform_32MHz,strong_phase_drift,3,30,6,20271019,0.4,60,0,0.45,7.43204348858928,2.7267516331262,7.43204348858928,2.7267516331262,4.43204348858928,-0.273248366873797,4.43204348858928,-0.273248366873797,range_phase_disagreement_rtt_only,1,0.771489054702864,0,1,18.5265953753332,1,unique_pbr_conflict_candidate_experimental
uniform_32MHz,strong_phase_drift,3,30,7,20271019,0.4,60,0,0.45,7.39053351926433,2.74015779325154,7.39053351926433,2.74015779325154,4.39053351926433,-0.259842206748457,4.39053351926433,-0.259842206748457,range_phase_disagreement_rtt_only,1,0.769613914562581,0,1,18.3059192580976,1,unique_pbr_conflict_candidate_experimental
uniform_32MHz,strong_phase_drift,3,30,8,20271019,0.4,60,0,0.45,7.42448982123206,2.73901735536799,7.42448982123206,2.73901735536799,4.42448982123206,-0.260982644632011,4.42448982123206,-0.260982644632011,range_phase_disagreement_rtt_only,1,0.768484620422424,0,1,18.4464955228314,1,unique_pbr_conflict_candidate_experimental
uniform_32MHz,strong_phase_drift,3,30,9,20271019,0.4,60,0,0.45,7.39091234686591,2.73631690579967,7.39091234686591,2.73631690579967,4.39091234686591,-0.263683094200331,4.39091234686591,-0.263683094200331,range_phase_disagreement_rtt_only,1,0.768803876655665,0,1,18.3223006016765,1,unique_pbr_conflict_candidate_experimental
uniform_32MHz,strong_phase_drift,3,30,10,20271019,0.4,60,0,0.45,7.45787234216838,2.7356714375368,7.45787234216838,2.7356714375368,4.45787234216838,-0.264328562463202,4.45787234216838,-0.264328562463202,range_phase_disagreement_rtt_only,1,0.769594527232167,0,1,18.5919480669298,1,unique_pbr_conflict_candidate_experimental
uniform_32MHz,strong_phase_drift,3,30,11,20271019,0.4,60,0,0.45,7.43373502815855,2.73178083165739,7.43373502815855,2.73178083165739,4.43373502815855,-0.268219168342614,4.43373502815855,-0.268219168342614,range_phase_disagreement_rtt_only,1,0.772032754271252,0,1,18.5129682277066,1,unique_pbr_conflict_candidate_experimental
uniform_32MHz,strong_phase_drift,3,30,12,20271019,0.4,60,0,0.45,7.44261946419416,2.73722373858908,7.44261946419416,2.73722373858908,4.44261946419416,-0.262776261410916,4.44261946419416,-0.262776261410916,range_phase_disagreement_rtt_only,1,0.771064704084122,0,1,18.5243549261558,1,unique_pbr_conflict_candidate_experimental
uniform_32MHz,strong_phase_drift,3,30,13,20271019,0.4,60,0,0.45,7.42131319088391,2.72540194249608,7.42131319088391,2.72540194249608,4.42131319088391,-0.274598057503915,4.42131319088391,-0.274598057503915,range_phase_disagreement_rtt_only,1,0.767935955044959,0,1,18.4883753891258,1,unique_pbr_conflict_candidate_experimental
uniform_32MHz,strong_phase_drift,3,30,14,20271019,0.4,60,0,0.45,7.41605587491166,2.71816423401674,7.41605587491166,2.71816423401674,4.41605587491166,-0.281835765983257,4.41605587491166,-0.281835765983257,range_phase_disagreement_rtt_only,1,0.767390109186062,0,1,18.4937106920651,1,unique_pbr_conflict_candidate_experimental
uniform_32MHz,strong_phase_drift,3,30,15,20271019,0.4,60,0,0.45,7.38342306082614,2.73057982560509,7.38342306082614,2.73057982560509,4.38342306082614,-0.269420174394909,4.38342306082614,-0.269420174394909,range_phase_disagreement_rtt_only,1,0.768818286573249,0,1,18.3166891871828,1,unique_pbr_conflict_candidate_experimental
uniform_32MHz,strong_phase_drift,3,30,16,20271019,0.4,60,0,0.45,7.42988229020232,2.72473624411459,7.42988229020232,2.72473624411459,4.42988229020232,-0.275263755885412,4.42988229020232,-0.275263755885412,range_phase_disagreement_rtt_only,1,0.770782730518868,0,1,18.5216972320824,1,unique_pbr_conflict_candidate_experimental
uniform_32MHz,strong_phase_drift,3,30,17,20271019,0.4,60,0,0.45,7.40483174153116,2.72272550002843,7.40483174153116,2.72272550002843,4.40483174153116,-0.277274499971571,4.40483174153116,-0.277274499971571,range_phase_disagreement_rtt_only,1,0.768103611626073,0,1,18.4355723443696,1,unique_pbr_conflict_candidate_experimental
uniform_32MHz,strong_phase_drift,3,30,18,20271019,0.4,60,0,0.45,7.40391335687727,2.72954803783918,7.40391335687727,2.72954803783918,4.40391335687727,-0.270451962160825,4.40391335687727,-0.270451962160825,range_phase_disagreement_rtt_only,1,0.769238534075402,0,1,18.401874870987,1,unique_pbr_conflict_candidate_experimental
uniform_32MHz,strong_phase_drift,3,30,19,20271019,0.4,60,0,0.45,7.43163619305859,2.71641476199729,7.43163619305859,2.71641476199729,4.43163619305859,-0.283585238002705,4.43163619305859,-0.283585238002705,range_phase_disagreement_rtt_only,1,0.768454009538973,0,1,18.5651705935775,1,unique_pbr_conflict_candidate_experimental
uniform_32MHz,strong_phase_drift,3,30,20,20271019,0.4,60,0,0.45,7.39519827270974,2.73501137349835,7.39519827270974,2.73501137349835,4.39519827270974,-0.264988626501649,4.39519827270974,-0.264988626501649,range_phase_disagreement_rtt_only,1,0.768237190711385,0,1,18.344310659293,1,unique_pbr_conflict_candidate_experimental
uniform_32MHz,strong_phase_drift,15,30,1,20271019,0.4,60,0,0.45,19.4158289827352,14.7272295918222,19.4158289827352,14.7272295918222,4.41582898273517,-0.272770408177779,4.41582898273517,-0.272770408177779,range_phase_disagreement_rtt_only,1,0.767925120823067,0,1,18.4575423744324,1,unique_pbr_conflict_candidate_experimental
uniform_32MHz,strong_phase_drift,15,30,2,20271019,0.4,60,0,0.45,19.421609681044,14.7201489833176,19.421609681044,14.7201489833176,4.42160968104398,-0.279851016682374,4.42160968104398,-0.279851016682374,range_phase_disagreement_rtt_only,1,0.769584366344131,0,1,18.5074006081952,1,unique_pbr_conflict_candidate_experimental
uniform_32MHz,strong_phase_drift,15,30,3,20271019,0.4,60,0,0.45,19.4579967388193,14.7277031569296,19.4579967388193,14.7277031569296,4.45799673881934,-0.272296843070363,4.45799673881934,-0.272296843070363,range_phase_disagreement_rtt_only,1,0.771392346445064,0,1,18.6282484258622,1,unique_pbr_conflict_candidate_experimental
uniform_32MHz,strong_phase_drift,15,30,4,20271019,0.4,60,0,0.45,19.443115066036,14.7314545412966,19.443115066036,14.7314545412966,4.44311506603603,-0.268545458703437,4.44311506603603,-0.268545458703437,range_phase_disagreement_rtt_only,1,0.771724576471579,0,1,18.5479950147586,1,unique_pbr_conflict_candidate_experimental
uniform_32MHz,strong_phase_drift,15,30,5,20271019,0.4,60,0,0.45,19.4135777824402,14.7215517297705,19.4135777824402,14.7215517297705,4.41357778244019,-0.27844827022947,4.41357778244019,-0.27844827022947,range_phase_disagreement_rtt_only,1,0.767633312545762,0,1,18.4735602917645,1,unique_pbr_conflict_candidate_experimental
uniform_32MHz,strong_phase_drift,15,30,6,20271019,0.4,60,0,0.45,19.410336502155,14.7348981871178,19.410336502155,14.7348981871178,4.41033650215498,-0.26510181288217,4.41033650215498,-0.26510181288217,range_phase_disagreement_rtt_only,1,0.770606414493678,0,1,18.412396698125,1,unique_pbr_conflict_candidate_experimental
uniform_32MHz,strong_phase_drift,15,30,7,20271019,0.4,60,0,0.45,19.4312007498912,14.727335621965,19.4312007498912,14.727335621965,4.43120074989124,-0.272664378035039,4.43120074989124,-0.272664378035039,range_phase_disagreement_rtt_only,1,0.771481466161726,0,1,18.5148598887003,1,unique_pbr_conflict_candidate_experimental
uniform_32MHz,strong_phase_drift,15,30,8,20271019,0.4,60,0,0.45,19.4026908926403,14.7211012699006,19.4026908926403,14.7211012699006,4.40269089264031,-0.278898730099362,4.40269089264031,-0.278898730099362,range_phase_disagreement_rtt_only,1,0.768103619592453,0,1,18.4329522969073,1,unique_pbr_conflict_candidate_experimental
uniform_32MHz,strong_phase_drift,15,30,9,20271019,0.4,60,0,0.45,19.4195771166632,14.7290913434559,19.4195771166632,14.7290913434559,4.41957711666316,-0.270908656544071,4.41957711666316,-0.270908656544071,range_phase_disagreement_rtt_only,1,0.769181106491423,0,1,18.4651500345365,1,unique_pbr_conflict_candidate_experimental
uniform_32MHz,strong_phase_drift,15,30,10,20271019,0.4,60,0,0.45,19.4427278273086,14.7255194671803,19.4427278273086,14.7255194671803,4.44272782730858,-0.274480532819714,4.44272782730858,-0.274480532819714,range_phase_disagreement_rtt_only,1,0.768325558824617,0,1,18.5718066339856,1,unique_pbr_conflict_candidate_experimental
uniform_32MHz,strong_phase_drift,15,30,11,20271019,0.4,60,0,0.45,19.4305116912505,14.7302909651106,19.4305116912505,14.7302909651106,4.4305116912505,-0.269709034889386,4.4305116912505,-0.269709034889386,range_phase_disagreement_rtt_only,1,0.769822000464694,0,1,18.501775349366,1,unique_pbr_conflict_candidate_experimental
uniform_32MHz,strong_phase_drift,15,30,12,20271019,0.4,60,0,0.45,19.4455923828529,14.7284226154316,19.4455923828529,14.7284226154316,4.44559238285292,-0.27157738456836,4.44559238285292,-0.27157738456836,range_phase_disagreement_rtt_only,1,0.76605548574557,0,1,18.5694342935684,1,unique_pbr_conflict_candidate_experimental
uniform_32MHz,strong_phase_drift,15,30,13,20271019,0.4,60,0,0.45,19.4170809781439,14.7229331531015,19.4170809781439,14.7229331531015,4.4170809781439,-0.277066846898462,4.4170809781439,-0.277066846898462,range_phase_disagreement_rtt_only,1,0.770493279355385,0,1,18.4767706497385,1,unique_pbr_conflict_candidate_experimental
uniform_32MHz,strong_phase_drift,15,30,14,20271019,0.4,60,0,0.45,19.4315005766149,14.7329335247804,19.4315005766149,14.7329335247804,4.43150057661493,-0.267066475219586,4.43150057661493,-0.267066475219586,range_phase_disagreement_rtt_only,1,0.770826441283799,0,1,18.4978360726361,1,unique_pbr_conflict_candidate_experimental
uniform_32MHz,strong_phase_drift,15,30,15,20271019,0.4,60,0,0.45,19.4025205670102,14.7320358770763,19.4025205670102,14.7320358770763,4.40252056701016,-0.267964122923741,4.40252056701016,-0.267964122923741,range_phase_disagreement_rtt_only,1,0.768342714803993,0,1,18.3846526924276,1,unique_pbr_conflict_candidate_experimental
uniform_32MHz,strong_phase_drift,15,30,16,20271019,0.4,60,0,0.45,19.4175866944118,14.7337918947525,19.4175866944118,14.7337918947525,4.41758669441182,-0.266208105247509,4.41758669441182,-0.266208105247509,range_phase_disagreement_rtt_only,1,0.769728761884431,0,1,18.4378865849036,1,unique_pbr_conflict_candidate_experimental
uniform_32MHz,strong_phase_drift,15,30,17,20271019,0.4,60,0,0.45,19.415532579362,14.7309852259578,19.415532579362,14.7309852259578,4.41553257936195,-0.269014774042166,4.41553257936195,-0.269014774042166,range_phase_disagreement_rtt_only,1,0.767926510690421,0,1,18.4397983575846,1,unique_pbr_conflict_candidate_experimental
uniform_32MHz,strong_phase_drift,15,30,18,20271019,0.4,60,0,0.45,19.4168083507413,14.7322197405447,19.4168083507413,14.7322197405447,4.41680835074134,-0.267780259455314,4.41680835074134,-0.267780259455314,range_phase_disagreement_rtt_only,1,0.771338478388106,0,1,18.4447354684788,1,unique_pbr_conflict_candidate_experimental
uniform_32MHz,strong_phase_drift,15,30,19,20271019,0.4,60,0,0.45,19.4214109169269,14.7318854211659,19.4214109169269,14.7318854211659,4.42141091692686,-0.26811457883408,4.42141091692686,-0.26811457883408,range_phase_disagreement_rtt_only,1,0.771198372761884,0,1,18.456918548273,1,unique_pbr_conflict_candidate_experimental
uniform_32MHz,strong_phase_drift,15,30,20,20271019,0.4,60,0,0.45,19.4215884386448,14.7112050382453,19.4215884386448,14.7112050382453,4.42158843864483,-0.288794961754668,4.42158843864483,-0.288794961754668,range_phase_disagreement_rtt_only,1,0.770057882221609,0,1,18.5397538852597,1,unique_pbr_conflict_candidate_experimental
uniform_32MHz,light_delay_drift,3,0,1,20271019,0.25,25,16,0,5.75723756585474,5.19226245169008,5.19438378819803,5.19438378819803,2.75723756585474,2.19226245169008,2.19438378819803,2.19438378819803,single_alias_soft_fusion,1,0.943425274565473,0,1,0.464652850948952,0,no_eligible_disagreement
uniform_32MHz,light_delay_drift,3,0,2,20271019,0.25,25,16,0,5.48126772119472,5.24036693587858,5.24128992485934,5.24128992485934,2.48126772119472,2.24036693587858,2.24128992485934,2.24128992485934,single_alias_soft_fusion,1,0.94481920553641,0,1,0.199516608675852,0,no_eligible_disagreement
uniform_32MHz,light_delay_drift,3,0,3,20271019,0.25,25,16,0,6.02955015256842,5.18434316448728,5.18751547770452,5.18751547770452,3.02955015256842,2.18434316448728,2.18751547770452,2.18751547770452,single_alias_soft_fusion,1,0.953990524141185,0,1,0.699352453356158,0,no_eligible_disagreement
uniform_32MHz,light_delay_drift,3,0,4,20271019,0.25,25,16,0,5.9391833599726,5.24024005560053,5.24294094239288,5.24294094239288,2.9391833599726,2.24024005560053,2.24294094239288,2.24294094239288,single_alias_soft_fusion,1,0.950987795890019,0,1,0.58568095641548,0,no_eligible_disagreement
uniform_32MHz,light_delay_drift,3,0,5,20271019,0.25,25,16,0,6.63574957684396,5.19860476309731,5.20416338198804,5.20416338198804,3.63574957684396,2.19860476309731,2.20416338198804,2.20416338198804,single_alias_soft_fusion,1,0.947936831528776,0,1,1.19277474581482,0,no_eligible_disagreement
uniform_32MHz,light_delay_drift,3,0,6,20271019,0.25,25,16,0,5.84329178643326,5.07171693474207,5.07472266993525,5.07472266993525,2.84329178643326,2.07171693474207,2.07472266993525,2.07472266993525,single_alias_soft_fusion,1,0.951962301124355,0,1,0.644049350079166,0,no_eligible_disagreement
uniform_32MHz,light_delay_drift,3,0,7,20271019,0.25,25,16,0,6.66313267166365,5.16670993296166,5.17243061646346,5.17243061646346,3.66313267166365,2.16670993296166,2.17243061646346,2.17243061646346,single_alias_soft_fusion,1,0.95111658678275,0,1,1.24871547436241,0,no_eligible_disagreement
uniform_32MHz,light_delay_drift,3,0,8,20271019,0.25,25,16,0,6.1527765415523,5.15884761911723,5.16272066381004,5.16272066381004,3.1527765415523,2.15884761911723,2.16272066381004,2.16272066381004,single_alias_soft_fusion,1,0.944372017579578,0,1,0.822212212242243,0,no_eligible_disagreement
uniform_32MHz,light_delay_drift,3,0,9,20271019,0.25,25,16,0,7.00995395749302,5.11042593351187,5.11788404287379,5.11788404287379,4.00995395749302,2.11042593351187,2.11788404287379,2.11788404287379,single_alias_soft_fusion,1,0.939025945981372,0,1,1.57747598680913,0,no_eligible_disagreement
uniform_32MHz,light_delay_drift,3,0,10,20271019,0.25,25,16,0,7.42122929492831,5.30829758917179,5.31636774962113,5.31636774962113,4.42122929492831,2.30829758917179,2.31636774962113,2.31636774962113,single_alias_soft_fusion,1,0.95309827935404,0,1,1.75846727477113,0,no_eligible_disagreement
uniform_32MHz,light_delay_drift,3,0,11,20271019,0.25,25,16,0,6.6040728036641,5.25286602699153,5.25808734350428,5.25808734350428,3.6040728036641,2.25286602699153,2.25808734350428,2.25808734350428,single_alias_soft_fusion,1,0.956167663789985,0,1,1.1270971681865,0,no_eligible_disagreement
uniform_32MHz,light_delay_drift,3,0,12,20271019,0.25,25,16,0,6.59052184853874,5.29631045604889,5.30151725234209,5.30151725234209,3.59052184853874,2.29631045604889,2.30151725234209,2.30151725234209,single_alias_soft_fusion,1,0.947032438738874,0,1,1.08539589153023,0,no_eligible_disagreement
uniform_32MHz,light_delay_drift,3,0,13,20271019,0.25,25,16,0,5.98425831000923,5.13737037264464,5.14065771806489,5.14065771806489,2.98425831000923,2.13737037264464,2.14065771806489,2.14065771806489,single_alias_soft_fusion,1,0.959705681746958,0,1,0.705793038898475,0,no_eligible_disagreement
uniform_32MHz,light_delay_drift,3,0,14,20271019,0.25,25,16,0,6.91503102812216,5.11178940355055,5.11874498728229,5.11874498728229,3.91503102812216,2.11178940355055,2.11874498728229,2.11874498728229,single_alias_soft_fusion,1,0.944918998955841,0,1,1.5098927179188,0,no_eligible_disagreement
uniform_32MHz,light_delay_drift,3,0,15,20271019,0.25,25,16,0,6.34499157561221,5.09486328862815,5.09984308498617,5.09984308498617,3.34499157561221,2.09486328862815,2.09984308498617,2.09984308498617,single_alias_soft_fusion,1,0.946439844458523,0,1,1.04745069837285,0,no_eligible_disagreement
uniform_32MHz,light_delay_drift,3,0,16,20271019,0.25,25,16,0,6.68937757235586,5.29351272668453,5.29899365653851,5.29899365653851,3.68937757235586,2.29351272668453,2.29899365653851,2.29899365653851,single_alias_soft_fusion,1,0.949959777946238,0,1,1.15463976780645,0,no_eligible_disagreement
uniform_32MHz,light_delay_drift,3,0,17,20271019,0.25,25,16,0,5.63020616517662,5.17102837705823,5.17281231217739,5.17281231217739,2.63020616517662,2.17102837705823,2.17281231217739,2.17281231217739,single_alias_soft_fusion,1,0.947159981408257,0,1,0.383496803813812,0,no_eligible_disagreement
uniform_32MHz,light_delay_drift,3,0,18,20271019,0.25,25,16,0,6.55697797457486,5.13468722274222,5.1401232166494,5.1401232166494,3.55697797457486,2.13468722274222,2.1401232166494,2.1401232166494,single_alias_soft_fusion,1,0.956679207796462,0,1,1.18780351128925,0,no_eligible_disagreement
uniform_32MHz,light_delay_drift,3,0,19,20271019,0.25,25,16,0,4.95788024643684,5.14925517826696,5.14850353991163,5.14850353991163,1.95788024643684,2.14925517826696,2.14850353991163,2.14850353991163,single_alias_soft_fusion,1,0.947488405979777,0,1,0.158715419636004,0,no_eligible_disagreement
uniform_32MHz,light_delay_drift,3,0,20,20271019,0.25,25,16,0,6.06375532084044,5.21266372198881,5.21587075507667,5.21587075507667,3.06375532084044,2.21266372198881,2.21587075507667,2.21587075507667,single_alias_soft_fusion,1,0.954487373392679,0,1,0.699645262275978,0,no_eligible_disagreement
uniform_32MHz,light_delay_drift,15,0,1,20271019,0.25,25,16,0,18.148684977716,17.2001501161963,17.203810158314,17.203810158314,3.14868497771596,2.20015011619634,2.20381015831399,2.20381015831399,single_alias_soft_fusion,1,0.954562753933167,0,1,0.792008294264987,0,no_eligible_disagreement
uniform_32MHz,light_delay_drift,15,0,2,20271019,0.25,25,16,0,18.4408206940545,17.1841475779719,17.1889980640772,17.1889980640772,3.44082069405447,2.1841475779719,2.18899806407724,2.18899806407724,single_alias_soft_fusion,1,0.952808038611315,0,1,1.03767828372525,0,no_eligible_disagreement
uniform_32MHz,light_delay_drift,15,0,3,20271019,0.25,25,16,0,17.6804354362729,17.2219363036956,17.2237515035494,17.2237515035494,2.68043543627289,2.2219363036956,2.22375150354942,2.22375150354942,single_alias_soft_fusion,1,0.944448804631713,0,1,0.380558247632066,0,no_eligible_disagreement
uniform_32MHz,light_delay_drift,15,0,4,20271019,0.25,25,16,0,17.5002598133333,17.2603228537007,17.2612748250926,17.2612748250926,2.50025981333326,2.26032285370072,2.26127482509258,2.26127482509258,single_alias_soft_fusion,1,0.948981846553828,0,1,0.199811244232279,0,no_eligible_disagreement
uniform_32MHz,light_delay_drift,15,0,5,20271019,0.25,25,16,0,18.0383740383234,17.138635615632,17.1422429215187,17.1422429215187,3.03837403832344,2.138635615632,2.14224292151866,2.14224292151866,single_alias_soft_fusion,1,0.94204043364845,0,1,0.748311993116358,0,no_eligible_disagreement
uniform_32MHz,light_delay_drift,15,0,6,20271019,0.25,25,16,0,19.2509879867971,17.2426709709124,17.2502917437887,17.2502917437887,4.2509879867971,2.24267097091244,2.25029174378867,2.25029174378867,single_alias_soft_fusion,1,0.943367249996034,0,1,1.65834038561775,0,no_eligible_disagreement
uniform_32MHz,light_delay_drift,15,0,7,20271019,0.25,25,16,0,19.1957280110038,17.2362437808176,17.2438654086335,17.2438654086335,4.1957280110038,2.23624378081762,2.24386540863354,2.24386540863354,single_alias_soft_fusion,1,0.952892639673747,0,1,1.62568482593611,0,no_eligible_disagreement
uniform_32MHz,light_delay_drift,15,0,8,20271019,0.25,25,16,0,16.6546395514277,17.2099382579512,17.2078438396794,17.2078438396794,1.6546395514277,2.20993825795123,2.20784383967937,2.20784383967937,single_alias_soft_fusion,1,0.952979615831787,0,1,0.461632122246738,0,no_eligible_disagreement
uniform_32MHz,light_delay_drift,15,0,9,20271019,0.25,25,16,0,18.1422363033029,17.1680995574979,17.1718618924512,17.1718618924512,3.14223630330287,2.1680995574979,2.17186189245116,2.17186189245116,single_alias_soft_fusion,1,0.937517006453349,0,1,0.803022315824878,0,no_eligible_disagreement
uniform_32MHz,light_delay_drift,15,0,10,20271019,0.25,25,16,0,18.4039750543488,17.180423372395,17.1853048530942,17.1853048530942,3.40397505434878,2.18042337239501,2.1853048530942,2.1853048530942,single_alias_soft_fusion,1,0.953735828487352,0,1,1.02058855608604,0,no_eligible_disagreement
uniform_32MHz,light_delay_drift,15,0,11,20271019,0.25,25,16,0,18.2274551972692,17.1801779919876,17.1841718005805,17.1841718005805,3.22745519726924,2.18017799198765,2.18417180058053,2.18417180058053,single_alias_soft_fusion,1,0.950566170726322,0,1,0.866589275086318,0,no_eligible_disagreement
uniform_32MHz,light_delay_drift,15,0,12,20271019,0.25,25,16,0,19.9357772598995,17.1602460976375,17.171148119514,17.171148119514,4.93577725989952,2.16024609763751,2.17114811951398,2.17114811951398,single_alias_soft_fusion,1,0.947457700870727,0,1,2.30362651274092,0,no_eligible_disagreement
uniform_32MHz,light_delay_drift,15,0,13,20271019,0.25,25,16,0,19.0159607566391,17.1297894956809,17.1373156297263,17.1373156297263,4.01596075663907,2.12978949568095,2.13731562972629,2.13731562972629,single_alias_soft_fusion,1,0.9387911181476,0,1,1.57806561514516,0,no_eligible_disagreement
uniform_32MHz,light_delay_drift,15,0,14,20271019,0.25,25,16,0,17.9827342339244,17.2301515806638,17.2331227305575,17.2331227305575,2.98273423392445,2.23015158066379,2.23312273055746,2.23312273055746,single_alias_soft_fusion,1,0.953751977721598,0,1,0.628947546373181,0,no_eligible_disagreement
uniform_32MHz,light_delay_drift,15,0,15,20271019,0.25,25,16,0,18.8463795603076,17.2102544533789,17.2166274795585,17.2166274795585,3.8463795603076,2.21025445337889,2.21662747955845,2.21662747955845,single_alias_soft_fusion,1,0.948225044410519,0,1,1.35778583745715,0,no_eligible_disagreement
uniform_32MHz,light_delay_drift,15,0,16,20271019,0.25,25,16,0,19.5680357539828,17.1995104097193,17.208798648341,17.208798648341,4.56803575398285,2.19951040971933,2.20879864834098,2.20879864834098,single_alias_soft_fusion,1,0.959125165636549,0,1,1.97221224254038,0,no_eligible_disagreement
uniform_32MHz,light_delay_drift,15,0,17,20271019,0.25,25,16,0,17.4028702989831,17.246123889748,17.2467262327417,17.2467262327417,2.40287029898315,2.24612388974804,2.2467262327417,2.2467262327417,single_alias_soft_fusion,1,0.956821168876492,0,1,0.130349501505104,0,no_eligible_disagreement
uniform_32MHz,light_delay_drift,15,0,18,20271019,0.25,25,16,0,17.2659491612098,17.2358236793336,17.2359429171145,17.2359429171145,2.26594916120984,2.23582367933361,2.23594291711449,2.23594291711449,single_alias_soft_fusion,1,0.949337461039254,0,1,0.0247738749894123,0,no_eligible_disagreement
uniform_32MHz,light_delay_drift,15,0,19,20271019,0.25,25,16,0,19.3301764359904,17.1475419311035,17.1557873031774,17.1557873031774,4.33017643599043,2.14754193110347,2.15578730317738,2.15578730317738,single_alias_soft_fusion,1,0.955411554819836,0,1,1.80132717591594,0,no_eligible_disagreement
uniform_32MHz,light_delay_drift,15,0,20,20271019,0.25,25,16,0,17.1330791303234,17.2431677769633,17.2427289968492,17.2427289968492,2.13307913032344,2.24316777696331,2.24272899684923,2.24272899684923,single_alias_soft_fusion,1,0.948386399236155,0,1,0.0919489532684306,0,no_eligible_disagreement
uniform_32MHz,light_delay_drift,3,15,1,20271019,0.25,25,16,0,6.00645565564778,5.16318827583669,5.16699402960902,5.16699402960902,3.00645565564778,2.16318827583669,2.16699402960902,2.16699402960902,single_alias_soft_fusion,1,0.948402841870686,0,1,2.99967957891113,0,no_eligible_disagreement
uniform_32MHz,light_delay_drift,3,15,2,20271019,0.25,25,16,0,5.97085898976673,5.20212043610031,5.20560767517984,5.20560767517984,2.97085898976673,2.20212043610031,2.20560767517984,2.20560767517984,single_alias_soft_fusion,1,0.950586558786399,0,1,2.74761313283827,0,no_eligible_disagreement
uniform_32MHz,light_delay_drift,3,15,3,20271019,0.25,25,16,0,6.04778805070664,5.19139059551514,6.04778805070664,5.19139059551514,3.04778805070664,2.19139059551514,3.04778805070664,2.19139059551514,range_phase_disagreement_rtt_only,1,0.950424168803879,0,1,3.05179152264547,1,unique_pbr_conflict_candidate_experimental
uniform_32MHz,light_delay_drift,3,15,4,20271019,0.25,25,16,0,5.80815612282004,5.17395569021924,5.17682337572609,5.17682337572609,2.80815612282004,2.17395569021924,2.17682337572609,2.17682337572609,single_alias_soft_fusion,1,0.951033175487542,0,1,2.25714677787715,0,no_eligible_disagreement
uniform_32MHz,light_delay_drift,3,15,5,20271019,0.25,25,16,0,6.01438244141254,5.17878156215225,5.18257012823032,5.18257012823032,3.01438244141254,2.17878156215225,2.18257012823032,2.18257012823032,single_alias_soft_fusion,1,0.949895560161976,0,1,2.97380727463566,0,no_eligible_disagreement
uniform_32MHz,light_delay_drift,3,15,6,20271019,0.25,25,16,0,5.85954886275142,5.18577815490545,5.18880726328902,5.18880726328902,2.85954886275142,2.18577815490545,2.18880726328902,2.18880726328902,single_alias_soft_fusion,1,0.94933586698418,0,1,2.39540711932641,0,no_eligible_disagreement
uniform_32MHz,light_delay_drift,3,15,7,20271019,0.25,25,16,0,5.86359632524942,5.17326598857016,5.17637918240282,5.17637918240282,2.86359632524942,2.17326598857016,2.17637918240282,2.17637918240282,single_alias_soft_fusion,1,0.95241374988091,0,1,2.45876727657232,0,no_eligible_disagreement
uniform_32MHz,light_delay_drift,3,15,8,20271019,0.25,25,16,0,6.01519430982714,5.19768723146672,5.20139271011071,5.20139271011071,3.01519430982714,2.19768723146672,2.20139271011071,2.20139271011071,single_alias_soft_fusion,1,0.950070936795039,0,1,2.91258712711699,0,no_eligible_disagreement
uniform_32MHz,light_delay_drift,3,15,9,20271019,0.25,25,16,0,5.92772973254391,5.16853017202391,5.17195376390673,5.17195376390673,2.92772973254391,2.16853017202391,2.17195376390673,2.17195376390673,single_alias_soft_fusion,1,0.952659966405222,0,1,2.702404640233,0,no_eligible_disagreement
uniform_32MHz,light_delay_drift,3,15,10,20271019,0.25,25,16,0,5.76989502981839,5.16967823091126,5.17237340325517,5.17237340325517,2.76989502981839,2.16967823091126,2.17237340325517,2.17237340325517,single_alias_soft_fusion,1,0.949755624923731,0,1,2.13376921348958,0,no_eligible_disagreement
uniform_32MHz,light_delay_drift,3,15,11,20271019,0.25,25,16,0,5.99848552452036,5.18107581043767,5.18477795616382,5.18477795616382,2.99848552452036,2.18107581043767,2.18477795616382,2.18477795616382,single_alias_soft_fusion,1,0.950925752063617,0,1,2.91955896977255,0,no_eligible_disagreement
uniform_32MHz,light_delay_drift,3,15,12,20271019,0.25,25,16,0,5.78997463575401,5.19536600126121,5.1980636511936,5.1980636511936,2.78997463575401,2.19536600126121,2.1980636511936,2.1980636511936,single_alias_soft_fusion,1,0.950092107739248,0,1,2.11838743103887,0,no_eligible_disagreement
uniform_32MHz,light_delay_drift,3,15,13,20271019,0.25,25,16,0,5.88041914001856,5.18246179078775,5.18561565543748,5.18561565543748,2.88041914001856,2.18246179078775,2.18561565543748,2.18561565543748,single_alias_soft_fusion,1,0.95207503449391,0,1,2.4879853163296,0,no_eligible_disagreement
uniform_32MHz,light_delay_drift,3,15,14,20271019,0.25,25,16,0,6.26406008140463,5.19120126600189,6.26406008140463,5.19120126600189,3.26406008140463,2.19120126600189,3.26406008140463,2.19120126600189,range_phase_disagreement_rtt_only,1,0.951035940782885,0,1,3.81850369102959,1,unique_pbr_conflict_candidate_experimental
uniform_32MHz,light_delay_drift,3,15,15,20271019,0.25,25,16,0,5.93461943743845,5.19751815921848,5.20083575617495,5.20083575617495,2.93461943743845,2.19751815921848,2.20083575617495,2.20083575617495,single_alias_soft_fusion,1,0.951264577228259,0,1,2.62425178694766,0,no_eligible_disagreement
uniform_32MHz,light_delay_drift,3,15,16,20271019,0.25,25,16,0,5.91918308331487,5.19147054173219,5.194745157668,5.194745157668,2.91918308331487,2.19147054173219,2.194745157668,2.194745157668,single_alias_soft_fusion,1,0.951900477872355,0,1,2.59080387139326,0,no_eligible_disagreement
uniform_32MHz,light_delay_drift,3,15,17,20271019,0.25,25,16,0,6.30102022631109,5.20218848409203,6.30102022631109,5.20218848409203,3.30102022631109,2.20218848409203,3.30102022631109,2.20218848409203,range_phase_disagreement_rtt_only,1,0.95156238311895,0,1,3.90434213313939,1,unique_pbr_conflict_candidate_experimental
uniform_32MHz,light_delay_drift,3,15,18,20271019,0.25,25,16,0,6.0134001303834,5.18771032987117,5.19144789364115,5.19144789364115,3.0134001303834,2.18771032987117,2.19144789364115,2.19144789364115,single_alias_soft_fusion,1,0.95330972125488,0,1,2.94942759498771,0,no_eligible_disagreement
uniform_32MHz,light_delay_drift,3,15,19,20271019,0.25,25,16,0,5.97407159478057,5.18994245507967,5.19350566957622,5.19350566957622,2.97407159478057,2.18994245507967,2.19350566957622,2.19350566957622,single_alias_soft_fusion,1,0.95192070628064,0,1,2.80422636822199,0,no_eligible_disagreement
uniform_32MHz,light_delay_drift,3,15,20,20271019,0.25,25,16,0,5.95866599003357,5.20466633279105,5.20804251141483,5.20804251141483,2.95866599003357,2.20466633279105,2.20804251141483,2.20804251141483,single_alias_soft_fusion,1,0.952116007440706,0,1,2.67485057467569,0,no_eligible_disagreement
uniform_32MHz,light_delay_drift,15,15,1,20271019,0.25,25,16,0,18.2392459110248,17.1829243739562,18.2392459110248,17.1829243739562,3.23924591102478,2.18292437395616,3.23924591102478,2.18292437395616,range_phase_disagreement_rtt_only,1,0.951929688055885,0,1,3.75282886591377,1,unique_pbr_conflict_candidate_experimental
uniform_32MHz,light_delay_drift,15,15,2,20271019,0.25,25,16,0,18.0325014440795,17.1868746683924,18.0325014440795,17.1868746683924,3.03250144407953,2.18687466839243,3.03250144407953,2.18687466839243,range_phase_disagreement_rtt_only,1,0.949496747075004,0,1,3.01699332811158,1,unique_pbr_conflict_candidate_experimental
uniform_32MHz,light_delay_drift,15,15,3,20271019,0.25,25,16,0,18.1971415199895,17.1930299210091,18.1971415199895,17.1930299210091,3.19714151998947,2.19302992100911,3.19714151998947,2.19302992100911,range_phase_disagreement_rtt_only,1,0.950186477261116,0,1,3.58094006784835,1,unique_pbr_conflict_candidate_experimental
uniform_32MHz,light_delay_drift,15,15,4,20271019,0.25,25,16,0,18.1374488085933,17.1734852282675,18.1374488085933,17.1734852282675,3.13744880859325,2.1734852282675,3.13744880859325,2.1734852282675,range_phase_disagreement_rtt_only,1,0.949916053578897,0,1,3.43673736925465,1,unique_pbr_conflict_candidate_experimental
uniform_32MHz,light_delay_drift,15,15,5,20271019,0.25,25,16,0,18.0206062825142,17.1841033364719,17.1878924803359,17.1878924803359,3.02060628251423,2.18410333647187,2.18789248033594,2.18789248033594,single_alias_soft_fusion,1,0.950045673643584,0,1,2.9792093102137,0,no_eligible_disagreement
uniform_32MHz,light_delay_drift,15,15,6,20271019,0.25,25,16,0,18.1815463325979,17.1866456249288,18.1815463325979,17.1866456249288,3.18154633259786,2.18664562492881,3.18154633259786,2.18664562492881,range_phase_disagreement_rtt_only,1,0.951245508217935,0,1,3.5358711700185,1,unique_pbr_conflict_candidate_experimental
uniform_32MHz,light_delay_drift,15,15,7,20271019,0.25,25,16,0,17.9187817846371,17.1869140490764,17.1902228970173,17.1902228970173,2.9187817846371,2.1869140490764,2.1902228970173,2.1902228970173,single_alias_soft_fusion,1,0.949812980308518,0,1,2.60587671414506,0,no_eligible_disagreement
uniform_32MHz,light_delay_drift,15,15,8,20271019,0.25,25,16,0,18.2245488874221,17.1905057299055,18.2245488874221,17.1905057299055,3.22454888742209,2.19050572990552,3.22454888742209,2.19050572990552,range_phase_disagreement_rtt_only,1,0.951751860973974,0,1,3.69238480442041,1,unique_pbr_conflict_candidate_experimental
uniform_32MHz,light_delay_drift,15,15,9,20271019,0.25,25,16,0,18.1319708545727,17.1797389811475,18.1319708545727,17.1797389811475,3.13197085457267,2.17973898114746,3.13197085457267,2.17973898114746,range_phase_disagreement_rtt_only,1,0.950466126449778,0,1,3.39738916696852,1,unique_pbr_conflict_candidate_experimental
uniform_32MHz,light_delay_drift,15,15,10,20271019,0.25,25,16,0,17.9182853200981,17.1676978684367,17.1710731297934,17.1710731297934,2.91828532009815,2.1676978684367,2.17107312979338,2.17107312979338,single_alias_soft_fusion,1,0.948744538723888,0,1,2.66926390985948,0,no_eligible_disagreement
uniform_32MHz,light_delay_drift,15,15,11,20271019,0.25,25,16,0,17.963769847117,17.1854026408692,17.1889089556317,17.1889089556317,2.96376984711699,2.18540264086923,2.18890895563166,2.18890895563166,single_alias_soft_fusion,1,0.950233595518158,0,1,2.77093510081647,0,no_eligible_disagreement
uniform_32MHz,light_delay_drift,15,15,12,20271019,0.25,25,16,0,18.1541474789414,17.1716814030677,18.1541474789414,17.1716814030677,3.15414747894143,2.17168140306767,3.15414747894143,2.17168140306767,range_phase_disagreement_rtt_only,1,0.951269233606569,0,1,3.50667378105483,1,unique_pbr_conflict_candidate_experimental
uniform_32MHz,light_delay_drift,15,15,13,20271019,0.25,25,16,0,18.270987195707,17.1889955988731,18.270987195707,17.1889955988731,3.27098719570699,2.18899559887313,3.27098719570699,2.18899559887313,range_phase_disagreement_rtt_only,1,0.95170115987181,0,1,3.8589272207273,1,unique_pbr_conflict_candidate_experimental
uniform_32MHz,light_delay_drift,15,15,14,20271019,0.25,25,16,0,18.0965480181795,17.1928284272505,18.0965480181795,17.1928284272505,3.0965480181795,2.19282842725053,3.0965480181795,2.19282842725053,range_phase_disagreement_rtt_only,1,0.951438165689525,0,1,3.2289943386291,1,unique_pbr_conflict_candidate_experimental
uniform_32MHz,light_delay_drift,15,15,15,20271019,0.25,25,16,0,18.0201934725671,17.1859322523269,17.1896961666263,17.1896961666263,3.02019347256711,2.18593225232687,2.18969616662626,2.18969616662626,single_alias_soft_fusion,1,0.953490020774377,0,1,2.96938167312927,0,no_eligible_disagreement
uniform_32MHz,light_delay_drift,15,15,16,20271019,0.25,25,16,0,18.1308642162413,17.1766087695582,18.1308642162413,17.1766087695582,3.13086421624126,2.17660876955822,3.13086421624126,2.17660876955822,range_phase_disagreement_rtt_only,1,0.950455374223879,0,1,3.39967116720839,1,unique_pbr_conflict_candidate_experimental
uniform_32MHz,light_delay_drift,15,15,17,20271019,0.25,25,16,0,17.8225837950587,17.20582665145,17.2085889370402,17.2085889370402,2.8225837950587,2.20582665144997,2.20858893704025,2.20858893704025,single_alias_soft_fusion,1,0.951882787393762,0,1,2.19408675474181,0,no_eligible_disagreement
uniform_32MHz,light_delay_drift,15,15,18,20271019,0.25,25,16,0,17.9910407519383,17.1703683762279,17.1740387897656,17.1740387897656,2.99104075193834,2.17036837622794,2.17403878976565,2.17403878976565,single_alias_soft_fusion,1,0.951369602799494,0,1,2.92058306045967,0,no_eligible_disagreement
uniform_32MHz,light_delay_drift,15,15,19,20271019,0.25,25,16,0,18.2785410150306,17.187813511043,18.2785410150306,17.187813511043,3.27854101503057,2.187813511043,3.27854101503057,2.187813511043,range_phase_disagreement_rtt_only,1,0.952672628037478,0,1,3.89384580022006,1,unique_pbr_conflict_candidate_experimental
uniform_32MHz,light_delay_drift,15,15,20,20271019,0.25,25,16,0,18.0655486747978,17.1896408171164,18.0655486747978,17.1896408171164,3.06554867479784,2.1896408171164,3.06554867479784,2.1896408171164,range_phase_disagreement_rtt_only,1,0.951320333468359,0,1,3.11906521771743,1,unique_pbr_conflict_candidate_experimental
uniform_32MHz,light_delay_drift,3,30,1,20271019,0.25,25,16,0,6.14903569733028,5.16599739971053,6.14903569733028,5.16599739971053,3.14903569733028,2.16599739971053,3.14903569733028,2.16599739971053,range_phase_disagreement_rtt_only,1,0.950042532736397,0,1,3.90682770558385,1,unique_pbr_conflict_candidate_experimental
uniform_32MHz,light_delay_drift,3,30,2,20271019,0.25,25,16,0,6.14019847981851,5.16085627622047,6.14019847981851,5.16085627622047,3.14019847981851,2.16085627622047,3.14019847981851,2.16085627622047,range_phase_disagreement_rtt_only,1,0.949978460213053,0,1,3.89221196421804,1,unique_pbr_conflict_candidate_experimental
uniform_32MHz,light_delay_drift,3,30,3,20271019,0.25,25,16,0,6.16861391629386,5.15543905297105,6.16861391629386,5.15543905297105,3.16861391629386,2.15543905297105,3.16861391629386,2.15543905297105,range_phase_disagreement_rtt_only,1,0.95007420965353,0,1,4.02721009328382,1,unique_pbr_conflict_candidate_experimental
uniform_32MHz,light_delay_drift,3,30,4,20271019,0.25,25,16,0,6.16231334795104,5.15721434989748,6.16231334795104,5.15721434989748,3.16231334795104,2.15721434989748,3.16231334795104,2.15721434989748,range_phase_disagreement_rtt_only,1,0.95211840162769,0,1,3.99451496821378,1,unique_pbr_conflict_candidate_experimental
uniform_32MHz,light_delay_drift,3,30,5,20271019,0.25,25,16,0,6.13759020699373,5.17199832036312,6.13759020699373,5.17199832036312,3.13759020699373,2.17199832036312,3.13759020699373,2.17199832036312,range_phase_disagreement_rtt_only,1,0.950977268507998,0,1,3.837655069044,1,unique_pbr_conflict_candidate_experimental
uniform_32MHz,light_delay_drift,3,30,6,20271019,0.25,25,16,0,6.09417624318488,5.1607372051712,6.09417624318488,5.1607372051712,3.09417624318488,2.1607372051712,3.09417624318488,2.1607372051712,range_phase_disagreement_rtt_only,1,0.951412099556342,0,1,3.71030202101967,1,unique_pbr_conflict_candidate_experimental
uniform_32MHz,light_delay_drift,3,30,7,20271019,0.25,25,16,0,6.11511747112359,5.16325935098116,6.11511747112359,5.16325935098116,3.11511747112359,2.16325935098116,3.11511747112359,2.16325935098116,range_phase_disagreement_rtt_only,1,0.949715011375162,0,1,3.78318818758855,1,unique_pbr_conflict_candidate_experimental
uniform_32MHz,light_delay_drift,3,30,8,20271019,0.25,25,16,0,6.14331410094154,5.16215059972649,6.14331410094154,5.16215059972649,3.14331410094154,2.16215059972649,3.14331410094154,2.16215059972649,range_phase_disagreement_rtt_only,1,0.95154010887299,0,1,3.89953001722162,1,unique_pbr_conflict_candidate_experimental
uniform_32MHz,light_delay_drift,3,30,9,20271019,0.25,25,16,0,6.12371211321293,5.16041272115267,6.12371211321293,5.16041272115267,3.12371211321293,2.16041272115267,3.12371211321293,2.16041272115267,range_phase_disagreement_rtt_only,1,0.951086836492998,0,1,3.82823060037043,1,unique_pbr_conflict_candidate_experimental
uniform_32MHz,light_delay_drift,3,30,10,20271019,0.25,25,16,0,6.11998150929976,5.17212363362754,6.11998150929976,5.17212363362754,3.11998150929976,2.17212363362754,3.11998150929976,2.17212363362754,range_phase_disagreement_rtt_only,1,0.951626323463893,0,1,3.76679168528896,1,unique_pbr_conflict_candidate_experimental
uniform_32MHz,light_delay_drift,3,30,11,20271019,0.25,25,16,0,6.15719916321209,5.15999166943256,6.15719916321209,5.15999166943256,3.15719916321209,2.15999166943256,3.15719916321209,2.15999166943256,range_phase_disagreement_rtt_only,1,0.949992091518021,0,1,3.96325838226368,1,unique_pbr_conflict_candidate_experimental
uniform_32MHz,light_delay_drift,3,30,12,20271019,0.25,25,16,0,6.11101723347335,5.15713666757824,6.11101723347335,5.15713666757824,3.11101723347335,2.15713666757824,3.11101723347335,2.15713666757824,range_phase_disagreement_rtt_only,1,0.951009160635693,0,1,3.79118949536058,1,unique_pbr_conflict_candidate_experimental
uniform_32MHz,light_delay_drift,3,30,13,20271019,0.25,25,16,0,6.16782787408735,5.16648867891229,6.16782787408735,5.16648867891229,3.16782787408735,2.16648867891229,3.16782787408735,2.16648867891229,range_phase_disagreement_rtt_only,1,0.951016478982627,0,1,3.97949337611476,1,unique_pbr_conflict_candidate_experimental
uniform_32MHz,light_delay_drift,3,30,14,20271019,0.25,25,16,0,6.12908279291361,5.16054799507045,6.12908279291361,5.16054799507045,3.12908279291361,2.16054799507045,3.12908279291361,2.16054799507045,range_phase_disagreement_rtt_only,1,0.950278822252994,0,1,3.84930152853582,1,unique_pbr_conflict_candidate_experimental
uniform_32MHz,light_delay_drift,3,30,15,20271019,0.25,25,16,0,6.13204433724461,5.1658721641353,6.13204433724461,5.1658721641353,3.13204433724461,2.1658721641353,3.13204433724461,2.1658721641353,range_phase_disagreement_rtt_only,1,0.951363992908855,0,1,3.84017624391415,1,unique_pbr_conflict_candidate_experimental
uniform_32MHz,light_delay_drift,3,30,16,20271019,0.25,25,16,0,6.12791068303835,5.14981332201998,6.12791068303835,5.14981332201998,3.12791068303835,2.14981332201998,3.12791068303835,2.14981332201998,range_phase_disagreement_rtt_only,1,0.949860034861184,0,1,3.88760172495875,1,unique_pbr_conflict_candidate_experimental
uniform_32MHz,light_delay_drift,3,30,17,20271019,0.25,25,16,0,6.15319958389722,5.16044227106218,6.15319958389722,5.16044227106218,3.15319958389722,2.16044227106218,3.15319958389722,2.16044227106218,range_phase_disagreement_rtt_only,1,0.950633798439455,0,1,3.94540683838502,1,unique_pbr_conflict_candidate_experimental
uniform_32MHz,light_delay_drift,3,30,18,20271019,0.25,25,16,0,6.14727378140099,5.16153724489528,6.14727378140099,5.16153724489528,3.14727378140099,2.16153724489528,3.14727378140099,2.16153724489528,range_phase_disagreement_rtt_only,1,0.951504714085472,0,1,3.91824427487685,1,unique_pbr_conflict_candidate_experimental
uniform_32MHz,light_delay_drift,3,30,19,20271019,0.25,25,16,0,6.15636759607179,5.16315350345303,6.15636759607179,5.16315350345303,3.15636759607179,2.16315350345303,3.15636759607179,2.16315350345303,range_phase_disagreement_rtt_only,1,0.950215117744249,0,1,3.94783001980089,1,unique_pbr_conflict_candidate_experimental
uniform_32MHz,light_delay_drift,3,30,20,20271019,0.25,25,16,0,6.0955081781094,5.15955849178079,6.0955081781094,5.15955849178079,3.0955081781094,2.15955849178079,3.0955081781094,2.15955849178079,range_phase_disagreement_rtt_only,1,0.950186577063959,0,1,3.71963778552256,1,unique_pbr_conflict_candidate_experimental
uniform_32MHz,light_delay_drift,15,30,1,20271019,0.25,25,16,0,18.1486080752415,17.1600538193136,18.1486080752415,17.1600538193136,3.14860807524146,2.1600538193136,3.14860807524146,2.1600538193136,range_phase_disagreement_rtt_only,1,0.950714983336961,0,1,3.92894756018844,1,unique_pbr_conflict_candidate_experimental
uniform_32MHz,light_delay_drift,15,30,2,20271019,0.25,25,16,0,18.1501516449812,17.1609501073884,18.1501516449812,17.1609501073884,3.15015164498119,2.16095010738843,3.15015164498119,2.16095010738843,range_phase_disagreement_rtt_only,1,0.950778610807616,0,1,3.93127158671104,1,unique_pbr_conflict_candidate_experimental
uniform_32MHz,light_delay_drift,15,30,3,20271019,0.25,25,16,0,18.1771741319743,17.1694382639006,18.1771741319743,17.1694382639006,3.17717413197428,2.16943826390062,3.17717413197428,2.16943826390062,range_phase_disagreement_rtt_only,1,0.950685736133783,0,1,4.00513604841922,1,unique_pbr_conflict_candidate_experimental
uniform_32MHz,light_delay_drift,15,30,4,20271019,0.25,25,16,0,18.1371433874939,17.1677097302953,18.1371433874939,17.1677097302953,3.13714338749386,2.16770973029532,3.13714338749386,2.16770973029532,range_phase_disagreement_rtt_only,1,0.950793419216768,0,1,3.85350963050445,1,unique_pbr_conflict_candidate_experimental
uniform_32MHz,light_delay_drift,15,30,5,20271019,0.25,25,16,0,18.1390715377343,17.1545454044471,18.1390715377343,17.1545454044471,3.13907153773429,2.1545454044471,3.13907153773429,2.1545454044471,range_phase_disagreement_rtt_only,1,0.950370280784721,0,1,3.91245744003262,1,unique_pbr_conflict_candidate_experimental
uniform_32MHz,light_delay_drift,15,30,6,20271019,0.25,25,16,0,18.1306473373413,17.1682578269725,18.1306473373413,17.1682578269725,3.13064733734127,2.16825782697246,3.13064733734127,2.16825782697246,range_phase_disagreement_rtt_only,1,0.95173804589522,0,1,3.82514514151842,1,unique_pbr_conflict_candidate_experimental
uniform_32MHz,light_delay_drift,15,30,7,20271019,0.25,25,16,0,18.1299938695235,17.1623897147169,18.1299938695235,17.1623897147169,3.1299938695235,2.16238971471693,3.1299938695235,2.16238971471693,range_phase_disagreement_rtt_only,1,0.94994680026944,0,1,3.84575896542387,1,unique_pbr_conflict_candidate_experimental
uniform_32MHz,light_delay_drift,15,30,8,20271019,0.25,25,16,0,18.1346599707759,17.1617222173341,18.1346599707759,17.1617222173341,3.13465997077589,2.16172221733412,3.13465997077589,2.16172221733412,range_phase_disagreement_rtt_only,1,0.95137308439958,0,1,3.86711287458692,1,unique_pbr_conflict_candidate_experimental
uniform_32MHz,light_delay_drift,15,30,9,20271019,0.25,25,16,0,18.1460444465669,17.1601724177414,18.1460444465669,17.1601724177414,3.14604444656689,2.16017241774145,3.14604444656689,2.16017241774145,range_phase_disagreement_rtt_only,1,0.94908629147042,0,1,3.9182345337478,1,unique_pbr_conflict_candidate_experimental
uniform_32MHz,light_delay_drift,15,30,10,20271019,0.25,25,16,0,18.115286924848,17.1494464394288,18.115286924848,17.1494464394288,3.11528692484799,2.14944643942881,3.11528692484799,2.14944643942881,range_phase_disagreement_rtt_only,1,0.950905888027721,0,1,3.83815947868426,1,unique_pbr_conflict_candidate_experimental
uniform_32MHz,light_delay_drift,15,30,11,20271019,0.25,25,16,0,18.1367154369542,17.1642761968601,18.1367154369542,17.1642761968601,3.1367154369542,2.16427619686009,3.1367154369542,2.16427619686009,range_phase_disagreement_rtt_only,1,0.951483600002591,0,1,3.86477730341827,1,unique_pbr_conflict_candidate_experimental
uniform_32MHz,light_delay_drift,15,30,12,20271019,0.25,25,16,0,18.0930480714502,17.1652280636375,18.0930480714502,17.1652280636375,3.09304807145023,2.16522806363746,3.09304807145023,2.16522806363746,range_phase_disagreement_rtt_only,1,0.951302055145419,0,1,3.68728722780584,1,unique_pbr_conflict_candidate_experimental
uniform_32MHz,light_delay_drift,15,30,13,20271019,0.25,25,16,0,18.1794032101591,17.1671515762532,18.1794032101591,17.1671515762532,3.17940321015912,2.16715157625324,3.17940321015912,2.16715157625324,range_phase_disagreement_rtt_only,1,0.950883183947939,0,1,4.02331847740993,1,unique_pbr_conflict_candidate_experimental
uniform_32MHz,light_delay_drift,15,30,14,20271019,0.25,25,16,0,18.1445802078316,17.1585536870404,18.1445802078316,17.1585536870404,3.14458020783156,2.15855368704036,3.14458020783156,2.15855368704036,range_phase_disagreement_rtt_only,1,0.949898485980548,0,1,3.9188935008625,1,unique_pbr_conflict_candidate_experimental
uniform_32MHz,light_delay_drift,15,30,15,20271019,0.25,25,16,0,18.1517560202767,17.1525853318885,18.1517560202767,17.1525853318885,3.15175602027666,2.15258533188852,3.15175602027666,2.15258533188852,range_phase_disagreement_rtt_only,1,0.950279724095136,0,1,3.97084009901524,1,unique_pbr_conflict_candidate_experimental
uniform_32MHz,light_delay_drift,15,30,16,20271019,0.25,25,16,0,18.1441503670289,17.1697739786584,18.1441503670289,17.1697739786584,3.14415036702888,2.16977397865843,3.14415036702888,2.16977397865843,range_phase_disagreement_rtt_only,1,0.951021215024238,0,1,3.87238389185168,1,unique_pbr_conflict_candidate_experimental
uniform_32MHz,light_delay_drift,15,30,17,20271019,0.25,25,16,0,18.1518256726909,17.1649292670921,18.1518256726909,17.1649292670921,3.15182567269091,2.16492926709211,3.15182567269091,2.16492926709211,range_phase_disagreement_rtt_only,1,0.950997326050989,0,1,3.92232976590551,1,unique_pbr_conflict_candidate_experimental
uniform_32MHz,light_delay_drift,15,30,18,20271019,0.25,25,16,0,18.1350742275562,17.1675035214265,18.1350742275562,17.1675035214265,3.13507422755615,2.16750352142646,3.13507422755615,2.16750352142646,range_phase_disagreement_rtt_only,1,0.949100575686337,0,1,3.84547540934147,1,unique_pbr_conflict_candidate_experimental
uniform_32MHz,light_delay_drift,15,30,19,20271019,0.25,25,16,0,18.1147307763822,17.1632266661746,18.1147307763822,17.1632266661746,3.11473077638218,2.16322666617461,3.11473077638218,2.16322666617461,range_phase_disagreement_rtt_only,1,0.950778015858793,0,1,3.7818185288822,1,unique_pbr_conflict_candidate_experimental
uniform_32MHz,light_delay_drift,15,30,20,20271019,0.25,25,16,0,18.1904694009119,17.171879820138,18.1904694009119,17.171879820138,3.19046940091188,2.17187982013798,3.19046940091188,2.17187982013798,range_phase_disagreement_rtt_only,1,0.950657664917519,0,1,4.04821693589412,1,unique_pbr_conflict_candidate_experimental
uniform_32MHz,los_delay_drift,3,0,1,20271019,0,0,16,0,4.28904636036434,5.35808523370179,5.35489169807847,5.35489169807847,1.28904636036434,2.35808523370179,2.35489169807847,2.35489169807847,single_alias_soft_fusion,1,0.997752788827314,0,1,0.79468525606605,0,no_eligible_disagreement
uniform_32MHz,los_delay_drift,3,0,2,20271019,0,0,16,0,5.31020170793461,5.52155631714117,5.52090765232017,5.52090765232017,2.31020170793461,2.52155631714117,2.52090765232017,2.52090765232017,single_alias_soft_fusion,1,0.997215984109032,0,1,0.158861483623338,0,no_eligible_disagreement
uniform_32MHz,los_delay_drift,3,0,3,20271019,0,0,16,0,5.50663748544821,5.36185975990461,5.36227750841136,5.36227750841136,2.50663748544821,2.36185975990461,2.36227750841136,2.36227750841136,single_alias_soft_fusion,1,0.998613193333966,0,1,0.107466079281936,0,no_eligible_disagreement
uniform_32MHz,los_delay_drift,3,0,4,20271019,0,0,16,0,5.9005309750345,5.40123115141903,5.4026632527049,5.4026632527049,2.9005309750345,2.40123115141903,2.4026632527049,2.4026632527049,single_alias_soft_fusion,1,0.998013688212269,0,1,0.369217150911312,0,no_eligible_disagreement
uniform_32MHz,los_delay_drift,3,0,5,20271019,0,0,16,0,6.72744708310139,5.26771994863734,5.27195003720717,5.27195003720717,3.72744708310139,2.26771994863734,2.27195003720717,2.27195003720717,single_alias_soft_fusion,1,0.998020369169083,0,1,1.07416522413227,0,no_eligible_disagreement
uniform_32MHz,los_delay_drift,3,0,6,20271019,0,0,16,0,4.82145972416511,5.28032588842909,5.27897905903285,5.27897905903285,1.82145972416511,2.28032588842909,2.27897905903285,2.27897905903285,single_alias_soft_fusion,1,0.998433231634031,0,1,0.340546070372612,0,no_eligible_disagreement
uniform_32MHz,los_delay_drift,3,0,7,20271019,0,0,16,0,4.11581743803686,5.52267525458982,5.51855930284507,5.51855930284507,1.11581743803686,2.52267525458982,2.51855930284507,2.51855930284507,single_alias_soft_fusion,1,0.998156002677181,0,1,1.04712322646566,0,no_eligible_disagreement
uniform_32MHz,los_delay_drift,3,0,8,20271019,0,0,16,0,6.40860455417665,5.26928996824961,5.27255202271945,5.27255202271945,3.40860455417665,2.26928996824961,2.27255202271945,2.27255202271945,single_alias_soft_fusion,1,0.998467006723501,0,1,0.842681301615397,0,no_eligible_disagreement
uniform_32MHz,los_delay_drift,3,0,9,20271019,0,0,16,0,4.08638846913498,5.41815720800649,5.41425882862905,5.41425882862905,1.08638846913498,2.41815720800649,2.41425882862905,2.41425882862905,single_alias_soft_fusion,1,0.997664149012824,0,1,0.983259391802915,0,no_eligible_disagreement
uniform_32MHz,los_delay_drift,3,0,10,20271019,0,0,16,0,4.63832378686183,5.51871067740673,5.51632468237843,5.51632468237843,1.63832378686183,2.51871067740673,2.51632468237843,2.51632468237843,single_alias_soft_fusion,1,0.998617091133485,0,1,0.642191032785695,0,no_eligible_disagreement
uniform_32MHz,los_delay_drift,3,0,11,20271019,0,0,16,0,6.24660449782773,5.32793556760729,5.33064594818909,5.33064594818909,3.24660449782773,2.32793556760729,2.33064594818909,2.33064594818909,single_alias_soft_fusion,1,0.998038792187149,0,1,0.678572424725521,0,no_eligible_disagreement
uniform_32MHz,los_delay_drift,3,0,12,20271019,0,0,16,0,2.26827490137294,5.35737038118384,5.34810757774369,5.34810757774369,-0.731725098627059,2.35737038118384,2.34810757774369,2.34810757774369,single_alias_soft_fusion,1,0.997910529706376,0,1,2.29021684553746,0,no_eligible_disagreement
uniform_32MHz,los_delay_drift,3,0,13,20271019,0,0,16,0,6.57182523057972,5.39356785693505,5.39688031538591,5.39688031538591,3.57182523057972,2.39356785693505,2.39688031538591,2.39688031538591,single_alias_soft_fusion,1,0.998652576969742,0,1,0.849937729718962,0,no_eligible_disagreement
uniform_32MHz,los_delay_drift,3,0,14,20271019,0,0,16,0,4.82695474229241,5.42708175758294,5.4252344101474,5.4252344101474,1.82695474229241,2.42708175758294,2.4252344101474,2.4252344101474,single_alias_soft_fusion,1,0.997361332472461,0,1,0.455806841034148,0,no_eligible_disagreement
uniform_32MHz,los_delay_drift,3,0,15,20271019,0,0,16,0,4.23009077213342,5.42551045281746,5.42204544682225,5.42204544682225,1.23009077213342,2.42551045281746,2.42204544682225,2.42204544682225,single_alias_soft_fusion,1,0.998161195882825,0,1,0.882724569875104,0,no_eligible_disagreement
uniform_32MHz,los_delay_drift,3,0,16,20271019,0,0,16,0,3.59263627790482,5.41529077335256,5.41011297883729,5.41011297883729,0.59263627790482,2.41529077335256,2.41011297883729,2.41011297883729,single_alias_soft_fusion,1,0.998702323360401,0,1,1.33383569744595,0,no_eligible_disagreement
uniform_32MHz,los_delay_drift,3,0,17,20271019,0,0,16,0,4.75685826802959,5.39843269826703,5.39653030015873,5.39653030015873,1.75685826802959,2.39843269826703,2.39653030015873,2.39653030015873,single_alias_soft_fusion,1,0.99859623869013,0,1,0.485347349556941,0,no_eligible_disagreement
uniform_32MHz,los_delay_drift,3,0,18,20271019,0,0,16,0,4.14236498665033,5.43976586905376,5.43578191470139,5.43578191470139,1.14236498665033,2.43976586905376,2.43578191470139,2.43578191470139,single_alias_soft_fusion,1,0.998738495408537,0,1,0.97905412163757,0,no_eligible_disagreement
uniform_32MHz,los_delay_drift,3,0,19,20271019,0,0,16,0,3.77831579825254,5.53968823267891,5.53428907673975,5.53428907673975,0.778315798252537,2.53968823267891,2.53428907673975,2.53428907673975,single_alias_soft_fusion,1,0.998150182873324,0,1,1.32284960008335,0,no_eligible_disagreement
uniform_32MHz,los_delay_drift,3,0,20,20271019,0,0,16,0,3.40450363873715,5.37227663125185,5.36632012718721,5.36632012718721,0.404503638737146,2.37227663125185,2.36632012718721,2.36632012718721,single_alias_soft_fusion,1,0.999164233385207,0,1,1.48090643721884,0,no_eligible_disagreement
uniform_32MHz,los_delay_drift,15,0,1,20271019,0,0,16,0,17.3104608905635,17.3460039522931,17.3459015719321,17.3459015719321,2.3104608905635,2.34600395229306,2.34590157193206,2.34590157193206,single_alias_soft_fusion,1,0.999057986397799,0,1,0.0262554723211543,0,no_eligible_disagreement
uniform_32MHz,los_delay_drift,15,0,2,20271019,0,0,16,0,17.6119101640545,17.3677335792212,17.3684599862369,17.3684599862369,2.61191016405453,2.36773357922116,2.36845998623689,2.36845998623689,single_alias_soft_fusion,1,0.998235902725387,0,1,0.182349055333305,0,no_eligible_disagreement
uniform_32MHz,los_delay_drift,15,0,3,20271019,0,0,16,0,15.3111453986684,17.4260338349197,17.4197674599101,17.4197674599101,0.311145398668405,2.42603383491973,2.41976745991007,2.41976745991007,single_alias_soft_fusion,1,0.999085867132963,0,1,1.57059930290991,0,no_eligible_disagreement
uniform_32MHz,los_delay_drift,15,0,4,20271019,0,0,16,0,15.3980153683453,17.3479073099942,17.342093732847,17.342093732847,0.398015368345266,2.34790730999419,2.34209373284704,2.34209373284704,single_alias_soft_fusion,1,0.998354588705912,0,1,1.46645047326593,0,no_eligible_disagreement
uniform_32MHz,los_delay_drift,15,0,5,20271019,0,0,16,0,17.9669239548515,17.3173831415002,17.3191737020848,17.3191737020848,2.96692395485152,2.31738314150016,2.31917370208483,2.31917370208483,single_alias_soft_fusion,1,0.997058840505284,0,1,0.473051815018075,0,no_eligible_disagreement
uniform_32MHz,los_delay_drift,15,0,6,20271019,0,0,16,0,17.2343875907141,17.3012360429887,17.3010409466009,17.3010409466009,2.23438759071413,2.30123604298869,2.30104094660086,2.30104094660086,single_alias_soft_fusion,1,0.996229548648717,0,1,0.0498863951629007,0,no_eligible_disagreement
uniform_32MHz,los_delay_drift,15,0,7,20271019,0,0,16,0,17.1514747856945,17.2904881696633,17.2901043164404,17.2901043164404,2.1514747856945,2.29048816966332,2.29010431644036,2.29010431644036,single_alias_soft_fusion,1,0.998028101140919,0,1,0.099919659901523,0,no_eligible_disagreement
uniform_32MHz,los_delay_drift,15,0,8,20271019,0,0,16,0,16.1982876031228,17.4019884697223,17.3983998643847,17.3983998643847,1.1982876031228,2.40198846972229,2.39839986438473,2.39839986438473,single_alias_soft_fusion,1,0.998347368304991,0,1,0.902405317176335,0,no_eligible_disagreement
uniform_32MHz,los_delay_drift,15,0,9,20271019,0,0,16,0,18.3365758110944,17.438904582138,17.4414482620159,17.4414482620159,3.33657581109437,2.43890458213804,2.44144826201592,2.44144826201592,single_alias_soft_fusion,1,0.998121350518694,0,1,0.661214559532156,0,no_eligible_disagreement
uniform_32MHz,los_delay_drift,15,0,10,20271019,0,0,16,0,16.3532875056241,17.3935158638583,17.3905281251347,17.3905281251347,1.35328750562409,2.39351586385832,2.39052812513471,2.39052812513471,single_alias_soft_fusion,1,0.997367233639693,0,1,0.763745975700359,0,no_eligible_disagreement
uniform_32MHz,los_delay_drift,15,0,11,20271019,0,0,16,0,15.9818122636879,17.3266049892372,17.322695983442,17.322695983442,0.981812263687893,2.32660498923715,2.322695983442,2.322695983442,single_alias_soft_fusion,1,0.996954176618868,0,1,0.988667521636162,0,no_eligible_disagreement
uniform_32MHz,los_delay_drift,15,0,12,20271019,0,0,16,0,17.2393319905278,17.3340898442341,17.3338225831968,17.3338225831968,2.23933199052784,2.33408984423415,2.33382258319685,2.33382258319685,single_alias_soft_fusion,1,0.999275127457254,0,1,0.069244504462692,0,no_eligible_disagreement
uniform_32MHz,los_delay_drift,15,0,13,20271019,0,0,16,0,18.0451240295674,17.445986243455,17.447733272436,17.447733272436,3.04512402956736,2.44598624345499,2.44773327243604,2.44773327243604,single_alias_soft_fusion,1,0.997968894350123,0,1,0.44050411376344,0,no_eligible_disagreement
uniform_32MHz,los_delay_drift,15,0,14,20271019,0,0,16,0,17.1449848165787,17.3840433129641,17.3833202599394,17.3833202599394,2.14498481657873,2.38404331296409,2.38332025993936,2.38332025993936,single_alias_soft_fusion,1,0.998648826427561,0,1,0.17994317925133,0,no_eligible_disagreement
uniform_32MHz,los_delay_drift,15,0,15,20271019,0,0,16,0,16.2818076317124,17.3582549541936,17.3551055430923,17.3551055430923,1.28180763171239,2.35825495419362,2.35510554309234,2.35510554309234,single_alias_soft_fusion,1,0.998164886703221,0,1,0.790398726836115,0,no_eligible_disagreement
uniform_32MHz,los_delay_drift,15,0,16,20271019,0,0,16,0,15.157549870079,17.2783273159091,17.2722037727503,17.2722037727503,0.157549870079045,2.27832731590906,2.27220377275026,2.27220377275026,single_alias_soft_fusion,1,0.997829130765149,0,1,1.55502260866834,0,no_eligible_disagreement
uniform_32MHz,los_delay_drift,15,0,17,20271019,0,0,16,0,18.9809723393863,17.3552326003695,17.3600189176395,17.3600189176395,3.98097233938633,2.3552326003695,2.36001891763947,2.36001891763947,single_alias_soft_fusion,1,0.997720819939778,0,1,1.20867069301747,0,no_eligible_disagreement
uniform_32MHz,los_delay_drift,15,0,18,20271019,0,0,16,0,17.0251797063736,17.4162403339614,17.4150748511651,17.4150748511651,2.02517970637362,2.41624033396138,2.41507485116507,2.41507485116507,single_alias_soft_fusion,1,0.99812486493513,0,1,0.292055271746928,0,no_eligible_disagreement
uniform_32MHz,los_delay_drift,15,0,19,20271019,0,0,16,0,17.9334275304529,17.4712329817897,17.4725773931802,17.4725773931802,2.9334275304529,2.47123298178969,2.4725773931802,2.4725773931802,single_alias_soft_fusion,1,0.997396725961705,0,1,0.339748443573298,0,no_eligible_disagreement
uniform_32MHz,los_delay_drift,15,0,20,20271019,0,0,16,0,17.7094857498965,17.409154731188,17.4100234861429,17.4100234861429,2.7094857498965,2.40915473118801,2.41002348614292,2.41002348614292,single_alias_soft_fusion,1,0.997932455377197,0,1,0.222733557615443,0,no_eligible_disagreement
uniform_32MHz,los_delay_drift,3,15,1,20271019,0,0,16,0,5.35981776587628,5.39772081113206,5.39758810997244,5.39758810997244,2.35981776587628,2.39772081113206,2.39758810997244,2.39758810997244,single_alias_soft_fusion,1,0.999869546345275,0,1,0.122285687603132,0,no_eligible_disagreement
uniform_32MHz,los_delay_drift,3,15,2,20271019,0,0,16,0,4.74014089009263,5.40126940739374,5.39892697820502,5.39892697820502,1.74014089009263,2.40126940739374,2.39892697820502,2.39892697820502,single_alias_soft_fusion,1,0.999885989256087,0,1,2.13936830948211,0,no_eligible_disagreement
uniform_32MHz,los_delay_drift,3,15,3,20271019,0,0,16,0,4.97847337989802,5.41843437810958,5.41689970662105,5.41689970662105,1.97847337989802,2.41843437810958,2.41689970662105,2.41689970662105,single_alias_soft_fusion,1,0.999899580842815,0,1,1.42086912661451,0,no_eligible_disagreement
uniform_32MHz,los_delay_drift,3,15,4,20271019,0,0,16,0,4.80668798453145,5.40967874271992,5.40754628691437,5.40754628691437,1.80668798453145,2.40967874271992,2.40754628691437,2.40754628691437,single_alias_soft_fusion,1,0.999910728092676,0,1,1.94795123212387,0,no_eligible_disagreement
uniform_32MHz,los_delay_drift,3,15,5,20271019,0,0,16,0,4.34778379856841,5.37908304219478,4.34778379856841,4.34778379856841,1.34778379856841,2.37908304219478,1.34778379856841,1.34778379856841,range_phase_disagreement_rtt_only,1,0.999912429879429,0,1,3.33662744153463,0,phase_quality_not_multipath_like
uniform_32MHz,los_delay_drift,3,15,6,20271019,0,0,16,0,4.71935329868112,5.39643187468301,5.39403303720006,5.39403303720006,1.71935329868112,2.39643187468301,2.39403303720006,2.39403303720006,single_alias_soft_fusion,1,0.999890046532986,0,1,2.1884314558194,0,no_eligible_disagreement
uniform_32MHz,los_delay_drift,3,15,7,20271019,0,0,16,0,4.77145177407593,5.40136463038248,5.39916405455906,5.39916405455906,1.77145177407593,2.40136463038248,2.39916405455906,2.39916405455906,single_alias_soft_fusion,1,0.999920142680881,0,1,2.03194556706865,0,no_eligible_disagreement
uniform_32MHz,los_delay_drift,3,15,8,20271019,0,0,16,0,5.00511817634342,5.37940995592352,5.37809000689775,5.37809000689775,2.00511817634342,2.37940995592352,2.37809000689775,2.37809000689775,single_alias_soft_fusion,1,0.999938017054028,0,1,1.21120600358101,0,no_eligible_disagreement
uniform_32MHz,los_delay_drift,3,15,9,20271019,0,0,16,0,4.83677166969062,5.39033589881053,5.38840592784735,5.38840592784735,1.83677166969062,2.39033589881053,2.38840592784735,2.38840592784735,single_alias_soft_fusion,1,0.999921669768094,0,1,1.78139608378655,0,no_eligible_disagreement
uniform_32MHz,los_delay_drift,3,15,10,20271019,0,0,16,0,4.8532304903977,5.39109367973011,5.389188789542,5.389188789542,1.8532304903977,2.39109367973011,2.389188789542,2.389188789542,single_alias_soft_fusion,1,0.999936074558011,0,1,1.74464445801802,0,no_eligible_disagreement
uniform_32MHz,los_delay_drift,3,15,11,20271019,0,0,16,0,4.75257144133088,5.38984211746037,5.38762079308303,5.38762079308303,1.75257144133088,2.38984211746037,2.38762079308303,2.38762079308303,single_alias_soft_fusion,1,0.999893513474346,0,1,2.05169133796976,0,no_eligible_disagreement
uniform_32MHz,los_delay_drift,3,15,12,20271019,0,0,16,0,4.91974727546069,5.41955063498052,5.41782047978541,5.41782047978541,1.91974727546069,2.41955063498052,2.41782047978541,2.41782047978541,single_alias_soft_fusion,1,0.999856769218309,0,1,1.60691140628305,0,no_eligible_disagreement
uniform_32MHz,los_delay_drift,3,15,13,20271019,0,0,16,0,4.59640111080653,5.41426057890413,5.41140427452177,5.41140427452177,1.59640111080653,2.41426057890413,2.41140427452177,2.41140427452177,single_alias_soft_fusion,1,0.999949596256179,0,1,2.63497288388205,0,no_eligible_disagreement
uniform_32MHz,los_delay_drift,3,15,14,20271019,0,0,16,0,4.51971284708613,5.41322140484421,5.41007979735926,5.41007979735926,1.51971284708613,2.41322140484421,2.41007979735926,2.41007979735926,single_alias_soft_fusion,1,0.999929548288335,0,1,2.88280267370106,0,no_eligible_disagreement
uniform_32MHz,los_delay_drift,3,15,15,20271019,0,0,16,0,5.07305271290744,5.39257358573251,5.39145348304825,5.39145348304825,2.07305271290744,2.39257358573251,2.39145348304825,2.39145348304825,single_alias_soft_fusion,1,0.999859080595351,0,1,1.03157097453681,0,no_eligible_disagreement
uniform_32MHz,los_delay_drift,3,15,16,20271019,0,0,16,0,4.75069788164187,5.40814989518049,5.40586646214563,5.40586646214563,1.75069788164187,2.40814989518049,2.40586646214563,2.40586646214563,single_alias_soft_fusion,1,0.999893005364106,0,1,2.11697207806154,0,no_eligible_disagreement
uniform_32MHz,los_delay_drift,3,15,17,20271019,0,0,16,0,4.62978578166871,5.38627414437258,5.38360997456504,5.38360997456504,1.62978578166871,2.38627414437258,2.38360997456504,2.38360997456504,single_alias_soft_fusion,1,0.999915618997851,0,1,2.4501753382691,0,no_eligible_disagreement
uniform_32MHz,los_delay_drift,3,15,18,20271019,0,0,16,0,4.84412658458731,5.3780459381409,5.37616313332119,5.37616313332119,1.84412658458731,2.3780459381409,2.37616313332119,2.37616313332119,single_alias_soft_fusion,1,0.999842749748692,0,1,1.72418349444653,0,no_eligible_disagreement
uniform_32MHz,los_delay_drift,3,15,19,20271019,0,0,16,0,4.96150496382181,5.38908019732607,5.3875961945413,5.3875961945413,1.96150496382181,2.38908019732607,2.3875961945413,2.3875961945413,single_alias_soft_fusion,1,0.999943735642831,0,1,1.3719027062153,0,no_eligible_disagreement
uniform_32MHz,los_delay_drift,3,15,20,20271019,0,0,16,0,5.0663201979292,5.40029805976333,5.39913164777181,5.39913164777181,2.0663201979292,2.40029805976333,2.39913164777181,2.39913164777181,single_alias_soft_fusion,1,0.999918392029993,0,1,1.07453779060327,0,no_eligible_disagreement
uniform_32MHz,los_delay_drift,15,15,1,20271019,0,0,16,0,16.3994663361843,17.3789824610924,16.3994663361843,16.3994663361843,1.39946633618429,2.37898246109238,1.39946633618429,1.39946633618429,range_phase_disagreement_rtt_only,1,0.999913696857146,0,1,3.16966125862892,0,phase_quality_not_multipath_like
uniform_32MHz,los_delay_drift,15,15,2,20271019,0,0,16,0,16.6108586245282,17.4032011621215,17.4004156719822,17.4004156719822,1.61085862452818,2.40320116212148,2.40041567198215,2.40041567198215,single_alias_soft_fusion,1,0.999848738844742,0,1,2.56384411201464,0,no_eligible_disagreement
uniform_32MHz,los_delay_drift,15,15,3,20271019,0,0,16,0,16.5767159756781,17.3999312425302,17.3970420544982,17.3970420544982,1.57671597567809,2.3999312425302,2.39704205449818,2.39704205449818,single_alias_soft_fusion,1,0.999915710997072,0,1,2.66337883838153,0,no_eligible_disagreement
uniform_32MHz,los_delay_drift,15,15,4,20271019,0,0,16,0,16.6443380614452,17.3925861156918,17.3899628303918,17.3899628303918,1.6443380614452,2.39258611569181,2.38996283039182,2.38996283039182,single_alias_soft_fusion,1,0.999813976413358,0,1,2.40995704401918,0,no_eligible_disagreement
uniform_32MHz,los_delay_drift,15,15,5,20271019,0,0,16,0,17.1058948975005,17.3827161710882,17.3817578982015,17.3817578982015,2.10589489750053,2.3827161710882,2.38175789820155,2.38175789820155,single_alias_soft_fusion,1,0.999950954367137,0,1,0.889640677800811,0,no_eligible_disagreement
uniform_32MHz,los_delay_drift,15,15,6,20271019,0,0,16,0,16.6676055525551,17.4215485351874,17.4188986320188,17.4188986320188,1.66760555255505,2.42154853518745,2.41889863201879,2.41889863201879,single_alias_soft_fusion,1,0.999958012396011,0,1,2.43783125948809,0,no_eligible_disagreement
uniform_32MHz,los_delay_drift,15,15,7,20271019,0,0,16,0,16.7891478758147,17.3948435572493,17.3927030784163,17.3927030784163,1.78914787581467,2.39484355724933,2.39270307841632,2.39270307841632,single_alias_soft_fusion,1,0.999861299041566,0,1,1.95939622919991,0,no_eligible_disagreement
uniform_32MHz,los_delay_drift,15,15,8,20271019,0,0,16,0,16.7985125198478,17.3941053483207,17.3920028461482,17.3920028461482,1.79851251984778,2.3941053483207,2.39200284614822,2.39200284614822,single_alias_soft_fusion,1,0.999863915394125,0,1,1.91897049429695,0,no_eligible_disagreement
uniform_32MHz,los_delay_drift,15,15,9,20271019,0,0,16,0,17.2077041490592,17.3847399972606,17.3841212352641,17.3841212352641,2.20770414905915,2.38473999726057,2.3841212352641,2.3841212352641,single_alias_soft_fusion,1,0.999889887757718,0,1,0.569999991016878,0,no_eligible_disagreement
uniform_32MHz,los_delay_drift,15,15,10,20271019,0,0,16,0,16.8371697505345,17.402654535624,17.4006896659017,17.4006896659017,1.83716975053451,2.40265453562404,2.40068966590174,2.40068966590174,single_alias_soft_fusion,1,0.99984002306239,0,1,1.82388607084874,0,no_eligible_disagreement
uniform_32MHz,los_delay_drift,15,15,11,20271019,0,0,16,0,16.9884550175423,17.3895985138748,17.3881917490895,17.3881917490895,1.98845501754234,2.38959851387479,2.38819174908949,2.38819174908949,single_alias_soft_fusion,1,0.999906806290557,0,1,1.29402596311925,0,no_eligible_disagreement
uniform_32MHz,los_delay_drift,15,15,12,20271019,0,0,16,0,17.2785568496258,17.3989037195152,17.3984844366252,17.3984844366252,2.2785568496258,2.39890371951524,2.39848443662517,2.39848443662517,single_alias_soft_fusion,1,0.999904026316537,0,1,0.387019771093033,0,no_eligible_disagreement
uniform_32MHz,los_delay_drift,15,15,13,20271019,0,0,16,0,16.8956500780764,17.3794983428757,17.3777778706871,17.3777778706871,1.89565007807641,2.37949834287569,2.37777787068707,2.37777787068707,single_alias_soft_fusion,1,0.999875494922127,0,1,1.57030494571321,0,no_eligible_disagreement
uniform_32MHz,los_delay_drift,15,15,14,20271019,0,0,16,0,16.7423322366137,17.3855144946034,17.383274885681,17.383274885681,1.74233223661368,2.3855144946034,2.38327488568104,2.38327488568104,single_alias_soft_fusion,1,0.999882884601114,0,1,2.06871638232626,0,no_eligible_disagreement
uniform_32MHz,los_delay_drift,15,15,15,20271019,0,0,16,0,16.6336951535945,17.4069458446034,17.4042350545663,17.4042350545663,1.63369515359445,2.40694584460336,2.40423505456632,2.40423505456632,single_alias_soft_fusion,1,0.999884060473187,0,1,2.48830320569358,0,no_eligible_disagreement
uniform_32MHz,los_delay_drift,15,15,16,20271019,0,0,16,0,16.9866897565637,17.3926887570298,17.3912555833081,17.3912555833081,1.98668975656367,2.39268875702979,2.39125558330809,2.39125558330809,single_alias_soft_fusion,1,0.999902404380891,0,1,1.31387574725092,0,no_eligible_disagreement
uniform_32MHz,los_delay_drift,15,15,17,20271019,0,0,16,0,16.6407238983952,17.394599378785,17.3919489358507,17.3919489358507,1.64072389839517,2.39459937878497,2.39194893585072,2.39194893585072,single_alias_soft_fusion,1,0.999883619821367,0,1,2.4353098604659,0,no_eligible_disagreement
uniform_32MHz,los_delay_drift,15,15,18,20271019,0,0,16,0,17.1146375653499,17.3981006772162,17.3971023240175,17.3971023240175,2.11463756534993,2.39810067721622,2.39710232401747,2.39710232401747,single_alias_soft_fusion,1,0.999843961934065,0,1,0.916006612172649,0,no_eligible_disagreement
uniform_32MHz,los_delay_drift,15,15,19,20271019,0,0,16,0,16.746005977828,17.3839768832082,17.3817418675294,17.3817418675294,1.74600597782805,2.38397688320821,2.38174186752937,2.38174186752937,single_alias_soft_fusion,1,0.999903077324606,0,1,2.05746275174473,0,no_eligible_disagreement
uniform_32MHz,los_delay_drift,15,15,20,20271019,0,0,16,0,16.9342914543192,17.3955040297818,17.3938922605419,17.3938922605419,1.93429145431922,2.39550402978183,2.39389226054193,2.39389226054193,single_alias_soft_fusion,1,0.99983189252313,0,1,1.48212742946461,0,no_eligible_disagreement
uniform_32MHz,los_delay_drift,3,30,1,20271019,0,0,16,0,4.76638418352993,5.40143024656315,5.39922224813528,5.39922224813528,1.76638418352993,2.40143024656315,2.39922224813528,2.39922224813528,single_alias_soft_fusion,1,0.999955091565779,0,1,2.51462124878029,0,no_eligible_disagreement
uniform_32MHz,los_delay_drift,3,30,2,20271019,0,0,16,0,4.82870337772403,5.40215966885278,5.40016563671252,5.40016563671252,1.82870337772403,2.40215966885278,2.40016563671252,2.40016563671252,single_alias_soft_fusion,1,0.999930916323442,0,1,2.27119360848085,0,no_eligible_disagreement
uniform_32MHz,los_delay_drift,3,30,3,20271019,0,0,16,0,4.80095612659465,5.40032951103824,5.39824642616208,5.39824642616208,1.80095612659465,2.40032951103824,2.39824642616208,2.39824642616208,single_alias_soft_fusion,1,0.999950872728019,0,1,2.37312540401813,0,no_eligible_disagreement
uniform_32MHz,los_delay_drift,3,30,4,20271019,0,0,16,0,4.82711787689842,5.39506546951235,5.39309112418743,5.39309112418743,1.82711787689842,2.39506546951235,2.39309112418743,2.39309112418743,single_alias_soft_fusion,1,0.999973805065657,0,1,2.24881302500933,0,no_eligible_disagreement
uniform_32MHz,los_delay_drift,3,30,5,20271019,0,0,16,0,4.7683663788937,5.39437107675777,5.39219426179326,5.39219426179326,1.7683663788937,2.39437107675777,2.39219426179326,2.39219426179326,single_alias_soft_fusion,1,0.999958459135089,0,1,2.47895875431906,0,no_eligible_disagreement
uniform_32MHz,los_delay_drift,3,30,6,20271019,0,0,16,0,4.81834843107159,5.40469962575004,5.40266097649429,5.40266097649429,1.81834843107159,2.40469962575004,2.40266097649429,2.40266097649429,single_alias_soft_fusion,1,0.999939167771251,0,1,2.32175649258224,0,no_eligible_disagreement
uniform_32MHz,los_delay_drift,3,30,7,20271019,0,0,16,0,4.76520730844943,5.40679453101349,5.40456289291438,5.40456289291438,1.76520730844943,2.40679453101349,2.40456289291438,2.40456289291438,single_alias_soft_fusion,1,0.999982508839918,0,1,2.54110763351864,0,no_eligible_disagreement
uniform_32MHz,los_delay_drift,3,30,8,20271019,0,0,16,0,4.75568217786673,5.39270736643074,5.39049119948122,5.39049119948122,1.75568217786673,2.39270736643074,2.39049119948122,2.39049119948122,single_alias_soft_fusion,1,0.999971676689625,0,1,2.5229156499542,0,no_eligible_disagreement
uniform_32MHz,los_delay_drift,3,30,9,20271019,0,0,16,0,4.74849671165608,5.38981648678321,5.38758719653454,5.38758719653454,1.74849671165608,2.38981648678321,2.38758719653454,2.38758719653454,single_alias_soft_fusion,1,0.999948460713956,0,1,2.53936289658527,0,no_eligible_disagreement
uniform_32MHz,los_delay_drift,3,30,10,20271019,0,0,16,0,4.77325534627306,5.40037105339426,5.39818992848074,5.39818992848074,1.77325534627306,2.40037105339426,2.39818992848074,2.39818992848074,single_alias_soft_fusion,1,0.99991978731996,0,1,2.48340313158507,0,no_eligible_disagreement
uniform_32MHz,los_delay_drift,3,30,11,20271019,0,0,16,0,4.73601938792413,5.40503095404934,5.40270508659614,5.40270508659614,1.73601938792413,2.40503095404934,2.40270508659614,2.40270508659614,single_alias_soft_fusion,1,0.999935351422182,0,1,2.6491895841622,0,no_eligible_disagreement
uniform_32MHz,los_delay_drift,3,30,12,20271019,0,0,16,0,4.82634332724092,5.39676695525856,5.39478272183096,5.39478272183096,1.82634332724092,2.39676695525856,2.39478272183096,2.39478272183096,single_alias_soft_fusion,1,0.99997031888394,0,1,2.25948817422475,0,no_eligible_disagreement
uniform_32MHz,los_delay_drift,3,30,13,20271019,0,0,16,0,4.78920083041023,5.40667971596351,5.40453299320371,5.40453299320371,1.78920083041023,2.40667971596351,2.40453299320371,2.40453299320371,single_alias_soft_fusion,1,0.999948907016281,0,1,2.44487951547862,0,no_eligible_disagreement
uniform_32MHz,los_delay_drift,3,30,14,20271019,0,0,16,0,4.84020669735442,5.39031376586815,5.38840079666356,5.38840079666356,1.84020669735442,2.39031376586815,2.38840079666356,2.38840079666356,single_alias_soft_fusion,1,0.999966874841528,0,1,2.17839285456247,0,no_eligible_disagreement
uniform_32MHz,los_delay_drift,3,30,15,20271019,0,0,16,0,4.81573620917559,5.39019305183667,5.38819740915101,5.38819740915101,1.81573620917559,2.39019305183667,2.38819740915101,2.38819740915101,single_alias_soft_fusion,1,0.999958235884169,0,1,2.27440428144924,0,no_eligible_disagreement
uniform_32MHz,los_delay_drift,3,30,16,20271019,0,0,16,0,4.86540943903296,5.39013892557311,5.3883142201339,5.3883142201339,1.86540943903296,2.39013892557311,2.3883142201339,2.3883142201339,single_alias_soft_fusion,1,0.999973361500323,0,1,2.07801694335844,0,no_eligible_disagreement
uniform_32MHz,los_delay_drift,3,30,17,20271019,0,0,16,0,4.79138741216861,5.40007600285976,5.39796000249514,5.39796000249514,1.79138741216861,2.40007600285976,2.39796000249514,2.39796000249514,single_alias_soft_fusion,1,0.999969286450066,0,1,2.41002998811856,0,no_eligible_disagreement
uniform_32MHz,los_delay_drift,3,30,18,20271019,0,0,16,0,4.78600446039814,5.40659509574345,5.40443686712559,5.40443686712559,1.78600446039814,2.40659509574345,2.40443686712559,2.40443686712559,single_alias_soft_fusion,1,0.999972279946551,0,1,2.45797534021787,0,no_eligible_disagreement
uniform_32MHz,los_delay_drift,3,30,19,20271019,0,0,16,0,4.8137271764402,5.39893393643097,5.39689831171853,5.39689831171853,1.8137271764402,2.39893393643097,2.39689831171853,2.39689831171853,single_alias_soft_fusion,1,0.999945303518764,0,1,2.31791261331875,0,no_eligible_disagreement
uniform_32MHz,los_delay_drift,3,30,20,20271019,0,0,16,0,4.81470203755713,5.39087891202379,5.38887642225372,5.38887642225372,1.81470203755713,2.39087891202379,2.38887642225372,2.38887642225372,single_alias_soft_fusion,1,0.999945002746088,0,1,2.281011234819,0,no_eligible_disagreement
uniform_32MHz,los_delay_drift,15,30,1,20271019,0,0,16,0,16.8405942438056,17.4046159559588,17.402653958276,17.402653958276,1.8405942438056,2.40461595595879,2.40265395827598,2.40265395827598,single_alias_soft_fusion,1,0.999971257786599,0,1,2.23376662704289,0,no_eligible_disagreement
uniform_32MHz,los_delay_drift,15,30,2,20271019,0,0,16,0,16.8204906318939,17.4063738237626,17.4043381766572,17.4043381766572,1.82049063189394,2.40637382376264,2.40433817665724,2.40433817665724,single_alias_soft_fusion,1,0.99996430470175,0,1,2.3197159341439,0,no_eligible_disagreement
uniform_32MHz,los_delay_drift,15,30,3,20271019,0,0,16,0,16.7913420523715,17.404575264824,17.4024436773563,17.4024436773563,1.79134205237151,2.404575264824,2.40244367735631,2.40244367735631,single_alias_soft_fusion,1,0.999954162201276,0,1,2.42830597723848,0,no_eligible_disagreement
uniform_32MHz,los_delay_drift,15,30,4,20271019,0,0,16,0,16.7865053553356,17.3904742538837,17.388374287706,17.388374287706,1.78650535533561,2.39047425388373,2.38837428770601,2.38837428770601,single_alias_soft_fusion,1,0.999960628595209,0,1,2.39162726914808,0,no_eligible_disagreement
uniform_32MHz,los_delay_drift,15,30,5,20271019,0,0,16,0,16.8835739200013,17.4051800919758,17.4033676709086,17.4033676709086,1.88357392000129,2.40518009197581,2.40336767090856,2.40336767090856,single_alias_soft_fusion,1,0.999951016816671,0,1,2.06515839731565,0,no_eligible_disagreement
uniform_32MHz,los_delay_drift,15,30,6,20271019,0,0,16,0,16.781820853751,17.4064631577495,17.4042906433758,17.4042906433758,1.78182085375097,2.40646315774955,2.40429064337583,2.40429064337583,single_alias_soft_fusion,1,0.99994878624198,0,1,2.47389499133334,0,no_eligible_disagreement
uniform_32MHz,los_delay_drift,15,30,7,20271019,0,0,16,0,16.8424698621301,17.4041821830672,17.402228037084,17.402228037084,1.84246986213014,2.40418218306723,2.40222803708395,2.40222803708395,single_alias_soft_fusion,1,0.999948601348231,0,1,2.22450448125011,0,no_eligible_disagreement
uniform_32MHz,los_delay_drift,15,30,8,20271019,0,0,16,0,16.8361632237915,17.4024409491852,17.4004718305012,17.4004718305012,1.83616322379155,2.40244094918521,2.40047183050117,2.40047183050117,single_alias_soft_fusion,1,0.999929319082079,0,1,2.24267257374217,0,no_eligible_disagreement
uniform_32MHz,los_delay_drift,15,30,9,20271019,0,0,16,0,16.7801724786945,17.3887394227373,17.3866242601819,17.3866242601819,1.78017247869453,2.38873942273732,2.3866242601819,2.3866242601819,single_alias_soft_fusion,1,0.999964061811441,0,1,2.4097314045123,0,no_eligible_disagreement
uniform_32MHz,los_delay_drift,15,30,10,20271019,0,0,16,0,16.8082945997388,17.4032043054454,17.4011354356179,17.4011354356179,1.80829459973879,2.40320430544536,2.40113543561794,2.40113543561794,single_alias_soft_fusion,1,0.999920638647832,0,1,2.35593866343809,0,no_eligible_disagreement
uniform_32MHz,los_delay_drift,15,30,11,20271019,0,0,16,0,16.8284024109788,17.3946799177958,17.3927115783599,17.3927115783599,1.8284024109788,2.39467991779583,2.39271157835993,2.39271157835993,single_alias_soft_fusion,1,0.999967231326297,0,1,2.24229608915886,0,no_eligible_disagreement
uniform_32MHz,los_delay_drift,15,30,12,20271019,0,0,16,0,16.8430206828901,17.3987974531737,17.3968638595143,17.3968638595143,1.84302068289014,2.39879745317369,2.39686385951432,2.39686385951432,single_alias_soft_fusion,1,0.999930382031013,0,1,2.20139669401636,0,no_eligible_disagreement
uniform_32MHz,los_delay_drift,15,30,13,20271019,0,0,16,0,16.8081566514993,17.3997291385111,17.3976712368542,17.3976712368542,1.80815665149933,2.39972913851112,2.39767123685422,2.39767123685422,single_alias_soft_fusion,1,0.999969341277064,0,1,2.34300582505403,0,no_eligible_disagreement
uniform_32MHz,los_delay_drift,15,30,14,20271019,0,0,16,0,16.7820880410687,17.4010496260911,17.3988976756189,17.3988976756189,1.78208804106868,2.40104962609109,2.39889767561894,2.39889767561894,single_alias_soft_fusion,1,0.999935303460925,0,1,2.45092508936771,0,no_eligible_disagreement
uniform_32MHz,los_delay_drift,15,30,15,20271019,0,0,16,0,16.7672161359109,17.3871652987727,17.3850096359465,17.3850096359465,1.7672161359109,2.38716529877275,2.38500963594649,2.38500963594649,single_alias_soft_fusion,1,0.999937298172571,0,1,2.45476601077267,0,no_eligible_disagreement
uniform_32MHz,los_delay_drift,15,30,16,20271019,0,0,16,0,16.8195272545216,17.4048509927682,17.4028152815201,17.4028152815201,1.81952725452162,2.4048509927682,2.40281528152009,2.40281528152009,single_alias_soft_fusion,1,0.999958969000123,0,1,2.31838148030498,0,no_eligible_disagreement
uniform_32MHz,los_delay_drift,15,30,17,20271019,0,0,16,0,16.8147679864913,17.3960748990256,17.3940546972391,17.3940546972391,1.81476798649129,2.3960748990256,2.39405469723907,2.39405469723907,single_alias_soft_fusion,1,0.999940107411835,0,1,2.3016775241935,0,no_eligible_disagreement
uniform_32MHz,los_delay_drift,15,30,18,20271019,0,0,16,0,16.8317357472835,17.4012783929056,17.3992975757039,17.3992975757039,1.83173574728347,2.40127839290561,2.39929757570395,2.39929757570395,single_alias_soft_fusion,1,0.999905133702568,0,1,2.25574597665979,0,no_eligible_disagreement
uniform_32MHz,los_delay_drift,15,30,19,20271019,0,0,16,0,16.8758670178487,17.4040131268543,17.402176625786,17.402176625786,1.87586701784872,2.40401312685432,2.40217662578597,2.40217662578597,single_alias_soft_fusion,1,0.999942784162164,0,1,2.09144020943288,0,no_eligible_disagreement
uniform_32MHz,los_delay_drift,15,30,20,20271019,0,0,16,0,16.8722731909579,17.3990205825067,17.3971892728926,17.3971892728926,1.87227319095785,2.39902058250673,2.3971892728926,2.3971892728926,single_alias_soft_fusion,1,0.999953153876278,0,1,2.08588172790768,0,no_eligible_disagreement
uniform_64MHz,strong_only,3,0,1,20271019,0.4,60,0,0,7.2207823284911,2.85649058132784,7.2207823284911,2.85649058132784,4.2207823284911,-0.143509418672155,4.2207823284911,-0.143509418672155,range_phase_disagreement_rtt_only,1,0.874111556741628,0,1,3.44367933721637,1,unique_pbr_conflict_candidate_experimental
uniform_64MHz,strong_only,3,0,2,20271019,0.4,60,0,0,7.93532665250062,2.83853028635944,7.93532665250062,2.83853028635944,4.93532665250062,-0.161469713640565,4.93532665250062,-0.161469713640565,range_phase_disagreement_rtt_only,1,0.856231080861064,0,1,4.04429766110385,1,unique_pbr_conflict_candidate_experimental
uniform_64MHz,strong_only,3,0,3,20271019,0.4,60,0,0,7.76594854339633,2.82037423815178,7.76594854339633,2.82037423815178,4.76594854339633,-0.179625761848223,4.76594854339633,-0.179625761848223,range_phase_disagreement_rtt_only,1,0.861361474804253,0,1,3.91706790821079,1,unique_pbr_conflict_candidate_experimental
uniform_64MHz,strong_only,3,0,4,20271019,0.4,60,0,0,7.23802353727486,2.82953670210386,7.23802353727486,2.82953670210386,4.23802353727486,-0.170463297896141,4.23802353727486,-0.170463297896141,range_phase_disagreement_rtt_only,1,0.842854097396577,0,1,3.49303725425486,1,unique_pbr_conflict_candidate_experimental
uniform_64MHz,strong_only,3,0,5,20271019,0.4,60,0,0,6.99613838192729,2.8616899474265,6.99613838192729,2.8616899474265,3.99613838192729,-0.138310052573501,3.99613838192729,-0.138310052573501,range_phase_disagreement_rtt_only,1,0.869560654724255,0,1,3.27923397627304,1,unique_pbr_conflict_candidate_experimental
uniform_64MHz,strong_only,3,0,6,20271019,0.4,60,0,0,7.27304781482298,2.86066072732971,7.27304781482298,2.86066072732971,4.27304781482298,-0.139339272670294,4.27304781482298,-0.139339272670294,range_phase_disagreement_rtt_only,1,0.833888282287985,0,1,3.50299747233702,1,unique_pbr_conflict_candidate_experimental
uniform_64MHz,strong_only,3,0,7,20271019,0.4,60,0,0,7.2997753640529,2.88087475635639,7.2997753640529,2.88087475635639,4.2997753640529,-0.119125243643606,4.2997753640529,-0.119125243643606,range_phase_disagreement_rtt_only,1,0.843079977396527,0,1,3.50857831688803,1,unique_pbr_conflict_candidate_experimental
uniform_64MHz,strong_only,3,0,8,20271019,0.4,60,0,0,6.88616334497569,2.87391803061498,6.88616334497569,2.87391803061498,3.88616334497569,-0.126081969385022,3.88616334497569,-0.126081969385022,range_phase_disagreement_rtt_only,1,0.855676779775394,0,1,3.17955790920465,1,unique_pbr_conflict_candidate_experimental
uniform_64MHz,strong_only,3,0,9,20271019,0.4,60,0,0,7.29408431082189,2.86833447585656,7.29408431082189,2.86833447585656,4.29408431082189,-0.131665524143439,4.29408431082189,-0.131665524143439,range_phase_disagreement_rtt_only,1,0.848429997800434,0,1,3.51337765038739,1,unique_pbr_conflict_candidate_experimental
uniform_64MHz,strong_only,3,0,10,20271019,0.4,60,0,0,7.461875514906,2.85510618128709,7.461875514906,2.85510618128709,4.461875514906,-0.144893818712911,4.461875514906,-0.144893818712911,range_phase_disagreement_rtt_only,1,0.857451764513636,0,1,3.67118257581538,1,unique_pbr_conflict_candidate_experimental
uniform_64MHz,strong_only,3,0,11,20271019,0.4,60,0,0,7.19412343734469,2.91742572861552,7.19412343734469,2.91742572861552,4.19412343734469,-0.082574271384479,4.19412343734469,-0.082574271384479,range_phase_disagreement_rtt_only,1,0.84791329505428,0,1,3.40482888108739,1,unique_pbr_conflict_candidate_experimental
uniform_64MHz,strong_only,3,0,12,20271019,0.4,60,0,0,7.62899233997841,2.87557207308987,7.62899233997841,2.87557207308987,4.62899233997841,-0.124427926910127,4.62899233997841,-0.124427926910127,range_phase_disagreement_rtt_only,1,0.853049065902722,0,1,3.75035931071631,1,unique_pbr_conflict_candidate_experimental
uniform_64MHz,strong_only,3,0,13,20271019,0.4,60,0,0,8.13269247067756,2.85843895833123,8.13269247067756,2.85843895833123,5.13269247067756,-0.141561041668771,5.13269247067756,-0.141561041668771,range_phase_disagreement_rtt_only,1,0.850175486383254,0,1,4.18742396171711,1,unique_pbr_conflict_candidate_experimental
uniform_64MHz,strong_only,3,0,14,20271019,0.4,60,0,0,7.36522204115953,2.92623246095174,7.36522204115953,2.92623246095174,4.36522204115953,-0.0737675390482577,4.36522204115953,-0.0737675390482577,range_phase_disagreement_rtt_only,1,0.844091941077545,0,1,3.51078880849719,1,unique_pbr_conflict_candidate_experimental
uniform_64MHz,strong_only,3,0,15,20271019,0.4,60,0,0,7.17341024529582,2.89977821804773,7.17341024529582,2.89977821804773,4.17341024529582,-0.100221781952268,4.17341024529582,-0.100221781952268,range_phase_disagreement_rtt_only,1,0.846357277424774,0,1,3.3933321340681,1,unique_pbr_conflict_candidate_experimental
uniform_64MHz,strong_only,3,0,16,20271019,0.4,60,0,0,7.52674952252997,2.80556179578178,7.52674952252997,2.80556179578178,4.52674952252997,-0.194438204218224,4.52674952252997,-0.194438204218224,range_phase_disagreement_rtt_only,1,0.847413083661025,0,1,3.74373819623542,1,unique_pbr_conflict_candidate_experimental
uniform_64MHz,strong_only,3,0,17,20271019,0.4,60,0,0,7.90113281267728,2.87837831211144,7.90113281267728,2.87837831211144,4.90113281267728,-0.121621687888557,4.90113281267728,-0.121621687888557,range_phase_disagreement_rtt_only,1,0.856314984500538,0,1,3.99179320931347,1,unique_pbr_conflict_candidate_experimental
uniform_64MHz,strong_only,3,0,18,20271019,0.4,60,0,0,7.99303000820931,2.79277981359281,7.99303000820931,2.79277981359281,4.99303000820931,-0.207220186407195,4.99303000820931,-0.207220186407195,range_phase_disagreement_rtt_only,1,0.843932074119001,0,1,4.12383816703191,1,unique_pbr_conflict_candidate_experimental
uniform_64MHz,strong_only,3,0,19,20271019,0.4,60,0,0,6.71227333318159,2.88086891413247,6.71227333318159,2.88086891413247,3.71227333318159,-0.119131085867529,3.71227333318159,-0.119131085867529,range_phase_disagreement_rtt_only,1,0.850723947244953,0,1,3.05002236321526,1,unique_pbr_conflict_candidate_experimental
uniform_64MHz,strong_only,3,0,20,20271019,0.4,60,0,0,7.20503069512678,2.8564768666103,7.20503069512678,2.8564768666103,4.20503069512678,-0.143523133389698,4.20503069512678,-0.143523133389698,range_phase_disagreement_rtt_only,1,0.872484385643393,0,1,3.47196298167993,1,unique_pbr_conflict_candidate_experimental
uniform_64MHz,strong_only,15,0,1,20271019,0.4,60,0,0,19.3683020780256,14.8924169720217,19.3683020780256,14.8924169720217,4.36830207802561,-0.107583027978322,4.36830207802561,-0.107583027978322,range_phase_disagreement_rtt_only,1,0.854301173483577,0,1,3.55167775224405,1,unique_pbr_conflict_candidate_experimental
uniform_64MHz,strong_only,15,0,2,20271019,0.4,60,0,0,18.4665917769983,14.8569641573059,14.8600675145955,14.8600675145955,3.46659177699834,-0.143035842694124,-0.139932485404465,-0.139932485404465,single_alias_soft_fusion,1,0.863599074459962,0,1,2.86582293025543,0,no_eligible_disagreement
uniform_64MHz,strong_only,15,0,3,20271019,0.4,60,0,0,19.305209816369,14.8738465686191,19.305209816369,14.8738465686191,4.305209816369,-0.126153431380873,4.305209816369,-0.126153431380873,range_phase_disagreement_rtt_only,1,0.850804772346404,0,1,3.5101081667693,1,unique_pbr_conflict_candidate_experimental
uniform_64MHz,strong_only,15,0,4,20271019,0.4,60,0,0,19.4753613690975,14.9212414142677,19.4753613690975,14.9212414142677,4.4753613690975,-0.0787585857323059,4.4753613690975,-0.0787585857323059,range_phase_disagreement_rtt_only,1,0.86095045752848,0,1,3.62231834792067,1,unique_pbr_conflict_candidate_experimental
uniform_64MHz,strong_only,15,0,5,20271019,0.4,60,0,0,19.6623455568155,14.8487359770371,19.6623455568155,14.8487359770371,4.6623455568155,-0.151264022962899,4.6623455568155,-0.151264022962899,range_phase_disagreement_rtt_only,1,0.856537042300855,0,1,3.82663718140689,1,unique_pbr_conflict_candidate_experimental
uniform_64MHz,strong_only,15,0,6,20271019,0.4,60,0,0,19.7208204313869,14.8107150661302,19.7208204313869,14.8107150661302,4.72082043138692,-0.189284933869789,4.72082043138692,-0.189284933869789,range_phase_disagreement_rtt_only,1,0.84447065738114,0,1,3.90173233496807,1,unique_pbr_conflict_candidate_experimental
uniform_64MHz,strong_only,15,0,7,20271019,0.4,60,0,0,20.3345836162639,14.8557762208218,20.3345836162639,14.8557762208218,5.33458361626388,-0.144223779178237,5.33458361626388,-0.144223779178237,range_phase_disagreement_rtt_only,1,0.846296479891399,0,1,4.37080918855315,1,unique_pbr_conflict_candidate_experimental
uniform_64MHz,strong_only,15,0,8,20271019,0.4,60,0,0,19.3922506044158,14.8976675690947,19.3922506044158,14.8976675690947,4.3922506044158,-0.102332430905312,4.3922506044158,-0.102332430905312,range_phase_disagreement_rtt_only,1,0.846436348331533,0,1,3.54115904573514,1,unique_pbr_conflict_candidate_experimental
uniform_64MHz,strong_only,15,0,9,20271019,0.4,60,0,0,19.3293499814472,14.8128815611532,19.3293499814472,14.8128815611532,4.32934998144718,-0.187118438846813,4.32934998144718,-0.187118438846813,range_phase_disagreement_rtt_only,1,0.857893357813726,0,1,3.58193209970044,1,unique_pbr_conflict_candidate_experimental
uniform_64MHz,strong_only,15,0,10,20271019,0.4,60,0,0,18.5686031643215,14.8396889210891,14.8429057384751,14.8429057384751,3.56860316432154,-0.160311078910919,-0.157094261524868,-0.157094261524868,single_alias_soft_fusion,1,0.856343534925753,0,1,2.96127786262672,0,no_eligible_disagreement
uniform_64MHz,strong_only,15,0,11,20271019,0.4,60,0,0,20.3693535774625,14.8553897597606,20.3693535774625,14.8553897597606,5.36935357746254,-0.144610240239388,5.36935357746254,-0.144610240239388,range_phase_disagreement_rtt_only,1,0.871498607694266,0,1,4.38138787026723,1,unique_pbr_conflict_candidate_experimental
uniform_64MHz,strong_only,15,0,12,20271019,0.4,60,0,0,19.3923322433479,14.8736803913348,19.3923322433479,14.8736803913348,4.39233224334791,-0.126319608665209,4.39233224334791,-0.126319608665209,range_phase_disagreement_rtt_only,1,0.852999601205444,0,1,3.58910357368159,1,unique_pbr_conflict_candidate_experimental
uniform_64MHz,strong_only,15,0,13,20271019,0.4,60,0,0,20.0496722891796,14.8834517097807,20.0496722891796,14.8834517097807,5.04967228917963,-0.116548290219274,5.04967228917963,-0.116548290219274,range_phase_disagreement_rtt_only,1,0.832753137664449,0,1,4.09359366599258,1,unique_pbr_conflict_candidate_experimental
uniform_64MHz,strong_only,15,0,14,20271019,0.4,60,0,0,18.3320202657118,14.8512550223289,14.8541901207755,14.8541901207755,3.33202026571175,-0.148744977671084,-0.145809879224457,-0.145809879224457,single_alias_soft_fusion,1,0.853199048997566,0,1,2.7598162937661,0,no_eligible_disagreement
uniform_64MHz,strong_only,15,0,15,20271019,0.4,60,0,0,20.4259040013186,14.854402587446,20.4259040013186,14.854402587446,5.42590400131865,-0.145597412554013,5.42590400131865,-0.145597412554013,range_phase_disagreement_rtt_only,1,0.843711492738571,0,1,4.435242757879,1,unique_pbr_conflict_candidate_experimental
uniform_64MHz,strong_only,15,0,16,20271019,0.4,60,0,0,18.2570366755802,14.820979234075,14.8239796775693,14.8239796775693,3.25703667558022,-0.179020765925024,-0.176020322430727,-0.176020322430727,single_alias_soft_fusion,1,0.856163936178477,0,1,2.73037955940998,0,no_eligible_disagreement
uniform_64MHz,strong_only,15,0,17,20271019,0.4,60,0,0,19.5440952545019,14.8795879162723,19.5440952545019,14.8795879162723,4.54409525450186,-0.120412083727654,4.54409525450186,-0.120412083727654,range_phase_disagreement_rtt_only,1,0.849075863835566,0,1,3.6927434777262,1,unique_pbr_conflict_candidate_experimental
uniform_64MHz,strong_only,15,0,18,20271019,0.4,60,0,0,19.7160258154734,14.8316804971295,19.7160258154734,14.8316804971295,4.71602581547337,-0.168319502870482,4.71602581547337,-0.168319502870482,range_phase_disagreement_rtt_only,1,0.850775025503771,0,1,3.87582453321356,1,unique_pbr_conflict_candidate_experimental
uniform_64MHz,strong_only,15,0,19,20271019,0.4,60,0,0,19.6679616854832,14.8766518572923,19.6679616854832,14.8766518572923,4.66796168548318,-0.123348142707748,4.66796168548318,-0.123348142707748,range_phase_disagreement_rtt_only,1,0.857091270656817,0,1,3.80173584654286,1,unique_pbr_conflict_candidate_experimental
uniform_64MHz,strong_only,15,0,20,20271019,0.4,60,0,0,20.2159402087928,14.8730555621421,20.2159402087928,14.8730555621421,5.21594020879277,-0.126944437857876,5.21594020879277,-0.126944437857876,range_phase_disagreement_rtt_only,1,0.853666299593227,0,1,4.24289823965318,1,unique_pbr_conflict_candidate_experimental
uniform_64MHz,strong_only,3,15,1,20271019,0.4,60,0,0,7.32443341080581,2.87697896610252,7.32443341080581,2.87697896610252,4.32443341080581,-0.123021033897476,4.32443341080581,-0.123021033897476,range_phase_disagreement_rtt_only,1,0.855121407571349,0,1,16.1260567861621,1,unique_pbr_conflict_candidate_experimental
uniform_64MHz,strong_only,3,15,2,20271019,0.4,60,0,0,7.47048669530967,2.87136347961454,7.47048669530967,2.87136347961454,4.47048669530967,-0.128636520385459,4.47048669530967,-0.128636520385459,range_phase_disagreement_rtt_only,1,0.848385178185543,0,1,16.6680450764825,1,unique_pbr_conflict_candidate_experimental
uniform_64MHz,strong_only,3,15,3,20271019,0.4,60,0,0,7.42198531813296,2.87994077931594,7.42198531813296,2.87994077931594,4.42198531813296,-0.120059220684056,4.42198531813296,-0.120059220684056,range_phase_disagreement_rtt_only,1,0.849399456046331,0,1,16.4375168416306,1,unique_pbr_conflict_candidate_experimental
uniform_64MHz,strong_only,3,15,4,20271019,0.4,60,0,0,7.25446314855625,2.86072775568889,7.25446314855625,2.86072775568889,4.25446314855625,-0.139272244311107,4.25446314855625,-0.139272244311107,range_phase_disagreement_rtt_only,1,0.85004448153111,0,1,15.9569111351076,1,unique_pbr_conflict_candidate_experimental
uniform_64MHz,strong_only,3,15,5,20271019,0.4,60,0,0,7.30691210653169,2.86129506682712,7.30691210653169,2.86129506682712,4.30691210653169,-0.138704933172878,4.30691210653169,-0.138704933172878,range_phase_disagreement_rtt_only,1,0.850533601766394,0,1,16.0875659554774,1,unique_pbr_conflict_candidate_experimental
uniform_64MHz,strong_only,3,15,6,20271019,0.4,60,0,0,7.57111499665962,2.86749307795589,7.57111499665962,2.86749307795589,4.57111499665962,-0.132506922044111,4.57111499665962,-0.132506922044111,range_phase_disagreement_rtt_only,1,0.849184227118484,0,1,17.0250225651631,1,unique_pbr_conflict_candidate_experimental
uniform_64MHz,strong_only,3,15,7,20271019,0.4,60,0,0,7.39138324279047,2.87442109676008,7.39138324279047,2.87442109676008,4.39138324279047,-0.125578903239919,4.39138324279047,-0.125578903239919,range_phase_disagreement_rtt_only,1,0.850246693492942,0,1,16.3776243974481,1,unique_pbr_conflict_candidate_experimental
uniform_64MHz,strong_only,3,15,8,20271019,0.4,60,0,0,7.34483085213756,2.85945437129293,7.34483085213756,2.85945437129293,4.34483085213756,-0.140545628707073,4.34483085213756,-0.140545628707073,range_phase_disagreement_rtt_only,1,0.851558318472051,0,1,16.2485727429343,1,unique_pbr_conflict_candidate_experimental
uniform_64MHz,strong_only,3,15,9,20271019,0.4,60,0,0,7.48133442583005,2.86960387853498,7.48133442583005,2.86960387853498,4.48133442583005,-0.130396121465022,4.48133442583005,-0.130396121465022,range_phase_disagreement_rtt_only,1,0.851013658686432,0,1,16.6863107077851,1,unique_pbr_conflict_candidate_experimental
uniform_64MHz,strong_only,3,15,10,20271019,0.4,60,0,0,7.32275432483872,2.87152843704336,7.32275432483872,2.87152843704336,4.32275432483872,-0.128471562956638,4.32275432483872,-0.128471562956638,range_phase_disagreement_rtt_only,1,0.847935528573499,0,1,16.1449895214345,1,unique_pbr_conflict_candidate_experimental
uniform_64MHz,strong_only,3,15,11,20271019,0.4,60,0,0,7.46766090961355,2.8712746228919,7.46766090961355,2.8712746228919,4.46766090961355,-0.128725377108099,4.46766090961355,-0.128725377108099,range_phase_disagreement_rtt_only,1,0.851456335273256,0,1,16.6422161814078,1,unique_pbr_conflict_candidate_experimental
uniform_64MHz,strong_only,3,15,12,20271019,0.4,60,0,0,7.34672676244081,2.87580514325882,7.34672676244081,2.87580514325882,4.34672676244081,-0.12419485674118,4.34672676244081,-0.12419485674118,range_phase_disagreement_rtt_only,1,0.848486154060509,0,1,16.1883190044541,1,unique_pbr_conflict_candidate_experimental
uniform_64MHz,strong_only,3,15,13,20271019,0.4,60,0,0,7.3038274328457,2.87174111334585,7.3038274328457,2.87174111334585,4.3038274328457,-0.128258886654153,4.3038274328457,-0.128258886654153,range_phase_disagreement_rtt_only,1,0.847948878584667,0,1,16.080238846534,1,unique_pbr_conflict_candidate_experimental
uniform_64MHz,strong_only,3,15,14,20271019,0.4,60,0,0,7.41076607733103,2.84827387111246,7.41076607733103,2.84827387111246,4.41076607733103,-0.151726128887539,4.41076607733103,-0.151726128887539,range_phase_disagreement_rtt_only,1,0.853821509819627,0,1,16.5532794548626,1,unique_pbr_conflict_candidate_experimental
uniform_64MHz,strong_only,3,15,15,20271019,0.4,60,0,0,7.39287606694717,2.87036188312311,7.39287606694717,2.87036188312311,4.39287606694717,-0.12963811687689,4.39287606694717,-0.12963811687689,range_phase_disagreement_rtt_only,1,0.846739111287003,0,1,16.3634693507973,1,unique_pbr_conflict_candidate_experimental
uniform_64MHz,strong_only,3,15,16,20271019,0.4,60,0,0,7.14543137829298,2.87105516773635,7.14543137829298,2.87105516773635,4.14543137829298,-0.128944832263648,4.14543137829298,-0.128944832263648,range_phase_disagreement_rtt_only,1,0.851758436204926,0,1,15.4830963554632,1,unique_pbr_conflict_candidate_experimental
uniform_64MHz,strong_only,3,15,17,20271019,0.4,60,0,0,7.64958166816438,2.86627718635938,7.64958166816438,2.86627718635938,4.64958166816438,-0.133722813640618,4.64958166816438,-0.133722813640618,range_phase_disagreement_rtt_only,1,0.850708829961518,0,1,17.3213427829805,1,unique_pbr_conflict_candidate_experimental
uniform_64MHz,strong_only,3,15,18,20271019,0.4,60,0,0,7.35976971077011,2.87282897130141,7.35976971077011,2.87282897130141,4.35976971077011,-0.127171028698593,4.35976971077011,-0.127171028698593,range_phase_disagreement_rtt_only,1,0.848783642061372,0,1,16.2193978211059,1,unique_pbr_conflict_candidate_experimental
uniform_64MHz,strong_only,3,15,19,20271019,0.4,60,0,0,7.33253498988458,2.86811007928236,7.33253498988458,2.86811007928236,4.33253498988458,-0.13188992071764,4.33253498988458,-0.13188992071764,range_phase_disagreement_rtt_only,1,0.848730367631416,0,1,16.1688321619159,1,unique_pbr_conflict_candidate_experimental
uniform_64MHz,strong_only,3,15,20,20271019,0.4,60,0,0,7.38772205268695,2.87450632560873,7.38772205268695,2.87450632560873,4.38772205268695,-0.125493674391268,4.38772205268695,-0.125493674391268,range_phase_disagreement_rtt_only,1,0.848531292069667,0,1,16.3485165182687,1,unique_pbr_conflict_candidate_experimental
uniform_64MHz,strong_only,15,15,1,20271019,0.4,60,0,0,19.266968690964,14.8709746676328,19.266968690964,14.8709746676328,4.26696869096405,-0.129025332367164,4.26696869096405,-0.129025332367164,range_phase_disagreement_rtt_only,1,0.849836465690137,0,1,15.899509770362,1,unique_pbr_conflict_candidate_experimental
uniform_64MHz,strong_only,15,15,2,20271019,0.4,60,0,0,19.4511435632343,14.8733290901794,19.4511435632343,14.8733290901794,4.45114356323425,-0.126670909820621,4.45114356323425,-0.126670909820621,range_phase_disagreement_rtt_only,1,0.849989904271942,0,1,16.5992266646782,1,unique_pbr_conflict_candidate_experimental
uniform_64MHz,strong_only,15,15,3,20271019,0.4,60,0,0,19.3922754180602,14.856400037256,19.3922754180602,14.856400037256,4.3922754180602,-0.143599962744013,4.3922754180602,-0.143599962744013,range_phase_disagreement_rtt_only,1,0.845447564140479,0,1,16.4526443040513,1,unique_pbr_conflict_candidate_experimental
uniform_64MHz,strong_only,15,15,4,20271019,0.4,60,0,0,19.2152734955081,14.8654364065426,19.2152734955081,14.8654364065426,4.21527349550813,-0.134563593457372,4.21527349550813,-0.134563593457372,range_phase_disagreement_rtt_only,1,0.847288300964885,0,1,15.7361028796502,1,unique_pbr_conflict_candidate_experimental
uniform_64MHz,strong_only,15,15,5,20271019,0.4,60,0,0,19.5010824234602,14.8738254791404,19.5010824234602,14.8738254791404,4.50108242346021,-0.126174520859639,4.50108242346021,-0.126174520859639,range_phase_disagreement_rtt_only,1,0.849596013174683,0,1,16.7678377674057,1,unique_pbr_conflict_candidate_experimental
uniform_64MHz,strong_only,15,15,6,20271019,0.4,60,0,0,19.2555434718486,14.8658329913753,19.2555434718486,14.8658329913753,4.25554347184863,-0.134167008624734,4.25554347184863,-0.134167008624734,range_phase_disagreement_rtt_only,1,0.85199412420599,0,1,15.8915033629439,1,unique_pbr_conflict_candidate_experimental
uniform_64MHz,strong_only,15,15,7,20271019,0.4,60,0,0,19.3945354868793,14.8592909347821,19.3945354868793,14.8592909347821,4.39453548687932,-0.140709065217933,4.39453548687932,-0.140709065217933,range_phase_disagreement_rtt_only,1,0.848724538254157,0,1,16.4266744615108,1,unique_pbr_conflict_candidate_experimental
uniform_64MHz,strong_only,15,15,8,20271019,0.4,60,0,0,19.5545700599393,14.8629966076985,19.5545700599393,14.8629966076985,4.5545700599393,-0.137003392301523,4.5545700599393,-0.137003392301523,range_phase_disagreement_rtt_only,1,0.849462166271866,0,1,16.9370462089011,1,unique_pbr_conflict_candidate_experimental
uniform_64MHz,strong_only,15,15,9,20271019,0.4,60,0,0,19.1939677726843,14.8668076995107,19.1939677726843,14.8668076995107,4.19396777268431,-0.133192300489348,4.19396777268431,-0.133192300489348,range_phase_disagreement_rtt_only,1,0.850016975162059,0,1,15.6677998277775,1,unique_pbr_conflict_candidate_experimental
uniform_64MHz,strong_only,15,15,10,20271019,0.4,60,0,0,19.3456174797397,14.8718858345979,19.3456174797397,14.8718858345979,4.34561747973966,-0.128114165402144,4.34561747973966,-0.128114165402144,range_phase_disagreement_rtt_only,1,0.851341735202974,0,1,16.1993581521723,1,unique_pbr_conflict_candidate_experimental
uniform_64MHz,strong_only,15,15,11,20271019,0.4,60,0,0,19.3046686642627,14.8718999760357,19.3046686642627,14.8718999760357,4.3046686642627,-0.128100023964343,4.3046686642627,-0.128100023964343,range_phase_disagreement_rtt_only,1,0.847496883939129,0,1,16.042205132904,1,unique_pbr_conflict_candidate_experimental
uniform_64MHz,strong_only,15,15,12,20271019,0.4,60,0,0,19.3671296441198,14.8674670220607,19.3671296441198,14.8674670220607,4.36712964411979,-0.132532977939292,4.36712964411979,-0.132532977939292,range_phase_disagreement_rtt_only,1,0.848609132178862,0,1,16.3349473223215,1,unique_pbr_conflict_candidate_experimental
uniform_64MHz,strong_only,15,15,13,20271019,0.4,60,0,0,19.455331458605,14.8650173619232,19.455331458605,14.8650173619232,4.45533145860504,-0.134982638076815,4.45533145860504,-0.134982638076815,range_phase_disagreement_rtt_only,1,0.849206886672567,0,1,16.6358206450294,1,unique_pbr_conflict_candidate_experimental
uniform_64MHz,strong_only,15,15,14,20271019,0.4,60,0,0,19.4022926849139,14.8638497641006,19.4022926849139,14.8638497641006,4.4022926849139,-0.13615023589943,4.4022926849139,-0.13615023589943,range_phase_disagreement_rtt_only,1,0.847179479641348,0,1,16.4191203716195,1,unique_pbr_conflict_candidate_experimental
uniform_64MHz,strong_only,15,15,15,20271019,0.4,60,0,0,19.3452782977786,14.8664198596595,19.3452782977786,14.8664198596595,4.34527829777857,-0.133580140340452,4.34527829777857,-0.133580140340452,range_phase_disagreement_rtt_only,1,0.854297187012103,0,1,16.2474239555403,1,unique_pbr_conflict_candidate_experimental
uniform_64MHz,strong_only,15,15,16,20271019,0.4,60,0,0,19.34469180683,14.8637139887777,19.34469180683,14.8637139887777,4.34469180683002,-0.136286011222312,4.34469180683002,-0.136286011222312,range_phase_disagreement_rtt_only,1,0.848760951053058,0,1,16.2455808546261,1,unique_pbr_conflict_candidate_experimental
uniform_64MHz,strong_only,15,15,17,20271019,0.4,60,0,0,19.2970446183474,14.8637147675593,19.2970446183474,14.8637147675593,4.2970446183474,-0.136285232440748,4.2970446183474,-0.136285232440748,range_phase_disagreement_rtt_only,1,0.848573625371499,0,1,16.0404280928533,1,unique_pbr_conflict_candidate_experimental
uniform_64MHz,strong_only,15,15,18,20271019,0.4,60,0,0,19.4404393271156,14.8756357916428,19.4404393271156,14.8756357916428,4.44043932711559,-0.124364208357182,4.44043932711559,-0.124364208357182,range_phase_disagreement_rtt_only,1,0.85259031873268,0,1,16.5117267370712,1,unique_pbr_conflict_candidate_experimental
uniform_64MHz,strong_only,15,15,19,20271019,0.4,60,0,0,19.2428040184835,14.8649875990853,19.2428040184835,14.8649875990853,4.24280401848345,-0.1350124009147,4.24280401848345,-0.1350124009147,range_phase_disagreement_rtt_only,1,0.848996600023157,0,1,15.9193984489406,1,unique_pbr_conflict_candidate_experimental
uniform_64MHz,strong_only,15,15,20,20271019,0.4,60,0,0,19.2518696440082,14.867181453666,19.2518696440082,14.867181453666,4.2518696440082,-0.132818546334041,4.2518696440082,-0.132818546334041,range_phase_disagreement_rtt_only,1,0.851151261835835,0,1,15.8379009470196,1,unique_pbr_conflict_candidate_experimental
uniform_64MHz,strong_only,3,30,1,20271019,0.4,60,0,0,7.43193942256459,2.8767757811265,7.43193942256459,2.8767757811265,4.43193942256459,-0.123224218873498,4.43193942256459,-0.123224218873498,range_phase_disagreement_rtt_only,1,0.847233637569992,0,1,17.9521589007123,1,unique_pbr_conflict_candidate_experimental
uniform_64MHz,strong_only,3,30,2,20271019,0.4,60,0,0,7.41637782076581,2.87304774066348,7.41637782076581,2.87304774066348,4.41637782076581,-0.126952259336525,4.41637782076581,-0.126952259336525,range_phase_disagreement_rtt_only,1,0.848925279004165,0,1,17.9056670881561,1,unique_pbr_conflict_candidate_experimental
uniform_64MHz,strong_only,3,30,3,20271019,0.4,60,0,0,7.4413531514924,2.87756099785148,7.4413531514924,2.87756099785148,4.4413531514924,-0.12243900214852,4.4413531514924,-0.12243900214852,range_phase_disagreement_rtt_only,1,0.847710686047126,0,1,17.9887613833851,1,unique_pbr_conflict_candidate_experimental
uniform_64MHz,strong_only,3,30,4,20271019,0.4,60,0,0,7.41648809456127,2.87517094309763,7.41648809456127,2.87517094309763,4.41648809456127,-0.124829056902367,4.41648809456127,-0.124829056902367,range_phase_disagreement_rtt_only,1,0.847086317643409,0,1,17.9037515366653,1,unique_pbr_conflict_candidate_experimental
uniform_64MHz,strong_only,3,30,5,20271019,0.4,60,0,0,7.4127497269221,2.87095864014479,7.4127497269221,2.87095864014479,4.4127497269221,-0.12904135985521,4.4127497269221,-0.12904135985521,range_phase_disagreement_rtt_only,1,0.849290121195903,0,1,17.8985376474143,1,unique_pbr_conflict_candidate_experimental
uniform_64MHz,strong_only,3,30,6,20271019,0.4,60,0,0,7.44986370552238,2.87051724353549,7.44986370552238,2.87051724353549,4.44986370552238,-0.12948275646451,4.44986370552238,-0.12948275646451,range_phase_disagreement_rtt_only,1,0.848075671822681,0,1,18.0490475833669,1,unique_pbr_conflict_candidate_experimental
uniform_64MHz,strong_only,3,30,7,20271019,0.4,60,0,0,7.39517443512501,2.87077456906704,7.39517443512501,2.87077456906704,4.39517443512501,-0.129225430932957,4.39517443512501,-0.129225430932957,range_phase_disagreement_rtt_only,1,0.846461634334563,0,1,17.8340697788635,1,unique_pbr_conflict_candidate_experimental
uniform_64MHz,strong_only,3,30,8,20271019,0.4,60,0,0,7.39778750342193,2.86799987371704,7.39778750342193,2.86799987371704,4.39778750342193,-0.132000126282956,4.39778750342193,-0.132000126282956,range_phase_disagreement_rtt_only,1,0.844829799514106,0,1,17.8541091671881,1,unique_pbr_conflict_candidate_experimental
uniform_64MHz,strong_only,3,30,9,20271019,0.4,60,0,0,7.39556403857202,2.87501714359756,7.39556403857202,2.87501714359756,4.39556403857202,-0.124982856402442,4.39556403857202,-0.124982856402442,range_phase_disagreement_rtt_only,1,0.847113327159586,0,1,17.817314543386,1,unique_pbr_conflict_candidate_experimental
uniform_64MHz,strong_only,3,30,10,20271019,0.4,60,0,0,7.43639014787209,2.87111292216021,7.43639014787209,2.87111292216021,4.43639014787209,-0.128887077839786,4.43639014787209,-0.128887077839786,range_phase_disagreement_rtt_only,1,0.847039632514429,0,1,17.9954164480125,1,unique_pbr_conflict_candidate_experimental
uniform_64MHz,strong_only,3,30,11,20271019,0.4,60,0,0,7.40971511295738,2.87369656837104,7.40971511295738,2.87369656837104,4.40971511295738,-0.12630343162896,4.40971511295738,-0.12630343162896,range_phase_disagreement_rtt_only,1,0.846184644803617,0,1,17.8821206483659,1,unique_pbr_conflict_candidate_experimental
uniform_64MHz,strong_only,3,30,12,20271019,0.4,60,0,0,7.41966479399168,2.87608141398096,7.41966479399168,2.87608141398096,4.41966479399168,-0.123918586019041,4.41966479399168,-0.123918586019041,range_phase_disagreement_rtt_only,1,0.84694344170672,0,1,17.9121979630566,1,unique_pbr_conflict_candidate_experimental
uniform_64MHz,strong_only,3,30,13,20271019,0.4,60,0,0,7.42300411443193,2.87266256845436,7.42300411443193,2.87266256845436,4.42300411443193,-0.127337431545635,4.42300411443193,-0.127337431545635,range_phase_disagreement_rtt_only,1,0.850025728850125,0,1,17.9392141222596,1,unique_pbr_conflict_candidate_experimental
uniform_64MHz,strong_only,3,30,14,20271019,0.4,60,0,0,7.41514064189926,2.87140759002877,7.41514064189926,2.87140759002877,4.41514064189926,-0.128592409971225,4.41514064189926,-0.128592409971225,range_phase_disagreement_rtt_only,1,0.845950171895356,0,1,17.9121653220365,1,unique_pbr_conflict_candidate_experimental
uniform_64MHz,strong_only,3,30,15,20271019,0.4,60,0,0,7.40847221445908,2.87173909637205,7.40847221445908,2.87173909637205,4.40847221445908,-0.128260903627953,4.40847221445908,-0.128260903627953,range_phase_disagreement_rtt_only,1,0.84788007946422,0,1,17.8817573358442,1,unique_pbr_conflict_candidate_experimental
uniform_64MHz,strong_only,3,30,16,20271019,0.4,60,0,0,7.39505809658716,2.86904678328384,7.39505809658716,2.86904678328384,4.39505809658716,-0.130953216716162,4.39505809658716,-0.130953216716162,range_phase_disagreement_rtt_only,1,0.84789827892559,0,1,17.8400129982263,1,unique_pbr_conflict_candidate_experimental
uniform_64MHz,strong_only,3,30,17,20271019,0.4,60,0,0,7.43677560157291,2.87369496416845,7.43677560157291,2.87369496416845,4.43677560157291,-0.126305035831548,4.43677560157291,-0.126305035831548,range_phase_disagreement_rtt_only,1,0.847590920607712,0,1,17.9880629275744,1,unique_pbr_conflict_candidate_experimental
uniform_64MHz,strong_only,3,30,18,20271019,0.4,60,0,0,7.46128137172586,2.87525867236011,7.46128137172586,2.87525867236011,4.46128137172586,-0.124741327639891,4.46128137172586,-0.124741327639891,range_phase_disagreement_rtt_only,1,0.846817739829527,0,1,18.0778792654694,1,unique_pbr_conflict_candidate_experimental
uniform_64MHz,strong_only,3,30,19,20271019,0.4,60,0,0,7.39219316216707,2.8735742654427,7.39219316216707,2.8735742654427,4.39219316216707,-0.126425734557302,4.39219316216707,-0.126425734557302,range_phase_disagreement_rtt_only,1,0.850222252511774,0,1,17.815441303478,1,unique_pbr_conflict_candidate_experimental
uniform_64MHz,strong_only,3,30,20,20271019,0.4,60,0,0,7.42000859774008,2.87199124546196,7.42000859774008,2.87199124546196,4.42000859774008,-0.128008754538043,4.42000859774008,-0.128008754538043,range_phase_disagreement_rtt_only,1,0.846959546336958,0,1,17.930848745633,1,unique_pbr_conflict_candidate_experimental
uniform_64MHz,strong_only,15,30,1,20271019,0.4,60,0,0,19.386039207128,14.8751882420342,19.386039207128,14.8751882420342,4.38603920712805,-0.124811757965846,4.38603920712805,-0.124811757965846,range_phase_disagreement_rtt_only,1,0.85041255043664,0,1,17.7839183744536,1,unique_pbr_conflict_candidate_experimental
uniform_64MHz,strong_only,15,30,2,20271019,0.4,60,0,0,19.4139402699281,14.8705584569053,19.4139402699281,14.8705584569053,4.41394026992806,-0.129441543094664,4.41394026992806,-0.129441543094664,range_phase_disagreement_rtt_only,1,0.84686011059378,0,1,17.9101690017532,1,unique_pbr_conflict_candidate_experimental
uniform_64MHz,strong_only,15,30,3,20271019,0.4,60,0,0,19.4375635301931,14.8710398588542,19.4375635301931,14.8710398588542,4.4375635301931,-0.128960141145772,4.4375635301931,-0.128960141145772,range_phase_disagreement_rtt_only,1,0.847106162619797,0,1,18.0014821214498,1,unique_pbr_conflict_candidate_experimental
uniform_64MHz,strong_only,15,30,4,20271019,0.4,60,0,0,19.3964707646673,14.8713778495313,19.3964707646673,14.8713778495313,4.3964707646673,-0.128622150468697,4.3964707646673,-0.128622150468697,range_phase_disagreement_rtt_only,1,0.849831123659356,0,1,17.8389676179003,1,unique_pbr_conflict_candidate_experimental
uniform_64MHz,strong_only,15,30,5,20271019,0.4,60,0,0,19.4693848426119,14.8767596215873,19.4693848426119,14.8767596215873,4.46938484261187,-0.123240378412694,4.46938484261187,-0.123240378412694,range_phase_disagreement_rtt_only,1,0.846125055891138,0,1,18.1045825700185,1,unique_pbr_conflict_candidate_experimental
uniform_64MHz,strong_only,15,30,6,20271019,0.4,60,0,0,19.4418974338176,14.8706334501367,19.4418974338176,14.8706334501367,4.44189743381761,-0.129366549863253,4.44189743381761,-0.129366549863253,range_phase_disagreement_rtt_only,1,0.846720603099329,0,1,18.0214104016919,1,unique_pbr_conflict_candidate_experimental
uniform_64MHz,strong_only,15,30,7,20271019,0.4,60,0,0,19.4417549038129,14.8742996618207,19.4417549038129,14.8742996618207,4.44175490381287,-0.125700338179318,4.44175490381287,-0.125700338179318,range_phase_disagreement_rtt_only,1,0.846151546763934,0,1,18.00096957655,1,unique_pbr_conflict_candidate_experimental
uniform_64MHz,strong_only,15,30,8,20271019,0.4,60,0,0,19.4792007955577,14.87701769986,19.4792007955577,14.87701769986,4.47920079555766,-0.122982300140016,4.47920079555766,-0.122982300140016,range_phase_disagreement_rtt_only,1,0.850265370458456,0,1,18.1386093467534,1,unique_pbr_conflict_candidate_experimental
uniform_64MHz,strong_only,15,30,9,20271019,0.4,60,0,0,19.4113674068875,14.8592089035331,19.4113674068875,14.8592089035331,4.41136740688751,-0.140791096466916,4.41136740688751,-0.140791096466916,range_phase_disagreement_rtt_only,1,0.848062642630733,0,1,17.9459490204128,1,unique_pbr_conflict_candidate_experimental
uniform_64MHz,strong_only,15,30,10,20271019,0.4,60,0,0,19.4100554565271,14.8703215703623,19.4100554565271,14.8703215703623,4.41005545652706,-0.129678429637659,4.41005545652706,-0.129678429637659,range_phase_disagreement_rtt_only,1,0.847138234158745,0,1,17.8957894589617,1,unique_pbr_conflict_candidate_experimental
uniform_64MHz,strong_only,15,30,11,20271019,0.4,60,0,0,19.4228470147824,14.8756660228915,19.4228470147824,14.8756660228915,4.4228470147824,-0.124333977108488,4.4228470147824,-0.124333977108488,range_phase_disagreement_rtt_only,1,0.847898670571375,0,1,17.9248830790799,1,unique_pbr_conflict_candidate_experimental
uniform_64MHz,strong_only,15,30,12,20271019,0.4,60,0,0,19.3833221845938,14.8755540264013,19.3833221845938,14.8755540264013,4.3833221845938,-0.124445973598684,4.3833221845938,-0.124445973598684,range_phase_disagreement_rtt_only,1,0.847638059393629,0,1,17.7665110301203,1,unique_pbr_conflict_candidate_experimental
uniform_64MHz,strong_only,15,30,13,20271019,0.4,60,0,0,19.4179252116999,14.8722078867793,19.4179252116999,14.8722078867793,4.41792521169992,-0.127792113220746,4.41792521169992,-0.127792113220746,range_phase_disagreement_rtt_only,1,0.845480011393761,0,1,17.919271157294,1,unique_pbr_conflict_candidate_experimental
uniform_64MHz,strong_only,15,30,14,20271019,0.4,60,0,0,19.4638016127916,14.8701973595219,19.4638016127916,14.8701973595219,4.46380161279158,-0.129802640478131,4.46380161279158,-0.129802640478131,range_phase_disagreement_rtt_only,1,0.848956037028272,0,1,18.1064103141912,1,unique_pbr_conflict_candidate_experimental
uniform_64MHz,strong_only,15,30,15,20271019,0.4,60,0,0,19.4250906529547,14.8665287031936,19.4250906529547,14.8665287031936,4.42509065295473,-0.133471296806428,4.42509065295473,-0.133471296806428,range_phase_disagreement_rtt_only,1,0.845890020482906,0,1,17.9710223278795,1,unique_pbr_conflict_candidate_experimental
uniform_64MHz,strong_only,15,30,16,20271019,0.4,60,0,0,19.4170098984459,14.8706863276555,19.4170098984459,14.8706863276555,4.41700989844587,-0.129313672344512,4.41700989844587,-0.129313672344512,range_phase_disagreement_rtt_only,1,0.847723147350259,0,1,17.9219750461398,1,unique_pbr_conflict_candidate_experimental
uniform_64MHz,strong_only,15,30,17,20271019,0.4,60,0,0,19.435797111661,14.8695604550788,19.435797111661,14.8695604550788,4.43579711166096,-0.130439544921218,4.43579711166096,-0.130439544921218,range_phase_disagreement_rtt_only,1,0.847057087641099,0,1,17.9987087909473,1,unique_pbr_conflict_candidate_experimental
uniform_64MHz,strong_only,15,30,18,20271019,0.4,60,0,0,19.4393237670046,14.870668084153,19.4393237670046,14.870668084153,4.43932376700456,-0.129331915846954,4.43932376700456,-0.129331915846954,range_phase_disagreement_rtt_only,1,0.846212440804379,0,1,18.0055773001275,1,unique_pbr_conflict_candidate_experimental
uniform_64MHz,strong_only,15,30,19,20271019,0.4,60,0,0,19.4485466416244,14.8709291225391,19.4485466416244,14.8709291225391,4.44854664162445,-0.129070877460885,4.44854664162445,-0.129070877460885,range_phase_disagreement_rtt_only,1,0.848953099021178,0,1,18.04410663378,1,unique_pbr_conflict_candidate_experimental
uniform_64MHz,strong_only,15,30,20,20271019,0.4,60,0,0,19.4685322870553,14.8739197866981,19.4685322870553,14.8739197866981,4.46853228705525,-0.126080213301883,4.46853228705525,-0.126080213301883,range_phase_disagreement_rtt_only,1,0.848352482225318,0,1,18.1119625033957,1,unique_pbr_conflict_candidate_experimental
uniform_64MHz,strong_delay_drift,3,0,1,20271019,0.4,60,16,0,9.23628016484728,5.27424880190368,9.23628016484728,5.27424880190368,6.23628016484728,2.27424880190368,6.23628016484728,2.27424880190368,range_phase_disagreement_rtt_only,1,0.867376105827742,0,1,3.40498367985883,1,unique_pbr_conflict_candidate_experimental
uniform_64MHz,strong_delay_drift,3,0,2,20271019,0.4,60,16,0,9.38658493022011,5.23339250172067,9.38658493022011,5.23339250172067,6.38658493022011,2.23339250172067,6.38658493022011,2.23339250172067,range_phase_disagreement_rtt_only,1,0.848895666522139,0,1,3.56884202679406,1,unique_pbr_conflict_candidate_experimental
uniform_64MHz,strong_delay_drift,3,0,3,20271019,0.4,60,16,0,9.32165592779383,5.31841058434519,9.32165592779383,5.31841058434519,6.32165592779383,2.31841058434519,6.32165592779383,2.31841058434519,range_phase_disagreement_rtt_only,1,0.860154453123738,0,1,3.45707389598674,1,unique_pbr_conflict_candidate_experimental
uniform_64MHz,strong_delay_drift,3,0,4,20271019,0.4,60,16,0,9.29654369069904,5.25154799355229,9.29654369069904,5.25154799355229,6.29654369069904,2.25154799355229,6.29654369069904,2.25154799355229,range_phase_disagreement_rtt_only,1,0.861867119611336,0,1,3.49458720824169,1,unique_pbr_conflict_candidate_experimental
uniform_64MHz,strong_delay_drift,3,0,5,20271019,0.4,60,16,0,8.49797206488287,5.2613815934498,5.26478625971792,5.26478625971792,5.49797206488287,2.2613815934498,2.26478625971792,2.26478625971792,single_alias_soft_fusion,1,0.845870502635638,0,1,2.78750565737105,0,no_eligible_disagreement
uniform_64MHz,strong_delay_drift,3,0,6,20271019,0.4,60,16,0,9.45133562431578,5.24692099371815,9.45133562431578,5.24692099371815,6.45133562431578,2.24692099371815,6.45133562431578,2.24692099371815,range_phase_disagreement_rtt_only,1,0.847057730541134,0,1,3.64329245037253,1,unique_pbr_conflict_candidate_experimental
uniform_64MHz,strong_delay_drift,3,0,7,20271019,0.4,60,16,0,7.30891248419941,5.2516731785725,5.25386314168051,5.25386314168051,4.30891248419941,2.2516731785725,2.25386314168051,2.25386314168051,single_alias_soft_fusion,1,0.84959846934942,0,1,1.78273826220954,0,no_eligible_disagreement
uniform_64MHz,strong_delay_drift,3,0,8,20271019,0.4,60,16,0,7.99894937542558,5.23857083650707,5.24138672644383,5.24138672644383,4.99894937542558,2.23857083650707,2.24138672644383,2.24138672644383,single_alias_soft_fusion,1,0.867896015562803,0,1,2.36713230126673,0,no_eligible_disagreement
uniform_64MHz,strong_delay_drift,3,0,9,20271019,0.4,60,16,0,8.23273246908147,5.18958378642636,5.192818801927,5.192818801927,5.23273246908147,2.18958378642636,2.192818801927,2.192818801927,single_alias_soft_fusion,1,0.855358627590881,0,1,2.63453343145053,0,no_eligible_disagreement
uniform_64MHz,strong_delay_drift,3,0,10,20271019,0.4,60,16,0,9.84029226113138,5.27906940622843,9.84029226113138,5.27906940622843,6.84029226113138,2.27906940622843,6.84029226113138,2.27906940622843,range_phase_disagreement_rtt_only,1,0.85778428781091,0,1,3.91591786620072,1,unique_pbr_conflict_candidate_experimental
uniform_64MHz,strong_delay_drift,3,0,11,20271019,0.4,60,16,0,9.79172409692861,5.22659679062118,9.79172409692861,5.22659679062118,6.79172409692861,2.22659679062118,6.79172409692861,2.22659679062118,range_phase_disagreement_rtt_only,1,0.841573026725688,0,1,3.9522551327126,1,unique_pbr_conflict_candidate_experimental
uniform_64MHz,strong_delay_drift,3,0,12,20271019,0.4,60,16,0,8.65482334695839,5.2198085198011,5.22338935242164,5.22338935242164,5.65482334695839,2.2198085198011,2.22338935242164,2.22338935242164,single_alias_soft_fusion,1,0.845294887041714,0,1,2.96970617037528,0,no_eligible_disagreement
uniform_64MHz,strong_delay_drift,3,0,13,20271019,0.4,60,16,0,8.50351840227295,5.21782110018568,5.22131424525646,5.22131424525646,5.50351840227295,2.21782110018568,2.22131424525646,2.22131424525646,single_alias_soft_fusion,1,0.848769131770016,0,1,2.83540414730142,0,no_eligible_disagreement
uniform_64MHz,strong_delay_drift,3,0,14,20271019,0.4,60,16,0,9.14672460497763,5.25825631452733,9.14672460497763,5.25825631452733,6.14672460497763,2.25825631452733,6.14672460497763,2.25825631452733,range_phase_disagreement_rtt_only,1,0.850354305371426,0,1,3.3708757014122,1,unique_pbr_conflict_candidate_experimental
uniform_64MHz,strong_delay_drift,3,0,15,20271019,0.4,60,16,0,9.57595347630255,5.2615977613257,9.57595347630255,5.2615977613257,6.57595347630255,2.2615977613257,6.57595347630255,2.2615977613257,range_phase_disagreement_rtt_only,1,0.869033915172443,0,1,3.715057795508,1,unique_pbr_conflict_candidate_experimental
uniform_64MHz,strong_delay_drift,3,0,16,20271019,0.4,60,16,0,9.3472358534886,5.2589952989471,9.3472358534886,5.2589952989471,6.3472358534886,2.2589952989471,6.3472358534886,2.2589952989471,range_phase_disagreement_rtt_only,1,0.853268114230623,0,1,3.52587322338652,1,unique_pbr_conflict_candidate_experimental
uniform_64MHz,strong_delay_drift,3,0,17,20271019,0.4,60,16,0,8.96195784606373,5.29862047467609,8.96195784606373,5.29862047467609,5.96195784606373,2.29862047467609,5.96195784606373,2.29862047467609,range_phase_disagreement_rtt_only,1,0.866021592161636,0,1,3.15821575272671,1,unique_pbr_conflict_candidate_experimental
uniform_64MHz,strong_delay_drift,3,0,18,20271019,0.4,60,16,0,7.61601953729376,5.29509236872346,5.29753409699485,5.29753409699485,4.61601953729376,2.29509236872346,2.29753409699485,2.29753409699485,single_alias_soft_fusion,1,0.860092649505058,0,1,1.99608132667859,0,no_eligible_disagreement
uniform_64MHz,strong_delay_drift,3,0,19,20271019,0.4,60,16,0,9.38559324875086,5.25882607021215,9.38559324875086,5.25882607021215,6.38559324875086,2.25882607021215,6.38559324875086,2.25882607021215,range_phase_disagreement_rtt_only,1,0.854414031870382,0,1,3.57694710571172,1,unique_pbr_conflict_candidate_experimental
uniform_64MHz,strong_delay_drift,3,0,20,20271019,0.4,60,16,0,9.80988165809519,5.28749164910145,9.80988165809519,5.28749164910145,6.80988165809519,2.28749164910145,6.80988165809519,2.28749164910145,range_phase_disagreement_rtt_only,1,0.855589532832925,0,1,3.86919659703324,1,unique_pbr_conflict_candidate_experimental
uniform_64MHz,strong_delay_drift,15,0,1,20271019,0.4,60,16,0,22.1625190417265,17.2726333730535,22.1625190417265,17.2726333730535,7.16251904172648,2.27263337305347,7.16251904172648,2.27263337305347,range_phase_disagreement_rtt_only,1,0.863067952048712,0,1,4.18141153312778,1,unique_pbr_conflict_candidate_experimental
uniform_64MHz,strong_delay_drift,15,0,2,20271019,0.4,60,16,0,21.2776578092161,17.2690039155319,21.2776578092161,17.2690039155319,6.27765780921613,2.26900391553186,6.27765780921613,2.26900391553186,range_phase_disagreement_rtt_only,1,0.861335680014144,0,1,3.44298422671806,1,unique_pbr_conflict_candidate_experimental
uniform_64MHz,strong_delay_drift,15,0,3,20271019,0.4,60,16,0,21.1002848056225,17.2863499589707,21.1002848056225,17.2863499589707,6.10028480562254,2.28634995897066,6.10028480562254,2.28634995897066,range_phase_disagreement_rtt_only,1,0.854884639500496,0,1,3.2766420440445,1,unique_pbr_conflict_candidate_experimental
uniform_64MHz,strong_delay_drift,15,0,4,20271019,0.4,60,16,0,21.1603456759635,17.2679462946347,21.1603456759635,17.2679462946347,6.16034567596352,2.26794629463465,6.16034567596352,2.26794629463465,range_phase_disagreement_rtt_only,1,0.855057172354867,0,1,3.36566632706776,1,unique_pbr_conflict_candidate_experimental
uniform_64MHz,strong_delay_drift,15,0,5,20271019,0.4,60,16,0,21.3478042677513,17.2289036605453,21.3478042677513,17.2289036605453,6.34780426775131,2.22890366054535,6.34780426775131,2.22890366054535,range_phase_disagreement_rtt_only,1,0.859704969281969,0,1,3.5630686974362,1,unique_pbr_conflict_candidate_experimental
uniform_64MHz,strong_delay_drift,15,0,6,20271019,0.4,60,16,0,21.1915199266898,17.1880506604076,21.1915199266898,17.1880506604076,6.19151992668981,2.18805066040755,6.19151992668981,2.18805066040755,range_phase_disagreement_rtt_only,1,0.851244622507964,0,1,3.45433996627523,1,unique_pbr_conflict_candidate_experimental
uniform_64MHz,strong_delay_drift,15,0,7,20271019,0.4,60,16,0,21.257990411674,17.2603048851797,21.257990411674,17.2603048851797,6.25799041167402,2.26030488517972,6.25799041167402,2.26030488517972,range_phase_disagreement_rtt_only,1,0.855883826831942,0,1,3.43860972355967,1,unique_pbr_conflict_candidate_experimental
uniform_64MHz,strong_delay_drift,15,0,8,20271019,0.4,60,16,0,21.0052166975722,17.2553429558805,21.0052166975722,17.2553429558805,6.00521669757218,2.25534295588051,6.00521669757218,2.25534295588051,range_phase_disagreement_rtt_only,1,0.854419221366775,0,1,3.2414912796221,1,unique_pbr_conflict_candidate_experimental
uniform_64MHz,strong_delay_drift,15,0,9,20271019,0.4,60,16,0,21.5653103693414,17.286425333345,21.5653103693414,17.286425333345,6.56531036934137,2.28642533334499,6.56531036934137,2.28642533334499,range_phase_disagreement_rtt_only,1,0.844478992157488,0,1,3.68449342851488,1,unique_pbr_conflict_candidate_experimental
uniform_64MHz,strong_delay_drift,15,0,10,20271019,0.4,60,16,0,21.4985646856505,17.1973307663045,21.4985646856505,17.1973307663045,6.49856468565052,2.19733076630449,6.49856468565052,2.19733076630449,range_phase_disagreement_rtt_only,1,0.868578479293146,0,1,3.69160816678978,1,unique_pbr_conflict_candidate_experimental
uniform_64MHz,strong_delay_drift,15,0,11,20271019,0.4,60,16,0,22.7546461385015,17.2405227947153,22.7546461385015,17.2405227947153,7.75464613850155,2.24052279471532,7.75464613850155,2.24052279471532,range_phase_disagreement_rtt_only,1,0.849322980777529,0,1,4.75572068113588,1,unique_pbr_conflict_candidate_experimental
uniform_64MHz,strong_delay_drift,15,0,12,20271019,0.4,60,16,0,19.624718626777,17.2635386948014,17.2660330730372,17.2660330730372,4.62471862677699,2.26353869480142,2.26603307303725,2.26603307303725,single_alias_soft_fusion,1,0.866653096089149,0,1,2.04449821478557,0,no_eligible_disagreement
uniform_64MHz,strong_delay_drift,15,0,13,20271019,0.4,60,16,0,21.2848357046074,17.2494194779524,21.2848357046074,17.2494194779524,6.28483570460741,2.24941947795241,6.28483570460741,2.24941947795241,range_phase_disagreement_rtt_only,1,0.842558383036109,0,1,3.49451280238567,1,unique_pbr_conflict_candidate_experimental
uniform_64MHz,strong_delay_drift,15,0,14,20271019,0.4,60,16,0,20.1249411972963,17.25994643922,17.2630228028988,17.2630228028988,5.12494119729634,2.25994643921997,2.26302280289876,2.26302280289876,single_alias_soft_fusion,1,0.848737004641134,0,1,2.46171529357151,0,no_eligible_disagreement
uniform_64MHz,strong_delay_drift,15,0,15,20271019,0.4,60,16,0,21.8279190696692,17.2750687181467,21.8279190696692,17.2750687181467,6.82791906966924,2.27506871814674,6.82791906966924,2.27506871814674,range_phase_disagreement_rtt_only,1,0.86460883222719,0,1,3.94792043812935,1,unique_pbr_conflict_candidate_experimental
uniform_64MHz,strong_delay_drift,15,0,16,20271019,0.4,60,16,0,21.2720171878498,17.2526497735612,21.2720171878498,17.2526497735612,6.27201718784984,2.25264977356122,6.27201718784984,2.25264977356122,range_phase_disagreement_rtt_only,1,0.850767998079788,0,1,3.46634053626343,1,unique_pbr_conflict_candidate_experimental
uniform_64MHz,strong_delay_drift,15,0,17,20271019,0.4,60,16,0,22.3223287162645,17.2630731056261,22.3223287162645,17.2630731056261,7.32232871626448,2.26307310562606,7.32232871626448,2.26307310562606,range_phase_disagreement_rtt_only,1,0.850346025288819,0,1,4.35851541042606,1,unique_pbr_conflict_candidate_experimental
uniform_64MHz,strong_delay_drift,15,0,18,20271019,0.4,60,16,0,21.5312759084559,17.2610844464223,21.5312759084559,17.2610844464223,6.53127590845588,2.26108444642228,6.53127590845588,2.26108444642228,range_phase_disagreement_rtt_only,1,0.878171047601371,0,1,3.69039349009865,1,unique_pbr_conflict_candidate_experimental
uniform_64MHz,strong_delay_drift,15,0,19,20271019,0.4,60,16,0,20.2330274314359,17.2673733696639,17.270455193935,17.270455193935,5.23302743143593,2.26737336966386,2.270455193935,2.270455193935,single_alias_soft_fusion,1,0.851478020070246,0,1,2.55074315347428,0,no_eligible_disagreement
uniform_64MHz,strong_delay_drift,15,0,20,20271019,0.4,60,16,0,21.1515227577952,17.2893389722913,21.1515227577952,17.2893389722913,6.15152275779519,2.28933897229133,6.15152275779519,2.28933897229133,range_phase_disagreement_rtt_only,1,0.857282730322741,0,1,3.30541241863178,1,unique_pbr_conflict_candidate_experimental
uniform_64MHz,strong_delay_drift,3,15,1,20271019,0.4,60,16,0,9.12178854382902,5.26839401848137,9.12178854382902,5.26839401848137,6.12178854382902,2.26839401848137,6.12178854382902,2.26839401848137,range_phase_disagreement_rtt_only,1,0.84694137462133,0,1,13.9524002774922,1,unique_pbr_conflict_candidate_experimental
uniform_64MHz,strong_delay_drift,3,15,2,20271019,0.4,60,16,0,9.28132811428517,5.27034753858096,9.28132811428517,5.27034753858096,6.28132811428517,2.27034753858096,6.28132811428517,2.27034753858096,range_phase_disagreement_rtt_only,1,0.847959279672551,0,1,14.4979063407291,1,unique_pbr_conflict_candidate_experimental
uniform_64MHz,strong_delay_drift,3,15,3,20271019,0.4,60,16,0,9.20458537682912,5.25684473089599,9.20458537682912,5.25684473089599,6.20458537682912,2.25684473089599,6.20458537682912,2.25684473089599,range_phase_disagreement_rtt_only,1,0.847962596739477,0,1,14.2868894347744,1,unique_pbr_conflict_candidate_experimental
uniform_64MHz,strong_delay_drift,3,15,4,20271019,0.4,60,16,0,9.20007032239472,5.27102749702304,9.20007032239472,5.27102749702304,6.20007032239472,2.27102749702304,6.20007032239472,2.27102749702304,range_phase_disagreement_rtt_only,1,0.85097827291248,0,1,14.2894947951668,1,unique_pbr_conflict_candidate_experimental
uniform_64MHz,strong_delay_drift,3,15,5,20271019,0.4,60,16,0,9.01610923490213,5.27094046039469,9.01610923490213,5.27094046039469,6.01610923490213,2.27094046039469,6.01610923490213,2.27094046039469,range_phase_disagreement_rtt_only,1,0.848152122939577,0,1,13.5599532235247,1,unique_pbr_conflict_candidate_experimental
uniform_64MHz,strong_delay_drift,3,15,6,20271019,0.4,60,16,0,9.24492911756295,5.26999782334164,9.24492911756295,5.26999782334164,6.24492911756295,2.26999782334164,6.24492911756295,2.26999782334164,range_phase_disagreement_rtt_only,1,0.846904293947794,0,1,14.3862625125635,1,unique_pbr_conflict_candidate_experimental
uniform_64MHz,strong_delay_drift,3,15,7,20271019,0.4,60,16,0,9.48484318686656,5.26083298114131,9.48484318686656,5.26083298114131,6.48484318686656,2.26083298114131,6.48484318686656,2.26083298114131,range_phase_disagreement_rtt_only,1,0.848884809111534,0,1,15.2872092621037,1,unique_pbr_conflict_candidate_experimental
uniform_64MHz,strong_delay_drift,3,15,8,20271019,0.4,60,16,0,9.2632255320429,5.27230312747846,9.2632255320429,5.27230312747846,6.2632255320429,2.27230312747846,6.2632255320429,2.27230312747846,range_phase_disagreement_rtt_only,1,0.849257324997731,0,1,14.4665272016478,1,unique_pbr_conflict_candidate_experimental
uniform_64MHz,strong_delay_drift,3,15,9,20271019,0.4,60,16,0,9.25503336929718,5.26036618664863,9.25503336929718,5.26036618664863,6.25503336929718,2.26036618664863,6.25503336929718,2.26036618664863,range_phase_disagreement_rtt_only,1,0.848715690003649,0,1,14.4387861727775,1,unique_pbr_conflict_candidate_experimental
uniform_64MHz,strong_delay_drift,3,15,10,20271019,0.4,60,16,0,9.43889040467203,5.26572934564151,9.43889040467203,5.26572934564151,6.43889040467203,2.26572934564151,6.43889040467203,2.26572934564151,range_phase_disagreement_rtt_only,1,0.851169312128878,0,1,15.1328854586928,1,unique_pbr_conflict_candidate_experimental
uniform_64MHz,strong_delay_drift,3,15,11,20271019,0.4,60,16,0,9.19018010767388,5.26960828047307,9.19018010767388,5.26960828047307,6.19018010767388,2.26960828047307,6.19018010767388,2.26960828047307,range_phase_disagreement_rtt_only,1,0.848047510027361,0,1,14.2094309880232,1,unique_pbr_conflict_candidate_experimental
uniform_64MHz,strong_delay_drift,3,15,12,20271019,0.4,60,16,0,9.25953560179496,5.27256546075659,9.25953560179496,5.27256546075659,6.25953560179496,2.27256546075659,6.25953560179496,2.27256546075659,range_phase_disagreement_rtt_only,1,0.8477218792682,0,1,14.4506847242947,1,unique_pbr_conflict_candidate_experimental
uniform_64MHz,strong_delay_drift,3,15,13,20271019,0.4,60,16,0,9.432517811811,5.26554451521716,9.432517811811,5.26554451521716,6.432517811811,2.26554451521716,6.432517811811,2.26554451521716,range_phase_disagreement_rtt_only,1,0.851823373211056,0,1,15.0878072513384,1,unique_pbr_conflict_candidate_experimental
uniform_64MHz,strong_delay_drift,3,15,14,20271019,0.4,60,16,0,9.12347634839351,5.2579033305606,9.12347634839351,5.2579033305606,6.12347634839351,2.2579033305606,6.12347634839351,2.2579033305606,range_phase_disagreement_rtt_only,1,0.848475331760133,0,1,13.979808624167,1,unique_pbr_conflict_candidate_experimental
uniform_64MHz,strong_delay_drift,3,15,15,20271019,0.4,60,16,0,9.01126148241296,5.27568553499391,9.01126148241296,5.27568553499391,6.01126148241296,2.27568553499391,6.01126148241296,2.27568553499391,range_phase_disagreement_rtt_only,1,0.849337763603811,0,1,13.5172572760587,1,unique_pbr_conflict_candidate_experimental
uniform_64MHz,strong_delay_drift,3,15,16,20271019,0.4,60,16,0,9.30866548495673,5.27720345340351,9.30866548495673,5.27720345340351,6.30866548495673,2.27720345340351,6.30866548495673,2.27720345340351,range_phase_disagreement_rtt_only,1,0.852255894834039,0,1,14.596645156204,1,unique_pbr_conflict_candidate_experimental
uniform_64MHz,strong_delay_drift,3,15,17,20271019,0.4,60,16,0,9.3516334982116,5.26313399002007,9.3516334982116,5.26313399002007,6.3516334982116,2.26313399002007,6.3516334982116,2.26313399002007,range_phase_disagreement_rtt_only,1,0.851692584870019,0,1,14.782870190884,1,unique_pbr_conflict_candidate_experimental
uniform_64MHz,strong_delay_drift,3,15,18,20271019,0.4,60,16,0,9.35109601946557,5.25832782880478,9.35109601946557,5.25832782880478,6.35109601946557,2.25832782880478,6.35109601946557,2.25832782880478,range_phase_disagreement_rtt_only,1,0.849219151770635,0,1,14.8388666789457,1,unique_pbr_conflict_candidate_experimental
uniform_64MHz,strong_delay_drift,3,15,19,20271019,0.4,60,16,0,9.22330790373566,5.27861189036964,9.22330790373566,5.27861189036964,6.22330790373566,2.27861189036964,6.22330790373566,2.27861189036964,range_phase_disagreement_rtt_only,1,0.848520237571746,0,1,14.2678067242222,1,unique_pbr_conflict_candidate_experimental
uniform_64MHz,strong_delay_drift,3,15,20,20271019,0.4,60,16,0,9.2319288487466,5.27549851945778,9.2319288487466,5.27549851945778,6.2319288487466,2.27549851945778,6.2319288487466,2.27549851945778,range_phase_disagreement_rtt_only,1,0.850791903772714,0,1,14.2917132448249,1,unique_pbr_conflict_candidate_experimental
uniform_64MHz,strong_delay_drift,15,15,1,20271019,0.4,60,16,0,21.2295488961674,17.2834677800291,21.2295488961674,17.2834677800291,6.22954889616737,2.28346778002906,6.22954889616737,2.28346778002906,range_phase_disagreement_rtt_only,1,0.850048941603126,0,1,14.2974724854581,1,unique_pbr_conflict_candidate_experimental
uniform_64MHz,strong_delay_drift,15,15,2,20271019,0.4,60,16,0,21.4447297267251,17.2641020211865,21.4447297267251,17.2641020211865,6.44472972672506,2.26410202118647,6.44472972672506,2.26410202118647,range_phase_disagreement_rtt_only,1,0.849384813704428,0,1,15.1460804592182,1,unique_pbr_conflict_candidate_experimental
uniform_64MHz,strong_delay_drift,15,15,3,20271019,0.4,60,16,0,21.3197884780779,17.283277774907,21.3197884780779,17.283277774907,6.31978847807793,2.28327777490695,6.31978847807793,2.28327777490695,range_phase_disagreement_rtt_only,1,0.848125867089012,0,1,14.6590565805974,1,unique_pbr_conflict_candidate_experimental
uniform_64MHz,strong_delay_drift,15,15,4,20271019,0.4,60,16,0,21.4210799075911,17.2590246462553,21.4210799075911,17.2590246462553,6.42107990759113,2.25902464625528,6.42107990759113,2.25902464625528,range_phase_disagreement_rtt_only,1,0.849365628899985,0,1,15.0748160106779,1,unique_pbr_conflict_candidate_experimental
uniform_64MHz,strong_delay_drift,15,15,5,20271019,0.4,60,16,0,21.3529275344101,17.2697612317676,21.3529275344101,17.2697612317676,6.35292753441012,2.26976123176763,6.35292753441012,2.26976123176763,range_phase_disagreement_rtt_only,1,0.849797189880188,0,1,14.810631461638,1,unique_pbr_conflict_candidate_experimental
uniform_64MHz,strong_delay_drift,15,15,6,20271019,0.4,60,16,0,21.2021997709193,17.2571910076034,21.2021997709193,17.2571910076034,6.20219977091932,2.25719100760344,6.20219977091932,2.25719100760344,range_phase_disagreement_rtt_only,1,0.847406139025888,0,1,14.2964253062879,1,unique_pbr_conflict_candidate_experimental
uniform_64MHz,strong_delay_drift,15,15,7,20271019,0.4,60,16,0,21.0472600334403,17.2636865484977,21.0472600334403,17.2636865484977,6.04726003344028,2.26368654849766,6.04726003344028,2.26368654849766,range_phase_disagreement_rtt_only,1,0.848885247507273,0,1,13.6967321335011,1,unique_pbr_conflict_candidate_experimental
uniform_64MHz,strong_delay_drift,15,15,8,20271019,0.4,60,16,0,21.1255063375945,17.2674821119577,21.1255063375945,17.2674821119577,6.12550633759451,2.26748211195768,6.12550633759451,2.26748211195768,range_phase_disagreement_rtt_only,1,0.849577497235292,0,1,13.9610247869324,1,unique_pbr_conflict_candidate_experimental
uniform_64MHz,strong_delay_drift,15,15,9,20271019,0.4,60,16,0,21.2107139337631,17.2702721893356,21.2107139337631,17.2702721893356,6.21071393376307,2.27027218933556,6.21071393376307,2.27027218933556,range_phase_disagreement_rtt_only,1,0.849385601853071,0,1,14.2693455758112,1,unique_pbr_conflict_candidate_experimental
uniform_64MHz,strong_delay_drift,15,15,10,20271019,0.4,60,16,0,21.2481632053848,17.2663760247507,21.2481632053848,17.2663760247507,6.2481632053848,2.26637602475066,6.2481632053848,2.26637602475066,range_phase_disagreement_rtt_only,1,0.851190503181159,0,1,14.4308939093679,1,unique_pbr_conflict_candidate_experimental
uniform_64MHz,strong_delay_drift,15,15,11,20271019,0.4,60,16,0,21.3363700903609,17.2619748774213,21.3363700903609,17.2619748774213,6.33637009036094,2.26197487742132,6.33637009036094,2.26197487742132,range_phase_disagreement_rtt_only,1,0.846540315362875,0,1,14.7904674860559,1,unique_pbr_conflict_candidate_experimental
uniform_64MHz,strong_delay_drift,15,15,12,20271019,0.4,60,16,0,21.3421707352067,17.2606876479922,21.3421707352067,17.2606876479922,6.34217073520669,2.26068764799222,6.34217073520669,2.26068764799222,range_phase_disagreement_rtt_only,1,0.850667384106651,0,1,14.8148162014905,1,unique_pbr_conflict_candidate_experimental
uniform_64MHz,strong_delay_drift,15,15,13,20271019,0.4,60,16,0,21.1213810694214,17.2704079796895,21.1213810694214,17.2704079796895,6.12138106942138,2.27040797968953,6.12138106942138,2.27040797968953,range_phase_disagreement_rtt_only,1,0.849667573501176,0,1,13.9527857094763,1,unique_pbr_conflict_candidate_experimental
uniform_64MHz,strong_delay_drift,15,15,14,20271019,0.4,60,16,0,21.3169497412415,17.2680799988162,21.3169497412415,17.2680799988162,6.31694974124149,2.2680799988162,6.31694974124149,2.2680799988162,range_phase_disagreement_rtt_only,1,0.850359753780307,0,1,14.7392682112638,1,unique_pbr_conflict_candidate_experimental
uniform_64MHz,strong_delay_drift,15,15,15,20271019,0.4,60,16,0,20.9874649261312,17.2632383948257,20.9874649261312,17.2632383948257,5.98746492613118,2.26323839482566,5.98746492613118,2.26323839482566,range_phase_disagreement_rtt_only,1,0.850494192732794,0,1,13.4636036379594,1,unique_pbr_conflict_candidate_experimental
uniform_64MHz,strong_delay_drift,15,15,16,20271019,0.4,60,16,0,21.2082503354042,17.2735735973352,21.2082503354042,17.2735735973352,6.20825033540422,2.27357359733515,6.20825033540422,2.27357359733515,range_phase_disagreement_rtt_only,1,0.849983898054997,0,1,14.2334013797899,1,unique_pbr_conflict_candidate_experimental
uniform_64MHz,strong_delay_drift,15,15,17,20271019,0.4,60,16,0,21.2103228477554,17.275222307313,21.2103228477554,17.275222307313,6.2103228477554,2.27522230731302,6.2103228477554,2.27522230731302,range_phase_disagreement_rtt_only,1,0.85033187277121,0,1,14.2690072493882,1,unique_pbr_conflict_candidate_experimental
uniform_64MHz,strong_delay_drift,15,15,18,20271019,0.4,60,16,0,21.2086926863815,17.2728264262119,21.2086926863815,17.2728264262119,6.20869268638154,2.27282642621195,6.20869268638154,2.27282642621195,range_phase_disagreement_rtt_only,1,0.849108015478567,0,1,14.2527009122983,1,unique_pbr_conflict_candidate_experimental
uniform_64MHz,strong_delay_drift,15,15,19,20271019,0.4,60,16,0,21.1032123838737,17.2639397196946,21.1032123838737,17.2639397196946,6.10321238387365,2.26393971969456,6.10321238387365,2.26393971969456,range_phase_disagreement_rtt_only,1,0.846587740394729,0,1,13.9114606010334,1,unique_pbr_conflict_candidate_experimental
uniform_64MHz,strong_delay_drift,15,15,20,20271019,0.4,60,16,0,21.1935878822828,17.2673482431296,21.1935878822828,17.2673482431296,6.1935878822828,2.2673482431296,6.1935878822828,2.2673482431296,range_phase_disagreement_rtt_only,1,0.849979060081354,0,1,14.2251957359619,1,unique_pbr_conflict_candidate_experimental
uniform_64MHz,strong_delay_drift,3,30,1,20271019,0.4,60,16,0,9.25409518223215,5.26261408581344,9.25409518223215,5.26261408581344,6.25409518223215,2.26261408581344,6.25409518223215,2.26261408581344,range_phase_disagreement_rtt_only,1,0.848871249191282,0,1,15.7312867792019,1,unique_pbr_conflict_candidate_experimental
uniform_64MHz,strong_delay_drift,3,30,2,20271019,0.4,60,16,0,9.24057627936433,5.27463107062271,9.24057627936433,5.27463107062271,6.24057627936433,2.27463107062271,6.24057627936433,2.27463107062271,range_phase_disagreement_rtt_only,1,0.847667309225128,0,1,15.6313002578997,1,unique_pbr_conflict_candidate_experimental
uniform_64MHz,strong_delay_drift,3,30,3,20271019,0.4,60,16,0,9.2403747540959,5.2724696522785,9.2403747540959,5.2724696522785,6.2403747540959,2.2724696522785,6.2403747540959,2.2724696522785,range_phase_disagreement_rtt_only,1,0.846719601130401,0,1,15.6422484083396,1,unique_pbr_conflict_candidate_experimental
uniform_64MHz,strong_delay_drift,3,30,4,20271019,0.4,60,16,0,9.23184622622713,5.27283476656518,9.23184622622713,5.27283476656518,6.23184622622713,2.27283476656518,6.23184622622713,2.27283476656518,range_phase_disagreement_rtt_only,1,0.848787637462126,0,1,15.6098155651562,1,unique_pbr_conflict_candidate_experimental
uniform_64MHz,strong_delay_drift,3,30,5,20271019,0.4,60,16,0,9.28256131545391,5.2692131640119,9.28256131545391,5.2692131640119,6.28256131545391,2.2692131640119,6.28256131545391,2.2692131640119,range_phase_disagreement_rtt_only,1,0.845973004657502,0,1,15.8166585841187,1,unique_pbr_conflict_candidate_experimental
uniform_64MHz,strong_delay_drift,3,30,6,20271019,0.4,60,16,0,9.24134300583463,5.26741473406814,9.24134300583463,5.26741473406814,6.24134300583463,2.26741473406814,6.24134300583463,2.26741473406814,range_phase_disagreement_rtt_only,1,0.847801501753928,0,1,15.6652788598048,1,unique_pbr_conflict_candidate_experimental
uniform_64MHz,strong_delay_drift,3,30,7,20271019,0.4,60,16,0,9.26805873934683,5.27654965142547,9.26805873934683,5.27654965142547,6.26805873934683,2.27654965142547,6.26805873934683,2.27654965142547,range_phase_disagreement_rtt_only,1,0.848856235808544,0,1,15.7360650335369,1,unique_pbr_conflict_candidate_experimental
uniform_64MHz,strong_delay_drift,3,30,8,20271019,0.4,60,16,0,9.24510093643211,5.26217905279093,9.24510093643211,5.26217905279093,6.24510093643211,2.26217905279093,6.24510093643211,2.26217905279093,range_phase_disagreement_rtt_only,1,0.851079013567197,0,1,15.6970052705505,1,unique_pbr_conflict_candidate_experimental
uniform_64MHz,strong_delay_drift,3,30,9,20271019,0.4,60,16,0,9.2463048044422,5.26970565049919,9.2463048044422,5.26970565049919,6.2463048044422,2.26970565049919,6.2463048044422,2.26970565049919,range_phase_disagreement_rtt_only,1,0.848122862021202,0,1,15.6785181207667,1,unique_pbr_conflict_candidate_experimental
uniform_64MHz,strong_delay_drift,3,30,10,20271019,0.4,60,16,0,9.24778667860547,5.27070600727805,9.24778667860547,5.27070600727805,6.24778667860547,2.27070600727805,6.24778667860547,2.27070600727805,range_phase_disagreement_rtt_only,1,0.848002847051313,0,1,15.675166703339,1,unique_pbr_conflict_candidate_experimental
uniform_64MHz,strong_delay_drift,3,30,11,20271019,0.4,60,16,0,9.22449035011881,5.2725664842031,9.22449035011881,5.2725664842031,6.22449035011881,2.2725664842031,6.22449035011881,2.2725664842031,range_phase_disagreement_rtt_only,1,0.847891897150262,0,1,15.5810254783621,1,unique_pbr_conflict_candidate_experimental
uniform_64MHz,strong_delay_drift,3,30,12,20271019,0.4,60,16,0,9.24685593252543,5.27536589029472,9.24685593252543,5.27536589029472,6.24685593252543,2.27536589029472,6.24685593252543,2.27536589029472,range_phase_disagreement_rtt_only,1,0.847327020770882,0,1,15.651117205284,1,unique_pbr_conflict_candidate_experimental
uniform_64MHz,strong_delay_drift,3,30,13,20271019,0.4,60,16,0,9.28643368400838,5.27401186276793,9.28643368400838,5.27401186276793,6.28643368400838,2.27401186276793,6.28643368400838,2.27401186276793,range_phase_disagreement_rtt_only,1,0.847668951579231,0,1,15.8128239636898,1,unique_pbr_conflict_candidate_experimental
uniform_64MHz,strong_delay_drift,3,30,14,20271019,0.4,60,16,0,9.26064436371713,5.27348565807814,9.26064436371713,5.27348565807814,6.26064436371713,2.27348565807814,6.26064436371713,2.27348565807814,range_phase_disagreement_rtt_only,1,0.84607924229247,0,1,15.7189722729561,1,unique_pbr_conflict_candidate_experimental
uniform_64MHz,strong_delay_drift,3,30,15,20271019,0.4,60,16,0,9.27403384305508,5.27108792849066,9.27403384305508,5.27108792849066,6.27403384305508,2.27108792849066,6.27403384305508,2.27108792849066,range_phase_disagreement_rtt_only,1,0.84891034681108,0,1,15.7769052108841,1,unique_pbr_conflict_candidate_experimental
uniform_64MHz,strong_delay_drift,3,30,16,20271019,0.4,60,16,0,9.24069625198949,5.27578710481652,9.24069625198949,5.27578710481652,6.24069625198949,2.27578710481652,6.24069625198949,2.27578710481652,range_phase_disagreement_rtt_only,1,0.849376032248554,0,1,15.6271950601438,1,unique_pbr_conflict_candidate_experimental
uniform_64MHz,strong_delay_drift,3,30,17,20271019,0.4,60,16,0,9.26996271050131,5.26286176554984,9.26996271050131,5.26286176554984,6.26996271050131,2.26286176554984,6.26996271050131,2.26286176554984,range_phase_disagreement_rtt_only,1,0.848160879755651,0,1,15.7916616389191,1,unique_pbr_conflict_candidate_experimental
uniform_64MHz,strong_delay_drift,3,30,18,20271019,0.4,60,16,0,9.2303698718576,5.26772410126716,9.2303698718576,5.26772410126716,6.2303698718576,2.26772410126716,6.2303698718576,2.26772410126716,range_phase_disagreement_rtt_only,1,0.846659413222586,0,1,15.6182254432595,1,unique_pbr_conflict_candidate_experimental
uniform_64MHz,strong_delay_drift,3,30,19,20271019,0.4,60,16,0,9.21751589347669,5.26969265103195,9.21751589347669,5.26969265103195,6.21751589347669,2.26969265103195,6.21751589347669,2.26969265103195,range_phase_disagreement_rtt_only,1,0.848576163754791,0,1,15.567809041108,1,unique_pbr_conflict_candidate_experimental
uniform_64MHz,strong_delay_drift,3,30,20,20271019,0.4,60,16,0,9.21810095499572,5.26593671359087,9.21810095499572,5.26593671359087,6.21810095499572,2.26593671359087,6.21810095499572,2.26593671359087,range_phase_disagreement_rtt_only,1,0.848322025056961,0,1,15.5774804124896,1,unique_pbr_conflict_candidate_experimental
uniform_64MHz,strong_delay_drift,15,30,1,20271019,0.4,60,16,0,21.230998429609,17.2699389108108,21.230998429609,17.2699389108108,6.23099842960896,2.26993891081078,6.23099842960896,2.26993891081078,range_phase_disagreement_rtt_only,1,0.846198851262473,0,1,15.6155505218836,1,unique_pbr_conflict_candidate_experimental
uniform_64MHz,strong_delay_drift,15,30,2,20271019,0.4,60,16,0,21.2828216508521,17.2713022129109,21.2828216508521,17.2713022129109,6.28282165085215,2.2713022129109,6.28282165085215,2.2713022129109,range_phase_disagreement_rtt_only,1,0.845831997472959,0,1,15.8141026156958,1,unique_pbr_conflict_candidate_experimental
uniform_64MHz,strong_delay_drift,15,30,3,20271019,0.4,60,16,0,21.2528766042655,17.2701382450788,21.2528766042655,17.2701382450788,6.25287660426547,2.27013824507882,6.25287660426547,2.27013824507882,range_phase_disagreement_rtt_only,1,0.847025427917497,0,1,15.6976248368691,1,unique_pbr_conflict_candidate_experimental
uniform_64MHz,strong_delay_drift,15,30,4,20271019,0.4,60,16,0,21.2395380547103,17.2730391051903,21.2395380547103,17.2730391051903,6.23953805471027,2.27303910519031,6.23953805471027,2.27303910519031,range_phase_disagreement_rtt_only,1,0.847182959003404,0,1,15.6373334586674,1,unique_pbr_conflict_candidate_experimental
uniform_64MHz,strong_delay_drift,15,30,5,20271019,0.4,60,16,0,21.2930140663793,17.2695070616494,21.2930140663793,17.2695070616494,6.29301406637928,2.26950706164939,6.29301406637928,2.26950706164939,range_phase_disagreement_rtt_only,1,0.847903261519884,0,1,15.8570565667429,1,unique_pbr_conflict_candidate_experimental
uniform_64MHz,strong_delay_drift,15,30,6,20271019,0.4,60,16,0,21.2799502644381,17.2704714315825,21.2799502644381,17.2704714315825,6.27995026443815,2.27047143158248,6.27995026443815,2.27047143158248,range_phase_disagreement_rtt_only,1,0.850918797273302,0,1,15.8067522775658,1,unique_pbr_conflict_candidate_experimental
uniform_64MHz,strong_delay_drift,15,30,7,20271019,0.4,60,16,0,21.2808271182042,17.2672887568231,21.2808271182042,17.2672887568231,6.28082711820425,2.26728875682307,6.28082711820425,2.26728875682307,range_phase_disagreement_rtt_only,1,0.847909971063346,0,1,15.8236396059961,1,unique_pbr_conflict_candidate_experimental
uniform_64MHz,strong_delay_drift,15,30,8,20271019,0.4,60,16,0,21.2305696752663,17.2711251224794,21.2305696752663,17.2711251224794,6.23056967526632,2.27112512247943,6.23056967526632,2.27112512247943,range_phase_disagreement_rtt_only,1,0.848986105454802,0,1,15.6062788323986,1,unique_pbr_conflict_candidate_experimental
uniform_64MHz,strong_delay_drift,15,30,9,20271019,0.4,60,16,0,21.2087040389935,17.2760987605478,21.2087040389935,17.2760987605478,6.20870403899348,2.27609876054779,6.20870403899348,2.27609876054779,range_phase_disagreement_rtt_only,1,0.848246676575328,0,1,15.5026277020309,1,unique_pbr_conflict_candidate_experimental
uniform_64MHz,strong_delay_drift,15,30,10,20271019,0.4,60,16,0,21.2283109452812,17.2710064062229,21.2283109452812,17.2710064062229,6.22831094528117,2.27100640622292,6.22831094528117,2.27100640622292,range_phase_disagreement_rtt_only,1,0.847065821109563,0,1,15.5994591999013,1,unique_pbr_conflict_candidate_experimental
uniform_64MHz,strong_delay_drift,15,30,11,20271019,0.4,60,16,0,21.2180864061715,17.2684586843393,21.2180864061715,17.2684586843393,6.21808640617148,2.2684586843393,6.21808640617148,2.2684586843393,range_phase_disagreement_rtt_only,1,0.845965992657975,0,1,15.5710619499716,1,unique_pbr_conflict_candidate_experimental
uniform_64MHz,strong_delay_drift,15,30,12,20271019,0.4,60,16,0,21.2559681621615,17.2753166942701,21.2559681621615,17.2753166942701,6.2559681621615,2.27531669427014,6.2559681621615,2.27531669427014,range_phase_disagreement_rtt_only,1,0.847624747994814,0,1,15.6968320023693,1,unique_pbr_conflict_candidate_experimental
uniform_64MHz,strong_delay_drift,15,30,13,20271019,0.4,60,16,0,21.262525879777,17.2661956236267,21.262525879777,17.2661956236267,6.262525879777,2.26619562362673,6.262525879777,2.26619562362673,range_phase_disagreement_rtt_only,1,0.847632988487226,0,1,15.7547031289416,1,unique_pbr_conflict_candidate_experimental
uniform_64MHz,strong_delay_drift,15,30,14,20271019,0.4,60,16,0,21.2359413638675,17.2731101669361,21.2359413638675,17.2731101669361,6.23594136386746,2.27311016693611,6.23594136386746,2.27311016693611,range_phase_disagreement_rtt_only,1,0.846384873290707,0,1,15.6215135510489,1,unique_pbr_conflict_candidate_experimental
uniform_64MHz,strong_delay_drift,15,30,15,20271019,0.4,60,16,0,21.2688576112911,17.2656128911663,21.2688576112911,17.2656128911663,6.26885761129114,2.26561289116631,6.26885761129114,2.26561289116631,range_phase_disagreement_rtt_only,1,0.847569174157008,0,1,15.7823004152063,1,unique_pbr_conflict_candidate_experimental
uniform_64MHz,strong_delay_drift,15,30,16,20271019,0.4,60,16,0,21.2455405157313,17.2658377445045,21.2455405157313,17.2658377445045,6.24554051573134,2.26583774450447,6.24554051573134,2.26583774450447,range_phase_disagreement_rtt_only,1,0.848218162633937,0,1,15.689812119178,1,unique_pbr_conflict_candidate_experimental
uniform_64MHz,strong_delay_drift,15,30,17,20271019,0.4,60,16,0,21.2541919771069,17.261699452372,21.2541919771069,17.261699452372,6.25419197710692,2.26169945237198,6.25419197710692,2.26169945237198,range_phase_disagreement_rtt_only,1,0.847914527484246,0,1,15.7359768504352,1,unique_pbr_conflict_candidate_experimental
uniform_64MHz,strong_delay_drift,15,30,18,20271019,0.4,60,16,0,21.2621574824044,17.2660775531824,21.2621574824044,17.2660775531824,6.26215748240438,2.26607755318236,6.26215748240438,2.26607755318236,range_phase_disagreement_rtt_only,1,0.847074406249041,0,1,15.7528778989315,1,unique_pbr_conflict_candidate_experimental
uniform_64MHz,strong_delay_drift,15,30,19,20271019,0.4,60,16,0,21.2390729170103,17.2670356182403,21.2390729170103,17.2670356182403,6.23907291701027,2.26703561824026,6.23907291701027,2.26703561824026,range_phase_disagreement_rtt_only,1,0.848548841808615,0,1,15.6600829427752,1,unique_pbr_conflict_candidate_experimental
uniform_64MHz,strong_delay_drift,15,30,20,20271019,0.4,60,16,0,21.2490929681172,17.2730897898331,21.2490929681172,17.2730897898331,6.24909296811718,2.27308978983312,6.24909296811718,2.27308978983312,range_phase_disagreement_rtt_only,1,0.847224757918498,0,1,15.6736417320528,1,unique_pbr_conflict_candidate_experimental
uniform_64MHz,strong_cfo_clock,3,0,1,20271019,0.4,60,0,0,7.29571901644074,2.89524188024089,7.29571901644074,2.89524188024089,4.29571901644074,-0.104758119759112,4.29571901644074,-0.104758119759112,range_phase_disagreement_rtt_only,1,0.853542541449866,0,1,3.64724279545945,1,unique_pbr_conflict_candidate_experimental
uniform_64MHz,strong_cfo_clock,3,0,2,20271019,0.4,60,0,0,6.93184963251665,2.87755924611879,6.93184963251665,2.87755924611879,3.93184963251665,-0.122440753881209,3.93184963251665,-0.122440753881209,range_phase_disagreement_rtt_only,1,0.851069439427549,0,1,3.37528939940767,1,unique_pbr_conflict_candidate_experimental
uniform_64MHz,strong_cfo_clock,3,0,3,20271019,0.4,60,0,0,8.54707845258176,2.90747648196037,8.54707845258176,2.90747648196037,5.54707845258176,-0.092523518039632,5.54707845258176,-0.092523518039632,range_phase_disagreement_rtt_only,1,0.850242946688594,0,1,4.71682295879383,1,unique_pbr_conflict_candidate_experimental
uniform_64MHz,strong_cfo_clock,3,0,4,20271019,0.4,60,0,0,8.23300691468867,2.83851841649019,8.23300691468867,2.83851841649019,5.23300691468867,-0.161481583509807,5.23300691468867,-0.161481583509807,range_phase_disagreement_rtt_only,1,0.859821860898334,0,1,4.49617957258732,1,unique_pbr_conflict_candidate_experimental
uniform_64MHz,strong_cfo_clock,3,0,5,20271019,0.4,60,0,0,7.18181301818698,2.86784324424901,7.18181301818698,2.86784324424901,4.18181301818698,-0.132156755750993,4.18181301818698,-0.132156755750993,range_phase_disagreement_rtt_only,1,0.853809047113918,0,1,3.61261714640001,1,unique_pbr_conflict_candidate_experimental
uniform_64MHz,strong_cfo_clock,3,0,6,20271019,0.4,60,0,0,7.92698692660486,2.90668455974937,7.92698692660486,2.90668455974937,4.92698692660486,-0.0933154402506262,4.92698692660486,-0.0933154402506262,range_phase_disagreement_rtt_only,1,0.852436797314035,0,1,4.23218876054652,1,unique_pbr_conflict_candidate_experimental
uniform_64MHz,strong_cfo_clock,3,0,7,20271019,0.4,60,0,0,7.42674717738546,2.91738277005777,7.42674717738546,2.91738277005777,4.42674717738546,-0.0826172299422279,4.42674717738546,-0.0826172299422279,range_phase_disagreement_rtt_only,1,0.85641918715319,0,1,3.77761305760533,1,unique_pbr_conflict_candidate_experimental
uniform_64MHz,strong_cfo_clock,3,0,8,20271019,0.4,60,0,0,7.11504096691884,2.92914755337611,7.11504096691884,2.92914755337611,4.11504096691884,-0.0708524466238885,4.11504096691884,-0.0708524466238885,range_phase_disagreement_rtt_only,1,0.856338889636035,0,1,3.49626363597235,1,unique_pbr_conflict_candidate_experimental
uniform_64MHz,strong_cfo_clock,3,0,9,20271019,0.4,60,0,0,7.32067214605119,2.90041487387292,7.32067214605119,2.90041487387292,4.32067214605119,-0.0995851261270753,4.32067214605119,-0.0995851261270753,range_phase_disagreement_rtt_only,1,0.832903360078369,0,1,3.69256684169068,1,unique_pbr_conflict_candidate_experimental
uniform_64MHz,strong_cfo_clock,3,0,10,20271019,0.4,60,0,0,6.79701629924509,2.89231547517674,6.79701629924509,2.89231547517674,3.79701629924509,-0.107684524823263,3.79701629924509,-0.107684524823263,range_phase_disagreement_rtt_only,1,0.839999152907289,0,1,3.27980155817732,1,unique_pbr_conflict_candidate_experimental
uniform_64MHz,strong_cfo_clock,3,0,11,20271019,0.4,60,0,0,7.59900989788457,2.8721796262364,7.59900989788457,2.8721796262364,4.59900989788457,-0.127820373763597,4.59900989788457,-0.127820373763597,range_phase_disagreement_rtt_only,1,0.854244379984902,0,1,3.95239250513169,1,unique_pbr_conflict_candidate_experimental
uniform_64MHz,strong_cfo_clock,3,0,12,20271019,0.4,60,0,0,7.44262718217181,2.85575881053859,7.44262718217181,2.85575881053859,4.44262718217181,-0.144241189461411,4.44262718217181,-0.144241189461411,range_phase_disagreement_rtt_only,1,0.858763567524913,0,1,3.84829725124745,1,unique_pbr_conflict_candidate_experimental
uniform_64MHz,strong_cfo_clock,3,0,13,20271019,0.4,60,0,0,8.2316582395778,2.93422203712612,8.2316582395778,2.93422203712612,5.2316582395778,-0.0657779628738799,5.2316582395778,-0.0657779628738799,range_phase_disagreement_rtt_only,1,0.850536574271408,0,1,4.43856821376073,1,unique_pbr_conflict_candidate_experimental
uniform_64MHz,strong_cfo_clock,3,0,14,20271019,0.4,60,0,0,7.5659135683194,2.87682573120516,7.5659135683194,2.87682573120516,4.5659135683194,-0.123174268794842,4.5659135683194,-0.123174268794842,range_phase_disagreement_rtt_only,1,0.866464411758679,0,1,3.91754544810431,1,unique_pbr_conflict_candidate_experimental
uniform_64MHz,strong_cfo_clock,3,0,15,20271019,0.4,60,0,0,7.45756680002665,2.92944655593383,7.45756680002665,2.92944655593383,4.45756680002665,-0.0705534440661659,4.45756680002665,-0.0705534440661659,range_phase_disagreement_rtt_only,1,0.866908041058883,0,1,3.78667690187759,1,unique_pbr_conflict_candidate_experimental
uniform_64MHz,strong_cfo_clock,3,0,16,20271019,0.4,60,0,0,6.58652971836496,2.88922519723486,6.58652971836496,2.88922519723486,3.58652971836496,-0.110774802765135,3.58652971836496,-0.110774802765135,range_phase_disagreement_rtt_only,1,0.847950913141259,0,1,3.09988265799131,1,unique_pbr_conflict_candidate_experimental
uniform_64MHz,strong_cfo_clock,3,0,17,20271019,0.4,60,0,0,7.48600086252885,2.90162818245196,7.48600086252885,2.90162818245196,4.48600086252885,-0.0983718175480353,4.48600086252885,-0.0983718175480353,range_phase_disagreement_rtt_only,1,0.853896516718452,0,1,3.82496303949914,1,unique_pbr_conflict_candidate_experimental
uniform_64MHz,strong_cfo_clock,3,0,18,20271019,0.4,60,0,0,7.18466331378626,2.89664823033272,7.18466331378626,2.89664823033272,4.18466331378626,-0.103351769667276,4.18466331378626,-0.103351769667276,range_phase_disagreement_rtt_only,1,0.836303135373354,0,1,3.60385231742761,1,unique_pbr_conflict_candidate_experimental
uniform_64MHz,strong_cfo_clock,3,0,19,20271019,0.4,60,0,0,6.78732386282253,2.87437554867381,6.78732386282253,2.87437554867381,3.78732386282253,-0.125624451326193,3.78732386282253,-0.125624451326193,range_phase_disagreement_rtt_only,1,0.847555043397537,0,1,3.26254956497929,1,unique_pbr_conflict_candidate_experimental
uniform_64MHz,strong_cfo_clock,3,0,20,20271019,0.4,60,0,0,8.30147281080272,2.87417032576545,8.30147281080272,2.87417032576545,5.30147281080272,-0.12582967423455,5.30147281080272,-0.12582967423455,range_phase_disagreement_rtt_only,1,0.845395626376472,0,1,4.53057305572858,1,unique_pbr_conflict_candidate_experimental
uniform_64MHz,strong_cfo_clock,15,0,1,20271019,0.4,60,0,0,19.333773494551,14.9229024068002,19.333773494551,14.9229024068002,4.33377349455097,-0.0770975931998006,4.33377349455097,-0.0770975931998006,range_phase_disagreement_rtt_only,1,0.847969180044034,0,1,3.69780242958584,1,unique_pbr_conflict_candidate_experimental
uniform_64MHz,strong_cfo_clock,15,0,2,20271019,0.4,60,0,0,19.3170138050864,14.8725149906899,19.3170138050864,14.8725149906899,4.31701380508643,-0.127485009310057,4.31701380508643,-0.127485009310057,range_phase_disagreement_rtt_only,1,0.860296893273122,0,1,3.7105080125545,1,unique_pbr_conflict_candidate_experimental
uniform_64MHz,strong_cfo_clock,15,0,3,20271019,0.4,60,0,0,19.7311197448661,14.8627105606019,19.7311197448661,14.8627105606019,4.73111974486606,-0.137289439398144,4.73111974486606,-0.137289439398144,range_phase_disagreement_rtt_only,1,0.850330760695815,0,1,4.05433575117924,1,unique_pbr_conflict_candidate_experimental
uniform_64MHz,strong_cfo_clock,15,0,4,20271019,0.4,60,0,0,19.3284241768646,14.865315818077,19.3284241768646,14.865315818077,4.32842417686458,-0.13468418192298,4.32842417686458,-0.13468418192298,range_phase_disagreement_rtt_only,1,0.843032666052043,0,1,3.73676776007982,1,unique_pbr_conflict_candidate_experimental
uniform_64MHz,strong_cfo_clock,15,0,5,20271019,0.4,60,0,0,20.7723558689208,14.8873399928899,20.7723558689208,14.8873399928899,5.77235586892075,-0.112660007110071,5.77235586892075,-0.112660007110071,range_phase_disagreement_rtt_only,1,0.847455133229198,0,1,4.91528883657654,1,unique_pbr_conflict_candidate_experimental
uniform_64MHz,strong_cfo_clock,15,0,6,20271019,0.4,60,0,0,19.3235844074212,14.8808110908001,19.3235844074212,14.8808110908001,4.32358440742123,-0.119188909199897,4.32358440742123,-0.119188909199897,range_phase_disagreement_rtt_only,1,0.852130102963357,0,1,3.7370386364223,1,unique_pbr_conflict_candidate_experimental
uniform_64MHz,strong_cfo_clock,15,0,7,20271019,0.4,60,0,0,18.9916837613697,14.8841076478492,18.9916837613697,14.8841076478492,3.99168376136969,-0.115892352150789,3.99168376136969,-0.115892352150789,range_phase_disagreement_rtt_only,1,0.853792532766111,0,1,3.46952802881772,1,unique_pbr_conflict_candidate_experimental
uniform_64MHz,strong_cfo_clock,15,0,8,20271019,0.4,60,0,0,18.28097381822,14.8702716460012,14.8736590314817,14.8736590314817,3.28097381821997,-0.129728353998782,-0.126340968518324,-0.126340968518324,single_alias_soft_fusion,1,0.863524119238206,0,1,2.83935403295555,0,no_eligible_disagreement
uniform_64MHz,strong_cfo_clock,15,0,9,20271019,0.4,60,0,0,18.9900012522837,14.859502194456,18.9900012522837,14.859502194456,3.99000125228373,-0.140497805544019,3.99000125228373,-0.140497805544019,range_phase_disagreement_rtt_only,1,0.851803998352835,0,1,3.4626304776233,1,unique_pbr_conflict_candidate_experimental
uniform_64MHz,strong_cfo_clock,15,0,10,20271019,0.4,60,0,0,18.7721897267589,14.8644865969886,18.7721897267589,14.8644865969886,3.77218972675886,-0.135513403011361,3.77218972675886,-0.135513403011361,range_phase_disagreement_rtt_only,1,0.852764934436363,0,1,3.28231066826702,1,unique_pbr_conflict_candidate_experimental
uniform_64MHz,strong_cfo_clock,15,0,11,20271019,0.4,60,0,0,18.6011852860923,14.854244839217,18.6011852860923,14.854244839217,3.6011852860923,-0.145755160783041,3.6011852860923,-0.145755160783041,range_phase_disagreement_rtt_only,1,0.843383747859154,0,1,3.15861691210823,1,unique_pbr_conflict_candidate_experimental
uniform_64MHz,strong_cfo_clock,15,0,12,20271019,0.4,60,0,0,19.2672943511761,14.895976279171,19.2672943511761,14.895976279171,4.26729435117612,-0.104023720829018,4.26729435117612,-0.104023720829018,range_phase_disagreement_rtt_only,1,0.853066196795607,0,1,3.67618415263828,1,unique_pbr_conflict_candidate_experimental
uniform_64MHz,strong_cfo_clock,15,0,13,20271019,0.4,60,0,0,20.7599505327423,14.9056819726847,20.7599505327423,14.9056819726847,5.75995053274234,-0.0943180273153015,5.75995053274234,-0.0943180273153015,range_phase_disagreement_rtt_only,1,0.833258938423017,0,1,4.90569363283832,1,unique_pbr_conflict_candidate_experimental
uniform_64MHz,strong_cfo_clock,15,0,14,20271019,0.4,60,0,0,18.6269280591497,14.8593191744059,18.6269280591497,14.8593191744059,3.6269280591497,-0.140680825594133,3.6269280591497,-0.140680825594133,range_phase_disagreement_rtt_only,1,0.859284674861924,0,1,3.16671237353197,1,unique_pbr_conflict_candidate_experimental
uniform_64MHz,strong_cfo_clock,15,0,15,20271019,0.4,60,0,0,20.3956848143444,14.9153910576163,20.3956848143444,14.9153910576163,5.3956848143444,-0.0846089423837348,5.3956848143444,-0.0846089423837348,range_phase_disagreement_rtt_only,1,0.852744854772825,0,1,4.59187970027605,1,unique_pbr_conflict_candidate_experimental
uniform_64MHz,strong_cfo_clock,15,0,16,20271019,0.4,60,0,0,18.7023280016678,14.8836673288776,18.7023280016678,14.8836673288776,3.70232800166781,-0.116332671122398,3.70232800166781,-0.116332671122398,range_phase_disagreement_rtt_only,1,0.856560844629762,0,1,3.19217747940108,1,unique_pbr_conflict_candidate_experimental
uniform_64MHz,strong_cfo_clock,15,0,17,20271019,0.4,60,0,0,19.5430645344784,14.9062241454912,19.5430645344784,14.9062241454912,4.54306453447845,-0.0937758545088485,4.54306453447845,-0.0937758545088485,range_phase_disagreement_rtt_only,1,0.848718529349791,0,1,3.87813983709802,1,unique_pbr_conflict_candidate_experimental
uniform_64MHz,strong_cfo_clock,15,0,18,20271019,0.4,60,0,0,19.7001451085156,14.9228953156984,19.7001451085156,14.9228953156984,4.70014510851557,-0.0771046843015508,4.70014510851557,-0.0771046843015508,range_phase_disagreement_rtt_only,1,0.865851162878538,0,1,4.01181356765102,1,unique_pbr_conflict_candidate_experimental
uniform_64MHz,strong_cfo_clock,15,0,19,20271019,0.4,60,0,0,20.3526181862491,14.9042997858586,20.3526181862491,14.9042997858586,5.35261818624913,-0.0957002141413756,5.35261818624913,-0.0957002141413756,range_phase_disagreement_rtt_only,1,0.850091960779294,0,1,4.53637930382617,1,unique_pbr_conflict_candidate_experimental
uniform_64MHz,strong_cfo_clock,15,0,20,20271019,0.4,60,0,0,19.6808954659254,14.9161470641362,19.6808954659254,14.9161470641362,4.68089546592537,-0.0838529358638258,4.68089546592537,-0.0838529358638258,range_phase_disagreement_rtt_only,1,0.853648994576325,0,1,4.00380846365798,1,unique_pbr_conflict_candidate_experimental
uniform_64MHz,strong_cfo_clock,3,15,1,20271019,0.4,60,0,0,7.46325719916645,2.87184415094223,7.46325719916645,2.87184415094223,4.46325719916645,-0.128155849057771,4.46325719916645,-0.128155849057771,range_phase_disagreement_rtt_only,1,0.849154787706371,0,1,16.6243818052295,1,unique_pbr_conflict_candidate_experimental
uniform_64MHz,strong_cfo_clock,3,15,2,20271019,0.4,60,0,0,7.34696287473467,2.85947197484097,7.34696287473467,2.85947197484097,4.34696287473467,-0.140528025159032,4.34696287473467,-0.140528025159032,range_phase_disagreement_rtt_only,1,0.845803541030165,0,1,16.2560113657931,1,unique_pbr_conflict_candidate_experimental
uniform_64MHz,strong_cfo_clock,3,15,3,20271019,0.4,60,0,0,7.41467211560348,2.88055655383448,7.41467211560348,2.88055655383448,4.41467211560348,-0.119443446165516,4.41467211560348,-0.119443446165516,range_phase_disagreement_rtt_only,1,0.853894684059218,0,1,16.3750364641438,1,unique_pbr_conflict_candidate_experimental
uniform_64MHz,strong_cfo_clock,3,15,4,20271019,0.4,60,0,0,7.43128495216857,2.87134024284167,7.43128495216857,2.87134024284167,4.43128495216857,-0.128659757158331,4.43128495216857,-0.128659757158331,range_phase_disagreement_rtt_only,1,0.849888460224137,0,1,16.5377355618051,1,unique_pbr_conflict_candidate_experimental
uniform_64MHz,strong_cfo_clock,3,15,5,20271019,0.4,60,0,0,7.42286702985507,2.86509677698543,7.42286702985507,2.86509677698543,4.42286702985507,-0.134903223014573,4.42286702985507,-0.134903223014573,range_phase_disagreement_rtt_only,1,0.848058971010924,0,1,16.477756243683,1,unique_pbr_conflict_candidate_experimental
uniform_64MHz,strong_cfo_clock,3,15,6,20271019,0.4,60,0,0,7.47241051826927,2.8687488160118,7.47241051826927,2.8687488160118,4.47241051826927,-0.131251183988203,4.47241051826927,-0.131251183988203,range_phase_disagreement_rtt_only,1,0.849258951890523,0,1,16.723012001722,1,unique_pbr_conflict_candidate_experimental
uniform_64MHz,strong_cfo_clock,3,15,7,20271019,0.4,60,0,0,7.36633171831341,2.87706697448077,7.36633171831341,2.87706697448077,4.36633171831341,-0.12293302551923,4.36633171831341,-0.12293302551923,range_phase_disagreement_rtt_only,1,0.849463750230979,0,1,16.2538502559606,1,unique_pbr_conflict_candidate_experimental
uniform_64MHz,strong_cfo_clock,3,15,8,20271019,0.4,60,0,0,7.39087058851893,2.85483827902534,7.39087058851893,2.85483827902534,4.39087058851893,-0.145161720974661,4.39087058851893,-0.145161720974661,range_phase_disagreement_rtt_only,1,0.84885807491055,0,1,16.4077997827146,1,unique_pbr_conflict_candidate_experimental
uniform_64MHz,strong_cfo_clock,3,15,9,20271019,0.4,60,0,0,7.34789833144239,2.87084949387913,7.34789833144239,2.87084949387913,4.34789833144239,-0.129150506120866,4.34789833144239,-0.129150506120866,range_phase_disagreement_rtt_only,1,0.850127697229809,0,1,16.1745965388072,1,unique_pbr_conflict_candidate_experimental
uniform_64MHz,strong_cfo_clock,3,15,10,20271019,0.4,60,0,0,7.55832968392929,2.87054865074725,7.55832968392929,2.87054865074725,4.55832968392929,-0.129451349252751,4.55832968392929,-0.129451349252751,range_phase_disagreement_rtt_only,1,0.850030751431573,0,1,16.9340099598749,1,unique_pbr_conflict_candidate_experimental
uniform_64MHz,strong_cfo_clock,3,15,11,20271019,0.4,60,0,0,7.43544844214734,2.86591908739982,7.43544844214734,2.86591908739982,4.43544844214734,-0.134080912600183,4.43544844214734,-0.134080912600183,range_phase_disagreement_rtt_only,1,0.848182032916217,0,1,16.5610493902689,1,unique_pbr_conflict_candidate_experimental
uniform_64MHz,strong_cfo_clock,3,15,12,20271019,0.4,60,0,0,7.40561186792128,2.86214547344124,7.40561186792128,2.86214547344124,4.40561186792128,-0.137854526558758,4.40561186792128,-0.137854526558758,range_phase_disagreement_rtt_only,1,0.848830169985439,0,1,16.4498331134205,1,unique_pbr_conflict_candidate_experimental
uniform_64MHz,strong_cfo_clock,3,15,13,20271019,0.4,60,0,0,7.43240452644082,2.86975680721677,7.43240452644082,2.86975680721677,4.43240452644082,-0.130243192783233,4.43240452644082,-0.130243192783233,range_phase_disagreement_rtt_only,1,0.850486289962334,0,1,16.5133736870443,1,unique_pbr_conflict_candidate_experimental
uniform_64MHz,strong_cfo_clock,3,15,14,20271019,0.4,60,0,0,7.58515823862857,2.87025116394054,7.58515823862857,2.87025116394054,4.58515823862857,-0.129748836059463,4.58515823862857,-0.129748836059463,range_phase_disagreement_rtt_only,1,0.850974402841228,0,1,17.0390981566928,1,unique_pbr_conflict_candidate_experimental
uniform_64MHz,strong_cfo_clock,3,15,15,20271019,0.4,60,0,0,7.39176964723456,2.86482913933514,7.39176964723456,2.86482913933514,4.39176964723456,-0.135170860664855,4.39176964723456,-0.135170860664855,range_phase_disagreement_rtt_only,1,0.848249557914504,0,1,16.4257341717632,1,unique_pbr_conflict_candidate_experimental
uniform_64MHz,strong_cfo_clock,3,15,16,20271019,0.4,60,0,0,7.23528359236161,2.86963928089629,7.23528359236161,2.86963928089629,4.23528359236161,-0.13036071910371,4.23528359236161,-0.13036071910371,range_phase_disagreement_rtt_only,1,0.851852728210152,0,1,15.8478043955227,1,unique_pbr_conflict_candidate_experimental
uniform_64MHz,strong_cfo_clock,3,15,17,20271019,0.4,60,0,0,7.34334012095624,2.87675803780264,7.34334012095624,2.87675803780264,4.34334012095624,-0.123241962197356,4.34334012095624,-0.123241962197356,range_phase_disagreement_rtt_only,1,0.851740171719594,0,1,16.1934212983775,1,unique_pbr_conflict_candidate_experimental
uniform_64MHz,strong_cfo_clock,3,15,18,20271019,0.4,60,0,0,7.07666736197342,2.87472370585725,7.07666736197342,2.87472370585725,4.07666736197342,-0.125276294142753,4.07666736197342,-0.125276294142753,range_phase_disagreement_rtt_only,1,0.847342822296029,0,1,15.2238526137339,1,unique_pbr_conflict_candidate_experimental
uniform_64MHz,strong_cfo_clock,3,15,19,20271019,0.4,60,0,0,7.29364949177682,2.86032066448141,7.29364949177682,2.86032066448141,4.29364949177682,-0.139679335518591,4.29364949177682,-0.139679335518591,range_phase_disagreement_rtt_only,1,0.85029181488544,0,1,16.0507226393567,1,unique_pbr_conflict_candidate_experimental
uniform_64MHz,strong_cfo_clock,3,15,20,20271019,0.4,60,0,0,7.50945705931313,2.87083176977411,7.50945705931313,2.87083176977411,4.50945705931313,-0.129168230225886,4.50945705931313,-0.129168230225886,range_phase_disagreement_rtt_only,1,0.849504457579973,0,1,16.7950410234832,1,unique_pbr_conflict_candidate_experimental
uniform_64MHz,strong_cfo_clock,15,15,1,20271019,0.4,60,0,0,19.2514143460265,14.8675841675,19.2514143460265,14.8675841675,4.25141434602646,-0.132415832499978,4.25141434602646,-0.132415832499978,range_phase_disagreement_rtt_only,1,0.851201146692766,0,1,15.8965519312829,1,unique_pbr_conflict_candidate_experimental
uniform_64MHz,strong_cfo_clock,15,15,2,20271019,0.4,60,0,0,19.3921352392656,14.8710124561311,19.3921352392656,14.8710124561311,4.39213523926556,-0.128987543868883,4.39213523926556,-0.128987543868883,range_phase_disagreement_rtt_only,1,0.850238747458779,0,1,16.3547897780936,1,unique_pbr_conflict_candidate_experimental
uniform_64MHz,strong_cfo_clock,15,15,3,20271019,0.4,60,0,0,19.5436193473285,14.8666720411626,19.5436193473285,14.8666720411626,4.54361934732848,-0.133327958837427,4.54361934732848,-0.133327958837427,range_phase_disagreement_rtt_only,1,0.848846631800166,0,1,16.9017298638968,1,unique_pbr_conflict_candidate_experimental
uniform_64MHz,strong_cfo_clock,15,15,4,20271019,0.4,60,0,0,19.5647896433869,14.8722891029826,19.5647896433869,14.8722891029826,4.56478964338692,-0.127710897017439,4.56478964338692,-0.127710897017439,range_phase_disagreement_rtt_only,1,0.851781761079955,0,1,17.0178397968204,1,unique_pbr_conflict_candidate_experimental
uniform_64MHz,strong_cfo_clock,15,15,5,20271019,0.4,60,0,0,19.3910332837429,14.8778434332304,19.3910332837429,14.8778434332304,4.39103328374285,-0.122156566769632,4.39103328374285,-0.122156566769632,range_phase_disagreement_rtt_only,1,0.84856421903722,0,1,16.3262348880798,1,unique_pbr_conflict_candidate_experimental
uniform_64MHz,strong_cfo_clock,15,15,6,20271019,0.4,60,0,0,19.3470281413703,14.8718277148598,19.3470281413703,14.8718277148598,4.34702814137028,-0.128172285140238,4.34702814137028,-0.128172285140238,range_phase_disagreement_rtt_only,1,0.848753639617792,0,1,16.1989016878184,1,unique_pbr_conflict_candidate_experimental
uniform_64MHz,strong_cfo_clock,15,15,7,20271019,0.4,60,0,0,19.5656999296906,14.8734983063579,19.5656999296906,14.8734983063579,4.56569992969063,-0.126501693642108,4.56569992969063,-0.126501693642108,range_phase_disagreement_rtt_only,1,0.851747669654553,0,1,16.9948007380371,1,unique_pbr_conflict_candidate_experimental
uniform_64MHz,strong_cfo_clock,15,15,8,20271019,0.4,60,0,0,19.3137243636195,14.8655313292327,19.3137243636195,14.8655313292327,4.31372436361953,-0.13446867076733,4.31372436361953,-0.13446867076733,range_phase_disagreement_rtt_only,1,0.848767271024679,0,1,16.0897014197443,1,unique_pbr_conflict_candidate_experimental
uniform_64MHz,strong_cfo_clock,15,15,9,20271019,0.4,60,0,0,19.4036702936445,14.8745130281288,19.4036702936445,14.8745130281288,4.40367029364446,-0.125486971871245,4.40367029364446,-0.125486971871245,range_phase_disagreement_rtt_only,1,0.845456503820444,0,1,16.4101489950687,1,unique_pbr_conflict_candidate_experimental
uniform_64MHz,strong_cfo_clock,15,15,10,20271019,0.4,60,0,0,19.3148582085447,14.8754742711814,19.3148582085447,14.8754742711814,4.31485820854473,-0.124525728818616,4.31485820854473,-0.124525728818616,range_phase_disagreement_rtt_only,1,0.849935426169663,0,1,16.1013341093919,1,unique_pbr_conflict_candidate_experimental
uniform_64MHz,strong_cfo_clock,15,15,11,20271019,0.4,60,0,0,19.4693338029145,14.8722749553361,19.4693338029145,14.8722749553361,4.46933380291452,-0.127725044663908,4.46933380291452,-0.127725044663908,range_phase_disagreement_rtt_only,1,0.851844373361614,0,1,16.6582620039034,1,unique_pbr_conflict_candidate_experimental
uniform_64MHz,strong_cfo_clock,15,15,12,20271019,0.4,60,0,0,19.4927233506419,14.8859318240806,19.4927233506419,14.8859318240806,4.49272335064191,-0.114068175919369,4.49272335064191,-0.114068175919369,range_phase_disagreement_rtt_only,1,0.851724218314799,0,1,16.6962504605284,1,unique_pbr_conflict_candidate_experimental
uniform_64MHz,strong_cfo_clock,15,15,13,20271019,0.4,60,0,0,19.3535482896993,14.8792286505358,19.3535482896993,14.8792286505358,4.35354828969934,-0.12077134946419,4.35354828969934,-0.12077134946419,range_phase_disagreement_rtt_only,1,0.852499560815736,0,1,16.2381765100597,1,unique_pbr_conflict_candidate_experimental
uniform_64MHz,strong_cfo_clock,15,15,14,20271019,0.4,60,0,0,19.4783194040364,14.8837006189806,19.4783194040364,14.8837006189806,4.47831940403636,-0.116299381019378,4.47831940403636,-0.116299381019378,range_phase_disagreement_rtt_only,1,0.851084219151027,0,1,16.6434593518852,1,unique_pbr_conflict_candidate_experimental
uniform_64MHz,strong_cfo_clock,15,15,15,20271019,0.4,60,0,0,19.4522246594771,14.8567959877393,19.4522246594771,14.8567959877393,4.45222465947714,-0.143204012260693,4.45222465947714,-0.143204012260693,range_phase_disagreement_rtt_only,1,0.848899060165596,0,1,16.6257951392254,1,unique_pbr_conflict_candidate_experimental
uniform_64MHz,strong_cfo_clock,15,15,16,20271019,0.4,60,0,0,19.4914172753777,14.8739209293089,19.4914172753777,14.8739209293089,4.49141727537775,-0.126079070691148,4.49141727537775,-0.126079070691148,range_phase_disagreement_rtt_only,1,0.848281456846215,0,1,16.7102008182419,1,unique_pbr_conflict_candidate_experimental
uniform_64MHz,strong_cfo_clock,15,15,17,20271019,0.4,60,0,0,19.3639218863805,14.8776851753256,19.3639218863805,14.8776851753256,4.36392188638048,-0.122314824674429,4.36392188638048,-0.122314824674429,range_phase_disagreement_rtt_only,1,0.852699604614032,0,1,16.2448489948014,1,unique_pbr_conflict_candidate_experimental
uniform_64MHz,strong_cfo_clock,15,15,18,20271019,0.4,60,0,0,19.2865760153713,14.8719765940303,19.2865760153713,14.8719765940303,4.28657601537131,-0.128023405969744,4.28657601537131,-0.128023405969744,range_phase_disagreement_rtt_only,1,0.845448528940061,0,1,15.9924813594192,1,unique_pbr_conflict_candidate_experimental
uniform_64MHz,strong_cfo_clock,15,15,19,20271019,0.4,60,0,0,19.4186138246013,14.872514138019,19.4186138246013,14.872514138019,4.41861382460127,-0.127485861980974,4.41861382460127,-0.127485861980974,range_phase_disagreement_rtt_only,1,0.850491018320798,0,1,16.4628243208596,1,unique_pbr_conflict_candidate_experimental
uniform_64MHz,strong_cfo_clock,15,15,20,20271019,0.4,60,0,0,19.2736978881124,14.8739660356807,19.2736978881124,14.8739660356807,4.27369788811244,-0.126033964319344,4.27369788811244,-0.126033964319344,range_phase_disagreement_rtt_only,1,0.846082131868128,0,1,15.8977737274633,1,unique_pbr_conflict_candidate_experimental
uniform_64MHz,strong_cfo_clock,3,30,1,20271019,0.4,60,0,0,7.41197820555135,2.87522260528273,7.41197820555135,2.87522260528273,4.41197820555135,-0.124777394717269,4.41197820555135,-0.124777394717269,range_phase_disagreement_rtt_only,1,0.84785196264538,0,1,17.8852657278179,1,unique_pbr_conflict_candidate_experimental
uniform_64MHz,strong_cfo_clock,3,30,2,20271019,0.4,60,0,0,7.44516650541392,2.87039357171509,7.44516650541392,2.87039357171509,4.44516650541392,-0.129606428284915,4.44516650541392,-0.129606428284915,range_phase_disagreement_rtt_only,1,0.849328774066298,0,1,18.0357910901127,1,unique_pbr_conflict_candidate_experimental
uniform_64MHz,strong_cfo_clock,3,30,3,20271019,0.4,60,0,0,7.42581477514822,2.8702197626229,7.42581477514822,2.8702197626229,4.42581477514822,-0.1297802373771,4.42581477514822,-0.1297802373771,range_phase_disagreement_rtt_only,1,0.845937271143432,0,1,17.958839302493,1,unique_pbr_conflict_candidate_experimental
uniform_64MHz,strong_cfo_clock,3,30,4,20271019,0.4,60,0,0,7.43949516151696,2.86275216892271,7.43949516151696,2.86275216892271,4.43949516151696,-0.137247831077294,4.43949516151696,-0.137247831077294,range_phase_disagreement_rtt_only,1,0.847226102949929,0,1,18.0405167488522,1,unique_pbr_conflict_candidate_experimental
uniform_64MHz,strong_cfo_clock,3,30,5,20271019,0.4,60,0,0,7.43596453571479,2.87444838081534,7.43596453571479,2.87444838081534,4.43596453571479,-0.125551619184665,4.43596453571479,-0.125551619184665,range_phase_disagreement_rtt_only,1,0.847316251663169,0,1,17.982754787437,1,unique_pbr_conflict_candidate_experimental
uniform_64MHz,strong_cfo_clock,3,30,6,20271019,0.4,60,0,0,7.44523041895838,2.87281780816962,7.44523041895838,2.87281780816962,4.44523041895838,-0.127182191830383,4.44523041895838,-0.127182191830383,range_phase_disagreement_rtt_only,1,0.84699607479392,0,1,18.0198193151206,1,unique_pbr_conflict_candidate_experimental
uniform_64MHz,strong_cfo_clock,3,30,7,20271019,0.4,60,0,0,7.46103227775526,2.87472046401806,7.46103227775526,2.87472046401806,4.46103227775526,-0.125279535981937,4.46103227775526,-0.125279535981937,range_phase_disagreement_rtt_only,1,0.847661716996277,0,1,18.0783869958558,1,unique_pbr_conflict_candidate_experimental
uniform_64MHz,strong_cfo_clock,3,30,8,20271019,0.4,60,0,0,7.41635219153625,2.87292267890744,7.41635219153625,2.87292267890744,4.41635219153625,-0.127077321092558,4.41635219153625,-0.127077321092558,range_phase_disagreement_rtt_only,1,0.846541162687874,0,1,17.9103273909929,1,unique_pbr_conflict_candidate_experimental
uniform_64MHz,strong_cfo_clock,3,30,9,20271019,0.4,60,0,0,7.42522498496608,2.87239261180204,7.42522498496608,2.87239261180204,4.42522498496608,-0.127607388197956,4.42522498496608,-0.127607388197956,range_phase_disagreement_rtt_only,1,0.845891604796986,0,1,17.9471379741698,1,unique_pbr_conflict_candidate_experimental
uniform_64MHz,strong_cfo_clock,3,30,10,20271019,0.4,60,0,0,7.41713276189787,2.87031352085218,7.41713276189787,2.87031352085218,4.41713276189787,-0.129686479147824,4.41713276189787,-0.129686479147824,range_phase_disagreement_rtt_only,1,0.848684628703645,0,1,17.9248536284529,1,unique_pbr_conflict_candidate_experimental
uniform_64MHz,strong_cfo_clock,3,30,11,20271019,0.4,60,0,0,7.37496705981342,2.87365481600674,7.37496705981342,2.87365481600674,4.37496705981342,-0.126345183993258,4.37496705981342,-0.126345183993258,range_phase_disagreement_rtt_only,1,0.848420594341001,0,1,17.744931721379,1,unique_pbr_conflict_candidate_experimental
uniform_64MHz,strong_cfo_clock,3,30,12,20271019,0.4,60,0,0,7.4039814599577,2.86663135029438,7.4039814599577,2.86663135029438,4.4039814599577,-0.133368649705622,4.4039814599577,-0.133368649705622,range_phase_disagreement_rtt_only,1,0.846654690483919,0,1,17.8879010778467,1,unique_pbr_conflict_candidate_experimental
uniform_64MHz,strong_cfo_clock,3,30,13,20271019,0.4,60,0,0,7.43771376152362,2.87000544129005,7.43771376152362,2.87000544129005,4.43771376152362,-0.12999455870995,4.43771376152362,-0.12999455870995,range_phase_disagreement_rtt_only,1,0.847507686299213,0,1,18.0055847321214,1,unique_pbr_conflict_candidate_experimental
uniform_64MHz,strong_cfo_clock,3,30,14,20271019,0.4,60,0,0,7.40659894218978,2.87462619500638,7.40659894218978,2.87462619500638,4.40659894218978,-0.125373804993622,4.40659894218978,-0.125373804993622,range_phase_disagreement_rtt_only,1,0.847319629794298,0,1,17.8661030555988,1,unique_pbr_conflict_candidate_experimental
uniform_64MHz,strong_cfo_clock,3,30,15,20271019,0.4,60,0,0,7.3658821031153,2.87371329140231,7.3658821031153,2.87371329140231,4.3658821031153,-0.126286708597694,4.3658821031153,-0.126286708597694,range_phase_disagreement_rtt_only,1,0.848068465772401,0,1,17.7113907407028,1,unique_pbr_conflict_candidate_experimental
uniform_64MHz,strong_cfo_clock,3,30,16,20271019,0.4,60,0,0,7.39653827612721,2.87192903414163,7.39653827612721,2.87192903414163,4.39653827612721,-0.12807096585837,4.39653827612721,-0.12807096585837,range_phase_disagreement_rtt_only,1,0.846959198930792,0,1,17.8345725508585,1,unique_pbr_conflict_candidate_experimental
uniform_64MHz,strong_cfo_clock,3,30,17,20271019,0.4,60,0,0,7.43363826949442,2.87172644658802,7.43363826949442,2.87172644658802,4.43363826949442,-0.128273553411976,4.43363826949442,-0.128273553411976,range_phase_disagreement_rtt_only,1,0.846682831305567,0,1,17.9860013564056,1,unique_pbr_conflict_candidate_experimental
uniform_64MHz,strong_cfo_clock,3,30,18,20271019,0.4,60,0,0,7.4341591255423,2.87117548319413,7.4341591255423,2.87117548319413,4.4341591255423,-0.128824516805874,4.4341591255423,-0.128824516805874,range_phase_disagreement_rtt_only,1,0.848482444418021,0,1,17.9895228598455,1,unique_pbr_conflict_candidate_experimental
uniform_64MHz,strong_cfo_clock,3,30,19,20271019,0.4,60,0,0,7.43176293345926,2.87112589757783,7.43176293345926,2.87112589757783,4.43176293345926,-0.128874102422171,4.43176293345926,-0.128874102422171,range_phase_disagreement_rtt_only,1,0.846198930617904,0,1,17.9807834020973,1,unique_pbr_conflict_candidate_experimental
uniform_64MHz,strong_cfo_clock,3,30,20,20271019,0.4,60,0,0,7.41622874359555,2.87216731285109,7.41622874359555,2.87216731285109,4.41622874359555,-0.12783268714891,4.41622874359555,-0.12783268714891,range_phase_disagreement_rtt_only,1,0.849841012354232,0,1,17.9098177360165,1,unique_pbr_conflict_candidate_experimental
uniform_64MHz,strong_cfo_clock,15,30,1,20271019,0.4,60,0,0,19.4230656582931,14.8771944762366,19.4230656582931,14.8771944762366,4.42306565829307,-0.122805523763427,4.42306565829307,-0.122805523763427,range_phase_disagreement_rtt_only,1,0.845496425200039,0,1,17.9192049184614,1,unique_pbr_conflict_candidate_experimental
uniform_64MHz,strong_cfo_clock,15,30,2,20271019,0.4,60,0,0,19.4158901788754,14.8776859315208,19.4158901788754,14.8776859315208,4.41589017887541,-0.122314068479151,4.41589017887541,-0.122314068479151,range_phase_disagreement_rtt_only,1,0.844829055073646,0,1,17.8888997499604,1,unique_pbr_conflict_candidate_experimental
uniform_64MHz,strong_cfo_clock,15,30,3,20271019,0.4,60,0,0,19.4363152595026,14.874736259957,19.4363152595026,14.874736259957,4.43631525950263,-0.125263740042978,4.43631525950263,-0.125263740042978,range_phase_disagreement_rtt_only,1,0.848545852402891,0,1,17.9774380792148,1,unique_pbr_conflict_candidate_experimental
uniform_64MHz,strong_cfo_clock,15,30,4,20271019,0.4,60,0,0,19.4038729519511,14.8682941578859,19.4038729519511,14.8682941578859,4.40387295195114,-0.131705842114098,4.40387295195114,-0.131705842114098,range_phase_disagreement_rtt_only,1,0.84900658718988,0,1,17.8798277237881,1,unique_pbr_conflict_candidate_experimental
uniform_64MHz,strong_cfo_clock,15,30,5,20271019,0.4,60,0,0,19.4762329552731,14.8741869685349,19.4762329552731,14.8741869685349,4.47623295527305,-0.125813031465114,4.47623295527305,-0.125813031465114,range_phase_disagreement_rtt_only,1,0.845971490249631,0,1,18.1383239985431,1,unique_pbr_conflict_candidate_experimental
uniform_64MHz,strong_cfo_clock,15,30,6,20271019,0.4,60,0,0,19.4276816235729,14.8728332226111,19.4276816235729,14.8728332226111,4.42768162357286,-0.127166777388856,4.42768162357286,-0.127166777388856,range_phase_disagreement_rtt_only,1,0.848826632099642,0,1,17.952661384574,1,unique_pbr_conflict_candidate_experimental
uniform_64MHz,strong_cfo_clock,15,30,7,20271019,0.4,60,0,0,19.4490611453575,14.8717012391045,19.4490611453575,14.8717012391045,4.44906114535754,-0.128298760895518,4.44906114535754,-0.128298760895518,range_phase_disagreement_rtt_only,1,0.848027787761351,0,1,18.0425921219598,1,unique_pbr_conflict_candidate_experimental
uniform_64MHz,strong_cfo_clock,15,30,8,20271019,0.4,60,0,0,19.4318971959229,14.8699478099578,19.4318971959229,14.8699478099578,4.43189719592292,-0.130052190042218,4.43189719592292,-0.130052190042218,range_phase_disagreement_rtt_only,1,0.849199458236375,0,1,17.9822678787171,1,unique_pbr_conflict_candidate_experimental
uniform_64MHz,strong_cfo_clock,15,30,9,20271019,0.4,60,0,0,19.3974042624491,14.8716774021997,19.3974042624491,14.8716774021997,4.39740426244907,-0.128322597800285,4.39740426244907,-0.128322597800285,range_phase_disagreement_rtt_only,1,0.846833284522108,0,1,17.8433727691307,1,unique_pbr_conflict_candidate_experimental
uniform_64MHz,strong_cfo_clock,15,30,10,20271019,0.4,60,0,0,19.4374330561245,14.8661944411393,19.4374330561245,14.8661944411393,4.43743305612452,-0.133805558860669,4.43743305612452,-0.133805558860669,range_phase_disagreement_rtt_only,1,0.847317910369905,0,1,18.0181618587753,1,unique_pbr_conflict_candidate_experimental
uniform_64MHz,strong_cfo_clock,15,30,11,20271019,0.4,60,0,0,19.4492073113531,14.8656956684907,19.4492073113531,14.8656956684907,4.44920731135308,-0.134304331509313,4.44920731135308,-0.134304331509313,range_phase_disagreement_rtt_only,1,0.847192872652216,0,1,18.067294631195,1,unique_pbr_conflict_candidate_experimental
uniform_64MHz,strong_cfo_clock,15,30,12,20271019,0.4,60,0,0,19.4133316813231,14.8767492308723,19.4133316813231,14.8767492308723,4.41333168132305,-0.123250769127729,4.41333168132305,-0.123250769127729,range_phase_disagreement_rtt_only,1,0.848064982429821,0,1,17.8826887557692,1,unique_pbr_conflict_candidate_experimental
uniform_64MHz,strong_cfo_clock,15,30,13,20271019,0.4,60,0,0,19.4270222087894,14.8716405426282,19.4270222087894,14.8716405426282,4.42702220878937,-0.128359457371795,4.42702220878937,-0.128359457371795,range_phase_disagreement_rtt_only,1,0.846553371512533,0,1,17.9546352870817,1,unique_pbr_conflict_candidate_experimental
uniform_64MHz,strong_cfo_clock,15,30,14,20271019,0.4,60,0,0,19.4308536722654,14.870404555552,19.4308536722654,14.870404555552,4.43085367226543,-0.129595444447999,4.43085367226543,-0.129595444447999,range_phase_disagreement_rtt_only,1,0.848598987662672,0,1,17.976841628983,1,unique_pbr_conflict_candidate_experimental
uniform_64MHz,strong_cfo_clock,15,30,15,20271019,0.4,60,0,0,19.4112000929835,14.8731634797212,19.4112000929835,14.8731634797212,4.41120009298355,-0.126836520278765,4.41120009298355,-0.126836520278765,range_phase_disagreement_rtt_only,1,0.846325218474472,0,1,17.8869991513254,1,unique_pbr_conflict_candidate_experimental
uniform_64MHz,strong_cfo_clock,15,30,16,20271019,0.4,60,0,0,19.3833299083067,14.8738308953086,19.3833299083067,14.8738308953086,4.38332990830673,-0.126169104691362,4.38332990830673,-0.126169104691362,range_phase_disagreement_rtt_only,1,0.848571424051941,0,1,17.7769955227566,1,unique_pbr_conflict_candidate_experimental
uniform_64MHz,strong_cfo_clock,15,30,17,20271019,0.4,60,0,0,19.4275047066893,14.8724032787782,19.4275047066893,14.8724032787782,4.42750470668932,-0.127596721221792,4.42750470668932,-0.127596721221792,range_phase_disagreement_rtt_only,1,0.846089848142103,0,1,17.952000437585,1,unique_pbr_conflict_candidate_experimental
uniform_64MHz,strong_cfo_clock,15,30,18,20271019,0.4,60,0,0,19.4362074275475,14.8697293901208,19.4362074275475,14.8697293901208,4.43620742754753,-0.13027060987916,4.43620742754753,-0.13027060987916,range_phase_disagreement_rtt_only,1,0.846454288150366,0,1,17.9964384953511,1,unique_pbr_conflict_candidate_experimental
uniform_64MHz,strong_cfo_clock,15,30,19,20271019,0.4,60,0,0,19.3900304105761,14.8727728376918,19.3900304105761,14.8727728376918,4.39003041057613,-0.127227162308186,4.39003041057613,-0.127227162308186,range_phase_disagreement_rtt_only,1,0.850426651584568,0,1,17.808598158027,1,unique_pbr_conflict_candidate_experimental
uniform_64MHz,strong_cfo_clock,15,30,20,20271019,0.4,60,0,0,19.4361235012543,14.8663286417303,19.4361235012543,14.8663286417303,4.43612350125435,-0.133671358269655,4.43612350125435,-0.133671358269655,range_phase_disagreement_rtt_only,1,0.84610198616616,0,1,18.0136102034041,1,unique_pbr_conflict_candidate_experimental
uniform_64MHz,strong_random_hop,3,0,1,20271019,0.4,60,0,0,7.74895026946355,4.03567142921479,7.74895026946355,7.74895026946355,4.74895026946355,1.03567142921479,4.74895026946355,4.74895026946355,unstable_phase_calibration_rtt_only,0,0.57716646329949,0,1,NaN,0,no_eligible_disagreement
uniform_64MHz,strong_random_hop,3,0,2,20271019,0.4,60,0,0,8.50046813975313,10.9891679474051,8.50046813975313,8.50046813975313,5.50046813975313,7.98916794740509,5.50046813975313,5.50046813975313,unstable_phase_calibration_rtt_only,0,0.496015433284478,0,1,NaN,0,no_eligible_disagreement
uniform_64MHz,strong_random_hop,3,0,3,20271019,0.4,60,0,0,8.09541103027728,3.83054849764718,8.09541103027728,8.09541103027728,5.09541103027728,0.830548497647175,5.09541103027728,5.09541103027728,unstable_phase_calibration_rtt_only,0,0.503349571401476,0,1,NaN,0,no_eligible_disagreement
uniform_64MHz,strong_random_hop,3,0,4,20271019,0.4,60,0,0,7.73892314603223,21.7388419253429,7.73892314603223,7.73892314603223,4.73892314603223,18.7388419253429,4.73892314603223,4.73892314603223,unstable_phase_calibration_rtt_only,0,0.618747553033034,0,1,NaN,0,no_eligible_disagreement
uniform_64MHz,strong_random_hop,3,0,5,20271019,0.4,60,0,0,8.27502657406267,35.1259609115663,8.27502657406267,8.27502657406267,5.27502657406267,32.1259609115663,5.27502657406267,5.27502657406267,unstable_phase_calibration_rtt_only,0,0.494579693914234,0,1,NaN,0,no_eligible_disagreement
uniform_64MHz,strong_random_hop,3,0,6,20271019,0.4,60,0,0,7.34620796570148,21.643615704088,7.34620796570148,7.34620796570148,4.34620796570148,18.643615704088,4.34620796570148,4.34620796570148,unstable_phase_calibration_rtt_only,0,0.535832847698816,0,1,NaN,0,no_eligible_disagreement
uniform_64MHz,strong_random_hop,3,0,7,20271019,0.4,60,0,0,7.26352328761823,36.3401141546141,7.26352328761823,7.26352328761823,4.26352328761823,33.3401141546141,4.26352328761823,4.26352328761823,unstable_phase_calibration_rtt_only,0,0.46453973033292,0,1,NaN,0,no_eligible_disagreement
uniform_64MHz,strong_random_hop,3,0,8,20271019,0.4,60,0,0,6.69143747424054,26.0566362427191,6.69143747424054,6.69143747424054,3.69143747424054,23.0566362427191,3.69143747424054,3.69143747424054,unstable_phase_calibration_rtt_only,0,0.532971753039991,0,1,NaN,0,no_eligible_disagreement
uniform_64MHz,strong_random_hop,3,0,9,20271019,0.4,60,0,0,8.17073753579216,24.3340102577859,8.17073753579216,8.17073753579216,5.17073753579216,21.3340102577859,5.17073753579216,5.17073753579216,unstable_phase_calibration_rtt_only,0,0.442782003420345,0,1,NaN,0,no_eligible_disagreement
uniform_64MHz,strong_random_hop,3,0,10,20271019,0.4,60,0,0,7.93216621510079,3.40599744044509,7.93216621510079,7.93216621510079,4.93216621510079,0.40599744044509,4.93216621510079,4.93216621510079,unstable_phase_calibration_rtt_only,0,0.624283259630959,0,1,NaN,0,no_eligible_disagreement
uniform_64MHz,strong_random_hop,3,0,11,20271019,0.4,60,0,0,8.22781191896371,35.2578866232132,8.22781191896371,8.22781191896371,5.22781191896371,32.2578866232132,5.22781191896371,5.22781191896371,unstable_phase_calibration_rtt_only,0,0.466773748190206,0,1,NaN,0,no_eligible_disagreement
uniform_64MHz,strong_random_hop,3,0,12,20271019,0.4,60,0,0,6.90893829233776,13.4428963755474,6.90893829233776,6.90893829233776,3.90893829233776,10.4428963755474,3.90893829233776,3.90893829233776,unstable_phase_calibration_rtt_only,0,0.465311749875542,0,1,NaN,0,no_eligible_disagreement
uniform_64MHz,strong_random_hop,3,0,13,20271019,0.4,60,0,0,8.41674967450763,1.27370196261815,8.41674967450763,8.41674967450763,5.41674967450763,-1.72629803738185,5.41674967450763,5.41674967450763,unstable_phase_calibration_rtt_only,0,0.420087687718416,1,2,NaN,0,no_eligible_disagreement
uniform_64MHz,strong_random_hop,3,0,14,20271019,0.4,60,0,0,8.06492004812882,27.114600741402,8.06492004812882,8.06492004812882,5.06492004812882,24.114600741402,5.06492004812882,5.06492004812882,unstable_phase_calibration_rtt_only,0,0.403309324053364,0,1,NaN,0,no_eligible_disagreement
uniform_64MHz,strong_random_hop,3,0,15,20271019,0.4,60,0,0,8.56489888886576,17.4976108752455,8.56489888886576,8.56489888886576,5.56489888886576,14.4976108752455,5.56489888886576,5.56489888886576,unstable_phase_calibration_rtt_only,0,0.560007988252032,0,1,NaN,0,no_eligible_disagreement
uniform_64MHz,strong_random_hop,3,0,16,20271019,0.4,60,0,0,7.9086021083918,22.501676587327,7.9086021083918,7.9086021083918,4.9086021083918,19.501676587327,4.9086021083918,4.9086021083918,unstable_phase_calibration_rtt_only,0,0.663343123397945,0,1,NaN,0,no_eligible_disagreement
uniform_64MHz,strong_random_hop,3,0,17,20271019,0.4,60,0,0,7.26592775993529,27.8405550715831,7.26592775993529,7.26592775993529,4.26592775993529,24.8405550715831,4.26592775993529,4.26592775993529,unstable_phase_calibration_rtt_only,0,0.561123398860729,0,1,NaN,0,no_eligible_disagreement
uniform_64MHz,strong_random_hop,3,0,18,20271019,0.4,60,0,0,7.81674878661458,9.3683539033515,7.81674878661458,7.81674878661458,4.81674878661458,6.3683539033515,4.81674878661458,4.81674878661458,unstable_phase_calibration_rtt_only,0,0.613743781004563,0,1,NaN,0,no_eligible_disagreement
uniform_64MHz,strong_random_hop,3,0,19,20271019,0.4,60,0,0,7.8015380674584,24.3964789906024,7.8015380674584,7.8015380674584,4.8015380674584,21.3964789906024,4.8015380674584,4.8015380674584,unstable_phase_calibration_rtt_only,0,0.48603008855664,0,1,NaN,0,no_eligible_disagreement
uniform_64MHz,strong_random_hop,3,0,20,20271019,0.4,60,0,0,7.62097810012191,20.7739535781395,7.62097810012191,7.62097810012191,4.62097810012191,17.7739535781395,4.62097810012191,4.62097810012191,unstable_phase_calibration_rtt_only,0,0.515001963411164,0,1,NaN,0,no_eligible_disagreement
uniform_64MHz,strong_random_hop,15,0,1,20271019,0.4,60,0,0,19.9009372011482,4.38827057496569,19.9009372011482,19.9009372011482,4.9009372011482,-10.6117294250343,4.9009372011482,4.9009372011482,unstable_phase_calibration_rtt_only,0,0.620409848871776,0,1,NaN,0,no_eligible_disagreement
uniform_64MHz,strong_random_hop,15,0,2,20271019,0.4,60,0,0,19.0897813288164,16.8986527540095,19.0897813288164,19.0897813288164,4.08978132881639,1.89865275400947,4.08978132881639,4.08978132881639,unstable_phase_calibration_rtt_only,0,0.452899623574279,0,1,NaN,0,no_eligible_disagreement
uniform_64MHz,strong_random_hop,15,0,3,20271019,0.4,60,0,0,19.1636582553552,26.7075182913182,19.1636582553552,19.1636582553552,4.16365825535516,11.7075182913182,4.16365825535516,4.16365825535516,unstable_phase_calibration_rtt_only,0,0.589786001988772,0,1,NaN,0,no_eligible_disagreement
uniform_64MHz,strong_random_hop,15,0,4,20271019,0.4,60,0,0,18.8121936605217,30.3306374890864,18.8121936605217,18.8121936605217,3.81219366052169,15.3306374890864,3.81219366052169,3.81219366052169,unstable_phase_calibration_rtt_only,0,0.434932022823742,0,1,NaN,0,no_eligible_disagreement
uniform_64MHz,strong_random_hop,15,0,5,20271019,0.4,60,0,0,19.0977466881363,6.54609783716947,19.0977466881363,19.0977466881363,4.09774668813629,-8.45390216283053,4.09774668813629,4.09774668813629,unstable_phase_calibration_rtt_only,0,0.557951540303576,0,1,NaN,0,no_eligible_disagreement
uniform_64MHz,strong_random_hop,15,0,6,20271019,0.4,60,0,0,19.5975230243435,6.40349943801722,19.5975230243435,19.5975230243435,4.59752302434353,-8.59650056198278,4.59752302434353,4.59752302434353,unstable_phase_calibration_rtt_only,0,0.526285687103532,0,1,NaN,0,no_eligible_disagreement
uniform_64MHz,strong_random_hop,15,0,7,20271019,0.4,60,0,0,19.2560237952831,23.7923098287037,19.2560237952831,19.2560237952831,4.25602379528312,8.79230982870369,4.25602379528312,4.25602379528312,unstable_phase_calibration_rtt_only,0,0.721000170258507,0,1,NaN,0,no_eligible_disagreement
uniform_64MHz,strong_random_hop,15,0,8,20271019,0.4,60,0,0,18.954983333742,19.4522309989275,18.954983333742,18.954983333742,3.95498333374199,4.45223099892752,3.95498333374199,3.95498333374199,unstable_phase_calibration_rtt_only,0,0.428630554337271,0,1,NaN,0,no_eligible_disagreement
uniform_64MHz,strong_random_hop,15,0,9,20271019,0.4,60,0,0,19.3873906282872,16.1984244970364,19.3873906282872,19.3873906282872,4.38739062828724,1.19842449703638,4.38739062828724,4.38739062828724,unstable_phase_calibration_rtt_only,0,0.503352014565051,0,1,NaN,0,no_eligible_disagreement
uniform_64MHz,strong_random_hop,15,0,10,20271019,0.4,60,0,0,19.1751167522404,3.20332109271906,19.1751167522404,19.1751167522404,4.17511675224045,-11.7966789072809,4.17511675224045,4.17511675224045,unstable_phase_calibration_rtt_only,0,0.531292395500826,0,1,NaN,0,no_eligible_disagreement
uniform_64MHz,strong_random_hop,15,0,11,20271019,0.4,60,0,0,19.8071460260226,28.377411550753,19.8071460260226,19.8071460260226,4.80714602602255,13.377411550753,4.80714602602255,4.80714602602255,unstable_phase_calibration_rtt_only,0,0.48215260898095,0,1,NaN,0,no_eligible_disagreement
uniform_64MHz,strong_random_hop,15,0,12,20271019,0.4,60,0,0,20.2125227479883,22.4518649341394,20.2125227479883,20.2125227479883,5.21252274798827,7.45186493413935,5.21252274798827,5.21252274798827,unstable_phase_calibration_rtt_only,0,0.517614993919015,0,1,NaN,0,no_eligible_disagreement
uniform_64MHz,strong_random_hop,15,0,13,20271019,0.4,60,0,0,19.3815017050634,3.83119691819032,19.3815017050634,19.3815017050634,4.38150170506337,-11.1688030818097,4.38150170506337,4.38150170506337,unstable_phase_calibration_rtt_only,0,0.557237136134396,0,1,NaN,0,no_eligible_disagreement
uniform_64MHz,strong_random_hop,15,0,14,20271019,0.4,60,0,0,19.8739681433461,15.9861477314354,19.8739681433461,19.8739681433461,4.87396814334609,0.9861477314354,4.87396814334609,4.87396814334609,unstable_phase_calibration_rtt_only,0,0.430682058570413,0,1,NaN,0,no_eligible_disagreement
uniform_64MHz,strong_random_hop,15,0,15,20271019,0.4,60,0,0,19.6316295913495,27.4290567311474,19.6316295913495,19.6316295913495,4.63162959134945,12.4290567311474,4.63162959134945,4.63162959134945,unstable_phase_calibration_rtt_only,0,0.533096150341832,0,1,NaN,0,no_eligible_disagreement
uniform_64MHz,strong_random_hop,15,0,16,20271019,0.4,60,0,0,19.7282284009666,1.90804893881909,19.7282284009666,19.7282284009666,4.72822840096658,-13.0919510611809,4.72822840096658,4.72822840096658,unstable_phase_calibration_rtt_only,0,0.600849907088757,1,2,NaN,0,no_eligible_disagreement
uniform_64MHz,strong_random_hop,15,0,17,20271019,0.4,60,0,0,20.4317107058444,12.8241640033174,20.4317107058444,20.4317107058444,5.43171070584444,-2.17583599668257,5.43171070584444,5.43171070584444,unstable_phase_calibration_rtt_only,0,0.46380353069107,0,1,NaN,0,no_eligible_disagreement
uniform_64MHz,strong_random_hop,15,0,18,20271019,0.4,60,0,0,18.7859734712669,17.2119950481211,18.7859734712669,18.7859734712669,3.78597347126692,2.21199504812111,3.78597347126692,3.78597347126692,unstable_phase_calibration_rtt_only,0,0.568442962878838,0,1,NaN,0,no_eligible_disagreement
uniform_64MHz,strong_random_hop,15,0,19,20271019,0.4,60,0,0,19.381515933157,23.9771949271003,19.381515933157,19.381515933157,4.38151593315698,8.97719492710033,4.38151593315698,4.38151593315698,unstable_phase_calibration_rtt_only,0,0.46632886956769,0,1,NaN,0,no_eligible_disagreement
uniform_64MHz,strong_random_hop,15,0,20,20271019,0.4,60,0,0,19.2100039235722,1.63850907712841,19.2100039235722,19.2100039235722,4.2100039235722,-13.3614909228716,4.2100039235722,4.2100039235722,unstable_phase_calibration_rtt_only,0,0.569878631371726,1,2,NaN,0,no_eligible_disagreement
uniform_64MHz,strong_random_hop,3,15,1,20271019,0.4,60,0,0,7.36380188363893,34.9245400591971,7.36380188363893,7.36380188363893,4.36380188363893,31.9245400591971,4.36380188363893,4.36380188363893,unstable_phase_calibration_rtt_only,0,0.730848427838653,0,1,NaN,0,no_eligible_disagreement
uniform_64MHz,strong_random_hop,3,15,2,20271019,0.4,60,0,0,7.46966569324782,20.9872745924085,7.46966569324782,7.46966569324782,4.46966569324782,17.9872745924085,4.46966569324782,4.46966569324782,unstable_phase_calibration_rtt_only,0,0.500020878313123,0,1,NaN,0,no_eligible_disagreement
uniform_64MHz,strong_random_hop,3,15,3,20271019,0.4,60,0,0,7.38938983905667,21.2088015133099,7.38938983905667,7.38938983905667,4.38938983905667,18.2088015133099,4.38938983905667,4.38938983905667,unstable_phase_calibration_rtt_only,0,0.483477636818928,0,1,NaN,0,no_eligible_disagreement
uniform_64MHz,strong_random_hop,3,15,4,20271019,0.4,60,0,0,7.27253036660697,35.3876162488151,7.27253036660697,7.27253036660697,4.27253036660697,32.3876162488151,4.27253036660697,4.27253036660697,unstable_phase_calibration_rtt_only,0,0.554651950500582,0,1,NaN,0,no_eligible_disagreement
uniform_64MHz,strong_random_hop,3,15,5,20271019,0.4,60,0,0,7.49260812467077,0.617921537476361,7.49260812467077,7.49260812467077,4.49260812467077,-2.38207846252364,4.49260812467077,4.49260812467077,unstable_phase_calibration_rtt_only,0,0.461619295325655,1,2,NaN,0,no_eligible_disagreement
uniform_64MHz,strong_random_hop,3,15,6,20271019,0.4,60,0,0,7.39198775863109,3.69275521676371,7.39198775863109,7.39198775863109,4.39198775863109,0.692755216763711,4.39198775863109,4.39198775863109,unstable_phase_calibration_rtt_only,0,0.49163538597112,0,1,NaN,0,no_eligible_disagreement
uniform_64MHz,strong_random_hop,3,15,7,20271019,0.4,60,0,0,7.35181338244579,16.1713599052263,7.35181338244579,7.35181338244579,4.35181338244579,13.1713599052263,4.35181338244579,4.35181338244579,unstable_phase_calibration_rtt_only,0,0.492573942589571,0,1,NaN,0,no_eligible_disagreement
uniform_64MHz,strong_random_hop,3,15,8,20271019,0.4,60,0,0,7.22641201402519,31.9295834686583,7.22641201402519,7.22641201402519,4.22641201402519,28.9295834686583,4.22641201402519,4.22641201402519,unstable_phase_calibration_rtt_only,0,0.56230886468368,0,1,NaN,0,no_eligible_disagreement
uniform_64MHz,strong_random_hop,3,15,9,20271019,0.4,60,0,0,7.53277350380877,31.691059240781,7.53277350380877,7.53277350380877,4.53277350380877,28.691059240781,4.53277350380877,4.53277350380877,unstable_phase_calibration_rtt_only,0,0.591691021942678,0,1,NaN,0,no_eligible_disagreement
uniform_64MHz,strong_random_hop,3,15,10,20271019,0.4,60,0,0,7.49945323829028,15.407649674589,7.49945323829028,7.49945323829028,4.49945323829028,12.407649674589,4.49945323829028,4.49945323829028,unstable_phase_calibration_rtt_only,0,0.56793380480525,0,1,NaN,0,no_eligible_disagreement
uniform_64MHz,strong_random_hop,3,15,11,20271019,0.4,60,0,0,7.39692539838211,21.6653057131476,7.39692539838211,7.39692539838211,4.39692539838211,18.6653057131476,4.39692539838211,4.39692539838211,unstable_phase_calibration_rtt_only,0,0.56137582959465,0,1,NaN,0,no_eligible_disagreement
uniform_64MHz,strong_random_hop,3,15,12,20271019,0.4,60,0,0,7.36249549299878,1.83558699778281,7.36249549299878,7.36249549299878,4.36249549299878,-1.16441300221719,4.36249549299878,4.36249549299878,unstable_phase_calibration_rtt_only,0,0.471309802015795,1,2,NaN,0,no_eligible_disagreement
uniform_64MHz,strong_random_hop,3,15,13,20271019,0.4,60,0,0,7.52874141601633,16.8871712400679,7.52874141601633,7.52874141601633,4.52874141601633,13.8871712400679,4.52874141601633,4.52874141601633,unstable_phase_calibration_rtt_only,0,0.555878728064594,0,1,NaN,0,no_eligible_disagreement
uniform_64MHz,strong_random_hop,3,15,14,20271019,0.4,60,0,0,7.49915368557367,30.8690177206536,7.49915368557367,7.49915368557367,4.49915368557367,27.8690177206536,4.49915368557367,4.49915368557367,unstable_phase_calibration_rtt_only,0,0.519157103559519,0,1,NaN,0,no_eligible_disagreement
uniform_64MHz,strong_random_hop,3,15,15,20271019,0.4,60,0,0,7.44311669298458,18.5881764780303,7.44311669298458,7.44311669298458,4.44311669298458,15.5881764780303,4.44311669298458,4.44311669298458,unstable_phase_calibration_rtt_only,0,0.484005371495767,0,1,NaN,0,no_eligible_disagreement
uniform_64MHz,strong_random_hop,3,15,16,20271019,0.4,60,0,0,7.37038875058216,22.2007366093372,7.37038875058216,7.37038875058216,4.37038875058216,19.2007366093372,4.37038875058216,4.37038875058216,unstable_phase_calibration_rtt_only,0,0.533594414872245,0,1,NaN,0,no_eligible_disagreement
uniform_64MHz,strong_random_hop,3,15,17,20271019,0.4,60,0,0,7.31625853810143,19.3656427198471,7.31625853810143,7.31625853810143,4.31625853810143,16.3656427198471,4.31625853810143,4.31625853810143,unstable_phase_calibration_rtt_only,0,0.579467643122364,0,1,NaN,0,no_eligible_disagreement
uniform_64MHz,strong_random_hop,3,15,18,20271019,0.4,60,0,0,7.26245929662302,35.0590180760048,7.26245929662302,7.26245929662302,4.26245929662302,32.0590180760048,4.26245929662302,4.26245929662302,unstable_phase_calibration_rtt_only,0,0.485818954628664,0,1,NaN,0,no_eligible_disagreement
uniform_64MHz,strong_random_hop,3,15,19,20271019,0.4,60,0,0,7.54640765800884,32.6691116586883,7.54640765800884,7.54640765800884,4.54640765800884,29.6691116586883,4.54640765800884,4.54640765800884,unstable_phase_calibration_rtt_only,0,0.522522192177419,0,1,NaN,0,no_eligible_disagreement
uniform_64MHz,strong_random_hop,3,15,20,20271019,0.4,60,0,0,7.42286743035636,11.4433027593696,7.42286743035636,7.42286743035636,4.42286743035636,8.44330275936963,4.42286743035636,4.42286743035636,unstable_phase_calibration_rtt_only,0,0.538246383622215,0,1,NaN,0,no_eligible_disagreement
uniform_64MHz,strong_random_hop,15,15,1,20271019,0.4,60,0,0,19.3908079020762,23.7680383059213,19.3908079020762,19.3908079020762,4.39080790207623,8.76803830592129,4.39080790207623,4.39080790207623,unstable_phase_calibration_rtt_only,0,0.455579760838755,0,1,NaN,0,no_eligible_disagreement
uniform_64MHz,strong_random_hop,15,15,2,20271019,0.4,60,0,0,19.4982532721525,28.1480478426246,19.4982532721525,19.4982532721525,4.49825327215248,13.1480478426246,4.49825327215248,4.49825327215248,unstable_phase_calibration_rtt_only,0,0.581589098693796,0,1,NaN,0,no_eligible_disagreement
uniform_64MHz,strong_random_hop,15,15,3,20271019,0.4,60,0,0,19.4319722973624,13.9641563885473,19.4319722973624,19.4319722973624,4.43197229736244,-1.03584361145265,4.43197229736244,4.43197229736244,unstable_phase_calibration_rtt_only,0,0.427494494062441,0,1,NaN,0,no_eligible_disagreement
uniform_64MHz,strong_random_hop,15,15,4,20271019,0.4,60,0,0,19.4130860320304,24.2971690087288,19.4130860320304,19.4130860320304,4.41308603203042,9.29716900872884,4.41308603203042,4.41308603203042,unstable_phase_calibration_rtt_only,0,0.638666633136941,0,1,NaN,0,no_eligible_disagreement
uniform_64MHz,strong_random_hop,15,15,5,20271019,0.4,60,0,0,19.2975216011426,16.77862544567,19.2975216011426,19.2975216011426,4.29752160114259,1.77862544567004,4.29752160114259,4.29752160114259,unstable_phase_calibration_rtt_only,0,0.456663493997091,0,1,NaN,0,no_eligible_disagreement
uniform_64MHz,strong_random_hop,15,15,6,20271019,0.4,60,0,0,19.3999574621562,18.5819020316593,19.3999574621562,19.3999574621562,4.39995746215616,3.58190203165932,4.39995746215616,4.39995746215616,unstable_phase_calibration_rtt_only,0,0.500124318356126,0,1,NaN,0,no_eligible_disagreement
uniform_64MHz,strong_random_hop,15,15,7,20271019,0.4,60,0,0,19.5225927280071,5.80135473913609,19.5225927280071,19.5225927280071,4.52259272800709,-9.19864526086391,4.52259272800709,4.52259272800709,unstable_phase_calibration_rtt_only,0,0.547056643479774,0,1,NaN,0,no_eligible_disagreement
uniform_64MHz,strong_random_hop,15,15,8,20271019,0.4,60,0,0,19.5040612670656,17.536264419582,19.5040612670656,19.5040612670656,4.50406126706559,2.53626441958196,4.50406126706559,4.50406126706559,unstable_phase_calibration_rtt_only,0,0.433695634800033,0,1,NaN,0,no_eligible_disagreement
uniform_64MHz,strong_random_hop,15,15,9,20271019,0.4,60,0,0,19.511431129896,21.9333144230153,19.511431129896,19.511431129896,4.51143112989605,6.93331442301534,4.51143112989605,4.51143112989605,unstable_phase_calibration_rtt_only,0,0.492851941868308,0,1,NaN,0,no_eligible_disagreement
uniform_64MHz,strong_random_hop,15,15,10,20271019,0.4,60,0,0,19.4769516630467,22.817190802733,19.4769516630467,19.4769516630467,4.4769516630467,7.81719080273298,4.4769516630467,4.4769516630467,unstable_phase_calibration_rtt_only,0,0.580033679093331,0,1,NaN,0,no_eligible_disagreement
uniform_64MHz,strong_random_hop,15,15,11,20271019,0.4,60,0,0,19.6116995058541,2.03855238820749,19.6116995058541,19.6116995058541,4.61169950585406,-12.9614476117925,4.61169950585406,4.61169950585406,unstable_phase_calibration_rtt_only,0,0.522613764129895,1,2,NaN,0,no_eligible_disagreement
uniform_64MHz,strong_random_hop,15,15,12,20271019,0.4,60,0,0,19.3352093948502,6.37358643149169,19.3352093948502,19.3352093948502,4.33520939485019,-8.62641356850831,4.33520939485019,4.33520939485019,unstable_phase_calibration_rtt_only,0,0.508629666496879,0,1,NaN,0,no_eligible_disagreement
uniform_64MHz,strong_random_hop,15,15,13,20271019,0.4,60,0,0,19.5067479709483,16.451594828164,19.5067479709483,19.5067479709483,4.50674797094829,1.45159482816399,4.50674797094829,4.50674797094829,unstable_phase_calibration_rtt_only,0,0.434414764914215,0,1,NaN,0,no_eligible_disagreement
uniform_64MHz,strong_random_hop,15,15,14,20271019,0.4,60,0,0,19.3328538135969,34.9290695600762,19.3328538135969,19.3328538135969,4.33285381359689,19.9290695600762,4.33285381359689,4.33285381359689,unstable_phase_calibration_rtt_only,0,0.510041916756452,0,1,NaN,0,no_eligible_disagreement
uniform_64MHz,strong_random_hop,15,15,15,20271019,0.4,60,0,0,19.2361294969322,36.9658285430977,19.2361294969322,19.2361294969322,4.23612949693223,21.9658285430977,4.23612949693223,4.23612949693223,unstable_phase_calibration_rtt_only,0,0.654832619818883,0,1,NaN,0,no_eligible_disagreement
uniform_64MHz,strong_random_hop,15,15,16,20271019,0.4,60,0,0,19.4675299514611,9.24979822258816,19.4675299514611,19.4675299514611,4.46752995146108,-5.75020177741184,4.46752995146108,4.46752995146108,unstable_phase_calibration_rtt_only,0,0.564506794488659,0,1,NaN,0,no_eligible_disagreement
uniform_64MHz,strong_random_hop,15,15,17,20271019,0.4,60,0,0,19.5128859736998,9.77189321396218,19.5128859736998,19.5128859736998,4.51288597369983,-5.22810678603782,4.51288597369983,4.51288597369983,unstable_phase_calibration_rtt_only,0,0.598335758740862,0,1,NaN,0,no_eligible_disagreement
uniform_64MHz,strong_random_hop,15,15,18,20271019,0.4,60,0,0,19.2751916498126,24.5846708663009,19.2751916498126,19.2751916498126,4.27519164981259,9.58467086630089,4.27519164981259,4.27519164981259,unstable_phase_calibration_rtt_only,0,0.481523265761815,0,1,NaN,0,no_eligible_disagreement
uniform_64MHz,strong_random_hop,15,15,19,20271019,0.4,60,0,0,19.4580012349918,24.9731483167231,19.4580012349918,19.4580012349918,4.45800123499181,9.97314831672308,4.45800123499181,4.45800123499181,unstable_phase_calibration_rtt_only,0,0.550146019719461,0,1,NaN,0,no_eligible_disagreement
uniform_64MHz,strong_random_hop,15,15,20,20271019,0.4,60,0,0,19.3414232725469,6.05643510651449,19.3414232725469,19.3414232725469,4.34142327254692,-8.9435648934855,4.34142327254692,4.34142327254692,unstable_phase_calibration_rtt_only,0,0.447932576552392,0,1,NaN,0,no_eligible_disagreement
uniform_64MHz,strong_random_hop,3,30,1,20271019,0.4,60,0,0,7.38933369364955,31.3977837361131,7.38933369364955,7.38933369364955,4.38933369364955,28.3977837361131,4.38933369364955,4.38933369364955,unstable_phase_calibration_rtt_only,0,0.474964308318539,0,1,NaN,0,no_eligible_disagreement
uniform_64MHz,strong_random_hop,3,30,2,20271019,0.4,60,0,0,7.42310140620233,25.0329299677452,7.42310140620233,7.42310140620233,4.42310140620233,22.0329299677452,4.42310140620233,4.42310140620233,unstable_phase_calibration_rtt_only,0,0.553722210966136,0,1,NaN,0,no_eligible_disagreement
uniform_64MHz,strong_random_hop,3,30,3,20271019,0.4,60,0,0,7.41243951199225,36.7839496251934,7.41243951199225,7.41243951199225,4.41243951199225,33.7839496251934,4.41243951199225,4.41243951199225,unstable_phase_calibration_rtt_only,0,0.582539037229235,0,1,NaN,0,no_eligible_disagreement
uniform_64MHz,strong_random_hop,3,30,4,20271019,0.4,60,0,0,7.38721951630087,25.8602928978432,7.38721951630087,7.38721951630087,4.38721951630087,22.8602928978432,4.38721951630087,4.38721951630087,unstable_phase_calibration_rtt_only,0,0.514944907801174,0,1,NaN,0,no_eligible_disagreement
uniform_64MHz,strong_random_hop,3,30,5,20271019,0.4,60,0,0,7.41065126720148,23.6583042888392,7.41065126720148,7.41065126720148,4.41065126720148,20.6583042888392,4.41065126720148,4.41065126720148,unstable_phase_calibration_rtt_only,0,0.586172337751363,0,1,NaN,0,no_eligible_disagreement
uniform_64MHz,strong_random_hop,3,30,6,20271019,0.4,60,0,0,7.39343400921489,12.850940569431,7.39343400921489,7.39343400921489,4.39343400921489,9.85094056943098,4.39343400921489,4.39343400921489,unstable_phase_calibration_rtt_only,0,0.518824797037187,0,1,NaN,0,no_eligible_disagreement
uniform_64MHz,strong_random_hop,3,30,7,20271019,0.4,60,0,0,7.39499794555744,25.1600929393105,7.39499794555744,7.39499794555744,4.39499794555744,22.1600929393105,4.39499794555744,4.39499794555744,unstable_phase_calibration_rtt_only,0,0.560477802125265,0,1,NaN,0,no_eligible_disagreement
uniform_64MHz,strong_random_hop,3,30,8,20271019,0.4,60,0,0,7.38955811937063,11.9191888228929,7.38955811937063,7.38955811937063,4.38955811937063,8.91918882289289,4.38955811937063,4.38955811937063,unstable_phase_calibration_rtt_only,0,0.748941743953239,0,1,NaN,0,no_eligible_disagreement
uniform_64MHz,strong_random_hop,3,30,9,20271019,0.4,60,0,0,7.41921267747489,30.8157015257941,7.41921267747489,7.41921267747489,4.41921267747489,27.8157015257941,4.41921267747489,4.41921267747489,unstable_phase_calibration_rtt_only,0,0.491524934203443,0,1,NaN,0,no_eligible_disagreement
uniform_64MHz,strong_random_hop,3,30,10,20271019,0.4,60,0,0,7.41433011487192,37.417904700507,7.41433011487192,7.41433011487192,4.41433011487192,34.417904700507,4.41433011487192,4.41433011487192,unstable_phase_calibration_rtt_only,0,0.549667463143726,0,1,NaN,0,no_eligible_disagreement
uniform_64MHz,strong_random_hop,3,30,11,20271019,0.4,60,0,0,7.40678895809563,7.65978284621321,7.40678895809563,7.40678895809563,4.40678895809563,4.65978284621321,4.40678895809563,4.40678895809563,unstable_phase_calibration_rtt_only,0,0.558812065169035,0,1,NaN,0,no_eligible_disagreement
uniform_64MHz,strong_random_hop,3,30,12,20271019,0.4,60,0,0,7.4078131390227,10.203843584694,7.4078131390227,7.4078131390227,4.4078131390227,7.20384358469401,4.4078131390227,4.4078131390227,unstable_phase_calibration_rtt_only,0,0.580569677428867,0,1,NaN,0,no_eligible_disagreement
uniform_64MHz,strong_random_hop,3,30,13,20271019,0.4,60,0,0,7.37841415712429,1.38782219272362,7.37841415712429,7.37841415712429,4.37841415712429,-1.61217780727638,4.37841415712429,4.37841415712429,unstable_phase_calibration_rtt_only,0,0.494388808867252,1,2,NaN,0,no_eligible_disagreement
uniform_64MHz,strong_random_hop,3,30,14,20271019,0.4,60,0,0,7.395361754337,9.38219724463626,7.395361754337,7.395361754337,4.395361754337,6.38219724463626,4.395361754337,4.395361754337,unstable_phase_calibration_rtt_only,0,0.591613670518519,0,1,NaN,0,no_eligible_disagreement
uniform_64MHz,strong_random_hop,3,30,15,20271019,0.4,60,0,0,7.40120833286104,15.0195804622601,7.40120833286104,7.40120833286104,4.40120833286104,12.0195804622601,4.40120833286104,4.40120833286104,unstable_phase_calibration_rtt_only,0,0.425419696425547,0,1,NaN,0,no_eligible_disagreement
uniform_64MHz,strong_random_hop,3,30,16,20271019,0.4,60,0,0,7.38602302951281,15.116520237013,7.38602302951281,7.38602302951281,4.38602302951281,12.116520237013,4.38602302951281,4.38602302951281,unstable_phase_calibration_rtt_only,0,0.605440296791211,0,1,NaN,0,no_eligible_disagreement
uniform_64MHz,strong_random_hop,3,30,17,20271019,0.4,60,0,0,7.41497672389743,4.32355392276588,7.41497672389743,7.41497672389743,4.41497672389743,1.32355392276588,4.41497672389743,4.41497672389743,unstable_phase_calibration_rtt_only,0,0.573617708626049,0,1,NaN,0,no_eligible_disagreement
uniform_64MHz,strong_random_hop,3,30,18,20271019,0.4,60,0,0,7.38796902126596,32.5700277858718,7.38796902126596,7.38796902126596,4.38796902126596,29.5700277858718,4.38796902126596,4.38796902126596,unstable_phase_calibration_rtt_only,0,0.498000230986316,0,1,NaN,0,no_eligible_disagreement
uniform_64MHz,strong_random_hop,3,30,19,20271019,0.4,60,0,0,7.3911790130197,2.45957914285792,7.3911790130197,7.3911790130197,4.3911790130197,-0.540420857142084,4.3911790130197,4.3911790130197,unstable_phase_calibration_rtt_only,0,0.477795854206098,1,2,NaN,0,no_eligible_disagreement
uniform_64MHz,strong_random_hop,3,30,20,20271019,0.4,60,0,0,7.37919932389201,36.4541481651015,7.37919932389201,7.37919932389201,4.37919932389201,33.4541481651015,4.37919932389201,4.37919932389201,unstable_phase_calibration_rtt_only,0,0.449711894461358,0,1,NaN,0,no_eligible_disagreement
uniform_64MHz,strong_random_hop,15,30,1,20271019,0.4,60,0,0,19.3780730028981,31.7765837421403,19.3780730028981,19.3780730028981,4.37807300289807,16.7765837421403,4.37807300289807,4.37807300289807,unstable_phase_calibration_rtt_only,0,0.54407431782516,0,1,NaN,0,no_eligible_disagreement
uniform_64MHz,strong_random_hop,15,30,2,20271019,0.4,60,0,0,19.4122649813053,27.6385255601503,19.4122649813053,19.4122649813053,4.41226498130532,12.6385255601503,4.41226498130532,4.41226498130532,unstable_phase_calibration_rtt_only,0,0.497401140902255,0,1,NaN,0,no_eligible_disagreement
uniform_64MHz,strong_random_hop,15,30,3,20271019,0.4,60,0,0,19.3967019589363,6.10329896974157,19.3967019589363,19.3967019589363,4.39670195893627,-8.89670103025843,4.39670195893627,4.39670195893627,unstable_phase_calibration_rtt_only,0,0.562413793192444,0,1,NaN,0,no_eligible_disagreement
uniform_64MHz,strong_random_hop,15,30,4,20271019,0.4,60,0,0,19.3768033118668,25.0944286588124,19.3768033118668,19.3768033118668,4.37680331186684,10.0944286588124,4.37680331186684,4.37680331186684,unstable_phase_calibration_rtt_only,0,0.415123213938884,0,1,NaN,0,no_eligible_disagreement
uniform_64MHz,strong_random_hop,15,30,5,20271019,0.4,60,0,0,19.3933446515359,36.0417328443714,19.3933446515359,19.3933446515359,4.39334465153594,21.0417328443714,4.39334465153594,4.39334465153594,unstable_phase_calibration_rtt_only,0,0.522086738364518,0,1,NaN,0,no_eligible_disagreement
uniform_64MHz,strong_random_hop,15,30,6,20271019,0.4,60,0,0,19.3925482306471,16.4738729308092,19.3925482306471,19.3925482306471,4.39254823064706,1.47387293080924,4.39254823064706,4.39254823064706,unstable_phase_calibration_rtt_only,0,0.496594497943949,0,1,NaN,0,no_eligible_disagreement
uniform_64MHz,strong_random_hop,15,30,7,20271019,0.4,60,0,0,19.4210658300985,30.7779372949101,19.4210658300985,19.4210658300985,4.42106583009851,15.7779372949101,4.42106583009851,4.42106583009851,unstable_phase_calibration_rtt_only,0,0.555876297908481,0,1,NaN,0,no_eligible_disagreement
uniform_64MHz,strong_random_hop,15,30,8,20271019,0.4,60,0,0,19.4163309041473,3.53311175198766,19.4163309041473,19.4163309041473,4.41633090414731,-11.4668882480123,4.41633090414731,4.41633090414731,unstable_phase_calibration_rtt_only,0,0.626799620757996,0,1,NaN,0,no_eligible_disagreement
uniform_64MHz,strong_random_hop,15,30,9,20271019,0.4,60,0,0,19.3515708447329,4.39251829370854,19.3515708447329,19.3515708447329,4.35157084473288,-10.6074817062915,4.35157084473288,4.35157084473288,unstable_phase_calibration_rtt_only,0,0.480914902828597,0,1,NaN,0,no_eligible_disagreement
uniform_64MHz,strong_random_hop,15,30,10,20271019,0.4,60,0,0,19.3419166923176,13.4199716621246,19.3419166923176,19.3419166923176,4.34191669231761,-1.58002833787537,4.34191669231761,4.34191669231761,unstable_phase_calibration_rtt_only,0,0.636523272218613,0,1,NaN,0,no_eligible_disagreement
uniform_64MHz,strong_random_hop,15,30,11,20271019,0.4,60,0,0,19.3804780600863,0.305478317825503,19.3804780600863,19.3804780600863,4.38047806008629,-14.6945216821745,4.38047806008629,4.38047806008629,unstable_phase_calibration_rtt_only,0,0.599405283002625,1,2,NaN,0,no_eligible_disagreement
uniform_64MHz,strong_random_hop,15,30,12,20271019,0.4,60,0,0,19.3912124561274,16.1998178817213,19.3912124561274,19.3912124561274,4.39121245612738,1.19981788172126,4.39121245612738,4.39121245612738,unstable_phase_calibration_rtt_only,0,0.473712482107262,0,1,NaN,0,no_eligible_disagreement
uniform_64MHz,strong_random_hop,15,30,13,20271019,0.4,60,0,0,19.3959301125229,13.2920484893873,19.3959301125229,19.3959301125229,4.39593011252294,-1.70795151061272,4.39593011252294,4.39593011252294,unstable_phase_calibration_rtt_only,0,0.532138625468667,0,1,NaN,0,no_eligible_disagreement
uniform_64MHz,strong_random_hop,15,30,14,20271019,0.4,60,0,0,19.4033346300311,19.2999171489219,19.4033346300311,19.4033346300311,4.40333463003109,4.29991714892187,4.40333463003109,4.40333463003109,unstable_phase_calibration_rtt_only,0,0.518657734210611,0,1,NaN,0,no_eligible_disagreement
uniform_64MHz,strong_random_hop,15,30,15,20271019,0.4,60,0,0,19.4106848814059,7.96603757720321,19.4106848814059,19.4106848814059,4.41068488140588,-7.03396242279679,4.41068488140588,4.41068488140588,unstable_phase_calibration_rtt_only,0,0.558423757642004,0,1,NaN,0,no_eligible_disagreement
uniform_64MHz,strong_random_hop,15,30,16,20271019,0.4,60,0,0,19.3934464159777,33.6981936437535,19.3934464159777,19.3934464159777,4.39344641597772,18.6981936437535,4.39344641597772,4.39344641597772,unstable_phase_calibration_rtt_only,0,0.48292022231766,0,1,NaN,0,no_eligible_disagreement
uniform_64MHz,strong_random_hop,15,30,17,20271019,0.4,60,0,0,19.3971419745752,2.47335881310248,19.3971419745752,19.3971419745752,4.39714197457521,-12.5266411868975,4.39714197457521,4.39714197457521,unstable_phase_calibration_rtt_only,0,0.503640390106461,1,2,NaN,0,no_eligible_disagreement
uniform_64MHz,strong_random_hop,15,30,18,20271019,0.4,60,0,0,19.4146945075966,17.3791909564642,19.4146945075966,19.4146945075966,4.41469450759659,2.37919095646424,4.41469450759659,4.41469450759659,unstable_phase_calibration_rtt_only,0,0.402632497258259,0,1,NaN,0,no_eligible_disagreement
uniform_64MHz,strong_random_hop,15,30,19,20271019,0.4,60,0,0,19.3788540366122,10.0837032613381,19.3788540366122,19.3788540366122,4.37885403661221,-4.91629673866191,4.37885403661221,4.37885403661221,unstable_phase_calibration_rtt_only,0,0.526133501548852,0,1,NaN,0,no_eligible_disagreement
uniform_64MHz,strong_random_hop,15,30,20,20271019,0.4,60,0,0,19.3997661952571,29.1185842153763,19.3997661952571,19.3997661952571,4.39976619525714,14.1185842153763,4.39976619525714,4.39976619525714,unstable_phase_calibration_rtt_only,0,0.435798826325284,0,1,NaN,0,no_eligible_disagreement
uniform_64MHz,strong_phase_drift,3,0,1,20271019,0.4,60,0,0.45,6.46662374021215,3.03408242656297,6.46662374021215,3.03408242656297,3.46662374021215,0.034082426562966,3.46662374021215,0.034082426562966,range_phase_disagreement_rtt_only,1,0.952015673037892,0,1,3.20361890877577,1,unique_pbr_conflict_candidate_experimental
uniform_64MHz,strong_phase_drift,3,0,2,20271019,0.4,60,0,0.45,6.81680593617745,3.02646024188786,6.81680593617745,3.02646024188786,3.81680593617745,0.0264602418878561,3.81680593617745,0.0264602418878561,range_phase_disagreement_rtt_only,1,0.951400510694236,0,1,3.55480577668257,1,unique_pbr_conflict_candidate_experimental
uniform_64MHz,strong_phase_drift,3,0,3,20271019,0.4,60,0,0.45,7.78629596219912,3.00358914339516,7.78629596219912,3.00358914339516,4.78629596219912,0.00358914339516403,4.78629596219912,0.00358914339516403,range_phase_disagreement_rtt_only,1,0.952105123844198,0,1,4.4598827676745,1,unique_pbr_conflict_candidate_experimental
uniform_64MHz,strong_phase_drift,3,0,4,20271019,0.4,60,0,0.45,7.66990810913736,2.99003833386205,7.66990810913736,2.99003833386205,4.66990810913736,-0.00996166613794935,4.66990810913736,-0.00996166613794935,range_phase_disagreement_rtt_only,1,0.954234516937831,0,1,4.33358488717268,1,unique_pbr_conflict_candidate_experimental
uniform_64MHz,strong_phase_drift,3,0,5,20271019,0.4,60,0,0.45,6.82069813311839,3.06175825205141,6.82069813311839,3.06175825205141,3.82069813311839,0.0617582520514133,3.82069813311839,0.0617582520514133,range_phase_disagreement_rtt_only,1,0.961024359761725,0,1,3.50568685515236,1,unique_pbr_conflict_candidate_experimental
uniform_64MHz,strong_phase_drift,3,0,6,20271019,0.4,60,0,0.45,8.39008996077526,3.00342626711883,8.39008996077526,3.00342626711883,5.39008996077526,0.00342626711883431,5.39008996077526,0.00342626711883431,range_phase_disagreement_rtt_only,1,0.944903176299426,0,1,5.03922663825979,1,unique_pbr_conflict_candidate_experimental
uniform_64MHz,strong_phase_drift,3,0,7,20271019,0.4,60,0,0.45,6.35407691658566,3.05118950394945,6.35407691658566,3.05118950394945,3.35407691658566,0.051189503949455,3.35407691658566,0.051189503949455,range_phase_disagreement_rtt_only,1,0.947679464978129,0,1,3.07409849859501,1,unique_pbr_conflict_candidate_experimental
uniform_64MHz,strong_phase_drift,3,0,8,20271019,0.4,60,0,0.45,7.77511610218239,3.02732883552971,7.77511610218239,3.02732883552971,4.77511610218239,0.0273288355297105,4.77511610218239,0.0273288355297105,range_phase_disagreement_rtt_only,1,0.951662170676866,0,1,4.43129178216266,1,unique_pbr_conflict_candidate_experimental
uniform_64MHz,strong_phase_drift,3,0,9,20271019,0.4,60,0,0.45,7.30313123704668,3.0064371779697,7.30313123704668,3.0064371779697,4.30313123704668,0.00643717796970478,4.30313123704668,0.00643717796970478,range_phase_disagreement_rtt_only,1,0.950753623198864,0,1,4.00700569484253,1,unique_pbr_conflict_candidate_experimental
uniform_64MHz,strong_phase_drift,3,0,10,20271019,0.4,60,0,0.45,7.98067231022865,3.04489873236815,7.98067231022865,3.04489873236815,4.98067231022865,0.0448987323681478,4.98067231022865,0.0448987323681478,range_phase_disagreement_rtt_only,1,0.946368051095568,0,1,4.63353339675969,1,unique_pbr_conflict_candidate_experimental
uniform_64MHz,strong_phase_drift,3,0,11,20271019,0.4,60,0,0.45,7.56835364665393,2.96395376921218,7.56835364665393,2.96395376921218,4.56835364665393,-0.0360462307878171,4.56835364665393,-0.0360462307878171,range_phase_disagreement_rtt_only,1,0.950082943092164,0,1,4.31236881951344,1,unique_pbr_conflict_candidate_experimental
uniform_64MHz,strong_phase_drift,3,0,12,20271019,0.4,60,0,0.45,6.66230739939494,3.00640384850861,6.66230739939494,3.00640384850861,3.66230739939494,0.00640384850861198,3.66230739939494,0.00640384850861198,range_phase_disagreement_rtt_only,1,0.948124307036858,0,1,3.40724062282428,1,unique_pbr_conflict_candidate_experimental
uniform_64MHz,strong_phase_drift,3,0,13,20271019,0.4,60,0,0.45,7.47706530645808,3.00330371282053,7.47706530645808,3.00330371282053,4.47706530645808,0.00330371282053266,4.47706530645808,0.00330371282053266,range_phase_disagreement_rtt_only,1,0.952508873271299,0,1,4.17634812516341,1,unique_pbr_conflict_candidate_experimental
uniform_64MHz,strong_phase_drift,3,0,14,20271019,0.4,60,0,0.45,7.94103980117674,2.9953276212693,7.94103980117674,2.9953276212693,4.94103980117674,-0.00467237873070259,4.94103980117674,-0.00467237873070259,range_phase_disagreement_rtt_only,1,0.948601724031914,0,1,4.64762576302811,1,unique_pbr_conflict_candidate_experimental
uniform_64MHz,strong_phase_drift,3,0,15,20271019,0.4,60,0,0.45,6.89406580311533,3.05033326362245,6.89406580311533,3.05033326362245,3.89406580311533,0.0503332636224458,3.89406580311533,0.0503332636224458,range_phase_disagreement_rtt_only,1,0.953001385059328,0,1,3.59485830008499,1,unique_pbr_conflict_candidate_experimental
uniform_64MHz,strong_phase_drift,3,0,16,20271019,0.4,60,0,0.45,6.25566703013089,2.99904313519825,6.25566703013089,2.99904313519825,3.25566703013089,-0.000956864801745283,3.25566703013089,-0.000956864801745283,range_phase_disagreement_rtt_only,1,0.9542667912407,0,1,3.04023897296434,1,unique_pbr_conflict_candidate_experimental
uniform_64MHz,strong_phase_drift,3,0,17,20271019,0.4,60,0,0.45,7.49550822971006,3.01403531438956,7.49550822971006,3.01403531438956,4.49550822971006,0.0140353143895564,4.49550822971006,0.0140353143895564,range_phase_disagreement_rtt_only,1,0.950086922771409,0,1,4.19235689414037,1,unique_pbr_conflict_candidate_experimental
uniform_64MHz,strong_phase_drift,3,0,18,20271019,0.4,60,0,0.45,6.68525973551298,3.01667708919329,6.68525973551298,3.01667708919329,3.68525973551298,0.0166770891932861,3.68525973551298,0.0166770891932861,range_phase_disagreement_rtt_only,1,0.95502429609623,0,1,3.45201410737172,1,unique_pbr_conflict_candidate_experimental
uniform_64MHz,strong_phase_drift,3,0,19,20271019,0.4,60,0,0.45,7.01708894252894,2.98824786435298,7.01708894252894,2.98824786435298,4.01708894252894,-0.0117521356470207,4.01708894252894,-0.0117521356470207,range_phase_disagreement_rtt_only,1,0.953508452259659,0,1,3.74139272894497,1,unique_pbr_conflict_candidate_experimental
uniform_64MHz,strong_phase_drift,3,0,20,20271019,0.4,60,0,0.45,8.191751113496,3.01877687720711,8.191751113496,3.01877687720711,5.191751113496,0.0187768772071091,5.191751113496,0.0187768772071091,range_phase_disagreement_rtt_only,1,0.946430708788109,0,1,4.81627197439588,1,unique_pbr_conflict_candidate_experimental
uniform_64MHz,strong_phase_drift,15,0,1,20271019,0.4,60,0,0.45,20.1112885957548,14.9975839532457,20.1112885957548,14.9975839532457,5.1112885957548,-0.00241604675425577,5.1112885957548,-0.00241604675425577,range_phase_disagreement_rtt_only,1,0.953585584526909,0,1,4.77495396103907,1,unique_pbr_conflict_candidate_experimental
uniform_64MHz,strong_phase_drift,15,0,2,20271019,0.4,60,0,0.45,19.2600917198449,15.0005130635743,19.2600917198449,15.0005130635743,4.26009171984488,0.000513063574340222,4.26009171984488,0.000513063574340222,range_phase_disagreement_rtt_only,1,0.952914952851406,0,1,3.98450348685216,1,unique_pbr_conflict_candidate_experimental
uniform_64MHz,strong_phase_drift,15,0,3,20271019,0.4,60,0,0.45,19.2990794517782,15.0123537783676,19.2990794517782,15.0123537783676,4.29907945177821,0.0123537783676042,4.29907945177821,0.0123537783676042,range_phase_disagreement_rtt_only,1,0.951836946974176,0,1,4.02292477616617,1,unique_pbr_conflict_candidate_experimental
uniform_64MHz,strong_phase_drift,15,0,4,20271019,0.4,60,0,0.45,20.6675911667373,15.019510486449,20.6675911667373,15.019510486449,5.66759116673734,0.0195104864490201,5.66759116673734,0.0195104864490201,range_phase_disagreement_rtt_only,1,0.952252243979239,0,1,5.35978240479043,1,unique_pbr_conflict_candidate_experimental
uniform_64MHz,strong_phase_drift,15,0,5,20271019,0.4,60,0,0.45,18.9513920343587,15.0061460234185,18.9513920343587,15.0061460234185,3.95139203435869,0.00614602341851445,3.95139203435869,0.00614602341851445,range_phase_disagreement_rtt_only,1,0.94396263149924,0,1,3.70420858318483,1,unique_pbr_conflict_candidate_experimental
uniform_64MHz,strong_phase_drift,15,0,6,20271019,0.4,60,0,0.45,20.407891493181,14.951441087865,20.407891493181,14.951441087865,5.40789149318099,-0.0485589121349559,5.40789149318099,-0.0485589121349559,range_phase_disagreement_rtt_only,1,0.951105806027125,0,1,5.10169205417158,1,unique_pbr_conflict_candidate_experimental
uniform_64MHz,strong_phase_drift,15,0,7,20271019,0.4,60,0,0.45,18.6447835278678,14.961783537844,18.6447835278678,14.961783537844,3.6447835278678,-0.0382164621559884,3.6447835278678,-0.0382164621559884,range_phase_disagreement_rtt_only,1,0.948728244792277,0,1,3.41283103750501,1,unique_pbr_conflict_candidate_experimental
uniform_64MHz,strong_phase_drift,15,0,8,20271019,0.4,60,0,0.45,20.1245023208881,15.0238927605082,20.1245023208881,15.0238927605082,5.12450232088807,0.0238927605082377,5.12450232088807,0.0238927605082377,range_phase_disagreement_rtt_only,1,0.947410860141736,0,1,4.77390920672581,1,unique_pbr_conflict_candidate_experimental
uniform_64MHz,strong_phase_drift,15,0,9,20271019,0.4,60,0,0.45,19.8173880283705,15.0287286529543,19.8173880283705,15.0287286529543,4.81738802837052,0.0287286529542641,4.81738802837052,0.0287286529542641,range_phase_disagreement_rtt_only,1,0.951002931461898,0,1,4.43891616667847,1,unique_pbr_conflict_candidate_experimental
uniform_64MHz,strong_phase_drift,15,0,10,20271019,0.4,60,0,0.45,19.6466215476651,14.9932431819137,19.6466215476651,14.9932431819137,4.64662154766507,-0.00675681808633932,4.64662154766507,-0.00675681808633932,range_phase_disagreement_rtt_only,1,0.954551799218039,0,1,4.3283311433059,1,unique_pbr_conflict_candidate_experimental
uniform_64MHz,strong_phase_drift,15,0,11,20271019,0.4,60,0,0.45,19.4408241341525,14.9775824525414,19.4408241341525,14.9775824525414,4.44082413415251,-0.0224175474585664,4.44082413415251,-0.0224175474585664,range_phase_disagreement_rtt_only,1,0.949876235555773,0,1,4.1606446658974,1,unique_pbr_conflict_candidate_experimental
uniform_64MHz,strong_phase_drift,15,0,12,20271019,0.4,60,0,0.45,18.9711907470365,15.0203058696955,18.9711907470365,15.0203058696955,3.9711907470365,0.0203058696955303,3.9711907470365,0.0203058696955303,range_phase_disagreement_rtt_only,1,0.948664831640232,0,1,3.71135643213309,1,unique_pbr_conflict_candidate_experimental
uniform_64MHz,strong_phase_drift,15,0,13,20271019,0.4,60,0,0.45,20.2136936015663,15.0086728007342,20.2136936015663,15.0086728007342,5.21369360156628,0.00867280073417298,5.21369360156628,0.00867280073417298,range_phase_disagreement_rtt_only,1,0.946109429078082,0,1,4.88634875521764,1,unique_pbr_conflict_candidate_experimental
uniform_64MHz,strong_phase_drift,15,0,14,20271019,0.4,60,0,0.45,19.7617198926285,14.9926537635382,19.7617198926285,14.9926537635382,4.76171989262848,-0.00734623646177823,4.76171989262848,-0.00734623646177823,range_phase_disagreement_rtt_only,1,0.949699127303418,0,1,4.47082999921109,1,unique_pbr_conflict_candidate_experimental
uniform_64MHz,strong_phase_drift,15,0,15,20271019,0.4,60,0,0.45,19.2455936698915,15.0176337365548,19.2455936698915,15.0176337365548,4.24559366989151,0.0176337365547568,4.24559366989151,0.0176337365547568,range_phase_disagreement_rtt_only,1,0.951300774770355,0,1,3.95497277123363,1,unique_pbr_conflict_candidate_experimental
uniform_64MHz,strong_phase_drift,15,0,16,20271019,0.4,60,0,0.45,19.1256001161028,14.9904143340805,19.1256001161028,14.9904143340805,4.12560011610276,-0.00958566591948973,4.12560011610276,-0.00958566591948973,range_phase_disagreement_rtt_only,1,0.939701915309631,0,1,3.85535319537671,1,unique_pbr_conflict_candidate_experimental
uniform_64MHz,strong_phase_drift,15,0,17,20271019,0.4,60,0,0.45,19.9749814405659,14.9812946052439,19.9749814405659,14.9812946052439,4.97498144056588,-0.0187053947561431,4.97498144056588,-0.0187053947561431,range_phase_disagreement_rtt_only,1,0.942214834852242,0,1,4.69361444822074,1,unique_pbr_conflict_candidate_experimental
uniform_64MHz,strong_phase_drift,15,0,18,20271019,0.4,60,0,0.45,20.7590083585121,15.0049172737392,20.7590083585121,15.0049172737392,5.75900835851208,0.00491727373917428,5.75900835851208,0.00491727373917428,range_phase_disagreement_rtt_only,1,0.950844950253893,0,1,5.37634924362901,1,unique_pbr_conflict_candidate_experimental
uniform_64MHz,strong_phase_drift,15,0,19,20271019,0.4,60,0,0.45,19.6643294409386,15.0045208873013,19.6643294409386,15.0045208873013,4.66432944093857,0.00452088730133759,4.66432944093857,0.00452088730133759,range_phase_disagreement_rtt_only,1,0.950251535181426,0,1,4.40142073682186,1,unique_pbr_conflict_candidate_experimental
uniform_64MHz,strong_phase_drift,15,0,20,20271019,0.4,60,0,0.45,19.8997459876672,15.0257641518761,19.8997459876672,15.0257641518761,4.89974598766717,0.0257641518761407,4.89974598766717,0.0257641518761407,range_phase_disagreement_rtt_only,1,0.954244934893439,0,1,4.54502052998177,1,unique_pbr_conflict_candidate_experimental
uniform_64MHz,strong_phase_drift,3,15,1,20271019,0.4,60,0,0.45,7.51228871179681,2.97790970622258,7.51228871179681,2.97790970622258,4.51228871179681,-0.0220902937774214,4.51228871179681,-0.0220902937774214,range_phase_disagreement_rtt_only,1,0.947862774400637,0,1,16.3635944392067,1,unique_pbr_conflict_candidate_experimental
uniform_64MHz,strong_phase_drift,3,15,2,20271019,0.4,60,0,0.45,7.63620876156645,2.96942716951259,7.63620876156645,2.96942716951259,4.63620876156645,-0.030572830487412,4.63620876156645,-0.030572830487412,range_phase_disagreement_rtt_only,1,0.948103642508197,0,1,16.9142274783303,1,unique_pbr_conflict_candidate_experimental
uniform_64MHz,strong_phase_drift,3,15,3,20271019,0.4,60,0,0.45,7.39051739721729,2.9659184648959,7.39051739721729,2.9659184648959,4.39051739721729,-0.0340815351040975,4.39051739721729,-0.0340815351040975,range_phase_disagreement_rtt_only,1,0.94767033027762,0,1,16.0193629912615,1,unique_pbr_conflict_candidate_experimental
uniform_64MHz,strong_phase_drift,3,15,4,20271019,0.4,60,0,0.45,7.26283104390582,2.9671230501414,7.26283104390582,2.9671230501414,4.26283104390582,-0.0328769498586046,4.26283104390582,-0.0328769498586046,range_phase_disagreement_rtt_only,1,0.948474276229938,0,1,15.5961694474367,1,unique_pbr_conflict_candidate_experimental
uniform_64MHz,strong_phase_drift,3,15,5,20271019,0.4,60,0,0.45,7.21575567768626,2.97421485241551,7.21575567768626,2.97421485241551,4.21575567768626,-0.0257851475844921,4.21575567768626,-0.0257851475844921,range_phase_disagreement_rtt_only,1,0.94897392024307,0,1,15.3219573851794,1,unique_pbr_conflict_candidate_experimental
uniform_64MHz,strong_phase_drift,3,15,6,20271019,0.4,60,0,0.45,7.28033544244075,2.96653599129841,7.28033544244075,2.96653599129841,4.28033544244075,-0.0334640087015883,4.28033544244075,-0.0334640087015883,range_phase_disagreement_rtt_only,1,0.945368011266479,0,1,15.6397609195642,1,unique_pbr_conflict_candidate_experimental
uniform_64MHz,strong_phase_drift,3,15,7,20271019,0.4,60,0,0.45,7.24527844541617,2.96400947382428,7.24527844541617,2.96400947382428,4.24527844541617,-0.035990526175723,4.24527844541617,-0.035990526175723,range_phase_disagreement_rtt_only,1,0.94805180088306,0,1,15.5317170325741,1,unique_pbr_conflict_candidate_experimental
uniform_64MHz,strong_phase_drift,3,15,8,20271019,0.4,60,0,0.45,7.42746292809706,2.97102354867404,7.42746292809706,2.97102354867404,4.42746292809706,-0.0289764513259598,4.42746292809706,-0.0289764513259598,range_phase_disagreement_rtt_only,1,0.949741161119092,0,1,16.1232847189889,1,unique_pbr_conflict_candidate_experimental
uniform_64MHz,strong_phase_drift,3,15,9,20271019,0.4,60,0,0.45,7.35920757843061,2.98169315364971,7.35920757843061,2.98169315364971,4.35920757843061,-0.0183068463502898,4.35920757843061,-0.0183068463502898,range_phase_disagreement_rtt_only,1,0.946511138858776,0,1,15.8290577117207,1,unique_pbr_conflict_candidate_experimental
uniform_64MHz,strong_phase_drift,3,15,10,20271019,0.4,60,0,0.45,7.53157457117987,2.96933489055168,7.53157457117987,2.96933489055168,4.53157457117987,-0.0306651094483179,4.53157457117987,-0.0306651094483179,range_phase_disagreement_rtt_only,1,0.947137028285013,0,1,16.549419546881,1,unique_pbr_conflict_candidate_experimental
uniform_64MHz,strong_phase_drift,3,15,11,20271019,0.4,60,0,0.45,7.40088698105522,2.96824118218715,7.40088698105522,2.96824118218715,4.40088698105522,-0.0317588178128503,4.40088698105522,-0.0317588178128503,range_phase_disagreement_rtt_only,1,0.948269236453274,0,1,16.0307000789898,1,unique_pbr_conflict_candidate_experimental
uniform_64MHz,strong_phase_drift,3,15,12,20271019,0.4,60,0,0.45,7.49889875978799,2.96678924517922,7.49889875978799,2.96678924517922,4.49889875978799,-0.0332107548207765,4.49889875978799,-0.0332107548207765,range_phase_disagreement_rtt_only,1,0.947844241451039,0,1,16.4535887589873,1,unique_pbr_conflict_candidate_experimental
uniform_64MHz,strong_phase_drift,3,15,13,20271019,0.4,60,0,0.45,7.58715305659479,2.97221522606628,7.58715305659479,2.97221522606628,4.58715305659479,-0.0277847739337171,4.58715305659479,-0.0277847739337171,range_phase_disagreement_rtt_only,1,0.946586416012373,0,1,16.7602019240869,1,unique_pbr_conflict_candidate_experimental
uniform_64MHz,strong_phase_drift,3,15,14,20271019,0.4,60,0,0.45,7.47464053919357,2.97503129046553,7.47464053919357,2.97503129046553,4.47464053919357,-0.0249687095344688,4.47464053919357,-0.0249687095344688,range_phase_disagreement_rtt_only,1,0.946489209591215,0,1,16.2820949696219,1,unique_pbr_conflict_candidate_experimental
uniform_64MHz,strong_phase_drift,3,15,15,20271019,0.4,60,0,0.45,7.29771066865366,2.97173994624038,7.29771066865366,2.97173994624038,4.29771066865366,-0.0282600537596194,4.29771066865366,-0.0282600537596194,range_phase_disagreement_rtt_only,1,0.948286986663604,0,1,15.6484299798536,1,unique_pbr_conflict_candidate_experimental
uniform_64MHz,strong_phase_drift,3,15,16,20271019,0.4,60,0,0.45,7.35591288610817,2.96732392442292,7.35591288610817,2.96732392442292,4.35591288610817,-0.032676075577077,4.35591288610817,-0.032676075577077,range_phase_disagreement_rtt_only,1,0.947416920821597,0,1,15.8981685593526,1,unique_pbr_conflict_candidate_experimental
uniform_64MHz,strong_phase_drift,3,15,17,20271019,0.4,60,0,0.45,7.30865909223945,2.96726063879854,7.30865909223945,2.96726063879854,4.30865909223945,-0.0327393612014615,4.30865909223945,-0.0327393612014615,range_phase_disagreement_rtt_only,1,0.947744375373176,0,1,15.7191640918823,1,unique_pbr_conflict_candidate_experimental
uniform_64MHz,strong_phase_drift,3,15,18,20271019,0.4,60,0,0.45,7.4435611578347,2.97129835738106,7.4435611578347,2.97129835738106,4.4435611578347,-0.0287016426189353,4.4435611578347,-0.0287016426189353,range_phase_disagreement_rtt_only,1,0.947003784400247,0,1,16.1953620736317,1,unique_pbr_conflict_candidate_experimental
uniform_64MHz,strong_phase_drift,3,15,19,20271019,0.4,60,0,0.45,7.51529279148744,2.96842132700549,7.51529279148744,2.96842132700549,4.51529279148744,-0.0315786729945096,4.51529279148744,-0.0315786729945096,range_phase_disagreement_rtt_only,1,0.946712667595183,0,1,16.4582255902589,1,unique_pbr_conflict_candidate_experimental
uniform_64MHz,strong_phase_drift,3,15,20,20271019,0.4,60,0,0.45,7.53726255869916,2.95130522622108,7.53726255869916,2.95130522622108,4.53726255869916,-0.0486947737789234,4.53726255869916,-0.0486947737789234,range_phase_disagreement_rtt_only,1,0.945122359233278,0,1,16.6102244876405,1,unique_pbr_conflict_candidate_experimental
uniform_64MHz,strong_phase_drift,15,15,1,20271019,0.4,60,0,0.45,19.3284878885907,14.9811613593827,19.3284878885907,14.9811613593827,4.3284878885907,-0.0188386406172683,4.3284878885907,-0.0188386406172683,range_phase_disagreement_rtt_only,1,0.948863263282103,0,1,15.7408368730535,1,unique_pbr_conflict_candidate_experimental
uniform_64MHz,strong_phase_drift,15,15,2,20271019,0.4,60,0,0.45,19.4585161415565,14.9761883469473,19.4585161415565,14.9761883469473,4.45851614155647,-0.0238116530526913,4.45851614155647,-0.0238116530526913,range_phase_disagreement_rtt_only,1,0.947101135255199,0,1,16.2416533718709,1,unique_pbr_conflict_candidate_experimental
uniform_64MHz,strong_phase_drift,15,15,3,20271019,0.4,60,0,0.45,19.4464301778129,14.9730583291575,19.4464301778129,14.9730583291575,4.44643017781285,-0.026941670842497,4.44643017781285,-0.026941670842497,range_phase_disagreement_rtt_only,1,0.95030070819004,0,1,16.2076501334654,1,unique_pbr_conflict_candidate_experimental
uniform_64MHz,strong_phase_drift,15,15,4,20271019,0.4,60,0,0.45,19.2582812310284,14.9755715220425,19.2582812310284,14.9755715220425,4.25828123102844,-0.0244284779574784,4.25828123102844,-0.0244284779574784,range_phase_disagreement_rtt_only,1,0.948883329080481,0,1,15.5117747914768,1,unique_pbr_conflict_candidate_experimental
uniform_64MHz,strong_phase_drift,15,15,5,20271019,0.4,60,0,0.45,19.4136095038752,14.9718727723282,19.4136095038752,14.9718727723282,4.4136095038752,-0.028127227671817,4.4136095038752,-0.028127227671817,range_phase_disagreement_rtt_only,1,0.94734461521543,0,1,16.0619517987385,1,unique_pbr_conflict_candidate_experimental
uniform_64MHz,strong_phase_drift,15,15,6,20271019,0.4,60,0,0.45,19.330961767847,14.9724646672542,19.330961767847,14.9724646672542,4.33096176784697,-0.027535332745849,4.33096176784697,-0.027535332745849,range_phase_disagreement_rtt_only,1,0.949238242738657,0,1,15.7770236565602,1,unique_pbr_conflict_candidate_experimental
uniform_64MHz,strong_phase_drift,15,15,7,20271019,0.4,60,0,0.45,19.2193604928966,14.9601354607032,19.2193604928966,14.9601354607032,4.21936049289664,-0.0398645392967669,4.21936049289664,-0.0398645392967669,range_phase_disagreement_rtt_only,1,0.948379568432781,0,1,15.4045253469286,1,unique_pbr_conflict_candidate_experimental
uniform_64MHz,strong_phase_drift,15,15,8,20271019,0.4,60,0,0.45,19.1622717329785,14.9561551788839,19.1622717329785,14.9561551788839,4.16227173297847,-0.0438448211161031,4.16227173297847,-0.0438448211161031,range_phase_disagreement_rtt_only,1,0.947226527131951,0,1,15.2302945164962,1,unique_pbr_conflict_candidate_experimental
uniform_64MHz,strong_phase_drift,15,15,9,20271019,0.4,60,0,0.45,19.2599170381717,14.96697923798,19.2599170381717,14.96697923798,4.25991703817172,-0.0330207620200351,4.25991703817172,-0.0330207620200351,range_phase_disagreement_rtt_only,1,0.945536978093574,0,1,15.5516868119091,1,unique_pbr_conflict_candidate_experimental
uniform_64MHz,strong_phase_drift,15,15,10,20271019,0.4,60,0,0.45,19.3187778751613,14.9735936097765,19.3187778751613,14.9735936097765,4.31877787516129,-0.0264063902235154,4.31877787516129,-0.0264063902235154,range_phase_disagreement_rtt_only,1,0.946909804564104,0,1,15.7601882353796,1,unique_pbr_conflict_candidate_experimental
uniform_64MHz,strong_phase_drift,15,15,11,20271019,0.4,60,0,0.45,19.4143257960958,14.9743377912114,19.4143257960958,14.9743377912114,4.41432579609583,-0.0256622087886065,4.41432579609583,-0.0256622087886065,range_phase_disagreement_rtt_only,1,0.946201049440029,0,1,16.0837857653944,1,unique_pbr_conflict_candidate_experimental
uniform_64MHz,strong_phase_drift,15,15,12,20271019,0.4,60,0,0.45,19.4534227622631,14.9713978120684,19.4534227622631,14.9713978120684,4.45342276226314,-0.028602187931563,4.45342276226314,-0.028602187931563,range_phase_disagreement_rtt_only,1,0.949159202382112,0,1,16.2229329625223,1,unique_pbr_conflict_candidate_experimental
uniform_64MHz,strong_phase_drift,15,15,13,20271019,0.4,60,0,0.45,19.4194966317749,14.9714132448547,19.4194966317749,14.9714132448547,4.4194966317749,-0.0285867551452554,4.4194966317749,-0.0285867551452554,range_phase_disagreement_rtt_only,1,0.947653486809086,0,1,16.1553714618699,1,unique_pbr_conflict_candidate_experimental
uniform_64MHz,strong_phase_drift,15,15,14,20271019,0.4,60,0,0.45,19.3886125543358,14.9804127216435,19.3886125543358,14.9804127216435,4.38861255433584,-0.0195872783565161,4.38861255433584,-0.0195872783565161,range_phase_disagreement_rtt_only,1,0.945208717678726,0,1,15.9597847921823,1,unique_pbr_conflict_candidate_experimental
uniform_64MHz,strong_phase_drift,15,15,15,20271019,0.4,60,0,0.45,19.2780867013555,14.9671180190833,19.2780867013555,14.9671180190833,4.27808670135554,-0.0328819809166685,4.27808670135554,-0.0328819809166685,range_phase_disagreement_rtt_only,1,0.948206388187606,0,1,15.6331493130775,1,unique_pbr_conflict_candidate_experimental
uniform_64MHz,strong_phase_drift,15,15,16,20271019,0.4,60,0,0.45,19.5306992108817,14.968893635329,19.5306992108817,14.968893635329,4.53069921088172,-0.0311063646709542,4.53069921088172,-0.0311063646709542,range_phase_disagreement_rtt_only,1,0.948416874061157,0,1,16.5248395713875,1,unique_pbr_conflict_candidate_experimental
uniform_64MHz,strong_phase_drift,15,15,17,20271019,0.4,60,0,0.45,19.2577111017704,14.9640349120684,19.2577111017704,14.9640349120684,4.25771110177036,-0.0359650879316078,4.25771110177036,-0.0359650879316078,range_phase_disagreement_rtt_only,1,0.947624359414894,0,1,15.570043508762,1,unique_pbr_conflict_candidate_experimental
uniform_64MHz,strong_phase_drift,15,15,18,20271019,0.4,60,0,0.45,19.2914416953776,14.9766339843735,19.2914416953776,14.9766339843735,4.29144169537763,-0.0233660156265163,4.29144169537763,-0.0233660156265163,range_phase_disagreement_rtt_only,1,0.948340645267573,0,1,15.5854411701626,1,unique_pbr_conflict_candidate_experimental
uniform_64MHz,strong_phase_drift,15,15,19,20271019,0.4,60,0,0.45,19.2436193986093,14.9619049662756,19.2436193986093,14.9619049662756,4.24361939860929,-0.0380950337244244,4.24361939860929,-0.0380950337244244,range_phase_disagreement_rtt_only,1,0.945400904672577,0,1,15.5122314776582,1,unique_pbr_conflict_candidate_experimental
uniform_64MHz,strong_phase_drift,15,15,20,20271019,0.4,60,0,0.45,19.4685054217857,14.9692123782937,19.4685054217857,14.9692123782937,4.46850542178569,-0.0307876217063061,4.46850542178569,-0.0307876217063061,range_phase_disagreement_rtt_only,1,0.946904751432849,0,1,16.2976277080077,1,unique_pbr_conflict_candidate_experimental
uniform_64MHz,strong_phase_drift,3,30,1,20271019,0.4,60,0,0.45,7.38914974310924,2.95622533691677,7.38914974310924,2.95622533691677,4.38914974310924,-0.0437746630832265,4.38914974310924,-0.0437746630832265,range_phase_disagreement_rtt_only,1,0.944587949890787,0,1,17.4778646326009,1,unique_pbr_conflict_candidate_experimental
uniform_64MHz,strong_phase_drift,3,30,2,20271019,0.4,60,0,0.45,7.37470033406815,2.95052800163944,7.37470033406815,2.95052800163944,4.37470033406815,-0.0494719983605627,4.37470033406815,-0.0494719983605627,range_phase_disagreement_rtt_only,1,0.945291103348989,0,1,17.4383901285631,1,unique_pbr_conflict_candidate_experimental
uniform_64MHz,strong_phase_drift,3,30,3,20271019,0.4,60,0,0.45,7.44127616445641,2.95920784150749,7.44127616445641,2.95920784150749,4.44127616445641,-0.0407921584925104,4.44127616445641,-0.0407921584925104,range_phase_disagreement_rtt_only,1,0.946501123460515,0,1,17.6664492092626,1,unique_pbr_conflict_candidate_experimental
uniform_64MHz,strong_phase_drift,3,30,4,20271019,0.4,60,0,0.45,7.37516014454787,2.95264835490823,7.37516014454787,2.95264835490823,4.37516014454787,-0.0473516450917701,4.37516014454787,-0.0473516450917701,range_phase_disagreement_rtt_only,1,0.946476490110214,0,1,17.4368868108591,1,unique_pbr_conflict_candidate_experimental
uniform_64MHz,strong_phase_drift,3,30,5,20271019,0.4,60,0,0.45,7.42018184588378,2.95697204263726,7.42018184588378,2.95697204263726,4.42018184588378,-0.0430279573627406,4.42018184588378,-0.0430279573627406,range_phase_disagreement_rtt_only,1,0.945821016359829,0,1,17.5903473286778,1,unique_pbr_conflict_candidate_experimental
uniform_64MHz,strong_phase_drift,3,30,6,20271019,0.4,60,0,0.45,7.42582614443305,2.95190893181187,7.42582614443305,2.95190893181187,4.42582614443305,-0.0480910681881275,4.42582614443305,-0.0480910681881275,range_phase_disagreement_rtt_only,1,0.94554440074466,0,1,17.6370711694356,1,unique_pbr_conflict_candidate_experimental
uniform_64MHz,strong_phase_drift,3,30,7,20271019,0.4,60,0,0.45,7.43711507386632,2.95349663842503,7.43711507386632,2.95349663842503,4.43711507386632,-0.0465033615749708,4.43711507386632,-0.0465033615749708,range_phase_disagreement_rtt_only,1,0.945677612647235,0,1,17.6735956180091,1,unique_pbr_conflict_candidate_experimental
uniform_64MHz,strong_phase_drift,3,30,8,20271019,0.4,60,0,0.45,7.44031064880468,2.95277046270763,7.44031064880468,2.95277046270763,4.44031064880468,-0.0472295372923672,4.44031064880468,-0.0472295372923672,range_phase_disagreement_rtt_only,1,0.945972152593794,0,1,17.6876036625292,1,unique_pbr_conflict_candidate_experimental
uniform_64MHz,strong_phase_drift,3,30,9,20271019,0.4,60,0,0.45,7.4405059217364,2.95721654877647,7.4405059217364,2.95721654877647,4.4405059217364,-0.0427834512235323,4.4405059217364,-0.0427834512235323,range_phase_disagreement_rtt_only,1,0.945284316085133,0,1,17.675643416518,1,unique_pbr_conflict_candidate_experimental
uniform_64MHz,strong_phase_drift,3,30,10,20271019,0.4,60,0,0.45,7.38901802609948,2.95953753234511,7.38901802609948,2.95953753234511,4.38901802609948,-0.0404624676548861,4.38901802609948,-0.0404624676548861,range_phase_disagreement_rtt_only,1,0.945498829778645,0,1,17.4600897880903,1,unique_pbr_conflict_candidate_experimental
uniform_64MHz,strong_phase_drift,3,30,11,20271019,0.4,60,0,0.45,7.39979399303822,2.95590073472957,7.39979399303822,2.95590073472957,4.39979399303822,-0.0440992652704302,4.39979399303822,-0.0440992652704302,range_phase_disagreement_rtt_only,1,0.946753385028373,0,1,17.512772803358,1,unique_pbr_conflict_candidate_experimental
uniform_64MHz,strong_phase_drift,3,30,12,20271019,0.4,60,0,0.45,7.38599021942918,2.95722920325952,7.38599021942918,2.95722920325952,4.38599021942918,-0.0427707967404833,4.38599021942918,-0.0427707967404833,range_phase_disagreement_rtt_only,1,0.946206924989617,0,1,17.4621668540991,1,unique_pbr_conflict_candidate_experimental
uniform_64MHz,strong_phase_drift,3,30,13,20271019,0.4,60,0,0.45,7.42323419571041,2.9583829041493,7.42323419571041,2.9583829041493,4.42323419571041,-0.0416170958507047,4.42323419571041,-0.0416170958507047,range_phase_disagreement_rtt_only,1,0.946611954040184,0,1,17.6001869733153,1,unique_pbr_conflict_candidate_experimental
uniform_64MHz,strong_phase_drift,3,30,14,20271019,0.4,60,0,0.45,7.37883371895801,2.95342090580945,7.37883371895801,2.95342090580945,4.37883371895801,-0.04657909419055,4.37883371895801,-0.04657909419055,range_phase_disagreement_rtt_only,1,0.948787561557536,0,1,17.4471488724046,1,unique_pbr_conflict_candidate_experimental
uniform_64MHz,strong_phase_drift,3,30,15,20271019,0.4,60,0,0.45,7.43908653051388,2.95560737565737,7.43908653051388,2.95560737565737,4.43908653051388,-0.0443926243426298,4.43908653051388,-0.0443926243426298,range_phase_disagreement_rtt_only,1,0.946215176800984,0,1,17.6734768585236,1,unique_pbr_conflict_candidate_experimental
uniform_64MHz,strong_phase_drift,3,30,16,20271019,0.4,60,0,0.45,7.41597819199926,2.95753361219667,7.41597819199926,2.95753361219667,4.41597819199926,-0.0424663878033309,4.41597819199926,-0.0424663878033309,range_phase_disagreement_rtt_only,1,0.945758840863248,0,1,17.5766425737421,1,unique_pbr_conflict_candidate_experimental
uniform_64MHz,strong_phase_drift,3,30,17,20271019,0.4,60,0,0.45,7.44583200151408,2.95576387287696,7.44583200151408,2.95576387287696,4.44583200151408,-0.0442361271230438,4.44583200151408,-0.0442361271230438,range_phase_disagreement_rtt_only,1,0.945608350051372,0,1,17.7007991942411,1,unique_pbr_conflict_candidate_experimental
uniform_64MHz,strong_phase_drift,3,30,18,20271019,0.4,60,0,0.45,7.39330510638253,2.95395112832682,7.39330510638253,2.95395112832682,4.39330510638253,-0.0460488716731842,4.39330510638253,-0.0460488716731842,range_phase_disagreement_rtt_only,1,0.946357726227896,0,1,17.4995283494062,1,unique_pbr_conflict_candidate_experimental
uniform_64MHz,strong_phase_drift,3,30,19,20271019,0.4,60,0,0.45,7.39798871056614,2.95966855157355,7.39798871056614,2.95966855157355,4.39798871056614,-0.0403314484264516,4.39798871056614,-0.0403314484264516,range_phase_disagreement_rtt_only,1,0.943708162358812,0,1,17.4987513566918,1,unique_pbr_conflict_candidate_experimental
uniform_64MHz,strong_phase_drift,3,30,20,20271019,0.4,60,0,0.45,7.4226627984091,2.9534270314592,7.4226627984091,2.9534270314592,4.4226627984091,-0.046572968540803,4.4226627984091,-0.046572968540803,range_phase_disagreement_rtt_only,1,0.945618182468221,0,1,17.6159565452996,1,unique_pbr_conflict_candidate_experimental
uniform_64MHz,strong_phase_drift,15,30,1,20271019,0.4,60,0,0.45,19.3878627065964,14.9545707848362,19.3878627065964,14.9545707848362,4.38786270659638,-0.0454292151637574,4.38786270659638,-0.0454292151637574,range_phase_disagreement_rtt_only,1,0.944468604894396,0,1,17.4768672781635,1,unique_pbr_conflict_candidate_experimental
uniform_64MHz,strong_phase_drift,15,30,2,20271019,0.4,60,0,0.45,19.4294614143204,14.9564096092357,19.4294614143204,14.9564096092357,4.42946141432035,-0.0435903907642938,4.42946141432035,-0.0435903907642938,range_phase_disagreement_rtt_only,1,0.944943773861484,0,1,17.6343754668729,1,unique_pbr_conflict_candidate_experimental
uniform_64MHz,strong_phase_drift,15,30,3,20271019,0.4,60,0,0.45,19.4359769356839,14.9559817977155,19.4359769356839,14.9559817977155,4.43597693568387,-0.0440182022844819,4.43597693568387,-0.0440182022844819,range_phase_disagreement_rtt_only,1,0.946038190688835,0,1,17.6629185679203,1,unique_pbr_conflict_candidate_experimental
uniform_64MHz,strong_phase_drift,15,30,4,20271019,0.4,60,0,0.45,19.4070208692867,14.9526120551854,19.4070208692867,14.9526120551854,4.4070208692867,-0.0473879448146057,4.4070208692867,-0.0473879448146057,range_phase_disagreement_rtt_only,1,0.945574261316814,0,1,17.5569995789635,1,unique_pbr_conflict_candidate_experimental
uniform_64MHz,strong_phase_drift,15,30,5,20271019,0.4,60,0,0.45,19.4129755887264,14.9531410316518,19.4129755887264,14.9531410316518,4.41297558872643,-0.0468589683481806,4.41297558872643,-0.0468589683481806,range_phase_disagreement_rtt_only,1,0.947106274038717,0,1,17.5826679445465,1,unique_pbr_conflict_candidate_experimental
uniform_64MHz,strong_phase_drift,15,30,6,20271019,0.4,60,0,0.45,19.4363967199815,14.9546305462016,19.4363967199815,14.9546305462016,4.43639671998153,-0.0453694537984202,4.43639671998153,-0.0453694537984202,range_phase_disagreement_rtt_only,1,0.94431200048578,0,1,17.667921130253,1,unique_pbr_conflict_candidate_experimental
uniform_64MHz,strong_phase_drift,15,30,7,20271019,0.4,60,0,0.45,19.4473519807,14.9561928649808,19.4473519807,14.9561928649808,4.44735198070002,-0.0438071350192235,4.44735198070002,-0.0438071350192235,range_phase_disagreement_rtt_only,1,0.946037283129124,0,1,17.6999976036566,1,unique_pbr_conflict_candidate_experimental
uniform_64MHz,strong_phase_drift,15,30,8,20271019,0.4,60,0,0.45,19.4304547957178,14.9541586334453,19.4304547957178,14.9541586334453,4.43045479571784,-0.0458413665547042,4.43045479571784,-0.0458413665547042,range_phase_disagreement_rtt_only,1,0.945629345343822,0,1,17.6454444733484,1,unique_pbr_conflict_candidate_experimental
uniform_64MHz,strong_phase_drift,15,30,9,20271019,0.4,60,0,0.45,19.4157322464411,14.9529978112277,19.4157322464411,14.9529978112277,4.4157322464411,-0.0470021887722538,4.4157322464411,-0.0470021887722538,range_phase_disagreement_rtt_only,1,0.9457470887226,0,1,17.5907020955955,1,unique_pbr_conflict_candidate_experimental
uniform_64MHz,strong_phase_drift,15,30,10,20271019,0.4,60,0,0.45,19.4435850025447,14.9544411303564,19.4435850025447,14.9544411303564,4.4435850025447,-0.04555886964358,4.4435850025447,-0.04555886964358,range_phase_disagreement_rtt_only,1,0.946850834334089,0,1,17.6979070866175,1,unique_pbr_conflict_candidate_experimental
uniform_64MHz,strong_phase_drift,15,30,11,20271019,0.4,60,0,0.45,19.4265292272464,14.9514004955561,19.4265292272464,14.9514004955561,4.42652922724644,-0.0485995044438976,4.42652922724644,-0.0485995044438976,range_phase_disagreement_rtt_only,1,0.946874923743731,0,1,17.6362137292032,1,unique_pbr_conflict_candidate_experimental
uniform_64MHz,strong_phase_drift,15,30,12,20271019,0.4,60,0,0.45,19.4374762865094,14.9524537367297,19.4374762865094,14.9524537367297,4.43747628650938,-0.0475462632703021,4.43747628650938,-0.0475462632703021,range_phase_disagreement_rtt_only,1,0.945231985654363,0,1,17.6774149730821,1,unique_pbr_conflict_candidate_experimental
uniform_64MHz,strong_phase_drift,15,30,13,20271019,0.4,60,0,0.45,19.4108851421806,14.9542185393378,19.4108851421806,14.9542185393378,4.41088514218065,-0.0457814606622051,4.41088514218065,-0.0457814606622051,range_phase_disagreement_rtt_only,1,0.945551649513969,0,1,17.5721454099117,1,unique_pbr_conflict_candidate_experimental
uniform_64MHz,strong_phase_drift,15,30,14,20271019,0.4,60,0,0.45,19.3826652267144,14.9592436023161,19.3826652267144,14.9592436023161,4.38266522671438,-0.0407563976839231,4.38266522671438,-0.0407563976839231,range_phase_disagreement_rtt_only,1,0.945985749222246,0,1,17.4354530782843,1,unique_pbr_conflict_candidate_experimental
uniform_64MHz,strong_phase_drift,15,30,15,20271019,0.4,60,0,0.45,19.4497547647881,14.9544329401645,19.4497547647881,14.9544329401645,4.44975476478809,-0.0455670598354647,4.44975476478809,-0.0455670598354647,range_phase_disagreement_rtt_only,1,0.94445316309436,0,1,17.7219742013792,1,unique_pbr_conflict_candidate_experimental
uniform_64MHz,strong_phase_drift,15,30,16,20271019,0.4,60,0,0.45,19.4154148425034,14.9544317344579,19.4154148425034,14.9544317344579,4.41541484250337,-0.0455682655420873,4.41541484250337,-0.0455682655420873,range_phase_disagreement_rtt_only,1,0.945271366977622,0,1,17.5876195077414,1,unique_pbr_conflict_candidate_experimental
uniform_64MHz,strong_phase_drift,15,30,17,20271019,0.4,60,0,0.45,19.4254939246462,14.959519277229,19.4254939246462,14.959519277229,4.42549392464618,-0.04048072277104,4.42549392464618,-0.04048072277104,range_phase_disagreement_rtt_only,1,0.946207718048796,0,1,17.6064238901841,1,unique_pbr_conflict_candidate_experimental
uniform_64MHz,strong_phase_drift,15,30,18,20271019,0.4,60,0,0.45,19.3904491859546,14.9495819045975,19.3904491859546,14.9495819045975,4.39044918595456,-0.0504180954024651,4.39044918595456,-0.0504180954024651,range_phase_disagreement_rtt_only,1,0.945427088225318,0,1,17.5073632622872,1,unique_pbr_conflict_candidate_experimental
uniform_64MHz,strong_phase_drift,15,30,19,20271019,0.4,60,0,0.45,19.451460817623,14.9558532554078,19.451460817623,14.9558532554078,4.45146081762301,-0.0441467445922328,4.45146081762301,-0.0441467445922328,range_phase_disagreement_rtt_only,1,0.94708941832612,0,1,17.7250019455993,1,unique_pbr_conflict_candidate_experimental
uniform_64MHz,strong_phase_drift,15,30,20,20271019,0.4,60,0,0.45,19.4075282599391,14.95822673649,19.4075282599391,14.95822673649,4.40752825993912,-0.0417732635099668,4.40752825993912,-0.0417732635099668,range_phase_disagreement_rtt_only,1,0.943540874672321,0,1,17.5389167475813,1,unique_pbr_conflict_candidate_experimental
uniform_64MHz,light_delay_drift,3,0,1,20271019,0.25,25,16,0,5.64101859197257,5.45857144122881,5.4586796709799,5.4586796709799,2.64101859197257,2.45857144122881,2.4586796709799,2.4586796709799,single_alias_soft_fusion,1,0.948680838269281,0,1,0.122310055539602,0,no_eligible_disagreement
uniform_64MHz,light_delay_drift,3,0,2,20271019,0.25,25,16,0,5.78255556189107,5.44910450099772,5.44929957755767,5.44929957755767,2.78255556189107,2.44910450099772,2.44929957755767,2.44929957755767,single_alias_soft_fusion,1,0.950027590005418,0,1,0.223730090988531,0,no_eligible_disagreement
uniform_64MHz,light_delay_drift,3,0,3,20271019,0.25,25,16,0,6.36168188008624,5.48794774711173,5.48846336588965,5.48846336588965,3.36168188008624,2.48794774711173,2.48846336588965,2.48846336588965,single_alias_soft_fusion,1,0.945181145861026,0,1,0.587655091798533,0,no_eligible_disagreement
uniform_64MHz,light_delay_drift,3,0,4,20271019,0.25,25,16,0,6.38405616372726,5.46764461147915,5.46818766681958,5.46818766681958,3.38405616372726,2.46764461147915,2.46818766681958,2.46818766681958,single_alias_soft_fusion,1,0.945235967298424,0,1,0.616189218037004,0,no_eligible_disagreement
uniform_64MHz,light_delay_drift,3,0,5,20271019,0.25,25,16,0,6.66096619079621,5.47833423922823,5.47904449654048,5.47904449654048,3.66096619079621,2.47833423922823,2.47904449654048,2.47904449654048,single_alias_soft_fusion,1,0.939150326160205,0,1,0.788922586048161,0,no_eligible_disagreement
uniform_64MHz,light_delay_drift,3,0,6,20271019,0.25,25,16,0,5.23648000474812,5.43693218220047,5.43681583776705,5.43681583776705,2.23648000474812,2.43693218220047,2.43681583776705,2.43681583776705,single_alias_soft_fusion,1,0.948685547745573,0,1,0.13376363980681,0,no_eligible_disagreement
uniform_64MHz,light_delay_drift,3,0,7,20271019,0.25,25,16,0,5.38663202383181,5.46041987938628,5.46037609620727,5.46037609620727,2.38663202383181,2.46041987938628,2.46037609620727,2.46037609620727,single_alias_soft_fusion,1,0.943481440206166,0,1,0.0498039957063032,0,no_eligible_disagreement
uniform_64MHz,light_delay_drift,3,0,8,20271019,0.25,25,16,0,6.6325152377929,5.4641745786385,5.4648718274318,5.4648718274318,3.6325152377929,2.4641745786385,2.4648718274318,2.4648718274318,single_alias_soft_fusion,1,0.947240256622521,0,1,0.78055694633613,0,no_eligible_disagreement
uniform_64MHz,light_delay_drift,3,0,9,20271019,0.25,25,16,0,5.46055018032007,5.42587050601994,5.4258910606015,5.4258910606015,2.46055018032007,2.42587050601994,2.4258910606015,2.4258910606015,single_alias_soft_fusion,1,0.937407269524948,0,1,0.0232098243444832,0,no_eligible_disagreement
uniform_64MHz,light_delay_drift,3,0,10,20271019,0.25,25,16,0,5.463435810663,5.49071263032218,5.49069638035156,5.49069638035156,2.463435810663,2.49071263032218,2.49069638035156,2.49069638035156,single_alias_soft_fusion,1,0.953086536689216,0,1,0.0182840670231214,0,no_eligible_disagreement
uniform_64MHz,light_delay_drift,3,0,11,20271019,0.25,25,16,0,7.67124658424278,5.47905240011115,5.48036429691489,5.48036429691489,4.67124658424278,2.47905240011115,2.48036429691489,2.48036429691489,single_alias_soft_fusion,1,0.941435176831845,0,1,1.47065135746162,0,no_eligible_disagreement
uniform_64MHz,light_delay_drift,3,0,12,20271019,0.25,25,16,0,6.63385478470662,5.41066538532919,5.41138694210016,5.41138694210016,3.63385478470662,2.41066538532919,2.41138694210016,2.41138694210016,single_alias_soft_fusion,1,0.940497679423728,0,1,0.819158046696422,0,no_eligible_disagreement
uniform_64MHz,light_delay_drift,3,0,13,20271019,0.25,25,16,0,6.64258225127119,5.42150251324255,5.42224231688463,5.42224231688463,3.64258225127119,2.42150251324255,2.42224231688463,2.42224231688463,single_alias_soft_fusion,1,0.941180173317094,0,1,0.820750337203341,0,no_eligible_disagreement
uniform_64MHz,light_delay_drift,3,0,14,20271019,0.25,25,16,0,6.26563553540968,5.47140466843971,5.4718731742924,5.4718731742924,3.26563553540968,2.47140466843971,2.4718731742924,2.4718731742924,single_alias_soft_fusion,1,0.940730473105984,0,1,0.533040776959973,0,no_eligible_disagreement
uniform_64MHz,light_delay_drift,3,0,15,20271019,0.25,25,16,0,7.10644516079547,5.46234169324753,5.46332790434528,5.46332790434528,4.10644516079547,2.46234169324753,2.46332790434528,2.46332790434528,single_alias_soft_fusion,1,0.943549749917978,0,1,1.09925087562056,0,no_eligible_disagreement
uniform_64MHz,light_delay_drift,3,0,16,20271019,0.25,25,16,0,5.70313995779058,5.46626006057064,5.4664037964672,5.4664037964672,2.70313995779058,2.46626006057064,2.4664037964672,2.4664037964672,single_alias_soft_fusion,1,0.939988560477064,0,1,0.159193177589129,0,no_eligible_disagreement
uniform_64MHz,light_delay_drift,3,0,17,20271019,0.25,25,16,0,6.70710441209327,5.43631648211308,5.43707246976219,5.43707246976219,3.70710441209327,2.43631648211308,2.43707246976219,2.43707246976219,single_alias_soft_fusion,1,0.936109868610033,0,1,0.849696394162983,0,no_eligible_disagreement
uniform_64MHz,light_delay_drift,3,0,18,20271019,0.25,25,16,0,6.4554186449557,5.45027289808998,5.4508609628869,5.4508609628869,3.4554186449557,2.45027289808998,2.4508609628869,2.4508609628869,single_alias_soft_fusion,1,0.948523062561479,0,1,0.67621987825227,0,no_eligible_disagreement
uniform_64MHz,light_delay_drift,3,0,19,20271019,0.25,25,16,0,5.68277929522813,5.41284444024917,5.41301077872063,5.41301077872063,2.68277929522813,2.41284444024917,2.41301077872063,2.41301077872063,single_alias_soft_fusion,1,0.947068269936719,0,1,0.181604963636973,0,no_eligible_disagreement
uniform_64MHz,light_delay_drift,3,0,20,20271019,0.25,25,16,0,6.54785983443289,5.43236509688169,5.4330551036224,5.4330551036224,3.54785983443289,2.43236509688169,2.4330551036224,2.4330551036224,single_alias_soft_fusion,1,0.933407607729598,0,1,0.754483707231689,0,no_eligible_disagreement
uniform_64MHz,light_delay_drift,15,0,1,20271019,0.25,25,16,0,17.4032531350061,17.4459544211964,17.4459290875138,17.4459290875138,2.40325313500609,2.44595442119643,2.44592908751376,2.44592908751376,single_alias_soft_fusion,1,0.941519935060895,0,1,0.0285707117219445,0,no_eligible_disagreement
uniform_64MHz,light_delay_drift,15,0,2,20271019,0.25,25,16,0,18.2432102403515,17.4440095400479,17.4444760314303,17.4444760314303,3.2432102403515,2.4440095400479,2.4444760314303,2.4444760314303,single_alias_soft_fusion,1,0.94338372489553,0,1,0.537395640342499,0,no_eligible_disagreement
uniform_64MHz,light_delay_drift,15,0,3,20271019,0.25,25,16,0,18.2597905453412,17.4620158301586,17.462489553873,17.462489553873,3.25979054534119,2.4620158301586,2.46248955387305,2.46248955387305,single_alias_soft_fusion,1,0.951652575383679,0,1,0.534852767470783,0,no_eligible_disagreement
uniform_64MHz,light_delay_drift,15,0,4,20271019,0.25,25,16,0,18.2178723197493,17.418351468565,17.4188359158413,17.4188359158413,3.21787231974929,2.41835146856496,2.41883591584135,2.41883591584135,single_alias_soft_fusion,1,0.946531164919812,0,1,0.532486963578247,0,no_eligible_disagreement
uniform_64MHz,light_delay_drift,15,0,5,20271019,0.25,25,16,0,17.9759283540528,17.4512914483262,17.4516070849029,17.4516070849029,2.97592835405282,2.45129144832618,2.45160708490285,2.45160708490285,single_alias_soft_fusion,1,0.93966779484366,0,1,0.352425310664894,0,no_eligible_disagreement
uniform_64MHz,light_delay_drift,15,0,6,20271019,0.25,25,16,0,17.7624636143568,17.5019183397639,17.5020722612576,17.5020722612576,2.76246361435679,2.5019183397639,2.5020722612576,2.5020722612576,single_alias_soft_fusion,1,0.949105051152345,0,1,0.174175502639354,0,no_eligible_disagreement
uniform_64MHz,light_delay_drift,15,0,7,20271019,0.25,25,16,0,18.8264805170692,17.5212117055368,17.5219721783193,17.5219721783193,3.82648051706917,2.52121170553677,2.52197217831934,2.52197217831934,single_alias_soft_fusion,1,0.943844441682367,0,1,0.872303976745272,0,no_eligible_disagreement
uniform_64MHz,light_delay_drift,15,0,8,20271019,0.25,25,16,0,17.5966878408978,17.4785438124541,17.47861549162,17.47861549162,2.59668784089775,2.4785438124541,2.47861549161995,2.47861549161995,single_alias_soft_fusion,1,0.938602445288828,0,1,0.0793229273170924,0,no_eligible_disagreement
uniform_64MHz,light_delay_drift,15,0,9,20271019,0.25,25,16,0,16.9450411785892,17.4327104072759,17.4324102538706,17.4324102538706,1.94504117858924,2.43271040727589,2.43241025387056,2.43241025387056,single_alias_soft_fusion,1,0.941397938333967,0,1,0.32791195434023,0,no_eligible_disagreement
uniform_64MHz,light_delay_drift,15,0,10,20271019,0.25,25,16,0,18.668256026059,17.4486131966838,17.4493621677569,17.4493621677569,3.66825602605903,2.44861319668384,2.44936216775692,2.44936216775692,single_alias_soft_fusion,1,0.951079944451037,0,1,0.816487793208124,0,no_eligible_disagreement
uniform_64MHz,light_delay_drift,15,0,11,20271019,0.25,25,16,0,17.3494584682112,17.4480188300745,17.4479596381436,17.4479596381436,2.34945846821124,2.44801883007445,2.44795963814355,2.44795963814355,single_alias_soft_fusion,1,0.943924680619884,0,1,0.0660853081212508,0,no_eligible_disagreement
uniform_64MHz,light_delay_drift,15,0,12,20271019,0.25,25,16,0,18.5287600111192,17.4655010576817,17.4661485773941,17.4661485773941,3.52876001111921,2.46550105768174,2.46614857739413,2.46614857739413,single_alias_soft_fusion,1,0.933844515085929,0,1,0.713482149132882,0,no_eligible_disagreement
uniform_64MHz,light_delay_drift,15,0,13,20271019,0.25,25,16,0,17.5531224658653,17.4936334589739,17.4936694251627,17.4936694251627,2.55312246586534,2.49363345897386,2.49366942516267,2.49366942516267,single_alias_soft_fusion,1,0.949083040421581,0,1,0.0398503169989997,0,no_eligible_disagreement
uniform_64MHz,light_delay_drift,15,0,14,20271019,0.25,25,16,0,17.1460242216072,17.4888349603762,17.4886293111123,17.4886293111123,2.1460242216072,2.48883496037618,2.48862931111229,2.48862931111229,single_alias_soft_fusion,1,0.938942404327112,0,1,0.230631787196902,0,no_eligible_disagreement
uniform_64MHz,light_delay_drift,15,0,15,20271019,0.25,25,16,0,17.6994456480148,17.4498426547562,17.4499908757938,17.4499908757938,2.69944564801484,2.44984265475622,2.44999087579381,2.44999087579381,single_alias_soft_fusion,1,0.941526309516596,0,1,0.168133977746462,0,no_eligible_disagreement
uniform_64MHz,light_delay_drift,15,0,16,20271019,0.25,25,16,0,17.2337269186655,17.4497676005797,17.4496405990823,17.4496405990823,2.23372691866547,2.44976760057965,2.44964059908234,2.44964059908234,single_alias_soft_fusion,1,0.947504318902665,0,1,0.14442261463475,0,no_eligible_disagreement
uniform_64MHz,light_delay_drift,15,0,17,20271019,0.25,25,16,0,16.7601123759897,17.4696795940147,17.4692584947475,17.4692584947475,1.76011237598972,2.46967959401466,2.46925849474748,2.46925849474748,single_alias_soft_fusion,1,0.934065940614548,0,1,0.474733443402037,0,no_eligible_disagreement
uniform_64MHz,light_delay_drift,15,0,18,20271019,0.25,25,16,0,18.3845660721487,17.4492417315169,17.4497910471048,17.4497910471048,3.38456607214868,2.44924173151691,2.44979104710477,2.44979104710477,single_alias_soft_fusion,1,0.944050797454944,0,1,0.625512838147338,0,no_eligible_disagreement
uniform_64MHz,light_delay_drift,15,0,19,20271019,0.25,25,16,0,18.7678681249752,17.4810606697927,17.4818406419519,17.4818406419519,3.76786812497521,2.48106066979273,2.48184064195192,2.48184064195192,single_alias_soft_fusion,1,0.935995523271612,0,1,0.862039721489048,0,no_eligible_disagreement
uniform_64MHz,light_delay_drift,15,0,20,20271019,0.25,25,16,0,17.5355083828896,17.4864137528635,17.4864428388838,17.4864428388838,2.53550838288956,2.48641375286349,2.4864428388838,2.4864428388838,single_alias_soft_fusion,1,0.943708356139161,0,1,0.0327491443799976,0,no_eligible_disagreement
uniform_64MHz,light_delay_drift,3,15,1,20271019,0.25,25,16,0,6.19128781616988,5.45792259897805,5.45871531082047,5.45871531082047,3.19128781616988,2.45792259897805,2.45871531082047,2.45871531082047,single_alias_soft_fusion,1,0.946727536055978,0,1,2.61781086698514,0,no_eligible_disagreement
uniform_64MHz,light_delay_drift,3,15,2,20271019,0.25,25,16,0,6.01620332183871,5.45514494197253,5.45575278739131,5.45575278739131,3.01620332183871,2.45514494197253,2.45575278739131,2.45575278739131,single_alias_soft_fusion,1,0.946767388636801,0,1,2.00637425040103,0,no_eligible_disagreement
uniform_64MHz,light_delay_drift,3,15,3,20271019,0.25,25,16,0,6.17036468568304,5.45684667453857,5.4576220907276,5.4576220907276,3.17036468568304,2.45684667453857,2.4576220907276,2.4576220907276,single_alias_soft_fusion,1,0.947952447107616,0,1,2.54423556796853,0,no_eligible_disagreement
uniform_64MHz,light_delay_drift,3,15,4,20271019,0.25,25,16,0,6.07922209299326,5.44993781353381,5.45062397185256,5.45062397185256,3.07922209299326,2.44993781353381,2.45062397185256,2.45062397185256,single_alias_soft_fusion,1,0.946474427152767,0,1,2.24759765000893,0,no_eligible_disagreement
uniform_64MHz,light_delay_drift,3,15,5,20271019,0.25,25,16,0,6.19463030235565,5.46449608562486,5.46529133554404,5.46529133554404,3.19463030235565,2.46449608562486,2.46529133554404,2.46529133554404,single_alias_soft_fusion,1,0.94659203501914,0,1,2.60151561491211,0,no_eligible_disagreement
uniform_64MHz,light_delay_drift,3,15,6,20271019,0.25,25,16,0,6.10760545966118,5.45422049174096,5.45492752370537,5.45492752370537,3.10760545966118,2.45422049174096,2.45492752370537,2.45492752370537,single_alias_soft_fusion,1,0.948292715667376,0,1,2.32719223129296,0,no_eligible_disagreement
uniform_64MHz,light_delay_drift,3,15,7,20271019,0.25,25,16,0,6.11289604729669,5.46395278322049,5.46465766706571,5.46465766706571,3.11289604729669,2.46395278322049,2.46465766706571,2.46465766706571,single_alias_soft_fusion,1,0.948806077910327,0,1,2.3173678959801,0,no_eligible_disagreement
uniform_64MHz,light_delay_drift,3,15,8,20271019,0.25,25,16,0,5.90714920137967,5.46265300281893,5.46313567059575,5.46313567059575,2.90714920137967,2.46265300281893,2.46313567059575,2.46313567059575,single_alias_soft_fusion,1,0.950544324016083,0,1,1.58766396080667,0,no_eligible_disagreement
uniform_64MHz,light_delay_drift,3,15,9,20271019,0.25,25,16,0,5.99936418119395,5.46652705994881,5.46711155598309,5.46711155598309,2.99936418119395,2.46652705994881,2.46711155598309,2.46711155598309,single_alias_soft_fusion,1,0.945632200981401,0,1,1.90422701433068,0,no_eligible_disagreement
uniform_64MHz,light_delay_drift,3,15,10,20271019,0.25,25,16,0,5.96067098546257,5.46316823907253,5.46371193343296,5.46371193343296,2.96067098546257,2.46316823907253,2.46371193343296,2.46371193343296,single_alias_soft_fusion,1,0.948063012238044,0,1,1.77586725922733,0,no_eligible_disagreement
uniform_64MHz,light_delay_drift,3,15,11,20271019,0.25,25,16,0,6.09108143422996,5.46336645138764,5.46405322982963,5.46405322982963,3.09108143422996,2.46336645138764,2.46405322982963,2.46405322982963,single_alias_soft_fusion,1,0.947173278286113,0,1,2.242233136308,0,no_eligible_disagreement
uniform_64MHz,light_delay_drift,3,15,12,20271019,0.25,25,16,0,6.15733034625771,5.44805451748526,5.448821450818,5.448821450818,3.15733034625771,2.44805451748526,2.448821450818,2.448821450818,single_alias_soft_fusion,1,0.946902810681557,0,1,2.52495670065778,0,no_eligible_disagreement
uniform_64MHz,light_delay_drift,3,15,13,20271019,0.25,25,16,0,5.87846583736874,5.46407644304119,5.46452595308367,5.46452595308367,2.87846583736874,2.46407644304119,2.46452595308367,2.46452595308367,single_alias_soft_fusion,1,0.947607098629987,0,1,1.47769107738821,0,no_eligible_disagreement
uniform_64MHz,light_delay_drift,3,15,14,20271019,0.25,25,16,0,6.15462790193936,5.46182277530912,5.46257917543782,5.46257917543782,3.15462790193936,2.46182277530912,2.46257917543782,2.46257917543782,single_alias_soft_fusion,1,0.948051980686376,0,1,2.47695973966309,0,no_eligible_disagreement
uniform_64MHz,light_delay_drift,3,15,15,20271019,0.25,25,16,0,6.00716091867581,5.4609445465828,5.46153456349279,5.46153456349279,3.00716091867581,2.4609445465828,2.46153456349279,2.46153456349279,single_alias_soft_fusion,1,0.949847915649777,0,1,1.94212055810537,0,no_eligible_disagreement
uniform_64MHz,light_delay_drift,3,15,16,20271019,0.25,25,16,0,6.11306425062088,5.46476433894465,5.46548006385056,5.46548006385056,3.11306425062088,2.46476433894465,2.46548006385056,2.46548006385056,single_alias_soft_fusion,1,0.947529923984357,0,1,2.32166968314388,0,no_eligible_disagreement
uniform_64MHz,light_delay_drift,3,15,17,20271019,0.25,25,16,0,6.10549901620632,5.45639245961503,5.45709753245598,5.45709753245598,3.10549901620632,2.45639245961503,2.45709753245598,2.45709753245598,single_alias_soft_fusion,1,0.946124047429386,0,1,2.31616458475136,0,no_eligible_disagreement
uniform_64MHz,light_delay_drift,3,15,18,20271019,0.25,25,16,0,6.24827826188734,5.45974479732044,5.4606039150966,5.4606039150966,3.24827826188734,2.45974479732044,2.4606039150966,2.4606039150966,single_alias_soft_fusion,1,0.948930318454182,0,1,2.82122300618585,0,no_eligible_disagreement
uniform_64MHz,light_delay_drift,3,15,19,20271019,0.25,25,16,0,6.26190397771339,5.45105372995291,5.45192936900425,5.45192936900425,3.26190397771339,2.45105372995291,2.45192936900425,2.45192936900425,single_alias_soft_fusion,1,0.945989859620918,0,1,2.89102727707646,0,no_eligible_disagreement
uniform_64MHz,light_delay_drift,3,15,20,20271019,0.25,25,16,0,6.07102298007355,5.45300058281617,5.45367611690408,5.45367611690408,3.07102298007355,2.45300058281617,2.45367611690408,2.45367611690408,single_alias_soft_fusion,1,0.946409073128564,0,1,2.2078329818246,0,no_eligible_disagreement
uniform_64MHz,light_delay_drift,15,15,1,20271019,0.25,25,16,0,18.0116220046489,17.4548349669876,17.455443019638,17.455443019638,3.01162200464885,2.45483496698762,2.45544301963804,2.45544301963804,single_alias_soft_fusion,1,0.947178254932423,0,1,1.98739674308708,0,no_eligible_disagreement
uniform_64MHz,light_delay_drift,15,15,2,20271019,0.25,25,16,0,18.0006214968797,17.4363317623479,17.4369426533323,17.4369426533323,3.00062149687969,2.43633176234786,2.43694265333233,2.43694265333233,single_alias_soft_fusion,1,0.949191327180845,0,1,2.0147825847595,0,no_eligible_disagreement
uniform_64MHz,light_delay_drift,15,15,3,20271019,0.25,25,16,0,17.9901268149581,17.4547878152945,17.4553669816211,17.4553669816211,2.99012681495813,2.45478781529447,2.45536698162114,2.45536698162114,single_alias_soft_fusion,1,0.946681188995098,0,1,1.91031229509148,0,no_eligible_disagreement
uniform_64MHz,light_delay_drift,15,15,4,20271019,0.25,25,16,0,18.1971727361922,17.457541673534,17.4583536610087,17.4583536610087,3.19717273619221,2.45754167353396,2.45835366100869,2.45835366100869,single_alias_soft_fusion,1,0.948339058269848,0,1,2.64686130589625,0,no_eligible_disagreement
uniform_64MHz,light_delay_drift,15,15,5,20271019,0.25,25,16,0,18.1268647562001,17.457158126593,17.4578847367658,17.4578847367658,3.12686475620007,2.45715812659304,2.45788473676581,2.45788473676581,single_alias_soft_fusion,1,0.946559010291666,0,1,2.39088836451746,0,no_eligible_disagreement
uniform_64MHz,light_delay_drift,15,15,6,20271019,0.25,25,16,0,18.1205166163325,17.4596437510543,17.4603641915688,17.4603641915688,3.12051661633252,2.45964375105427,2.46036419156884,2.46036419156884,single_alias_soft_fusion,1,0.947578675740235,0,1,2.3627199986026,0,no_eligible_disagreement
uniform_64MHz,light_delay_drift,15,15,7,20271019,0.25,25,16,0,18.0685269859171,17.4650417754934,17.4656943442934,17.4656943442934,3.06852698591715,2.46504177549342,2.46569434429344,2.46569434429344,single_alias_soft_fusion,1,0.946073805837754,0,1,2.15359874939233,0,no_eligible_disagreement
uniform_64MHz,light_delay_drift,15,15,8,20271019,0.25,25,16,0,18.0052136058095,17.458404081482,17.4589966789287,17.4589966789287,3.00521360580953,2.45840408148196,2.45899667892873,2.45899667892873,single_alias_soft_fusion,1,0.946003840931942,0,1,1.94782489163203,0,no_eligible_disagreement
uniform_64MHz,light_delay_drift,15,15,9,20271019,0.25,25,16,0,18.2769733345049,17.4557721869696,17.4566602943461,17.4566602943461,3.27697333450487,2.45577218696957,2.45666029434613,2.45666029434613,single_alias_soft_fusion,1,0.946967010288766,0,1,2.92720118775945,0,no_eligible_disagreement
uniform_64MHz,light_delay_drift,15,15,10,20271019,0.25,25,16,0,18.1942342132413,17.4681675531442,17.4689508226726,17.4689508226726,3.19423421324134,2.46816755314422,2.46895082267262,2.46895082267262,single_alias_soft_fusion,1,0.948595712933438,0,1,2.58274838377067,0,no_eligible_disagreement
uniform_64MHz,light_delay_drift,15,15,11,20271019,0.25,25,16,0,18.2616588455285,17.4607757456078,17.4616447169593,17.4616447169593,3.26165884552846,2.46077574560778,2.46164471695934,2.46164471695934,single_alias_soft_fusion,1,0.948457030652067,0,1,2.8546511803397,0,no_eligible_disagreement
uniform_64MHz,light_delay_drift,15,15,12,20271019,0.25,25,16,0,17.9955535706739,17.4544530256926,17.4550424273471,17.4550424273471,2.99555357067387,2.45445302569257,2.45504242734708,2.45504242734708,single_alias_soft_fusion,1,0.948394502636449,0,1,1.92683750314675,0,no_eligible_disagreement
uniform_64MHz,light_delay_drift,15,15,13,20271019,0.25,25,16,0,18.3478125222432,17.4498444031393,18.3478125222432,17.4498444031393,3.3478125222432,2.44984440313932,3.3478125222432,2.44984440313932,range_phase_disagreement_rtt_only,1,0.94785921824168,0,1,3.19444899662216,1,unique_pbr_conflict_candidate_experimental
uniform_64MHz,light_delay_drift,15,15,14,20271019,0.25,25,16,0,18.2189983818094,17.4537599960061,17.454587715583,17.454587715583,3.2189983818094,2.45375999600613,2.454587715583,2.454587715583,single_alias_soft_fusion,1,0.948918156216432,0,1,2.72589026753131,0,no_eligible_disagreement
uniform_64MHz,light_delay_drift,15,15,15,20271019,0.25,25,16,0,18.1871910314974,17.4556527643939,17.4564464171872,17.4564464171872,3.18719103149742,2.45565276439389,2.45644641718724,2.45644641718724,single_alias_soft_fusion,1,0.945435702111493,0,1,2.60366126760538,0,no_eligible_disagreement
uniform_64MHz,light_delay_drift,15,15,16,20271019,0.25,25,16,0,17.9892787886776,17.4672880717023,17.4678557100483,17.4678557100483,2.98927878867759,2.46728807170227,2.46785571004834,2.46785571004834,single_alias_soft_fusion,1,0.947612376573106,0,1,1.85818290702441,0,no_eligible_disagreement
uniform_64MHz,light_delay_drift,15,15,17,20271019,0.25,25,16,0,18.0480809276445,17.4578463114777,17.458482747045,17.458482747045,3.04808092764449,2.45784631147772,2.45848274704495,2.45848274704495,single_alias_soft_fusion,1,0.946936804074972,0,1,2.10267353153961,0,no_eligible_disagreement
uniform_64MHz,light_delay_drift,15,15,18,20271019,0.25,25,16,0,18.020438298981,17.4581722149892,17.4587887526451,17.4587887526451,3.02043829898099,2.45817221498916,2.45878875264514,2.45878875264514,single_alias_soft_fusion,1,0.94670923410757,0,1,2.00611322061877,0,no_eligible_disagreement
uniform_64MHz,light_delay_drift,15,15,19,20271019,0.25,25,16,0,18.0107081441538,17.4515390646893,17.4521468185296,17.4521468185296,3.01070814415376,2.45153906468929,2.45214681852956,2.45214681852956,single_alias_soft_fusion,1,0.945494823360705,0,1,1.99136855562789,0,no_eligible_disagreement
uniform_64MHz,light_delay_drift,15,15,20,20271019,0.25,25,16,0,18.2617049761824,17.4479143362292,17.4487870938429,17.4487870938429,3.26170497618241,2.44791433622924,2.44878709384294,2.44878709384294,single_alias_soft_fusion,1,0.946504303893353,0,1,2.8939340191093,0,no_eligible_disagreement
uniform_64MHz,light_delay_drift,3,30,1,20271019,0.25,25,16,0,6.11808911667401,5.4580424972984,5.45864127948168,5.45864127948168,3.11808911667401,2.4580424972984,2.45864127948168,2.45864127948168,single_alias_soft_fusion,1,0.945882824532432,0,1,2.62638983075081,0,no_eligible_disagreement
uniform_64MHz,light_delay_drift,3,30,2,20271019,0.25,25,16,0,6.16431205017401,5.45722892808831,5.45787023194284,5.45787023194284,3.16431205017401,2.45722892808831,2.45787023194284,2.45787023194284,single_alias_soft_fusion,1,0.947114895155904,0,1,2.81367742691578,0,no_eligible_disagreement
uniform_64MHz,light_delay_drift,3,30,3,20271019,0.25,25,16,0,6.10933361633245,5.4564677924381,5.45705960786312,5.45705960786312,3.10933361633245,2.4564677924381,2.45705960786312,2.45705960786312,single_alias_soft_fusion,1,0.946011523772275,0,1,2.59832287105543,0,no_eligible_disagreement
uniform_64MHz,light_delay_drift,3,30,4,20271019,0.25,25,16,0,6.14209252557482,5.45438782047838,5.45501061835324,5.45501061835324,3.14209252557482,2.45438782047838,2.45501061835324,2.45501061835324,single_alias_soft_fusion,1,0.948377345095224,0,1,2.73673408611996,0,no_eligible_disagreement
uniform_64MHz,light_delay_drift,3,30,5,20271019,0.25,25,16,0,6.12524357622003,5.46002982740573,5.46063228332259,5.46063228332259,3.12524357622003,2.46002982740573,2.46063228332259,2.46063228332259,single_alias_soft_fusion,1,0.946689240227735,0,1,2.64720221103686,0,no_eligible_disagreement
uniform_64MHz,light_delay_drift,3,30,6,20271019,0.25,25,16,0,6.12261397132486,5.45594396754695,5.45654777697292,5.45654777697292,3.12261397132486,2.45594396754695,2.45654777697292,2.45654777697292,single_alias_soft_fusion,1,0.946588629753592,0,1,2.65269597528719,0,no_eligible_disagreement
uniform_64MHz,light_delay_drift,3,30,7,20271019,0.25,25,16,0,6.16152207106765,5.46426683584232,5.46489879531158,5.46489879531158,3.16152207106765,2.46426683584232,2.46489879531158,2.46489879531158,single_alias_soft_fusion,1,0.946344101270617,0,1,2.77483067824595,0,no_eligible_disagreement
uniform_64MHz,light_delay_drift,3,30,8,20271019,0.25,25,16,0,6.18065173119833,5.45333065089052,5.45399001865665,5.45399001865665,3.18065173119833,2.45333065089052,2.45399001865665,2.45399001865665,single_alias_soft_fusion,1,0.94646005542362,0,1,2.89455808909785,0,no_eligible_disagreement
uniform_64MHz,light_delay_drift,3,30,9,20271019,0.25,25,16,0,6.12103327232584,5.45437394064027,5.45497807778176,5.45497807778176,3.12103327232584,2.45437394064027,2.45497807778176,2.45497807778176,single_alias_soft_fusion,1,0.946951729207046,0,1,2.6530043365633,0,no_eligible_disagreement
uniform_64MHz,light_delay_drift,3,30,10,20271019,0.25,25,16,0,6.11980060458416,5.4618351173173,5.46243167775109,5.46243167775109,3.11980060458416,2.4618351173173,2.46243167775109,2.46243167775109,single_alias_soft_fusion,1,0.946263258322597,0,1,2.6181007517104,0,no_eligible_disagreement
uniform_64MHz,light_delay_drift,3,30,11,20271019,0.25,25,16,0,6.07288751456649,5.4582091154803,5.45876611452479,5.45876611452479,3.07288751456649,2.4582091154803,2.45876611452479,2.45876611452479,single_alias_soft_fusion,1,0.947270474255313,0,1,2.44599390261002,0,no_eligible_disagreement
uniform_64MHz,light_delay_drift,3,30,12,20271019,0.25,25,16,0,6.10654938016492,5.4617006872834,5.46228528257888,5.46228528257888,3.10654938016492,2.4617006872834,2.46228528257888,2.46228528257888,single_alias_soft_fusion,1,0.946773910358042,0,1,2.5664317609985,0,no_eligible_disagreement
uniform_64MHz,light_delay_drift,3,30,13,20271019,0.25,25,16,0,6.10479799334042,5.45939866857029,5.45998359898052,5.45998359898052,3.10479799334042,2.45939866857029,2.45998359898052,2.45998359898052,single_alias_soft_fusion,1,0.946573993497263,0,1,2.56838677429503,0,no_eligible_disagreement
uniform_64MHz,light_delay_drift,3,30,14,20271019,0.25,25,16,0,6.17683364233731,5.45543097646866,5.45608539184616,5.45608539184616,3.17683364233731,2.45543097646866,2.45608539184616,2.45608539184616,single_alias_soft_fusion,1,0.945823502532678,0,1,2.87063661848386,0,no_eligible_disagreement
uniform_64MHz,light_delay_drift,3,30,15,20271019,0.25,25,16,0,6.1548114792107,5.45525351496254,5.45588654450445,5.45588654450445,3.1548114792107,2.45525351496254,2.45588654450445,2.45588654450445,single_alias_soft_fusion,1,0.947835375495551,0,1,2.78396161158374,0,no_eligible_disagreement
uniform_64MHz,light_delay_drift,3,30,16,20271019,0.25,25,16,0,6.15990763695737,5.46038747908589,5.46102114342019,5.46102114342019,3.15990763695737,2.46038747908589,2.46102114342019,2.46102114342019,single_alias_soft_fusion,1,0.947088373669516,0,1,2.78389825350906,0,no_eligible_disagreement
uniform_64MHz,light_delay_drift,3,30,17,20271019,0.25,25,16,0,6.15327283395179,5.46077448603091,5.46140265405535,5.46140265405535,3.15327283395179,2.46077448603091,2.46140265405535,2.46140265405535,single_alias_soft_fusion,1,0.946856697998816,0,1,2.75571102837256,0,no_eligible_disagreement
uniform_64MHz,light_delay_drift,3,30,18,20271019,0.25,25,16,0,6.12984540024558,5.45928491770292,5.45989336034584,5.45989336034584,3.12984540024558,2.45928491770292,2.45989336034584,2.45989336034584,single_alias_soft_fusion,1,0.945931111872776,0,1,2.66858351030289,0,no_eligible_disagreement
uniform_64MHz,light_delay_drift,3,30,19,20271019,0.25,25,16,0,6.13904574351922,5.45872368369281,5.45934059557212,5.45934059557212,3.13904574351922,2.45872368369281,2.45934059557212,2.45934059557212,single_alias_soft_fusion,1,0.945735213671548,0,1,2.70743866389108,0,no_eligible_disagreement
uniform_64MHz,light_delay_drift,3,30,20,20271019,0.25,25,16,0,6.12340837356165,5.46389649865617,5.4644940565957,5.4644940565957,3.12340837356165,2.46389649865617,2.4644940565957,2.4644940565957,single_alias_soft_fusion,1,0.947424396434888,0,1,2.62483437921191,0,no_eligible_disagreement
uniform_64MHz,light_delay_drift,15,30,1,20271019,0.25,25,16,0,18.1251846281803,17.4587771919183,17.4593807975547,17.4593807975547,3.12518462818025,2.45877719191825,2.4593807975547,2.4593807975547,single_alias_soft_fusion,1,0.947375044742514,0,1,2.65224255808539,0,no_eligible_disagreement
uniform_64MHz,light_delay_drift,15,30,2,20271019,0.25,25,16,0,18.1230089598407,17.4622555188265,17.4628546000766,17.4628546000766,3.12300895984067,2.4622555188265,2.46285460007663,2.46285460007663,single_alias_soft_fusion,1,0.946557208526391,0,1,2.6294629191099,0,no_eligible_disagreement
uniform_64MHz,light_delay_drift,15,30,3,20271019,0.25,25,16,0,18.1384595866263,17.4545592213145,17.4551788621075,17.4551788621075,3.13845958662634,2.45455922131447,2.45517886210752,2.45517886210752,single_alias_soft_fusion,1,0.947950377361562,0,1,2.72164014999123,0,no_eligible_disagreement
uniform_64MHz,light_delay_drift,15,30,4,20271019,0.25,25,16,0,18.1390228355565,17.4526367473965,17.45325878476,17.45325878476,3.13902283555652,2.4526367473965,2.45325878476003,2.45325878476003,single_alias_soft_fusion,1,0.947623312346359,0,1,2.73180250548962,0,no_eligible_disagreement
uniform_64MHz,light_delay_drift,15,30,5,20271019,0.25,25,16,0,18.1807506615125,17.4574049699684,17.4580608610529,17.4580608610529,3.18075066151252,2.45740496996837,2.45806086105289,2.45806086105289,single_alias_soft_fusion,1,0.9468988409507,0,1,2.87864645428534,0,no_eligible_disagreement
uniform_64MHz,light_delay_drift,15,30,6,20271019,0.25,25,16,0,18.1301365409997,17.4599622343103,17.4605686910473,17.4605686910473,3.13013654099965,2.45996223431026,2.46056869104727,2.46056869104727,single_alias_soft_fusion,1,0.947533814515653,0,1,2.66692898064142,0,no_eligible_disagreement
uniform_64MHz,light_delay_drift,15,30,7,20271019,0.25,25,16,0,18.1548085395379,17.457711207572,17.4583435008429,17.4583435008429,3.15480853953794,2.45771120757202,2.45834350084288,2.45834350084288,single_alias_soft_fusion,1,0.946769179051348,0,1,2.77451079956288,0,no_eligible_disagreement
uniform_64MHz,light_delay_drift,15,30,8,20271019,0.25,25,16,0,18.1290879582052,17.4547106851396,17.4553222126904,17.4553222126904,3.12908795820518,2.45471068513956,2.45532221269039,2.45532221269039,single_alias_soft_fusion,1,0.947576723768,0,1,2.68367210749854,0,no_eligible_disagreement
uniform_64MHz,light_delay_drift,15,30,9,20271019,0.25,25,16,0,18.1322849656731,17.4632704649467,17.463877118855,17.463877118855,3.13228496567309,2.46327046494666,2.463877118855,2.463877118855,single_alias_soft_fusion,1,0.945915219268265,0,1,2.66242422464543,0,no_eligible_disagreement
uniform_64MHz,light_delay_drift,15,30,10,20271019,0.25,25,16,0,18.1462379209623,17.4585870467846,17.4592095035334,17.4592095035334,3.14623792096235,2.45858704678459,2.45920950353341,2.45920950353341,single_alias_soft_fusion,1,0.948712561768088,0,1,2.73667658752729,0,no_eligible_disagreement
uniform_64MHz,light_delay_drift,15,30,11,20271019,0.25,25,16,0,18.1499008871967,17.4565407337336,17.4571695334769,17.4571695334769,3.14990088719668,2.45654073373363,2.45716953347686,2.45716953347686,single_alias_soft_fusion,1,0.946787910796826,0,1,2.75921506262798,0,no_eligible_disagreement
uniform_64MHz,light_delay_drift,15,30,12,20271019,0.25,25,16,0,18.1556148894386,17.4567148441247,17.4573492442878,17.4573492442878,3.15561488943863,2.45671484412471,2.45734924428781,2.45734924428781,single_alias_soft_fusion,1,0.94530495189404,0,1,2.78182639253715,0,no_eligible_disagreement
uniform_64MHz,light_delay_drift,15,30,13,20271019,0.25,25,16,0,18.0670301330142,17.4605150373,17.4610652129101,17.4610652129101,3.06703013301419,2.46051503729997,2.46106521291012,2.46106521291012,single_alias_soft_fusion,1,0.945627457198602,0,1,2.4133009679395,0,no_eligible_disagreement
uniform_64MHz,light_delay_drift,15,30,14,20271019,0.25,25,16,0,18.0629019708741,17.4546237146288,17.4551749076252,17.4551749076252,3.06290197087409,2.45462371462883,2.4551749076252,2.4551749076252,single_alias_soft_fusion,1,0.947969844132144,0,1,2.42059673992394,0,no_eligible_disagreement
uniform_64MHz,light_delay_drift,15,30,15,20271019,0.25,25,16,0,18.1377516783972,17.4573986047244,17.458014752567,17.458014752567,3.1377516783972,2.45739860472439,2.45801475256699,2.45801475256699,single_alias_soft_fusion,1,0.94767214124192,0,1,2.70760286438953,0,no_eligible_disagreement
uniform_64MHz,light_delay_drift,15,30,16,20271019,0.25,25,16,0,18.1666175957265,17.458353593376,17.4589953972036,17.4589953972036,3.16661759572648,2.45835359337604,2.45899539720358,2.45899539720358,single_alias_soft_fusion,1,0.947119152543102,0,1,2.81844382021737,0,no_eligible_disagreement
uniform_64MHz,light_delay_drift,15,30,17,20271019,0.25,25,16,0,18.1480894224229,17.4550932809114,17.4557210237046,17.4557210237046,3.14808942242291,2.45509328091135,2.45572102370458,2.45572102370458,single_alias_soft_fusion,1,0.946401086207037,0,1,2.7577335546144,0,no_eligible_disagreement
uniform_64MHz,light_delay_drift,15,30,18,20271019,0.25,25,16,0,18.0904074522306,17.457966930683,17.458540706547,17.458540706547,3.09040745223063,2.45796693068296,2.45854070654699,2.45854070654699,single_alias_soft_fusion,1,0.946586046765777,0,1,2.51664307203818,0,no_eligible_disagreement
uniform_64MHz,light_delay_drift,15,30,19,20271019,0.25,25,16,0,18.1692444036006,17.4603840962,17.4610266817044,17.4610266817044,3.16924440360063,2.46038409620003,2.46102668170442,2.46102668170442,single_alias_soft_fusion,1,0.946568262350023,0,1,2.82074288639686,0,no_eligible_disagreement
uniform_64MHz,light_delay_drift,15,30,20,20271019,0.25,25,16,0,18.1399702479403,17.4614732635628,17.462087288275,17.462087288275,3.13997024794028,2.46147326356276,2.46208728827496,2.46208728827496,single_alias_soft_fusion,1,0.946754178003464,0,1,2.69972468422856,0,no_eligible_disagreement
uniform_64MHz,los_delay_drift,3,0,1,20271019,0,0,16,0,5.23623317128465,5.3781221833752,5.37804241921978,5.37804241921978,2.23623317128465,2.3781221833752,2.37804241921978,2.37804241921978,single_alias_soft_fusion,1,0.998555770458367,0,1,0.0945785826744257,0,no_eligible_disagreement
uniform_64MHz,los_delay_drift,3,0,2,20271019,0,0,16,0,7.09420205190405,5.39057584358934,5.39154490871882,5.39154490871882,4.09420205190405,2.39057584358934,2.39154490871882,2.39154490871882,single_alias_soft_fusion,1,0.997497772544368,0,1,1.1322788614855,0,no_eligible_disagreement
uniform_64MHz,los_delay_drift,3,0,3,20271019,0,0,16,0,2.49749484723718,5.36001619603808,5.35838802784814,5.35838802784814,-0.502505152762818,2.36001619603808,2.35838802784814,2.35838802784814,single_alias_soft_fusion,1,0.999130529739111,0,1,1.9167452114943,0,no_eligible_disagreement
uniform_64MHz,los_delay_drift,3,0,4,20271019,0,0,16,0,3.77580204930058,5.42016590469921,5.4192683247798,5.4192683247798,0.775802049300584,2.42016590469921,2.4192683247798,2.4192683247798,single_alias_soft_fusion,1,0.999151766554956,0,1,1.08523262902922,0,no_eligible_disagreement
uniform_64MHz,los_delay_drift,3,0,5,20271019,0,0,16,0,5.55077917285094,5.42307060174664,5.423140613732,5.423140613732,2.55077917285094,2.42307060174664,2.423140613732,2.423140613732,single_alias_soft_fusion,1,0.998481548928021,0,1,0.0845973693822255,0,no_eligible_disagreement
uniform_64MHz,los_delay_drift,3,0,6,20271019,0,0,16,0,4.46631152984947,5.37162820976133,5.37111083451381,5.37111083451381,1.46631152984947,2.37162820976133,2.37111083451381,2.37111083451381,single_alias_soft_fusion,1,0.998289572618172,0,1,0.605288231935302,0,no_eligible_disagreement
uniform_64MHz,los_delay_drift,3,0,7,20271019,0,0,16,0,4.18614074384107,5.40571989627178,5.40504064953532,5.40504064953532,1.18614074384107,2.40571989627178,2.40504064953532,2.40504064953532,single_alias_soft_fusion,1,0.997402594092583,0,1,0.820741626158182,0,no_eligible_disagreement
uniform_64MHz,los_delay_drift,3,0,8,20271019,0,0,16,0,4.60028060909923,5.41556051269214,5.41508910242804,5.41508910242804,1.60028060909923,2.41556051269214,2.41508910242804,2.41508910242804,single_alias_soft_fusion,1,0.996521056752171,0,1,0.545131570452145,0,no_eligible_disagreement
uniform_64MHz,los_delay_drift,3,0,9,20271019,0,0,16,0,4.11823320440367,5.398660188252,5.39791518801838,5.39791518801838,1.11823320440367,2.398660188252,2.39791518801838,2.39791518801838,single_alias_soft_fusion,1,0.998353807876471,0,1,0.857371412330415,0,no_eligible_disagreement
uniform_64MHz,los_delay_drift,3,0,10,20271019,0,0,16,0,2.78265129889474,5.40287116198242,5.4014231824092,5.4014231824092,-0.217348701105259,2.40287116198242,2.4014231824092,2.4014231824092,single_alias_soft_fusion,1,0.997756618199867,0,1,1.72774348928318,0,no_eligible_disagreement
uniform_64MHz,los_delay_drift,3,0,11,20271019,0,0,16,0,3.93971728352479,5.38816241866739,5.38735941490318,5.38735941490318,0.939717283524786,2.38816241866739,2.38735941490318,2.38735941490318,single_alias_soft_fusion,1,0.998339016474409,0,1,0.959893266787065,0,no_eligible_disagreement
uniform_64MHz,los_delay_drift,3,0,12,20271019,0,0,16,0,4.15444181309783,5.41895129400217,5.41821569470506,5.41821569470506,1.15444181309783,2.41895129400217,2.41821569470506,2.41821569470506,single_alias_soft_fusion,1,0.997845329661769,0,1,0.848075855114171,0,no_eligible_disagreement
uniform_64MHz,los_delay_drift,3,0,13,20271019,0,0,16,0,4.96500216773568,5.39469133133728,5.39445685756165,5.39445685756165,1.96500216773568,2.39469133133728,2.39445685756165,2.39445685756165,single_alias_soft_fusion,1,0.997166518476922,0,1,0.281468990739399,0,no_eligible_disagreement
uniform_64MHz,los_delay_drift,3,0,14,20271019,0,0,16,0,2.67614495758657,5.40978904538958,5.40826518979456,5.40826518979456,-0.323855042413429,2.40978904538958,2.40826518979456,2.40826518979456,single_alias_soft_fusion,1,0.99846947198991,0,1,1.81187975560918,0,no_eligible_disagreement
uniform_64MHz,los_delay_drift,3,0,15,20271019,0,0,16,0,5.76385918458167,5.41374839925611,5.41394446664642,5.41394446664642,2.76385918458167,2.41374839925611,2.41394446664642,2.41394446664642,single_alias_soft_fusion,1,0.997179554267288,0,1,0.233794154098966,0,no_eligible_disagreement
uniform_64MHz,los_delay_drift,3,0,16,20271019,0,0,16,0,5.11272950161087,5.36005196485669,5.35990854820539,5.35990854820539,2.11272950161087,2.36005196485669,2.35990854820539,2.35990854820539,single_alias_soft_fusion,1,0.998401441426499,0,1,0.16702198952693,0,no_eligible_disagreement
uniform_64MHz,los_delay_drift,3,0,17,20271019,0,0,16,0,6.03747303830534,5.36919170906147,5.36956730470362,5.36956730470362,3.03747303830534,2.36919170906147,2.36956730470362,2.36956730470362,single_alias_soft_fusion,1,0.998735966345862,0,1,0.440756581172335,0,no_eligible_disagreement
uniform_64MHz,los_delay_drift,3,0,18,20271019,0,0,16,0,5.18994581330042,5.35599857451263,5.35590850875996,5.35590850875996,2.18994581330042,2.35599857451263,2.35590850875996,2.35590850875996,single_alias_soft_fusion,1,0.997418136075901,0,1,0.108999302031001,0,no_eligible_disagreement
uniform_64MHz,los_delay_drift,3,0,19,20271019,0,0,16,0,3.28539404066998,5.36173991281478,5.36058077146005,5.36058077146005,0.285394040669978,2.36173991281478,2.36058077146005,2.36058077146005,single_alias_soft_fusion,1,0.998567593116913,0,1,1.37821563273598,0,no_eligible_disagreement
uniform_64MHz,los_delay_drift,3,0,20,20271019,0,0,16,0,4.24015062692736,5.38553729371764,5.38488675569724,5.38488675569724,1.24015062692736,2.38553729371764,2.38488675569724,2.38488675569724,single_alias_soft_fusion,1,0.998697390407872,0,1,0.770119097893905,0,no_eligible_disagreement
uniform_64MHz,los_delay_drift,15,0,1,20271019,0,0,16,0,15.9143013527577,17.413149377344,17.4122733683829,17.4122733683829,0.914301352757672,2.41314937734403,2.41227336838286,2.41227336838286,single_alias_soft_fusion,1,0.999386715280095,0,1,1.0048212555564,0,no_eligible_disagreement
uniform_64MHz,los_delay_drift,15,0,2,20271019,0,0,16,0,17.2126491814474,17.3768464884017,17.3767506534374,17.3767506534374,2.21264918144739,2.37684648840174,2.37675065343736,2.37675065343736,single_alias_soft_fusion,1,0.998705639048634,0,1,0.111139512773436,0,no_eligible_disagreement
uniform_64MHz,los_delay_drift,15,0,3,20271019,0,0,16,0,15.0650306611264,17.4031837625144,17.4018061223368,17.4018061223368,0.0650306611264035,2.4031837625144,2.40180612233684,2.40180612233684,single_alias_soft_fusion,1,0.998287572696402,0,1,1.59142608040853,0,no_eligible_disagreement
uniform_64MHz,los_delay_drift,15,0,4,20271019,0,0,16,0,16.550267811153,17.3772555567639,17.3767819565346,17.3767819565346,1.55026781115296,2.37725555676386,2.37678195653458,2.37678195653458,single_alias_soft_fusion,1,0.998779990617417,0,1,0.556410001959629,0,no_eligible_disagreement
uniform_64MHz,los_delay_drift,15,0,5,20271019,0,0,16,0,16.896968569757,17.4024053452008,17.4021148221665,17.4021148221665,1.896968569757,2.40240534520084,2.40211482216651,2.40211482216651,single_alias_soft_fusion,1,0.997733647462158,0,1,0.337977747452544,0,no_eligible_disagreement
uniform_64MHz,los_delay_drift,15,0,6,20271019,0,0,16,0,17.0217262920185,17.3878595750359,17.3876549376635,17.3876549376635,2.02172629201847,2.3878595750359,2.38765493766347,2.38765493766347,single_alias_soft_fusion,1,0.997394057381903,0,1,0.242220357175692,0,no_eligible_disagreement
uniform_64MHz,los_delay_drift,15,0,7,20271019,0,0,16,0,16.7042865881723,17.393386354438,17.3929874803897,17.3929874803897,1.70428658817227,2.39338635443801,2.39298748038975,2.39298748038975,single_alias_soft_fusion,1,0.998432776591034,0,1,0.462939018479437,0,no_eligible_disagreement
uniform_64MHz,los_delay_drift,15,0,8,20271019,0,0,16,0,16.5737407461893,17.4485893763675,17.4480853989827,17.4480853989827,1.57374074618929,2.44858937636745,2.44808539898271,2.44808539898271,single_alias_soft_fusion,1,0.998170668498881,0,1,0.588396802208936,0,no_eligible_disagreement
uniform_64MHz,los_delay_drift,15,0,9,20271019,0,0,16,0,14.8566251371017,17.4325951034162,17.4311950969097,17.4311950969097,-0.143374862898298,2.43259510341621,2.43119509690973,2.43119509690973,single_alias_soft_fusion,1,0.998474686870828,0,1,1.69817873043003,0,no_eligible_disagreement
uniform_64MHz,los_delay_drift,15,0,10,20271019,0,0,16,0,18.6270623483175,17.3926665278989,17.3933587525114,17.3933587525114,3.62706234831752,2.39266652789892,2.39335875251142,2.39335875251142,single_alias_soft_fusion,1,0.998299933074239,0,1,0.818707020867664,0,no_eligible_disagreement
uniform_64MHz,los_delay_drift,15,0,11,20271019,0,0,16,0,17.6443681166803,17.3419570174213,17.3421294182635,17.3421294182635,2.64436811668028,2.34195701742135,2.34212941826347,2.34212941826347,single_alias_soft_fusion,1,0.998091152276968,0,1,0.201234643742839,0,no_eligible_disagreement
uniform_64MHz,los_delay_drift,15,0,12,20271019,0,0,16,0,17.0517117471774,17.3984810373608,17.3982863617783,17.3982863617783,2.05171174717741,2.39848103736077,2.39828636177829,2.39828636177829,single_alias_soft_fusion,1,0.997087485329867,0,1,0.230026656198092,0,no_eligible_disagreement
uniform_64MHz,los_delay_drift,15,0,13,20271019,0,0,16,0,16.4535912259427,17.3747651484696,17.3742311174717,17.3742311174717,1.45359122594275,2.37476514846961,2.37423111747167,2.37423111747167,single_alias_soft_fusion,1,0.999161014328736,0,1,0.61402336278118,0,no_eligible_disagreement
uniform_64MHz,los_delay_drift,15,0,14,20271019,0,0,16,0,14.7913159018615,17.4049930241726,17.403436739713,17.403436739713,-0.208684098138484,2.40499302417258,2.40343673971304,2.40343673971304,single_alias_soft_fusion,1,0.996900711618542,0,1,1.77825679289382,0,no_eligible_disagreement
uniform_64MHz,los_delay_drift,15,0,15,20271019,0,0,16,0,17.0806718399047,17.3410370120241,17.3408980849885,17.3408980849885,2.08067183990474,2.34103701202408,2.34089808498847,2.34089808498847,single_alias_soft_fusion,1,0.998225718453286,0,1,0.16869127312057,0,no_eligible_disagreement
uniform_64MHz,los_delay_drift,15,0,16,20271019,0,0,16,0,14.7065367232194,17.3399651345176,17.338494399616,17.338494399616,-0.293463276780553,2.33996513451761,2.33849439961596,2.33849439961596,single_alias_soft_fusion,1,0.998818250622967,0,1,1.75020446977766,0,no_eligible_disagreement
uniform_64MHz,los_delay_drift,15,0,17,20271019,0,0,16,0,17.0510942739114,17.4121698846337,17.4119683264804,17.4119683264804,2.05109427391142,2.41216988463371,2.41196832648043,2.41196832648043,single_alias_soft_fusion,1,0.998122539781221,0,1,0.241464690262135,0,no_eligible_disagreement
uniform_64MHz,los_delay_drift,15,0,18,20271019,0,0,16,0,16.9945480931071,17.4464332296065,17.4461810768658,17.4461810768658,1.99454809310705,2.44643322960649,2.44618107686575,2.44618107686575,single_alias_soft_fusion,1,0.997659707285954,0,1,0.298378828208765,0,no_eligible_disagreement
uniform_64MHz,los_delay_drift,15,0,19,20271019,0,0,16,0,13.8518280600669,17.4073935136104,17.405397308525,17.405397308525,-1.14817193993312,2.40739351361037,2.40539730852497,2.40539730852497,single_alias_soft_fusion,1,0.998580591475632,0,1,2.35652477524914,0,no_eligible_disagreement
uniform_64MHz,los_delay_drift,15,0,20,20271019,0,0,16,0,18.494696532847,17.4257832111189,17.4263900213351,17.4263900213351,3.49469653284701,2.4257832111189,2.4263900213351,2.4263900213351,single_alias_soft_fusion,1,0.999053058247427,0,1,0.720560132680018,0,no_eligible_disagreement
uniform_64MHz,los_delay_drift,3,15,1,20271019,0,0,16,0,4.73941406963583,5.3965592254577,5.39598430105484,5.39598430105484,1.73941406963583,2.3965592254577,2.39598430105484,2.39598430105484,single_alias_soft_fusion,1,0.999925772735689,0,1,2.12393634988097,0,no_eligible_disagreement
uniform_64MHz,los_delay_drift,3,15,2,20271019,0,0,16,0,4.72498468292795,5.39876124534337,5.39816849976752,5.39816849976752,1.72498468292795,2.39876124534337,2.39816849976752,2.39816849976752,single_alias_soft_fusion,1,0.999929930172864,0,1,2.18082226852873,0,no_eligible_disagreement
uniform_64MHz,los_delay_drift,3,15,3,20271019,0,0,16,0,4.53224158558158,5.39840833126713,5.39764604530178,5.39764604530178,1.53224158558158,2.39840833126713,2.39764604530178,2.39764604530178,single_alias_soft_fusion,1,0.999863310899402,0,1,2.79899812195951,0,no_eligible_disagreement
uniform_64MHz,los_delay_drift,3,15,4,20271019,0,0,16,0,4.7091684107184,5.4068734857667,5.40626748402395,5.40626748402395,1.7091684107184,2.4068734857667,2.40626748402395,2.40626748402395,single_alias_soft_fusion,1,0.999818024593394,0,1,2.24251682765087,0,no_eligible_disagreement
uniform_64MHz,los_delay_drift,3,15,5,20271019,0,0,16,0,4.74281291508083,5.40033660415876,5.39976116521699,5.39976116521699,1.74281291508083,2.40033660415876,2.39976116521699,2.39976116521699,single_alias_soft_fusion,1,0.999963833061916,0,1,2.11887667028361,0,no_eligible_disagreement
uniform_64MHz,los_delay_drift,3,15,6,20271019,0,0,16,0,4.64365204994331,5.40094255657724,5.40027750356341,5.40027750356341,1.64365204994331,2.40094255657724,2.40027750356341,2.40027750356341,single_alias_soft_fusion,1,0.999950964544408,0,1,2.45246814332045,0,no_eligible_disagreement
uniform_64MHz,los_delay_drift,3,15,7,20271019,0,0,16,0,4.64886392188923,5.40395632251908,5.40329295524747,5.40329295524747,1.64886392188923,2.40395632251908,2.40329295524747,2.40329295524747,single_alias_soft_fusion,1,0.999908576864167,0,1,2.43455539110043,0,no_eligible_disagreement
uniform_64MHz,los_delay_drift,3,15,8,20271019,0,0,16,0,4.58521363746305,5.40047693246643,5.39976106840557,5.39976106840557,1.58521363746305,2.40047693246643,2.39976106840557,2.39976106840557,single_alias_soft_fusion,1,0.999870527888781,0,1,2.6391291644424,0,no_eligible_disagreement
uniform_64MHz,los_delay_drift,3,15,9,20271019,0,0,16,0,4.84647276304844,5.40253977445687,5.40204695853668,5.40204695853668,1.84647276304844,2.40253977445687,2.40204695853668,2.40204695853668,single_alias_soft_fusion,1,0.999939589610536,0,1,1.80552436264271,0,no_eligible_disagreement
uniform_64MHz,los_delay_drift,3,15,10,20271019,0,0,16,0,4.79117914945143,5.39773925799992,5.39720504848054,5.39720504848054,1.79117914945143,2.39773925799992,2.39720504848054,2.39720504848054,single_alias_soft_fusion,1,0.999902332574347,0,1,1.95899960124908,0,no_eligible_disagreement
uniform_64MHz,los_delay_drift,3,15,11,20271019,0,0,16,0,4.87484363739836,5.40260045338666,5.40213516994901,5.40213516994901,1.87484363739836,2.40260045338666,2.40213516994901,2.40213516994901,single_alias_soft_fusion,1,0.999811265786899,0,1,1.70275759810224,0,no_eligible_disagreement
uniform_64MHz,los_delay_drift,3,15,12,20271019,0,0,16,0,4.67756132175753,5.40250641205044,5.40186165563807,5.40186165563807,1.67756132175753,2.40250641205044,2.40186165563807,2.40186165563807,single_alias_soft_fusion,1,0.99983757087448,0,1,2.35768434462268,0,no_eligible_disagreement
uniform_64MHz,los_delay_drift,3,15,13,20271019,0,0,16,0,4.88378427658672,5.39926267904716,5.39880423186851,5.39880423186851,1.88378427658672,2.39926267904716,2.39880423186851,2.39880423186851,single_alias_soft_fusion,1,0.999932071476718,0,1,1.67514439087435,0,no_eligible_disagreement
uniform_64MHz,los_delay_drift,3,15,14,20271019,0,0,16,0,4.71468768505447,5.40338079039125,5.40277601211193,5.40277601211193,1.71468768505447,2.40338079039125,2.40277601211193,2.40277601211193,single_alias_soft_fusion,1,0.999916463568001,0,1,2.22337706960143,0,no_eligible_disagreement
uniform_64MHz,los_delay_drift,3,15,15,20271019,0,0,16,0,4.8738294289485,5.40617325272415,5.40570779762461,5.40570779762461,1.8738294289485,2.40617325272415,2.40570779762461,2.40570779762461,single_alias_soft_fusion,1,0.999859936816133,0,1,1.71631680394291,0,no_eligible_disagreement
uniform_64MHz,los_delay_drift,3,15,16,20271019,0,0,16,0,4.69736771284151,5.40218199524683,5.40156101530608,5.40156101530608,1.69736771284151,2.40218199524683,2.40156101530608,2.40156101530608,single_alias_soft_fusion,1,0.999908746624242,0,1,2.28157422909303,0,no_eligible_disagreement
uniform_64MHz,los_delay_drift,3,15,17,20271019,0,0,16,0,4.76956220836178,5.40387812085845,5.40331763196724,5.40331763196724,1.76956220836178,2.40387812085845,2.40331763196724,2.40331763196724,single_alias_soft_fusion,1,0.999872252585209,0,1,2.05614577396714,0,no_eligible_disagreement
uniform_64MHz,los_delay_drift,3,15,18,20271019,0,0,16,0,4.52417550115181,5.40812547961957,5.40733876603211,5.40733876603211,1.52417550115181,2.40812547961957,2.40733876603211,2.40733876603211,single_alias_soft_fusion,1,0.99989694487117,0,1,2.86872127170633,0,no_eligible_disagreement
uniform_64MHz,los_delay_drift,3,15,19,20271019,0,0,16,0,4.89486823774253,5.39732286946842,5.39688010510935,5.39688010510935,1.89486823774253,2.39732286946842,2.39688010510935,2.39688010510935,single_alias_soft_fusion,1,0.999886931081664,0,1,1.62494100593646,0,no_eligible_disagreement
uniform_64MHz,los_delay_drift,3,15,20,20271019,0,0,16,0,5.04295784040078,5.39997235828446,5.39965912882026,5.39965912882026,2.04295784040078,2.39997235828446,2.39965912882026,2.39965912882026,single_alias_soft_fusion,1,0.999887832708257,0,1,1.15363064172582,0,no_eligible_disagreement
uniform_64MHz,los_delay_drift,15,15,1,20271019,0,0,16,0,16.7916827793505,17.4083690645376,17.4078286906603,17.4078286906603,1.79168277935046,2.40836906453761,2.40782869066026,2.40782869066026,single_alias_soft_fusion,1,0.999936357124153,0,1,1.99182900860484,0,no_eligible_disagreement
uniform_64MHz,los_delay_drift,15,15,2,20271019,0,0,16,0,16.7736570829548,17.3910575789036,17.3905108975338,17.3905108975338,1.77365708295483,2.39105757890364,2.3905108975338,2.3905108975338,single_alias_soft_fusion,1,0.99995267913558,0,1,2.00389625078873,0,no_eligible_disagreement
uniform_64MHz,los_delay_drift,15,15,3,20271019,0,0,16,0,16.9523604341675,17.3974390877952,17.3970475662057,17.3970475662057,1.95236043416752,2.39743908779524,2.39704756620575,2.39704756620575,single_alias_soft_fusion,1,0.999922514679081,0,1,1.43469159633885,0,no_eligible_disagreement
uniform_64MHz,los_delay_drift,15,15,4,20271019,0,0,16,0,16.7841497003943,17.3993034751713,17.3987624889053,17.3987624889053,1.78414970039429,2.39930347517129,2.39876248890532,2.39876248890532,single_alias_soft_fusion,1,0.99980430638212,0,1,1.98618130485678,0,no_eligible_disagreement
uniform_64MHz,los_delay_drift,15,15,5,20271019,0,0,16,0,16.7758462805309,17.3966602644957,17.3961118671613,17.3961118671613,1.77584628053093,2.39666026449568,2.39611186716133,2.39611186716133,single_alias_soft_fusion,1,0.999836015844195,0,1,2.01413553993449,0,no_eligible_disagreement
uniform_64MHz,los_delay_drift,15,15,6,20271019,0,0,16,0,16.9405405410695,17.4071474237831,17.4067346839721,17.4067346839721,1.94054054106951,2.40714742378314,2.40673468397206,2.40673468397206,single_alias_soft_fusion,1,0.99993428303348,0,1,1.51178097142374,0,no_eligible_disagreement
uniform_64MHz,los_delay_drift,15,15,7,20271019,0,0,16,0,16.6493762962687,17.4016179532356,17.4009477039358,17.4009477039358,1.64937629626866,2.40161795323556,2.40094770393585,2.40094770393585,single_alias_soft_fusion,1,0.999858658058522,0,1,2.44088191859647,0,no_eligible_disagreement
uniform_64MHz,los_delay_drift,15,15,8,20271019,0,0,16,0,16.5798509791302,17.3965442562637,17.3958244065866,17.3958244065866,1.57985097913019,2.39654425626369,2.39582440658659,2.39582440658659,single_alias_soft_fusion,1,0.999928456409641,0,1,2.63652829119509,0,no_eligible_disagreement
uniform_64MHz,los_delay_drift,15,15,9,20271019,0,0,16,0,16.8289192873814,17.3990873632566,17.3985870161536,17.3985870161536,1.82891928738137,2.39908736325658,2.39858701615363,2.39858701615363,single_alias_soft_fusion,1,0.999882268628074,0,1,1.83847813035105,0,no_eligible_disagreement
uniform_64MHz,los_delay_drift,15,15,10,20271019,0,0,16,0,16.7436709711934,17.408547527227,17.4079585869746,17.4079585869746,1.74367097119345,2.40854752722696,2.40795858697459,2.40795858697459,single_alias_soft_fusion,1,0.999942617853611,0,1,2.15678816438787,0,no_eligible_disagreement
uniform_64MHz,los_delay_drift,15,15,11,20271019,0,0,16,0,16.7936978256006,17.3978004660415,17.3972676552789,17.3972676552789,1.79369782560059,2.39780046604153,2.39726765527895,2.39726765527895,single_alias_soft_fusion,1,0.9998946508862,0,1,1.95136081676614,0,no_eligible_disagreement
uniform_64MHz,los_delay_drift,15,15,12,20271019,0,0,16,0,16.5726354995719,17.4041976186156,17.4034693670117,17.4034693670117,1.57263549957194,2.40419761861565,2.40346936701175,2.40346936701175,single_alias_soft_fusion,1,0.999828440219731,0,1,2.68764200611903,0,no_eligible_disagreement
uniform_64MHz,los_delay_drift,15,15,13,20271019,0,0,16,0,16.7925355835797,17.3883729324934,17.3878533189636,17.3878533189636,1.79253558357966,2.38837293249344,2.3878533189636,2.3878533189636,single_alias_soft_fusion,1,0.999915966234462,0,1,1.92185900685798,0,no_eligible_disagreement
uniform_64MHz,los_delay_drift,15,15,14,20271019,0,0,16,0,16.7476522607735,17.398459123501,17.3978869045213,17.3978869045213,1.7476522607735,2.39845912350105,2.3978869045213,2.3978869045213,single_alias_soft_fusion,1,0.999870085989377,0,1,2.09911283105835,0,no_eligible_disagreement
uniform_64MHz,los_delay_drift,15,15,15,20271019,0,0,16,0,16.6568751538948,17.3962021745165,17.395554321188,17.395554321188,1.6568751538948,2.3962021745165,2.395554321188,2.395554321188,single_alias_soft_fusion,1,0.999944139233838,0,1,2.38227844545232,0,no_eligible_disagreement
uniform_64MHz,los_delay_drift,15,15,16,20271019,0,0,16,0,16.938921130426,17.3965912184426,17.3961908960671,17.3961908960671,1.93892113042599,2.3965912184426,2.39619089606711,2.39619089606711,single_alias_soft_fusion,1,0.999937252289656,0,1,1.47347744466801,0,no_eligible_disagreement
uniform_64MHz,los_delay_drift,15,15,17,20271019,0,0,16,0,16.783673370466,17.4039916071152,17.4034470066734,17.4034470066734,1.78367337046601,2.40399160711515,2.40344700667337,2.40344700667337,single_alias_soft_fusion,1,0.999909136875746,0,1,2.00866822848424,0,no_eligible_disagreement
uniform_64MHz,los_delay_drift,15,15,18,20271019,0,0,16,0,16.6584045003596,17.3995937946081,17.3989433030661,17.3989433030661,1.65840450035957,2.3995937946081,2.39894330306609,2.39894330306609,single_alias_soft_fusion,1,0.999905559790435,0,1,2.39269719748599,0,no_eligible_disagreement
uniform_64MHz,los_delay_drift,15,15,19,20271019,0,0,16,0,16.9604534690122,17.4035859631632,17.4031980297765,17.4031980297765,1.96045346901223,2.40358596316318,2.40319802977653,2.40319802977653,single_alias_soft_fusion,1,0.999915779344814,0,1,1.43064121735209,0,no_eligible_disagreement
uniform_64MHz,los_delay_drift,15,15,20,20271019,0,0,16,0,16.9034708841881,17.3981100725764,17.3976763270864,17.3976763270864,1.90347088418815,2.39811007257642,2.39767632708637,2.39767632708637,single_alias_soft_fusion,1,0.999921004934589,0,1,1.59525353234813,0,no_eligible_disagreement
uniform_64MHz,los_delay_drift,3,30,1,20271019,0,0,16,0,4.82298830742226,5.3957631355848,5.3952639350383,5.3952639350383,1.82298830742226,2.3957631355848,2.3952639350383,2.3952639350383,single_alias_soft_fusion,1,0.999954049689959,0,1,2.27098665683927,0,no_eligible_disagreement
uniform_64MHz,los_delay_drift,3,30,2,20271019,0,0,16,0,4.80886141981604,5.39547796008577,5.39496653665522,5.39496653665522,1.80886141981604,2.39547796008577,2.39496653665522,2.39496653665522,single_alias_soft_fusion,1,0.999966932064249,0,1,2.32638526859199,0,no_eligible_disagreement
uniform_64MHz,los_delay_drift,3,30,3,20271019,0,0,16,0,4.82161873704623,5.39693237666441,5.39643067386285,5.39643067386285,1.82161873704623,2.39693237666441,2.39643067386285,2.39643067386285,single_alias_soft_fusion,1,0.999926447067501,0,1,2.28191370310643,0,no_eligible_disagreement
uniform_64MHz,los_delay_drift,3,30,4,20271019,0,0,16,0,4.84684335474839,5.39832283200265,5.39784227221222,5.39784227221222,1.84684335474839,2.39832283200265,2.39784227221222,2.39784227221222,single_alias_soft_fusion,1,0.999956577365881,0,1,2.18689055657565,0,no_eligible_disagreement
uniform_64MHz,los_delay_drift,3,30,5,20271019,0,0,16,0,4.79703539816302,5.40225050257162,5.40172285614624,5.40172285614624,1.79703539816302,2.40225050257162,2.40172285614624,2.40172285614624,single_alias_soft_fusion,1,0.999960290325079,0,1,2.39996811215819,0,no_eligible_disagreement
uniform_64MHz,los_delay_drift,3,30,6,20271019,0,0,16,0,4.78420909961357,5.39938701159908,5.3988508171409,5.3988508171409,1.78420909961357,2.39938701159908,2.3988508171409,2.3988508171409,single_alias_soft_fusion,1,0.999972597317109,0,1,2.43923796085707,0,no_eligible_disagreement
uniform_64MHz,los_delay_drift,3,30,7,20271019,0,0,16,0,4.8368963649868,5.398526076863,5.3980363207514,5.3980363207514,1.8368963649868,2.398526076863,2.3980363207514,2.3980363207514,single_alias_soft_fusion,1,0.999954686150274,0,1,2.22745888271984,0,no_eligible_disagreement
uniform_64MHz,los_delay_drift,3,30,8,20271019,0,0,16,0,4.81844828955232,5.39854420863987,5.39803833385743,5.39803833385743,1.81844828955232,2.39854420863987,2.39803833385743,2.39803833385743,single_alias_soft_fusion,1,0.99991324249417,0,1,2.30089699407806,0,no_eligible_disagreement
uniform_64MHz,los_delay_drift,3,30,9,20271019,0,0,16,0,4.84165108852532,5.39497707595135,5.3944948077189,5.3944948077189,1.84165108852532,2.39497707595135,2.3944948077189,2.3944948077189,single_alias_soft_fusion,1,0.999938009281418,0,1,2.19406533847572,0,no_eligible_disagreement
uniform_64MHz,los_delay_drift,3,30,10,20271019,0,0,16,0,4.81512479232617,5.39705208038626,5.39654502312102,5.39654502312102,1.81512479232617,2.39705208038626,2.39654502312102,2.39654502312102,single_alias_soft_fusion,1,0.999931598662581,0,1,2.30746221842752,0,no_eligible_disagreement
uniform_64MHz,los_delay_drift,3,30,11,20271019,0,0,16,0,4.80109046479654,5.39566707252383,5.39514922523817,5.39514922523817,1.80109046479654,2.39566707252383,2.39514922523817,2.39514922523817,single_alias_soft_fusion,1,0.999966882471547,0,1,2.35694708055335,0,no_eligible_disagreement
uniform_64MHz,los_delay_drift,3,30,12,20271019,0,0,16,0,4.82424407484718,5.3969977231109,5.39649863039424,5.39649863039424,1.82424407484718,2.3969977231109,2.39649863039424,2.39649863039424,single_alias_soft_fusion,1,0.999950881353407,0,1,2.27085802865431,0,no_eligible_disagreement
uniform_64MHz,los_delay_drift,3,30,13,20271019,0,0,16,0,4.85147601404322,5.39774952745553,5.39727342634963,5.39727342634963,1.85147601404322,2.39774952745553,2.39727342634963,2.39727342634963,single_alias_soft_fusion,1,0.999958073053302,0,1,2.16575791857695,0,no_eligible_disagreement
uniform_64MHz,los_delay_drift,3,30,14,20271019,0,0,16,0,4.77677873828039,5.39871148301367,5.39816930313694,5.39816930313694,1.77677873828039,2.39871148301367,2.39816930313694,2.39816930313694,single_alias_soft_fusion,1,0.999939391079747,0,1,2.46662504525815,0,no_eligible_disagreement
uniform_64MHz,los_delay_drift,3,30,15,20271019,0,0,16,0,4.8480358066741,5.39644753426937,5.395969441775,5.395969441775,1.8480358066741,2.39644753426937,2.395969441775,2.395969441775,single_alias_soft_fusion,1,0.999962909819535,0,1,2.1747221879763,0,no_eligible_disagreement
uniform_64MHz,los_delay_drift,3,30,16,20271019,0,0,16,0,4.84118831493544,5.39974491490833,5.39925819305745,5.39925819305745,1.84118831493544,2.39974491490833,2.39925819305745,2.39925819305745,single_alias_soft_fusion,1,0.999952759369686,0,1,2.21489838628507,0,no_eligible_disagreement
uniform_64MHz,los_delay_drift,3,30,17,20271019,0,0,16,0,4.85772523782125,5.39669943335781,5.39622952334317,5.39622952334317,1.85772523782125,2.39669943335781,2.39622952334317,2.39622952334317,single_alias_soft_fusion,1,0.999974496743982,0,1,2.13786489356212,0,no_eligible_disagreement
uniform_64MHz,los_delay_drift,3,30,18,20271019,0,0,16,0,4.85916741791779,5.39485589076796,5.39438895962161,5.39438895962161,1.85916741791779,2.39485589076796,2.39438895962161,2.39438895962161,single_alias_soft_fusion,1,0.999935316713788,0,1,2.12417415139069,0,no_eligible_disagreement
uniform_64MHz,los_delay_drift,3,30,19,20271019,0,0,16,0,4.83244032255949,5.39740493844179,5.39691257173998,5.39691257173998,1.83244032255949,2.39740493844179,2.39691257173998,2.39691257173998,single_alias_soft_fusion,1,0.999946452244737,0,1,2.24043798801167,0,no_eligible_disagreement
uniform_64MHz,los_delay_drift,3,30,20,20271019,0,0,16,0,4.85866454998385,5.39794231299052,5.39747288258169,5.39747288258169,1.85866454998385,2.39794231299052,2.39747288258169,2.39747288258169,single_alias_soft_fusion,1,0.999956767448738,0,1,2.13744423810212,0,no_eligible_disagreement
uniform_64MHz,los_delay_drift,15,30,1,20271019,0,0,16,0,16.8684767105523,17.3947233452985,17.3942648521668,17.3942648521668,1.8684767105523,2.39472334529851,2.39426485216679,2.39426485216679,single_alias_soft_fusion,1,0.999960813448706,0,1,2.08644469498144,0,no_eligible_disagreement
uniform_64MHz,los_delay_drift,15,30,2,20271019,0,0,16,0,16.8337885372618,17.3976383624881,17.3971469781536,17.3971469781536,1.83378853726176,2.39763836248808,2.3971469781536,2.3971469781536,single_alias_soft_fusion,1,0.999932068157628,0,1,2.23556479309069,0,no_eligible_disagreement
uniform_64MHz,los_delay_drift,15,30,3,20271019,0,0,16,0,16.7937105756633,17.3989556169073,17.3984281564214,17.3984281564214,1.79371057566329,2.39895561690728,2.39842815642137,2.39842815642137,single_alias_soft_fusion,1,0.99992988053728,0,1,2.40006557274622,0,no_eligible_disagreement
uniform_64MHz,los_delay_drift,15,30,4,20271019,0,0,16,0,16.886226147325,17.4006775436458,17.4002292984896,17.4002292984896,1.88622614732498,2.40067754364584,2.40022929848955,2.40022929848955,single_alias_soft_fusion,1,0.999954505432893,0,1,2.04015780857321,0,no_eligible_disagreement
uniform_64MHz,los_delay_drift,15,30,5,20271019,0,0,16,0,16.8356500061229,17.3982338843608,17.3977435457459,17.3977435457459,1.83565000612288,2.3982338843608,2.3977435457459,2.3977435457459,single_alias_soft_fusion,1,0.999966203361034,0,1,2.23096305882059,0,no_eligible_disagreement
uniform_64MHz,los_delay_drift,15,30,6,20271019,0,0,16,0,16.80480621655,17.3979808802396,17.3974637940933,17.3974637940933,1.80480621655003,2.3979808802396,2.39746379409331,2.39746379409331,single_alias_soft_fusion,1,0.999972746162206,0,1,2.35257618775156,0,no_eligible_disagreement
uniform_64MHz,los_delay_drift,15,30,7,20271019,0,0,16,0,16.8467737393194,17.4012537376744,17.4007704174152,17.4007704174152,1.84677373931944,2.40125373767435,2.40077041741519,2.40077041741519,single_alias_soft_fusion,1,0.999953624141481,0,1,2.19858704769946,0,no_eligible_disagreement
uniform_64MHz,los_delay_drift,15,30,8,20271019,0,0,16,0,16.7900240741086,17.3967812535959,17.3962524057941,17.3962524057941,1.79002407410858,2.39678125359588,2.3962524057941,2.3962524057941,single_alias_soft_fusion,1,0.999917094799599,0,1,2.40582456583744,0,no_eligible_disagreement
uniform_64MHz,los_delay_drift,15,30,9,20271019,0,0,16,0,16.822576530396,17.4000607247314,17.3995573509859,17.3995573509859,1.82257653039603,2.4000607247314,2.39955735098594,2.39955735098594,single_alias_soft_fusion,1,0.999940775218575,0,1,2.28987382903439,0,no_eligible_disagreement
uniform_64MHz,los_delay_drift,15,30,10,20271019,0,0,16,0,16.8221098004358,17.3946952985903,17.3941961575512,17.3941961575512,1.82210980043585,2.39469529859035,2.39419615755125,2.39419615755125,single_alias_soft_fusion,1,0.999940657300624,0,1,2.27047894457039,0,no_eligible_disagreement
uniform_64MHz,los_delay_drift,15,30,11,20271019,0,0,16,0,16.8423633834966,17.3995860811056,17.3991004401838,17.3991004401838,1.84236338349663,2.39958608110561,2.39910044018378,2.39910044018378,single_alias_soft_fusion,1,0.999958127539291,0,1,2.20932070453843,0,no_eligible_disagreement
uniform_64MHz,los_delay_drift,15,30,12,20271019,0,0,16,0,16.8182745079405,17.3986566580109,17.3981510007547,17.3981510007547,1.81827450794047,2.39865665801094,2.3981510007547,2.3981510007547,single_alias_soft_fusion,1,0.999922526795195,0,1,2.30079511629567,0,no_eligible_disagreement
uniform_64MHz,los_delay_drift,15,30,13,20271019,0,0,16,0,16.7571497728504,17.3990966857978,17.3985369481954,17.3985369481954,1.75714977285041,2.39909668579784,2.39853694819542,2.39853694819542,single_alias_soft_fusion,1,0.999956537336723,0,1,2.54615965455188,0,no_eligible_disagreement
uniform_64MHz,los_delay_drift,15,30,14,20271019,0,0,16,0,16.8060666931522,17.3970197834359,17.3965050907193,17.3965050907193,1.80606669315217,2.39701978343588,2.39650509071933,2.39650509071933,single_alias_soft_fusion,1,0.999975019885723,0,1,2.34294001655565,0,no_eligible_disagreement
uniform_64MHz,los_delay_drift,15,30,15,20271019,0,0,16,0,16.8114829248418,17.3966811276806,17.3961710754167,17.3961710754167,1.8114829248418,2.39668112768058,2.39617107541671,2.39617107541671,single_alias_soft_fusion,1,0.999971819065465,0,1,2.32067825855483,0,no_eligible_disagreement
uniform_64MHz,los_delay_drift,15,30,16,20271019,0,0,16,0,16.8608098889135,17.3959195591935,17.3954531103397,17.3954531103397,1.86080988891351,2.39591955919354,2.39545311033971,2.39545311033971,single_alias_soft_fusion,1,0.999945614711905,0,1,2.12142470749881,0,no_eligible_disagreement
uniform_64MHz,los_delay_drift,15,30,17,20271019,0,0,16,0,16.7925870711191,17.3991027824936,17.3985740694562,17.3985740694562,1.79258707111906,2.39910278249357,2.39857406945624,2.39857406945624,single_alias_soft_fusion,1,0.999924998020014,0,1,2.40475732541244,0,no_eligible_disagreement
uniform_64MHz,los_delay_drift,15,30,18,20271019,0,0,16,0,16.836884390006,17.3963009092826,17.395813253672,17.395813253672,1.83688439000599,2.39630090928258,2.39581325367203,2.39581325367203,single_alias_soft_fusion,1,0.999938667583825,0,1,2.21832802788914,0,no_eligible_disagreement
uniform_64MHz,los_delay_drift,15,30,19,20271019,0,0,16,0,16.8150521128838,17.3987821135847,17.3982735587241,17.3982735587241,1.81505211288381,2.39878211358468,2.39827355872414,2.39827355872414,single_alias_soft_fusion,1,0.999951317789487,0,1,2.31447923684384,0,no_eligible_disagreement
uniform_64MHz,los_delay_drift,15,30,20,20271019,0,0,16,0,16.87058413298,17.3984814211036,17.3980211410237,17.3980211410237,1.87058413297995,2.39848142110359,2.39802114102373,2.39802114102373,single_alias_soft_fusion,1,0.999936107389478,0,1,2.09379367499438,0,no_eligible_disagreement
